[{"index":1,"market_name":"遠百企業股份有限公司","zone":"北北基","city":"新北市","area":"永和區","market_address":"新北市永和區民權里民生路４６巷４６號2、\n2-1、10、22、24、28、46、50號地下１樓","品牌名稱":"","shop":"遠百企業股份有限公司永和分公司","category":"百貨美食街","id":40000033},{"index":2,"market_name":"豐東興業股份有限公司","zone":"北北基","city":"新北市","area":"永和區","market_address":"新北市永和區保安里中山路１段２３８號１－５樓、２３６號","品牌名稱":"","shop":"豐東興業股份有限公司","category":"百貨美食街","id":40000163}]