[{"index":1,"market_name":"遠東百貨股份有限公司","zone":"北北基","city":"新北市","area":"板橋區","market_address":"新北市板橋區福丘里新站路１６號１８樓","品牌名稱":"","shop":"遠東百貨股份有限公司","category":"百貨美食街","id":40000000},{"index":2,"market_name":"遠東百貨股份有限公司","zone":"北北基","city":"新北市","area":"板橋區","market_address":"新北市板橋區福丘里新站路１８及２８號","品牌名稱":"","shop":"遠東百貨股份有限公司板橋新站分公司","category":"百貨美食街","id":40000005},{"index":3,"market_name":"遠東百貨股份有限公司","zone":"北北基","city":"新北市","area":"板橋區","market_address":"新北市板橋區深丘里中山路１段１５２號１至１３樓及地下１樓","品牌名稱":"","shop":"遠東百貨股份有限公司板橋分公司","category":"百貨美食街","id":40000010},{"index":4,"market_name":"遠百企業股份有限公司","zone":"北北基","city":"新北市","area":"板橋區","market_address":"新北市板橋區華貴里貴興路１０１號","品牌名稱":"","shop":"遠百企業股份有限公司","category":"百貨美食街","id":40000017},{"index":5,"market_name":"遠百企業股份有限公司","zone":"北北基","city":"新北市","area":"板橋區","market_address":"新北市板橋區華貴里貴興路１０１號","品牌名稱":"","shop":"遠百企業股份有限公司板橋南雅分公司","category":"百貨美食街","id":40000024},{"index":6,"market_name":"誠品生活（股）","zone":"北北基","city":"新北市","area":"板橋區","market_address":"新北市板橋區中山路1段46號地下1樓及1~4樓","品牌名稱":"板橋店","shop":"板橋第一分公司","category":"百貨美食街","id":40000101},{"index":7,"market_name":"誠品生活（股）","zone":"北北基","city":"新北市","area":"板橋區","market_address":"新北市板橋區南雅南路二段21號1F","品牌名稱":"亞東醫院","shop":"誠品生活股份有限公司","category":"百貨美食街","id":40000106},{"index":8,"market_name":"誠品生活（股）","zone":"北北基","city":"新北市","area":"板橋區","market_address":"新北市板橋區縣民大道二段66號","品牌名稱":"新板店","shop":"新板分公司","category":"百貨美食街","id":40000117},{"index":9,"market_name":"麗寶百貨廣場股份有限公司","zone":"北北基","city":"新北市","area":"板橋區","market_address":"新北市板橋區新民里縣民大道２段３號８樓","品牌名稱":"","shop":"麗寶百貨廣場股份有限公司","category":"百貨美食街","id":40000150},{"index":10,"market_name":"環球購物中心股份有限公司","zone":"北北基","city":"新北市","area":"板橋區","market_address":"新北市板橋區新民里縣民大道２段７號２４樓","品牌名稱":"","shop":"環球購物中心股份有限公司板橋分公司","category":"百貨美食街","id":40000169}]