[{"index":1,"market_name":"昕境廣場股份有限公司","zone":"北北基","city":"新北市","area":"林口區","market_address":"新北市林口區南勢里文化三路一段４０２巷２號","品牌名稱":"","shop":"昕境廣場股份有限公司","category":"百貨美食街","id":40000094},{"index":2,"market_name":"誠品生活（股）","zone":"北北基","city":"新北市","area":"林口區","market_address":"新北市林口區文化三路一段356號","品牌名稱":"林口三井店","shop":"三新奧特萊斯股份有限公司","category":"百貨美食街","id":40000118},{"index":3,"market_name":"三新奧特萊斯股份有限公司","zone":"北北基","city":"新北市","area":"林口區","market_address":"新北市林口區文化三路一段356號","品牌名稱":"MITSUI OUTLET PARK 林口","shop":"三新奧特萊斯股份有限公司","category":"百貨美食街","id":40000152},{"index":4,"market_name":"環球購物中心股份有限公司","zone":"北北基","city":"新北市","area":"林口區","market_address":"新北市林口區南勢里文化三路一段２號二樓、三樓、四樓","品牌名稱":"","shop":"環球購物中心股份有限公司林口第二分公司","category":"百貨美食街","id":40000167}]