[{"index":1,"market_name":"馬林國際事業(股)公司","zone":"北北基","city":"新北市","area":"淡水區","market_address":"新北市淡水區中山路8號4-5樓","品牌名稱":"悠遊食代淡水","shop":"馬林國際事業(股)公司淡水店","category":"百貨美食街","id":40000199},{"index":2,"market_name":"美麗新實業股份有限公司","zone":"北北基","city":"新北市","area":"淡水區","market_address":"新北市淡水區義山路二段301號一樓、二樓303號一樓","品牌名稱":"","shop":"美麗新廣場","category":"百貨美食街","id":40000317}]