[{"index":1,"id":20005709,"user":"黃金城","shop":"寶山金城便當店","category":["夜市/市場攤販"],"zone":"高屏","city":"高雄市","area":"六龜區","market_name":["餐食攤販"],"market_address":"高雄市六龜區文武里光復路２５５號","pay_list":"","pay_tool":"","行業代號":null,"行業代號1":null,"名稱1":null,"行業代號2":null,"名稱2":null,"行業代號3":null,"名稱3":null},{"index":2,"id":20022362,"user":"潘有善","shop":"溫湶頭","category":["夜市/市場攤販","餐飲"],"zone":"高屏","city":"高雄市","area":"六龜區","market_name":["餐食攤販","菸酒零售","溫泉湯屋","調理飲料攤販"],"market_address":"高雄市六龜區寶來里新寶７之３號","pay_list":"","pay_tool":"","行業代號":null,"行業代號1":null,"名稱1":null,"行業代號2":null,"名稱2":null,"行業代號3":null,"名稱3":null},{"index":3,"id":20045840,"user":"劉月娥","shop":"華成飯店","category":["夜市/市場攤販","餐飲"],"zone":"高屏","city":"高雄市","area":"六龜區","market_name":["餐食攤販","調理飲料攤販"],"market_address":"高雄市六龜區寶來里１鄰中正路２６號","pay_list":"","pay_tool":"","行業代號":null,"行業代號1":null,"名稱1":null,"行業代號2":null,"名稱2":null,"行業代號3":null,"名稱3":null},{"index":4,"id":20045841,"user":"陳金鳳","shop":"富林漢堡","category":["夜市/市場攤販","餐飲"],"zone":"高屏","city":"高雄市","area":"六龜區","market_name":["餐食攤販","調理飲料攤販"],"market_address":"高雄市六龜區寶來里中正路１３７－１號","pay_list":"","pay_tool":"","行業代號":null,"行業代號1":null,"名稱1":null,"行業代號2":null,"名稱2":null,"行業代號3":null,"名稱3":null},{"index":5,"id":20046332,"user":"陳志強","shop":"藤枝將烤全豬","category":["夜市/市場攤販"],"zone":"高屏","city":"高雄市","area":"六龜區","market_name":["餐食攤販"],"market_address":"高雄市六龜區中興里中庄２０２之１５號","pay_list":"","pay_tool":"","行業代號":null,"行業代號1":null,"名稱1":null,"行業代號2":null,"名稱2":null,"行業代號3":null,"名稱3":null},{"index":6,"id":60122901,"user":"楊智雄","shop":"寶來山海產飯店","category":["餐飲","夜市/市場攤販"],"zone":"高屏","city":"高雄市","area":"六龜區","market_name":["調理飲料攤販","餐食攤販"],"market_address":"高雄市六龜區寶來里中正路５９號","pay_list":null,"pay_tool":null,"行業代號":"561200","行業代號1":"563200","名稱1":"調理飲料攤販","行業代號2":"","名稱2":"","行業代號3":"","名稱3":""}]