[{"index":1,"shop":"興達港邱記食品社","zone":"高屏","city":"高雄市","area":"茄萣區","market_address":"高雄市茄萣區崎漏里０３０鄰建業街１３７號１樓","user":"邱子榕","行業代號":null,"market_name":["餐食攤販"],"行業代號1":null,"名稱1":null,"行業代號2":null,"名稱2":null,"行業代號3":null,"名稱3":null,"category":["夜市/市場攤販"],"id":20050317,"pay_list":"","pay_tool":""},{"index":2,"shop":"鄉下少年雞餐館","zone":"高屏","city":"高雄市","area":"茄萣區","market_address":"高雄市茄萣區崎漏里０３３鄰建興街３號１樓","user":"黃頂勛","行業代號":"561200","market_name":["餐食攤販"],"行業代號1":"","名稱1":"","行業代號2":"","名稱2":"","行業代號3":"","名稱3":"","category":["夜市/市場攤販"],"id":60119320,"pay_list":null,"pay_tool":null},{"index":3,"shop":"大發脆皮桶仔雞","zone":"高屏","city":"高雄市","area":"茄萣區","market_address":"高雄市茄萣區嘉賜里濱海路三段１３１－１５號","user":"邱耀仁","行業代號":"561200","market_name":["餐食攤販"],"行業代號1":"","名稱1":"","行業代號2":"","名稱2":"","行業代號3":"","名稱3":"","category":["夜市/市場攤販"],"id":60122792,"pay_list":null,"pay_tool":null}]