[{"index":1,"id":30012870,"category":"夜市小吃/市場","city":"新北市","area":"八里區","market_name":"下庄公有零售市場","market_address":"新北市八里區舊城路19號","shop":"下庄公有零售市場 羊肉成","pay_list":["台灣 PAY"],"zone":"北北基","user":"吳志成","pay_tool":["行動支付"]},{"index":2,"id":30012878,"category":"夜市小吃/市場","city":"新北市","area":"八里區","market_name":"下庄公有零售市場","market_address":"新北市八里區舊城路19號","shop":"下庄公有零售市場 領鮮親親菜菜","pay_list":["台灣 PAY"],"zone":"北北基","user":"莊新煉","pay_tool":["行動支付"]},{"index":3,"id":30012883,"category":"夜市小吃/市場","city":"新北市","area":"八里區","market_name":"下庄公有零售市場","market_address":"新北市八里區舊城路19號","shop":"下庄公有零售市場 大胖海產","pay_list":["台灣 PAY"],"zone":"北北基","user":"林建生","pay_tool":["行動支付"]},{"index":4,"id":30012888,"category":"夜市小吃/市場","city":"新北市","area":"八里區","market_name":"下庄公有零售市場","market_address":"新北市八里區舊城路19號","shop":"下庄公有零售市場 觀音山生鮮雞肉","pay_list":["台灣 PAY"],"zone":"北北基","user":"盧雅靖","pay_tool":["行動支付"]},{"index":5,"id":30012894,"category":"夜市小吃/市場","city":"新北市","area":"八里區","market_name":"下庄公有零售市場","market_address":"新北市八里區舊城路19號","shop":"下庄公有零售市場 兆銘蔬果行","pay_list":["台灣 PAY"],"zone":"北北基","user":"謝威任","pay_tool":["行動支付"]}]