[{"index":1,"id":20005434,"user":"郭添錫","shop":"阿芳小吃店","category":["夜市/市場攤販"],"zone":"高屏","city":"高雄市","area":"大社區","market_name":["餐食攤販"],"market_address":"高雄市大社區三奶里三民路３３３號１樓","pay_list":"","pay_tool":"","行業代號":null,"行業代號1":null,"名稱1":null,"行業代號2":null,"名稱2":null,"行業代號3":null,"名稱3":null},{"index":2,"id":20005571,"user":"林清旺","shop":"蔥抓餅","category":["夜市/市場攤販"],"zone":"高屏","city":"高雄市","area":"大社區","market_name":["餐食攤販"],"market_address":"高雄市大社區神農里金龍路１１８號前路邊","pay_list":"","pay_tool":"","行業代號":null,"行業代號1":null,"名稱1":null,"行業代號2":null,"名稱2":null,"行業代號3":null,"名稱3":null},{"index":3,"id":20006106,"user":"楊道良","shop":"素食麵店","category":["夜市/市場攤販"],"zone":"高屏","city":"高雄市","area":"大社區","market_name":["餐食攤販"],"market_address":"高雄市大社區大社里４鄰大社路２－１號１樓","pay_list":"","pay_tool":"","行業代號":null,"行業代號1":null,"名稱1":null,"行業代號2":null,"名稱2":null,"行業代號3":null,"名稱3":null},{"index":4,"id":20006111,"user":"潘溪原","shop":"麵食小吃","category":["夜市/市場攤販"],"zone":"高屏","city":"高雄市","area":"大社區","market_name":["餐食攤販"],"market_address":"高雄市大社區神農里金龍路６１－５號","pay_list":"","pay_tool":"","行業代號":null,"行業代號1":null,"名稱1":null,"行業代號2":null,"名稱2":null,"行業代號3":null,"名稱3":null},{"index":5,"id":20006176,"user":"陳素霞","shop":"大吉綠清涼冷飲","category":["夜市/市場攤販"],"zone":"高屏","city":"高雄市","area":"大社區","market_name":["調理飲料攤販"],"market_address":"高雄市大社區保安里大吉路３６８號騎樓","pay_list":"","pay_tool":"","行業代號":null,"行業代號1":null,"名稱1":null,"行業代號2":null,"名稱2":null,"行業代號3":null,"名稱3":null},{"index":6,"id":20006219,"user":"陳秋梅","shop":"翠屏早餐店","category":["夜市/市場攤販"],"zone":"高屏","city":"高雄市","area":"大社區","market_name":["餐食攤販"],"market_address":"高雄市大社區翠屏里翠屏路１６３號","pay_list":"","pay_tool":"","行業代號":null,"行業代號1":null,"名稱1":null,"行業代號2":null,"名稱2":null,"行業代號3":null,"名稱3":null},{"index":7,"id":20006268,"user":"苗立中","shop":"秝榞商行","category":["夜市/市場攤販"],"zone":"高屏","city":"高雄市","area":"大社區","market_name":["餐食攤販"],"market_address":"高雄市大社區三奶里三民路５３５－１號騎樓","pay_list":"","pay_tool":"","行業代號":null,"行業代號1":null,"名稱1":null,"行業代號2":null,"名稱2":null,"行業代號3":null,"名稱3":null},{"index":8,"id":20006363,"user":"郭志憲","shop":"臭豆腐","category":["夜市/市場攤販"],"zone":"高屏","city":"高雄市","area":"大社區","market_name":["餐食攤販"],"market_address":"高雄市大社區觀音里三民路２７９號旁空地","pay_list":"","pay_tool":"","行業代號":null,"行業代號1":null,"名稱1":null,"行業代號2":null,"名稱2":null,"行業代號3":null,"名稱3":null},{"index":9,"id":20006388,"user":"謝桂香","shop":"青草茶","category":["夜市/市場攤販"],"zone":"高屏","city":"高雄市","area":"大社區","market_name":["調理飲料攤販"],"market_address":"高雄市大社區中里里三民路１０６號騎樓","pay_list":"","pay_tool":"","行業代號":null,"行業代號1":null,"名稱1":null,"行業代號2":null,"名稱2":null,"行業代號3":null,"名稱3":null},{"index":10,"id":20015887,"user":"鍾媺蕓","shop":"家家褔炸雞","category":["夜市/市場攤販"],"zone":"高屏","city":"高雄市","area":"大社區","market_name":["餐食攤販"],"market_address":"高雄市大社區大社里三民路３２８號前","pay_list":"","pay_tool":"","行業代號":null,"行業代號1":null,"名稱1":null,"行業代號2":null,"名稱2":null,"行業代號3":null,"名稱3":null},{"index":11,"id":20022218,"user":"蘇李寶琴","shop":"珍地香鹽酥雞","category":["夜市/市場攤販"],"zone":"高屏","city":"高雄市","area":"大社區","market_name":["餐食攤販"],"market_address":"高雄市大社區翠屏里中山路３５６號","pay_list":"","pay_tool":"","行業代號":null,"行業代號1":null,"名稱1":null,"行業代號2":null,"名稱2":null,"行業代號3":null,"名稱3":null},{"index":12,"id":20022219,"user":"余金在","shop":"台灣第一家鹽酥雞","category":["夜市/市場攤販"],"zone":"高屏","city":"高雄市","area":"大社區","market_name":["餐食攤販"],"market_address":"高雄市大社區翠屏里中山路４０８－１號旁","pay_list":"","pay_tool":"","行業代號":null,"行業代號1":null,"名稱1":null,"行業代號2":null,"名稱2":null,"行業代號3":null,"名稱3":null},{"index":13,"id":20022220,"user":"李春嬌","shop":"好口味蚵仔煎","category":["夜市/市場攤販"],"zone":"高屏","city":"高雄市","area":"大社區","market_name":["餐食攤販"],"market_address":"高雄市大社區翠屏里中山路３６４號右邊","pay_list":"","pay_tool":"","行業代號":null,"行業代號1":null,"名稱1":null,"行業代號2":null,"名稱2":null,"行業代號3":null,"名稱3":null},{"index":14,"id":20035237,"user":"黃秀憶","shop":"吳家紅茶冰","category":["夜市/市場攤販"],"zone":"高屏","city":"高雄市","area":"大社區","market_name":["調理飲料攤販"],"market_address":"高雄市大社區中山路４０８－１號","pay_list":"","pay_tool":"","行業代號":null,"行業代號1":null,"名稱1":null,"行業代號2":null,"名稱2":null,"行業代號3":null,"名稱3":null},{"index":15,"id":20062242,"user":"聶智誠","shop":"茶憩煮休閒憩茶棧","category":["夜市/市場攤販"],"zone":"高屏","city":"高雄市","area":"大社區","market_name":["餐食攤販"],"market_address":"高雄市大社區翠屏里中山路４０８號之６","pay_list":"","pay_tool":"","行業代號":null,"行業代號1":null,"名稱1":null,"行業代號2":null,"名稱2":null,"行業代號3":null,"名稱3":null},{"index":16,"id":60026313,"user":"梁瀛方","shop":"品味紅麵線商行大社營業處","category":["夜市/市場攤販"],"zone":"高屏","city":"高雄市","area":"大社區","market_name":["餐食攤販"],"market_address":"高雄市大社區中正路８７－３號（前面）","pay_list":null,"pay_tool":null,"行業代號":"561200","行業代號1":"","名稱1":"","行業代號2":"","名稱2":"","行業代號3":"","名稱3":""},{"index":17,"id":60038343,"user":"許博富","shop":"家美膳小吃店","category":["夜市/市場攤販"],"zone":"高屏","city":"高雄市","area":"大社區","market_name":["視聽中心","餐食攤販"],"market_address":"高雄市大社區神農里中山路４１０－１號","pay_list":null,"pay_tool":null,"行業代號":"561200","行業代號1":"932212","名稱1":"視聽中心","行業代號2":"","名稱2":"","行業代號3":"","名稱3":""},{"index":18,"id":60038994,"user":"林玉蘭","shop":"佑福素食店","category":["夜市/市場攤販"],"zone":"高屏","city":"高雄市","area":"大社區","market_name":["餐食攤販"],"market_address":"高雄市大社區大社里２１鄰三民路４６２號１樓","pay_list":null,"pay_tool":null,"行業代號":"561200","行業代號1":"","名稱1":"","行業代號2":"","名稱2":"","行業代號3":"","名稱3":""},{"index":19,"id":60038995,"user":"胡秀華","shop":"妙嬅素食火鍋店","category":["夜市/市場攤販"],"zone":"高屏","city":"高雄市","area":"大社區","market_name":["餐食攤販"],"market_address":"高雄市大社區大社里中山路１０２號１樓","pay_list":null,"pay_tool":null,"行業代號":"561200","行業代號1":"","名稱1":"","行業代號2":"","名稱2":"","行業代號3":"","名稱3":""},{"index":20,"id":60044818,"user":"劉濠源","shop":"品客香雞排","category":["夜市/市場攤販"],"zone":"高屏","city":"高雄市","area":"大社區","market_name":["餐食攤販"],"market_address":"高雄市大社區觀音里中華路９―１號","pay_list":null,"pay_tool":null,"行業代號":"561200","行業代號1":"","名稱1":"","行業代號2":"","名稱2":"","行業代號3":"","名稱3":""},{"index":21,"id":60053881,"user":"王素靜","shop":"合豐早午餐美食","category":["餐飲","夜市/市場攤販"],"zone":"高屏","city":"高雄市","area":"大社區","market_name":["早餐店","餐食攤販"],"market_address":"高雄市大社區神農里金龍路４２－４號１樓","pay_list":null,"pay_tool":null,"行業代號":"561111","行業代號1":"561200","名稱1":"餐食攤販","行業代號2":"","名稱2":"","行業代號3":"","名稱3":""},{"index":22,"id":60107696,"user":"梁瀛方","shop":"品味紅麵線商行","category":["夜市/市場攤販"],"zone":"高屏","city":"高雄市","area":"大社區","market_name":["餐食攤販"],"market_address":"高雄市大社區大社里學府路２１０巷２弄１２號３樓","pay_list":null,"pay_tool":null,"行業代號":"561200","行業代號1":"","名稱1":"","行業代號2":"","名稱2":"","行業代號3":"","名稱3":""}]