[{"index":1,"id":30039946,"category":"夜市小吃/市場","city":"彰化縣","area":"花壇鄉","market_name":"花壇鄉公有零售市場","market_address":"彰化縣花壇鄉花壇村中正路341號","shop":"花壇鄉公有零售市場 13","pay_list":["台灣 PAY"],"zone":"中彰投","user":"陳春木","pay_tool":["行動支付"]},{"index":2,"id":30039963,"category":"夜市小吃/市場","city":"彰化縣","area":"花壇鄉","market_name":"花壇鄉公有零售市場","market_address":"彰化縣花壇鄉花壇村中正路341號","shop":"花壇鄉公有零售市場 29","pay_list":["台灣 PAY"],"zone":"中彰投","user":"黃朝禾","pay_tool":["行動支付"]},{"index":3,"id":30039993,"category":"夜市小吃/市場","city":"彰化縣","area":"花壇鄉","market_name":"花壇鄉公有零售市場","market_address":"彰化縣花壇鄉花壇村中正路341號","shop":"花壇鄉公有零售市場 56","pay_list":["台灣 PAY"],"zone":"中彰投","user":"黃錢堆","pay_tool":["行動支付"]},{"index":4,"id":30039996,"category":"夜市小吃/市場","city":"彰化縣","area":"花壇鄉","market_name":"花壇鄉公有零售市場","market_address":"彰化縣花壇鄉花壇村中正路341號","shop":"花壇鄉公有零售市場 59","pay_list":["台灣 PAY"],"zone":"中彰投","user":"陳舒茹","pay_tool":["行動支付"]},{"index":5,"id":30040003,"category":"夜市小吃/市場","city":"彰化縣","area":"花壇鄉","market_name":"花壇鄉公有零售市場","market_address":"彰化縣花壇鄉花壇村中正路341號","shop":"花壇鄉公有零售市場 65","pay_list":["台灣 PAY"],"zone":"中彰投","user":"潘巧薰","pay_tool":["行動支付"]}]