[{"index":1,"city":"澎湖縣","area":"白沙鄉","market_name":"赤崁攤販集中場","market_address":"澎湖縣白沙鄉赤崁村大赤崁35-7號","shop":"赤崁攤販集中場-第1號攤位","user":"張雅芳","zone":"金馬離島","id":70000000,"category":"夜市/市場攤販"},{"index":2,"city":"澎湖縣","area":"白沙鄉","market_name":"赤崁攤販集中場","market_address":"澎湖縣白沙鄉赤崁村大赤崁35-7號","shop":"赤崁攤販集中場-第3號攤位","user":"黃淑華","zone":"金馬離島","id":70000001,"category":"夜市/市場攤販"},{"index":3,"city":"澎湖縣","area":"白沙鄉","market_name":"赤崁攤販集中場","market_address":"澎湖縣白沙鄉赤崁村大赤崁35-7號","shop":"赤崁攤販集中場-第5號攤位","user":"涂金珠","zone":"金馬離島","id":70000002,"category":"夜市/市場攤販"},{"index":4,"city":"澎湖縣","area":"白沙鄉","market_name":"赤崁攤販集中場","market_address":"澎湖縣白沙鄉赤崁村大赤崁35-7號","shop":"赤崁攤販集中場-第6號攤位","user":"張國泰","zone":"金馬離島","id":70000003,"category":"夜市/市場攤販"},{"index":5,"city":"澎湖縣","area":"白沙鄉","market_name":"赤崁攤販集中場","market_address":"澎湖縣白沙鄉赤崁村大赤崁35-7號","shop":"赤崁攤販集中場-第7號攤位","user":"阮式青花","zone":"金馬離島","id":70000004,"category":"夜市/市場攤販"},{"index":6,"city":"澎湖縣","area":"白沙鄉","market_name":"赤崁攤販集中場","market_address":"澎湖縣白沙鄉赤崁村大赤崁35-7號","shop":"赤崁攤販集中場-第9號攤位","user":"陳麗心","zone":"金馬離島","id":70000005,"category":"夜市/市場攤販"}]