[{"index":1,"id":10016803,"user":"簡宏校","shop":"中興新村光明市場-雜貨","category":"夜市/市場攤販","zone":"中彰投","city":"南投縣","area":"南投市","market_name":"中興新村光明市場","market_address":"南投縣南投市光明一路60號","pay_list":"","pay_tool":"","行業代號":null,"行業代號1":null,"名稱1":null,"行業代號2":null,"名稱2":null,"行業代號3":null,"名稱3":null},{"index":2,"id":10016814,"user":"簡彩露","shop":"中興新村光明市場-文具","category":"夜市/市場攤販","zone":"中彰投","city":"南投縣","area":"南投市","market_name":"中興新村光明市場","market_address":"南投縣南投市光明一路60號","pay_list":"","pay_tool":"","行業代號":null,"行業代號1":null,"名稱1":null,"行業代號2":null,"名稱2":null,"行業代號3":null,"名稱3":null},{"index":3,"id":10016826,"user":"沈香蘭","shop":"中興新村光明市場-電器","category":"夜市/市場攤販","zone":"中彰投","city":"南投縣","area":"南投市","market_name":"中興新村光明市場","market_address":"南投縣南投市光明一路60號","pay_list":"","pay_tool":"","行業代號":null,"行業代號1":null,"名稱1":null,"行業代號2":null,"名稱2":null,"行業代號3":null,"名稱3":null},{"index":4,"id":10016837,"user":"黃慈燦","shop":"中興新村光明市場-小吃","category":"夜市/市場攤販","zone":"中彰投","city":"南投縣","area":"南投市","market_name":"中興新村光明市場","market_address":"南投縣南投市光明一路60號","pay_list":"","pay_tool":"","行業代號":null,"行業代號1":null,"名稱1":null,"行業代號2":null,"名稱2":null,"行業代號3":null,"名稱3":null},{"index":5,"id":10016848,"user":"張麗昭","shop":"中興新村光明市場-服飾","category":"夜市/市場攤販","zone":"中彰投","city":"南投縣","area":"南投市","market_name":"中興新村光明市場","market_address":"南投縣南投市光明一路60號","pay_list":"","pay_tool":"","行業代號":null,"行業代號1":null,"名稱1":null,"行業代號2":null,"名稱2":null,"行業代號3":null,"名稱3":null},{"index":6,"id":10016859,"user":"徐秀琳","shop":"中興新村光明市場-燙髮","category":"夜市/市場攤販","zone":"中彰投","city":"南投縣","area":"南投市","market_name":"中興新村光明市場","market_address":"南投縣南投市光明一路60號","pay_list":"","pay_tool":"","行業代號":null,"行業代號1":null,"名稱1":null,"行業代號2":null,"名稱2":null,"行業代號3":null,"名稱3":null},{"index":7,"id":10016870,"user":"黃海源","shop":"中興新村光明市場-小吃","category":"夜市/市場攤販","zone":"中彰投","city":"南投縣","area":"南投市","market_name":"中興新村光明市場","market_address":"南投縣南投市光明一路60號","pay_list":"","pay_tool":"","行業代號":null,"行業代號1":null,"名稱1":null,"行業代號2":null,"名稱2":null,"行業代號3":null,"名稱3":null},{"index":8,"id":10016881,"user":"何振芳","shop":"中興新村光明市場-小吃","category":"夜市/市場攤販","zone":"中彰投","city":"南投縣","area":"南投市","market_name":"中興新村光明市場","market_address":"南投縣南投市光明一路60號","pay_list":"","pay_tool":"","行業代號":null,"行業代號1":null,"名稱1":null,"行業代號2":null,"名稱2":null,"行業代號3":null,"名稱3":null},{"index":9,"id":10016892,"user":"周少開","shop":"中興新村光明市場-麵食","category":"夜市/市場攤販","zone":"中彰投","city":"南投縣","area":"南投市","market_name":"中興新村光明市場","market_address":"南投縣南投市光明一路60號","pay_list":"","pay_tool":"","行業代號":null,"行業代號1":null,"名稱1":null,"行業代號2":null,"名稱2":null,"行業代號3":null,"名稱3":null},{"index":10,"id":10016903,"user":"黃希谷","shop":"中興新村光明市場-早點","category":"夜市/市場攤販","zone":"中彰投","city":"南投縣","area":"南投市","market_name":"中興新村光明市場","market_address":"南投縣南投市光明一路60號","pay_list":"","pay_tool":"","行業代號":null,"行業代號1":null,"名稱1":null,"行業代號2":null,"名稱2":null,"行業代號3":null,"名稱3":null},{"index":11,"id":10016914,"user":"黃希谷","shop":"中興新村光明市場-早點","category":"夜市/市場攤販","zone":"中彰投","city":"南投縣","area":"南投市","market_name":"中興新村光明市場","market_address":"南投縣南投市光明一路60號","pay_list":"","pay_tool":"","行業代號":null,"行業代號1":null,"名稱1":null,"行業代號2":null,"名稱2":null,"行業代號3":null,"名稱3":null},{"index":12,"id":10016925,"user":"林瑞彬","shop":"中興新村光明市場-麵食","category":"夜市/市場攤販","zone":"中彰投","city":"南投縣","area":"南投市","market_name":"中興新村光明市場","market_address":"南投縣南投市光明一路60號","pay_list":"","pay_tool":"","行業代號":null,"行業代號1":null,"名稱1":null,"行業代號2":null,"名稱2":null,"行業代號3":null,"名稱3":null},{"index":13,"id":10016937,"user":"林瑞彬","shop":"中興新村光明市場-麵食","category":"夜市/市場攤販","zone":"中彰投","city":"南投縣","area":"南投市","market_name":"中興新村光明市場","market_address":"南投縣南投市光明一路60號","pay_list":"","pay_tool":"","行業代號":null,"行業代號1":null,"名稱1":null,"行業代號2":null,"名稱2":null,"行業代號3":null,"名稱3":null},{"index":14,"id":10016948,"user":"劉明憲","shop":"中興新村光明市場-咖啡","category":"夜市/市場攤販","zone":"中彰投","city":"南投縣","area":"南投市","market_name":"中興新村光明市場","market_address":"南投縣南投市光明一路60號","pay_list":"","pay_tool":"","行業代號":null,"行業代號1":null,"名稱1":null,"行業代號2":null,"名稱2":null,"行業代號3":null,"名稱3":null},{"index":15,"id":10016959,"user":"簡彩露","shop":"中興新村光明市場-蔬果攤","category":"夜市/市場攤販","zone":"中彰投","city":"南投縣","area":"南投市","market_name":"中興新村光明市場","market_address":"南投縣南投市光明一路60號","pay_list":"","pay_tool":"","行業代號":null,"行業代號1":null,"名稱1":null,"行業代號2":null,"名稱2":null,"行業代號3":null,"名稱3":null},{"index":16,"id":10016970,"user":"徐世光","shop":"中興新村光明市場-小吃","category":"夜市/市場攤販","zone":"中彰投","city":"南投縣","area":"南投市","market_name":"中興新村光明市場","market_address":"南投縣南投市光明一路60號","pay_list":"","pay_tool":"","行業代號":null,"行業代號1":null,"名稱1":null,"行業代號2":null,"名稱2":null,"行業代號3":null,"名稱3":null},{"index":17,"id":10016981,"user":"袁秀梅","shop":"中興新村光明市場-肉圓","category":"夜市/市場攤販","zone":"中彰投","city":"南投縣","area":"南投市","market_name":"中興新村光明市場","market_address":"南投縣南投市光明一路60號","pay_list":"","pay_tool":"","行業代號":null,"行業代號1":null,"名稱1":null,"行業代號2":null,"名稱2":null,"行業代號3":null,"名稱3":null},{"index":18,"id":10016992,"user":"簡麗娟","shop":"中興新村光明市場-碗糕","category":"夜市/市場攤販","zone":"中彰投","city":"南投縣","area":"南投市","market_name":"中興新村光明市場","market_address":"南投縣南投市光明一路60號","pay_list":"","pay_tool":"","行業代號":null,"行業代號1":null,"名稱1":null,"行業代號2":null,"名稱2":null,"行業代號3":null,"名稱3":null},{"index":19,"id":10017003,"user":"曾進銘","shop":"中興新村光明市場-小吃","category":"夜市/市場攤販","zone":"中彰投","city":"南投縣","area":"南投市","market_name":"中興新村光明市場","market_address":"南投縣南投市光明一路60號","pay_list":"","pay_tool":"","行業代號":null,"行業代號1":null,"名稱1":null,"行業代號2":null,"名稱2":null,"行業代號3":null,"名稱3":null},{"index":20,"id":10017014,"user":"楊盛汯","shop":"中興新村光明市場-魚","category":"夜市/市場攤販","zone":"中彰投","city":"南投縣","area":"南投市","market_name":"中興新村光明市場","market_address":"南投縣南投市光明一路60號","pay_list":"","pay_tool":"","行業代號":null,"行業代號1":null,"名稱1":null,"行業代號2":null,"名稱2":null,"行業代號3":null,"名稱3":null},{"index":21,"id":10017025,"user":"白詹綢","shop":"中興新村光明市場-魚","category":"夜市/市場攤販","zone":"中彰投","city":"南投縣","area":"南投市","market_name":"中興新村光明市場","market_address":"南投縣南投市光明一路60號","pay_list":"","pay_tool":"","行業代號":null,"行業代號1":null,"名稱1":null,"行業代號2":null,"名稱2":null,"行業代號3":null,"名稱3":null},{"index":22,"id":10017036,"user":"林慧琦","shop":"中興新村光明市場-小吃","category":"夜市/市場攤販","zone":"中彰投","city":"南投縣","area":"南投市","market_name":"中興新村光明市場","market_address":"南投縣南投市光明一路60號","pay_list":"","pay_tool":"","行業代號":null,"行業代號1":null,"名稱1":null,"行業代號2":null,"名稱2":null,"行業代號3":null,"名稱3":null},{"index":23,"id":10017048,"user":"簡文樑","shop":"中興新村光明市場-豬肉","category":"夜市/市場攤販","zone":"中彰投","city":"南投縣","area":"南投市","market_name":"中興新村光明市場","market_address":"南投縣南投市光明一路60號","pay_list":"","pay_tool":"","行業代號":null,"行業代號1":null,"名稱1":null,"行業代號2":null,"名稱2":null,"行業代號3":null,"名稱3":null},{"index":24,"id":10017059,"user":"鞠文中","shop":"中興新村光明市場-快餐","category":"夜市/市場攤販","zone":"中彰投","city":"南投縣","area":"南投市","market_name":"中興新村光明市場","market_address":"南投縣南投市光明一路60號","pay_list":"","pay_tool":"","行業代號":null,"行業代號1":null,"名稱1":null,"行業代號2":null,"名稱2":null,"行業代號3":null,"名稱3":null},{"index":25,"id":10017070,"user":"黃月珠","shop":"中興新村第一市場-水餃","category":"夜市/市場攤販","zone":"中彰投","city":"南投縣","area":"南投市","market_name":"中興新村第一市場","market_address":"南投縣南投市光華二路13號","pay_list":"","pay_tool":"","行業代號":null,"行業代號1":null,"名稱1":null,"行業代號2":null,"名稱2":null,"行業代號3":null,"名稱3":null},{"index":26,"id":10017081,"user":"洪長裕","shop":"中興新村第一市場-森裕肉品","category":"夜市/市場攤販","zone":"中彰投","city":"南投縣","area":"南投市","market_name":"中興新村第一市場","market_address":"南投縣南投市光華二路13號","pay_list":"","pay_tool":"","行業代號":null,"行業代號1":null,"名稱1":null,"行業代號2":null,"名稱2":null,"行業代號3":null,"名稱3":null},{"index":27,"id":10017092,"user":"戴秋慧","shop":"中興新村第一市場-早餐","category":"夜市/市場攤販","zone":"中彰投","city":"南投縣","area":"南投市","market_name":"中興新村第一市場","market_address":"南投縣南投市光華二路13號","pay_list":"","pay_tool":"","行業代號":null,"行業代號1":null,"名稱1":null,"行業代號2":null,"名稱2":null,"行業代號3":null,"名稱3":null},{"index":28,"id":10017103,"user":"林中山","shop":"中興新村第一市場-早餐","category":"夜市/市場攤販","zone":"中彰投","city":"南投縣","area":"南投市","market_name":"中興新村第一市場","market_address":"南投縣南投市光華二路13號","pay_list":"","pay_tool":"","行業代號":null,"行業代號1":null,"名稱1":null,"行業代號2":null,"名稱2":null,"行業代號3":null,"名稱3":null},{"index":29,"id":10017114,"user":"李清溪","shop":"中興新村第一市場-阿溪牛肉攤","category":"夜市/市場攤販","zone":"中彰投","city":"南投縣","area":"南投市","market_name":"中興新村第一市場","market_address":"南投縣南投市光華二路13號","pay_list":"","pay_tool":"","行業代號":null,"行業代號1":null,"名稱1":null,"行業代號2":null,"名稱2":null,"行業代號3":null,"名稱3":null},{"index":30,"id":10017125,"user":"洪玉秀","shop":"中興新村第一市場-阿玉豬肉攤","category":"夜市/市場攤販","zone":"中彰投","city":"南投縣","area":"南投市","market_name":"中興新村第一市場","market_address":"南投縣南投市光華二路13號","pay_list":"","pay_tool":"","行業代號":null,"行業代號1":null,"名稱1":null,"行業代號2":null,"名稱2":null,"行業代號3":null,"名稱3":null},{"index":31,"id":10017136,"user":"邱淑雯","shop":"中興新村第一市場-海鮮","category":"夜市/市場攤販","zone":"中彰投","city":"南投縣","area":"南投市","market_name":"中興新村第一市場","market_address":"南投縣南投市光華二路13號","pay_list":"","pay_tool":"","行業代號":null,"行業代號1":null,"名稱1":null,"行業代號2":null,"名稱2":null,"行業代號3":null,"名稱3":null},{"index":32,"id":10017147,"user":"林佩誼","shop":"中興新村第一市場-豬肉攤","category":"夜市/市場攤販","zone":"中彰投","city":"南投縣","area":"南投市","market_name":"中興新村第一市場","market_address":"南投縣南投市光華二路13號","pay_list":"","pay_tool":"","行業代號":null,"行業代號1":null,"名稱1":null,"行業代號2":null,"名稱2":null,"行業代號3":null,"名稱3":null},{"index":33,"id":10017159,"user":"許金菊","shop":"中興新村第一市場-阿菊海鮮","category":"夜市/市場攤販","zone":"中彰投","city":"南投縣","area":"南投市","market_name":"中興新村第一市場","market_address":"南投縣南投市光華二路13號","pay_list":"","pay_tool":"","行業代號":null,"行業代號1":null,"名稱1":null,"行業代號2":null,"名稱2":null,"行業代號3":null,"名稱3":null},{"index":34,"id":10017170,"user":"詹穎叡","shop":"中興新村第一市場-小吃","category":"夜市/市場攤販","zone":"中彰投","city":"南投縣","area":"南投市","market_name":"中興新村第一市場","market_address":"南投縣南投市光華二路13號","pay_list":"","pay_tool":"","行業代號":null,"行業代號1":null,"名稱1":null,"行業代號2":null,"名稱2":null,"行業代號3":null,"名稱3":null},{"index":35,"id":10017181,"user":"吳麗韻","shop":"中興新村第一市場-幼齒雞肉攤","category":"夜市/市場攤販","zone":"中彰投","city":"南投縣","area":"南投市","market_name":"中興新村第一市場","market_address":"南投縣南投市光華二路13號","pay_list":"","pay_tool":"","行業代號":null,"行業代號1":null,"名稱1":null,"行業代號2":null,"名稱2":null,"行業代號3":null,"名稱3":null},{"index":36,"id":10017192,"user":"黃信中","shop":"中興新村第一市場-熟食","category":"夜市/市場攤販","zone":"中彰投","city":"南投縣","area":"南投市","market_name":"中興新村第一市場","market_address":"南投縣南投市光華二路13號","pay_list":"","pay_tool":"","行業代號":null,"行業代號1":null,"名稱1":null,"行業代號2":null,"名稱2":null,"行業代號3":null,"名稱3":null},{"index":37,"id":10017203,"user":"張燕鈺","shop":"中興新村第一市場-燕鈺蔬菜店","category":"夜市/市場攤販","zone":"中彰投","city":"南投縣","area":"南投市","market_name":"中興新村第一市場","market_address":"南投縣南投市光華二路13號","pay_list":"","pay_tool":"","行業代號":null,"行業代號1":null,"名稱1":null,"行業代號2":null,"名稱2":null,"行業代號3":null,"名稱3":null},{"index":38,"id":10017214,"user":"楊時","shop":"中興新村第一市場-楊時蔬菜店","category":"夜市/市場攤販","zone":"中彰投","city":"南投縣","area":"南投市","market_name":"中興新村第一市場","market_address":"南投縣南投市光華二路13號","pay_list":"","pay_tool":"","行業代號":null,"行業代號1":null,"名稱1":null,"行業代號2":null,"名稱2":null,"行業代號3":null,"名稱3":null},{"index":39,"id":10017225,"user":"林錦玉","shop":"中興新村第一市場-錦玉蔬菜店","category":"夜市/市場攤販","zone":"中彰投","city":"南投縣","area":"南投市","market_name":"中興新村第一市場","market_address":"南投縣南投市光華二路13號","pay_list":"","pay_tool":"","行業代號":null,"行業代號1":null,"名稱1":null,"行業代號2":null,"名稱2":null,"行業代號3":null,"名稱3":null},{"index":40,"id":10017236,"user":"吳玉珍","shop":"中興新村第一市場-甘蔗雞","category":"夜市/市場攤販","zone":"中彰投","city":"南投縣","area":"南投市","market_name":"中興新村第一市場","market_address":"南投縣南投市光華二路13號","pay_list":"","pay_tool":"","行業代號":null,"行業代號1":null,"名稱1":null,"行業代號2":null,"名稱2":null,"行業代號3":null,"名稱3":null},{"index":41,"id":10017247,"user":"陳美臻","shop":"中興新村第一市場-木瓜鳳梨","category":"夜市/市場攤販","zone":"中彰投","city":"南投縣","area":"南投市","market_name":"中興新村第一市場","market_address":"南投縣南投市光華二路13號","pay_list":"","pay_tool":"","行業代號":null,"行業代號1":null,"名稱1":null,"行業代號2":null,"名稱2":null,"行業代號3":null,"名稱3":null},{"index":42,"id":10017258,"user":"胡  瑾","shop":"中興新村第一市場-素食滷味","category":"夜市/市場攤販","zone":"中彰投","city":"南投縣","area":"南投市","market_name":"中興新村第一市場","market_address":"南投縣南投市光華二路13號","pay_list":"","pay_tool":"","行業代號":null,"行業代號1":null,"名稱1":null,"行業代號2":null,"名稱2":null,"行業代號3":null,"名稱3":null},{"index":43,"id":10017270,"user":"詹曉菁","shop":"中興新村第一市場-曉菁麵攤","category":"夜市/市場攤販","zone":"中彰投","city":"南投縣","area":"南投市","market_name":"中興新村第一市場","market_address":"南投縣南投市光華二路13號","pay_list":"","pay_tool":"","行業代號":null,"行業代號1":null,"名稱1":null,"行業代號2":null,"名稱2":null,"行業代號3":null,"名稱3":null},{"index":44,"id":10017281,"user":"林森竹","shop":"中興新村第一市場-手工、豆腐、豆干","category":"夜市/市場攤販","zone":"中彰投","city":"南投縣","area":"南投市","market_name":"中興新村第一市場","market_address":"南投縣南投市光華二路13號","pay_list":"","pay_tool":"","行業代號":null,"行業代號1":null,"名稱1":null,"行業代號2":null,"名稱2":null,"行業代號3":null,"名稱3":null},{"index":45,"id":10017292,"user":"潘宜碧","shop":"中興新村第一市場-蘿蔔糕","category":"夜市/市場攤販","zone":"中彰投","city":"南投縣","area":"南投市","market_name":"中興新村第一市場","market_address":"南投縣南投市光華二路13號","pay_list":"","pay_tool":"","行業代號":null,"行業代號1":null,"名稱1":null,"行業代號2":null,"名稱2":null,"行業代號3":null,"名稱3":null},{"index":46,"id":10017303,"user":"洪瑋勝","shop":"中興新村第一市場-蔬菜","category":"夜市/市場攤販","zone":"中彰投","city":"南投縣","area":"南投市","market_name":"中興新村第一市場","market_address":"南投縣南投市光華二路13號","pay_list":"","pay_tool":"","行業代號":null,"行業代號1":null,"名稱1":null,"行業代號2":null,"名稱2":null,"行業代號3":null,"名稱3":null},{"index":47,"id":10017314,"user":"李秀琴","shop":"中興新村第一市場-秀琴水餃餛飩","category":"夜市/市場攤販","zone":"中彰投","city":"南投縣","area":"南投市","market_name":"中興新村第一市場","market_address":"南投縣南投市光華二路13號","pay_list":"","pay_tool":"","行業代號":null,"行業代號1":null,"名稱1":null,"行業代號2":null,"名稱2":null,"行業代號3":null,"名稱3":null},{"index":48,"id":10017325,"user":"曾美香","shop":"中興新村第一市場-香香烘焙坊","category":"夜市/市場攤販","zone":"中彰投","city":"南投縣","area":"南投市","market_name":"中興新村第一市場","market_address":"南投縣南投市光華二路13號","pay_list":"","pay_tool":"","行業代號":null,"行業代號1":null,"名稱1":null,"行業代號2":null,"名稱2":null,"行業代號3":null,"名稱3":null},{"index":49,"id":10017336,"user":"許阿淑","shop":"中興新村第一市場-阿淑蔬菜攤","category":"夜市/市場攤販","zone":"中彰投","city":"南投縣","area":"南投市","market_name":"中興新村第一市場","market_address":"南投縣南投市光華二路13號","pay_list":"","pay_tool":"","行業代號":null,"行業代號1":null,"名稱1":null,"行業代號2":null,"名稱2":null,"行業代號3":null,"名稱3":null},{"index":50,"id":10017347,"user":"曾耀宗","shop":"中興新村第一市場-香菇","category":"夜市/市場攤販","zone":"中彰投","city":"南投縣","area":"南投市","market_name":"中興新村第一市場","market_address":"南投縣南投市光華二路13號","pay_list":"","pay_tool":"","行業代號":null,"行業代號1":null,"名稱1":null,"行業代號2":null,"名稱2":null,"行業代號3":null,"名稱3":null},{"index":51,"id":10017358,"user":"陳茂榮","shop":"中興新村第一市場-榮哥鮮魚大賣場","category":"夜市/市場攤販","zone":"中彰投","city":"南投縣","area":"南投市","market_name":"中興新村第一市場","market_address":"南投縣南投市光華二路13號","pay_list":"","pay_tool":"","行業代號":null,"行業代號1":null,"名稱1":null,"行業代號2":null,"名稱2":null,"行業代號3":null,"名稱3":null},{"index":52,"id":10017369,"user":"甘偉壁","shop":"中興新村第一市場-水果","category":"夜市/市場攤販","zone":"中彰投","city":"南投縣","area":"南投市","market_name":"中興新村第一市場","market_address":"南投縣南投市光華二路13號","pay_list":"","pay_tool":"","行業代號":null,"行業代號1":null,"名稱1":null,"行業代號2":null,"名稱2":null,"行業代號3":null,"名稱3":null},{"index":53,"id":10017381,"user":"廖貴蘭","shop":"中興新村第一市場-水果","category":"夜市/市場攤販","zone":"中彰投","city":"南投縣","area":"南投市","market_name":"中興新村第一市場","market_address":"南投縣南投市光華二路13號","pay_list":"","pay_tool":"","行業代號":null,"行業代號1":null,"名稱1":null,"行業代號2":null,"名稱2":null,"行業代號3":null,"名稱3":null},{"index":54,"id":10017392,"user":"陳品全","shop":"中興新村第一市場-老山羊素食麵","category":"夜市/市場攤販","zone":"中彰投","city":"南投縣","area":"南投市","market_name":"中興新村第一市場","market_address":"南投縣南投市光華二路13號","pay_list":"","pay_tool":"","行業代號":null,"行業代號1":null,"名稱1":null,"行業代號2":null,"名稱2":null,"行業代號3":null,"名稱3":null},{"index":55,"id":10017403,"user":"陳品全","shop":"中興新村第一市場-老山羊素食麵","category":"夜市/市場攤販","zone":"中彰投","city":"南投縣","area":"南投市","market_name":"中興新村第一市場","market_address":"南投縣南投市光華二路13號","pay_list":"","pay_tool":"","行業代號":null,"行業代號1":null,"名稱1":null,"行業代號2":null,"名稱2":null,"行業代號3":null,"名稱3":null},{"index":56,"id":10017414,"user":"廖偉宏","shop":"中興新村第一市場-水果","category":"夜市/市場攤販","zone":"中彰投","city":"南投縣","area":"南投市","market_name":"中興新村第一市場","market_address":"南投縣南投市光華二路13號","pay_list":"","pay_tool":"","行業代號":null,"行業代號1":null,"名稱1":null,"行業代號2":null,"名稱2":null,"行業代號3":null,"名稱3":null},{"index":57,"id":10017425,"user":"黃梅婷","shop":"中興新村第一市場-服飾","category":"夜市/市場攤販","zone":"中彰投","city":"南投縣","area":"南投市","market_name":"中興新村第一市場","market_address":"南投縣南投市光華二路13號","pay_list":"","pay_tool":"","行業代號":null,"行業代號1":null,"名稱1":null,"行業代號2":null,"名稱2":null,"行業代號3":null,"名稱3":null},{"index":58,"id":10017436,"user":"莊璧妃","shop":"中興新村第一市場-蛤蠣","category":"夜市/市場攤販","zone":"中彰投","city":"南投縣","area":"南投市","market_name":"中興新村第一市場","market_address":"南投縣南投市光華二路13號","pay_list":"","pay_tool":"","行業代號":null,"行業代號1":null,"名稱1":null,"行業代號2":null,"名稱2":null,"行業代號3":null,"名稱3":null},{"index":59,"id":10017447,"user":"林國富","shop":"中興新村第一市場-芭樂","category":"夜市/市場攤販","zone":"中彰投","city":"南投縣","area":"南投市","market_name":"中興新村第一市場","market_address":"南投縣南投市光華二路13號","pay_list":"","pay_tool":"","行業代號":null,"行業代號1":null,"名稱1":null,"行業代號2":null,"名稱2":null,"行業代號3":null,"名稱3":null},{"index":60,"id":10017458,"user":"曾牡丹","shop":"中興新村第一市場-青菜","category":"夜市/市場攤販","zone":"中彰投","city":"南投縣","area":"南投市","market_name":"中興新村第一市場","market_address":"南投縣南投市光華二路13號","pay_list":"","pay_tool":"","行業代號":null,"行業代號1":null,"名稱1":null,"行業代號2":null,"名稱2":null,"行業代號3":null,"名稱3":null},{"index":61,"id":10017469,"user":"梁玉笑","shop":"中興新村第一市場-水果","category":"夜市/市場攤販","zone":"中彰投","city":"南投縣","area":"南投市","market_name":"中興新村第一市場","market_address":"南投縣南投市光華二路13號","pay_list":"","pay_tool":"","行業代號":null,"行業代號1":null,"名稱1":null,"行業代號2":null,"名稱2":null,"行業代號3":null,"名稱3":null},{"index":62,"id":10017480,"user":"洪儷榕","shop":"中興新村第一市場-粿粽","category":"夜市/市場攤販","zone":"中彰投","city":"南投縣","area":"南投市","market_name":"中興新村第一市場","market_address":"南投縣南投市光華二路13號","pay_list":"","pay_tool":"","行業代號":null,"行業代號1":null,"名稱1":null,"行業代號2":null,"名稱2":null,"行業代號3":null,"名稱3":null},{"index":63,"id":10017493,"user":"王志成","shop":"中興新村第一市場-農產品","category":"夜市/市場攤販","zone":"中彰投","city":"南投縣","area":"南投市","market_name":"中興新村第一市場","market_address":"南投縣南投市光華二路13號","pay_list":"","pay_tool":"","行業代號":null,"行業代號1":null,"名稱1":null,"行業代號2":null,"名稱2":null,"行業代號3":null,"名稱3":null},{"index":64,"id":10017504,"user":"蕭乃維","shop":"中興新村第一市場-農產品","category":"夜市/市場攤販","zone":"中彰投","city":"南投縣","area":"南投市","market_name":"中興新村第一市場","market_address":"南投縣南投市光華二路13號","pay_list":"","pay_tool":"","行業代號":null,"行業代號1":null,"名稱1":null,"行業代號2":null,"名稱2":null,"行業代號3":null,"名稱3":null},{"index":65,"id":10017515,"user":"蔡張麗嬌","shop":"中興新村第一市場-木瓜","category":"夜市/市場攤販","zone":"中彰投","city":"南投縣","area":"南投市","market_name":"中興新村第一市場","market_address":"南投縣南投市光華二路13號","pay_list":"","pay_tool":"","行業代號":null,"行業代號1":null,"名稱1":null,"行業代號2":null,"名稱2":null,"行業代號3":null,"名稱3":null},{"index":66,"id":10017526,"user":"林淑譓","shop":"中興新村第一市場-芭樂","category":"夜市/市場攤販","zone":"中彰投","city":"南投縣","area":"南投市","market_name":"中興新村第一市場","market_address":"南投縣南投市光華二路13號","pay_list":"","pay_tool":"","行業代號":null,"行業代號1":null,"名稱1":null,"行業代號2":null,"名稱2":null,"行業代號3":null,"名稱3":null},{"index":67,"id":10017537,"user":"林明德","shop":"中興新村第一市場-蔬菜","category":"夜市/市場攤販","zone":"中彰投","city":"南投縣","area":"南投市","market_name":"中興新村第一市場","market_address":"南投縣南投市光華二路13號","pay_list":"","pay_tool":"","行業代號":null,"行業代號1":null,"名稱1":null,"行業代號2":null,"名稱2":null,"行業代號3":null,"名稱3":null},{"index":68,"id":10017548,"user":"謝慧敏","shop":"中興新村第一市場-蔬菜","category":"夜市/市場攤販","zone":"中彰投","city":"南投縣","area":"南投市","market_name":"中興新村第一市場","market_address":"南投縣南投市光華二路13號","pay_list":"","pay_tool":"","行業代號":null,"行業代號1":null,"名稱1":null,"行業代號2":null,"名稱2":null,"行業代號3":null,"名稱3":null},{"index":69,"id":10017559,"user":"阮怡甄","shop":"中興新村第一市場-蔬菜","category":"夜市/市場攤販","zone":"中彰投","city":"南投縣","area":"南投市","market_name":"中興新村第一市場","market_address":"南投縣南投市光華二路13號","pay_list":"","pay_tool":"","行業代號":null,"行業代號1":null,"名稱1":null,"行業代號2":null,"名稱2":null,"行業代號3":null,"名稱3":null},{"index":70,"id":10017570,"user":"許陳孃","shop":"中興新村第一市場-水果","category":"夜市/市場攤販","zone":"中彰投","city":"南投縣","area":"南投市","market_name":"中興新村第一市場","market_address":"南投縣南投市光華二路13號","pay_list":"","pay_tool":"","行業代號":null,"行業代號1":null,"名稱1":null,"行業代號2":null,"名稱2":null,"行業代號3":null,"名稱3":null},{"index":71,"id":10017581,"user":"林玉雪","shop":"中興新村第一市場-珠寶","category":"夜市/市場攤販","zone":"中彰投","city":"南投縣","area":"南投市","market_name":"中興新村第一市場","market_address":"南投縣南投市光華二路13號","pay_list":"","pay_tool":"","行業代號":null,"行業代號1":null,"名稱1":null,"行業代號2":null,"名稱2":null,"行業代號3":null,"名稱3":null},{"index":72,"id":10017592,"user":"溫月春","shop":"中興新村第一市場-水果","category":"夜市/市場攤販","zone":"中彰投","city":"南投縣","area":"南投市","market_name":"中興新村第一市場","market_address":"南投縣南投市光華二路13號","pay_list":"","pay_tool":"","行業代號":null,"行業代號1":null,"名稱1":null,"行業代號2":null,"名稱2":null,"行業代號3":null,"名稱3":null},{"index":73,"id":10017604,"user":"曾麗華","shop":"中興新村第一市場-蔬菜","category":"夜市/市場攤販","zone":"中彰投","city":"南投縣","area":"南投市","market_name":"中興新村第一市場","market_address":"南投縣南投市光華二路13號","pay_list":"","pay_tool":"","行業代號":null,"行業代號1":null,"名稱1":null,"行業代號2":null,"名稱2":null,"行業代號3":null,"名稱3":null},{"index":74,"id":10017615,"user":"黃郁珺","shop":"中興新村第一市場-服飾","category":"夜市/市場攤販","zone":"中彰投","city":"南投縣","area":"南投市","market_name":"中興新村第一市場","market_address":"南投縣南投市光華二路13號","pay_list":"","pay_tool":"","行業代號":null,"行業代號1":null,"名稱1":null,"行業代號2":null,"名稱2":null,"行業代號3":null,"名稱3":null},{"index":75,"id":10017626,"user":"簡玉玲","shop":"中興新村第一市場-服飾","category":"夜市/市場攤販","zone":"中彰投","city":"南投縣","area":"南投市","market_name":"中興新村第一市場","market_address":"南投縣南投市光華二路13號","pay_list":"","pay_tool":"","行業代號":null,"行業代號1":null,"名稱1":null,"行業代號2":null,"名稱2":null,"行業代號3":null,"名稱3":null},{"index":76,"id":10017637,"user":"張良仁","shop":"中興新村第一市場-賣花","category":"夜市/市場攤販","zone":"中彰投","city":"南投縣","area":"南投市","market_name":"中興新村第一市場","market_address":"南投縣南投市光華二路13號","pay_list":"","pay_tool":"","行業代號":null,"行業代號1":null,"名稱1":null,"行業代號2":null,"名稱2":null,"行業代號3":null,"名稱3":null},{"index":77,"id":10017648,"user":"蔡寬池","shop":"中興新村第一市場-中藥","category":"夜市/市場攤販","zone":"中彰投","city":"南投縣","area":"南投市","market_name":"中興新村第一市場","market_address":"南投縣南投市光華二路13號","pay_list":"","pay_tool":"","行業代號":null,"行業代號1":null,"名稱1":null,"行業代號2":null,"名稱2":null,"行業代號3":null,"名稱3":null},{"index":78,"id":10017659,"user":"莊玉婚","shop":"中興新村第一市場-帽子","category":"夜市/市場攤販","zone":"中彰投","city":"南投縣","area":"南投市","market_name":"中興新村第一市場","market_address":"南投縣南投市光華二路13號","pay_list":"","pay_tool":"","行業代號":null,"行業代號1":null,"名稱1":null,"行業代號2":null,"名稱2":null,"行業代號3":null,"名稱3":null},{"index":79,"id":10017670,"user":"黃程發","shop":"中興新村第一市場-蔬菜","category":"夜市/市場攤販","zone":"中彰投","city":"南投縣","area":"南投市","market_name":"中興新村第一市場","market_address":"南投縣南投市光華二路13號","pay_list":"","pay_tool":"","行業代號":null,"行業代號1":null,"名稱1":null,"行業代號2":null,"名稱2":null,"行業代號3":null,"名稱3":null},{"index":80,"id":10017681,"user":"李碧品","shop":"中興新村第一市場-蔬菜","category":"夜市/市場攤販","zone":"中彰投","city":"南投縣","area":"南投市","market_name":"中興新村第一市場","market_address":"南投縣南投市光華二路13號","pay_list":"","pay_tool":"","行業代號":null,"行業代號1":null,"名稱1":null,"行業代號2":null,"名稱2":null,"行業代號3":null,"名稱3":null},{"index":81,"id":10017692,"user":"洪琇蕙","shop":"中興新村第一市場-麵","category":"夜市/市場攤販","zone":"中彰投","city":"南投縣","area":"南投市","market_name":"中興新村第一市場","market_address":"南投縣南投市光華二路13號","pay_list":"","pay_tool":"","行業代號":null,"行業代號1":null,"名稱1":null,"行業代號2":null,"名稱2":null,"行業代號3":null,"名稱3":null},{"index":82,"id":10017703,"user":"廖緞藝","shop":"中興新村第一市場-一之軒茶行","category":"夜市/市場攤販","zone":"中彰投","city":"南投縣","area":"南投市","market_name":"中興新村第一市場","market_address":"南投縣南投市光華二路13號","pay_list":"","pay_tool":"","行業代號":null,"行業代號1":null,"名稱1":null,"行業代號2":null,"名稱2":null,"行業代號3":null,"名稱3":null},{"index":83,"id":10017715,"user":"廖偉宏","shop":"中興新村第一市場-水果","category":"夜市/市場攤販","zone":"中彰投","city":"南投縣","area":"南投市","market_name":"中興新村第一市場","market_address":"南投縣南投市光華二路13號","pay_list":"","pay_tool":"","行業代號":null,"行業代號1":null,"名稱1":null,"行業代號2":null,"名稱2":null,"行業代號3":null,"名稱3":null},{"index":84,"id":10017726,"user":"何亮恩","shop":"中興新村第一市場-早點","category":"夜市/市場攤販","zone":"中彰投","city":"南投縣","area":"南投市","market_name":"中興新村第一市場","market_address":"南投縣南投市光華二路13號","pay_list":"","pay_tool":"","行業代號":null,"行業代號1":null,"名稱1":null,"行業代號2":null,"名稱2":null,"行業代號3":null,"名稱3":null},{"index":85,"id":10017737,"user":"沈筱梅","shop":"中興新村第一市場-麵","category":"夜市/市場攤販","zone":"中彰投","city":"南投縣","area":"南投市","market_name":"中興新村第一市場","market_address":"南投縣南投市光華二路13號","pay_list":"","pay_tool":"","行業代號":null,"行業代號1":null,"名稱1":null,"行業代號2":null,"名稱2":null,"行業代號3":null,"名稱3":null},{"index":86,"id":10017748,"user":"黃陳彩雲","shop":"中興新村第一市場-智明號服飾","category":"夜市/市場攤販","zone":"中彰投","city":"南投縣","area":"南投市","market_name":"中興新村第一市場","market_address":"南投縣南投市光華二路13號","pay_list":"","pay_tool":"","行業代號":null,"行業代號1":null,"名稱1":null,"行業代號2":null,"名稱2":null,"行業代號3":null,"名稱3":null},{"index":87,"id":10017759,"user":"邱玉燕","shop":"中興新村第一市場-雜貨","category":"夜市/市場攤販","zone":"中彰投","city":"南投縣","area":"南投市","market_name":"中興新村第一市場","market_address":"南投縣南投市光華二路13號","pay_list":"","pay_tool":"","行業代號":null,"行業代號1":null,"名稱1":null,"行業代號2":null,"名稱2":null,"行業代號3":null,"名稱3":null},{"index":88,"id":10017770,"user":"謝璧瑜","shop":"中興新村第一市場-推拿","category":"夜市/市場攤販","zone":"中彰投","city":"南投縣","area":"南投市","market_name":"中興新村第一市場","market_address":"南投縣南投市光華二路13號","pay_list":"","pay_tool":"","行業代號":null,"行業代號1":null,"名稱1":null,"行業代號2":null,"名稱2":null,"行業代號3":null,"名稱3":null},{"index":89,"id":10017781,"user":"王淑美","shop":"中興新村第一市場-冬冬的店","category":"夜市/市場攤販","zone":"中彰投","city":"南投縣","area":"南投市","market_name":"中興新村第一市場","market_address":"南投縣南投市光華二路13號","pay_list":["台灣 PAY"],"pay_tool":["行動支付"],"行業代號":null,"行業代號1":null,"名稱1":null,"行業代號2":null,"名稱2":null,"行業代號3":null,"名稱3":null},{"index":90,"id":10017792,"user":"張碧玲","shop":"中興新村第一市場-碧玲精品服飾","category":"夜市/市場攤販","zone":"中彰投","city":"南投縣","area":"南投市","market_name":"中興新村第一市場","market_address":"南投縣南投市光華二路13號","pay_list":"","pay_tool":"","行業代號":null,"行業代號1":null,"名稱1":null,"行業代號2":null,"名稱2":null,"行業代號3":null,"名稱3":null},{"index":91,"id":10017803,"user":"張明珠","shop":"中興新村第一市場-麵包","category":"夜市/市場攤販","zone":"中彰投","city":"南投縣","area":"南投市","market_name":"中興新村第一市場","market_address":"南投縣南投市光華二路13號","pay_list":"","pay_tool":"","行業代號":null,"行業代號1":null,"名稱1":null,"行業代號2":null,"名稱2":null,"行業代號3":null,"名稱3":null},{"index":92,"id":10017814,"user":"汪海保","shop":"中興新村第一市場-海光超購","category":"夜市/市場攤販","zone":"中彰投","city":"南投縣","area":"南投市","market_name":"中興新村第一市場","market_address":"南投縣南投市光華二路13號","pay_list":"","pay_tool":"","行業代號":null,"行業代號1":null,"名稱1":null,"行業代號2":null,"名稱2":null,"行業代號3":null,"名稱3":null},{"index":93,"id":10017826,"user":"陳萬守","shop":"中興新村第一市場-電氣","category":"夜市/市場攤販","zone":"中彰投","city":"南投縣","area":"南投市","market_name":"中興新村第一市場","market_address":"南投縣南投市光華二路13號","pay_list":"","pay_tool":"","行業代號":null,"行業代號1":null,"名稱1":null,"行業代號2":null,"名稱2":null,"行業代號3":null,"名稱3":null},{"index":94,"id":10017837,"user":"曹維哲","shop":"中興新村第一市場-水電行","category":"夜市/市場攤販","zone":"中彰投","city":"南投縣","area":"南投市","market_name":"中興新村第一市場","market_address":"南投縣南投市光華二路13號","pay_list":"","pay_tool":"","行業代號":null,"行業代號1":null,"名稱1":null,"行業代號2":null,"名稱2":null,"行業代號3":null,"名稱3":null},{"index":95,"id":10017848,"user":"林秀","shop":"中興新村第一市場-西服行","category":"夜市/市場攤販","zone":"中彰投","city":"南投縣","area":"南投市","market_name":"中興新村第一市場","market_address":"南投縣南投市光華二路13號","pay_list":"","pay_tool":"","行業代號":null,"行業代號1":null,"名稱1":null,"行業代號2":null,"名稱2":null,"行業代號3":null,"名稱3":null},{"index":96,"id":10017859,"user":"柯建榮","shop":"中興新村第一市場-悅心理髮","category":"夜市/市場攤販","zone":"中彰投","city":"南投縣","area":"南投市","market_name":"中興新村第一市場","market_address":"南投縣南投市光華二路13號","pay_list":"","pay_tool":"","行業代號":null,"行業代號1":null,"名稱1":null,"行業代號2":null,"名稱2":null,"行業代號3":null,"名稱3":null},{"index":97,"id":10017870,"user":"邱瑞智","shop":"中興新村第一市場-雜貨","category":"夜市/市場攤販","zone":"中彰投","city":"南投縣","area":"南投市","market_name":"中興新村第一市場","market_address":"南投縣南投市光華二路13號","pay_list":"","pay_tool":"","行業代號":null,"行業代號1":null,"名稱1":null,"行業代號2":null,"名稱2":null,"行業代號3":null,"名稱3":null},{"index":98,"id":10017881,"user":"鄭玉燕","shop":"中興新村第一市場-飾品行","category":"夜市/市場攤販","zone":"中彰投","city":"南投縣","area":"南投市","market_name":"中興新村第一市場","market_address":"南投縣南投市光華二路13號","pay_list":"","pay_tool":"","行業代號":null,"行業代號1":null,"名稱1":null,"行業代號2":null,"名稱2":null,"行業代號3":null,"名稱3":null},{"index":99,"id":10017892,"user":"楊世鑫","shop":"中興新村第一市場-服飾","category":"夜市/市場攤販","zone":"中彰投","city":"南投縣","area":"南投市","market_name":"中興新村第一市場","market_address":"南投縣南投市光華二路13號","pay_list":"","pay_tool":"","行業代號":null,"行業代號1":null,"名稱1":null,"行業代號2":null,"名稱2":null,"行業代號3":null,"名稱3":null},{"index":100,"id":10017903,"user":"李泉先","shop":"中興新村第一市場-服飾","category":"夜市/市場攤販","zone":"中彰投","city":"南投縣","area":"南投市","market_name":"中興新村第一市場","market_address":"南投縣南投市光華二路13號","pay_list":"","pay_tool":"","行業代號":null,"行業代號1":null,"名稱1":null,"行業代號2":null,"名稱2":null,"行業代號3":null,"名稱3":null},{"index":101,"id":10017914,"user":"戴秋慧","shop":"中興新村第一市場-小吃店","category":"夜市/市場攤販","zone":"中彰投","city":"南投縣","area":"南投市","market_name":"中興新村第一市場","market_address":"南投縣南投市光華二路13號","pay_list":"","pay_tool":"","行業代號":null,"行業代號1":null,"名稱1":null,"行業代號2":null,"名稱2":null,"行業代號3":null,"名稱3":null},{"index":102,"id":10017925,"user":"陳張娟娟","shop":"中興新村第一市場-西藥房","category":"夜市/市場攤販","zone":"中彰投","city":"南投縣","area":"南投市","market_name":"中興新村第一市場","market_address":"南投縣南投市光華二路13號","pay_list":"","pay_tool":"","行業代號":null,"行業代號1":null,"名稱1":null,"行業代號2":null,"名稱2":null,"行業代號3":null,"名稱3":null},{"index":103,"id":10017937,"user":"李秋桂","shop":"中興新村第一市場-麵食","category":"夜市/市場攤販","zone":"中彰投","city":"南投縣","area":"南投市","market_name":"中興新村第一市場","market_address":"南投縣南投市光華二路13號","pay_list":"","pay_tool":"","行業代號":null,"行業代號1":null,"名稱1":null,"行業代號2":null,"名稱2":null,"行業代號3":null,"名稱3":null},{"index":104,"id":10017948,"user":"尤如敏","shop":"中興新村第一市場-新村食堂","category":"夜市/市場攤販","zone":"中彰投","city":"南投縣","area":"南投市","market_name":"中興新村第一市場","market_address":"南投縣南投市光華二路13號","pay_list":"","pay_tool":"","行業代號":null,"行業代號1":null,"名稱1":null,"行業代號2":null,"名稱2":null,"行業代號3":null,"名稱3":null},{"index":105,"id":10017959,"user":"劉添丸","shop":"中興新村第一市場-修錶刻印","category":"夜市/市場攤販","zone":"中彰投","city":"南投縣","area":"南投市","market_name":"中興新村第一市場","market_address":"南投縣南投市光華二路13號","pay_list":"","pay_tool":"","行業代號":null,"行業代號1":null,"名稱1":null,"行業代號2":null,"名稱2":null,"行業代號3":null,"名稱3":null},{"index":106,"id":10017970,"user":"史祝賢","shop":"中興新村第一市場-雜貨","category":"夜市/市場攤販","zone":"中彰投","city":"南投縣","area":"南投市","market_name":"中興新村第一市場","market_address":"南投縣南投市光華二路13號","pay_list":"","pay_tool":"","行業代號":null,"行業代號1":null,"名稱1":null,"行業代號2":null,"名稱2":null,"行業代號3":null,"名稱3":null},{"index":107,"id":10017981,"user":"洪春","shop":"中興新村第一市場-鐘錶刻印鎖匙","category":"夜市/市場攤販","zone":"中彰投","city":"南投縣","area":"南投市","market_name":"中興新村第一市場","market_address":"南投縣南投市光華二路13號","pay_list":"","pay_tool":"","行業代號":null,"行業代號1":null,"名稱1":null,"行業代號2":null,"名稱2":null,"行業代號3":null,"名稱3":null},{"index":108,"id":10017992,"user":"羅貴香","shop":"中興新村第一市場-雜貨水果","category":"夜市/市場攤販","zone":"中彰投","city":"南投縣","area":"南投市","market_name":"中興新村第一市場","market_address":"南投縣南投市光華二路13號","pay_list":"","pay_tool":"","行業代號":null,"行業代號1":null,"名稱1":null,"行業代號2":null,"名稱2":null,"行業代號3":null,"名稱3":null},{"index":109,"id":10018003,"user":"陳秀英","shop":"中興新村第一市場-小吃店","category":"夜市/市場攤販","zone":"中彰投","city":"南投縣","area":"南投市","market_name":"中興新村第一市場","market_address":"南投縣南投市光華二路13號","pay_list":"","pay_tool":"","行業代號":null,"行業代號1":null,"名稱1":null,"行業代號2":null,"名稱2":null,"行業代號3":null,"名稱3":null},{"index":110,"id":10018014,"user":"詹志豪","shop":"中興新村第一市場-食品","category":"夜市/市場攤販","zone":"中彰投","city":"南投縣","area":"南投市","market_name":"中興新村第一市場","market_address":"南投縣南投市光華二路13號","pay_list":"","pay_tool":"","行業代號":null,"行業代號1":null,"名稱1":null,"行業代號2":null,"名稱2":null,"行業代號3":null,"名稱3":null},{"index":111,"id":10018025,"user":"李定華","shop":"中興新村第一市場-光明海企業社","category":"夜市/市場攤販","zone":"中彰投","city":"南投縣","area":"南投市","market_name":"中興新村第一市場","market_address":"南投縣南投市光華二路13號","pay_list":"","pay_tool":"","行業代號":null,"行業代號1":null,"名稱1":null,"行業代號2":null,"名稱2":null,"行業代號3":null,"名稱3":null},{"index":112,"id":10018036,"user":"黃張淑華","shop":"中興新村第一市場-禮蘭服飾","category":"夜市/市場攤販","zone":"中彰投","city":"南投縣","area":"南投市","market_name":"中興新村第一市場","market_address":"南投縣南投市光華二路13號","pay_list":"","pay_tool":"","行業代號":null,"行業代號1":null,"名稱1":null,"行業代號2":null,"名稱2":null,"行業代號3":null,"名稱3":null},{"index":113,"id":10018048,"user":"黃育照","shop":"中興新村第三市場-承芳食品行","category":"夜市/市場攤販","zone":"中彰投","city":"南投縣","area":"南投市","market_name":"中興新村第三市場","market_address":"南投縣南投市光榮西路13號","pay_list":"","pay_tool":"","行業代號":null,"行業代號1":null,"名稱1":null,"行業代號2":null,"名稱2":null,"行業代號3":null,"名稱3":null},{"index":114,"id":10018059,"user":"洪春帆","shop":"中興新村第三市場-香妃食品行","category":"夜市/市場攤販","zone":"中彰投","city":"南投縣","area":"南投市","market_name":"中興新村第三市場","market_address":"南投縣南投市光榮西路13號","pay_list":"","pay_tool":"","行業代號":null,"行業代號1":null,"名稱1":null,"行業代號2":null,"名稱2":null,"行業代號3":null,"名稱3":null},{"index":115,"id":10018070,"user":"黃玉華","shop":"中興新村第三市場-餐飲店","category":"夜市/市場攤販","zone":"中彰投","city":"南投縣","area":"南投市","market_name":"中興新村第三市場","market_address":"南投縣南投市光榮西路13號","pay_list":"","pay_tool":"","行業代號":null,"行業代號1":null,"名稱1":null,"行業代號2":null,"名稱2":null,"行業代號3":null,"名稱3":null},{"index":116,"id":10018081,"user":"馮艷","shop":"中興新村第三市場-北方麵食","category":"夜市/市場攤販","zone":"中彰投","city":"南投縣","area":"南投市","market_name":"中興新村第三市場","market_address":"南投縣南投市光榮西路13號","pay_list":"","pay_tool":"","行業代號":null,"行業代號1":null,"名稱1":null,"行業代號2":null,"名稱2":null,"行業代號3":null,"名稱3":null},{"index":117,"id":10018092,"user":"周祖葳","shop":"中興新村第三市場-正典牛乳大王","category":"夜市/市場攤販","zone":"中彰投","city":"南投縣","area":"南投市","market_name":"中興新村第三市場","market_address":"南投縣南投市光榮西路13號","pay_list":"","pay_tool":"","行業代號":null,"行業代號1":null,"名稱1":null,"行業代號2":null,"名稱2":null,"行業代號3":null,"名稱3":null},{"index":118,"id":10018103,"user":"李淑真","shop":"中興新村第三市場-芙蓉精品","category":"夜市/市場攤販","zone":"中彰投","city":"南投縣","area":"南投市","market_name":"中興新村第三市場","market_address":"南投縣南投市光榮西路13號","pay_list":"","pay_tool":"","行業代號":null,"行業代號1":null,"名稱1":null,"行業代號2":null,"名稱2":null,"行業代號3":null,"名稱3":null},{"index":119,"id":10018114,"user":"陳仁正","shop":"中興新村第三市場-集美照相館","category":"夜市/市場攤販","zone":"中彰投","city":"南投縣","area":"南投市","market_name":"中興新村第三市場","market_address":"南投縣南投市光榮西路13號","pay_list":"","pay_tool":"","行業代號":null,"行業代號1":null,"名稱1":null,"行業代號2":null,"名稱2":null,"行業代號3":null,"名稱3":null},{"index":120,"id":10018125,"user":"張榮傑","shop":"中興新村第三市場-黑狗兄傳統手工餅舖","category":"夜市/市場攤販","zone":"中彰投","city":"南投縣","area":"南投市","market_name":"中興新村第三市場","market_address":"南投縣南投市光榮西路13號","pay_list":"","pay_tool":"","行業代號":null,"行業代號1":null,"名稱1":null,"行業代號2":null,"名稱2":null,"行業代號3":null,"名稱3":null},{"index":121,"id":10018136,"user":"張文昌","shop":"中興新村第三市場-光榮皮鞋店","category":"夜市/市場攤販","zone":"中彰投","city":"南投縣","area":"南投市","market_name":"中興新村第三市場","market_address":"南投縣南投市光榮西路13號","pay_list":"","pay_tool":"","行業代號":null,"行業代號1":null,"名稱1":null,"行業代號2":null,"名稱2":null,"行業代號3":null,"名稱3":null},{"index":122,"id":10018147,"user":"黃育晟","shop":"中興新村第三市場-榮記商行","category":"夜市/市場攤販","zone":"中彰投","city":"南投縣","area":"南投市","market_name":"中興新村第三市場","market_address":"南投縣南投市光榮西路13號","pay_list":"","pay_tool":"","行業代號":null,"行業代號1":null,"名稱1":null,"行業代號2":null,"名稱2":null,"行業代號3":null,"名稱3":null},{"index":123,"id":10018159,"user":"蔡美華","shop":"中興新村第三市場-泰華西藥房","category":"夜市/市場攤販","zone":"中彰投","city":"南投縣","area":"南投市","market_name":"中興新村第三市場","market_address":"南投縣南投市光榮西路13號","pay_list":"","pay_tool":"","行業代號":null,"行業代號1":null,"名稱1":null,"行業代號2":null,"名稱2":null,"行業代號3":null,"名稱3":null},{"index":124,"id":10018170,"user":"李黃敏","shop":"中興新村第三市場-光榮五金行","category":"夜市/市場攤販","zone":"中彰投","city":"南投縣","area":"南投市","market_name":"中興新村第三市場","market_address":"南投縣南投市光榮西路13號","pay_list":"","pay_tool":"","行業代號":null,"行業代號1":null,"名稱1":null,"行業代號2":null,"名稱2":null,"行業代號3":null,"名稱3":null},{"index":125,"id":10018181,"user":"徐俐華","shop":"中興新村第三市場-廣東小吃部","category":"夜市/市場攤販","zone":"中彰投","city":"南投縣","area":"南投市","market_name":"中興新村第三市場","market_address":"南投縣南投市光榮西路13號","pay_list":"","pay_tool":"","行業代號":null,"行業代號1":null,"名稱1":null,"行業代號2":null,"名稱2":null,"行業代號3":null,"名稱3":null},{"index":126,"id":10018192,"user":"簡基深","shop":"中興新村第三市場-隆興行","category":"夜市/市場攤販","zone":"中彰投","city":"南投縣","area":"南投市","market_name":"中興新村第三市場","market_address":"南投縣南投市光榮西路13號","pay_list":"","pay_tool":"","行業代號":null,"行業代號1":null,"名稱1":null,"行業代號2":null,"名稱2":null,"行業代號3":null,"名稱3":null},{"index":127,"id":10018203,"user":"廖瑞明","shop":"中興新村第三市場-瑞興小吃部","category":"夜市/市場攤販","zone":"中彰投","city":"南投縣","area":"南投市","market_name":"中興新村第三市場","market_address":"南投縣南投市光榮西路13號","pay_list":"","pay_tool":"","行業代號":null,"行業代號1":null,"名稱1":null,"行業代號2":null,"名稱2":null,"行業代號3":null,"名稱3":null},{"index":128,"id":10018214,"user":"曾煌調","shop":"中興新村第三市場-四季茶舍","category":"夜市/市場攤販","zone":"中彰投","city":"南投縣","area":"南投市","market_name":"中興新村第三市場","market_address":"南投縣南投市光榮西路13號","pay_list":"","pay_tool":"","行業代號":null,"行業代號1":null,"名稱1":null,"行業代號2":null,"名稱2":null,"行業代號3":null,"名稱3":null},{"index":129,"id":10018225,"user":"廖滿妹","shop":"中興新村第三市場-永記食品玩具行","category":"夜市/市場攤販","zone":"中彰投","city":"南投縣","area":"南投市","market_name":"中興新村第三市場","market_address":"南投縣南投市光榮西路13號","pay_list":"","pay_tool":"","行業代號":null,"行業代號1":null,"名稱1":null,"行業代號2":null,"名稱2":null,"行業代號3":null,"名稱3":null},{"index":130,"id":10018236,"user":"鄭爽麗","shop":"中興新村第三市場-永記食品玩具行","category":"夜市/市場攤販","zone":"中彰投","city":"南投縣","area":"南投市","market_name":"中興新村第三市場","market_address":"南投縣南投市光榮西路13號","pay_list":"","pay_tool":"","行業代號":null,"行業代號1":null,"名稱1":null,"行業代號2":null,"名稱2":null,"行業代號3":null,"名稱3":null},{"index":131,"id":10018247,"user":"蔡    剩","shop":"中興新村第三市場-安順山產行","category":"夜市/市場攤販","zone":"中彰投","city":"南投縣","area":"南投市","market_name":"中興新村第三市場","market_address":"南投縣南投市光榮西路13號","pay_list":"","pay_tool":"","行業代號":null,"行業代號1":null,"名稱1":null,"行業代號2":null,"名稱2":null,"行業代號3":null,"名稱3":null},{"index":132,"id":10018258,"user":"羅素琴","shop":"中興新村第三市場-眼鏡行","category":"夜市/市場攤販","zone":"中彰投","city":"南投縣","area":"南投市","market_name":"中興新村第三市場","market_address":"南投縣南投市光榮西路13號","pay_list":"","pay_tool":"","行業代號":null,"行業代號1":null,"名稱1":null,"行業代號2":null,"名稱2":null,"行業代號3":null,"名稱3":null},{"index":133,"id":10018270,"user":"洪瑛蘭","shop":"中興新村第三市場-中藥店","category":"夜市/市場攤販","zone":"中彰投","city":"南投縣","area":"南投市","market_name":"中興新村第三市場","market_address":"南投縣南投市光榮西路13號","pay_list":"","pay_tool":"","行業代號":null,"行業代號1":null,"名稱1":null,"行業代號2":null,"名稱2":null,"行業代號3":null,"名稱3":null},{"index":134,"id":10018281,"user":"洪翠薇","shop":"中興新村第三市場-永新素食店","category":"夜市/市場攤販","zone":"中彰投","city":"南投縣","area":"南投市","market_name":"中興新村第三市場","market_address":"南投縣南投市光榮西路13號","pay_list":"","pay_tool":"","行業代號":null,"行業代號1":null,"名稱1":null,"行業代號2":null,"名稱2":null,"行業代號3":null,"名稱3":null},{"index":135,"id":10018292,"user":"白成榮","shop":"中興新村第三市場-老夫子牛肉麵","category":"夜市/市場攤販","zone":"中彰投","city":"南投縣","area":"南投市","market_name":"中興新村第三市場","market_address":"南投縣南投市光榮西路13號","pay_list":"","pay_tool":"","行業代號":null,"行業代號1":null,"名稱1":null,"行業代號2":null,"名稱2":null,"行業代號3":null,"名稱3":null},{"index":136,"id":10018303,"user":"黃凱程","shop":"中興新村第三市場-眼鏡行","category":"夜市/市場攤販","zone":"中彰投","city":"南投縣","area":"南投市","market_name":"中興新村第三市場","market_address":"南投縣南投市光榮西路13號","pay_list":"","pay_tool":"","行業代號":null,"行業代號1":null,"名稱1":null,"行業代號2":null,"名稱2":null,"行業代號3":null,"名稱3":null},{"index":137,"id":10018314,"user":"李秀花","shop":"中興新村第三市場-陳記小吃","category":"夜市/市場攤販","zone":"中彰投","city":"南投縣","area":"南投市","market_name":"中興新村第三市場","market_address":"南投縣南投市光榮西路13號","pay_list":"","pay_tool":"","行業代號":null,"行業代號1":null,"名稱1":null,"行業代號2":null,"名稱2":null,"行業代號3":null,"名稱3":null},{"index":138,"id":10018325,"user":"戴惠妙","shop":"中興新村第三市場-伯特利資訊","category":"夜市/市場攤販","zone":"中彰投","city":"南投縣","area":"南投市","market_name":"中興新村第三市場","market_address":"南投縣南投市光榮西路13號","pay_list":"","pay_tool":"","行業代號":null,"行業代號1":null,"名稱1":null,"行業代號2":null,"名稱2":null,"行業代號3":null,"名稱3":null},{"index":139,"id":10018336,"user":"李枝能","shop":"中興新村第三市場-能鳳服飾店","category":"夜市/市場攤販","zone":"中彰投","city":"南投縣","area":"南投市","market_name":"中興新村第三市場","market_address":"南投縣南投市光榮西路13號","pay_list":"","pay_tool":"","行業代號":null,"行業代號1":null,"名稱1":null,"行業代號2":null,"名稱2":null,"行業代號3":null,"名稱3":null},{"index":140,"id":10018347,"user":"許炳琛","shop":"中興新村第三市場-珠寶店","category":"夜市/市場攤販","zone":"中彰投","city":"南投縣","area":"南投市","market_name":"中興新村第三市場","market_address":"南投縣南投市光榮西路13號","pay_list":"","pay_tool":"","行業代號":null,"行業代號1":null,"名稱1":null,"行業代號2":null,"名稱2":null,"行業代號3":null,"名稱3":null},{"index":141,"id":10018358,"user":"許文池","shop":"中興新村第三市場-水果","category":"夜市/市場攤販","zone":"中彰投","city":"南投縣","area":"南投市","market_name":"中興新村第三市場","market_address":"南投縣南投市光榮西路13號","pay_list":"","pay_tool":"","行業代號":null,"行業代號1":null,"名稱1":null,"行業代號2":null,"名稱2":null,"行業代號3":null,"名稱3":null},{"index":142,"id":10018369,"user":"張李月桂","shop":"中興新村第三市場-小吃","category":"夜市/市場攤販","zone":"中彰投","city":"南投縣","area":"南投市","market_name":"中興新村第三市場","market_address":"南投縣南投市光榮西路13號","pay_list":"","pay_tool":"","行業代號":null,"行業代號1":null,"名稱1":null,"行業代號2":null,"名稱2":null,"行業代號3":null,"名稱3":null},{"index":143,"id":10018381,"user":"張李月桂","shop":"中興新村第三市場-小吃","category":"夜市/市場攤販","zone":"中彰投","city":"南投縣","area":"南投市","market_name":"中興新村第三市場","market_address":"南投縣南投市光榮西路13號","pay_list":"","pay_tool":"","行業代號":null,"行業代號1":null,"名稱1":null,"行業代號2":null,"名稱2":null,"行業代號3":null,"名稱3":null},{"index":144,"id":10018392,"user":"黃鼎勝","shop":"中興新村第三市場-小?包","category":"夜市/市場攤販","zone":"中彰投","city":"南投縣","area":"南投市","market_name":"中興新村第三市場","market_address":"南投縣南投市光榮西路13號","pay_list":"","pay_tool":"","行業代號":null,"行業代號1":null,"名稱1":null,"行業代號2":null,"名稱2":null,"行業代號3":null,"名稱3":null},{"index":145,"id":10018403,"user":"高士益","shop":"中興新村第三市場-小吃","category":"夜市/市場攤販","zone":"中彰投","city":"南投縣","area":"南投市","market_name":"中興新村第三市場","market_address":"南投縣南投市光榮西路13號","pay_list":"","pay_tool":"","行業代號":null,"行業代號1":null,"名稱1":null,"行業代號2":null,"名稱2":null,"行業代號3":null,"名稱3":null},{"index":146,"id":10018414,"user":"巫松原","shop":"中興新村第三市場-麵食","category":"夜市/市場攤販","zone":"中彰投","city":"南投縣","area":"南投市","market_name":"中興新村第三市場","market_address":"南投縣南投市光榮西路13號","pay_list":"","pay_tool":"","行業代號":null,"行業代號1":null,"名稱1":null,"行業代號2":null,"名稱2":null,"行業代號3":null,"名稱3":null},{"index":147,"id":10018425,"user":"謝森貴","shop":"中興新村第三市場-麵食","category":"夜市/市場攤販","zone":"中彰投","city":"南投縣","area":"南投市","market_name":"中興新村第三市場","market_address":"南投縣南投市光榮西路13號","pay_list":"","pay_tool":"","行業代號":null,"行業代號1":null,"名稱1":null,"行業代號2":null,"名稱2":null,"行業代號3":null,"名稱3":null},{"index":148,"id":10018436,"user":"謝森貴","shop":"中興新村第三市場-麵食","category":"夜市/市場攤販","zone":"中彰投","city":"南投縣","area":"南投市","market_name":"中興新村第三市場","market_address":"南投縣南投市光榮西路13號","pay_list":"","pay_tool":"","行業代號":null,"行業代號1":null,"名稱1":null,"行業代號2":null,"名稱2":null,"行業代號3":null,"名稱3":null},{"index":149,"id":10018447,"user":"鄒國鎮","shop":"中興新村第三市場-冷飲類","category":"夜市/市場攤販","zone":"中彰投","city":"南投縣","area":"南投市","market_name":"中興新村第三市場","market_address":"南投縣南投市光榮西路13號","pay_list":"","pay_tool":"","行業代號":null,"行業代號1":null,"名稱1":null,"行業代號2":null,"名稱2":null,"行業代號3":null,"名稱3":null},{"index":150,"id":10018458,"user":"廖瑞寬","shop":"中興新村第三市場-豬肉","category":"夜市/市場攤販","zone":"中彰投","city":"南投縣","area":"南投市","market_name":"中興新村第三市場","market_address":"南投縣南投市光榮西路13號","pay_list":"","pay_tool":"","行業代號":null,"行業代號1":null,"名稱1":null,"行業代號2":null,"名稱2":null,"行業代號3":null,"名稱3":null},{"index":151,"id":10018469,"user":"曾志興","shop":"中興新村第三市場-鮮魚","category":"夜市/市場攤販","zone":"中彰投","city":"南投縣","area":"南投市","market_name":"中興新村第三市場","market_address":"南投縣南投市光榮西路13號","pay_list":"","pay_tool":"","行業代號":null,"行業代號1":null,"名稱1":null,"行業代號2":null,"名稱2":null,"行業代號3":null,"名稱3":null},{"index":152,"id":10018480,"user":"林秀汝","shop":"中興新村第三市場-豬肉","category":"夜市/市場攤販","zone":"中彰投","city":"南投縣","area":"南投市","market_name":"中興新村第三市場","market_address":"南投縣南投市光榮西路13號","pay_list":"","pay_tool":"","行業代號":null,"行業代號1":null,"名稱1":null,"行業代號2":null,"名稱2":null,"行業代號3":null,"名稱3":null},{"index":153,"id":10018492,"user":"洪永和","shop":"中興新村第三市場-豬肉","category":"夜市/市場攤販","zone":"中彰投","city":"南投縣","area":"南投市","market_name":"中興新村第三市場","market_address":"南投縣南投市光榮西路13號","pay_list":"","pay_tool":"","行業代號":null,"行業代號1":null,"名稱1":null,"行業代號2":null,"名稱2":null,"行業代號3":null,"名稱3":null},{"index":154,"id":10018503,"user":"林添壽","shop":"中興新村第三市場-豬肉","category":"夜市/市場攤販","zone":"中彰投","city":"南投縣","area":"南投市","market_name":"中興新村第三市場","market_address":"南投縣南投市光榮西路13號","pay_list":"","pay_tool":"","行業代號":null,"行業代號1":null,"名稱1":null,"行業代號2":null,"名稱2":null,"行業代號3":null,"名稱3":null},{"index":155,"id":10018514,"user":"莊孟哲","shop":"中興新村第三市場-雜貨","category":"夜市/市場攤販","zone":"中彰投","city":"南投縣","area":"南投市","market_name":"中興新村第三市場","market_address":"南投縣南投市光榮西路13號","pay_list":"","pay_tool":"","行業代號":null,"行業代號1":null,"名稱1":null,"行業代號2":null,"名稱2":null,"行業代號3":null,"名稱3":null},{"index":156,"id":10018525,"user":"方琮淵","shop":"中興新村第三市場-雞鴨","category":"夜市/市場攤販","zone":"中彰投","city":"南投縣","area":"南投市","market_name":"中興新村第三市場","market_address":"南投縣南投市光榮西路13號","pay_list":"","pay_tool":"","行業代號":null,"行業代號1":null,"名稱1":null,"行業代號2":null,"名稱2":null,"行業代號3":null,"名稱3":null},{"index":157,"id":10018536,"user":"莊孟哲","shop":"中興新村第三市場-雜貨","category":"夜市/市場攤販","zone":"中彰投","city":"南投縣","area":"南投市","market_name":"中興新村第三市場","market_address":"南投縣南投市光榮西路13號","pay_list":"","pay_tool":"","行業代號":null,"行業代號1":null,"名稱1":null,"行業代號2":null,"名稱2":null,"行業代號3":null,"名稱3":null},{"index":158,"id":10018547,"user":"藍秋月","shop":"中興新村第三市場-鮮花","category":"夜市/市場攤販","zone":"中彰投","city":"南投縣","area":"南投市","market_name":"中興新村第三市場","market_address":"南投縣南投市光榮西路13號","pay_list":"","pay_tool":"","行業代號":null,"行業代號1":null,"名稱1":null,"行業代號2":null,"名稱2":null,"行業代號3":null,"名稱3":null},{"index":159,"id":10018558,"user":"賴錦盆","shop":"中興新村第三市場-豬肉","category":"夜市/市場攤販","zone":"中彰投","city":"南投縣","area":"南投市","market_name":"中興新村第三市場","market_address":"南投縣南投市光榮西路13號","pay_list":"","pay_tool":"","行業代號":null,"行業代號1":null,"名稱1":null,"行業代號2":null,"名稱2":null,"行業代號3":null,"名稱3":null},{"index":160,"id":10018569,"user":"陳景林","shop":"中興新村第三市場-豬肉","category":"夜市/市場攤販","zone":"中彰投","city":"南投縣","area":"南投市","market_name":"中興新村第三市場","market_address":"南投縣南投市光榮西路13號","pay_list":"","pay_tool":"","行業代號":null,"行業代號1":null,"名稱1":null,"行業代號2":null,"名稱2":null,"行業代號3":null,"名稱3":null},{"index":161,"id":10018580,"user":"陳資慧","shop":"中興新村第三市場-鮮魚","category":"夜市/市場攤販","zone":"中彰投","city":"南投縣","area":"南投市","market_name":"中興新村第三市場","market_address":"南投縣南投市光榮西路13號","pay_list":"","pay_tool":"","行業代號":null,"行業代號1":null,"名稱1":null,"行業代號2":null,"名稱2":null,"行業代號3":null,"名稱3":null},{"index":162,"id":10018591,"user":"藍萬拴","shop":"中興新村第三市場-雜貨","category":"夜市/市場攤販","zone":"中彰投","city":"南投縣","area":"南投市","market_name":"中興新村第三市場","market_address":"南投縣南投市光榮西路13號","pay_list":"","pay_tool":"","行業代號":null,"行業代號1":null,"名稱1":null,"行業代號2":null,"名稱2":null,"行業代號3":null,"名稱3":null},{"index":163,"id":10018604,"user":"許秀蓁","shop":"中興新村第三市場-蔬果","category":"夜市/市場攤販","zone":"中彰投","city":"南投縣","area":"南投市","market_name":"中興新村第三市場","market_address":"南投縣南投市光榮西路13號","pay_list":"","pay_tool":"","行業代號":null,"行業代號1":null,"名稱1":null,"行業代號2":null,"名稱2":null,"行業代號3":null,"名稱3":null},{"index":164,"id":10018615,"user":"簡子爵","shop":"中興新村第三市場-碗粿","category":"夜市/市場攤販","zone":"中彰投","city":"南投縣","area":"南投市","market_name":"中興新村第三市場","market_address":"南投縣南投市光榮西路13號","pay_list":"","pay_tool":"","行業代號":null,"行業代號1":null,"名稱1":null,"行業代號2":null,"名稱2":null,"行業代號3":null,"名稱3":null},{"index":165,"id":10018626,"user":"陳秀錢","shop":"中興新村第三市場-蔬果","category":"夜市/市場攤販","zone":"中彰投","city":"南投縣","area":"南投市","market_name":"中興新村第三市場","market_address":"南投縣南投市光榮西路13號","pay_list":"","pay_tool":"","行業代號":null,"行業代號1":null,"名稱1":null,"行業代號2":null,"名稱2":null,"行業代號3":null,"名稱3":null},{"index":166,"id":10018637,"user":"曾蔡職","shop":"中興新村第三市場-蔬果","category":"夜市/市場攤販","zone":"中彰投","city":"南投縣","area":"南投市","market_name":"中興新村第三市場","market_address":"南投縣南投市光榮西路13號","pay_list":"","pay_tool":"","行業代號":null,"行業代號1":null,"名稱1":null,"行業代號2":null,"名稱2":null,"行業代號3":null,"名稱3":null},{"index":167,"id":10018648,"user":"唐國顯","shop":"中興新村第三市場-豆腐","category":"夜市/市場攤販","zone":"中彰投","city":"南投縣","area":"南投市","market_name":"中興新村第三市場","market_address":"南投縣南投市光榮西路13號","pay_list":"","pay_tool":"","行業代號":null,"行業代號1":null,"名稱1":null,"行業代號2":null,"名稱2":null,"行業代號3":null,"名稱3":null},{"index":168,"id":10018659,"user":"黃黃娥","shop":"中興新村第三市場-蔬果","category":"夜市/市場攤販","zone":"中彰投","city":"南投縣","area":"南投市","market_name":"中興新村第三市場","market_address":"南投縣南投市光榮西路13號","pay_list":"","pay_tool":"","行業代號":null,"行業代號1":null,"名稱1":null,"行業代號2":null,"名稱2":null,"行業代號3":null,"名稱3":null},{"index":169,"id":10018670,"user":"黃黃娥","shop":"中興新村第三市場-蔬果","category":"夜市/市場攤販","zone":"中彰投","city":"南投縣","area":"南投市","market_name":"中興新村第三市場","market_address":"南投縣南投市光榮西路13號","pay_list":"","pay_tool":"","行業代號":null,"行業代號1":null,"名稱1":null,"行業代號2":null,"名稱2":null,"行業代號3":null,"名稱3":null},{"index":170,"id":10018681,"user":"簡美言","shop":"中興新村第三市場-蔬果","category":"夜市/市場攤販","zone":"中彰投","city":"南投縣","area":"南投市","market_name":"中興新村第三市場","market_address":"南投縣南投市光榮西路13號","pay_list":"","pay_tool":"","行業代號":null,"行業代號1":null,"名稱1":null,"行業代號2":null,"名稱2":null,"行業代號3":null,"名稱3":null},{"index":171,"id":10018692,"user":"陳靜惠","shop":"中興新村第三市場-蔬果","category":"夜市/市場攤販","zone":"中彰投","city":"南投縣","area":"南投市","market_name":"中興新村第三市場","market_address":"南投縣南投市光榮西路13號","pay_list":"","pay_tool":"","行業代號":null,"行業代號1":null,"名稱1":null,"行業代號2":null,"名稱2":null,"行業代號3":null,"名稱3":null},{"index":172,"id":10018703,"user":"藍秋月","shop":"中興新村第三市場-鮮花","category":"夜市/市場攤販","zone":"中彰投","city":"南投縣","area":"南投市","market_name":"中興新村第三市場","market_address":"南投縣南投市光榮西路13號","pay_list":"","pay_tool":"","行業代號":null,"行業代號1":null,"名稱1":null,"行業代號2":null,"名稱2":null,"行業代號3":null,"名稱3":null},{"index":173,"id":10018715,"user":"藍秋月","shop":"中興新村第三市場-鮮花","category":"夜市/市場攤販","zone":"中彰投","city":"南投縣","area":"南投市","market_name":"中興新村第三市場","market_address":"南投縣南投市光榮西路13號","pay_list":"","pay_tool":"","行業代號":null,"行業代號1":null,"名稱1":null,"行業代號2":null,"名稱2":null,"行業代號3":null,"名稱3":null},{"index":174,"id":10018726,"user":"何智娟","shop":"中興新村第三市場-家禽","category":"夜市/市場攤販","zone":"中彰投","city":"南投縣","area":"南投市","market_name":"中興新村第三市場","market_address":"南投縣南投市光榮西路13號","pay_list":"","pay_tool":"","行業代號":null,"行業代號1":null,"名稱1":null,"行業代號2":null,"名稱2":null,"行業代號3":null,"名稱3":null},{"index":175,"id":10018737,"user":"劉秀英","shop":"中興新村第三市場-豬肉","category":"夜市/市場攤販","zone":"中彰投","city":"南投縣","area":"南投市","market_name":"中興新村第三市場","market_address":"南投縣南投市光榮西路13號","pay_list":"","pay_tool":"","行業代號":null,"行業代號1":null,"名稱1":null,"行業代號2":null,"名稱2":null,"行業代號3":null,"名稱3":null},{"index":176,"id":10018748,"user":"何智娟","shop":"中興新村第三市場-家禽","category":"夜市/市場攤販","zone":"中彰投","city":"南投縣","area":"南投市","market_name":"中興新村第三市場","market_address":"南投縣南投市光榮西路13號","pay_list":"","pay_tool":"","行業代號":null,"行業代號1":null,"名稱1":null,"行業代號2":null,"名稱2":null,"行業代號3":null,"名稱3":null},{"index":177,"id":10018759,"user":"蔡宏昌","shop":"中興新村第三市場-蔬果","category":"夜市/市場攤販","zone":"中彰投","city":"南投縣","area":"南投市","market_name":"中興新村第三市場","market_address":"南投縣南投市光榮西路13號","pay_list":"","pay_tool":"","行業代號":null,"行業代號1":null,"名稱1":null,"行業代號2":null,"名稱2":null,"行業代號3":null,"名稱3":null},{"index":178,"id":10018770,"user":"溫淑惠","shop":"中興新村第三市場-蔬果","category":"夜市/市場攤販","zone":"中彰投","city":"南投縣","area":"南投市","market_name":"中興新村第三市場","market_address":"南投縣南投市光榮西路13號","pay_list":"","pay_tool":"","行業代號":null,"行業代號1":null,"名稱1":null,"行業代號2":null,"名稱2":null,"行業代號3":null,"名稱3":null},{"index":179,"id":10018781,"user":"廖滿妹","shop":"中興新村第三市場-果菜","category":"夜市/市場攤販","zone":"中彰投","city":"南投縣","area":"南投市","market_name":"中興新村第三市場","market_address":"南投縣南投市光榮西路13號","pay_list":"","pay_tool":"","行業代號":null,"行業代號1":null,"名稱1":null,"行業代號2":null,"名稱2":null,"行業代號3":null,"名稱3":null},{"index":180,"id":10018792,"user":"柳森彥","shop":"中興新村第三市場-果菜","category":"夜市/市場攤販","zone":"中彰投","city":"南投縣","area":"南投市","market_name":"中興新村第三市場","market_address":"南投縣南投市光榮西路13號","pay_list":"","pay_tool":"","行業代號":null,"行業代號1":null,"名稱1":null,"行業代號2":null,"名稱2":null,"行業代號3":null,"名稱3":null},{"index":181,"id":10018803,"user":"陳玉霞","shop":"中興新村第三市場-蔬菜","category":"夜市/市場攤販","zone":"中彰投","city":"南投縣","area":"南投市","market_name":"中興新村第三市場","market_address":"南投縣南投市光榮西路13號","pay_list":"","pay_tool":"","行業代號":null,"行業代號1":null,"名稱1":null,"行業代號2":null,"名稱2":null,"行業代號3":null,"名稱3":null},{"index":182,"id":10018814,"user":"曾武男","shop":"中興新村第三市場-蔬菜","category":"夜市/市場攤販","zone":"中彰投","city":"南投縣","area":"南投市","market_name":"中興新村第三市場","market_address":"南投縣南投市光榮西路13號","pay_list":"","pay_tool":"","行業代號":null,"行業代號1":null,"名稱1":null,"行業代號2":null,"名稱2":null,"行業代號3":null,"名稱3":null},{"index":183,"id":10018826,"user":"張育民","shop":"中興新村第三市場-蔬菜","category":"夜市/市場攤販","zone":"中彰投","city":"南投縣","area":"南投市","market_name":"中興新村第三市場","market_address":"南投縣南投市光榮西路13號","pay_list":"","pay_tool":"","行業代號":null,"行業代號1":null,"名稱1":null,"行業代號2":null,"名稱2":null,"行業代號3":null,"名稱3":null},{"index":184,"id":10018837,"user":"唐素貴","shop":"中興新村第三市場-水果","category":"夜市/市場攤販","zone":"中彰投","city":"南投縣","area":"南投市","market_name":"中興新村第三市場","market_address":"南投縣南投市光榮西路13號","pay_list":"","pay_tool":"","行業代號":null,"行業代號1":null,"名稱1":null,"行業代號2":null,"名稱2":null,"行業代號3":null,"名稱3":null},{"index":185,"id":10018848,"user":"廖金山","shop":"中興新村第三市場-蔬菜","category":"夜市/市場攤販","zone":"中彰投","city":"南投縣","area":"南投市","market_name":"中興新村第三市場","market_address":"南投縣南投市光榮西路13號","pay_list":"","pay_tool":"","行業代號":null,"行業代號1":null,"名稱1":null,"行業代號2":null,"名稱2":null,"行業代號3":null,"名稱3":null},{"index":186,"id":10018859,"user":"薛文和","shop":"中興新村第三市場-蔬果","category":"夜市/市場攤販","zone":"中彰投","city":"南投縣","area":"南投市","market_name":"中興新村第三市場","market_address":"南投縣南投市光榮西路13號","pay_list":"","pay_tool":"","行業代號":null,"行業代號1":null,"名稱1":null,"行業代號2":null,"名稱2":null,"行業代號3":null,"名稱3":null},{"index":187,"id":10018870,"user":"彭小芬","shop":"中興新村第三市場-蔬果","category":"夜市/市場攤販","zone":"中彰投","city":"南投縣","area":"南投市","market_name":"中興新村第三市場","market_address":"南投縣南投市光榮西路13號","pay_list":"","pay_tool":"","行業代號":null,"行業代號1":null,"名稱1":null,"行業代號2":null,"名稱2":null,"行業代號3":null,"名稱3":null},{"index":188,"id":10018881,"user":"謝秋蘭","shop":"中興新村第三市場-蔬菜","category":"夜市/市場攤販","zone":"中彰投","city":"南投縣","area":"南投市","market_name":"中興新村第三市場","market_address":"南投縣南投市光榮西路13號","pay_list":"","pay_tool":"","行業代號":null,"行業代號1":null,"名稱1":null,"行業代號2":null,"名稱2":null,"行業代號3":null,"名稱3":null},{"index":189,"id":10018892,"user":"黃昱樺","shop":"中興新村第三市場-蕃茄","category":"夜市/市場攤販","zone":"中彰投","city":"南投縣","area":"南投市","market_name":"中興新村第三市場","market_address":"南投縣南投市光榮西路13號","pay_list":"","pay_tool":"","行業代號":null,"行業代號1":null,"名稱1":null,"行業代號2":null,"名稱2":null,"行業代號3":null,"名稱3":null},{"index":190,"id":10018903,"user":"林立騫","shop":"中興新村第三市場-香菇","category":"夜市/市場攤販","zone":"中彰投","city":"南投縣","area":"南投市","market_name":"中興新村第三市場","market_address":"南投縣南投市光榮西路13號","pay_list":"","pay_tool":"","行業代號":null,"行業代號1":null,"名稱1":null,"行業代號2":null,"名稱2":null,"行業代號3":null,"名稱3":null},{"index":191,"id":10018914,"user":"蔡宏昌","shop":"中興新村第三市場-蔬果","category":"夜市/市場攤販","zone":"中彰投","city":"南投縣","area":"南投市","market_name":"中興新村第三市場","market_address":"南投縣南投市光榮西路13號","pay_list":"","pay_tool":"","行業代號":null,"行業代號1":null,"名稱1":null,"行業代號2":null,"名稱2":null,"行業代號3":null,"名稱3":null},{"index":192,"id":10018925,"user":"李富雄","shop":"中興新村第三市場-蔬果","category":"夜市/市場攤販","zone":"中彰投","city":"南投縣","area":"南投市","market_name":"中興新村第三市場","market_address":"南投縣南投市光榮西路13號","pay_list":"","pay_tool":"","行業代號":null,"行業代號1":null,"名稱1":null,"行業代號2":null,"名稱2":null,"行業代號3":null,"名稱3":null},{"index":193,"id":10018937,"user":"柯靜諭","shop":"中興新村第三市場-中藥","category":"夜市/市場攤販","zone":"中彰投","city":"南投縣","area":"南投市","market_name":"中興新村第三市場","market_address":"南投縣南投市光榮西路13號","pay_list":"","pay_tool":"","行業代號":null,"行業代號1":null,"名稱1":null,"行業代號2":null,"名稱2":null,"行業代號3":null,"名稱3":null},{"index":194,"id":10018948,"user":"顏世昌","shop":"中興新村第三市場-中藥","category":"夜市/市場攤販","zone":"中彰投","city":"南投縣","area":"南投市","market_name":"中興新村第三市場","market_address":"南投縣南投市光榮西路13號","pay_list":"","pay_tool":"","行業代號":null,"行業代號1":null,"名稱1":null,"行業代號2":null,"名稱2":null,"行業代號3":null,"名稱3":null},{"index":195,"id":10018959,"user":"徐文玉","shop":"中興新村第三市場-蔬菜","category":"夜市/市場攤販","zone":"中彰投","city":"南投縣","area":"南投市","market_name":"中興新村第三市場","market_address":"南投縣南投市光榮西路13號","pay_list":"","pay_tool":"","行業代號":null,"行業代號1":null,"名稱1":null,"行業代號2":null,"名稱2":null,"行業代號3":null,"名稱3":null},{"index":196,"id":10018970,"user":"徐文玉","shop":"中興新村第三市場-蔬菜","category":"夜市/市場攤販","zone":"中彰投","city":"南投縣","area":"南投市","market_name":"中興新村第三市場","market_address":"南投縣南投市光榮西路13號","pay_list":"","pay_tool":"","行業代號":null,"行業代號1":null,"名稱1":null,"行業代號2":null,"名稱2":null,"行業代號3":null,"名稱3":null},{"index":197,"id":10018981,"user":"曾素節","shop":"中興新村第三市場-蔬菜","category":"夜市/市場攤販","zone":"中彰投","city":"南投縣","area":"南投市","market_name":"中興新村第三市場","market_address":"南投縣南投市光榮西路13號","pay_list":"","pay_tool":"","行業代號":null,"行業代號1":null,"名稱1":null,"行業代號2":null,"名稱2":null,"行業代號3":null,"名稱3":null},{"index":198,"id":10018992,"user":"洪連樵","shop":"中興新村第三市場-蔬菜","category":"夜市/市場攤販","zone":"中彰投","city":"南投縣","area":"南投市","market_name":"中興新村第三市場","market_address":"南投縣南投市光榮西路13號","pay_list":"","pay_tool":"","行業代號":null,"行業代號1":null,"名稱1":null,"行業代號2":null,"名稱2":null,"行業代號3":null,"名稱3":null},{"index":199,"id":10019003,"user":"林振輝","shop":"中興新村第三市場-農特產品","category":"夜市/市場攤販","zone":"中彰投","city":"南投縣","area":"南投市","market_name":"中興新村第三市場","market_address":"南投縣南投市光榮西路13號","pay_list":"","pay_tool":"","行業代號":null,"行業代號1":null,"名稱1":null,"行業代號2":null,"名稱2":null,"行業代號3":null,"名稱3":null},{"index":200,"id":10019014,"user":"巫阿雲","shop":"中興新村第三市場-果菜","category":"夜市/市場攤販","zone":"中彰投","city":"南投縣","area":"南投市","market_name":"中興新村第三市場","market_address":"南投縣南投市光榮西路13號","pay_list":"","pay_tool":"","行業代號":null,"行業代號1":null,"名稱1":null,"行業代號2":null,"名稱2":null,"行業代號3":null,"名稱3":null}]