[{"index":1,"id":10033580,"user":"譚亞梅","shop":"萬丹公有零售市場-1","category":"夜市/市場攤販","zone":"高屏","city":"屏東縣","area":"萬丹鄉","market_name":"萬丹公有零售市場","market_address":"屏東縣萬丹鄉萬壽路","pay_list":"","pay_tool":"","行業代號":null,"行業代號1":null,"名稱1":null,"行業代號2":null,"名稱2":null,"行業代號3":null,"名稱3":null},{"index":2,"id":10033591,"user":"陳皜滄","shop":"萬丹公有零售市場-2","category":"夜市/市場攤販","zone":"高屏","city":"屏東縣","area":"萬丹鄉","market_name":"萬丹公有零售市場","market_address":"屏東縣萬丹鄉萬壽路","pay_list":"","pay_tool":"","行業代號":null,"行業代號1":null,"名稱1":null,"行業代號2":null,"名稱2":null,"行業代號3":null,"名稱3":null},{"index":3,"id":10033603,"user":"許李貴美","shop":"萬丹公有零售市場-3","category":"夜市/市場攤販","zone":"高屏","city":"屏東縣","area":"萬丹鄉","market_name":"萬丹公有零售市場","market_address":"屏東縣萬丹鄉萬壽路","pay_list":"","pay_tool":"","行業代號":null,"行業代號1":null,"名稱1":null,"行業代號2":null,"名稱2":null,"行業代號3":null,"名稱3":null},{"index":4,"id":10033614,"user":"謝振元","shop":"萬丹公有零售市場-4","category":"夜市/市場攤販","zone":"高屏","city":"屏東縣","area":"萬丹鄉","market_name":"萬丹公有零售市場","market_address":"屏東縣萬丹鄉萬壽路","pay_list":"","pay_tool":"","行業代號":null,"行業代號1":null,"名稱1":null,"行業代號2":null,"名稱2":null,"行業代號3":null,"名稱3":null},{"index":5,"id":10033625,"user":"陳瑞隆","shop":"萬丹公有零售市場-5","category":"夜市/市場攤販","zone":"高屏","city":"屏東縣","area":"萬丹鄉","market_name":"萬丹公有零售市場","market_address":"屏東縣萬丹鄉萬壽路","pay_list":"","pay_tool":"","行業代號":null,"行業代號1":null,"名稱1":null,"行業代號2":null,"名稱2":null,"行業代號3":null,"名稱3":null},{"index":6,"id":10033636,"user":"李妙絹","shop":"萬丹公有零售市場-6","category":"夜市/市場攤販","zone":"高屏","city":"屏東縣","area":"萬丹鄉","market_name":"萬丹公有零售市場","market_address":"屏東縣萬丹鄉萬壽路","pay_list":"","pay_tool":"","行業代號":null,"行業代號1":null,"名稱1":null,"行業代號2":null,"名稱2":null,"行業代號3":null,"名稱3":null},{"index":7,"id":10033647,"user":"蔡翠萍","shop":"萬丹公有零售市場-7","category":"夜市/市場攤販","zone":"高屏","city":"屏東縣","area":"萬丹鄉","market_name":"萬丹公有零售市場","market_address":"屏東縣萬丹鄉萬壽路","pay_list":"","pay_tool":"","行業代號":null,"行業代號1":null,"名稱1":null,"行業代號2":null,"名稱2":null,"行業代號3":null,"名稱3":null},{"index":8,"id":10033658,"user":"林文彬","shop":"萬丹公有零售市場-8","category":"夜市/市場攤販","zone":"高屏","city":"屏東縣","area":"萬丹鄉","market_name":"萬丹公有零售市場","market_address":"屏東縣萬丹鄉萬壽路","pay_list":"","pay_tool":"","行業代號":null,"行業代號1":null,"名稱1":null,"行業代號2":null,"名稱2":null,"行業代號3":null,"名稱3":null},{"index":9,"id":10033669,"user":"李宏文","shop":"萬丹公有零售市場-9","category":"夜市/市場攤販","zone":"高屏","city":"屏東縣","area":"萬丹鄉","market_name":"萬丹公有零售市場","market_address":"屏東縣萬丹鄉萬壽路","pay_list":"","pay_tool":"","行業代號":null,"行業代號1":null,"名稱1":null,"行業代號2":null,"名稱2":null,"行業代號3":null,"名稱3":null},{"index":10,"id":10033680,"user":"黃靖文","shop":"萬丹公有零售市場-10","category":"夜市/市場攤販","zone":"高屏","city":"屏東縣","area":"萬丹鄉","market_name":"萬丹公有零售市場","market_address":"屏東縣萬丹鄉萬壽路","pay_list":"","pay_tool":"","行業代號":null,"行業代號1":null,"名稱1":null,"行業代號2":null,"名稱2":null,"行業代號3":null,"名稱3":null},{"index":11,"id":10033691,"user":"黃榮和","shop":"萬丹公有零售市場-11","category":"夜市/市場攤販","zone":"高屏","city":"屏東縣","area":"萬丹鄉","market_name":"萬丹公有零售市場","market_address":"屏東縣萬丹鄉萬壽路","pay_list":"","pay_tool":"","行業代號":null,"行業代號1":null,"名稱1":null,"行業代號2":null,"名稱2":null,"行業代號3":null,"名稱3":null},{"index":12,"id":10033702,"user":"郭文欽","shop":"萬丹公有零售市場-12","category":"夜市/市場攤販","zone":"高屏","city":"屏東縣","area":"萬丹鄉","market_name":"萬丹公有零售市場","market_address":"屏東縣萬丹鄉萬壽路","pay_list":"","pay_tool":"","行業代號":null,"行業代號1":null,"名稱1":null,"行業代號2":null,"名稱2":null,"行業代號3":null,"名稱3":null},{"index":13,"id":10033714,"user":"駱氏蘭","shop":"萬丹公有零售市場-13","category":"夜市/市場攤販","zone":"高屏","city":"屏東縣","area":"萬丹鄉","market_name":"萬丹公有零售市場","market_address":"屏東縣萬丹鄉萬壽路","pay_list":"","pay_tool":"","行業代號":null,"行業代號1":null,"名稱1":null,"行業代號2":null,"名稱2":null,"行業代號3":null,"名稱3":null},{"index":14,"id":10033725,"user":"蔡金娟","shop":"萬丹公有零售市場-18","category":"夜市/市場攤販","zone":"高屏","city":"屏東縣","area":"萬丹鄉","market_name":"萬丹公有零售市場","market_address":"屏東縣萬丹鄉萬壽路","pay_list":"","pay_tool":"","行業代號":null,"行業代號1":null,"名稱1":null,"行業代號2":null,"名稱2":null,"行業代號3":null,"名稱3":null},{"index":15,"id":10033736,"user":"蔡陳新真","shop":"萬丹公有零售市場-21","category":"夜市/市場攤販","zone":"高屏","city":"屏東縣","area":"萬丹鄉","market_name":"萬丹公有零售市場","market_address":"屏東縣萬丹鄉萬壽路","pay_list":"","pay_tool":"","行業代號":null,"行業代號1":null,"名稱1":null,"行業代號2":null,"名稱2":null,"行業代號3":null,"名稱3":null},{"index":16,"id":10033747,"user":"蔡賴麗雪","shop":"萬丹公有零售市場-22","category":"夜市/市場攤販","zone":"高屏","city":"屏東縣","area":"萬丹鄉","market_name":"萬丹公有零售市場","market_address":"屏東縣萬丹鄉萬壽路","pay_list":"","pay_tool":"","行業代號":null,"行業代號1":null,"名稱1":null,"行業代號2":null,"名稱2":null,"行業代號3":null,"名稱3":null},{"index":17,"id":10033758,"user":"蔡乾耀","shop":"萬丹公有零售市場-23","category":"夜市/市場攤販","zone":"高屏","city":"屏東縣","area":"萬丹鄉","market_name":"萬丹公有零售市場","market_address":"屏東縣萬丹鄉萬壽路","pay_list":"","pay_tool":"","行業代號":null,"行業代號1":null,"名稱1":null,"行業代號2":null,"名稱2":null,"行業代號3":null,"名稱3":null},{"index":18,"id":10033769,"user":"陳富美","shop":"萬丹公有零售市場-24","category":"夜市/市場攤販","zone":"高屏","city":"屏東縣","area":"萬丹鄉","market_name":"萬丹公有零售市場","market_address":"屏東縣萬丹鄉萬壽路","pay_list":"","pay_tool":"","行業代號":null,"行業代號1":null,"名稱1":null,"行業代號2":null,"名稱2":null,"行業代號3":null,"名稱3":null},{"index":19,"id":10033780,"user":"陳啟連","shop":"萬丹公有零售市場-25","category":"夜市/市場攤販","zone":"高屏","city":"屏東縣","area":"萬丹鄉","market_name":"萬丹公有零售市場","market_address":"屏東縣萬丹鄉萬壽路","pay_list":"","pay_tool":"","行業代號":null,"行業代號1":null,"名稱1":null,"行業代號2":null,"名稱2":null,"行業代號3":null,"名稱3":null},{"index":20,"id":10033791,"user":"李銅仁","shop":"萬丹公有零售市場-26","category":"夜市/市場攤販","zone":"高屏","city":"屏東縣","area":"萬丹鄉","market_name":"萬丹公有零售市場","market_address":"屏東縣萬丹鄉萬壽路","pay_list":"","pay_tool":"","行業代號":null,"行業代號1":null,"名稱1":null,"行業代號2":null,"名稱2":null,"行業代號3":null,"名稱3":null},{"index":21,"id":10033802,"user":"李俊儒","shop":"萬丹公有零售市場-27","category":"夜市/市場攤販","zone":"高屏","city":"屏東縣","area":"萬丹鄉","market_name":"萬丹公有零售市場","market_address":"屏東縣萬丹鄉萬壽路","pay_list":"","pay_tool":"","行業代號":null,"行業代號1":null,"名稱1":null,"行業代號2":null,"名稱2":null,"行業代號3":null,"名稱3":null},{"index":22,"id":10033813,"user":"李本輝","shop":"萬丹公有零售市場-28","category":"夜市/市場攤販","zone":"高屏","city":"屏東縣","area":"萬丹鄉","market_name":"萬丹公有零售市場","market_address":"屏東縣萬丹鄉萬壽路","pay_list":"","pay_tool":"","行業代號":null,"行業代號1":null,"名稱1":null,"行業代號2":null,"名稱2":null,"行業代號3":null,"名稱3":null},{"index":23,"id":10033825,"user":"蔡長弦","shop":"萬丹公有零售市場-29","category":"夜市/市場攤販","zone":"高屏","city":"屏東縣","area":"萬丹鄉","market_name":"萬丹公有零售市場","market_address":"屏東縣萬丹鄉萬壽路","pay_list":"","pay_tool":"","行業代號":null,"行業代號1":null,"名稱1":null,"行業代號2":null,"名稱2":null,"行業代號3":null,"名稱3":null},{"index":24,"id":10033836,"user":"蔡蕙嬰","shop":"萬丹公有零售市場-30","category":"夜市/市場攤販","zone":"高屏","city":"屏東縣","area":"萬丹鄉","market_name":"萬丹公有零售市場","market_address":"屏東縣萬丹鄉萬壽路","pay_list":"","pay_tool":"","行業代號":null,"行業代號1":null,"名稱1":null,"行業代號2":null,"名稱2":null,"行業代號3":null,"名稱3":null},{"index":25,"id":10033847,"user":"蔡慶宗","shop":"萬丹公有零售市場-31","category":"夜市/市場攤販","zone":"高屏","city":"屏東縣","area":"萬丹鄉","market_name":"萬丹公有零售市場","market_address":"屏東縣萬丹鄉萬壽路","pay_list":"","pay_tool":"","行業代號":null,"行業代號1":null,"名稱1":null,"行業代號2":null,"名稱2":null,"行業代號3":null,"名稱3":null},{"index":26,"id":10033858,"user":"李珮琪","shop":"萬丹公有零售市場-32","category":"夜市/市場攤販","zone":"高屏","city":"屏東縣","area":"萬丹鄉","market_name":"萬丹公有零售市場","market_address":"屏東縣萬丹鄉萬壽路","pay_list":"","pay_tool":"","行業代號":null,"行業代號1":null,"名稱1":null,"行業代號2":null,"名稱2":null,"行業代號3":null,"名稱3":null},{"index":27,"id":10033869,"user":"李文泉","shop":"萬丹公有零售市場-33","category":"夜市/市場攤販","zone":"高屏","city":"屏東縣","area":"萬丹鄉","market_name":"萬丹公有零售市場","market_address":"屏東縣萬丹鄉萬壽路","pay_list":"","pay_tool":"","行業代號":null,"行業代號1":null,"名稱1":null,"行業代號2":null,"名稱2":null,"行業代號3":null,"名稱3":null},{"index":28,"id":10033880,"user":"陳慶德","shop":"萬丹公有零售市場-34","category":"夜市/市場攤販","zone":"高屏","city":"屏東縣","area":"萬丹鄉","market_name":"萬丹公有零售市場","market_address":"屏東縣萬丹鄉萬壽路","pay_list":"","pay_tool":"","行業代號":null,"行業代號1":null,"名稱1":null,"行業代號2":null,"名稱2":null,"行業代號3":null,"名稱3":null},{"index":29,"id":10033891,"user":"陳嘉琪","shop":"萬丹公有零售市場-35","category":"夜市/市場攤販","zone":"高屏","city":"屏東縣","area":"萬丹鄉","market_name":"萬丹公有零售市場","market_address":"屏東縣萬丹鄉萬壽路","pay_list":"","pay_tool":"","行業代號":null,"行業代號1":null,"名稱1":null,"行業代號2":null,"名稱2":null,"行業代號3":null,"名稱3":null},{"index":30,"id":10033902,"user":"黃榮長","shop":"萬丹公有零售市場-36","category":"夜市/市場攤販","zone":"高屏","city":"屏東縣","area":"萬丹鄉","market_name":"萬丹公有零售市場","market_address":"屏東縣萬丹鄉萬壽路","pay_list":"","pay_tool":"","行業代號":null,"行業代號1":null,"名稱1":null,"行業代號2":null,"名稱2":null,"行業代號3":null,"名稱3":null},{"index":31,"id":10033913,"user":"潘秀玲","shop":"萬丹公有零售市場-37","category":"夜市/市場攤販","zone":"高屏","city":"屏東縣","area":"萬丹鄉","market_name":"萬丹公有零售市場","market_address":"屏東縣萬丹鄉萬壽路","pay_list":"","pay_tool":"","行業代號":null,"行業代號1":null,"名稱1":null,"行業代號2":null,"名稱2":null,"行業代號3":null,"名稱3":null},{"index":32,"id":10033924,"user":"陳歐玉鳳","shop":"萬丹公有零售市場-40","category":"夜市/市場攤販","zone":"高屏","city":"屏東縣","area":"萬丹鄉","market_name":"萬丹公有零售市場","market_address":"屏東縣萬丹鄉萬壽路","pay_list":"","pay_tool":"","行業代號":null,"行業代號1":null,"名稱1":null,"行業代號2":null,"名稱2":null,"行業代號3":null,"名稱3":null},{"index":33,"id":10033936,"user":"陳明焜","shop":"萬丹公有零售市場-41","category":"夜市/市場攤販","zone":"高屏","city":"屏東縣","area":"萬丹鄉","market_name":"萬丹公有零售市場","market_address":"屏東縣萬丹鄉萬壽路","pay_list":"","pay_tool":"","行業代號":null,"行業代號1":null,"名稱1":null,"行業代號2":null,"名稱2":null,"行業代號3":null,"名稱3":null},{"index":34,"id":10033947,"user":"陳宗毓","shop":"萬丹公有零售市場-42","category":"夜市/市場攤販","zone":"高屏","city":"屏東縣","area":"萬丹鄉","market_name":"萬丹公有零售市場","market_address":"屏東縣萬丹鄉萬壽路","pay_list":"","pay_tool":"","行業代號":null,"行業代號1":null,"名稱1":null,"行業代號2":null,"名稱2":null,"行業代號3":null,"名稱3":null},{"index":35,"id":10033958,"user":"王淑珍","shop":"萬丹公有零售市場-46","category":"夜市/市場攤販","zone":"高屏","city":"屏東縣","area":"萬丹鄉","market_name":"萬丹公有零售市場","market_address":"屏東縣萬丹鄉萬壽路","pay_list":"","pay_tool":"","行業代號":null,"行業代號1":null,"名稱1":null,"行業代號2":null,"名稱2":null,"行業代號3":null,"名稱3":null},{"index":36,"id":10033969,"user":"陳寶玉","shop":"萬丹公有零售市場-47","category":"夜市/市場攤販","zone":"高屏","city":"屏東縣","area":"萬丹鄉","market_name":"萬丹公有零售市場","market_address":"屏東縣萬丹鄉萬壽路","pay_list":"","pay_tool":"","行業代號":null,"行業代號1":null,"名稱1":null,"行業代號2":null,"名稱2":null,"行業代號3":null,"名稱3":null},{"index":37,"id":20016280,"user":"李建德","shop":"和記牛肉店","category":["夜市/市場攤販","餐飲"],"zone":"高屏","city":"屏東縣","area":"萬丹鄉","market_name":["餐食攤販","麵店、小吃店"],"market_address":"屏東縣萬丹鄉萬後村２鄰萬壽路２段３１５號","pay_list":"","pay_tool":"","行業代號":null,"行業代號1":null,"名稱1":null,"行業代號2":null,"名稱2":null,"行業代號3":null,"名稱3":null},{"index":38,"id":20016496,"user":"簡錦雀","shop":"簡錦雀","category":["夜市/市場攤販"],"zone":"高屏","city":"屏東縣","area":"萬丹鄉","market_name":["餐食攤販"],"market_address":"屏東縣萬丹鄉新鐘村新鐘路１４１號","pay_list":"","pay_tool":"","行業代號":null,"行業代號1":null,"名稱1":null,"行業代號2":null,"名稱2":null,"行業代號3":null,"名稱3":null},{"index":39,"id":20022241,"user":"陳成忠","shop":"沒事找茶","category":["夜市/市場攤販"],"zone":"高屏","city":"屏東縣","area":"萬丹鄉","market_name":["餐食攤販"],"market_address":"屏東縣萬丹鄉廣安村萬丹路２段３６９號","pay_list":"","pay_tool":"","行業代號":null,"行業代號1":null,"名稱1":null,"行業代號2":null,"名稱2":null,"行業代號3":null,"名稱3":null},{"index":40,"id":20022885,"user":"張少華","shop":"吳家紅茶冰","category":["夜市/市場攤販"],"zone":"高屏","city":"屏東縣","area":"萬丹鄉","market_name":["調理飲料攤販"],"market_address":"屏東縣萬丹鄉社皮村４鄰社皮路３段１１１號","pay_list":"","pay_tool":"","行業代號":null,"行業代號1":null,"名稱1":null,"行業代號2":null,"名稱2":null,"行業代號3":null,"名稱3":null},{"index":41,"id":20022893,"user":"黃玉環","shop":"黃玉環","category":["夜市/市場攤販"],"zone":"高屏","city":"屏東縣","area":"萬丹鄉","market_name":["餐食攤販"],"market_address":"屏東縣萬丹鄉香社村香內路７號１樓","pay_list":"","pay_tool":"","行業代號":null,"行業代號1":null,"名稱1":null,"行業代號2":null,"名稱2":null,"行業代號3":null,"名稱3":null},{"index":42,"id":20040368,"user":"林藝","shop":"福藝館","category":["夜市/市場攤販"],"zone":"高屏","city":"屏東縣","area":"萬丹鄉","market_name":["餐食攤販","冰品零售"],"market_address":"屏東縣萬丹鄉社皮村１５鄰大昌路４６５號","pay_list":["LINE PAY MONEY"],"pay_tool":["行動支付"],"行業代號":null,"行業代號1":null,"名稱1":null,"行業代號2":null,"名稱2":null,"行業代號3":null,"名稱3":null},{"index":43,"id":20044368,"user":"洪劉月碧","shop":"市場牛肉爐","category":["夜市/市場攤販"],"zone":"高屏","city":"屏東縣","area":"萬丹鄉","market_name":["餐食攤販"],"market_address":"屏東縣萬丹鄉萬後村８鄰和平西路９７號","pay_list":"","pay_tool":"","行業代號":null,"行業代號1":null,"名稱1":null,"行業代號2":null,"名稱2":null,"行業代號3":null,"名稱3":null},{"index":44,"id":20058271,"user":"黃得","shop":"黃得","category":["夜市/市場攤販"],"zone":"高屏","city":"屏東縣","area":"萬丹鄉","market_name":["餐食攤販"],"market_address":"屏東縣萬丹鄉社中村社皮路三段３２６號","pay_list":"","pay_tool":"","行業代號":null,"行業代號1":null,"名稱1":null,"行業代號2":null,"名稱2":null,"行業代號3":null,"名稱3":null},{"index":45,"id":20058389,"user":"林亞柔","shop":"雞隊友鹹酥雞","category":["夜市/市場攤販"],"zone":"高屏","city":"屏東縣","area":"萬丹鄉","market_name":["餐食攤販"],"market_address":"屏東縣萬丹鄉厦北村南北路二段４２０號","pay_list":"","pay_tool":"","行業代號":null,"行業代號1":null,"名稱1":null,"行業代號2":null,"名稱2":null,"行業代號3":null,"名稱3":null},{"index":46,"id":20058390,"user":"彭穎","shop":"彭穎","category":["夜市/市場攤販"],"zone":"高屏","city":"屏東縣","area":"萬丹鄉","market_name":["調理飲料攤販"],"market_address":"屏東縣萬丹鄉萬惠村萬丹路一段１１０號","pay_list":"","pay_tool":"","行業代號":null,"行業代號1":null,"名稱1":null,"行業代號2":null,"名稱2":null,"行業代號3":null,"名稱3":null},{"index":47,"id":60021098,"user":"陳羿語","shop":"飛宸有限公司","category":["夜市/市場攤販"],"zone":"高屏","city":"屏東縣","area":"萬丹鄉","market_name":["調理飲料攤販"],"market_address":"屏東縣萬丹鄉社皮村大昌路５１０號","pay_list":null,"pay_tool":null,"行業代號":"563200","行業代號1":"","名稱1":"","行業代號2":"","名稱2":"","行業代號3":"","名稱3":""},{"index":48,"id":60035764,"user":"李重諭","shop":"黑熊滷味坊","category":["夜市/市場攤販"],"zone":"高屏","city":"屏東縣","area":"萬丹鄉","market_name":["餐食攤販"],"market_address":"屏東縣萬丹鄉社上村土庫路１２２號","pay_list":null,"pay_tool":null,"行業代號":"561200","行業代號1":"","名稱1":"","行業代號2":"","名稱2":"","行業代號3":"","名稱3":""},{"index":49,"id":60093685,"user":"林隆興","shop":"阿榮師美食","category":["夜市/市場攤販"],"zone":"高屏","city":"屏東縣","area":"萬丹鄉","market_name":["餐食攤販"],"market_address":"屏東縣萬丹鄉社皮村吉豐路１２３號１樓","pay_list":null,"pay_tool":null,"行業代號":"561200","行業代號1":"","名稱1":"","行業代號2":"","名稱2":"","行業代號3":"","名稱3":""},{"index":50,"id":60095292,"user":"林雍盛","shop":"一格咖啡商行","category":["夜市/市場攤販"],"zone":"高屏","city":"屏東縣","area":"萬丹鄉","market_name":["經營網路購物","調理飲料攤販"],"market_address":"屏東縣萬丹鄉萬全村萬丹路一段３４３號","pay_list":null,"pay_tool":null,"行業代號":"563200","行業代號1":"487113","名稱1":"經營網路購物","行業代號2":"","名稱2":"","行業代號3":"","名稱3":""}]