[{"index":1,"id":10031802,"category":"夜市小吃/市場","city":"屏東縣","area":"屏東市","market_name":"中央市場第三商場","market_address":"屏東縣屏東市中華路38-1號","shop":"中央市場第三商場 百貨28號","pay_list":["街口支付"],"zone":"高屏","user":"陳俊良","pay_tool":["行動支付"]},{"index":2,"id":30039876,"category":"夜市小吃/市場","city":"屏東縣","area":"屏東市","market_name":"中央市場第一商場","market_address":"屏東縣屏東市中央市場第一商場1-92號","shop":"中央市場第一商場 百貨90號","pay_list":["台灣 PAY"],"zone":"高屏","user":"蔡慧圓","pay_tool":["行動支付"]},{"index":3,"id":30040898,"category":"夜市小吃/市場","city":"屏東縣","area":"屏東市","market_name":"中央市場第一商場","market_address":"屏東縣屏東市中央市場第一商場1-92號","shop":"中央市場第一商場 百貨90號","pay_list":["台灣 PAY"],"zone":"高屏","user":"蔡慧圓","pay_tool":["行動支付"]},{"index":4,"id":30042540,"category":"夜市小吃/市場","city":"屏東縣","area":"屏東市","market_name":"中央市場第三商場","market_address":"屏東縣屏東市中華路38-1號","shop":"中央市場第三商場 百貨28號","pay_list":["街口支付"],"zone":"高屏","user":"陳俊良","pay_tool":["行動支付"]},{"index":5,"id":30043269,"category":"夜市小吃/市場","city":"屏東縣","area":"屏東市","market_name":"中央市場第三商場","market_address":"屏東縣屏東市中華路38-1號","shop":"中央市場第三商場 百貨28號","pay_list":["街口支付"],"zone":"高屏","user":"陳俊良","pay_tool":["行動支付"]},{"index":6,"id":30044001,"category":"夜市小吃/市場","city":"屏東縣","area":"屏東市","market_name":"中央市場第三商場","market_address":"屏東縣屏東市中華路38-1號","shop":"中央市場第三商場 百貨28號","pay_list":["街口支付"],"zone":"高屏","user":"陳俊良","pay_tool":["行動支付"]},{"index":7,"id":30047211,"category":"夜市小吃/市場","city":"屏東縣","area":"屏東市","market_name":"西區公有零售市場","market_address":"屏東縣屏東市和平路314號","shop":"西區公有零售市場 雜貨8號","pay_list":["台灣 PAY"],"zone":"高屏","user":"許世輝","pay_tool":["行動支付"]},{"index":8,"id":30049408,"category":"夜市小吃/市場","city":"屏東縣","area":"屏東市","market_name":"東區公有零售市場","market_address":"屏東縣屏東市民生路112號","shop":"東區公有零售市場 雜貨18號","pay_list":["台灣 PAY"],"zone":"高屏","user":"江幸子","pay_tool":["行動支付"]}]