[{"index":1,"id":20018002,"user":"邱善蘭","shop":"稻芝香自助餐","category":["夜市/市場攤販"],"zone":"高屏","city":"屏東縣","area":"長治鄉","market_name":["餐食攤販"],"market_address":"屏東縣長治鄉潭頭村１鄰潭頭路１５８號","pay_list":"","pay_tool":"","行業代號":null,"行業代號1":null,"名稱1":null,"行業代號2":null,"名稱2":null,"行業代號3":null,"名稱3":null},{"index":2,"id":20024845,"user":"吳柔樺","shop":"吳柔樺","category":["夜市/市場攤販"],"zone":"高屏","city":"屏東縣","area":"長治鄉","market_name":["餐食攤販"],"market_address":"屏東縣長治鄉新潭村００２鄰潭頭路２號","pay_list":"","pay_tool":"","行業代號":null,"行業代號1":null,"名稱1":null,"行業代號2":null,"名稱2":null,"行業代號3":null,"名稱3":null},{"index":3,"id":20047751,"user":"李重諭","shop":"黑熊滷味坊","category":["夜市/市場攤販"],"zone":"高屏","city":"屏東縣","area":"長治鄉","market_name":["餐食攤販"],"market_address":"屏東縣長治鄉復興村新興路９９巷１３號","pay_list":"","pay_tool":"","行業代號":null,"行業代號1":null,"名稱1":null,"行業代號2":null,"名稱2":null,"行業代號3":null,"名稱3":null},{"index":4,"id":60121257,"user":"邱世國","shop":"歐姆手作吐司","category":["夜市/市場攤販"],"zone":"高屏","city":"屏東縣","area":"長治鄉","market_name":["餐食攤販"],"market_address":"屏東縣長治鄉繁華村繁華路２６７號","pay_list":null,"pay_tool":null,"行業代號":"561200","行業代號1":"","名稱1":"","行業代號2":"","名稱2":"","行業代號3":"","名稱3":""}]