[{"index":1,"shop":"南庄鄉公有零售市場-A1/A3","zone":"桃竹苗","city":"苗栗縣","area":"南庄鄉","market_address":"苗栗縣南庄鄉東村4鄰民生街13號","user":"王秋蘭","行業代號":null,"market_name":"南庄鄉公有零售市場","行業代號1":null,"名稱1":null,"行業代號2":null,"名稱2":null,"行業代號3":null,"名稱3":null,"category":"夜市/市場攤販","id":10038014,"pay_list":"","pay_tool":""},{"index":2,"shop":"南庄鄉公有零售市場-A3/A4","zone":"桃竹苗","city":"苗栗縣","area":"南庄鄉","market_address":"苗栗縣南庄鄉東村4鄰民生街13號","user":"張仁忠","行業代號":null,"market_name":"南庄鄉公有零售市場","行業代號1":null,"名稱1":null,"行業代號2":null,"名稱2":null,"行業代號3":null,"名稱3":null,"category":"夜市/市場攤販","id":10038025,"pay_list":"","pay_tool":""},{"index":3,"shop":"南庄鄉公有零售市場-A6","zone":"桃竹苗","city":"苗栗縣","area":"南庄鄉","market_address":"苗栗縣南庄鄉東村4鄰民生街13號","user":"葉明貴","行業代號":null,"market_name":"南庄鄉公有零售市場","行業代號1":null,"名稱1":null,"行業代號2":null,"名稱2":null,"行業代號3":null,"名稱3":null,"category":"夜市/市場攤販","id":10038036,"pay_list":"","pay_tool":""},{"index":4,"shop":"南庄鄉公有零售市場-B2","zone":"桃竹苗","city":"苗栗縣","area":"南庄鄉","market_address":"苗栗縣南庄鄉東村4鄰民生街13號","user":"戴宇欣","行業代號":null,"market_name":"南庄鄉公有零售市場","行業代號1":null,"名稱1":null,"行業代號2":null,"名稱2":null,"行業代號3":null,"名稱3":null,"category":"夜市/市場攤販","id":10038048,"pay_list":"","pay_tool":""},{"index":5,"shop":"南庄鄉公有零售市場-C1","zone":"桃竹苗","city":"苗栗縣","area":"南庄鄉","market_address":"苗栗縣南庄鄉東村4鄰民生街13號","user":"陳國熀","行業代號":null,"market_name":"南庄鄉公有零售市場","行業代號1":null,"名稱1":null,"行業代號2":null,"名稱2":null,"行業代號3":null,"名稱3":null,"category":"夜市/市場攤販","id":10038059,"pay_list":"","pay_tool":""},{"index":6,"shop":"南庄鄉公有零售市場-C3","zone":"桃竹苗","city":"苗栗縣","area":"南庄鄉","market_address":"苗栗縣南庄鄉東村4鄰民生街13號","user":"李挺英","行業代號":null,"market_name":"南庄鄉公有零售市場","行業代號1":null,"名稱1":null,"行業代號2":null,"名稱2":null,"行業代號3":null,"名稱3":null,"category":"夜市/市場攤販","id":10038070,"pay_list":"","pay_tool":""},{"index":7,"shop":"南庄鄉公有零售市場-D2","zone":"桃竹苗","city":"苗栗縣","area":"南庄鄉","market_address":"苗栗縣南庄鄉東村4鄰民生街13號","user":"林美君","行業代號":null,"market_name":"南庄鄉公有零售市場","行業代號1":null,"名稱1":null,"行業代號2":null,"名稱2":null,"行業代號3":null,"名稱3":null,"category":"夜市/市場攤販","id":10038081,"pay_list":"","pay_tool":""},{"index":8,"shop":"南庄鄉公有零售市場-D4","zone":"桃竹苗","city":"苗栗縣","area":"南庄鄉","market_address":"苗栗縣南庄鄉東村4鄰民生街13號","user":"陳文智","行業代號":null,"market_name":"南庄鄉公有零售市場","行業代號1":null,"名稱1":null,"行業代號2":null,"名稱2":null,"行業代號3":null,"名稱3":null,"category":"夜市/市場攤販","id":10038092,"pay_list":"","pay_tool":""},{"index":9,"shop":"南庄鄉公有零售市場-D5","zone":"桃竹苗","city":"苗栗縣","area":"南庄鄉","market_address":"苗栗縣南庄鄉東村4鄰民生街13號","user":"蕭月純","行業代號":null,"market_name":"南庄鄉公有零售市場","行業代號1":null,"名稱1":null,"行業代號2":null,"名稱2":null,"行業代號3":null,"名稱3":null,"category":"夜市/市場攤販","id":10038103,"pay_list":"","pay_tool":""},{"index":10,"shop":"南庄鄉公有零售市場-D6","zone":"桃竹苗","city":"苗栗縣","area":"南庄鄉","market_address":"苗栗縣南庄鄉東村4鄰民生街13號","user":"黃李惠妹","行業代號":null,"market_name":"南庄鄉公有零售市場","行業代號1":null,"名稱1":null,"行業代號2":null,"名稱2":null,"行業代號3":null,"名稱3":null,"category":"夜市/市場攤販","id":10038114,"pay_list":"","pay_tool":""},{"index":11,"shop":"南庄鄉公有零售市場-E2","zone":"桃竹苗","city":"苗栗縣","area":"南庄鄉","market_address":"苗栗縣南庄鄉東村4鄰民生街13號","user":"張嘏玲","行業代號":null,"market_name":"南庄鄉公有零售市場","行業代號1":null,"名稱1":null,"行業代號2":null,"名稱2":null,"行業代號3":null,"名稱3":null,"category":"夜市/市場攤販","id":10038125,"pay_list":"","pay_tool":""},{"index":12,"shop":"南庄鄉公有零售市場-E3","zone":"桃竹苗","city":"苗栗縣","area":"南庄鄉","market_address":"苗栗縣南庄鄉東村4鄰民生街13號","user":"范鉅格","行業代號":null,"market_name":"南庄鄉公有零售市場","行業代號1":null,"名稱1":null,"行業代號2":null,"名稱2":null,"行業代號3":null,"名稱3":null,"category":"夜市/市場攤販","id":10038136,"pay_list":"","pay_tool":""},{"index":13,"shop":"南庄鄉公有零售市場-F1","zone":"桃竹苗","city":"苗栗縣","area":"南庄鄉","market_address":"苗栗縣南庄鄉東村4鄰民生街13號","user":"吳貴為","行業代號":null,"market_name":"南庄鄉公有零售市場","行業代號1":null,"名稱1":null,"行業代號2":null,"名稱2":null,"行業代號3":null,"名稱3":null,"category":"夜市/市場攤販","id":10038147,"pay_list":"","pay_tool":""},{"index":14,"shop":"南庄鄉公有零售市場-F3","zone":"桃竹苗","city":"苗栗縣","area":"南庄鄉","market_address":"苗栗縣南庄鄉東村4鄰民生街13號","user":"戴群欣","行業代號":null,"market_name":"南庄鄉公有零售市場","行業代號1":null,"名稱1":null,"行業代號2":null,"名稱2":null,"行業代號3":null,"名稱3":null,"category":"夜市/市場攤販","id":10038159,"pay_list":"","pay_tool":""},{"index":15,"shop":"南庄鄉公有零售市場-F4","zone":"桃竹苗","city":"苗栗縣","area":"南庄鄉","market_address":"苗栗縣南庄鄉東村4鄰民生街13號","user":"黃文忠","行業代號":null,"market_name":"南庄鄉公有零售市場","行業代號1":null,"名稱1":null,"行業代號2":null,"名稱2":null,"行業代號3":null,"名稱3":null,"category":"夜市/市場攤販","id":10038170,"pay_list":"","pay_tool":""},{"index":16,"shop":"南庄鄉公有零售市場-F6","zone":"桃竹苗","city":"苗栗縣","area":"南庄鄉","market_address":"苗栗縣南庄鄉東村4鄰民生街13號","user":"余鎧皓","行業代號":null,"market_name":"南庄鄉公有零售市場","行業代號1":null,"名稱1":null,"行業代號2":null,"名稱2":null,"行業代號3":null,"名稱3":null,"category":"夜市/市場攤販","id":10038181,"pay_list":"","pay_tool":""},{"index":17,"shop":"南庄鄉公有零售市場-F8","zone":"桃竹苗","city":"苗栗縣","area":"南庄鄉","market_address":"苗栗縣南庄鄉東村4鄰民生街13號","user":"張淑美","行業代號":null,"market_name":"南庄鄉公有零售市場","行業代號1":null,"名稱1":null,"行業代號2":null,"名稱2":null,"行業代號3":null,"名稱3":null,"category":"夜市/市場攤販","id":10038192,"pay_list":"","pay_tool":""},{"index":18,"shop":"南庄鄉公有零售市場-F10","zone":"桃竹苗","city":"苗栗縣","area":"南庄鄉","market_address":"苗栗縣南庄鄉東村4鄰民生街13號","user":"黃秀英","行業代號":null,"market_name":"南庄鄉公有零售市場","行業代號1":null,"名稱1":null,"行業代號2":null,"名稱2":null,"行業代號3":null,"名稱3":null,"category":"夜市/市場攤販","id":10038203,"pay_list":"","pay_tool":""},{"index":19,"shop":"寶山黑糖爆漿饅頭","zone":"桃竹苗","city":"苗栗縣","area":"南庄鄉","market_address":"苗栗縣南庄鄉東　村６鄰　中正路３６號（桂花巷）","user":"王麗云","行業代號":null,"market_name":["餐食攤販"],"行業代號1":null,"名稱1":null,"行業代號2":null,"名稱2":null,"行業代號3":null,"名稱3":null,"category":["夜市/市場攤販"],"id":20027725,"pay_list":["歐付寶"],"pay_tool":["行動支付"]},{"index":20,"shop":"瓦舍茶鋪","zone":"桃竹苗","city":"苗栗縣","area":"南庄鄉","market_address":"苗栗縣南庄鄉東　村８鄰中正路１０９號１樓","user":"古思潔","行業代號":"563200","market_name":["調理飲料攤販"],"行業代號1":"","名稱1":"","行業代號2":"","名稱2":"","行業代號3":"","名稱3":"","category":["夜市/市場攤販"],"id":60059714,"pay_list":null,"pay_tool":null},{"index":21,"shop":"富丰商行","zone":"桃竹苗","city":"苗栗縣","area":"南庄鄉","market_address":"苗栗縣南庄鄉田美村２鄰田美４３－２號１樓","user":"何鼎生","行業代號":"563200","market_name":["調理飲料攤販"],"行業代號1":"","名稱1":"","行業代號2":"","名稱2":"","行業代號3":"","名稱3":"","category":["夜市/市場攤販"],"id":60098958,"pay_list":null,"pay_tool":null}]