[{"index":1,"id":10035466,"user":"柯介仁","shop":"烏日第一公有零售市場-柯雜貨店","category":"夜市/市場攤販","zone":"中彰投","city":"臺中市","area":"烏日區","market_name":"烏日第一公有零售市場","market_address":"臺中市烏日區烏日里三民街206號","pay_list":"","pay_tool":"","行業代號":null,"行業代號1":null,"名稱1":null,"行業代號2":null,"名稱2":null,"行業代號3":null,"名稱3":null},{"index":2,"id":10035467,"user":"謝政權","shop":"烏日第一公有零售市場-謝政權","category":"夜市/市場攤販","zone":"中彰投","city":"臺中市","area":"烏日區","market_name":"烏日第一公有零售市場","market_address":"臺中市烏日區烏日里三民街206號","pay_list":"","pay_tool":"","行業代號":null,"行業代號1":null,"名稱1":null,"行業代號2":null,"名稱2":null,"行業代號3":null,"名稱3":null},{"index":3,"id":10035468,"user":"張明吉","shop":"烏日第一公有零售市場-香料店","category":"夜市/市場攤販","zone":"中彰投","city":"臺中市","area":"烏日區","market_name":"烏日第一公有零售市場","market_address":"臺中市烏日區烏日里三民街206號","pay_list":"","pay_tool":"","行業代號":null,"行業代號1":null,"名稱1":null,"行業代號2":null,"名稱2":null,"行業代號3":null,"名稱3":null},{"index":4,"id":10035469,"user":"黃足鑾","shop":"烏日第一公有零售市場-陳榮興台灣生鮮肉品","category":"夜市/市場攤販","zone":"中彰投","city":"臺中市","area":"烏日區","market_name":"烏日第一公有零售市場","market_address":"臺中市烏日區烏日里三民街206號","pay_list":"","pay_tool":"","行業代號":null,"行業代號1":null,"名稱1":null,"行業代號2":null,"名稱2":null,"行業代號3":null,"名稱3":null},{"index":5,"id":10035471,"user":"黃淑娟","shop":"烏日第一公有零售市場-陳素食店","category":"夜市/市場攤販","zone":"中彰投","city":"臺中市","area":"烏日區","market_name":"烏日第一公有零售市場","market_address":"臺中市烏日區烏日里三民街206號","pay_list":"","pay_tool":"","行業代號":null,"行業代號1":null,"名稱1":null,"行業代號2":null,"名稱2":null,"行業代號3":null,"名稱3":null},{"index":6,"id":10035472,"user":"徐欠妹","shop":"烏日第一公有零售市場-徐欠妹","category":"夜市/市場攤販","zone":"中彰投","city":"臺中市","area":"烏日區","market_name":"烏日第一公有零售市場","market_address":"臺中市烏日區烏日里三民街206號","pay_list":"","pay_tool":"","行業代號":null,"行業代號1":null,"名稱1":null,"行業代號2":null,"名稱2":null,"行業代號3":null,"名稱3":null},{"index":7,"id":10035473,"user":"林聖淳","shop":"烏日第一公有零售市場-林聖淳","category":"夜市/市場攤販","zone":"中彰投","city":"臺中市","area":"烏日區","market_name":"烏日第一公有零售市場","market_address":"臺中市烏日區烏日里三民街206號","pay_list":"","pay_tool":"","行業代號":null,"行業代號1":null,"名稱1":null,"行業代號2":null,"名稱2":null,"行業代號3":null,"名稱3":null},{"index":8,"id":10035474,"user":"張萬得","shop":"烏日第一公有零售市場-張萬得","category":"夜市/市場攤販","zone":"中彰投","city":"臺中市","area":"烏日區","market_name":"烏日第一公有零售市場","market_address":"臺中市烏日區烏日里三民街206號","pay_list":"","pay_tool":"","行業代號":null,"行業代號1":null,"名稱1":null,"行業代號2":null,"名稱2":null,"行業代號3":null,"名稱3":null},{"index":9,"id":10035475,"user":"郭信宏","shop":"烏日第一公有零售市場-郭信宏","category":"夜市/市場攤販","zone":"中彰投","city":"臺中市","area":"烏日區","market_name":"烏日第一公有零售市場","market_address":"臺中市烏日區烏日里三民街206號","pay_list":"","pay_tool":"","行業代號":null,"行業代號1":null,"名稱1":null,"行業代號2":null,"名稱2":null,"行業代號3":null,"名稱3":null},{"index":10,"id":10035476,"user":"莊千幸","shop":"烏日第一公有零售市場-莊千幸","category":"夜市/市場攤販","zone":"中彰投","city":"臺中市","area":"烏日區","market_name":"烏日第一公有零售市場","market_address":"臺中市烏日區烏日里三民街206號","pay_list":"","pay_tool":"","行業代號":null,"行業代號1":null,"名稱1":null,"行業代號2":null,"名稱2":null,"行業代號3":null,"名稱3":null},{"index":11,"id":10035477,"user":"張鴻耀","shop":"烏日第一公有零售市場-鴻耀水果行","category":"夜市/市場攤販","zone":"中彰投","city":"臺中市","area":"烏日區","market_name":"烏日第一公有零售市場","market_address":"臺中市烏日區烏日里三民街206號","pay_list":"","pay_tool":"","行業代號":null,"行業代號1":null,"名稱1":null,"行業代號2":null,"名稱2":null,"行業代號3":null,"名稱3":null},{"index":12,"id":10035478,"user":"林進成","shop":"烏日第一公有零售市場-銘倉肉舖","category":"夜市/市場攤販","zone":"中彰投","city":"臺中市","area":"烏日區","market_name":"烏日第一公有零售市場","market_address":"臺中市烏日區烏日里三民街206號","pay_list":"","pay_tool":"","行業代號":null,"行業代號1":null,"名稱1":null,"行業代號2":null,"名稱2":null,"行業代號3":null,"名稱3":null},{"index":13,"id":10035479,"user":"林淑敏","shop":"烏日第一公有零售市場-銘倉肉舖","category":"夜市/市場攤販","zone":"中彰投","city":"臺中市","area":"烏日區","market_name":"烏日第一公有零售市場","market_address":"臺中市烏日區烏日里三民街206號","pay_list":"","pay_tool":"","行業代號":null,"行業代號1":null,"名稱1":null,"行業代號2":null,"名稱2":null,"行業代號3":null,"名稱3":null},{"index":14,"id":10035480,"user":"葉讚成","shop":"烏日第一公有零售市場-信美鮮魚行","category":"夜市/市場攤販","zone":"中彰投","city":"臺中市","area":"烏日區","market_name":"烏日第一公有零售市場","market_address":"臺中市烏日區烏日里三民街206號","pay_list":"","pay_tool":"","行業代號":null,"行業代號1":null,"名稱1":null,"行業代號2":null,"名稱2":null,"行業代號3":null,"名稱3":null},{"index":15,"id":10035482,"user":"陳李明月","shop":"烏日第一公有零售市場-陳美珍（紅龜粿、潤餅皮）","category":"夜市/市場攤販","zone":"中彰投","city":"臺中市","area":"烏日區","market_name":"烏日第一公有零售市場","market_address":"臺中市烏日區烏日里三民街206號","pay_list":"","pay_tool":"","行業代號":null,"行業代號1":null,"名稱1":null,"行業代號2":null,"名稱2":null,"行業代號3":null,"名稱3":null},{"index":16,"id":10035483,"user":"陳麗美","shop":"烏日第一公有零售市場-陳美珍（紅龜粿、潤餅皮）","category":"夜市/市場攤販","zone":"中彰投","city":"臺中市","area":"烏日區","market_name":"烏日第一公有零售市場","market_address":"臺中市烏日區烏日里三民街206號","pay_list":"","pay_tool":"","行業代號":null,"行業代號1":null,"名稱1":null,"行業代號2":null,"名稱2":null,"行業代號3":null,"名稱3":null},{"index":17,"id":10035484,"user":"林桂英","shop":"烏日第一公有零售市場-益華牛羊肉品","category":"夜市/市場攤販","zone":"中彰投","city":"臺中市","area":"烏日區","market_name":"烏日第一公有零售市場","market_address":"臺中市烏日區烏日里三民街206號","pay_list":"","pay_tool":"","行業代號":null,"行業代號1":null,"名稱1":null,"行業代號2":null,"名稱2":null,"行業代號3":null,"名稱3":null},{"index":18,"id":10035485,"user":"楊濟如","shop":"烏日第一公有零售市場-楊濟如蔬菜店","category":"夜市/市場攤販","zone":"中彰投","city":"臺中市","area":"烏日區","market_name":"烏日第一公有零售市場","market_address":"臺中市烏日區烏日里三民街206號","pay_list":"","pay_tool":"","行業代號":null,"行業代號1":null,"名稱1":null,"行業代號2":null,"名稱2":null,"行業代號3":null,"名稱3":null},{"index":19,"id":10035486,"user":"陳楊嫦娥","shop":"烏日第一公有零售市場-陳楊嫦娥鵝肉店","category":"夜市/市場攤販","zone":"中彰投","city":"臺中市","area":"烏日區","market_name":"烏日第一公有零售市場","market_address":"臺中市烏日區烏日里三民街206號","pay_list":"","pay_tool":"","行業代號":null,"行業代號1":null,"名稱1":null,"行業代號2":null,"名稱2":null,"行業代號3":null,"名稱3":null},{"index":20,"id":10035487,"user":"詹凰君","shop":"烏日第一公有零售市場-孫肉品","category":"夜市/市場攤販","zone":"中彰投","city":"臺中市","area":"烏日區","market_name":"烏日第一公有零售市場","market_address":"臺中市烏日區烏日里三民街206號","pay_list":"","pay_tool":"","行業代號":null,"行業代號1":null,"名稱1":null,"行業代號2":null,"名稱2":null,"行業代號3":null,"名稱3":null},{"index":21,"id":10035488,"user":"孫寶惜","shop":"烏日第一公有零售市場-孫肉品","category":"夜市/市場攤販","zone":"中彰投","city":"臺中市","area":"烏日區","market_name":"烏日第一公有零售市場","market_address":"臺中市烏日區烏日里三民街206號","pay_list":"","pay_tool":"","行業代號":null,"行業代號1":null,"名稱1":null,"行業代號2":null,"名稱2":null,"行業代號3":null,"名稱3":null},{"index":22,"id":10035489,"user":"林海永","shop":"烏日第一公有零售市場-永記蔬菜行","category":"夜市/市場攤販","zone":"中彰投","city":"臺中市","area":"烏日區","market_name":"烏日第一公有零售市場","market_address":"臺中市烏日區烏日里三民街206號","pay_list":"","pay_tool":"","行業代號":null,"行業代號1":null,"名稱1":null,"行業代號2":null,"名稱2":null,"行業代號3":null,"名稱3":null},{"index":23,"id":10035490,"user":"陳健溢","shop":"烏日第一公有零售市場-陳榮興台灣生鮮肉品","category":"夜市/市場攤販","zone":"中彰投","city":"臺中市","area":"烏日區","market_name":"烏日第一公有零售市場","market_address":"臺中市烏日區烏日里三民街206號","pay_list":"","pay_tool":"","行業代號":null,"行業代號1":null,"名稱1":null,"行業代號2":null,"名稱2":null,"行業代號3":null,"名稱3":null},{"index":24,"id":10035491,"user":"高坤鏞","shop":"烏日第一公有零售市場-高貢丸","category":"夜市/市場攤販","zone":"中彰投","city":"臺中市","area":"烏日區","market_name":"烏日第一公有零售市場","market_address":"臺中市烏日區烏日里三民街206號","pay_list":"","pay_tool":"","行業代號":null,"行業代號1":null,"名稱1":null,"行業代號2":null,"名稱2":null,"行業代號3":null,"名稱3":null},{"index":25,"id":10035494,"user":"高炳森","shop":"烏日第一公有零售市場-高貢丸","category":"夜市/市場攤販","zone":"中彰投","city":"臺中市","area":"烏日區","market_name":"烏日第一公有零售市場","market_address":"臺中市烏日區烏日里三民街206號","pay_list":"","pay_tool":"","行業代號":null,"行業代號1":null,"名稱1":null,"行業代號2":null,"名稱2":null,"行業代號3":null,"名稱3":null},{"index":26,"id":10035495,"user":"高炳豐","shop":"烏日第一公有零售市場-高貢丸","category":"夜市/市場攤販","zone":"中彰投","city":"臺中市","area":"烏日區","market_name":"烏日第一公有零售市場","market_address":"臺中市烏日區烏日里三民街206號","pay_list":"","pay_tool":"","行業代號":null,"行業代號1":null,"名稱1":null,"行業代號2":null,"名稱2":null,"行業代號3":null,"名稱3":null},{"index":27,"id":10035496,"user":"葉讚發","shop":"烏日第一公有零售市場-信美鮮魚行","category":"夜市/市場攤販","zone":"中彰投","city":"臺中市","area":"烏日區","market_name":"烏日第一公有零售市場","market_address":"臺中市烏日區烏日里三民街206號","pay_list":"","pay_tool":"","行業代號":null,"行業代號1":null,"名稱1":null,"行業代號2":null,"名稱2":null,"行業代號3":null,"名稱3":null},{"index":28,"id":10035497,"user":"葉秉森","shop":"烏日第一公有零售市場-信美鮮魚行","category":"夜市/市場攤販","zone":"中彰投","city":"臺中市","area":"烏日區","market_name":"烏日第一公有零售市場","market_address":"臺中市烏日區烏日里三民街206號","pay_list":"","pay_tool":"","行業代號":null,"行業代號1":null,"名稱1":null,"行業代號2":null,"名稱2":null,"行業代號3":null,"名稱3":null},{"index":29,"id":10035498,"user":"林姿茗","shop":"烏日第一公有零售市場-林桂美豬肉攤","category":"夜市/市場攤販","zone":"中彰投","city":"臺中市","area":"烏日區","market_name":"烏日第一公有零售市場","market_address":"臺中市烏日區烏日里三民街206號","pay_list":"","pay_tool":"","行業代號":null,"行業代號1":null,"名稱1":null,"行業代號2":null,"名稱2":null,"行業代號3":null,"名稱3":null},{"index":30,"id":10035499,"user":"林桂美","shop":"烏日第一公有零售市場-林桂美豬肉攤","category":"夜市/市場攤販","zone":"中彰投","city":"臺中市","area":"烏日區","market_name":"烏日第一公有零售市場","market_address":"臺中市烏日區烏日里三民街206號","pay_list":"","pay_tool":"","行業代號":null,"行業代號1":null,"名稱1":null,"行業代號2":null,"名稱2":null,"行業代號3":null,"名稱3":null},{"index":31,"id":10035500,"user":"陳泳源","shop":"烏日第一公有零售市場-陳榮興台灣生鮮肉品","category":"夜市/市場攤販","zone":"中彰投","city":"臺中市","area":"烏日區","market_name":"烏日第一公有零售市場","market_address":"臺中市烏日區烏日里三民街206號","pay_list":"","pay_tool":"","行業代號":null,"行業代號1":null,"名稱1":null,"行業代號2":null,"名稱2":null,"行業代號3":null,"名稱3":null},{"index":32,"id":10035501,"user":"王亭予","shop":"烏日第一公有零售市場-陳榮興台灣生鮮肉品","category":"夜市/市場攤販","zone":"中彰投","city":"臺中市","area":"烏日區","market_name":"烏日第一公有零售市場","market_address":"臺中市烏日區烏日里三民街206號","pay_list":"","pay_tool":"","行業代號":null,"行業代號1":null,"名稱1":null,"行業代號2":null,"名稱2":null,"行業代號3":null,"名稱3":null},{"index":33,"id":10035502,"user":"葉滿祥","shop":"烏日第一公有零售市場-陳榮興台灣生鮮肉品","category":"夜市/市場攤販","zone":"中彰投","city":"臺中市","area":"烏日區","market_name":"烏日第一公有零售市場","market_address":"臺中市烏日區烏日里三民街206號","pay_list":"","pay_tool":"","行業代號":null,"行業代號1":null,"名稱1":null,"行業代號2":null,"名稱2":null,"行業代號3":null,"名稱3":null},{"index":34,"id":10035503,"user":"林杏燕","shop":"烏日第一公有零售市場-林鮮魚店","category":"夜市/市場攤販","zone":"中彰投","city":"臺中市","area":"烏日區","market_name":"烏日第一公有零售市場","market_address":"臺中市烏日區烏日里三民街206號","pay_list":"","pay_tool":"","行業代號":null,"行業代號1":null,"名稱1":null,"行業代號2":null,"名稱2":null,"行業代號3":null,"名稱3":null},{"index":35,"id":10035505,"user":"柯玉銘","shop":"烏日第一公有零售市場-口福專賣店","category":"夜市/市場攤販","zone":"中彰投","city":"臺中市","area":"烏日區","market_name":"烏日第一公有零售市場","market_address":"臺中市烏日區烏日里三民街206號","pay_list":"","pay_tool":"","行業代號":null,"行業代號1":null,"名稱1":null,"行業代號2":null,"名稱2":null,"行業代號3":null,"名稱3":null},{"index":36,"id":10035506,"user":"黃彩蓮","shop":"烏日第一公有零售市場-口福專賣店","category":"夜市/市場攤販","zone":"中彰投","city":"臺中市","area":"烏日區","market_name":"烏日第一公有零售市場","market_address":"臺中市烏日區烏日里三民街206號","pay_list":"","pay_tool":"","行業代號":null,"行業代號1":null,"名稱1":null,"行業代號2":null,"名稱2":null,"行業代號3":null,"名稱3":null},{"index":37,"id":10035507,"user":"楊士正","shop":"烏日第一公有零售市場-楊鵝肉攤","category":"夜市/市場攤販","zone":"中彰投","city":"臺中市","area":"烏日區","market_name":"烏日第一公有零售市場","market_address":"臺中市烏日區烏日里三民街206號","pay_list":"","pay_tool":"","行業代號":null,"行業代號1":null,"名稱1":null,"行業代號2":null,"名稱2":null,"行業代號3":null,"名稱3":null},{"index":38,"id":10035508,"user":"楊陳李","shop":"烏日第一公有零售市場-楊滷肉攤","category":"夜市/市場攤販","zone":"中彰投","city":"臺中市","area":"烏日區","market_name":"烏日第一公有零售市場","market_address":"臺中市烏日區烏日里三民街206號","pay_list":"","pay_tool":"","行業代號":null,"行業代號1":null,"名稱1":null,"行業代號2":null,"名稱2":null,"行業代號3":null,"名稱3":null},{"index":39,"id":10035509,"user":"林銘倉","shop":"烏日第一公有零售市場-林銘倉","category":"夜市/市場攤販","zone":"中彰投","city":"臺中市","area":"烏日區","market_name":"烏日第一公有零售市場","market_address":"臺中市烏日區烏日里三民街206號","pay_list":"","pay_tool":"","行業代號":null,"行業代號1":null,"名稱1":null,"行業代號2":null,"名稱2":null,"行業代號3":null,"名稱3":null},{"index":40,"id":10035510,"user":"許智偉","shop":"烏日第一公有零售市場-許智偉","category":"夜市/市場攤販","zone":"中彰投","city":"臺中市","area":"烏日區","market_name":"烏日第一公有零售市場","market_address":"臺中市烏日區烏日里三民街206號","pay_list":"","pay_tool":"","行業代號":null,"行業代號1":null,"名稱1":null,"行業代號2":null,"名稱2":null,"行業代號3":null,"名稱3":null},{"index":41,"id":10035511,"user":"葉萬億","shop":"烏日第一公有零售市場-葉萬億","category":"夜市/市場攤販","zone":"中彰投","city":"臺中市","area":"烏日區","market_name":"烏日第一公有零售市場","market_address":"臺中市烏日區烏日里三民街206號","pay_list":"","pay_tool":"","行業代號":null,"行業代號1":null,"名稱1":null,"行業代號2":null,"名稱2":null,"行業代號3":null,"名稱3":null},{"index":42,"id":10035512,"user":"蕭榮吉","shop":"烏日第一公有零售市場-蕭榮吉","category":"夜市/市場攤販","zone":"中彰投","city":"臺中市","area":"烏日區","market_name":"烏日第一公有零售市場","market_address":"臺中市烏日區烏日里三民街206號","pay_list":"","pay_tool":"","行業代號":null,"行業代號1":null,"名稱1":null,"行業代號2":null,"名稱2":null,"行業代號3":null,"名稱3":null},{"index":43,"id":10035513,"user":"蕭文雄","shop":"烏日第一公有零售市場-蕭文雄","category":"夜市/市場攤販","zone":"中彰投","city":"臺中市","area":"烏日區","market_name":"烏日第一公有零售市場","market_address":"臺中市烏日區烏日里三民街206號","pay_list":"","pay_tool":"","行業代號":null,"行業代號1":null,"名稱1":null,"行業代號2":null,"名稱2":null,"行業代號3":null,"名稱3":null},{"index":44,"id":10035514,"user":"陳重慶","shop":"烏日第一公有零售市場-陳重慶","category":"夜市/市場攤販","zone":"中彰投","city":"臺中市","area":"烏日區","market_name":"烏日第一公有零售市場","market_address":"臺中市烏日區烏日里三民街206號","pay_list":"","pay_tool":"","行業代號":null,"行業代號1":null,"名稱1":null,"行業代號2":null,"名稱2":null,"行業代號3":null,"名稱3":null},{"index":45,"id":10035516,"user":"莊千幸","shop":"烏日第一公有零售市場-莊千幸","category":"夜市/市場攤販","zone":"中彰投","city":"臺中市","area":"烏日區","market_name":"烏日第一公有零售市場","market_address":"臺中市烏日區烏日里三民街206號","pay_list":"","pay_tool":"","行業代號":null,"行業代號1":null,"名稱1":null,"行業代號2":null,"名稱2":null,"行業代號3":null,"名稱3":null},{"index":46,"id":10035517,"user":"簡臆珊","shop":"烏日第一公有零售市場-簡淡水魚","category":"夜市/市場攤販","zone":"中彰投","city":"臺中市","area":"烏日區","market_name":"烏日第一公有零售市場","market_address":"臺中市烏日區烏日里三民街206號","pay_list":"","pay_tool":"","行業代號":null,"行業代號1":null,"名稱1":null,"行業代號2":null,"名稱2":null,"行業代號3":null,"名稱3":null},{"index":47,"id":10035518,"user":"林淑珍","shop":"烏日第一公有零售市場-阿珍蔬菜行","category":"夜市/市場攤販","zone":"中彰投","city":"臺中市","area":"烏日區","market_name":"烏日第一公有零售市場","market_address":"臺中市烏日區烏日里三民街206號","pay_list":"","pay_tool":"","行業代號":null,"行業代號1":null,"名稱1":null,"行業代號2":null,"名稱2":null,"行業代號3":null,"名稱3":null},{"index":48,"id":10035519,"user":"羅翔","shop":"烏日第一公有零售市場-阿翔蔬菜","category":"夜市/市場攤販","zone":"中彰投","city":"臺中市","area":"烏日區","market_name":"烏日第一公有零售市場","market_address":"臺中市烏日區烏日里三民街206號","pay_list":"","pay_tool":"","行業代號":null,"行業代號1":null,"名稱1":null,"行業代號2":null,"名稱2":null,"行業代號3":null,"名稱3":null},{"index":49,"id":10035520,"user":"錢福連","shop":"烏日第一公有零售市場-土生蔬菜行","category":"夜市/市場攤販","zone":"中彰投","city":"臺中市","area":"烏日區","market_name":"烏日第一公有零售市場","market_address":"臺中市烏日區烏日里三民街206號","pay_list":"","pay_tool":"","行業代號":null,"行業代號1":null,"名稱1":null,"行業代號2":null,"名稱2":null,"行業代號3":null,"名稱3":null},{"index":50,"id":10035521,"user":"陳怡榮","shop":"烏日第一公有零售市場-陳素食攤","category":"夜市/市場攤販","zone":"中彰投","city":"臺中市","area":"烏日區","market_name":"烏日第一公有零售市場","market_address":"臺中市烏日區烏日里三民街206號","pay_list":"","pay_tool":"","行業代號":null,"行業代號1":null,"名稱1":null,"行業代號2":null,"名稱2":null,"行業代號3":null,"名稱3":null},{"index":51,"id":10035522,"user":"楊惠玲","shop":"烏日第一公有零售市場-阿得蔬菜行","category":"夜市/市場攤販","zone":"中彰投","city":"臺中市","area":"烏日區","market_name":"烏日第一公有零售市場","market_address":"臺中市烏日區烏日里三民街206號","pay_list":"","pay_tool":"","行業代號":null,"行業代號1":null,"名稱1":null,"行業代號2":null,"名稱2":null,"行業代號3":null,"名稱3":null},{"index":52,"id":10035523,"user":"林榮鉉","shop":"烏日第一公有零售市場-香格里拉蔬菜行","category":"夜市/市場攤販","zone":"中彰投","city":"臺中市","area":"烏日區","market_name":"烏日第一公有零售市場","market_address":"臺中市烏日區烏日里三民街206號","pay_list":"","pay_tool":"","行業代號":null,"行業代號1":null,"名稱1":null,"行業代號2":null,"名稱2":null,"行業代號3":null,"名稱3":null},{"index":53,"id":10035524,"user":"張秀鳳","shop":"烏日第一公有零售市場-張手工包子饅頭麵包攤","category":"夜市/市場攤販","zone":"中彰投","city":"臺中市","area":"烏日區","market_name":"烏日第一公有零售市場","market_address":"臺中市烏日區烏日里三民街206號","pay_list":"","pay_tool":"","行業代號":null,"行業代號1":null,"名稱1":null,"行業代號2":null,"名稱2":null,"行業代號3":null,"名稱3":null},{"index":54,"id":10035525,"user":"王四潭","shop":"烏日第一公有零售市場-龍井王（雞、鴨肉）","category":"夜市/市場攤販","zone":"中彰投","city":"臺中市","area":"烏日區","market_name":"烏日第一公有零售市場","market_address":"臺中市烏日區烏日里三民街206號","pay_list":"","pay_tool":"","行業代號":null,"行業代號1":null,"名稱1":null,"行業代號2":null,"名稱2":null,"行業代號3":null,"名稱3":null},{"index":55,"id":10035527,"user":"陳淑芬","shop":"烏日第一公有零售市場-三香行（紅龜粿、發粿、芋粿）","category":"夜市/市場攤販","zone":"中彰投","city":"臺中市","area":"烏日區","market_name":"烏日第一公有零售市場","market_address":"臺中市烏日區烏日里三民街206號","pay_list":"","pay_tool":"","行業代號":null,"行業代號1":null,"名稱1":null,"行業代號2":null,"名稱2":null,"行業代號3":null,"名稱3":null},{"index":56,"id":10035528,"user":"林庭儀","shop":"烏日第一公有零售市場-素食平安麵","category":"夜市/市場攤販","zone":"中彰投","city":"臺中市","area":"烏日區","market_name":"烏日第一公有零售市場","market_address":"臺中市烏日區烏日里三民街206號","pay_list":"","pay_tool":"","行業代號":null,"行業代號1":null,"名稱1":null,"行業代號2":null,"名稱2":null,"行業代號3":null,"名稱3":null},{"index":57,"id":10035529,"user":"蘇大華","shop":"烏日第一公有零售市場-蘇素食","category":"夜市/市場攤販","zone":"中彰投","city":"臺中市","area":"烏日區","market_name":"烏日第一公有零售市場","market_address":"臺中市烏日區烏日里三民街206號","pay_list":"","pay_tool":"","行業代號":null,"行業代號1":null,"名稱1":null,"行業代號2":null,"名稱2":null,"行業代號3":null,"名稱3":null},{"index":58,"id":10035530,"user":"鄭玉秀","shop":"烏日第一公有零售市場-秀妹小吃","category":"夜市/市場攤販","zone":"中彰投","city":"臺中市","area":"烏日區","market_name":"烏日第一公有零售市場","market_address":"臺中市烏日區烏日里三民街206號","pay_list":"","pay_tool":"","行業代號":null,"行業代號1":null,"名稱1":null,"行業代號2":null,"名稱2":null,"行業代號3":null,"名稱3":null},{"index":59,"id":10035531,"user":"李美珠","shop":"烏日第一公有零售市場-阿珠早餐店","category":"夜市/市場攤販","zone":"中彰投","city":"臺中市","area":"烏日區","market_name":"烏日第一公有零售市場","market_address":"臺中市烏日區烏日里三民街206號","pay_list":"","pay_tool":"","行業代號":null,"行業代號1":null,"名稱1":null,"行業代號2":null,"名稱2":null,"行業代號3":null,"名稱3":null},{"index":60,"id":10035532,"user":"楊許菜甲","shop":"烏日第一公有零售市場-素秩山雞肉","category":"夜市/市場攤販","zone":"中彰投","city":"臺中市","area":"烏日區","market_name":"烏日第一公有零售市場","market_address":"臺中市烏日區烏日里三民街206號","pay_list":"","pay_tool":"","行業代號":null,"行業代號1":null,"名稱1":null,"行業代號2":null,"名稱2":null,"行業代號3":null,"名稱3":null},{"index":61,"id":10035533,"user":"林美鳳","shop":"烏日第一公有零售市場-好朋友（水餃、肉粽、碗粿）","category":"夜市/市場攤販","zone":"中彰投","city":"臺中市","area":"烏日區","market_name":"烏日第一公有零售市場","market_address":"臺中市烏日區烏日里三民街206號","pay_list":"","pay_tool":"","行業代號":null,"行業代號1":null,"名稱1":null,"行業代號2":null,"名稱2":null,"行業代號3":null,"名稱3":null},{"index":62,"id":10035534,"user":"劉夢玲","shop":"烏日第一公有零售市場-阿月豆花店","category":"夜市/市場攤販","zone":"中彰投","city":"臺中市","area":"烏日區","market_name":"烏日第一公有零售市場","market_address":"臺中市烏日區烏日里三民街206號","pay_list":"","pay_tool":"","行業代號":null,"行業代號1":null,"名稱1":null,"行業代號2":null,"名稱2":null,"行業代號3":null,"名稱3":null},{"index":63,"id":10035535,"user":"蔡錦芬","shop":"烏日第一公有零售市場-美香素食長壽麵","category":"夜市/市場攤販","zone":"中彰投","city":"臺中市","area":"烏日區","market_name":"烏日第一公有零售市場","market_address":"臺中市烏日區烏日里三民街206號","pay_list":"","pay_tool":"","行業代號":null,"行業代號1":null,"名稱1":null,"行業代號2":null,"名稱2":null,"行業代號3":null,"名稱3":null},{"index":64,"id":10035536,"user":"楊潘阿嬌","shop":"烏日第一公有零售市場-阿嬌刈包","category":"夜市/市場攤販","zone":"中彰投","city":"臺中市","area":"烏日區","market_name":"烏日第一公有零售市場","market_address":"臺中市烏日區烏日里三民街206號","pay_list":"","pay_tool":"","行業代號":null,"行業代號1":null,"名稱1":null,"行業代號2":null,"名稱2":null,"行業代號3":null,"名稱3":null},{"index":65,"id":10035538,"user":"陳瑋玟","shop":"烏日第一公有零售市場-美香素食長壽麵","category":"夜市/市場攤販","zone":"中彰投","city":"臺中市","area":"烏日區","market_name":"烏日第一公有零售市場","market_address":"臺中市烏日區烏日里三民街206號","pay_list":"","pay_tool":"","行業代號":null,"行業代號1":null,"名稱1":null,"行業代號2":null,"名稱2":null,"行業代號3":null,"名稱3":null},{"index":66,"id":10035539,"user":"蘇淑錦","shop":"烏日第一公有零售市場-蘇手工藝","category":"夜市/市場攤販","zone":"中彰投","city":"臺中市","area":"烏日區","market_name":"烏日第一公有零售市場","market_address":"臺中市烏日區烏日里三民街206號","pay_list":"","pay_tool":"","行業代號":null,"行業代號1":null,"名稱1":null,"行業代號2":null,"名稱2":null,"行業代號3":null,"名稱3":null},{"index":67,"id":10035540,"user":"陳月枝","shop":"烏日第一公有零售市場-陳月枝","category":"夜市/市場攤販","zone":"中彰投","city":"臺中市","area":"烏日區","market_name":"烏日第一公有零售市場","market_address":"臺中市烏日區烏日里三民街206號","pay_list":"","pay_tool":"","行業代號":null,"行業代號1":null,"名稱1":null,"行業代號2":null,"名稱2":null,"行業代號3":null,"名稱3":null},{"index":68,"id":10035541,"user":"林秀娥","shop":"烏日第一公有零售市場-林秀娥","category":"夜市/市場攤販","zone":"中彰投","city":"臺中市","area":"烏日區","market_name":"烏日第一公有零售市場","market_address":"臺中市烏日區烏日里三民街206號","pay_list":"","pay_tool":"","行業代號":null,"行業代號1":null,"名稱1":null,"行業代號2":null,"名稱2":null,"行業代號3":null,"名稱3":null},{"index":69,"id":10035542,"user":"許誌盛","shop":"烏日第一公有零售市場-十八羅漢一條根酸痛布","category":"夜市/市場攤販","zone":"中彰投","city":"臺中市","area":"烏日區","market_name":"烏日第一公有零售市場","market_address":"臺中市烏日區烏日里三民街206號","pay_list":"","pay_tool":"","行業代號":null,"行業代號1":null,"名稱1":null,"行業代號2":null,"名稱2":null,"行業代號3":null,"名稱3":null},{"index":70,"id":10035543,"user":"劉阿珠","shop":"烏日第一公有零售市場-阿珠新鮮蛋","category":"夜市/市場攤販","zone":"中彰投","city":"臺中市","area":"烏日區","market_name":"烏日第一公有零售市場","market_address":"臺中市烏日區烏日里三民街206號","pay_list":"","pay_tool":"","行業代號":null,"行業代號1":null,"名稱1":null,"行業代號2":null,"名稱2":null,"行業代號3":null,"名稱3":null},{"index":71,"id":10035544,"user":"陳建男","shop":"烏日第一公有零售市場-台灣味豆花","category":"夜市/市場攤販","zone":"中彰投","city":"臺中市","area":"烏日區","market_name":"烏日第一公有零售市場","market_address":"臺中市烏日區烏日里三民街206號","pay_list":"","pay_tool":"","行業代號":null,"行業代號1":null,"名稱1":null,"行業代號2":null,"名稱2":null,"行業代號3":null,"名稱3":null},{"index":72,"id":10035545,"user":"趙恭信","shop":"烏日第一公有零售市場-阿信市集","category":"夜市/市場攤販","zone":"中彰投","city":"臺中市","area":"烏日區","market_name":"烏日第一公有零售市場","market_address":"臺中市烏日區烏日里三民街206號","pay_list":"","pay_tool":"","行業代號":null,"行業代號1":null,"名稱1":null,"行業代號2":null,"名稱2":null,"行業代號3":null,"名稱3":null},{"index":73,"id":10035546,"user":"許?","shop":"烏日第一公有零售市場-阿雙蔬菜行","category":"夜市/市場攤販","zone":"中彰投","city":"臺中市","area":"烏日區","market_name":"烏日第一公有零售市場","market_address":"臺中市烏日區烏日里三民街206號","pay_list":"","pay_tool":"","行業代號":null,"行業代號1":null,"名稱1":null,"行業代號2":null,"名稱2":null,"行業代號3":null,"名稱3":null},{"index":74,"id":10035547,"user":"劉賴蔥","shop":"烏日第一公有零售市場-劉賴蔥","category":"夜市/市場攤販","zone":"中彰投","city":"臺中市","area":"烏日區","market_name":"烏日第一公有零售市場","market_address":"臺中市烏日區烏日里三民街206號","pay_list":"","pay_tool":"","行業代號":null,"行業代號1":null,"名稱1":null,"行業代號2":null,"名稱2":null,"行業代號3":null,"名稱3":null},{"index":75,"id":20003488,"user":"楊倉昇","shop":"天一素食","category":["夜市/市場攤販"],"zone":"中彰投","city":"臺中市","area":"烏日區","market_name":["餐食攤販"],"market_address":"臺中市烏日區溪埧里１鄰溪南路１段７６８號","pay_list":"","pay_tool":"","行業代號":null,"行業代號1":null,"名稱1":null,"行業代號2":null,"名稱2":null,"行業代號3":null,"名稱3":null},{"index":76,"id":20008929,"user":"楊文寶","shop":"上億行","category":["夜市/市場攤販"],"zone":"中彰投","city":"臺中市","area":"烏日區","market_name":["餐食攤販"],"market_address":"臺中市烏日區溪埧里１鄰溪南路１段７７２號","pay_list":"","pay_tool":"","行業代號":null,"行業代號1":null,"名稱1":null,"行業代號2":null,"名稱2":null,"行業代號3":null,"名稱3":null},{"index":77,"id":20008932,"user":"廖秀花","shop":"牧牧屋小店","category":["夜市/市場攤販"],"zone":"中彰投","city":"臺中市","area":"烏日區","market_name":["餐食攤販"],"market_address":"臺中市烏日區溪埧里４鄰溪南路１段５７３號","pay_list":"","pay_tool":"","行業代號":null,"行業代號1":null,"名稱1":null,"行業代號2":null,"名稱2":null,"行業代號3":null,"名稱3":null},{"index":78,"id":20008933,"user":"蔡林金快","shop":"溪南永和黑豆漿店","category":["夜市/市場攤販"],"zone":"中彰投","city":"臺中市","area":"烏日區","market_name":["餐食攤販"],"market_address":"臺中市烏日區溪埧里５鄰溪南路１段４５８號","pay_list":"","pay_tool":"","行業代號":null,"行業代號1":null,"名稱1":null,"行業代號2":null,"名稱2":null,"行業代號3":null,"名稱3":null},{"index":79,"id":20008934,"user":"賴樹枝","shop":"彭素食店","category":["夜市/市場攤販"],"zone":"中彰投","city":"臺中市","area":"烏日區","market_name":["餐食攤販"],"market_address":"臺中市烏日區溪埧里５鄰溪南路１段５１２號","pay_list":"","pay_tool":"","行業代號":null,"行業代號1":null,"名稱1":null,"行業代號2":null,"名稱2":null,"行業代號3":null,"名稱3":null},{"index":80,"id":20008946,"user":"楊崑祺","shop":"老牌肉圓麵店","category":["夜市/市場攤販"],"zone":"中彰投","city":"臺中市","area":"烏日區","market_name":["餐食攤販"],"market_address":"臺中市烏日區溪埧里１鄰溪南路１段７７０號","pay_list":"","pay_tool":"","行業代號":null,"行業代號1":null,"名稱1":null,"行業代號2":null,"名稱2":null,"行業代號3":null,"名稱3":null},{"index":81,"id":20010830,"user":"吳永洲","shop":"瑞麟美又美早餐店","category":["夜市/市場攤販"],"zone":"中彰投","city":"臺中市","area":"烏日區","market_name":["餐食攤販"],"market_address":"臺中市烏日區溪埧里溪南路１段２６９號","pay_list":"","pay_tool":"","行業代號":null,"行業代號1":null,"名稱1":null,"行業代號2":null,"名稱2":null,"行業代號3":null,"名稱3":null},{"index":82,"id":20010831,"user":"林戀嬌","shop":"早安美芝城","category":["夜市/市場攤販"],"zone":"中彰投","city":"臺中市","area":"烏日區","market_name":["餐食攤販"],"market_address":"臺中市烏日區螺潭里９鄰溪南路２段２７８號","pay_list":"","pay_tool":"","行業代號":null,"行業代號1":null,"名稱1":null,"行業代號2":null,"名稱2":null,"行業代號3":null,"名稱3":null},{"index":83,"id":20012998,"user":"林秀","shop":"陳記速食店","category":["夜市/市場攤販"],"zone":"中彰投","city":"臺中市","area":"烏日區","market_name":["餐食攤販"],"market_address":"臺中市烏日區溪埧里１鄰溪南路１段７６０號","pay_list":"","pay_tool":"","行業代號":null,"行業代號1":null,"名稱1":null,"行業代號2":null,"名稱2":null,"行業代號3":null,"名稱3":null},{"index":84,"id":20013147,"user":"鐘美惠","shop":"古早味小吃店","category":["夜市/市場攤販"],"zone":"中彰投","city":"臺中市","area":"烏日區","market_name":["餐食攤販"],"market_address":"臺中市烏日區溪埧里１０鄰溪南路１段１２８號","pay_list":"","pay_tool":"","行業代號":null,"行業代號1":null,"名稱1":null,"行業代號2":null,"名稱2":null,"行業代號3":null,"名稱3":null},{"index":85,"id":20013772,"user":"廖述瑜","shop":"大元三商行","category":["夜市/市場攤販","餐飲"],"zone":"中彰投","city":"臺中市","area":"烏日區","market_name":["餐食攤販","消防設備批發","調理飲料攤販"],"market_address":"臺中市烏日區烏日里１５鄰中山路２段２０７號","pay_list":"","pay_tool":"","行業代號":null,"行業代號1":null,"名稱1":null,"行業代號2":null,"名稱2":null,"行業代號3":null,"名稱3":null},{"index":86,"id":20014508,"user":"黃志興","shop":"吉利","category":["夜市/市場攤販"],"zone":"中彰投","city":"臺中市","area":"烏日區","market_name":["餐食攤販"],"market_address":"臺中市烏日區仁德里１３鄰信義街２３２號騎樓","pay_list":"","pay_tool":"","行業代號":null,"行業代號1":null,"名稱1":null,"行業代號2":null,"名稱2":null,"行業代號3":null,"名稱3":null},{"index":87,"id":20033249,"user":"洪賜欽","shop":"烏日烤肉之家","category":["夜市/市場攤販"],"zone":"中彰投","city":"臺中市","area":"烏日區","market_name":["餐食攤販"],"market_address":"臺中市烏日區烏日里３鄰中山路２段１７９號１樓","pay_list":"","pay_tool":"","行業代號":null,"行業代號1":null,"名稱1":null,"行業代號2":null,"名稱2":null,"行業代號3":null,"名稱3":null},{"index":88,"id":20050004,"user":"蔡錦芬","shop":"美香素食小吃店","category":["夜市/市場攤販"],"zone":"中彰投","city":"臺中市","area":"烏日區","market_name":["餐食攤販"],"market_address":"臺中市烏日區烏日里三民街２０６號Ｃ０２４攤位","pay_list":"","pay_tool":"","行業代號":null,"行業代號1":null,"名稱1":null,"行業代號2":null,"名稱2":null,"行業代號3":null,"名稱3":null},{"index":89,"id":20054156,"user":"呂淑娟","shop":"麵線糊","category":["夜市/市場攤販"],"zone":"中彰投","city":"臺中市","area":"烏日區","market_name":["餐食攤販"],"market_address":"臺中市烏日區榮泉里榮和路１５５號旁（新榮泉段２９地號）","pay_list":"","pay_tool":"","行業代號":null,"行業代號1":null,"名稱1":null,"行業代號2":null,"名稱2":null,"行業代號3":null,"名稱3":null},{"index":90,"id":20054216,"user":"葉建立","shop":"葉記小籠包","category":["夜市/市場攤販"],"zone":"中彰投","city":"臺中市","area":"烏日區","market_name":["餐食攤販"],"market_address":"臺中市烏日區榮泉里榮和路１５５號旁（新榮泉段２９地號）","pay_list":"","pay_tool":"","行業代號":null,"行業代號1":null,"名稱1":null,"行業代號2":null,"名稱2":null,"行業代號3":null,"名稱3":null},{"index":91,"id":20057506,"user":"趙琪立","shop":"趙家焢肉粽","category":["夜市/市場攤販"],"zone":"中彰投","city":"臺中市","area":"烏日區","market_name":["餐食攤販"],"market_address":"臺中市烏日區烏日里光日路（烏日夜市７攤位）","pay_list":"","pay_tool":"","行業代號":null,"行業代號1":null,"名稱1":null,"行業代號2":null,"名稱2":null,"行業代號3":null,"名稱3":null},{"index":92,"id":20057664,"user":"蘇寶堂","shop":"宮太鮮","category":["夜市/市場攤販"],"zone":"中彰投","city":"臺中市","area":"烏日區","market_name":["餐食攤販"],"market_address":"臺中市烏日區烏日里三民街１３８號門口","pay_list":"","pay_tool":"","行業代號":null,"行業代號1":null,"名稱1":null,"行業代號2":null,"名稱2":null,"行業代號3":null,"名稱3":null},{"index":93,"id":20060832,"user":"楊碧珠","shop":"喜多商行","category":["夜市/市場攤販"],"zone":"中彰投","city":"臺中市","area":"烏日區","market_name":["餐食攤販"],"market_address":"臺中市烏日區溪埧里４鄰溪南路１段６８６號","pay_list":"","pay_tool":"","行業代號":null,"行業代號1":null,"名稱1":null,"行業代號2":null,"名稱2":null,"行業代號3":null,"名稱3":null},{"index":94,"id":60069535,"user":"廖美智","shop":"溪壩冷熱飲店","category":["夜市/市場攤販"],"zone":"中彰投","city":"臺中市","area":"烏日區","market_name":["餐食攤販"],"market_address":"臺中市烏日區溪埧里４鄰溪南路１段６９０號","pay_list":null,"pay_tool":null,"行業代號":"561200","行業代號1":"","名稱1":"","行業代號2":"","名稱2":"","行業代號3":"","名稱3":""},{"index":95,"id":60123952,"user":"張文杰","shop":"文華小吃店","category":["夜市/市場攤販"],"zone":"中彰投","city":"臺中市","area":"烏日區","market_name":["餐食攤販"],"market_address":"臺中市烏日區榮泉里１５鄰中山路３段６０９號","pay_list":null,"pay_tool":null,"行業代號":"561200","行業代號1":"","名稱1":"","行業代號2":"","名稱2":"","行業代號3":"","名稱3":""}]