[{"index":1,"id":10004745,"user":"林玲峰","shop":"莿桐公有零售市場-錫禧海產攤","category":"夜市/市場攤販","zone":"雲嘉南","city":"雲林縣","area":"莿桐鄉","market_name":"莿桐公有零售市場","market_address":"雲林縣莿桐鄉莿桐村中山路100號","pay_list":"","pay_tool":"","行業代號":null,"行業代號1":null,"名稱1":null,"行業代號2":null,"名稱2":null,"行業代號3":null,"名稱3":null},{"index":2,"id":10004746,"user":"張素香","shop":"莿桐公有零售市場-錫禧海產攤","category":"夜市/市場攤販","zone":"雲嘉南","city":"雲林縣","area":"莿桐鄉","market_name":"莿桐公有零售市場","market_address":"雲林縣莿桐鄉莿桐村中山路100號","pay_list":"","pay_tool":"","行業代號":null,"行業代號1":null,"名稱1":null,"行業代號2":null,"名稱2":null,"行業代號3":null,"名稱3":null},{"index":3,"id":10004747,"user":"林錫祐","shop":"莿桐公有零售市場-錫禧海產攤","category":"夜市/市場攤販","zone":"雲嘉南","city":"雲林縣","area":"莿桐鄉","market_name":"莿桐公有零售市場","market_address":"雲林縣莿桐鄉莿桐村中山路100號","pay_list":"","pay_tool":"","行業代號":null,"行業代號1":null,"名稱1":null,"行業代號2":null,"名稱2":null,"行業代號3":null,"名稱3":null},{"index":4,"id":10004749,"user":"林宏裕","shop":"莿桐公有零售市場-錫禧海產攤","category":"夜市/市場攤販","zone":"雲嘉南","city":"雲林縣","area":"莿桐鄉","market_name":"莿桐公有零售市場","market_address":"雲林縣莿桐鄉莿桐村中山路100號","pay_list":"","pay_tool":"","行業代號":null,"行業代號1":null,"名稱1":null,"行業代號2":null,"名稱2":null,"行業代號3":null,"名稱3":null},{"index":5,"id":10004750,"user":"林宏鋅","shop":"莿桐公有零售市場-錫禧海產攤","category":"夜市/市場攤販","zone":"雲嘉南","city":"雲林縣","area":"莿桐鄉","market_name":"莿桐公有零售市場","market_address":"雲林縣莿桐鄉莿桐村中山路100號","pay_list":"","pay_tool":"","行業代號":null,"行業代號1":null,"名稱1":null,"行業代號2":null,"名稱2":null,"行業代號3":null,"名稱3":null},{"index":6,"id":10004751,"user":"郭惠駖","shop":"莿桐公有零售市場-俊南豬肉攤","category":"夜市/市場攤販","zone":"雲嘉南","city":"雲林縣","area":"莿桐鄉","market_name":"莿桐公有零售市場","market_address":"雲林縣莿桐鄉莿桐村中山路100號","pay_list":"","pay_tool":"","行業代號":null,"行業代號1":null,"名稱1":null,"行業代號2":null,"名稱2":null,"行業代號3":null,"名稱3":null},{"index":7,"id":10004752,"user":"林宣如","shop":"莿桐公有零售市場-水銀早點","category":"夜市/市場攤販","zone":"雲嘉南","city":"雲林縣","area":"莿桐鄉","market_name":"莿桐公有零售市場","market_address":"雲林縣莿桐鄉莿桐村中山路100號","pay_list":"","pay_tool":"","行業代號":null,"行業代號1":null,"名稱1":null,"行業代號2":null,"名稱2":null,"行業代號3":null,"名稱3":null},{"index":8,"id":10004753,"user":"林信德","shop":"莿桐公有零售市場-水銀早點","category":"夜市/市場攤販","zone":"雲嘉南","city":"雲林縣","area":"莿桐鄉","market_name":"莿桐公有零售市場","market_address":"雲林縣莿桐鄉莿桐村中山路100號","pay_list":"","pay_tool":"","行業代號":null,"行業代號1":null,"名稱1":null,"行業代號2":null,"名稱2":null,"行業代號3":null,"名稱3":null},{"index":9,"id":10004754,"user":"鍾寶珠","shop":"莿桐公有零售市場-早餐店","category":"夜市/市場攤販","zone":"雲嘉南","city":"雲林縣","area":"莿桐鄉","market_name":"莿桐公有零售市場","market_address":"雲林縣莿桐鄉莿桐村中山路100號","pay_list":"","pay_tool":"","行業代號":null,"行業代號1":null,"名稱1":null,"行業代號2":null,"名稱2":null,"行業代號3":null,"名稱3":null},{"index":10,"id":10004755,"user":"李建翰","shop":"莿桐公有零售市場-詩心豐日式鍋物","category":"夜市/市場攤販","zone":"雲嘉南","city":"雲林縣","area":"莿桐鄉","market_name":"莿桐公有零售市場","market_address":"雲林縣莿桐鄉莿桐村中山路100號","pay_list":"","pay_tool":"","行業代號":null,"行業代號1":null,"名稱1":null,"行業代號2":null,"名稱2":null,"行業代號3":null,"名稱3":null},{"index":11,"id":10004756,"user":"陳家傑","shop":"莿桐公有零售市場-詩心豐日式鍋物","category":"夜市/市場攤販","zone":"雲嘉南","city":"雲林縣","area":"莿桐鄉","market_name":"莿桐公有零售市場","market_address":"雲林縣莿桐鄉莿桐村中山路100號","pay_list":"","pay_tool":"","行業代號":null,"行業代號1":null,"名稱1":null,"行業代號2":null,"名稱2":null,"行業代號3":null,"名稱3":null},{"index":12,"id":10004757,"user":"王齊笙","shop":"莿桐公有零售市場-志源魚丸攤","category":"夜市/市場攤販","zone":"雲嘉南","city":"雲林縣","area":"莿桐鄉","market_name":"莿桐公有零售市場","market_address":"雲林縣莿桐鄉莿桐村中山路100號","pay_list":"","pay_tool":"","行業代號":null,"行業代號1":null,"名稱1":null,"行業代號2":null,"名稱2":null,"行業代號3":null,"名稱3":null},{"index":13,"id":10004758,"user":"廖錦松","shop":"莿桐公有零售市場-水餃、雜貨","category":"夜市/市場攤販","zone":"雲嘉南","city":"雲林縣","area":"莿桐鄉","market_name":"莿桐公有零售市場","market_address":"雲林縣莿桐鄉莿桐村中山路100號","pay_list":"","pay_tool":"","行業代號":null,"行業代號1":null,"名稱1":null,"行業代號2":null,"名稱2":null,"行業代號3":null,"名稱3":null},{"index":14,"id":10004760,"user":"林麗霞","shop":"莿桐公有零售市場-阿仁阿綢蔬菜攤","category":"夜市/市場攤販","zone":"雲嘉南","city":"雲林縣","area":"莿桐鄉","market_name":"莿桐公有零售市場","market_address":"雲林縣莿桐鄉莿桐村中山路100號","pay_list":"","pay_tool":"","行業代號":null,"行業代號1":null,"名稱1":null,"行業代號2":null,"名稱2":null,"行業代號3":null,"名稱3":null},{"index":15,"id":10004761,"user":"林廖說","shop":"莿桐公有零售市場-阿仁阿綢蔬菜攤","category":"夜市/市場攤販","zone":"雲嘉南","city":"雲林縣","area":"莿桐鄉","market_name":"莿桐公有零售市場","market_address":"雲林縣莿桐鄉莿桐村中山路100號","pay_list":"","pay_tool":"","行業代號":null,"行業代號1":null,"名稱1":null,"行業代號2":null,"名稱2":null,"行業代號3":null,"名稱3":null},{"index":16,"id":10004762,"user":"林書維","shop":"莿桐公有零售市場-書維魚丸攤","category":"夜市/市場攤販","zone":"雲嘉南","city":"雲林縣","area":"莿桐鄉","market_name":"莿桐公有零售市場","market_address":"雲林縣莿桐鄉莿桐村中山路100號","pay_list":"","pay_tool":"","行業代號":null,"行業代號1":null,"名稱1":null,"行業代號2":null,"名稱2":null,"行業代號3":null,"名稱3":null},{"index":17,"id":10004763,"user":"張親眼","shop":"莿桐公有零售市場-阿芳眼鏡蔬菜攤","category":"夜市/市場攤販","zone":"雲嘉南","city":"雲林縣","area":"莿桐鄉","market_name":"莿桐公有零售市場","market_address":"雲林縣莿桐鄉莿桐村中山路100號","pay_list":"","pay_tool":"","行業代號":null,"行業代號1":null,"名稱1":null,"行業代號2":null,"名稱2":null,"行業代號3":null,"名稱3":null},{"index":18,"id":10004764,"user":"林俊材","shop":"莿桐公有零售市場-阿芳眼鏡蔬菜攤","category":"夜市/市場攤販","zone":"雲嘉南","city":"雲林縣","area":"莿桐鄉","market_name":"莿桐公有零售市場","market_address":"雲林縣莿桐鄉莿桐村中山路100號","pay_list":"","pay_tool":"","行業代號":null,"行業代號1":null,"名稱1":null,"行業代號2":null,"名稱2":null,"行業代號3":null,"名稱3":null},{"index":19,"id":10004765,"user":"林全成","shop":"莿桐公有零售市場-阿芳眼鏡蔬菜攤","category":"夜市/市場攤販","zone":"雲嘉南","city":"雲林縣","area":"莿桐鄉","market_name":"莿桐公有零售市場","market_address":"雲林縣莿桐鄉莿桐村中山路100號","pay_list":"","pay_tool":"","行業代號":null,"行業代號1":null,"名稱1":null,"行業代號2":null,"名稱2":null,"行業代號3":null,"名稱3":null},{"index":20,"id":10004766,"user":"林昌仁","shop":"莿桐公有零售市場-阿仁阿綢蔬菜攤","category":"夜市/市場攤販","zone":"雲嘉南","city":"雲林縣","area":"莿桐鄉","market_name":"莿桐公有零售市場","market_address":"雲林縣莿桐鄉莿桐村中山路100號","pay_list":"","pay_tool":"","行業代號":null,"行業代號1":null,"名稱1":null,"行業代號2":null,"名稱2":null,"行業代號3":null,"名稱3":null},{"index":21,"id":10004767,"user":"林麗綢","shop":"莿桐公有零售市場-阿仁阿綢蔬菜攤","category":"夜市/市場攤販","zone":"雲嘉南","city":"雲林縣","area":"莿桐鄉","market_name":"莿桐公有零售市場","market_address":"雲林縣莿桐鄉莿桐村中山路100號","pay_list":"","pay_tool":"","行業代號":null,"行業代號1":null,"名稱1":null,"行業代號2":null,"名稱2":null,"行業代號3":null,"名稱3":null},{"index":22,"id":10004768,"user":"高瑞松","shop":"莿桐公有零售市場-瑞松豬肉攤","category":"夜市/市場攤販","zone":"雲嘉南","city":"雲林縣","area":"莿桐鄉","market_name":"莿桐公有零售市場","market_address":"雲林縣莿桐鄉莿桐村中山路100號","pay_list":"","pay_tool":"","行業代號":null,"行業代號1":null,"名稱1":null,"行業代號2":null,"名稱2":null,"行業代號3":null,"名稱3":null},{"index":23,"id":10004769,"user":"林坤成","shop":"莿桐公有零售市場-坤成豬肉攤","category":"夜市/市場攤販","zone":"雲嘉南","city":"雲林縣","area":"莿桐鄉","market_name":"莿桐公有零售市場","market_address":"雲林縣莿桐鄉莿桐村中山路100號","pay_list":"","pay_tool":"","行業代號":null,"行業代號1":null,"名稱1":null,"行業代號2":null,"名稱2":null,"行業代號3":null,"名稱3":null},{"index":24,"id":10004771,"user":"鄭淑文","shop":"莿桐公有零售市場-千真肉舖","category":"夜市/市場攤販","zone":"雲嘉南","city":"雲林縣","area":"莿桐鄉","market_name":"莿桐公有零售市場","market_address":"雲林縣莿桐鄉莿桐村中山路100號","pay_list":"","pay_tool":"","行業代號":null,"行業代號1":null,"名稱1":null,"行業代號2":null,"名稱2":null,"行業代號3":null,"名稱3":null},{"index":25,"id":10004772,"user":"林義清","shop":"莿桐公有零售市場-坤成豬肉攤","category":"夜市/市場攤販","zone":"雲嘉南","city":"雲林縣","area":"莿桐鄉","market_name":"莿桐公有零售市場","market_address":"雲林縣莿桐鄉莿桐村中山路100號","pay_list":"","pay_tool":"","行業代號":null,"行業代號1":null,"名稱1":null,"行業代號2":null,"名稱2":null,"行業代號3":null,"名稱3":null},{"index":26,"id":10004773,"user":"鄭又仁","shop":"莿桐公有零售市場-千真肉舖","category":"夜市/市場攤販","zone":"雲嘉南","city":"雲林縣","area":"莿桐鄉","market_name":"莿桐公有零售市場","market_address":"雲林縣莿桐鄉莿桐村中山路100號","pay_list":"","pay_tool":"","行業代號":null,"行業代號1":null,"名稱1":null,"行業代號2":null,"名稱2":null,"行業代號3":null,"名稱3":null},{"index":27,"id":10004774,"user":"林琬貞","shop":"莿桐公有零售市場-志源魚丸攤","category":"夜市/市場攤販","zone":"雲嘉南","city":"雲林縣","area":"莿桐鄉","market_name":"莿桐公有零售市場","market_address":"雲林縣莿桐鄉莿桐村中山路100號","pay_list":"","pay_tool":"","行業代號":null,"行業代號1":null,"名稱1":null,"行業代號2":null,"名稱2":null,"行業代號3":null,"名稱3":null},{"index":28,"id":10004775,"user":"曾千真","shop":"莿桐公有零售市場-千真肉舖","category":"夜市/市場攤販","zone":"雲嘉南","city":"雲林縣","area":"莿桐鄉","market_name":"莿桐公有零售市場","market_address":"雲林縣莿桐鄉莿桐村中山路100號","pay_list":"","pay_tool":"","行業代號":null,"行業代號1":null,"名稱1":null,"行業代號2":null,"名稱2":null,"行業代號3":null,"名稱3":null},{"index":29,"id":10004776,"user":"林建龍","shop":"莿桐公有零售市場-佳佳香肉舖","category":"夜市/市場攤販","zone":"雲嘉南","city":"雲林縣","area":"莿桐鄉","market_name":"莿桐公有零售市場","market_address":"雲林縣莿桐鄉莿桐村中山路100號","pay_list":"","pay_tool":"","行業代號":null,"行業代號1":null,"名稱1":null,"行業代號2":null,"名稱2":null,"行業代號3":null,"名稱3":null},{"index":30,"id":10004777,"user":"林進財","shop":"莿桐公有零售市場-佳佳香肉舖","category":"夜市/市場攤販","zone":"雲嘉南","city":"雲林縣","area":"莿桐鄉","market_name":"莿桐公有零售市場","market_address":"雲林縣莿桐鄉莿桐村中山路100號","pay_list":"","pay_tool":"","行業代號":null,"行業代號1":null,"名稱1":null,"行業代號2":null,"名稱2":null,"行業代號3":null,"名稱3":null},{"index":31,"id":10004778,"user":"張秀美","shop":"莿桐公有零售市場-秀美雞肉攤","category":"夜市/市場攤販","zone":"雲嘉南","city":"雲林縣","area":"莿桐鄉","market_name":"莿桐公有零售市場","market_address":"雲林縣莿桐鄉莿桐村中山路100號","pay_list":"","pay_tool":"","行業代號":null,"行業代號1":null,"名稱1":null,"行業代號2":null,"名稱2":null,"行業代號3":null,"名稱3":null},{"index":32,"id":10004779,"user":"許美菊","shop":"莿桐公有零售市場-許美菊豬肉攤","category":"夜市/市場攤販","zone":"雲嘉南","city":"雲林縣","area":"莿桐鄉","market_name":"莿桐公有零售市場","market_address":"雲林縣莿桐鄉莿桐村中山路100號","pay_list":"","pay_tool":"","行業代號":null,"行業代號1":null,"名稱1":null,"行業代號2":null,"名稱2":null,"行業代號3":null,"名稱3":null},{"index":33,"id":10004780,"user":"楊政潔","shop":"莿桐公有零售市場-阿信專業雞肉","category":"夜市/市場攤販","zone":"雲嘉南","city":"雲林縣","area":"莿桐鄉","market_name":"莿桐公有零售市場","market_address":"雲林縣莿桐鄉莿桐村中山路100號","pay_list":"","pay_tool":"","行業代號":null,"行業代號1":null,"名稱1":null,"行業代號2":null,"名稱2":null,"行業代號3":null,"名稱3":null},{"index":34,"id":10004782,"user":"楊金女","shop":"莿桐公有零售市場-阿信專業雞肉","category":"夜市/市場攤販","zone":"雲嘉南","city":"雲林縣","area":"莿桐鄉","market_name":"莿桐公有零售市場","market_address":"雲林縣莿桐鄉莿桐村中山路100號","pay_list":"","pay_tool":"","行業代號":null,"行業代號1":null,"名稱1":null,"行業代號2":null,"名稱2":null,"行業代號3":null,"名稱3":null},{"index":35,"id":10004783,"user":"周  菊","shop":"莿桐公有零售市場-周  菊","category":"夜市/市場攤販","zone":"雲嘉南","city":"雲林縣","area":"莿桐鄉","market_name":"莿桐公有零售市場","market_address":"雲林縣莿桐鄉莿桐村中山路100號","pay_list":"","pay_tool":"","行業代號":null,"行業代號1":null,"名稱1":null,"行業代號2":null,"名稱2":null,"行業代號3":null,"名稱3":null},{"index":36,"id":10004784,"user":"周  菊","shop":"莿桐公有零售市場-周  菊","category":"夜市/市場攤販","zone":"雲嘉南","city":"雲林縣","area":"莿桐鄉","market_name":"莿桐公有零售市場","market_address":"雲林縣莿桐鄉莿桐村中山路100號","pay_list":"","pay_tool":"","行業代號":null,"行業代號1":null,"名稱1":null,"行業代號2":null,"名稱2":null,"行業代號3":null,"名稱3":null},{"index":37,"id":10004785,"user":"周  菊","shop":"莿桐公有零售市場-周  菊","category":"夜市/市場攤販","zone":"雲嘉南","city":"雲林縣","area":"莿桐鄉","market_name":"莿桐公有零售市場","market_address":"雲林縣莿桐鄉莿桐村中山路100號","pay_list":"","pay_tool":"","行業代號":null,"行業代號1":null,"名稱1":null,"行業代號2":null,"名稱2":null,"行業代號3":null,"名稱3":null},{"index":38,"id":20009346,"user":"吳志松","shop":"正宗川味牛肉麵","category":["夜市/市場攤販"],"zone":"雲嘉南","city":"雲林縣","area":"莿桐鄉","market_name":["餐食攤販"],"market_address":"雲林縣莿桐鄉莿桐村１２鄰中正路５４號對面（莿桐農會對面）","pay_list":"","pay_tool":"","行業代號":null,"行業代號1":null,"名稱1":null,"行業代號2":null,"名稱2":null,"行業代號3":null,"名稱3":null},{"index":39,"id":20009351,"user":"饒連招","shop":"饒連招麵攤","category":["夜市/市場攤販"],"zone":"雲嘉南","city":"雲林縣","area":"莿桐鄉","market_name":["餐食攤販"],"market_address":"雲林縣莿桐鄉莿桐村中正路５４號前","pay_list":"","pay_tool":"","行業代號":null,"行業代號1":null,"名稱1":null,"行業代號2":null,"名稱2":null,"行業代號3":null,"名稱3":null},{"index":40,"id":20009353,"user":"余勝煌","shop":"余勝煌","category":["夜市/市場攤販"],"zone":"雲嘉南","city":"雲林縣","area":"莿桐鄉","market_name":["餐食攤販"],"market_address":"雲林縣莿桐鄉莿桐村２１鄰中山路２２７號","pay_list":"","pay_tool":"","行業代號":null,"行業代號1":null,"名稱1":null,"行業代號2":null,"名稱2":null,"行業代號3":null,"名稱3":null},{"index":41,"id":20009387,"user":"周如玉","shop":"美又美早餐店","category":["夜市/市場攤販"],"zone":"雲嘉南","city":"雲林縣","area":"莿桐鄉","market_name":["餐食攤販"],"market_address":"雲林縣莿桐鄉莿桐村１８鄰中山路１１９號","pay_list":"","pay_tool":"","行業代號":null,"行業代號1":null,"名稱1":null,"行業代號2":null,"名稱2":null,"行業代號3":null,"名稱3":null},{"index":42,"id":20009398,"user":"許素美","shop":"莿桐素食","category":["夜市/市場攤販"],"zone":"雲嘉南","city":"雲林縣","area":"莿桐鄉","market_name":["餐食攤販"],"market_address":"雲林縣莿桐鄉莿桐村１２鄰中正路５７號","pay_list":"","pay_tool":"","行業代號":null,"行業代號1":null,"名稱1":null,"行業代號2":null,"名稱2":null,"行業代號3":null,"名稱3":null},{"index":43,"id":20009400,"user":"林建國","shop":"越南小吃部","category":["夜市/市場攤販"],"zone":"雲嘉南","city":"雲林縣","area":"莿桐鄉","market_name":["餐食攤販"],"market_address":"雲林縣莿桐鄉莿桐村中正路３１號前","pay_list":"","pay_tool":"","行業代號":null,"行業代號1":null,"名稱1":null,"行業代號2":null,"名稱2":null,"行業代號3":null,"名稱3":null},{"index":44,"id":20009401,"user":"魏叁榮","shop":"榮味早點","category":["夜市/市場攤販"],"zone":"雲嘉南","city":"雲林縣","area":"莿桐鄉","market_name":["餐食攤販"],"market_address":"雲林縣莿桐鄉莿桐村中山路１６５號騎樓","pay_list":"","pay_tool":"","行業代號":null,"行業代號1":null,"名稱1":null,"行業代號2":null,"名稱2":null,"行業代號3":null,"名稱3":null},{"index":45,"id":20009402,"user":"林鶯枝","shop":"安記脆皮炸雞","category":["夜市/市場攤販"],"zone":"雲嘉南","city":"雲林縣","area":"莿桐鄉","market_name":["餐食攤販"],"market_address":"雲林縣莿桐鄉莿桐村中正路５５號","pay_list":"","pay_tool":"","行業代號":null,"行業代號1":null,"名稱1":null,"行業代號2":null,"名稱2":null,"行業代號3":null,"名稱3":null},{"index":46,"id":20011340,"user":"洪黃秋桂","shop":"阿貴自助餐","category":["夜市/市場攤販"],"zone":"雲嘉南","city":"雲林縣","area":"莿桐鄉","market_name":["餐食攤販"],"market_address":"雲林縣莿桐鄉麻園村榮貫路６５號","pay_list":"","pay_tool":"","行業代號":null,"行業代號1":null,"名稱1":null,"行業代號2":null,"名稱2":null,"行業代號3":null,"名稱3":null},{"index":47,"id":20011586,"user":"王碧玉","shop":"王家牛肉麵","category":["夜市/市場攤販"],"zone":"雲嘉南","city":"雲林縣","area":"莿桐鄉","market_name":["餐食攤販"],"market_address":"雲林縣莿桐鄉甘西村甘西路１０９號１樓","pay_list":"","pay_tool":"","行業代號":null,"行業代號1":null,"名稱1":null,"行業代號2":null,"名稱2":null,"行業代號3":null,"名稱3":null},{"index":48,"id":20027102,"user":"何木駿","shop":"何木駿","category":["夜市/市場攤販"],"zone":"雲嘉南","city":"雲林縣","area":"莿桐鄉","market_name":["餐食攤販"],"market_address":"雲林縣莿桐鄉莿桐村７鄰中山路１４２號","pay_list":"","pay_tool":"","行業代號":null,"行業代號1":null,"名稱1":null,"行業代號2":null,"名稱2":null,"行業代號3":null,"名稱3":null},{"index":49,"id":20044341,"user":"周彩菊","shop":"早點之家","category":["夜市/市場攤販"],"zone":"雲嘉南","city":"雲林縣","area":"莿桐鄉","market_name":["餐食攤販"],"market_address":"雲林縣莿桐鄉莿桐村中山路１１６號","pay_list":"","pay_tool":"","行業代號":null,"行業代號1":null,"名稱1":null,"行業代號2":null,"名稱2":null,"行業代號3":null,"名稱3":null},{"index":50,"id":60006289,"user":"葉玫希","shop":"御守食品","category":["夜市/市場攤販"],"zone":"雲嘉南","city":"雲林縣","area":"莿桐鄉","market_name":["餐食攤販"],"market_address":"雲林縣莿桐鄉莿桐村中正路９９號１樓","pay_list":null,"pay_tool":null,"行業代號":"561200","行業代號1":"","名稱1":"","行業代號2":"","名稱2":"","行業代號3":"","名稱3":""}]