[{"index":1,"id":30037107,"category":"夜市小吃/市場","city":"新竹縣","area":"湖口鄉","market_name":"公有第一零售市場","market_address":"新竹縣湖口鄉民生街與達生路口","shop":"公有第一零售市場 甲19","pay_list":["台灣 PAY"],"zone":"桃竹苗","user":"劉鋐浩","pay_tool":["行動支付"]},{"index":2,"id":30037139,"category":"夜市小吃/市場","city":"新竹縣","area":"湖口鄉","market_name":"公有第一零售市場","market_address":"新竹縣湖口鄉民生街與達生路口","shop":"公有第一零售市場 特甲5","pay_list":["台灣 PAY"],"zone":"桃竹苗","user":"彭國波","pay_tool":["行動支付"]},{"index":3,"id":30037146,"category":"夜市小吃/市場","city":"新竹縣","area":"湖口鄉","market_name":"公有第一零售市場","market_address":"新竹縣湖口鄉民生街與達生路口","shop":"公有第一零售市場 乙1","pay_list":["台灣 PAY"],"zone":"桃竹苗","user":"?國禎","pay_tool":["行動支付"]},{"index":4,"id":30037210,"category":"夜市小吃/市場","city":"新竹縣","area":"湖口鄉","market_name":"公有第一零售市場","market_address":"新竹縣湖口鄉民生街與達生路口","shop":"公有第一零售市場 D2","pay_list":["台灣 PAY"],"zone":"桃竹苗","user":"?建智","pay_tool":["行動支付"]}]