[{"index":1,"id":20059259,"user":"鄭雅惠","shop":"珮棋熊熊屋","category":["夜市/市場攤販"],"zone":"桃竹苗","city":"新竹市","area":"香山區","market_name":["餐食攤販"],"market_address":"新竹市香山區中山路６４０巷（頂福公園旁）","pay_list":"","pay_tool":"","行業代號":null,"行業代號1":null,"名稱1":null,"行業代號2":null,"名稱2":null,"行業代號3":null,"名稱3":null},{"index":2,"id":60049514,"user":"林文雄","shop":"林家湯包店","category":["夜市/市場攤販"],"zone":"桃竹苗","city":"新竹市","area":"香山區","market_name":["餐食攤販"],"market_address":"新竹市香山區牛埔東路２１３號１樓","pay_list":null,"pay_tool":null,"行業代號":"561200","行業代號1":"","名稱1":"","行業代號2":"","名稱2":"","行業代號3":"","名稱3":""},{"index":3,"id":60050612,"user":"陳世杰","shop":"饌鮮現泡茶","category":["餐飲","夜市/市場攤販"],"zone":"桃竹苗","city":"新竹市","area":"香山區","market_name":["冰果店、冷（熱）飲店","餐食攤販"],"market_address":"新竹市香山區朝山里中華路５段４２０巷１６６弄１４號１樓","pay_list":null,"pay_tool":null,"行業代號":"563111","行業代號1":"561200","名稱1":"餐食攤販","行業代號2":"","名稱2":"","行業代號3":"","名稱3":""},{"index":4,"id":60106516,"user":"林秉澔","shop":"鼎順食坊","category":["夜市/市場攤販"],"zone":"桃竹苗","city":"新竹市","area":"香山區","market_name":["餐食攤販"],"market_address":"新竹市香山區中埔里牛埔東路１８５巷１９號１樓","pay_list":null,"pay_tool":null,"行業代號":"561200","行業代號1":"","名稱1":"","行業代號2":"","名稱2":"","行業代號3":"","名稱3":""}]