[{"index":1,"shop":"太原觀光夜市攤販集中區-小吟泰國蝦","zone":"中彰投","city":"臺中市","area":"北屯區","market_address":"北屯區太原路三段與和順路口","user":"陳小姐","行業代號":null,"market_name":"太原觀光夜市攤販集中區","行業代號1":null,"名稱1":null,"行業代號2":null,"名稱2":null,"行業代號3":null,"名稱3":null,"category":"夜市/市場攤販","id":10032573,"pay_list":"","pay_tool":""},{"index":2,"shop":"太原觀光夜市攤販集中區-香味杏鮑菇","zone":"中彰投","city":"臺中市","area":"北屯區","market_address":"北屯區太原路三段與和順路口","user":"許先生","行業代號":null,"market_name":"太原觀光夜市攤販集中區","行業代號1":null,"名稱1":null,"行業代號2":null,"名稱2":null,"行業代號3":null,"名稱3":null,"category":"夜市/市場攤販","id":10032574,"pay_list":"","pay_tool":""},{"index":3,"shop":"太原觀光夜市攤販集中區-清嫂古早味黑糖粉圓","zone":"中彰投","city":"臺中市","area":"北屯區","market_address":"北屯區太原路三段與和順路口","user":"陳先生","行業代號":null,"market_name":"太原觀光夜市攤販集中區","行業代號1":null,"名稱1":null,"行業代號2":null,"名稱2":null,"行業代號3":null,"名稱3":null,"category":"夜市/市場攤販","id":10032575,"pay_list":"","pay_tool":""},{"index":4,"shop":"太原觀光夜市攤販集中區-大腸包小腸","zone":"中彰投","city":"臺中市","area":"北屯區","market_address":"北屯區太原路三段與和順路口","user":"林先生","行業代號":null,"market_name":"太原觀光夜市攤販集中區","行業代號1":null,"名稱1":null,"行業代號2":null,"名稱2":null,"行業代號3":null,"名稱3":null,"category":"夜市/市場攤販","id":10032576,"pay_list":"","pay_tool":""},{"index":5,"shop":"太原觀光夜市攤販集中區-大甲芋頭牛奶","zone":"中彰投","city":"臺中市","area":"北屯區","market_address":"北屯區太原路三段與和順路口","user":"蘇先生","行業代號":null,"market_name":"太原觀光夜市攤販集中區","行業代號1":null,"名稱1":null,"行業代號2":null,"名稱2":null,"行業代號3":null,"名稱3":null,"category":"夜市/市場攤販","id":10032577,"pay_list":"","pay_tool":""},{"index":6,"shop":"太原觀光夜市攤販集中區-86兄弟乾炒芭樂","zone":"中彰投","city":"臺中市","area":"北屯區","market_address":"北屯區太原路三段與和順路口","user":"陳先生","行業代號":null,"market_name":"太原觀光夜市攤販集中區","行業代號1":null,"名稱1":null,"行業代號2":null,"名稱2":null,"行業代號3":null,"名稱3":null,"category":"夜市/市場攤販","id":10032578,"pay_list":"","pay_tool":""},{"index":7,"shop":"太原觀光夜市攤販集中區-半罐Ban Guah","zone":"中彰投","city":"臺中市","area":"北屯區","market_address":"北屯區太原路三段與和順路口","user":"林小姐","行業代號":null,"market_name":"太原觀光夜市攤販集中區","行業代號1":null,"名稱1":null,"行業代號2":null,"名稱2":null,"行業代號3":null,"名稱3":null,"category":"夜市/市場攤販","id":10032579,"pay_list":"","pay_tool":""},{"index":8,"shop":"太原觀光夜市攤販集中區-宜蘭花生糖冰淇淋","zone":"中彰投","city":"臺中市","area":"北屯區","market_address":"北屯區太原路三段與和順路口","user":"徐先生","行業代號":null,"market_name":"太原觀光夜市攤販集中區","行業代號1":null,"名稱1":null,"行業代號2":null,"名稱2":null,"行業代號3":null,"名稱3":null,"category":"夜市/市場攤販","id":10032581,"pay_list":"","pay_tool":""},{"index":9,"shop":"太原觀光夜市攤販集中區-獨門醬汁串燒臭豆腐","zone":"中彰投","city":"臺中市","area":"北屯區","market_address":"北屯區太原路三段與和順路口","user":"張小姐","行業代號":null,"market_name":"太原觀光夜市攤販集中區","行業代號1":null,"名稱1":null,"行業代號2":null,"名稱2":null,"行業代號3":null,"名稱3":null,"category":"夜市/市場攤販","id":10032582,"pay_list":"","pay_tool":""},{"index":10,"shop":"太原觀光夜市攤販集中區-翰記檸檬愛玉","zone":"中彰投","city":"臺中市","area":"北屯區","market_address":"北屯區太原路三段與和順路口","user":"簡先生","行業代號":null,"market_name":"太原觀光夜市攤販集中區","行業代號1":null,"名稱1":null,"行業代號2":null,"名稱2":null,"行業代號3":null,"名稱3":null,"category":"夜市/市場攤販","id":10032583,"pay_list":"","pay_tool":""},{"index":11,"shop":"太原觀光夜市攤販集中區-港式燒賣","zone":"中彰投","city":"臺中市","area":"北屯區","market_address":"北屯區太原路三段與和順路口","user":"羅小姐","行業代號":null,"market_name":"太原觀光夜市攤販集中區","行業代號1":null,"名稱1":null,"行業代號2":null,"名稱2":null,"行業代號3":null,"名稱3":null,"category":"夜市/市場攤販","id":10032584,"pay_list":"","pay_tool":""},{"index":12,"shop":"太原觀光夜市攤販集中區-海之星蚵仔包","zone":"中彰投","city":"臺中市","area":"北屯區","market_address":"北屯區太原路三段與和順路口","user":"楊先生","行業代號":null,"market_name":"太原觀光夜市攤販集中區","行業代號1":null,"名稱1":null,"行業代號2":null,"名稱2":null,"行業代號3":null,"名稱3":null,"category":"夜市/市場攤販","id":10032585,"pay_list":"","pay_tool":""},{"index":13,"shop":"太原觀光夜市攤販集中區-品香湯包煎餃紅薯","zone":"中彰投","city":"臺中市","area":"北屯區","market_address":"北屯區太原路三段與和順路口","user":"陳先生","行業代號":null,"market_name":"太原觀光夜市攤販集中區","行業代號1":null,"名稱1":null,"行業代號2":null,"名稱2":null,"行業代號3":null,"名稱3":null,"category":"夜市/市場攤販","id":10032586,"pay_list":"","pay_tool":""},{"index":14,"shop":"太原觀光夜市攤販集中區-color games三色土司夾冰淇淋","zone":"中彰投","city":"臺中市","area":"北屯區","market_address":"北屯區太原路三段與和順路口","user":"楊先生","行業代號":null,"market_name":"太原觀光夜市攤販集中區","行業代號1":null,"名稱1":null,"行業代號2":null,"名稱2":null,"行業代號3":null,"名稱3":null,"category":"夜市/市場攤販","id":10032587,"pay_list":"","pay_tool":""},{"index":15,"shop":"太原觀光夜市攤販集中區-魷魚船","zone":"中彰投","city":"臺中市","area":"北屯區","market_address":"北屯區太原路三段與和順路口","user":"曾先生","行業代號":null,"market_name":"太原觀光夜市攤販集中區","行業代號1":null,"名稱1":null,"行業代號2":null,"名稱2":null,"行業代號3":null,"名稱3":null,"category":"夜市/市場攤販","id":10032588,"pay_list":"","pay_tool":""},{"index":16,"shop":"太原觀光夜市攤販集中區-印度阿三甩餅","zone":"中彰投","city":"臺中市","area":"北屯區","market_address":"北屯區太原路三段與和順路口","user":"穆先生","行業代號":null,"market_name":"太原觀光夜市攤販集中區","行業代號1":null,"名稱1":null,"行業代號2":null,"名稱2":null,"行業代號3":null,"名稱3":null,"category":"夜市/市場攤販","id":10032589,"pay_list":"","pay_tool":""},{"index":17,"shop":"太原觀光夜市攤販集中區-五九鄉碳烤玉米","zone":"中彰投","city":"臺中市","area":"北屯區","market_address":"北屯區太原路三段與和順路口","user":"蔡先生","行業代號":null,"market_name":"太原觀光夜市攤販集中區","行業代號1":null,"名稱1":null,"行業代號2":null,"名稱2":null,"行業代號3":null,"名稱3":null,"category":"夜市/市場攤販","id":10032590,"pay_list":"","pay_tool":""},{"index":18,"shop":"太原觀光夜市攤販集中區-白糖棵糯米炸","zone":"中彰投","city":"臺中市","area":"北屯區","market_address":"北屯區太原路三段與和順路口","user":"謝先生","行業代號":null,"market_name":"太原觀光夜市攤販集中區","行業代號1":null,"名稱1":null,"行業代號2":null,"名稱2":null,"行業代號3":null,"名稱3":null,"category":"夜市/市場攤販","id":10032592,"pay_list":"","pay_tool":""},{"index":19,"shop":"太原觀光夜市攤販集中區-酷哥日式酒蒸蛤蠣","zone":"中彰投","city":"臺中市","area":"北屯區","market_address":"北屯區太原路三段與和順路口","user":"李先生","行業代號":null,"market_name":"太原觀光夜市攤販集中區","行業代號1":null,"名稱1":null,"行業代號2":null,"名稱2":null,"行業代號3":null,"名稱3":null,"category":"夜市/市場攤販","id":10032593,"pay_list":"","pay_tool":""},{"index":20,"shop":"太原觀光夜市攤販集中區-內衣公主","zone":"中彰投","city":"臺中市","area":"北屯區","market_address":"北屯區太原路三段與和順路口","user":"廖小姐","行業代號":null,"market_name":"太原觀光夜市攤販集中區","行業代號1":null,"名稱1":null,"行業代號2":null,"名稱2":null,"行業代號3":null,"名稱3":null,"category":"夜市/市場攤販","id":10032594,"pay_list":"","pay_tool":""},{"index":21,"shop":"太原觀光夜市攤販集中區-香君服飾","zone":"中彰投","city":"臺中市","area":"北屯區","market_address":"北屯區太原路三段與和順路口","user":"賴小姐","行業代號":null,"market_name":"太原觀光夜市攤販集中區","行業代號1":null,"名稱1":null,"行業代號2":null,"名稱2":null,"行業代號3":null,"名稱3":null,"category":"夜市/市場攤販","id":10032595,"pay_list":"","pay_tool":""},{"index":22,"shop":"太原觀光夜市攤販集中區-個性化貼紙","zone":"中彰投","city":"臺中市","area":"北屯區","market_address":"北屯區太原路三段與和順路口","user":"劉先生","行業代號":null,"market_name":"太原觀光夜市攤販集中區","行業代號1":null,"名稱1":null,"行業代號2":null,"名稱2":null,"行業代號3":null,"名稱3":null,"category":"夜市/市場攤販","id":10032596,"pay_list":"","pay_tool":""},{"index":23,"shop":"太原觀光夜市攤販集中區-吳記現炸排骨酥","zone":"中彰投","city":"臺中市","area":"北屯區","market_address":"北屯區太原路三段與和順路口","user":"黃先生","行業代號":null,"market_name":"太原觀光夜市攤販集中區","行業代號1":null,"名稱1":null,"行業代號2":null,"名稱2":null,"行業代號3":null,"名稱3":null,"category":"夜市/市場攤販","id":10032597,"pay_list":"","pay_tool":""},{"index":24,"shop":"太原觀光夜市攤販集中區-男裝熊","zone":"中彰投","city":"臺中市","area":"北屯區","market_address":"北屯區太原路三段與和順路口","user":"熊先生","行業代號":null,"market_name":"太原觀光夜市攤販集中區","行業代號1":null,"名稱1":null,"行業代號2":null,"名稱2":null,"行業代號3":null,"名稱3":null,"category":"夜市/市場攤販","id":10032598,"pay_list":"","pay_tool":""},{"index":25,"shop":"太原觀光夜市攤販集中區-Judy童裝小舖","zone":"中彰投","city":"臺中市","area":"北屯區","market_address":"北屯區太原路三段與和順路口","user":"嚴小姐","行業代號":null,"market_name":"太原觀光夜市攤販集中區","行業代號1":null,"名稱1":null,"行業代號2":null,"名稱2":null,"行業代號3":null,"名稱3":null,"category":"夜市/市場攤販","id":10032599,"pay_list":"","pay_tool":""},{"index":26,"shop":"太原觀光夜市攤販集中區-東昇鞋舖","zone":"中彰投","city":"臺中市","area":"北屯區","market_address":"北屯區太原路三段與和順路口","user":"李先生","行業代號":null,"market_name":"太原觀光夜市攤販集中區","行業代號1":null,"名稱1":null,"行業代號2":null,"名稱2":null,"行業代號3":null,"名稱3":null,"category":"夜市/市場攤販","id":10032600,"pay_list":"","pay_tool":""},{"index":27,"shop":"太原觀光夜市攤販集中區-指甲剪","zone":"中彰投","city":"臺中市","area":"北屯區","market_address":"北屯區太原路三段與和順路口","user":"董先生","行業代號":null,"market_name":"太原觀光夜市攤販集中區","行業代號1":null,"名稱1":null,"行業代號2":null,"名稱2":null,"行業代號3":null,"名稱3":null,"category":"夜市/市場攤販","id":10032601,"pay_list":"","pay_tool":""},{"index":28,"shop":"太原觀光夜市攤販集中區-巧紡棉襪","zone":"中彰投","city":"臺中市","area":"北屯區","market_address":"北屯區太原路三段與和順路口","user":"張小姐","行業代號":null,"market_name":"太原觀光夜市攤販集中區","行業代號1":null,"名稱1":null,"行業代號2":null,"名稱2":null,"行業代號3":null,"名稱3":null,"category":"夜市/市場攤販","id":10032604,"pay_list":"","pay_tool":""},{"index":29,"shop":"太原觀光夜市攤販集中區-圓舞曲黑糖粉圓","zone":"中彰投","city":"臺中市","area":"北屯區","market_address":"北屯區太原路三段與和順路口","user":"張小姐","行業代號":null,"market_name":"太原觀光夜市攤販集中區","行業代號1":null,"名稱1":null,"行業代號2":null,"名稱2":null,"行業代號3":null,"名稱3":null,"category":"夜市/市場攤販","id":10032605,"pay_list":"","pay_tool":""},{"index":30,"shop":"太原觀光夜市攤販集中區-阿華服飾","zone":"中彰投","city":"臺中市","area":"北屯區","market_address":"北屯區太原路三段與和順路口","user":"劉先生","行業代號":null,"market_name":"太原觀光夜市攤販集中區","行業代號1":null,"名稱1":null,"行業代號2":null,"名稱2":null,"行業代號3":null,"名稱3":null,"category":"夜市/市場攤販","id":10032606,"pay_list":"","pay_tool":""},{"index":31,"shop":"太原觀光夜市攤販集中區-昕童裝","zone":"中彰投","city":"臺中市","area":"北屯區","market_address":"北屯區太原路三段與和順路口","user":"李小姐","行業代號":null,"market_name":"太原觀光夜市攤販集中區","行業代號1":null,"名稱1":null,"行業代號2":null,"名稱2":null,"行業代號3":null,"名稱3":null,"category":"夜市/市場攤販","id":10032607,"pay_list":"","pay_tool":""},{"index":32,"shop":"太原觀光夜市攤販集中區-200元包包","zone":"中彰投","city":"臺中市","area":"北屯區","market_address":"北屯區太原路三段與和順路口","user":"張先生","行業代號":null,"market_name":"太原觀光夜市攤販集中區","行業代號1":null,"名稱1":null,"行業代號2":null,"名稱2":null,"行業代號3":null,"名稱3":null,"category":"夜市/市場攤販","id":10032608,"pay_list":"","pay_tool":""},{"index":33,"shop":"太原觀光夜市攤販集中區-創意烤畫","zone":"中彰投","city":"臺中市","area":"北屯區","market_address":"北屯區太原路三段與和順路口","user":"張小姐","行業代號":null,"market_name":"太原觀光夜市攤販集中區","行業代號1":null,"名稱1":null,"行業代號2":null,"名稱2":null,"行業代號3":null,"名稱3":null,"category":"夜市/市場攤販","id":10032609,"pay_list":"","pay_tool":""},{"index":34,"shop":"太原觀光夜市攤販集中區-沁林牛排","zone":"中彰投","city":"臺中市","area":"北屯區","market_address":"北屯區太原路三段與和順路口","user":"鄭先生","行業代號":null,"market_name":"太原觀光夜市攤販集中區","行業代號1":null,"名稱1":null,"行業代號2":null,"名稱2":null,"行業代號3":null,"名稱3":null,"category":"夜市/市場攤販","id":10032610,"pay_list":"","pay_tool":""},{"index":35,"shop":"太原觀光夜市攤販集中區-酥皮蚵仔煎","zone":"中彰投","city":"臺中市","area":"北屯區","market_address":"北屯區太原路三段與和順路口","user":"謝先生","行業代號":null,"market_name":"太原觀光夜市攤販集中區","行業代號1":null,"名稱1":null,"行業代號2":null,"名稱2":null,"行業代號3":null,"名稱3":null,"category":"夜市/市場攤販","id":10032611,"pay_list":"","pay_tool":""},{"index":36,"shop":"太原觀光夜市攤販集中區-來客牛排","zone":"中彰投","city":"臺中市","area":"北屯區","market_address":"北屯區太原路三段與和順路口","user":"張先生","行業代號":null,"market_name":"太原觀光夜市攤販集中區","行業代號1":null,"名稱1":null,"行業代號2":null,"名稱2":null,"行業代號3":null,"名稱3":null,"category":"夜市/市場攤販","id":10032612,"pay_list":"","pay_tool":""},{"index":37,"shop":"太原觀光夜市攤販集中區-東凱黑輪","zone":"中彰投","city":"臺中市","area":"北屯區","market_address":"北屯區太原路三段與和順路口","user":"黃先生","行業代號":null,"market_name":"太原觀光夜市攤販集中區","行業代號1":null,"名稱1":null,"行業代號2":null,"名稱2":null,"行業代號3":null,"名稱3":null,"category":"夜市/市場攤販","id":10032613,"pay_list":"","pay_tool":""},{"index":38,"shop":"太原觀光夜市攤販集中區-天香臭豆腐","zone":"中彰投","city":"臺中市","area":"北屯區","market_address":"北屯區太原路三段與和順路口","user":"江先生","行業代號":null,"market_name":"太原觀光夜市攤販集中區","行業代號1":null,"名稱1":null,"行業代號2":null,"名稱2":null,"行業代號3":null,"名稱3":null,"category":"夜市/市場攤販","id":10032615,"pay_list":"","pay_tool":""},{"index":39,"shop":"太原觀光夜市攤販集中區-三兄弟彈珠台","zone":"中彰投","city":"臺中市","area":"北屯區","market_address":"北屯區太原路三段與和順路口","user":"吳先生","行業代號":null,"market_name":"太原觀光夜市攤販集中區","行業代號1":null,"名稱1":null,"行業代號2":null,"名稱2":null,"行業代號3":null,"名稱3":null,"category":"夜市/市場攤販","id":10032616,"pay_list":"","pay_tool":""},{"index":40,"shop":"后庄公有零售市場-蕭正茂","zone":"中彰投","city":"臺中市","area":"北屯區","market_address":"臺中市北屯區庄美街19號","user":"蕭正茂","行業代號":null,"market_name":"后庄公有零售市場","行業代號1":null,"名稱1":null,"行業代號2":null,"名稱2":null,"行業代號3":null,"名稱3":null,"category":"夜市/市場攤販","id":10032617,"pay_list":"","pay_tool":""},{"index":41,"shop":"后庄公有零售市場-蕭伊良","zone":"中彰投","city":"臺中市","area":"北屯區","market_address":"臺中市北屯區庄美街19號","user":"蕭伊良","行業代號":null,"market_name":"后庄公有零售市場","行業代號1":null,"名稱1":null,"行業代號2":null,"名稱2":null,"行業代號3":null,"名稱3":null,"category":"夜市/市場攤販","id":10032618,"pay_list":"","pay_tool":""},{"index":42,"shop":"后庄公有零售市場-魏蔡說","zone":"中彰投","city":"臺中市","area":"北屯區","market_address":"臺中市北屯區庄美街19號","user":"魏蔡說","行業代號":null,"market_name":"后庄公有零售市場","行業代號1":null,"名稱1":null,"行業代號2":null,"名稱2":null,"行業代號3":null,"名稱3":null,"category":"夜市/市場攤販","id":10032619,"pay_list":"","pay_tool":""},{"index":43,"shop":"后庄公有零售市場-柯正範","zone":"中彰投","city":"臺中市","area":"北屯區","market_address":"臺中市北屯區庄美街19號","user":"柯正範","行業代號":null,"market_name":"后庄公有零售市場","行業代號1":null,"名稱1":null,"行業代號2":null,"名稱2":null,"行業代號3":null,"名稱3":null,"category":"夜市/市場攤販","id":10032620,"pay_list":"","pay_tool":""},{"index":44,"shop":"后庄公有零售市場-李麗","zone":"中彰投","city":"臺中市","area":"北屯區","market_address":"臺中市北屯區庄美街19號","user":"李麗","行業代號":null,"market_name":"后庄公有零售市場","行業代號1":null,"名稱1":null,"行業代號2":null,"名稱2":null,"行業代號3":null,"名稱3":null,"category":"夜市/市場攤販","id":10032621,"pay_list":"","pay_tool":""},{"index":45,"shop":"后庄公有零售市場-馮明福","zone":"中彰投","city":"臺中市","area":"北屯區","market_address":"臺中市北屯區庄美街19號","user":"馮明福","行業代號":null,"market_name":"后庄公有零售市場","行業代號1":null,"名稱1":null,"行業代號2":null,"名稱2":null,"行業代號3":null,"名稱3":null,"category":"夜市/市場攤販","id":10032622,"pay_list":"","pay_tool":""},{"index":46,"shop":"后庄公有零售市場-余含笑","zone":"中彰投","city":"臺中市","area":"北屯區","market_address":"臺中市北屯區庄美街19號","user":"余含笑","行業代號":null,"market_name":"后庄公有零售市場","行業代號1":null,"名稱1":null,"行業代號2":null,"名稱2":null,"行業代號3":null,"名稱3":null,"category":"夜市/市場攤販","id":10032623,"pay_list":"","pay_tool":""},{"index":47,"shop":"后庄公有零售市場-許家豪","zone":"中彰投","city":"臺中市","area":"北屯區","market_address":"臺中市北屯區庄美街19號","user":"許家豪","行業代號":null,"market_name":"后庄公有零售市場","行業代號1":null,"名稱1":null,"行業代號2":null,"名稱2":null,"行業代號3":null,"名稱3":null,"category":"夜市/市場攤販","id":10032624,"pay_list":"","pay_tool":""},{"index":48,"shop":"后庄公有零售市場-吳國禎","zone":"中彰投","city":"臺中市","area":"北屯區","market_address":"臺中市北屯區庄美街19號","user":"吳國禎","行業代號":null,"market_name":"后庄公有零售市場","行業代號1":null,"名稱1":null,"行業代號2":null,"名稱2":null,"行業代號3":null,"名稱3":null,"category":"夜市/市場攤販","id":10032626,"pay_list":"","pay_tool":""},{"index":49,"shop":"后庄公有零售市場-童熊松英","zone":"中彰投","city":"臺中市","area":"北屯區","market_address":"臺中市北屯區庄美街19號","user":"童熊松英","行業代號":null,"market_name":"后庄公有零售市場","行業代號1":null,"名稱1":null,"行業代號2":null,"名稱2":null,"行業代號3":null,"名稱3":null,"category":"夜市/市場攤販","id":10032627,"pay_list":"","pay_tool":""},{"index":50,"shop":"后庄公有零售市場-蕭伊廷","zone":"中彰投","city":"臺中市","area":"北屯區","market_address":"臺中市北屯區庄美街19號","user":"蕭伊廷","行業代號":null,"market_name":"后庄公有零售市場","行業代號1":null,"名稱1":null,"行業代號2":null,"名稱2":null,"行業代號3":null,"名稱3":null,"category":"夜市/市場攤販","id":10032628,"pay_list":"","pay_tool":""},{"index":51,"shop":"后庄公有零售市場-羅榮枝","zone":"中彰投","city":"臺中市","area":"北屯區","market_address":"臺中市北屯區庄美街19號","user":"羅榮枝","行業代號":null,"market_name":"后庄公有零售市場","行業代號1":null,"名稱1":null,"行業代號2":null,"名稱2":null,"行業代號3":null,"名稱3":null,"category":"夜市/市場攤販","id":10032629,"pay_list":"","pay_tool":""},{"index":52,"shop":"昌平夜市攤販集中區-真林海產","zone":"中彰投","city":"臺中市","area":"北屯區","market_address":"臺中市北屯區昌平路一段南側及北平路四段兩側","user":"莊茂林","行業代號":null,"market_name":"昌平夜市攤販集中區","行業代號1":null,"名稱1":null,"行業代號2":null,"名稱2":null,"行業代號3":null,"名稱3":null,"category":"夜市/市場攤販","id":10032630,"pay_list":"","pay_tool":""},{"index":53,"shop":"昌平夜市攤販集中區-瘋狂肉串王","zone":"中彰投","city":"臺中市","area":"北屯區","market_address":"臺中市北屯區昌平路一段南側及北平路四段兩側","user":"張杏如","行業代號":null,"market_name":"昌平夜市攤販集中區","行業代號1":null,"名稱1":null,"行業代號2":null,"名稱2":null,"行業代號3":null,"名稱3":null,"category":"夜市/市場攤販","id":10032631,"pay_list":"","pay_tool":""},{"index":54,"shop":"昌平夜市攤販集中區-鴨肉羹魷魚羹","zone":"中彰投","city":"臺中市","area":"北屯區","market_address":"臺中市北屯區昌平路一段南側及北平路四段兩側","user":"張昆炎","行業代號":null,"market_name":"昌平夜市攤販集中區","行業代號1":null,"名稱1":null,"行業代號2":null,"名稱2":null,"行業代號3":null,"名稱3":null,"category":"夜市/市場攤販","id":10032632,"pay_list":"","pay_tool":""},{"index":55,"shop":"昌平夜市攤販集中區-品有味現炒","zone":"中彰投","city":"臺中市","area":"北屯區","market_address":"臺中市北屯區昌平路一段南側及北平路四段兩側","user":"陳建宗","行業代號":null,"market_name":"昌平夜市攤販集中區","行業代號1":null,"名稱1":null,"行業代號2":null,"名稱2":null,"行業代號3":null,"名稱3":null,"category":"夜市/市場攤販","id":10032633,"pay_list":"","pay_tool":""},{"index":56,"shop":"昌平夜市攤販集中區-東山鴨頭","zone":"中彰投","city":"臺中市","area":"北屯區","market_address":"臺中市北屯區昌平路一段南側及北平路四段兩側","user":"張玉蘭","行業代號":null,"market_name":"昌平夜市攤販集中區","行業代號1":null,"名稱1":null,"行業代號2":null,"名稱2":null,"行業代號3":null,"名稱3":null,"category":"夜市/市場攤販","id":10032634,"pay_list":"","pay_tool":""},{"index":57,"shop":"昌平夜市攤販集中區-水餃鍋貼","zone":"中彰投","city":"臺中市","area":"北屯區","market_address":"臺中市北屯區昌平路一段南側及北平路四段兩側","user":"李稚榕","行業代號":null,"market_name":"昌平夜市攤販集中區","行業代號1":null,"名稱1":null,"行業代號2":null,"名稱2":null,"行業代號3":null,"名稱3":null,"category":"夜市/市場攤販","id":10032635,"pay_list":"","pay_tool":""},{"index":58,"shop":"昌平夜市攤販集中區-幸運蔥油餅","zone":"中彰投","city":"臺中市","area":"北屯區","market_address":"臺中市北屯區昌平路一段南側及北平路四段兩側","user":"張淑華","行業代號":null,"market_name":"昌平夜市攤販集中區","行業代號1":null,"名稱1":null,"行業代號2":null,"名稱2":null,"行業代號3":null,"名稱3":null,"category":"夜市/市場攤販","id":10032637,"pay_list":"","pay_tool":""},{"index":59,"shop":"昌平夜市攤販集中區-陳黑輪","zone":"中彰投","city":"臺中市","area":"北屯區","market_address":"臺中市北屯區昌平路一段南側及北平路四段兩側","user":"張文智","行業代號":null,"market_name":"昌平夜市攤販集中區","行業代號1":null,"名稱1":null,"行業代號2":null,"名稱2":null,"行業代號3":null,"名稱3":null,"category":"夜市/市場攤販","id":10032638,"pay_list":"","pay_tool":""},{"index":60,"shop":"昌平夜市攤販集中區-鍋燒麵","zone":"中彰投","city":"臺中市","area":"北屯區","market_address":"臺中市北屯區昌平路一段南側及北平路四段兩側","user":"涂愛枝","行業代號":null,"market_name":"昌平夜市攤販集中區","行業代號1":null,"名稱1":null,"行業代號2":null,"名稱2":null,"行業代號3":null,"名稱3":null,"category":"夜市/市場攤販","id":10032639,"pay_list":"","pay_tool":""},{"index":61,"shop":"昌平夜市攤販集中區-邱記碳烤","zone":"中彰投","city":"臺中市","area":"北屯區","market_address":"臺中市北屯區昌平路一段南側及北平路四段兩側","user":"鄭文賢","行業代號":null,"market_name":"昌平夜市攤販集中區","行業代號1":null,"名稱1":null,"行業代號2":null,"名稱2":null,"行業代號3":null,"名稱3":null,"category":"夜市/市場攤販","id":10032640,"pay_list":"","pay_tool":""},{"index":62,"shop":"昌平夜市攤販集中區-讚哥炒飯","zone":"中彰投","city":"臺中市","area":"北屯區","market_address":"臺中市北屯區昌平路一段南側及北平路四段兩側","user":"許清讚","行業代號":null,"market_name":"昌平夜市攤販集中區","行業代號1":null,"名稱1":null,"行業代號2":null,"名稱2":null,"行業代號3":null,"名稱3":null,"category":"夜市/市場攤販","id":10032641,"pay_list":"","pay_tool":""},{"index":63,"shop":"昌平夜市攤販集中區-生炒海鮮","zone":"中彰投","city":"臺中市","area":"北屯區","market_address":"臺中市北屯區昌平路一段南側及北平路四段兩側","user":"蕭國權","行業代號":null,"market_name":"昌平夜市攤販集中區","行業代號1":null,"名稱1":null,"行業代號2":null,"名稱2":null,"行業代號3":null,"名稱3":null,"category":"夜市/市場攤販","id":10032642,"pay_list":"","pay_tool":""},{"index":64,"shop":"昌平夜市攤販集中區-藏香滷味","zone":"中彰投","city":"臺中市","area":"北屯區","market_address":"臺中市北屯區昌平路一段南側及北平路四段兩側","user":"張燕暖","行業代號":null,"market_name":"昌平夜市攤販集中區","行業代號1":null,"名稱1":null,"行業代號2":null,"名稱2":null,"行業代號3":null,"名稱3":null,"category":"夜市/市場攤販","id":10032643,"pay_list":"","pay_tool":""},{"index":65,"shop":"昌平夜市攤販集中區-阿正海產","zone":"中彰投","city":"臺中市","area":"北屯區","market_address":"臺中市北屯區昌平路一段南側及北平路四段兩側","user":"李鳳英","行業代號":null,"market_name":"昌平夜市攤販集中區","行業代號1":null,"名稱1":null,"行業代號2":null,"名稱2":null,"行業代號3":null,"名稱3":null,"category":"夜市/市場攤販","id":10032644,"pay_list":"","pay_tool":""},{"index":66,"shop":"昌平夜市攤販集中區-巧媽咪","zone":"中彰投","city":"臺中市","area":"北屯區","market_address":"臺中市北屯區昌平路一段南側及北平路四段兩側","user":"黃秀文","行業代號":null,"market_name":"昌平夜市攤販集中區","行業代號1":null,"名稱1":null,"行業代號2":null,"名稱2":null,"行業代號3":null,"名稱3":null,"category":"夜市/市場攤販","id":10032645,"pay_list":"","pay_tool":""},{"index":67,"shop":"昌平夜市攤販集中區-清粥小菜","zone":"中彰投","city":"臺中市","area":"北屯區","market_address":"臺中市北屯區昌平路一段南側及北平路四段兩側","user":"謝東雁","行業代號":null,"market_name":"昌平夜市攤販集中區","行業代號1":null,"名稱1":null,"行業代號2":null,"名稱2":null,"行業代號3":null,"名稱3":null,"category":"夜市/市場攤販","id":10032646,"pay_list":"","pay_tool":""},{"index":68,"shop":"昌平夜市攤販集中區-台灣第一家鹽酥雞","zone":"中彰投","city":"臺中市","area":"北屯區","market_address":"臺中市北屯區昌平路一段南側及北平路四段兩側","user":"黃健維","行業代號":null,"market_name":"昌平夜市攤販集中區","行業代號1":null,"名稱1":null,"行業代號2":null,"名稱2":null,"行業代號3":null,"名稱3":null,"category":"夜市/市場攤販","id":10032648,"pay_list":"","pay_tool":""},{"index":69,"shop":"昌平夜市攤販集中區-招牌鮮魚湯","zone":"中彰投","city":"臺中市","area":"北屯區","market_address":"臺中市北屯區昌平路一段南側及北平路四段兩側","user":"謝素杏","行業代號":null,"market_name":"昌平夜市攤販集中區","行業代號1":null,"名稱1":null,"行業代號2":null,"名稱2":null,"行業代號3":null,"名稱3":null,"category":"夜市/市場攤販","id":10032649,"pay_list":"","pay_tool":""},{"index":70,"shop":"昌平夜市攤販集中區-台北江麻辣臭豆腐","zone":"中彰投","city":"臺中市","area":"北屯區","market_address":"臺中市北屯區昌平路一段南側及北平路四段兩側","user":"賴德龍","行業代號":null,"market_name":"昌平夜市攤販集中區","行業代號1":null,"名稱1":null,"行業代號2":null,"名稱2":null,"行業代號3":null,"名稱3":null,"category":"夜市/市場攤販","id":10032650,"pay_list":"","pay_tool":""},{"index":71,"shop":"昌平夜市攤販集中區-老田香滷味","zone":"中彰投","city":"臺中市","area":"北屯區","market_address":"臺中市北屯區昌平路一段南側及北平路四段兩側","user":"侯儷妏","行業代號":null,"market_name":"昌平夜市攤販集中區","行業代號1":null,"名稱1":null,"行業代號2":null,"名稱2":null,"行業代號3":null,"名稱3":null,"category":"夜市/市場攤販","id":10032651,"pay_list":"","pay_tool":""},{"index":72,"shop":"昌平夜市攤販集中區-豐吉龍拉麵","zone":"中彰投","city":"臺中市","area":"北屯區","market_address":"臺中市北屯區昌平路一段南側及北平路四段兩側","user":"侯財福","行業代號":null,"market_name":"昌平夜市攤販集中區","行業代號1":null,"名稱1":null,"行業代號2":null,"名稱2":null,"行業代號3":null,"名稱3":null,"category":"夜市/市場攤販","id":10032652,"pay_list":"","pay_tool":""},{"index":73,"shop":"昌平夜市攤販集中區-小李海產","zone":"中彰投","city":"臺中市","area":"北屯區","market_address":"臺中市北屯區昌平路一段南側及北平路四段兩側","user":"李明法","行業代號":null,"market_name":"昌平夜市攤販集中區","行業代號1":null,"名稱1":null,"行業代號2":null,"名稱2":null,"行業代號3":null,"名稱3":null,"category":"夜市/市場攤販","id":10032653,"pay_list":"","pay_tool":""},{"index":74,"shop":"昌平夜市攤販集中區-鹿港蚵仔煎","zone":"中彰投","city":"臺中市","area":"北屯區","market_address":"臺中市北屯區昌平路一段南側及北平路四段兩側","user":"蔡照男","行業代號":null,"market_name":"昌平夜市攤販集中區","行業代號1":null,"名稱1":null,"行業代號2":null,"名稱2":null,"行業代號3":null,"名稱3":null,"category":"夜市/市場攤販","id":10032654,"pay_list":"","pay_tool":""},{"index":75,"shop":"昌平夜市攤販集中區-火鍋海鮮","zone":"中彰投","city":"臺中市","area":"北屯區","market_address":"臺中市北屯區昌平路一段南側及北平路四段兩側","user":"陳居正","行業代號":null,"market_name":"昌平夜市攤販集中區","行業代號1":null,"名稱1":null,"行業代號2":null,"名稱2":null,"行業代號3":null,"名稱3":null,"category":"夜市/市場攤販","id":10032655,"pay_list":"","pay_tool":""},{"index":76,"shop":"昌平夜市攤販集中區-肉粥炸燒肉","zone":"中彰投","city":"臺中市","area":"北屯區","market_address":"臺中市北屯區昌平路一段南側及北平路四段兩側","user":"黃炳南","行業代號":null,"market_name":"昌平夜市攤販集中區","行業代號1":null,"名稱1":null,"行業代號2":null,"名稱2":null,"行業代號3":null,"名稱3":null,"category":"夜市/市場攤販","id":10032656,"pay_list":"","pay_tool":""},{"index":77,"shop":"昌平夜市攤販集中區-北平漢方鴨頭","zone":"中彰投","city":"臺中市","area":"北屯區","market_address":"臺中市北屯區昌平路一段南側及北平路四段兩側","user":"許林美華","行業代號":null,"market_name":"昌平夜市攤販集中區","行業代號1":null,"名稱1":null,"行業代號2":null,"名稱2":null,"行業代號3":null,"名稱3":null,"category":"夜市/市場攤販","id":10032657,"pay_list":"","pay_tool":""},{"index":78,"shop":"昌平夜市攤販集中區-惡魔雞排","zone":"中彰投","city":"臺中市","area":"北屯區","market_address":"臺中市北屯區昌平路一段南側及北平路四段兩側","user":"王得福","行業代號":null,"market_name":"昌平夜市攤販集中區","行業代號1":null,"名稱1":null,"行業代號2":null,"名稱2":null,"行業代號3":null,"名稱3":null,"category":"夜市/市場攤販","id":10032659,"pay_list":"","pay_tool":""},{"index":79,"shop":"昌平夜市攤販集中區-素食壽司","zone":"中彰投","city":"臺中市","area":"北屯區","market_address":"臺中市北屯區昌平路一段南側及北平路四段兩側","user":"楊豐美","行業代號":null,"market_name":"昌平夜市攤販集中區","行業代號1":null,"名稱1":null,"行業代號2":null,"名稱2":null,"行業代號3":null,"名稱3":null,"category":"夜市/市場攤販","id":10032660,"pay_list":"","pay_tool":""},{"index":80,"shop":"東光公有零售市場-陳?春","zone":"中彰投","city":"臺中市","area":"北屯區","market_address":"臺中市北屯區北平路四段68號","user":"陳?春","行業代號":null,"market_name":"東光公有零售市場","行業代號1":null,"名稱1":null,"行業代號2":null,"名稱2":null,"行業代號3":null,"名稱3":null,"category":"夜市/市場攤販","id":10032661,"pay_list":"","pay_tool":""},{"index":81,"shop":"東光公有零售市場-陳秀端","zone":"中彰投","city":"臺中市","area":"北屯區","market_address":"臺中市北屯區北平路四段68號","user":"陳秀端","行業代號":null,"market_name":"東光公有零售市場","行業代號1":null,"名稱1":null,"行業代號2":null,"名稱2":null,"行業代號3":null,"名稱3":null,"category":"夜市/市場攤販","id":10032662,"pay_list":"","pay_tool":""},{"index":82,"shop":"東光公有零售市場-陳金鳳","zone":"中彰投","city":"臺中市","area":"北屯區","market_address":"臺中市北屯區北平路四段68號","user":"陳金鳳","行業代號":null,"market_name":"東光公有零售市場","行業代號1":null,"名稱1":null,"行業代號2":null,"名稱2":null,"行業代號3":null,"名稱3":null,"category":"夜市/市場攤販","id":10032663,"pay_list":"","pay_tool":""},{"index":83,"shop":"東光公有零售市場-張建輝","zone":"中彰投","city":"臺中市","area":"北屯區","market_address":"臺中市北屯區北平路四段68號","user":"張建輝","行業代號":null,"market_name":"東光公有零售市場","行業代號1":null,"名稱1":null,"行業代號2":null,"名稱2":null,"行業代號3":null,"名稱3":null,"category":"夜市/市場攤販","id":10032664,"pay_list":"","pay_tool":""},{"index":84,"shop":"東光公有零售市場-賴蔡碧珠","zone":"中彰投","city":"臺中市","area":"北屯區","market_address":"臺中市北屯區北平路四段68號","user":"賴蔡碧珠","行業代號":null,"market_name":"東光公有零售市場","行業代號1":null,"名稱1":null,"行業代號2":null,"名稱2":null,"行業代號3":null,"名稱3":null,"category":"夜市/市場攤販","id":10032665,"pay_list":"","pay_tool":""},{"index":85,"shop":"東光公有零售市場-吳文卿","zone":"中彰投","city":"臺中市","area":"北屯區","market_address":"臺中市北屯區北平路四段68號","user":"吳文卿","行業代號":null,"market_name":"東光公有零售市場","行業代號1":null,"名稱1":null,"行業代號2":null,"名稱2":null,"行業代號3":null,"名稱3":null,"category":"夜市/市場攤販","id":10032666,"pay_list":"","pay_tool":""},{"index":86,"shop":"東光公有零售市場-楊豐美","zone":"中彰投","city":"臺中市","area":"北屯區","market_address":"臺中市北屯區北平路四段68號","user":"楊豐美","行業代號":null,"market_name":"東光公有零售市場","行業代號1":null,"名稱1":null,"行業代號2":null,"名稱2":null,"行業代號3":null,"名稱3":null,"category":"夜市/市場攤販","id":10032667,"pay_list":"","pay_tool":""},{"index":87,"shop":"東光公有零售市場-徐美華","zone":"中彰投","city":"臺中市","area":"北屯區","market_address":"臺中市北屯區北平路四段68號","user":"徐美華","行業代號":null,"market_name":"東光公有零售市場","行業代號1":null,"名稱1":null,"行業代號2":null,"名稱2":null,"行業代號3":null,"名稱3":null,"category":"夜市/市場攤販","id":10032668,"pay_list":"","pay_tool":""},{"index":88,"shop":"東光公有零售市場-楊全福","zone":"中彰投","city":"臺中市","area":"北屯區","market_address":"臺中市北屯區北平路四段68號","user":"楊全福","行業代號":null,"market_name":"東光公有零售市場","行業代號1":null,"名稱1":null,"行業代號2":null,"名稱2":null,"行業代號3":null,"名稱3":null,"category":"夜市/市場攤販","id":10032670,"pay_list":"","pay_tool":""},{"index":89,"shop":"東光公有零售市場-陳美女","zone":"中彰投","city":"臺中市","area":"北屯區","market_address":"臺中市北屯區北平路四段68號","user":"陳美女","行業代號":null,"market_name":"東光公有零售市場","行業代號1":null,"名稱1":null,"行業代號2":null,"名稱2":null,"行業代號3":null,"名稱3":null,"category":"夜市/市場攤販","id":10032671,"pay_list":"","pay_tool":""},{"index":90,"shop":"東光公有零售市場-高莉絲","zone":"中彰投","city":"臺中市","area":"北屯區","market_address":"臺中市北屯區北平路四段68號","user":"高莉絲","行業代號":null,"market_name":"東光公有零售市場","行業代號1":null,"名稱1":null,"行業代號2":null,"名稱2":null,"行業代號3":null,"名稱3":null,"category":"夜市/市場攤販","id":10032672,"pay_list":"","pay_tool":""},{"index":91,"shop":"東光公有零售市場-江慧端","zone":"中彰投","city":"臺中市","area":"北屯區","market_address":"臺中市北屯區北平路四段68號","user":"江慧端","行業代號":null,"market_name":"東光公有零售市場","行業代號1":null,"名稱1":null,"行業代號2":null,"名稱2":null,"行業代號3":null,"名稱3":null,"category":"夜市/市場攤販","id":10032673,"pay_list":"","pay_tool":""},{"index":92,"shop":"東光公有零售市場-陳嬌容","zone":"中彰投","city":"臺中市","area":"北屯區","market_address":"臺中市北屯區北平路四段68號","user":"陳嬌容","行業代號":null,"market_name":"東光公有零售市場","行業代號1":null,"名稱1":null,"行業代號2":null,"名稱2":null,"行業代號3":null,"名稱3":null,"category":"夜市/市場攤販","id":10032674,"pay_list":"","pay_tool":""},{"index":93,"shop":"東光公有零售市場-鄭允清","zone":"中彰投","city":"臺中市","area":"北屯區","market_address":"臺中市北屯區北平路四段68號","user":"鄭允清","行業代號":null,"market_name":"東光公有零售市場","行業代號1":null,"名稱1":null,"行業代號2":null,"名稱2":null,"行業代號3":null,"名稱3":null,"category":"夜市/市場攤販","id":10032675,"pay_list":"","pay_tool":""},{"index":94,"shop":"東光公有零售市場-李信昌","zone":"中彰投","city":"臺中市","area":"北屯區","market_address":"臺中市北屯區北平路四段68號","user":"李信昌","行業代號":null,"market_name":"東光公有零售市場","行業代號1":null,"名稱1":null,"行業代號2":null,"名稱2":null,"行業代號3":null,"名稱3":null,"category":"夜市/市場攤販","id":10032676,"pay_list":"","pay_tool":""},{"index":95,"shop":"東光公有零售市場-張彩","zone":"中彰投","city":"臺中市","area":"北屯區","market_address":"臺中市北屯區北平路四段68號","user":"張彩","行業代號":null,"market_name":"東光公有零售市場","行業代號1":null,"名稱1":null,"行業代號2":null,"名稱2":null,"行業代號3":null,"名稱3":null,"category":"夜市/市場攤販","id":10032677,"pay_list":"","pay_tool":""},{"index":96,"shop":"東光公有零售市場-賴耿源","zone":"中彰投","city":"臺中市","area":"北屯區","market_address":"臺中市北屯區北平路四段68號","user":"賴耿源","行業代號":null,"market_name":"東光公有零售市場","行業代號1":null,"名稱1":null,"行業代號2":null,"名稱2":null,"行業代號3":null,"名稱3":null,"category":"夜市/市場攤販","id":10032678,"pay_list":"","pay_tool":""},{"index":97,"shop":"東光公有零售市場-管明吉","zone":"中彰投","city":"臺中市","area":"北屯區","market_address":"臺中市北屯區北平路四段68號","user":"管明吉","行業代號":null,"market_name":"東光公有零售市場","行業代號1":null,"名稱1":null,"行業代號2":null,"名稱2":null,"行業代號3":null,"名稱3":null,"category":"夜市/市場攤販","id":10032679,"pay_list":"","pay_tool":""},{"index":98,"shop":"東光公有零售市場-王木維","zone":"中彰投","city":"臺中市","area":"北屯區","market_address":"臺中市北屯區北平路四段68號","user":"王木維","行業代號":null,"market_name":"東光公有零售市場","行業代號1":null,"名稱1":null,"行業代號2":null,"名稱2":null,"行業代號3":null,"名稱3":null,"category":"夜市/市場攤販","id":10032681,"pay_list":"","pay_tool":""},{"index":99,"shop":"東光公有零售市場-林玉敏","zone":"中彰投","city":"臺中市","area":"北屯區","market_address":"臺中市北屯區北平路四段68號","user":"林玉敏","行業代號":null,"market_name":"東光公有零售市場","行業代號1":null,"名稱1":null,"行業代號2":null,"名稱2":null,"行業代號3":null,"名稱3":null,"category":"夜市/市場攤販","id":10032682,"pay_list":"","pay_tool":""},{"index":100,"shop":"東光公有零售市場-王翠純","zone":"中彰投","city":"臺中市","area":"北屯區","market_address":"臺中市北屯區北平路四段68號","user":"王翠純","行業代號":null,"market_name":"東光公有零售市場","行業代號1":null,"名稱1":null,"行業代號2":null,"名稱2":null,"行業代號3":null,"名稱3":null,"category":"夜市/市場攤販","id":10032683,"pay_list":"","pay_tool":""},{"index":101,"shop":"東光公有零售市場-江阿美","zone":"中彰投","city":"臺中市","area":"北屯區","market_address":"臺中市北屯區北平路四段68號","user":"江阿美","行業代號":null,"market_name":"東光公有零售市場","行業代號1":null,"名稱1":null,"行業代號2":null,"名稱2":null,"行業代號3":null,"名稱3":null,"category":"夜市/市場攤販","id":10032684,"pay_list":"","pay_tool":""},{"index":102,"shop":"東光公有零售市場-賴順德","zone":"中彰投","city":"臺中市","area":"北屯區","market_address":"臺中市北屯區北平路四段68號","user":"賴順德","行業代號":null,"market_name":"東光公有零售市場","行業代號1":null,"名稱1":null,"行業代號2":null,"名稱2":null,"行業代號3":null,"名稱3":null,"category":"夜市/市場攤販","id":10032685,"pay_list":"","pay_tool":""},{"index":103,"shop":"東光公有零售市場-涂又丹","zone":"中彰投","city":"臺中市","area":"北屯區","market_address":"臺中市北屯區北平路四段68號","user":"涂又丹","行業代號":null,"market_name":"東光公有零售市場","行業代號1":null,"名稱1":null,"行業代號2":null,"名稱2":null,"行業代號3":null,"名稱3":null,"category":"夜市/市場攤販","id":10032686,"pay_list":"","pay_tool":""},{"index":104,"shop":"東光公有零售市場-黃瑞霞","zone":"中彰投","city":"臺中市","area":"北屯區","market_address":"臺中市北屯區北平路四段68號","user":"黃瑞霞","行業代號":null,"market_name":"東光公有零售市場","行業代號1":null,"名稱1":null,"行業代號2":null,"名稱2":null,"行業代號3":null,"名稱3":null,"category":"夜市/市場攤販","id":10032687,"pay_list":"","pay_tool":""},{"index":105,"shop":"東光公有零售市場-周金業","zone":"中彰投","city":"臺中市","area":"北屯區","market_address":"臺中市北屯區北平路四段68號","user":"周金業","行業代號":null,"market_name":"東光公有零售市場","行業代號1":null,"名稱1":null,"行業代號2":null,"名稱2":null,"行業代號3":null,"名稱3":null,"category":"夜市/市場攤販","id":10032688,"pay_list":"","pay_tool":""},{"index":106,"shop":"東光公有零售市場-賴敏智","zone":"中彰投","city":"臺中市","area":"北屯區","market_address":"臺中市北屯區北平路四段68號","user":"賴敏智","行業代號":null,"market_name":"東光公有零售市場","行業代號1":null,"名稱1":null,"行業代號2":null,"名稱2":null,"行業代號3":null,"名稱3":null,"category":"夜市/市場攤販","id":10032689,"pay_list":"","pay_tool":""},{"index":107,"shop":"東光公有零售市場-王國政","zone":"中彰投","city":"臺中市","area":"北屯區","market_address":"臺中市北屯區北平路四段68號","user":"王國政","行業代號":null,"market_name":"東光公有零售市場","行業代號1":null,"名稱1":null,"行業代號2":null,"名稱2":null,"行業代號3":null,"名稱3":null,"category":"夜市/市場攤販","id":10032690,"pay_list":"","pay_tool":""},{"index":108,"shop":"東光公有零售市場-李玉燐","zone":"中彰投","city":"臺中市","area":"北屯區","market_address":"臺中市北屯區北平路四段68號","user":"李玉燐","行業代號":null,"market_name":"東光公有零售市場","行業代號1":null,"名稱1":null,"行業代號2":null,"名稱2":null,"行業代號3":null,"名稱3":null,"category":"夜市/市場攤販","id":10032692,"pay_list":"","pay_tool":""},{"index":109,"shop":"東光公有零售市場-李玉燐","zone":"中彰投","city":"臺中市","area":"北屯區","market_address":"臺中市北屯區北平路四段68號","user":"李玉燐","行業代號":null,"market_name":"東光公有零售市場","行業代號1":null,"名稱1":null,"行業代號2":null,"名稱2":null,"行業代號3":null,"名稱3":null,"category":"夜市/市場攤販","id":10032693,"pay_list":"","pay_tool":""},{"index":110,"shop":"東光公有零售市場-李玉燐","zone":"中彰投","city":"臺中市","area":"北屯區","market_address":"臺中市北屯區北平路四段68號","user":"李玉燐","行業代號":null,"market_name":"東光公有零售市場","行業代號1":null,"名稱1":null,"行業代號2":null,"名稱2":null,"行業代號3":null,"名稱3":null,"category":"夜市/市場攤販","id":10032694,"pay_list":"","pay_tool":""},{"index":111,"shop":"東光公有零售市場-蔣海官","zone":"中彰投","city":"臺中市","area":"北屯區","market_address":"臺中市北屯區北平路四段68號","user":"蔣海官","行業代號":null,"market_name":"東光公有零售市場","行業代號1":null,"名稱1":null,"行業代號2":null,"名稱2":null,"行業代號3":null,"名稱3":null,"category":"夜市/市場攤販","id":10032695,"pay_list":"","pay_tool":""},{"index":112,"shop":"東光公有零售市場-徐瑞玉","zone":"中彰投","city":"臺中市","area":"北屯區","market_address":"臺中市北屯區北平路四段68號","user":"徐瑞玉","行業代號":null,"market_name":"東光公有零售市場","行業代號1":null,"名稱1":null,"行業代號2":null,"名稱2":null,"行業代號3":null,"名稱3":null,"category":"夜市/市場攤販","id":10032696,"pay_list":"","pay_tool":""},{"index":113,"shop":"東光公有零售市場-陳廷蒼","zone":"中彰投","city":"臺中市","area":"北屯區","market_address":"臺中市北屯區北平路四段68號","user":"陳廷蒼","行業代號":null,"market_name":"東光公有零售市場","行業代號1":null,"名稱1":null,"行業代號2":null,"名稱2":null,"行業代號3":null,"名稱3":null,"category":"夜市/市場攤販","id":10032697,"pay_list":"","pay_tool":""},{"index":114,"shop":"東光公有零售市場-陳廷蒼","zone":"中彰投","city":"臺中市","area":"北屯區","market_address":"臺中市北屯區北平路四段68號","user":"陳廷蒼","行業代號":null,"market_name":"東光公有零售市場","行業代號1":null,"名稱1":null,"行業代號2":null,"名稱2":null,"行業代號3":null,"名稱3":null,"category":"夜市/市場攤販","id":10032698,"pay_list":"","pay_tool":""},{"index":115,"shop":"東光公有零售市場-江秀鶯","zone":"中彰投","city":"臺中市","area":"北屯區","market_address":"臺中市北屯區北平路四段68號","user":"江秀鶯","行業代號":null,"market_name":"東光公有零售市場","行業代號1":null,"名稱1":null,"行業代號2":null,"名稱2":null,"行業代號3":null,"名稱3":null,"category":"夜市/市場攤販","id":10032699,"pay_list":"","pay_tool":""},{"index":116,"shop":"東光公有零售市場-簡桂美","zone":"中彰投","city":"臺中市","area":"北屯區","market_address":"臺中市北屯區北平路四段68號","user":"簡桂美","行業代號":null,"market_name":"東光公有零售市場","行業代號1":null,"名稱1":null,"行業代號2":null,"名稱2":null,"行業代號3":null,"名稱3":null,"category":"夜市/市場攤販","id":10032700,"pay_list":"","pay_tool":""},{"index":117,"shop":"東光公有零售市場-林秀燕","zone":"中彰投","city":"臺中市","area":"北屯區","market_address":"臺中市北屯區北平路四段68號","user":"林秀燕","行業代號":null,"market_name":"東光公有零售市場","行業代號1":null,"名稱1":null,"行業代號2":null,"名稱2":null,"行業代號3":null,"名稱3":null,"category":"夜市/市場攤販","id":10032701,"pay_list":"","pay_tool":""},{"index":118,"shop":"東光公有零售市場-王得福","zone":"中彰投","city":"臺中市","area":"北屯區","market_address":"臺中市北屯區北平路四段68號","user":"王得福","行業代號":null,"market_name":"東光公有零售市場","行業代號1":null,"名稱1":null,"行業代號2":null,"名稱2":null,"行業代號3":null,"名稱3":null,"category":"夜市/市場攤販","id":10032703,"pay_list":"","pay_tool":""},{"index":119,"shop":"東光公有零售市場-曾來春","zone":"中彰投","city":"臺中市","area":"北屯區","market_address":"臺中市北屯區北平路四段68號","user":"曾來春","行業代號":null,"market_name":"東光公有零售市場","行業代號1":null,"名稱1":null,"行業代號2":null,"名稱2":null,"行業代號3":null,"名稱3":null,"category":"夜市/市場攤販","id":10032704,"pay_list":"","pay_tool":""},{"index":120,"shop":"東光公有零售市場-周麗芬","zone":"中彰投","city":"臺中市","area":"北屯區","market_address":"臺中市北屯區北平路四段68號","user":"周麗芬","行業代號":null,"market_name":"東光公有零售市場","行業代號1":null,"名稱1":null,"行業代號2":null,"名稱2":null,"行業代號3":null,"名稱3":null,"category":"夜市/市場攤販","id":10032705,"pay_list":"","pay_tool":""},{"index":121,"shop":"東光公有零售市場-陳秀雲","zone":"中彰投","city":"臺中市","area":"北屯區","market_address":"臺中市北屯區北平路四段68號","user":"陳秀雲","行業代號":null,"market_name":"東光公有零售市場","行業代號1":null,"名稱1":null,"行業代號2":null,"名稱2":null,"行業代號3":null,"名稱3":null,"category":"夜市/市場攤販","id":10032706,"pay_list":"","pay_tool":""},{"index":122,"shop":"東光公有零售市場-陳廷蒼","zone":"中彰投","city":"臺中市","area":"北屯區","market_address":"臺中市北屯區北平路四段68號","user":"陳廷蒼","行業代號":null,"market_name":"東光公有零售市場","行業代號1":null,"名稱1":null,"行業代號2":null,"名稱2":null,"行業代號3":null,"名稱3":null,"category":"夜市/市場攤販","id":10032707,"pay_list":"","pay_tool":""},{"index":123,"shop":"東光公有零售市場-陳廷蒼","zone":"中彰投","city":"臺中市","area":"北屯區","market_address":"臺中市北屯區北平路四段68號","user":"陳廷蒼","行業代號":null,"market_name":"東光公有零售市場","行業代號1":null,"名稱1":null,"行業代號2":null,"名稱2":null,"行業代號3":null,"名稱3":null,"category":"夜市/市場攤販","id":10032708,"pay_list":"","pay_tool":""},{"index":124,"shop":"東光公有零售市場-林梓濱","zone":"中彰投","city":"臺中市","area":"北屯區","market_address":"臺中市北屯區北平路四段68號","user":"林梓濱","行業代號":null,"market_name":"東光公有零售市場","行業代號1":null,"名稱1":null,"行業代號2":null,"名稱2":null,"行業代號3":null,"名稱3":null,"category":"夜市/市場攤販","id":10032709,"pay_list":"","pay_tool":""},{"index":125,"shop":"東光公有零售市場-呂惠珊","zone":"中彰投","city":"臺中市","area":"北屯區","market_address":"臺中市北屯區北平路四段68號","user":"呂惠珊","行業代號":null,"market_name":"東光公有零售市場","行業代號1":null,"名稱1":null,"行業代號2":null,"名稱2":null,"行業代號3":null,"名稱3":null,"category":"夜市/市場攤販","id":10032710,"pay_list":"","pay_tool":""},{"index":126,"shop":"東光公有零售市場-王葉錦雀","zone":"中彰投","city":"臺中市","area":"北屯區","market_address":"臺中市北屯區北平路四段68號","user":"王葉錦雀","行業代號":null,"market_name":"東光公有零售市場","行業代號1":null,"名稱1":null,"行業代號2":null,"名稱2":null,"行業代號3":null,"名稱3":null,"category":"夜市/市場攤販","id":10032711,"pay_list":"","pay_tool":""},{"index":127,"shop":"東光公有零售市場-許淑良","zone":"中彰投","city":"臺中市","area":"北屯區","market_address":"臺中市北屯區北平路四段68號","user":"許淑良","行業代號":null,"market_name":"東光公有零售市場","行業代號1":null,"名稱1":null,"行業代號2":null,"名稱2":null,"行業代號3":null,"名稱3":null,"category":"夜市/市場攤販","id":10032712,"pay_list":"","pay_tool":""},{"index":128,"shop":"東光公有零售市場-賴漢忠","zone":"中彰投","city":"臺中市","area":"北屯區","market_address":"臺中市北屯區北平路四段68號","user":"賴漢忠","行業代號":null,"market_name":"東光公有零售市場","行業代號1":null,"名稱1":null,"行業代號2":null,"名稱2":null,"行業代號3":null,"名稱3":null,"category":"夜市/市場攤販","id":10032715,"pay_list":"","pay_tool":""},{"index":129,"shop":"東光公有零售市場-楊菊花","zone":"中彰投","city":"臺中市","area":"北屯區","market_address":"臺中市北屯區北平路四段68號","user":"楊菊花","行業代號":null,"market_name":"東光公有零售市場","行業代號1":null,"名稱1":null,"行業代號2":null,"名稱2":null,"行業代號3":null,"名稱3":null,"category":"夜市/市場攤販","id":10032716,"pay_list":"","pay_tool":""},{"index":130,"shop":"東光公有零售市場-張蓉甄","zone":"中彰投","city":"臺中市","area":"北屯區","market_address":"臺中市北屯區北平路四段68號","user":"張蓉甄","行業代號":null,"market_name":"東光公有零售市場","行業代號1":null,"名稱1":null,"行業代號2":null,"名稱2":null,"行業代號3":null,"名稱3":null,"category":"夜市/市場攤販","id":10032717,"pay_list":"","pay_tool":""},{"index":131,"shop":"東光公有零售市場-賴鄭絨","zone":"中彰投","city":"臺中市","area":"北屯區","market_address":"臺中市北屯區北平路四段68號","user":"賴鄭絨","行業代號":null,"market_name":"東光公有零售市場","行業代號1":null,"名稱1":null,"行業代號2":null,"名稱2":null,"行業代號3":null,"名稱3":null,"category":"夜市/市場攤販","id":10032718,"pay_list":"","pay_tool":""},{"index":132,"shop":"東光公有零售市場-陳彩鶴","zone":"中彰投","city":"臺中市","area":"北屯區","market_address":"臺中市北屯區北平路四段68號","user":"陳彩鶴","行業代號":null,"market_name":"東光公有零售市場","行業代號1":null,"名稱1":null,"行業代號2":null,"名稱2":null,"行業代號3":null,"名稱3":null,"category":"夜市/市場攤販","id":10032719,"pay_list":"","pay_tool":""},{"index":133,"shop":"東光公有零售市場-葛旺珠","zone":"中彰投","city":"臺中市","area":"北屯區","market_address":"臺中市北屯區北平路四段68號","user":"葛旺珠","行業代號":null,"market_name":"東光公有零售市場","行業代號1":null,"名稱1":null,"行業代號2":null,"名稱2":null,"行業代號3":null,"名稱3":null,"category":"夜市/市場攤販","id":10032720,"pay_list":"","pay_tool":""},{"index":134,"shop":"東光公有零售市場-葛旺珠","zone":"中彰投","city":"臺中市","area":"北屯區","market_address":"臺中市北屯區北平路四段68號","user":"葛旺珠","行業代號":null,"market_name":"東光公有零售市場","行業代號1":null,"名稱1":null,"行業代號2":null,"名稱2":null,"行業代號3":null,"名稱3":null,"category":"夜市/市場攤販","id":10032721,"pay_list":"","pay_tool":""},{"index":135,"shop":"東光公有零售市場-蕭宗坡","zone":"中彰投","city":"臺中市","area":"北屯區","market_address":"臺中市北屯區北平路四段68號","user":"蕭宗坡","行業代號":null,"market_name":"東光公有零售市場","行業代號1":null,"名稱1":null,"行業代號2":null,"名稱2":null,"行業代號3":null,"名稱3":null,"category":"夜市/市場攤販","id":10032722,"pay_list":"","pay_tool":""},{"index":136,"shop":"東光公有零售市場-蕭宗坡","zone":"中彰投","city":"臺中市","area":"北屯區","market_address":"臺中市北屯區北平路四段68號","user":"蕭宗坡","行業代號":null,"market_name":"東光公有零售市場","行業代號1":null,"名稱1":null,"行業代號2":null,"名稱2":null,"行業代號3":null,"名稱3":null,"category":"夜市/市場攤販","id":10032723,"pay_list":"","pay_tool":""},{"index":137,"shop":"東光公有零售市場-莊陳絨","zone":"中彰投","city":"臺中市","area":"北屯區","market_address":"臺中市北屯區北平路四段68號","user":"莊陳絨","行業代號":null,"market_name":"東光公有零售市場","行業代號1":null,"名稱1":null,"行業代號2":null,"名稱2":null,"行業代號3":null,"名稱3":null,"category":"夜市/市場攤販","id":10032724,"pay_list":"","pay_tool":""},{"index":138,"shop":"東光公有零售市場-賴明賢","zone":"中彰投","city":"臺中市","area":"北屯區","market_address":"臺中市北屯區北平路四段68號","user":"賴明賢","行業代號":null,"market_name":"東光公有零售市場","行業代號1":null,"名稱1":null,"行業代號2":null,"名稱2":null,"行業代號3":null,"名稱3":null,"category":"夜市/市場攤販","id":10032726,"pay_list":"","pay_tool":""},{"index":139,"shop":"東光公有零售市場-李傳玉","zone":"中彰投","city":"臺中市","area":"北屯區","market_address":"臺中市北屯區北平路四段68號","user":"李傳玉","行業代號":null,"market_name":"東光公有零售市場","行業代號1":null,"名稱1":null,"行業代號2":null,"名稱2":null,"行業代號3":null,"名稱3":null,"category":"夜市/市場攤販","id":10032727,"pay_list":"","pay_tool":""},{"index":140,"shop":"東光公有零售市場-李傳珍","zone":"中彰投","city":"臺中市","area":"北屯區","market_address":"臺中市北屯區北平路四段68號","user":"李傳珍","行業代號":null,"market_name":"東光公有零售市場","行業代號1":null,"名稱1":null,"行業代號2":null,"名稱2":null,"行業代號3":null,"名稱3":null,"category":"夜市/市場攤販","id":10032728,"pay_list":"","pay_tool":""},{"index":141,"shop":"東光公有零售市場-葉美珠","zone":"中彰投","city":"臺中市","area":"北屯區","market_address":"臺中市北屯區北平路四段68號","user":"葉美珠","行業代號":null,"market_name":"東光公有零售市場","行業代號1":null,"名稱1":null,"行業代號2":null,"名稱2":null,"行業代號3":null,"名稱3":null,"category":"夜市/市場攤販","id":10032729,"pay_list":"","pay_tool":""},{"index":142,"shop":"東光公有零售市場-黃宏文","zone":"中彰投","city":"臺中市","area":"北屯區","market_address":"臺中市北屯區北平路四段68號","user":"黃宏文","行業代號":null,"market_name":"東光公有零售市場","行業代號1":null,"名稱1":null,"行業代號2":null,"名稱2":null,"行業代號3":null,"名稱3":null,"category":"夜市/市場攤販","id":10032730,"pay_list":"","pay_tool":""},{"index":143,"shop":"東光公有零售市場-彭德慶","zone":"中彰投","city":"臺中市","area":"北屯區","market_address":"臺中市北屯區北平路四段68號","user":"彭德慶","行業代號":null,"market_name":"東光公有零售市場","行業代號1":null,"名稱1":null,"行業代號2":null,"名稱2":null,"行業代號3":null,"名稱3":null,"category":"夜市/市場攤販","id":10032731,"pay_list":"","pay_tool":""},{"index":144,"shop":"東光公有零售市場-賴村炎","zone":"中彰投","city":"臺中市","area":"北屯區","market_address":"臺中市北屯區北平路四段68號","user":"賴村炎","行業代號":null,"market_name":"東光公有零售市場","行業代號1":null,"名稱1":null,"行業代號2":null,"名稱2":null,"行業代號3":null,"名稱3":null,"category":"夜市/市場攤販","id":10032732,"pay_list":"","pay_tool":""},{"index":145,"shop":"東光公有零售市場-李坤霖","zone":"中彰投","city":"臺中市","area":"北屯區","market_address":"臺中市北屯區北平路四段68號","user":"李坤霖","行業代號":null,"market_name":"東光公有零售市場","行業代號1":null,"名稱1":null,"行業代號2":null,"名稱2":null,"行業代號3":null,"名稱3":null,"category":"夜市/市場攤販","id":10032733,"pay_list":"","pay_tool":""},{"index":146,"shop":"東光公有零售市場-李坤霖","zone":"中彰投","city":"臺中市","area":"北屯區","market_address":"臺中市北屯區北平路四段68號","user":"李坤霖","行業代號":null,"market_name":"東光公有零售市場","行業代號1":null,"名稱1":null,"行業代號2":null,"名稱2":null,"行業代號3":null,"名稱3":null,"category":"夜市/市場攤販","id":10032734,"pay_list":"","pay_tool":""},{"index":147,"shop":"東光公有零售市場-呂何有","zone":"中彰投","city":"臺中市","area":"北屯區","market_address":"臺中市北屯區北平路四段68號","user":"呂何有","行業代號":null,"market_name":"東光公有零售市場","行業代號1":null,"名稱1":null,"行業代號2":null,"名稱2":null,"行業代號3":null,"名稱3":null,"category":"夜市/市場攤販","id":10032735,"pay_list":"","pay_tool":""},{"index":148,"shop":"東光公有零售市場-蕭宗坡","zone":"中彰投","city":"臺中市","area":"北屯區","market_address":"臺中市北屯區北平路四段68號","user":"蕭宗坡","行業代號":null,"market_name":"東光公有零售市場","行業代號1":null,"名稱1":null,"行業代號2":null,"名稱2":null,"行業代號3":null,"名稱3":null,"category":"夜市/市場攤販","id":10032737,"pay_list":"","pay_tool":""},{"index":149,"shop":"東光公有零售市場-張懿中","zone":"中彰投","city":"臺中市","area":"北屯區","market_address":"臺中市北屯區北平路四段68號","user":"張懿中","行業代號":null,"market_name":"東光公有零售市場","行業代號1":null,"名稱1":null,"行業代號2":null,"名稱2":null,"行業代號3":null,"名稱3":null,"category":"夜市/市場攤販","id":10032738,"pay_list":"","pay_tool":""},{"index":150,"shop":"東光公有零售市場-廖育興","zone":"中彰投","city":"臺中市","area":"北屯區","market_address":"臺中市北屯區北平路四段68號","user":"廖育興","行業代號":null,"market_name":"東光公有零售市場","行業代號1":null,"名稱1":null,"行業代號2":null,"名稱2":null,"行業代號3":null,"名稱3":null,"category":"夜市/市場攤販","id":10032739,"pay_list":"","pay_tool":""},{"index":151,"shop":"東光公有零售市場-許美伶","zone":"中彰投","city":"臺中市","area":"北屯區","market_address":"臺中市北屯區北平路四段68號","user":"許美伶","行業代號":null,"market_name":"東光公有零售市場","行業代號1":null,"名稱1":null,"行業代號2":null,"名稱2":null,"行業代號3":null,"名稱3":null,"category":"夜市/市場攤販","id":10032740,"pay_list":"","pay_tool":""},{"index":152,"shop":"東光公有零售市場-林淑瓊","zone":"中彰投","city":"臺中市","area":"北屯區","market_address":"臺中市北屯區北平路四段68號","user":"林淑瓊","行業代號":null,"market_name":"東光公有零售市場","行業代號1":null,"名稱1":null,"行業代號2":null,"名稱2":null,"行業代號3":null,"名稱3":null,"category":"夜市/市場攤販","id":10032741,"pay_list":"","pay_tool":""},{"index":153,"shop":"東光公有零售市場-楊修誠","zone":"中彰投","city":"臺中市","area":"北屯區","market_address":"臺中市北屯區北平路四段68號","user":"楊修誠","行業代號":null,"market_name":"東光公有零售市場","行業代號1":null,"名稱1":null,"行業代號2":null,"名稱2":null,"行業代號3":null,"名稱3":null,"category":"夜市/市場攤販","id":10032742,"pay_list":"","pay_tool":""},{"index":154,"shop":"東光公有零售市場-陳瓊華","zone":"中彰投","city":"臺中市","area":"北屯區","market_address":"臺中市北屯區北平路四段68號","user":"陳瓊華","行業代號":null,"market_name":"東光公有零售市場","行業代號1":null,"名稱1":null,"行業代號2":null,"名稱2":null,"行業代號3":null,"名稱3":null,"category":"夜市/市場攤販","id":10032743,"pay_list":"","pay_tool":""},{"index":155,"shop":"東光公有零售市場-黃江富","zone":"中彰投","city":"臺中市","area":"北屯區","market_address":"臺中市北屯區北平路四段68號","user":"黃江富","行業代號":null,"market_name":"東光公有零售市場","行業代號1":null,"名稱1":null,"行業代號2":null,"名稱2":null,"行業代號3":null,"名稱3":null,"category":"夜市/市場攤販","id":10032744,"pay_list":"","pay_tool":""},{"index":156,"shop":"東光公有零售市場-林瑞栖","zone":"中彰投","city":"臺中市","area":"北屯區","market_address":"臺中市北屯區北平路四段68號","user":"林瑞栖","行業代號":null,"market_name":"東光公有零售市場","行業代號1":null,"名稱1":null,"行業代號2":null,"名稱2":null,"行業代號3":null,"名稱3":null,"category":"夜市/市場攤販","id":10032745,"pay_list":"","pay_tool":""},{"index":157,"shop":"東光公有零售市場-王秉富","zone":"中彰投","city":"臺中市","area":"北屯區","market_address":"臺中市北屯區北平路四段68號","user":"王秉富","行業代號":null,"market_name":"東光公有零售市場","行業代號1":null,"名稱1":null,"行業代號2":null,"名稱2":null,"行業代號3":null,"名稱3":null,"category":"夜市/市場攤販","id":10032746,"pay_list":"","pay_tool":""},{"index":158,"shop":"東光公有零售市場-黃善雲","zone":"中彰投","city":"臺中市","area":"北屯區","market_address":"臺中市北屯區北平路四段68號","user":"黃善雲","行業代號":null,"market_name":"東光公有零售市場","行業代號1":null,"名稱1":null,"行業代號2":null,"名稱2":null,"行業代號3":null,"名稱3":null,"category":"夜市/市場攤販","id":10032748,"pay_list":"","pay_tool":""},{"index":159,"shop":"東光公有零售市場-李忠燦","zone":"中彰投","city":"臺中市","area":"北屯區","market_address":"臺中市北屯區北平路四段68號","user":"李忠燦","行業代號":null,"market_name":"東光公有零售市場","行業代號1":null,"名稱1":null,"行業代號2":null,"名稱2":null,"行業代號3":null,"名稱3":null,"category":"夜市/市場攤販","id":10032749,"pay_list":"","pay_tool":""},{"index":160,"shop":"東光公有零售市場-林瑞栖","zone":"中彰投","city":"臺中市","area":"北屯區","market_address":"臺中市北屯區北平路四段68號","user":"林瑞栖","行業代號":null,"market_name":"東光公有零售市場","行業代號1":null,"名稱1":null,"行業代號2":null,"名稱2":null,"行業代號3":null,"名稱3":null,"category":"夜市/市場攤販","id":10032750,"pay_list":"","pay_tool":""},{"index":161,"shop":"東光公有零售市場-劉文娟","zone":"中彰投","city":"臺中市","area":"北屯區","market_address":"臺中市北屯區北平路四段68號","user":"劉文娟","行業代號":null,"market_name":"東光公有零售市場","行業代號1":null,"名稱1":null,"行業代號2":null,"名稱2":null,"行業代號3":null,"名稱3":null,"category":"夜市/市場攤販","id":10032751,"pay_list":"","pay_tool":""},{"index":162,"shop":"東光公有零售市場-賴錦全","zone":"中彰投","city":"臺中市","area":"北屯區","market_address":"臺中市北屯區北平路四段68號","user":"賴錦全","行業代號":null,"market_name":"東光公有零售市場","行業代號1":null,"名稱1":null,"行業代號2":null,"名稱2":null,"行業代號3":null,"名稱3":null,"category":"夜市/市場攤販","id":10032752,"pay_list":"","pay_tool":""},{"index":163,"shop":"東光公有零售市場-程寶珠","zone":"中彰投","city":"臺中市","area":"北屯區","market_address":"臺中市北屯區北平路四段68號","user":"程寶珠","行業代號":null,"market_name":"東光公有零售市場","行業代號1":null,"名稱1":null,"行業代號2":null,"名稱2":null,"行業代號3":null,"名稱3":null,"category":"夜市/市場攤販","id":10032753,"pay_list":"","pay_tool":""},{"index":164,"shop":"東光公有零售市場-陳姿靜","zone":"中彰投","city":"臺中市","area":"北屯區","market_address":"臺中市北屯區北平路四段68號","user":"陳姿靜","行業代號":null,"market_name":"東光公有零售市場","行業代號1":null,"名稱1":null,"行業代號2":null,"名稱2":null,"行業代號3":null,"名稱3":null,"category":"夜市/市場攤販","id":10032754,"pay_list":"","pay_tool":""},{"index":165,"shop":"東光公有零售市場-楊博閔","zone":"中彰投","city":"臺中市","area":"北屯區","market_address":"臺中市北屯區北平路四段68號","user":"楊博閔","行業代號":null,"market_name":"東光公有零售市場","行業代號1":null,"名稱1":null,"行業代號2":null,"名稱2":null,"行業代號3":null,"名稱3":null,"category":"夜市/市場攤販","id":10032755,"pay_list":"","pay_tool":""},{"index":166,"shop":"東光公有零售市場-林坤炳","zone":"中彰投","city":"臺中市","area":"北屯區","market_address":"臺中市北屯區北平路四段68號","user":"林坤炳","行業代號":null,"market_name":"東光公有零售市場","行業代號1":null,"名稱1":null,"行業代號2":null,"名稱2":null,"行業代號3":null,"名稱3":null,"category":"夜市/市場攤販","id":10032756,"pay_list":"","pay_tool":""},{"index":167,"shop":"東光公有零售市場-林坤炳","zone":"中彰投","city":"臺中市","area":"北屯區","market_address":"臺中市北屯區北平路四段68號","user":"林坤炳","行業代號":null,"market_name":"東光公有零售市場","行業代號1":null,"名稱1":null,"行業代號2":null,"名稱2":null,"行業代號3":null,"名稱3":null,"category":"夜市/市場攤販","id":10032757,"pay_list":"","pay_tool":""},{"index":168,"shop":"東光公有零售市場-林政達","zone":"中彰投","city":"臺中市","area":"北屯區","market_address":"臺中市北屯區北平路四段68號","user":"林政達","行業代號":null,"market_name":"東光公有零售市場","行業代號1":null,"名稱1":null,"行業代號2":null,"名稱2":null,"行業代號3":null,"名稱3":null,"category":"夜市/市場攤販","id":10032759,"pay_list":"","pay_tool":""},{"index":169,"shop":"東光公有零售市場-張盛玉燕","zone":"中彰投","city":"臺中市","area":"北屯區","market_address":"臺中市北屯區北平路四段68號","user":"張盛玉燕","行業代號":null,"market_name":"東光公有零售市場","行業代號1":null,"名稱1":null,"行業代號2":null,"名稱2":null,"行業代號3":null,"名稱3":null,"category":"夜市/市場攤販","id":10032760,"pay_list":"","pay_tool":""},{"index":170,"shop":"東光公有零售市場-賴麗娟","zone":"中彰投","city":"臺中市","area":"北屯區","market_address":"臺中市北屯區北平路四段68號","user":"賴麗娟","行業代號":null,"market_name":"東光公有零售市場","行業代號1":null,"名稱1":null,"行業代號2":null,"名稱2":null,"行業代號3":null,"名稱3":null,"category":"夜市/市場攤販","id":10032761,"pay_list":"","pay_tool":""},{"index":171,"shop":"東光公有零售市場-楊全方","zone":"中彰投","city":"臺中市","area":"北屯區","market_address":"臺中市北屯區北平路四段68號","user":"楊全方","行業代號":null,"market_name":"東光公有零售市場","行業代號1":null,"名稱1":null,"行業代號2":null,"名稱2":null,"行業代號3":null,"名稱3":null,"category":"夜市/市場攤販","id":10032762,"pay_list":"","pay_tool":""},{"index":172,"shop":"東光公有零售市場-林永裕","zone":"中彰投","city":"臺中市","area":"北屯區","market_address":"臺中市北屯區北平路四段68號","user":"林永裕","行業代號":null,"market_name":"東光公有零售市場","行業代號1":null,"名稱1":null,"行業代號2":null,"名稱2":null,"行業代號3":null,"名稱3":null,"category":"夜市/市場攤販","id":10032763,"pay_list":"","pay_tool":""},{"index":173,"shop":"東光公有零售市場-黃素枝","zone":"中彰投","city":"臺中市","area":"北屯區","market_address":"臺中市北屯區北平路四段68號","user":"黃素枝","行業代號":null,"market_name":"東光公有零售市場","行業代號1":null,"名稱1":null,"行業代號2":null,"名稱2":null,"行業代號3":null,"名稱3":null,"category":"夜市/市場攤販","id":10032764,"pay_list":"","pay_tool":""},{"index":174,"shop":"東光公有零售市場-林永裕","zone":"中彰投","city":"臺中市","area":"北屯區","market_address":"臺中市北屯區北平路四段68號","user":"林永裕","行業代號":null,"market_name":"東光公有零售市場","行業代號1":null,"名稱1":null,"行業代號2":null,"名稱2":null,"行業代號3":null,"名稱3":null,"category":"夜市/市場攤販","id":10032765,"pay_list":"","pay_tool":""},{"index":175,"shop":"東光公有零售市場-陳政臣","zone":"中彰投","city":"臺中市","area":"北屯區","market_address":"臺中市北屯區北平路四段68號","user":"陳政臣","行業代號":null,"market_name":"東光公有零售市場","行業代號1":null,"名稱1":null,"行業代號2":null,"名稱2":null,"行業代號3":null,"名稱3":null,"category":"夜市/市場攤販","id":10032766,"pay_list":"","pay_tool":""},{"index":176,"shop":"東光公有零售市場-黃張美卿","zone":"中彰投","city":"臺中市","area":"北屯區","market_address":"臺中市北屯區北平路四段68號","user":"黃張美卿","行業代號":null,"market_name":"東光公有零售市場","行業代號1":null,"名稱1":null,"行業代號2":null,"名稱2":null,"行業代號3":null,"名稱3":null,"category":"夜市/市場攤販","id":10032767,"pay_list":"","pay_tool":""},{"index":177,"shop":"東光公有零售市場-陳政臣","zone":"中彰投","city":"臺中市","area":"北屯區","market_address":"臺中市北屯區北平路四段68號","user":"陳政臣","行業代號":null,"market_name":"東光公有零售市場","行業代號1":null,"名稱1":null,"行業代號2":null,"名稱2":null,"行業代號3":null,"名稱3":null,"category":"夜市/市場攤販","id":10032768,"pay_list":"","pay_tool":""},{"index":178,"shop":"東光公有零售市場-許雪嬌","zone":"中彰投","city":"臺中市","area":"北屯區","market_address":"臺中市北屯區北平路四段68號","user":"許雪嬌","行業代號":null,"market_name":"東光公有零售市場","行業代號1":null,"名稱1":null,"行業代號2":null,"名稱2":null,"行業代號3":null,"名稱3":null,"category":"夜市/市場攤販","id":10032770,"pay_list":"","pay_tool":""},{"index":179,"shop":"東光公有零售市場-王榮富","zone":"中彰投","city":"臺中市","area":"北屯區","market_address":"臺中市北屯區北平路四段68號","user":"王榮富","行業代號":null,"market_name":"東光公有零售市場","行業代號1":null,"名稱1":null,"行業代號2":null,"名稱2":null,"行業代號3":null,"名稱3":null,"category":"夜市/市場攤販","id":10032771,"pay_list":"","pay_tool":""},{"index":180,"shop":"東光公有零售市場-陳政臣","zone":"中彰投","city":"臺中市","area":"北屯區","market_address":"臺中市北屯區北平路四段68號","user":"陳政臣","行業代號":null,"market_name":"東光公有零售市場","行業代號1":null,"名稱1":null,"行業代號2":null,"名稱2":null,"行業代號3":null,"名稱3":null,"category":"夜市/市場攤販","id":10032772,"pay_list":"","pay_tool":""},{"index":181,"shop":"東光公有零售市場-黃莉淳","zone":"中彰投","city":"臺中市","area":"北屯區","market_address":"臺中市北屯區北平路四段68號","user":"黃莉淳","行業代號":null,"market_name":"東光公有零售市場","行業代號1":null,"名稱1":null,"行業代號2":null,"名稱2":null,"行業代號3":null,"名稱3":null,"category":"夜市/市場攤販","id":10032773,"pay_list":"","pay_tool":""},{"index":182,"shop":"東光公有零售市場-黃莉淳","zone":"中彰投","city":"臺中市","area":"北屯區","market_address":"臺中市北屯區北平路四段68號","user":"黃莉淳","行業代號":null,"market_name":"東光公有零售市場","行業代號1":null,"名稱1":null,"行業代號2":null,"名稱2":null,"行業代號3":null,"名稱3":null,"category":"夜市/市場攤販","id":10032774,"pay_list":"","pay_tool":""},{"index":183,"shop":"東光公有零售市場-洪貹財","zone":"中彰投","city":"臺中市","area":"北屯區","market_address":"臺中市北屯區北平路四段68號","user":"洪貹財","行業代號":null,"market_name":"東光公有零售市場","行業代號1":null,"名稱1":null,"行業代號2":null,"名稱2":null,"行業代號3":null,"名稱3":null,"category":"夜市/市場攤販","id":10032775,"pay_list":"","pay_tool":""},{"index":184,"shop":"東光公有零售市場-洪貹財","zone":"中彰投","city":"臺中市","area":"北屯區","market_address":"臺中市北屯區北平路四段68號","user":"洪貹財","行業代號":null,"market_name":"東光公有零售市場","行業代號1":null,"名稱1":null,"行業代號2":null,"名稱2":null,"行業代號3":null,"名稱3":null,"category":"夜市/市場攤販","id":10032776,"pay_list":"","pay_tool":""},{"index":185,"shop":"東光公有零售市場-廖月裡","zone":"中彰投","city":"臺中市","area":"北屯區","market_address":"臺中市北屯區北平路四段68號","user":"廖月裡","行業代號":null,"market_name":"東光公有零售市場","行業代號1":null,"名稱1":null,"行業代號2":null,"名稱2":null,"行業代號3":null,"名稱3":null,"category":"夜市/市場攤販","id":10032777,"pay_list":"","pay_tool":""},{"index":186,"shop":"東光公有零售市場-詹獻堂","zone":"中彰投","city":"臺中市","area":"北屯區","market_address":"臺中市北屯區北平路四段68號","user":"詹獻堂","行業代號":null,"market_name":"東光公有零售市場","行業代號1":null,"名稱1":null,"行業代號2":null,"名稱2":null,"行業代號3":null,"名稱3":null,"category":"夜市/市場攤販","id":10032778,"pay_list":"","pay_tool":""},{"index":187,"shop":"東光公有零售市場-張林鎂淑","zone":"中彰投","city":"臺中市","area":"北屯區","market_address":"臺中市北屯區北平路四段68號","user":"張林鎂淑","行業代號":null,"market_name":"東光公有零售市場","行業代號1":null,"名稱1":null,"行業代號2":null,"名稱2":null,"行業代號3":null,"名稱3":null,"category":"夜市/市場攤販","id":10032779,"pay_list":"","pay_tool":""},{"index":188,"shop":"東光公有零售市場-洪翠壎","zone":"中彰投","city":"臺中市","area":"北屯區","market_address":"臺中市北屯區北平路四段68號","user":"洪翠壎","行業代號":null,"market_name":"東光公有零售市場","行業代號1":null,"名稱1":null,"行業代號2":null,"名稱2":null,"行業代號3":null,"名稱3":null,"category":"夜市/市場攤販","id":10032781,"pay_list":"","pay_tool":""},{"index":189,"shop":"東光公有零售市場-賴麥","zone":"中彰投","city":"臺中市","area":"北屯區","market_address":"臺中市北屯區北平路四段68號","user":"賴麥","行業代號":null,"market_name":"東光公有零售市場","行業代號1":null,"名稱1":null,"行業代號2":null,"名稱2":null,"行業代號3":null,"名稱3":null,"category":"夜市/市場攤販","id":10032782,"pay_list":"","pay_tool":""},{"index":190,"shop":"東光公有零售市場-賴俊杉","zone":"中彰投","city":"臺中市","area":"北屯區","market_address":"臺中市北屯區北平路四段68號","user":"賴俊杉","行業代號":null,"market_name":"東光公有零售市場","行業代號1":null,"名稱1":null,"行業代號2":null,"名稱2":null,"行業代號3":null,"名稱3":null,"category":"夜市/市場攤販","id":10032783,"pay_list":"","pay_tool":""},{"index":191,"shop":"東光公有零售市場-賴俊杉","zone":"中彰投","city":"臺中市","area":"北屯區","market_address":"臺中市北屯區北平路四段68號","user":"賴俊杉","行業代號":null,"market_name":"東光公有零售市場","行業代號1":null,"名稱1":null,"行業代號2":null,"名稱2":null,"行業代號3":null,"名稱3":null,"category":"夜市/市場攤販","id":10032784,"pay_list":"","pay_tool":""},{"index":192,"shop":"東光公有零售市場-賴王金梅","zone":"中彰投","city":"臺中市","area":"北屯區","market_address":"臺中市北屯區北平路四段68號","user":"賴王金梅","行業代號":null,"market_name":"東光公有零售市場","行業代號1":null,"名稱1":null,"行業代號2":null,"名稱2":null,"行業代號3":null,"名稱3":null,"category":"夜市/市場攤販","id":10032785,"pay_list":"","pay_tool":""},{"index":193,"shop":"東光公有零售市場-陳美足","zone":"中彰投","city":"臺中市","area":"北屯區","market_address":"臺中市北屯區北平路四段68號","user":"陳美足","行業代號":null,"market_name":"東光公有零售市場","行業代號1":null,"名稱1":null,"行業代號2":null,"名稱2":null,"行業代號3":null,"名稱3":null,"category":"夜市/市場攤販","id":10032786,"pay_list":"","pay_tool":""},{"index":194,"shop":"東光公有零售市場-林鍚洲","zone":"中彰投","city":"臺中市","area":"北屯區","market_address":"臺中市北屯區北平路四段68號","user":"林鍚洲","行業代號":null,"market_name":"東光公有零售市場","行業代號1":null,"名稱1":null,"行業代號2":null,"名稱2":null,"行業代號3":null,"名稱3":null,"category":"夜市/市場攤販","id":10032787,"pay_list":"","pay_tool":""},{"index":195,"shop":"東光公有零售市場-何素珍","zone":"中彰投","city":"臺中市","area":"北屯區","market_address":"臺中市北屯區北平路四段68號","user":"何素珍","行業代號":null,"market_name":"東光公有零售市場","行業代號1":null,"名稱1":null,"行業代號2":null,"名稱2":null,"行業代號3":null,"名稱3":null,"category":"夜市/市場攤販","id":10032788,"pay_list":"","pay_tool":""},{"index":196,"shop":"東光公有零售市場-管恩儀","zone":"中彰投","city":"臺中市","area":"北屯區","market_address":"臺中市北屯區北平路四段68號","user":"管恩儀","行業代號":null,"market_name":"東光公有零售市場","行業代號1":null,"名稱1":null,"行業代號2":null,"名稱2":null,"行業代號3":null,"名稱3":null,"category":"夜市/市場攤販","id":10032789,"pay_list":"","pay_tool":""},{"index":197,"shop":"東光公有零售市場-林中和","zone":"中彰投","city":"臺中市","area":"北屯區","market_address":"臺中市北屯區北平路四段68號","user":"林中和","行業代號":null,"market_name":"東光公有零售市場","行業代號1":null,"名稱1":null,"行業代號2":null,"名稱2":null,"行業代號3":null,"名稱3":null,"category":"夜市/市場攤販","id":10032790,"pay_list":"","pay_tool":""},{"index":198,"shop":"東光公有零售市場-林哲成","zone":"中彰投","city":"臺中市","area":"北屯區","market_address":"臺中市北屯區北平路四段68號","user":"林哲成","行業代號":null,"market_name":"東光公有零售市場","行業代號1":null,"名稱1":null,"行業代號2":null,"名稱2":null,"行業代號3":null,"名稱3":null,"category":"夜市/市場攤販","id":10032792,"pay_list":"","pay_tool":""},{"index":199,"shop":"東光公有零售市場-黃清臨","zone":"中彰投","city":"臺中市","area":"北屯區","market_address":"臺中市北屯區北平路四段68號","user":"黃清臨","行業代號":null,"market_name":"東光公有零售市場","行業代號1":null,"名稱1":null,"行業代號2":null,"名稱2":null,"行業代號3":null,"名稱3":null,"category":"夜市/市場攤販","id":10032793,"pay_list":"","pay_tool":""},{"index":200,"shop":"東光公有零售市場-邱秀春","zone":"中彰投","city":"臺中市","area":"北屯區","market_address":"臺中市北屯區北平路四段68號","user":"邱秀春","行業代號":null,"market_name":"東光公有零售市場","行業代號1":null,"名稱1":null,"行業代號2":null,"名稱2":null,"行業代號3":null,"名稱3":null,"category":"夜市/市場攤販","id":10032794,"pay_list":"","pay_tool":""}]