[{"index":1,"id":10055790,"user":"邱家宏","shop":"中山公有零售市場-25","category":"夜市/市場攤販","zone":"雲嘉南","city":"臺南市","area":"佳里區","market_name":"中山公有零售市場","market_address":"臺南市佳里區東寧里中山路300號","pay_list":"","pay_tool":""},{"index":2,"id":10055791,"user":"邱元宥","shop":"中山公有零售市場-26","category":"夜市/市場攤販","zone":"雲嘉南","city":"臺南市","area":"佳里區","market_name":"中山公有零售市場","market_address":"臺南市佳里區東寧里中山路300號","pay_list":"","pay_tool":""},{"index":3,"id":10055793,"user":"許麗員","shop":"中山公有零售市場-27","category":"夜市/市場攤販","zone":"雲嘉南","city":"臺南市","area":"佳里區","market_name":"中山公有零售市場","market_address":"臺南市佳里區東寧里中山路300號","pay_list":"","pay_tool":""},{"index":4,"id":10055794,"user":"陳中明","shop":"中山公有零售市場-28","category":"夜市/市場攤販","zone":"雲嘉南","city":"臺南市","area":"佳里區","market_name":"中山公有零售市場","market_address":"臺南市佳里區東寧里中山路300號","pay_list":"","pay_tool":""},{"index":5,"id":10055795,"user":"蔡謝宇","shop":"中山公有零售市場-29","category":"夜市/市場攤販","zone":"雲嘉南","city":"臺南市","area":"佳里區","market_name":"中山公有零售市場","market_address":"臺南市佳里區東寧里中山路300號","pay_list":"","pay_tool":""},{"index":6,"id":10055796,"user":"蔡世峰","shop":"中山公有零售市場-30","category":"夜市/市場攤販","zone":"雲嘉南","city":"臺南市","area":"佳里區","market_name":"中山公有零售市場","market_address":"臺南市佳里區東寧里中山路300號","pay_list":"","pay_tool":""},{"index":7,"id":10055797,"user":"吳惠文","shop":"中山公有零售市場-31","category":"夜市/市場攤販","zone":"雲嘉南","city":"臺南市","area":"佳里區","market_name":"中山公有零售市場","market_address":"臺南市佳里區東寧里中山路300號","pay_list":"","pay_tool":""},{"index":8,"id":10055798,"user":"陳吳春英","shop":"中山公有零售市場-32","category":"夜市/市場攤販","zone":"雲嘉南","city":"臺南市","area":"佳里區","market_name":"中山公有零售市場","market_address":"臺南市佳里區東寧里中山路300號","pay_list":"","pay_tool":""},{"index":9,"id":10055799,"user":"邱榮旺","shop":"中山公有零售市場-33","category":"夜市/市場攤販","zone":"雲嘉南","city":"臺南市","area":"佳里區","market_name":"中山公有零售市場","market_address":"臺南市佳里區東寧里中山路300號","pay_list":"","pay_tool":""},{"index":10,"id":10055800,"user":"陳中成","shop":"中山公有零售市場-34","category":"夜市/市場攤販","zone":"雲嘉南","city":"臺南市","area":"佳里區","market_name":"中山公有零售市場","market_address":"臺南市佳里區東寧里中山路300號","pay_list":"","pay_tool":""},{"index":11,"id":10055801,"user":"林弘炳","shop":"中山公有零售市場-35","category":"夜市/市場攤販","zone":"雲嘉南","city":"臺南市","area":"佳里區","market_name":"中山公有零售市場","market_address":"臺南市佳里區東寧里中山路300號","pay_list":"","pay_tool":""},{"index":12,"id":10055802,"user":"蔡條會","shop":"中山公有零售市場-36","category":"夜市/市場攤販","zone":"雲嘉南","city":"臺南市","area":"佳里區","market_name":"中山公有零售市場","market_address":"臺南市佳里區東寧里中山路300號","pay_list":"","pay_tool":""},{"index":13,"id":10055804,"user":"邱麗雪","shop":"中山公有零售市場-37","category":"夜市/市場攤販","zone":"雲嘉南","city":"臺南市","area":"佳里區","market_name":"中山公有零售市場","market_address":"臺南市佳里區東寧里中山路300號","pay_list":"","pay_tool":""},{"index":14,"id":10055805,"user":"陳秀霞","shop":"中山公有零售市場-38","category":"夜市/市場攤販","zone":"雲嘉南","city":"臺南市","area":"佳里區","market_name":"中山公有零售市場","market_address":"臺南市佳里區東寧里中山路300號","pay_list":"","pay_tool":""},{"index":15,"id":10055806,"user":"李秀蘭","shop":"中山公有零售市場-39","category":"夜市/市場攤販","zone":"雲嘉南","city":"臺南市","area":"佳里區","market_name":"中山公有零售市場","market_address":"臺南市佳里區東寧里中山路300號","pay_list":"","pay_tool":""},{"index":16,"id":10055807,"user":"邱壁欣","shop":"中山公有零售市場-40","category":"夜市/市場攤販","zone":"雲嘉南","city":"臺南市","area":"佳里區","market_name":"中山公有零售市場","market_address":"臺南市佳里區東寧里中山路300號","pay_list":"","pay_tool":""},{"index":17,"id":10055808,"user":"吳?傑","shop":"中山公有零售市場-41","category":"夜市/市場攤販","zone":"雲嘉南","city":"臺南市","area":"佳里區","market_name":"中山公有零售市場","market_address":"臺南市佳里區東寧里中山路300號","pay_list":"","pay_tool":""},{"index":18,"id":10055809,"user":"李豐榮","shop":"中山公有零售市場-42","category":"夜市/市場攤販","zone":"雲嘉南","city":"臺南市","area":"佳里區","market_name":"中山公有零售市場","market_address":"臺南市佳里區東寧里中山路300號","pay_list":"","pay_tool":""},{"index":19,"id":10055810,"user":"邱麗珍","shop":"中山公有零售市場-43","category":"夜市/市場攤販","zone":"雲嘉南","city":"臺南市","area":"佳里區","market_name":"中山公有零售市場","market_address":"臺南市佳里區東寧里中山路300號","pay_list":"","pay_tool":""},{"index":20,"id":10055811,"user":"黃士軒","shop":"中山公有零售市場-44","category":"夜市/市場攤販","zone":"雲嘉南","city":"臺南市","area":"佳里區","market_name":"中山公有零售市場","market_address":"臺南市佳里區東寧里中山路300號","pay_list":"","pay_tool":""},{"index":21,"id":10055812,"user":"謝春妃","shop":"中山公有零售市場-45","category":"夜市/市場攤販","zone":"雲嘉南","city":"臺南市","area":"佳里區","market_name":"中山公有零售市場","market_address":"臺南市佳里區東寧里中山路300號","pay_list":["LINE PAY MONEY"],"pay_tool":["行動支付"]},{"index":22,"id":10055813,"user":"洪啟智","shop":"中山公有零售市場-46","category":"夜市/市場攤販","zone":"雲嘉南","city":"臺南市","area":"佳里區","market_name":"中山公有零售市場","market_address":"臺南市佳里區東寧里中山路300號","pay_list":"","pay_tool":""},{"index":23,"id":10055815,"user":"蔡榮坤","shop":"中山公有零售市場-47","category":"夜市/市場攤販","zone":"雲嘉南","city":"臺南市","area":"佳里區","market_name":"中山公有零售市場","market_address":"臺南市佳里區東寧里中山路300號","pay_list":"","pay_tool":""},{"index":24,"id":10055816,"user":"蘇景豊","shop":"中山公有零售市場-48","category":"夜市/市場攤販","zone":"雲嘉南","city":"臺南市","area":"佳里區","market_name":"中山公有零售市場","market_address":"臺南市佳里區東寧里中山路300號","pay_list":"","pay_tool":""},{"index":25,"id":10055817,"user":"邱景春","shop":"中山公有零售市場-49","category":"夜市/市場攤販","zone":"雲嘉南","city":"臺南市","area":"佳里區","market_name":"中山公有零售市場","market_address":"臺南市佳里區東寧里中山路300號","pay_list":"","pay_tool":""},{"index":26,"id":10055818,"user":"陳明龍","shop":"中山公有零售市場-50","category":"夜市/市場攤販","zone":"雲嘉南","city":"臺南市","area":"佳里區","market_name":"中山公有零售市場","market_address":"臺南市佳里區東寧里中山路300號","pay_list":"","pay_tool":""},{"index":27,"id":10055819,"user":"林長助","shop":"中山公有零售市場-51","category":"夜市/市場攤販","zone":"雲嘉南","city":"臺南市","area":"佳里區","market_name":"中山公有零售市場","market_address":"臺南市佳里區東寧里中山路300號","pay_list":"","pay_tool":""},{"index":28,"id":10055820,"user":"邱陳秀琴","shop":"中山公有零售市場-52","category":"夜市/市場攤販","zone":"雲嘉南","city":"臺南市","area":"佳里區","market_name":"中山公有零售市場","market_address":"臺南市佳里區東寧里中山路300號","pay_list":"","pay_tool":""},{"index":29,"id":10055821,"user":"朱鄭坤宜","shop":"中山公有零售市場-53","category":"夜市/市場攤販","zone":"雲嘉南","city":"臺南市","area":"佳里區","market_name":"中山公有零售市場","market_address":"臺南市佳里區東寧里中山路300號","pay_list":["LINE PAY MONEY"],"pay_tool":["行動支付"]},{"index":30,"id":10055822,"user":"楊順安","shop":"中山公有零售市場-54","category":"夜市/市場攤販","zone":"雲嘉南","city":"臺南市","area":"佳里區","market_name":"中山公有零售市場","market_address":"臺南市佳里區東寧里中山路300號","pay_list":"","pay_tool":""},{"index":31,"id":10055823,"user":"徐素娥","shop":"中山公有零售市場-55","category":"夜市/市場攤販","zone":"雲嘉南","city":"臺南市","area":"佳里區","market_name":"中山公有零售市場","market_address":"臺南市佳里區東寧里中山路300號","pay_list":"","pay_tool":""},{"index":32,"id":10055824,"user":"謝春慶","shop":"中山公有零售市場-56","category":"夜市/市場攤販","zone":"雲嘉南","city":"臺南市","area":"佳里區","market_name":"中山公有零售市場","market_address":"臺南市佳里區東寧里中山路300號","pay_list":"","pay_tool":""},{"index":33,"id":10055826,"user":"黃秀蓁","shop":"中山公有零售市場-57","category":"夜市/市場攤販","zone":"雲嘉南","city":"臺南市","area":"佳里區","market_name":"中山公有零售市場","market_address":"臺南市佳里區東寧里中山路300號","pay_list":"","pay_tool":""},{"index":34,"id":10055827,"user":"邱志明","shop":"中山公有零售市場-58","category":"夜市/市場攤販","zone":"雲嘉南","city":"臺南市","area":"佳里區","market_name":"中山公有零售市場","market_address":"臺南市佳里區東寧里中山路300號","pay_list":"","pay_tool":""},{"index":35,"id":10055828,"user":"柯榮文","shop":"中山公有零售市場-59","category":"夜市/市場攤販","zone":"雲嘉南","city":"臺南市","area":"佳里區","market_name":"中山公有零售市場","market_address":"臺南市佳里區東寧里中山路300號","pay_list":"","pay_tool":""},{"index":36,"id":10055829,"user":"陳秋蘭","shop":"中山公有零售市場-60","category":"夜市/市場攤販","zone":"雲嘉南","city":"臺南市","area":"佳里區","market_name":"中山公有零售市場","market_address":"臺南市佳里區東寧里中山路300號","pay_list":["LINE PAY MONEY"],"pay_tool":["行動支付"]},{"index":37,"id":10055830,"user":"陳春梅","shop":"中山公有零售市場-61","category":"夜市/市場攤販","zone":"雲嘉南","city":"臺南市","area":"佳里區","market_name":"中山公有零售市場","market_address":"臺南市佳里區東寧里中山路300號","pay_list":"","pay_tool":""},{"index":38,"id":10055831,"user":"陳張金盆","shop":"中山公有零售市場-62","category":"夜市/市場攤販","zone":"雲嘉南","city":"臺南市","area":"佳里區","market_name":"中山公有零售市場","market_address":"臺南市佳里區東寧里中山路300號","pay_list":"","pay_tool":""},{"index":39,"id":10055832,"user":"陳福全","shop":"中山公有零售市場-63","category":"夜市/市場攤販","zone":"雲嘉南","city":"臺南市","area":"佳里區","market_name":"中山公有零售市場","market_address":"臺南市佳里區東寧里中山路300號","pay_list":["LINE PAY MONEY"],"pay_tool":["行動支付"]},{"index":40,"id":10055833,"user":"郭錦達","shop":"中山公有零售市場-64","category":"夜市/市場攤販","zone":"雲嘉南","city":"臺南市","area":"佳里區","market_name":"中山公有零售市場","market_address":"臺南市佳里區東寧里中山路300號","pay_list":"","pay_tool":""},{"index":41,"id":10055834,"user":"翁換","shop":"中山公有零售市場-65","category":"夜市/市場攤販","zone":"雲嘉南","city":"臺南市","area":"佳里區","market_name":"中山公有零售市場","market_address":"臺南市佳里區東寧里中山路300號","pay_list":"","pay_tool":""},{"index":42,"id":10055835,"user":"邱祈堂","shop":"中山公有零售市場-66","category":"夜市/市場攤販","zone":"雲嘉南","city":"臺南市","area":"佳里區","market_name":"中山公有零售市場","market_address":"臺南市佳里區東寧里中山路300號","pay_list":"","pay_tool":""},{"index":43,"id":10055837,"user":"陳金志","shop":"中山公有零售市場-67","category":"夜市/市場攤販","zone":"雲嘉南","city":"臺南市","area":"佳里區","market_name":"中山公有零售市場","market_address":"臺南市佳里區東寧里中山路300號","pay_list":"","pay_tool":""},{"index":44,"id":10055838,"user":"莊智惟","shop":"中山公有零售市場-68","category":"夜市/市場攤販","zone":"雲嘉南","city":"臺南市","area":"佳里區","market_name":"中山公有零售市場","market_address":"臺南市佳里區東寧里中山路300號","pay_list":"","pay_tool":""},{"index":45,"id":10055839,"user":"邱傳貴","shop":"中山公有零售市場-69","category":"夜市/市場攤販","zone":"雲嘉南","city":"臺南市","area":"佳里區","market_name":"中山公有零售市場","market_address":"臺南市佳里區東寧里中山路300號","pay_list":"","pay_tool":""},{"index":46,"id":10055840,"user":"陳冠博","shop":"中山公有零售市場-70","category":"夜市/市場攤販","zone":"雲嘉南","city":"臺南市","area":"佳里區","market_name":"中山公有零售市場","market_address":"臺南市佳里區東寧里中山路300號","pay_list":"","pay_tool":""},{"index":47,"id":10055841,"user":"邱世良","shop":"中山公有零售市場-71","category":"夜市/市場攤販","zone":"雲嘉南","city":"臺南市","area":"佳里區","market_name":"中山公有零售市場","market_address":"臺南市佳里區東寧里中山路300號","pay_list":"","pay_tool":""},{"index":48,"id":10055842,"user":"蔡博富","shop":"中山公有零售市場-72","category":"夜市/市場攤販","zone":"雲嘉南","city":"臺南市","area":"佳里區","market_name":"中山公有零售市場","market_address":"臺南市佳里區東寧里中山路300號","pay_list":"","pay_tool":""},{"index":49,"id":10055843,"user":"邱仁智","shop":"中山公有零售市場-73","category":"夜市/市場攤販","zone":"雲嘉南","city":"臺南市","area":"佳里區","market_name":"中山公有零售市場","market_address":"臺南市佳里區東寧里中山路300號","pay_list":"","pay_tool":""},{"index":50,"id":10055844,"user":"邱江福","shop":"中山公有零售市場-74","category":"夜市/市場攤販","zone":"雲嘉南","city":"臺南市","area":"佳里區","market_name":"中山公有零售市場","market_address":"臺南市佳里區東寧里中山路300號","pay_list":"","pay_tool":""},{"index":51,"id":10055845,"user":"陳榮華","shop":"中山公有零售市場-75","category":"夜市/市場攤販","zone":"雲嘉南","city":"臺南市","area":"佳里區","market_name":"中山公有零售市場","market_address":"臺南市佳里區東寧里中山路300號","pay_list":"","pay_tool":""},{"index":52,"id":10055846,"user":"楊美雲","shop":"中山公有零售市場-76","category":"夜市/市場攤販","zone":"雲嘉南","city":"臺南市","area":"佳里區","market_name":"中山公有零售市場","market_address":"臺南市佳里區東寧里中山路300號","pay_list":"","pay_tool":""},{"index":53,"id":10055848,"user":"謝和璋","shop":"中山公有零售市場-77","category":"夜市/市場攤販","zone":"雲嘉南","city":"臺南市","area":"佳里區","market_name":"中山公有零售市場","market_address":"臺南市佳里區東寧里中山路300號","pay_list":"","pay_tool":""},{"index":54,"id":10055849,"user":"邱智暉","shop":"中山公有零售市場-78","category":"夜市/市場攤販","zone":"雲嘉南","city":"臺南市","area":"佳里區","market_name":"中山公有零售市場","market_address":"臺南市佳里區東寧里中山路300號","pay_list":"","pay_tool":""},{"index":55,"id":10055850,"user":"鄒騰駉","shop":"中山公有零售市場-79","category":"夜市/市場攤販","zone":"雲嘉南","city":"臺南市","area":"佳里區","market_name":"中山公有零售市場","market_address":"臺南市佳里區東寧里中山路300號","pay_list":"","pay_tool":""},{"index":56,"id":10055851,"user":"鄒芷菡","shop":"中山公有零售市場-80","category":"夜市/市場攤販","zone":"雲嘉南","city":"臺南市","area":"佳里區","market_name":"中山公有零售市場","market_address":"臺南市佳里區東寧里中山路300號","pay_list":"","pay_tool":""},{"index":57,"id":10055852,"user":"邱陳美","shop":"中山公有零售市場-81","category":"夜市/市場攤販","zone":"雲嘉南","city":"臺南市","area":"佳里區","market_name":"中山公有零售市場","market_address":"臺南市佳里區東寧里中山路300號","pay_list":"","pay_tool":""},{"index":58,"id":10055853,"user":"陳志祥","shop":"中山公有零售市場-83","category":"夜市/市場攤販","zone":"雲嘉南","city":"臺南市","area":"佳里區","market_name":"中山公有零售市場","market_address":"臺南市佳里區東寧里中山路300號","pay_list":"","pay_tool":""},{"index":59,"id":10055854,"user":"謝銘懿","shop":"中山公有零售市場-84","category":"夜市/市場攤販","zone":"雲嘉南","city":"臺南市","area":"佳里區","market_name":"中山公有零售市場","market_address":"臺南市佳里區東寧里中山路300號","pay_list":"","pay_tool":""},{"index":60,"id":10055855,"user":"陳慶宗","shop":"中山公有零售市場-85","category":"夜市/市場攤販","zone":"雲嘉南","city":"臺南市","area":"佳里區","market_name":"中山公有零售市場","market_address":"臺南市佳里區東寧里中山路300號","pay_list":"","pay_tool":""},{"index":61,"id":10055856,"user":"許惠萍","shop":"中山公有零售市場-86","category":"夜市/市場攤販","zone":"雲嘉南","city":"臺南市","area":"佳里區","market_name":"中山公有零售市場","market_address":"臺南市佳里區東寧里中山路300號","pay_list":"","pay_tool":""},{"index":62,"id":10055857,"user":"陳國輝","shop":"中山公有零售市場-87","category":"夜市/市場攤販","zone":"雲嘉南","city":"臺南市","area":"佳里區","market_name":"中山公有零售市場","market_address":"臺南市佳里區東寧里中山路300號","pay_list":"","pay_tool":""},{"index":63,"id":10055859,"user":"楊彩同","shop":"中山公有零售市場-88","category":"夜市/市場攤販","zone":"雲嘉南","city":"臺南市","area":"佳里區","market_name":"中山公有零售市場","market_address":"臺南市佳里區東寧里中山路300號","pay_list":"","pay_tool":""},{"index":64,"id":10055860,"user":"林利科","shop":"中山公有零售市場-89","category":"夜市/市場攤販","zone":"雲嘉南","city":"臺南市","area":"佳里區","market_name":"中山公有零售市場","market_address":"臺南市佳里區東寧里中山路300號","pay_list":"","pay_tool":""},{"index":65,"id":10055861,"user":"陳俊銘","shop":"中山公有零售市場-90","category":"夜市/市場攤販","zone":"雲嘉南","city":"臺南市","area":"佳里區","market_name":"中山公有零售市場","market_address":"臺南市佳里區東寧里中山路300號","pay_list":"","pay_tool":""},{"index":66,"id":10055862,"user":"許正杰","shop":"中山公有零售市場-91","category":"夜市/市場攤販","zone":"雲嘉南","city":"臺南市","area":"佳里區","market_name":"中山公有零售市場","market_address":"臺南市佳里區東寧里中山路300號","pay_list":"","pay_tool":""},{"index":67,"id":10055863,"user":"楊美盈","shop":"中山公有零售市場-92","category":"夜市/市場攤販","zone":"雲嘉南","city":"臺南市","area":"佳里區","market_name":"中山公有零售市場","market_address":"臺南市佳里區東寧里中山路300號","pay_list":"","pay_tool":""},{"index":68,"id":10055864,"user":"張淑敏","shop":"中山公有零售市場-93","category":"夜市/市場攤販","zone":"雲嘉南","city":"臺南市","area":"佳里區","market_name":"中山公有零售市場","market_address":"臺南市佳里區東寧里中山路300號","pay_list":"","pay_tool":""},{"index":69,"id":10055865,"user":"陳志翔","shop":"中山公有零售市場-94","category":"夜市/市場攤販","zone":"雲嘉南","city":"臺南市","area":"佳里區","market_name":"中山公有零售市場","market_address":"臺南市佳里區東寧里中山路300號","pay_list":"","pay_tool":""},{"index":70,"id":10055866,"user":"劉秋桂","shop":"中山公有零售市場-95","category":"夜市/市場攤販","zone":"雲嘉南","city":"臺南市","area":"佳里區","market_name":"中山公有零售市場","market_address":"臺南市佳里區東寧里中山路300號","pay_list":"","pay_tool":""},{"index":71,"id":10055867,"user":"林素珍","shop":"中山公有零售市場-96","category":"夜市/市場攤販","zone":"雲嘉南","city":"臺南市","area":"佳里區","market_name":"中山公有零售市場","market_address":"臺南市佳里區東寧里中山路300號","pay_list":"","pay_tool":""},{"index":72,"id":10055868,"user":"黃彬軒","shop":"中山公有零售市場-97","category":"夜市/市場攤販","zone":"雲嘉南","city":"臺南市","area":"佳里區","market_name":"中山公有零售市場","market_address":"臺南市佳里區東寧里中山路300號","pay_list":"","pay_tool":""},{"index":73,"id":10055870,"user":"林惠美","shop":"中山公有零售市場-98","category":"夜市/市場攤販","zone":"雲嘉南","city":"臺南市","area":"佳里區","market_name":"中山公有零售市場","market_address":"臺南市佳里區東寧里中山路300號","pay_list":"","pay_tool":""},{"index":74,"id":10055871,"user":"蔡博慧","shop":"中山公有零售市場-99","category":"夜市/市場攤販","zone":"雲嘉南","city":"臺南市","area":"佳里區","market_name":"中山公有零售市場","market_address":"臺南市佳里區東寧里中山路300號","pay_list":"","pay_tool":""},{"index":75,"id":10055872,"user":"黃徐阿鳳","shop":"中山公有零售市場-00A1","category":"夜市/市場攤販","zone":"雲嘉南","city":"臺南市","area":"佳里區","market_name":"中山公有零售市場","market_address":"臺南市佳里區東寧里中山路300號","pay_list":"","pay_tool":""},{"index":76,"id":10055873,"user":"王順隆","shop":"中山公有零售市場-00A2","category":"夜市/市場攤販","zone":"雲嘉南","city":"臺南市","area":"佳里區","market_name":"中山公有零售市場","market_address":"臺南市佳里區東寧里中山路300號","pay_list":"","pay_tool":""},{"index":77,"id":10055874,"user":"陳陸煙","shop":"中山公有零售市場-00A3","category":"夜市/市場攤販","zone":"雲嘉南","city":"臺南市","area":"佳里區","market_name":"中山公有零售市場","market_address":"臺南市佳里區東寧里中山路300號","pay_list":"","pay_tool":""},{"index":78,"id":10055875,"user":"陳林清霞","shop":"中山公有零售市場-00A4","category":"夜市/市場攤販","zone":"雲嘉南","city":"臺南市","area":"佳里區","market_name":"中山公有零售市場","market_address":"臺南市佳里區東寧里中山路300號","pay_list":"","pay_tool":""},{"index":79,"id":10055876,"user":"陳清田","shop":"中山公有零售市場-00A5","category":"夜市/市場攤販","zone":"雲嘉南","city":"臺南市","area":"佳里區","market_name":"中山公有零售市場","market_address":"臺南市佳里區東寧里中山路300號","pay_list":"","pay_tool":""},{"index":80,"id":10055877,"user":"郭黃金里","shop":"中山公有零售市場-00A6","category":"夜市/市場攤販","zone":"雲嘉南","city":"臺南市","area":"佳里區","market_name":"中山公有零售市場","market_address":"臺南市佳里區東寧里中山路300號","pay_list":"","pay_tool":""},{"index":81,"id":10055878,"user":"楊瑞鏘","shop":"中山公有零售市場-00A7","category":"夜市/市場攤販","zone":"雲嘉南","city":"臺南市","area":"佳里區","market_name":"中山公有零售市場","market_address":"臺南市佳里區東寧里中山路300號","pay_list":"","pay_tool":""},{"index":82,"id":10055879,"user":"謝雅珠","shop":"中山公有零售市場-00A8","category":"夜市/市場攤販","zone":"雲嘉南","city":"臺南市","area":"佳里區","market_name":"中山公有零售市場","market_address":"臺南市佳里區東寧里中山路300號","pay_list":"","pay_tool":""},{"index":83,"id":10055882,"user":"戴黃秋涼","shop":"中山公有零售市場-00A9","category":"夜市/市場攤販","zone":"雲嘉南","city":"臺南市","area":"佳里區","market_name":"中山公有零售市場","market_address":"臺南市佳里區東寧里中山路300號","pay_list":"","pay_tool":""},{"index":84,"id":10055883,"user":"黃維郎","shop":"中山公有零售市場-100","category":"夜市/市場攤販","zone":"雲嘉南","city":"臺南市","area":"佳里區","market_name":"中山公有零售市場","market_address":"臺南市佳里區東寧里中山路300號","pay_list":"","pay_tool":""},{"index":85,"id":10055884,"user":"邱明德","shop":"中山公有零售市場-101","category":"夜市/市場攤販","zone":"雲嘉南","city":"臺南市","area":"佳里區","market_name":"中山公有零售市場","market_address":"臺南市佳里區東寧里中山路300號","pay_list":["LINE PAY MONEY"],"pay_tool":["行動支付"]},{"index":86,"id":10055885,"user":"陳勝賢","shop":"中山公有零售市場-102","category":"夜市/市場攤販","zone":"雲嘉南","city":"臺南市","area":"佳里區","market_name":"中山公有零售市場","market_address":"臺南市佳里區東寧里中山路300號","pay_list":"","pay_tool":""},{"index":87,"id":10055886,"user":"黃明典","shop":"中山公有零售市場-103","category":"夜市/市場攤販","zone":"雲嘉南","city":"臺南市","area":"佳里區","market_name":"中山公有零售市場","market_address":"臺南市佳里區東寧里中山路300號","pay_list":"","pay_tool":""},{"index":88,"id":10055887,"user":"林寶進","shop":"中山公有零售市場-104","category":"夜市/市場攤販","zone":"雲嘉南","city":"臺南市","area":"佳里區","market_name":"中山公有零售市場","market_address":"臺南市佳里區東寧里中山路300號","pay_list":"","pay_tool":""},{"index":89,"id":10055888,"user":"陳舜麟","shop":"中山公有零售市場-105","category":"夜市/市場攤販","zone":"雲嘉南","city":"臺南市","area":"佳里區","market_name":"中山公有零售市場","market_address":"臺南市佳里區東寧里中山路300號","pay_list":"","pay_tool":""},{"index":90,"id":10055889,"user":"邱添貴","shop":"中山公有零售市場-106","category":"夜市/市場攤販","zone":"雲嘉南","city":"臺南市","area":"佳里區","market_name":"中山公有零售市場","market_address":"臺南市佳里區東寧里中山路300號","pay_list":"","pay_tool":""},{"index":91,"id":10055890,"user":"邱仙根","shop":"中山公有零售市場-107","category":"夜市/市場攤販","zone":"雲嘉南","city":"臺南市","area":"佳里區","market_name":"中山公有零售市場","market_address":"臺南市佳里區東寧里中山路300號","pay_list":"","pay_tool":""},{"index":92,"id":10055891,"user":"黃心妤","shop":"中山公有零售市場-108","category":"夜市/市場攤販","zone":"雲嘉南","city":"臺南市","area":"佳里區","market_name":"中山公有零售市場","market_address":"臺南市佳里區東寧里中山路300號","pay_list":"","pay_tool":""},{"index":93,"id":10055893,"user":"陳宗信","shop":"中山公有零售市場-109","category":"夜市/市場攤販","zone":"雲嘉南","city":"臺南市","area":"佳里區","market_name":"中山公有零售市場","market_address":"臺南市佳里區東寧里中山路300號","pay_list":"","pay_tool":""},{"index":94,"id":10055894,"user":"黃林美智","shop":"中山公有零售市場-110","category":"夜市/市場攤販","zone":"雲嘉南","city":"臺南市","area":"佳里區","market_name":"中山公有零售市場","market_address":"臺南市佳里區東寧里中山路300號","pay_list":"","pay_tool":""},{"index":95,"id":10055895,"user":"黃憶萱","shop":"中山公有零售市場-111","category":"夜市/市場攤販","zone":"雲嘉南","city":"臺南市","area":"佳里區","market_name":"中山公有零售市場","market_address":"臺南市佳里區東寧里中山路300號","pay_list":"","pay_tool":""},{"index":96,"id":10055896,"user":"黃蒼城","shop":"中山公有零售市場-112","category":"夜市/市場攤販","zone":"雲嘉南","city":"臺南市","area":"佳里區","market_name":"中山公有零售市場","market_address":"臺南市佳里區東寧里中山路300號","pay_list":"","pay_tool":""},{"index":97,"id":10055897,"user":"周俊賢","shop":"中山公有零售市場-113","category":"夜市/市場攤販","zone":"雲嘉南","city":"臺南市","area":"佳里區","market_name":"中山公有零售市場","market_address":"臺南市佳里區東寧里中山路300號","pay_list":"","pay_tool":""},{"index":98,"id":10055898,"user":"康仲淵","shop":"中山公有零售市場-114","category":"夜市/市場攤販","zone":"雲嘉南","city":"臺南市","area":"佳里區","market_name":"中山公有零售市場","market_address":"臺南市佳里區東寧里中山路300號","pay_list":["LINE PAY MONEY"],"pay_tool":["行動支付"]},{"index":99,"id":10055899,"user":"陳亮穎","shop":"中山公有零售市場-115","category":"夜市/市場攤販","zone":"雲嘉南","city":"臺南市","area":"佳里區","market_name":"中山公有零售市場","market_address":"臺南市佳里區東寧里中山路300號","pay_list":"","pay_tool":""},{"index":100,"id":10055900,"user":"周美","shop":"中山公有零售市場-116","category":"夜市/市場攤販","zone":"雲嘉南","city":"臺南市","area":"佳里區","market_name":"中山公有零售市場","market_address":"臺南市佳里區東寧里中山路300號","pay_list":"","pay_tool":""},{"index":101,"id":10055901,"user":"李齊桂","shop":"中山公有零售市場-117","category":"夜市/市場攤販","zone":"雲嘉南","city":"臺南市","area":"佳里區","market_name":"中山公有零售市場","market_address":"臺南市佳里區東寧里中山路300號","pay_list":"","pay_tool":""},{"index":102,"id":10055902,"user":"林泰斗","shop":"中山公有零售市場-118","category":"夜市/市場攤販","zone":"雲嘉南","city":"臺南市","area":"佳里區","market_name":"中山公有零售市場","market_address":"臺南市佳里區東寧里中山路300號","pay_list":"","pay_tool":""},{"index":103,"id":10055904,"user":"林經堯","shop":"中山公有零售市場-119","category":"夜市/市場攤販","zone":"雲嘉南","city":"臺南市","area":"佳里區","market_name":"中山公有零售市場","market_address":"臺南市佳里區東寧里中山路300號","pay_list":"","pay_tool":""},{"index":104,"id":10055905,"user":"邱勺芬","shop":"中山公有零售市場-120","category":"夜市/市場攤販","zone":"雲嘉南","city":"臺南市","area":"佳里區","market_name":"中山公有零售市場","market_address":"臺南市佳里區東寧里中山路300號","pay_list":"","pay_tool":""},{"index":105,"id":10055906,"user":"邱鄭秀珍","shop":"中山公有零售市場-121","category":"夜市/市場攤販","zone":"雲嘉南","city":"臺南市","area":"佳里區","market_name":"中山公有零售市場","market_address":"臺南市佳里區東寧里中山路300號","pay_list":"","pay_tool":""},{"index":106,"id":10055907,"user":"吳柏鋒","shop":"中山公有零售市場-122","category":"夜市/市場攤販","zone":"雲嘉南","city":"臺南市","area":"佳里區","market_name":"中山公有零售市場","market_address":"臺南市佳里區東寧里中山路300號","pay_list":"","pay_tool":""},{"index":107,"id":10055908,"user":"黃蕙琪","shop":"中山公有零售市場-123","category":"夜市/市場攤販","zone":"雲嘉南","city":"臺南市","area":"佳里區","market_name":"中山公有零售市場","market_address":"臺南市佳里區東寧里中山路300號","pay_list":"","pay_tool":""},{"index":108,"id":10055909,"user":"吳尹之","shop":"中山公有零售市場-124","category":"夜市/市場攤販","zone":"雲嘉南","city":"臺南市","area":"佳里區","market_name":"中山公有零售市場","market_address":"臺南市佳里區東寧里中山路300號","pay_list":"","pay_tool":""},{"index":109,"id":10055910,"user":"杜豐豪","shop":"中山公有零售市場-125","category":"夜市/市場攤販","zone":"雲嘉南","city":"臺南市","area":"佳里區","market_name":"中山公有零售市場","market_address":"臺南市佳里區東寧里中山路300號","pay_list":"","pay_tool":""},{"index":110,"id":10055911,"user":"杜陳素華","shop":"中山公有零售市場-126","category":"夜市/市場攤販","zone":"雲嘉南","city":"臺南市","area":"佳里區","market_name":"中山公有零售市場","market_address":"臺南市佳里區東寧里中山路300號","pay_list":"","pay_tool":""},{"index":111,"id":10055912,"user":"杜淵銘","shop":"中山公有零售市場-127","category":"夜市/市場攤販","zone":"雲嘉南","city":"臺南市","area":"佳里區","market_name":"中山公有零售市場","market_address":"臺南市佳里區東寧里中山路300號","pay_list":"","pay_tool":""},{"index":112,"id":10055913,"user":"許素霞","shop":"中山公有零售市場-128","category":"夜市/市場攤販","zone":"雲嘉南","city":"臺南市","area":"佳里區","market_name":"中山公有零售市場","market_address":"臺南市佳里區東寧里中山路300號","pay_list":"","pay_tool":""},{"index":113,"id":10055915,"user":"阮氏快","shop":"中山公有零售市場-129","category":"夜市/市場攤販","zone":"雲嘉南","city":"臺南市","area":"佳里區","market_name":"中山公有零售市場","market_address":"臺南市佳里區東寧里中山路300號","pay_list":"","pay_tool":""},{"index":114,"id":10055916,"user":"沈禹宏","shop":"中山公有零售市場-130","category":"夜市/市場攤販","zone":"雲嘉南","city":"臺南市","area":"佳里區","market_name":"中山公有零售市場","market_address":"臺南市佳里區東寧里中山路300號","pay_list":"","pay_tool":""},{"index":115,"id":10055917,"user":"沈禹均","shop":"中山公有零售市場-131","category":"夜市/市場攤販","zone":"雲嘉南","city":"臺南市","area":"佳里區","market_name":"中山公有零售市場","market_address":"臺南市佳里區東寧里中山路300號","pay_list":["LINE PAY MONEY"],"pay_tool":["行動支付"]},{"index":116,"id":10055918,"user":"沈國任","shop":"中山公有零售市場-132","category":"夜市/市場攤販","zone":"雲嘉南","city":"臺南市","area":"佳里區","market_name":"中山公有零售市場","market_address":"臺南市佳里區東寧里中山路300號","pay_list":"","pay_tool":""},{"index":117,"id":10055919,"user":"沈禹均","shop":"中山公有零售市場-133","category":"夜市/市場攤販","zone":"雲嘉南","city":"臺南市","area":"佳里區","market_name":"中山公有零售市場","market_address":"臺南市佳里區東寧里中山路300號","pay_list":["LINE PAY MONEY"],"pay_tool":["行動支付"]},{"index":118,"id":10055920,"user":"吳冠興","shop":"中山公有零售市場-134","category":"夜市/市場攤販","zone":"雲嘉南","city":"臺南市","area":"佳里區","market_name":"中山公有零售市場","market_address":"臺南市佳里區東寧里中山路300號","pay_list":"","pay_tool":""},{"index":119,"id":10055921,"user":"蘇三和","shop":"中山公有零售市場-135","category":"夜市/市場攤販","zone":"雲嘉南","city":"臺南市","area":"佳里區","market_name":"中山公有零售市場","market_address":"臺南市佳里區東寧里中山路300號","pay_list":"","pay_tool":""},{"index":120,"id":10055922,"user":"吳昱慶","shop":"中山公有零售市場-136","category":"夜市/市場攤販","zone":"雲嘉南","city":"臺南市","area":"佳里區","market_name":"中山公有零售市場","market_address":"臺南市佳里區東寧里中山路300號","pay_list":"","pay_tool":""},{"index":121,"id":10055923,"user":"杜昔珍","shop":"中山公有零售市場-137","category":"夜市/市場攤販","zone":"雲嘉南","city":"臺南市","area":"佳里區","market_name":"中山公有零售市場","market_address":"臺南市佳里區東寧里中山路300號","pay_list":"","pay_tool":""},{"index":122,"id":10055924,"user":"吳佩潔","shop":"中山公有零售市場-138","category":"夜市/市場攤販","zone":"雲嘉南","city":"臺南市","area":"佳里區","market_name":"中山公有零售市場","market_address":"臺南市佳里區東寧里中山路300號","pay_list":"","pay_tool":""},{"index":123,"id":10055926,"user":"陳俊宏","shop":"中山公有零售市場-139","category":"夜市/市場攤販","zone":"雲嘉南","city":"臺南市","area":"佳里區","market_name":"中山公有零售市場","market_address":"臺南市佳里區東寧里中山路300號","pay_list":"","pay_tool":""},{"index":124,"id":10055927,"user":"吳毛笑","shop":"中山公有零售市場-140","category":"夜市/市場攤販","zone":"雲嘉南","city":"臺南市","area":"佳里區","market_name":"中山公有零售市場","market_address":"臺南市佳里區東寧里中山路300號","pay_list":"","pay_tool":""},{"index":125,"id":10055928,"user":"劉錦來","shop":"中山公有零售市場-141","category":"夜市/市場攤販","zone":"雲嘉南","city":"臺南市","area":"佳里區","market_name":"中山公有零售市場","market_address":"臺南市佳里區東寧里中山路300號","pay_list":"","pay_tool":""},{"index":126,"id":10055929,"user":"張姚罔市","shop":"中山公有零售市場-142","category":"夜市/市場攤販","zone":"雲嘉南","city":"臺南市","area":"佳里區","market_name":"中山公有零售市場","market_address":"臺南市佳里區東寧里中山路300號","pay_list":"","pay_tool":""},{"index":127,"id":10055930,"user":"王一祥","shop":"中山公有零售市場-143","category":"夜市/市場攤販","zone":"雲嘉南","city":"臺南市","area":"佳里區","market_name":"中山公有零售市場","market_address":"臺南市佳里區東寧里中山路300號","pay_list":"","pay_tool":""},{"index":128,"id":10055931,"user":"黃冠誌","shop":"中山公有零售市場-144","category":"夜市/市場攤販","zone":"雲嘉南","city":"臺南市","area":"佳里區","market_name":"中山公有零售市場","market_address":"臺南市佳里區東寧里中山路300號","pay_list":"","pay_tool":""},{"index":129,"id":10055932,"user":"陳錦湖","shop":"中山公有零售市場-145","category":"夜市/市場攤販","zone":"雲嘉南","city":"臺南市","area":"佳里區","market_name":"中山公有零售市場","market_address":"臺南市佳里區東寧里中山路300號","pay_list":"","pay_tool":""},{"index":130,"id":10055933,"user":"陳信旭","shop":"中山公有零售市場-146","category":"夜市/市場攤販","zone":"雲嘉南","city":"臺南市","area":"佳里區","market_name":"中山公有零售市場","market_address":"臺南市佳里區東寧里中山路300號","pay_list":"","pay_tool":""},{"index":131,"id":10055934,"user":"陳欣怡","shop":"中山公有零售市場-147","category":"夜市/市場攤販","zone":"雲嘉南","city":"臺南市","area":"佳里區","market_name":"中山公有零售市場","market_address":"臺南市佳里區東寧里中山路300號","pay_list":"","pay_tool":""},{"index":132,"id":10055935,"user":"蘇瑛順","shop":"中山公有零售市場-148","category":"夜市/市場攤販","zone":"雲嘉南","city":"臺南市","area":"佳里區","market_name":"中山公有零售市場","market_address":"臺南市佳里區東寧里中山路300號","pay_list":"","pay_tool":""},{"index":133,"id":10055937,"user":"王進財","shop":"中山公有零售市場-149","category":"夜市/市場攤販","zone":"雲嘉南","city":"臺南市","area":"佳里區","market_name":"中山公有零售市場","market_address":"臺南市佳里區東寧里中山路300號","pay_list":"","pay_tool":""},{"index":134,"id":10055938,"user":"賀惠芬","shop":"中山公有零售市場-150","category":"夜市/市場攤販","zone":"雲嘉南","city":"臺南市","area":"佳里區","market_name":"中山公有零售市場","market_address":"臺南市佳里區東寧里中山路300號","pay_list":"","pay_tool":""},{"index":135,"id":10055939,"user":"蔡名俊","shop":"中山公有零售市場-152","category":"夜市/市場攤販","zone":"雲嘉南","city":"臺南市","area":"佳里區","market_name":"中山公有零售市場","market_address":"臺南市佳里區東寧里中山路300號","pay_list":"","pay_tool":""},{"index":136,"id":10055940,"user":"陳毓修","shop":"中山公有零售市場-153","category":"夜市/市場攤販","zone":"雲嘉南","city":"臺南市","area":"佳里區","market_name":"中山公有零售市場","market_address":"臺南市佳里區東寧里中山路300號","pay_list":"","pay_tool":""},{"index":137,"id":10055941,"user":"陳紀全","shop":"中山公有零售市場-154","category":"夜市/市場攤販","zone":"雲嘉南","city":"臺南市","area":"佳里區","market_name":"中山公有零售市場","market_address":"臺南市佳里區東寧里中山路300號","pay_list":["LINE PAY MONEY"],"pay_tool":["行動支付"]},{"index":138,"id":10055942,"user":"蔡黃春錦","shop":"中山公有零售市場-155","category":"夜市/市場攤販","zone":"雲嘉南","city":"臺南市","area":"佳里區","market_name":"中山公有零售市場","market_address":"臺南市佳里區東寧里中山路300號","pay_list":"","pay_tool":""},{"index":139,"id":10055943,"user":"黃淑貞","shop":"中山公有零售市場-156","category":"夜市/市場攤販","zone":"雲嘉南","city":"臺南市","area":"佳里區","market_name":"中山公有零售市場","market_address":"臺南市佳里區東寧里中山路300號","pay_list":"","pay_tool":""},{"index":140,"id":10055944,"user":"曾文宏","shop":"中山公有零售市場-157","category":"夜市/市場攤販","zone":"雲嘉南","city":"臺南市","area":"佳里區","market_name":"中山公有零售市場","market_address":"臺南市佳里區東寧里中山路300號","pay_list":"","pay_tool":""},{"index":141,"id":10055945,"user":"劉冠侖","shop":"中山公有零售市場-158","category":"夜市/市場攤販","zone":"雲嘉南","city":"臺南市","area":"佳里區","market_name":"中山公有零售市場","market_address":"臺南市佳里區東寧里中山路300號","pay_list":"","pay_tool":""},{"index":142,"id":10055946,"user":"陳風益","shop":"中山公有零售市場-159","category":"夜市/市場攤販","zone":"雲嘉南","city":"臺南市","area":"佳里區","market_name":"中山公有零售市場","market_address":"臺南市佳里區東寧里中山路300號","pay_list":"","pay_tool":""},{"index":143,"id":10055948,"user":"陳啟芳","shop":"中山公有零售市場-160","category":"夜市/市場攤販","zone":"雲嘉南","city":"臺南市","area":"佳里區","market_name":"中山公有零售市場","market_address":"臺南市佳里區東寧里中山路300號","pay_list":"","pay_tool":""},{"index":144,"id":10055949,"user":"林美枝","shop":"中山公有零售市場-161","category":"夜市/市場攤販","zone":"雲嘉南","city":"臺南市","area":"佳里區","market_name":"中山公有零售市場","market_address":"臺南市佳里區東寧里中山路300號","pay_list":"","pay_tool":""},{"index":145,"id":10055950,"user":"康嘉伶","shop":"中山公有零售市場-162","category":"夜市/市場攤販","zone":"雲嘉南","city":"臺南市","area":"佳里區","market_name":"中山公有零售市場","market_address":"臺南市佳里區東寧里中山路300號","pay_list":"","pay_tool":""},{"index":146,"id":10055951,"user":"楊劉美惜","shop":"中山公有零售市場-163","category":"夜市/市場攤販","zone":"雲嘉南","city":"臺南市","area":"佳里區","market_name":"中山公有零售市場","market_address":"臺南市佳里區東寧里中山路300號","pay_list":"","pay_tool":""},{"index":147,"id":10055952,"user":"黃榮泰","shop":"中山公有零售市場-164","category":"夜市/市場攤販","zone":"雲嘉南","city":"臺南市","area":"佳里區","market_name":"中山公有零售市場","market_address":"臺南市佳里區東寧里中山路300號","pay_list":"","pay_tool":""},{"index":148,"id":10055953,"user":"楊玉清","shop":"中山公有零售市場-165","category":"夜市/市場攤販","zone":"雲嘉南","city":"臺南市","area":"佳里區","market_name":"中山公有零售市場","market_address":"臺南市佳里區東寧里中山路300號","pay_list":"","pay_tool":""},{"index":149,"id":10055954,"user":"顏欣柔","shop":"中山公有零售市場-166","category":"夜市/市場攤販","zone":"雲嘉南","city":"臺南市","area":"佳里區","market_name":"中山公有零售市場","market_address":"臺南市佳里區東寧里中山路300號","pay_list":"","pay_tool":""},{"index":150,"id":10055955,"user":"黃博祥","shop":"中山公有零售市場-167","category":"夜市/市場攤販","zone":"雲嘉南","city":"臺南市","area":"佳里區","market_name":"中山公有零售市場","market_address":"臺南市佳里區東寧里中山路300號","pay_list":"","pay_tool":""},{"index":151,"id":10055956,"user":"游靜雯","shop":"中山公有零售市場-168","category":"夜市/市場攤販","zone":"雲嘉南","city":"臺南市","area":"佳里區","market_name":"中山公有零售市場","market_address":"臺南市佳里區東寧里中山路300號","pay_list":"","pay_tool":""},{"index":152,"id":10055957,"user":"林秋菊","shop":"中山公有零售市場-169","category":"夜市/市場攤販","zone":"雲嘉南","city":"臺南市","area":"佳里區","market_name":"中山公有零售市場","market_address":"臺南市佳里區東寧里中山路300號","pay_list":"","pay_tool":""},{"index":153,"id":10055959,"user":"周昇永","shop":"中山公有零售市場-170","category":"夜市/市場攤販","zone":"雲嘉南","city":"臺南市","area":"佳里區","market_name":"中山公有零售市場","market_address":"臺南市佳里區東寧里中山路300號","pay_list":"","pay_tool":""},{"index":154,"id":10055960,"user":"黃燕玲","shop":"中山公有零售市場-171","category":"夜市/市場攤販","zone":"雲嘉南","city":"臺南市","area":"佳里區","market_name":"中山公有零售市場","market_address":"臺南市佳里區東寧里中山路300號","pay_list":["LINE PAY MONEY"],"pay_tool":["行動支付"]},{"index":155,"id":10055961,"user":"鄭進步","shop":"中山公有零售市場-172","category":"夜市/市場攤販","zone":"雲嘉南","city":"臺南市","area":"佳里區","market_name":"中山公有零售市場","market_address":"臺南市佳里區東寧里中山路300號","pay_list":"","pay_tool":""},{"index":156,"id":10055962,"user":"黃林秀霞","shop":"中山公有零售市場-173","category":"夜市/市場攤販","zone":"雲嘉南","city":"臺南市","area":"佳里區","market_name":"中山公有零售市場","market_address":"臺南市佳里區東寧里中山路300號","pay_list":"","pay_tool":""},{"index":157,"id":10055963,"user":"黃榮程","shop":"中山公有零售市場-174","category":"夜市/市場攤販","zone":"雲嘉南","city":"臺南市","area":"佳里區","market_name":"中山公有零售市場","market_address":"臺南市佳里區東寧里中山路300號","pay_list":"","pay_tool":""},{"index":158,"id":10055964,"user":"康麗水","shop":"中山公有零售市場-175","category":"夜市/市場攤販","zone":"雲嘉南","city":"臺南市","area":"佳里區","market_name":"中山公有零售市場","market_address":"臺南市佳里區東寧里中山路300號","pay_list":"","pay_tool":""},{"index":159,"id":10055965,"user":"陳黃素月","shop":"中山公有零售市場-176","category":"夜市/市場攤販","zone":"雲嘉南","city":"臺南市","area":"佳里區","market_name":"中山公有零售市場","market_address":"臺南市佳里區東寧里中山路300號","pay_list":"","pay_tool":""},{"index":160,"id":10055966,"user":"林小玲","shop":"中山公有零售市場-177","category":"夜市/市場攤販","zone":"雲嘉南","city":"臺南市","area":"佳里區","market_name":"中山公有零售市場","market_address":"臺南市佳里區東寧里中山路300號","pay_list":"","pay_tool":""},{"index":161,"id":10055967,"user":"杜本吉","shop":"中山公有零售市場-178","category":"夜市/市場攤販","zone":"雲嘉南","city":"臺南市","area":"佳里區","market_name":"中山公有零售市場","market_address":"臺南市佳里區東寧里中山路300號","pay_list":"","pay_tool":""},{"index":162,"id":10055968,"user":"陳黃貴美","shop":"中山公有零售市場-179","category":"夜市/市場攤販","zone":"雲嘉南","city":"臺南市","area":"佳里區","market_name":"中山公有零售市場","market_address":"臺南市佳里區東寧里中山路300號","pay_list":"","pay_tool":""},{"index":163,"id":10055970,"user":"陳保宏","shop":"中山公有零售市場-180","category":"夜市/市場攤販","zone":"雲嘉南","city":"臺南市","area":"佳里區","market_name":"中山公有零售市場","market_address":"臺南市佳里區東寧里中山路300號","pay_list":["LINE PAY MONEY"],"pay_tool":["行動支付"]},{"index":164,"id":10055971,"user":"王黃美麗","shop":"中山公有零售市場-181","category":"夜市/市場攤販","zone":"雲嘉南","city":"臺南市","area":"佳里區","market_name":"中山公有零售市場","market_address":"臺南市佳里區東寧里中山路300號","pay_list":"","pay_tool":""},{"index":165,"id":10055972,"user":"郭蘇梅","shop":"中山公有零售市場-182","category":"夜市/市場攤販","zone":"雲嘉南","city":"臺南市","area":"佳里區","market_name":"中山公有零售市場","market_address":"臺南市佳里區東寧里中山路300號","pay_list":"","pay_tool":""},{"index":166,"id":10055973,"user":"李哲旭","shop":"中山公有零售市場-183","category":"夜市/市場攤販","zone":"雲嘉南","city":"臺南市","area":"佳里區","market_name":"中山公有零售市場","market_address":"臺南市佳里區東寧里中山路300號","pay_list":"","pay_tool":""},{"index":167,"id":10055974,"user":"蘇進隆","shop":"中山公有零售市場-184","category":"夜市/市場攤販","zone":"雲嘉南","city":"臺南市","area":"佳里區","market_name":"中山公有零售市場","market_address":"臺南市佳里區東寧里中山路300號","pay_list":"","pay_tool":""},{"index":168,"id":10055975,"user":"邱秋香","shop":"中山公有零售市場-185","category":"夜市/市場攤販","zone":"雲嘉南","city":"臺南市","area":"佳里區","market_name":"中山公有零售市場","market_address":"臺南市佳里區東寧里中山路300號","pay_list":"","pay_tool":""},{"index":169,"id":10055976,"user":"陳寅人","shop":"中山公有零售市場-186","category":"夜市/市場攤販","zone":"雲嘉南","city":"臺南市","area":"佳里區","market_name":"中山公有零售市場","market_address":"臺南市佳里區東寧里中山路300號","pay_list":"","pay_tool":""},{"index":170,"id":10055977,"user":"蘇金瑞","shop":"中山公有零售市場-187","category":"夜市/市場攤販","zone":"雲嘉南","city":"臺南市","area":"佳里區","market_name":"中山公有零售市場","market_address":"臺南市佳里區東寧里中山路300號","pay_list":"","pay_tool":""},{"index":171,"id":10055978,"user":"杜寶玉","shop":"中山公有零售市場-188","category":"夜市/市場攤販","zone":"雲嘉南","city":"臺南市","area":"佳里區","market_name":"中山公有零售市場","market_address":"臺南市佳里區東寧里中山路300號","pay_list":"","pay_tool":""},{"index":172,"id":10055979,"user":"楊美芳","shop":"中山公有零售市場-189","category":"夜市/市場攤販","zone":"雲嘉南","city":"臺南市","area":"佳里區","market_name":"中山公有零售市場","market_address":"臺南市佳里區東寧里中山路300號","pay_list":"","pay_tool":""},{"index":173,"id":10055981,"user":"楊鄭夙真","shop":"中山公有零售市場-190","category":"夜市/市場攤販","zone":"雲嘉南","city":"臺南市","area":"佳里區","market_name":"中山公有零售市場","market_address":"臺南市佳里區東寧里中山路300號","pay_list":"","pay_tool":""},{"index":174,"id":10055982,"user":"陳錦鳳","shop":"中山公有零售市場-191","category":"夜市/市場攤販","zone":"雲嘉南","city":"臺南市","area":"佳里區","market_name":"中山公有零售市場","market_address":"臺南市佳里區東寧里中山路300號","pay_list":"","pay_tool":""},{"index":175,"id":10055983,"user":"陳勝道","shop":"中山公有零售市場-192","category":"夜市/市場攤販","zone":"雲嘉南","city":"臺南市","area":"佳里區","market_name":"中山公有零售市場","market_address":"臺南市佳里區東寧里中山路300號","pay_list":"","pay_tool":""},{"index":176,"id":10055984,"user":"黃文奇","shop":"中山公有零售市場-193","category":"夜市/市場攤販","zone":"雲嘉南","city":"臺南市","area":"佳里區","market_name":"中山公有零售市場","market_address":"臺南市佳里區東寧里中山路300號","pay_list":"","pay_tool":""},{"index":177,"id":10055985,"user":"施振宗","shop":"中山公有零售市場-194","category":"夜市/市場攤販","zone":"雲嘉南","city":"臺南市","area":"佳里區","market_name":"中山公有零售市場","market_address":"臺南市佳里區東寧里中山路300號","pay_list":"","pay_tool":""},{"index":178,"id":10055986,"user":"陳朱欣","shop":"中山公有零售市場-195","category":"夜市/市場攤販","zone":"雲嘉南","city":"臺南市","area":"佳里區","market_name":"中山公有零售市場","market_address":"臺南市佳里區東寧里中山路300號","pay_list":"","pay_tool":""},{"index":179,"id":10055987,"user":"黃俊郎","shop":"中山公有零售市場-196","category":"夜市/市場攤販","zone":"雲嘉南","city":"臺南市","area":"佳里區","market_name":"中山公有零售市場","market_address":"臺南市佳里區東寧里中山路300號","pay_list":"","pay_tool":""},{"index":180,"id":10055988,"user":"蔡奇儒","shop":"中山公有零售市場-197","category":"夜市/市場攤販","zone":"雲嘉南","city":"臺南市","area":"佳里區","market_name":"中山公有零售市場","market_address":"臺南市佳里區東寧里中山路300號","pay_list":"","pay_tool":""},{"index":181,"id":10055989,"user":"蔡奇儒","shop":"中山公有零售市場-198","category":"夜市/市場攤販","zone":"雲嘉南","city":"臺南市","area":"佳里區","market_name":"中山公有零售市場","market_address":"臺南市佳里區東寧里中山路300號","pay_list":"","pay_tool":""},{"index":182,"id":10055990,"user":"張正容","shop":"中山公有零售市場-199","category":"夜市/市場攤販","zone":"雲嘉南","city":"臺南市","area":"佳里區","market_name":"中山公有零售市場","market_address":"臺南市佳里區東寧里中山路300號","pay_list":"","pay_tool":""},{"index":183,"id":10055993,"user":"李瑞琨","shop":"中山公有零售市場-200","category":"夜市/市場攤販","zone":"雲嘉南","city":"臺南市","area":"佳里區","market_name":"中山公有零售市場","market_address":"臺南市佳里區東寧里中山路300號","pay_list":"","pay_tool":""},{"index":184,"id":10055994,"user":"蔡明哲","shop":"中山公有零售市場-201","category":"夜市/市場攤販","zone":"雲嘉南","city":"臺南市","area":"佳里區","market_name":"中山公有零售市場","market_address":"臺南市佳里區東寧里中山路300號","pay_list":"","pay_tool":""},{"index":185,"id":10055995,"user":"蔡英儒","shop":"中山公有零售市場-202","category":"夜市/市場攤販","zone":"雲嘉南","city":"臺南市","area":"佳里區","market_name":"中山公有零售市場","market_address":"臺南市佳里區東寧里中山路300號","pay_list":"","pay_tool":""},{"index":186,"id":10055996,"user":"蔡軒丞","shop":"中山公有零售市場-205","category":"夜市/市場攤販","zone":"雲嘉南","city":"臺南市","area":"佳里區","market_name":"中山公有零售市場","market_address":"臺南市佳里區東寧里中山路300號","pay_list":"","pay_tool":""},{"index":187,"id":10055997,"user":"潘永崑","shop":"中山公有零售市場-207","category":"夜市/市場攤販","zone":"雲嘉南","city":"臺南市","area":"佳里區","market_name":"中山公有零售市場","market_address":"臺南市佳里區東寧里中山路300號","pay_list":"","pay_tool":""},{"index":188,"id":10055998,"user":"陳蔡姬香","shop":"中山公有零售市場-209","category":"夜市/市場攤販","zone":"雲嘉南","city":"臺南市","area":"佳里區","market_name":"中山公有零售市場","market_address":"臺南市佳里區東寧里中山路300號","pay_list":"","pay_tool":""},{"index":189,"id":10055999,"user":"李文娟","shop":"中山公有零售市場-210","category":"夜市/市場攤販","zone":"雲嘉南","city":"臺南市","area":"佳里區","market_name":"中山公有零售市場","market_address":"臺南市佳里區東寧里中山路300號","pay_list":"","pay_tool":""},{"index":190,"id":10056000,"user":"吳壽山","shop":"中山公有零售市場-211","category":"夜市/市場攤販","zone":"雲嘉南","city":"臺南市","area":"佳里區","market_name":"中山公有零售市場","market_address":"臺南市佳里區東寧里中山路300號","pay_list":"","pay_tool":""},{"index":191,"id":10056001,"user":"陳聰乾","shop":"中山公有零售市場-212","category":"夜市/市場攤販","zone":"雲嘉南","city":"臺南市","area":"佳里區","market_name":"中山公有零售市場","market_address":"臺南市佳里區東寧里中山路300號","pay_list":"","pay_tool":""},{"index":192,"id":10056002,"user":"康林阿花","shop":"中山公有零售市場-213","category":"夜市/市場攤販","zone":"雲嘉南","city":"臺南市","area":"佳里區","market_name":"中山公有零售市場","market_address":"臺南市佳里區東寧里中山路300號","pay_list":"","pay_tool":""},{"index":193,"id":10056004,"user":"邱吳素珍","shop":"中山公有零售市場-214","category":"夜市/市場攤販","zone":"雲嘉南","city":"臺南市","area":"佳里區","market_name":"中山公有零售市場","market_address":"臺南市佳里區東寧里中山路300號","pay_list":"","pay_tool":""},{"index":194,"id":10056005,"user":"陳智仁","shop":"中山公有零售市場-0A10","category":"夜市/市場攤販","zone":"雲嘉南","city":"臺南市","area":"佳里區","market_name":"中山公有零售市場","market_address":"臺南市佳里區東寧里中山路300號","pay_list":"","pay_tool":""},{"index":195,"id":10056006,"user":"王順","shop":"中山公有零售市場-0A11","category":"夜市/市場攤販","zone":"雲嘉南","city":"臺南市","area":"佳里區","market_name":"中山公有零售市場","market_address":"臺南市佳里區東寧里中山路300號","pay_list":"","pay_tool":""},{"index":196,"id":10056007,"user":"王國雄","shop":"中山公有零售市場-0A12","category":"夜市/市場攤販","zone":"雲嘉南","city":"臺南市","area":"佳里區","market_name":"中山公有零售市場","market_address":"臺南市佳里區東寧里中山路300號","pay_list":"","pay_tool":""},{"index":197,"id":10056008,"user":"邱星耀","shop":"中山公有零售市場-0A13","category":"夜市/市場攤販","zone":"雲嘉南","city":"臺南市","area":"佳里區","market_name":"中山公有零售市場","market_address":"臺南市佳里區東寧里中山路300號","pay_list":"","pay_tool":""},{"index":198,"id":10056009,"user":"陳家祿","shop":"中山公有零售市場-0A14","category":"夜市/市場攤販","zone":"雲嘉南","city":"臺南市","area":"佳里區","market_name":"中山公有零售市場","market_address":"臺南市佳里區東寧里中山路300號","pay_list":"","pay_tool":""},{"index":199,"id":10056010,"user":"陳亞琪","shop":"中山公有零售市場-0A15","category":"夜市/市場攤販","zone":"雲嘉南","city":"臺南市","area":"佳里區","market_name":"中山公有零售市場","market_address":"臺南市佳里區東寧里中山路300號","pay_list":"","pay_tool":""},{"index":200,"id":10056011,"user":"張恭祿","shop":"中山公有零售市場-0A16","category":"夜市/市場攤販","zone":"雲嘉南","city":"臺南市","area":"佳里區","market_name":"中山公有零售市場","market_address":"臺南市佳里區東寧里中山路300號","pay_list":"","pay_tool":""}]