[{"index":1,"id":30005936,"category":"夜市小吃/市場","city":"高雄市","area":"前鎮區","market_name":"前鎮加油站攤販臨時集中場","market_address":"高雄市前鎮區擴建路","shop":"前鎮加油站攤販臨時集中場 擔仔麵","pay_list":["LINE Pay Money"],"zone":"高屏","user":"呂美雪","pay_tool":["行動支付"]},{"index":2,"id":30005947,"category":"夜市小吃/市場","city":"高雄市","area":"前鎮區","market_name":"前鎮加油站攤販臨時集中場","market_address":"高雄市前鎮區擴建路","shop":"前鎮加油站攤販臨時集中場 水果","pay_list":["LINE Pay Money"],"zone":"高屏","user":"林建宏","pay_tool":["行動支付"]}]