[{"index":1,"id":10012914,"user":"曹文宗","shop":"中華市場-明進漁行","category":"夜市/市場攤販","zone":"花蓮","city":"花蓮縣","area":"鳳林鎮","market_name":"中華市場","market_address":"花蓮縣鳳林鎮中華路140號","pay_list":"","pay_tool":"","行業代號":null,"行業代號1":null,"名稱1":null,"行業代號2":null,"名稱2":null,"行業代號3":null,"名稱3":null},{"index":2,"id":10012925,"user":"葉數真","shop":"中華市場-明進漁行","category":"夜市/市場攤販","zone":"花蓮","city":"花蓮縣","area":"鳳林鎮","market_name":"中華市場","market_address":"花蓮縣鳳林鎮中華路140號","pay_list":"","pay_tool":"","行業代號":null,"行業代號1":null,"名稱1":null,"行業代號2":null,"名稱2":null,"行業代號3":null,"名稱3":null},{"index":3,"id":10012937,"user":"葉數真","shop":"中華市場-明進漁行","category":"夜市/市場攤販","zone":"花蓮","city":"花蓮縣","area":"鳳林鎮","market_name":"中華市場","market_address":"花蓮縣鳳林鎮中華路140號","pay_list":"","pay_tool":"","行業代號":null,"行業代號1":null,"名稱1":null,"行業代號2":null,"名稱2":null,"行業代號3":null,"名稱3":null},{"index":4,"id":10012948,"user":"曹文宗","shop":"中華市場-明進漁行","category":"夜市/市場攤販","zone":"花蓮","city":"花蓮縣","area":"鳳林鎮","market_name":"中華市場","market_address":"花蓮縣鳳林鎮中華路140號","pay_list":"","pay_tool":"","行業代號":null,"行業代號1":null,"名稱1":null,"行業代號2":null,"名稱2":null,"行業代號3":null,"名稱3":null},{"index":5,"id":10012959,"user":"郭新教","shop":"中華市場-甜不辣","category":"夜市/市場攤販","zone":"花蓮","city":"花蓮縣","area":"鳳林鎮","market_name":"中華市場","market_address":"花蓮縣鳳林鎮中華路140號","pay_list":"","pay_tool":"","行業代號":null,"行業代號1":null,"名稱1":null,"行業代號2":null,"名稱2":null,"行業代號3":null,"名稱3":null},{"index":6,"id":10012970,"user":"郭新教","shop":"中華市場-甜不辣","category":"夜市/市場攤販","zone":"花蓮","city":"花蓮縣","area":"鳳林鎮","market_name":"中華市場","market_address":"花蓮縣鳳林鎮中華路140號","pay_list":"","pay_tool":"","行業代號":null,"行業代號1":null,"名稱1":null,"行業代號2":null,"名稱2":null,"行業代號3":null,"名稱3":null},{"index":7,"id":10012981,"user":"郭新教","shop":"中華市場-甜不辣","category":"夜市/市場攤販","zone":"花蓮","city":"花蓮縣","area":"鳳林鎮","market_name":"中華市場","market_address":"花蓮縣鳳林鎮中華路140號","pay_list":"","pay_tool":"","行業代號":null,"行業代號1":null,"名稱1":null,"行業代號2":null,"名稱2":null,"行業代號3":null,"名稱3":null},{"index":8,"id":10012992,"user":"劉翔輝","shop":"中華市場-瑞玲商號","category":"夜市/市場攤販","zone":"花蓮","city":"花蓮縣","area":"鳳林鎮","market_name":"中華市場","market_address":"花蓮縣鳳林鎮中華路140號","pay_list":"","pay_tool":"","行業代號":null,"行業代號1":null,"名稱1":null,"行業代號2":null,"名稱2":null,"行業代號3":null,"名稱3":null},{"index":9,"id":10013003,"user":"陳修緣","shop":"中華市場-興裕商號","category":"夜市/市場攤販","zone":"花蓮","city":"花蓮縣","area":"鳳林鎮","market_name":"中華市場","market_address":"花蓮縣鳳林鎮中華路140號","pay_list":"","pay_tool":"","行業代號":null,"行業代號1":null,"名稱1":null,"行業代號2":null,"名稱2":null,"行業代號3":null,"名稱3":null},{"index":10,"id":10013014,"user":"陳修緣","shop":"中華市場-興裕商號","category":"夜市/市場攤販","zone":"花蓮","city":"花蓮縣","area":"鳳林鎮","market_name":"中華市場","market_address":"花蓮縣鳳林鎮中華路140號","pay_list":"","pay_tool":"","行業代號":null,"行業代號1":null,"名稱1":null,"行業代號2":null,"名稱2":null,"行業代號3":null,"名稱3":null},{"index":11,"id":10013025,"user":"陳修緣","shop":"中華市場-興裕商號","category":"夜市/市場攤販","zone":"花蓮","city":"花蓮縣","area":"鳳林鎮","market_name":"中華市場","market_address":"花蓮縣鳳林鎮中華路140號","pay_list":"","pay_tool":"","行業代號":null,"行業代號1":null,"名稱1":null,"行業代號2":null,"名稱2":null,"行業代號3":null,"名稱3":null},{"index":12,"id":10013036,"user":"黃怡潔","shop":"中華市場-松正?菜行","category":"夜市/市場攤販","zone":"花蓮","city":"花蓮縣","area":"鳳林鎮","market_name":"中華市場","market_address":"花蓮縣鳳林鎮中華路140號","pay_list":"","pay_tool":"","行業代號":null,"行業代號1":null,"名稱1":null,"行業代號2":null,"名稱2":null,"行業代號3":null,"名稱3":null},{"index":13,"id":10013049,"user":"陳修緣","shop":"中華市場-興裕商號","category":"夜市/市場攤販","zone":"花蓮","city":"花蓮縣","area":"鳳林鎮","market_name":"中華市場","market_address":"花蓮縣鳳林鎮中華路140號","pay_list":"","pay_tool":"","行業代號":null,"行業代號1":null,"名稱1":null,"行業代號2":null,"名稱2":null,"行業代號3":null,"名稱3":null},{"index":14,"id":10013060,"user":"陳修緣","shop":"中華市場-興裕商號","category":"夜市/市場攤販","zone":"花蓮","city":"花蓮縣","area":"鳳林鎮","market_name":"中華市場","market_address":"花蓮縣鳳林鎮中華路140號","pay_list":"","pay_tool":"","行業代號":null,"行業代號1":null,"名稱1":null,"行業代號2":null,"名稱2":null,"行業代號3":null,"名稱3":null},{"index":15,"id":10013071,"user":"陳秋蘭","shop":"中華市場-小吃店","category":"夜市/市場攤販","zone":"花蓮","city":"花蓮縣","area":"鳳林鎮","market_name":"中華市場","market_address":"花蓮縣鳳林鎮中華路140號","pay_list":"","pay_tool":"","行業代號":null,"行業代號1":null,"名稱1":null,"行業代號2":null,"名稱2":null,"行業代號3":null,"名稱3":null},{"index":16,"id":10013082,"user":"張振國","shop":"中華市場-阿國花坊","category":"夜市/市場攤販","zone":"花蓮","city":"花蓮縣","area":"鳳林鎮","market_name":"中華市場","market_address":"花蓮縣鳳林鎮中華路140號","pay_list":"","pay_tool":"","行業代號":null,"行業代號1":null,"名稱1":null,"行業代號2":null,"名稱2":null,"行業代號3":null,"名稱3":null},{"index":17,"id":10013093,"user":"林玉珍","shop":"中華市場-友珍商號","category":"夜市/市場攤販","zone":"花蓮","city":"花蓮縣","area":"鳳林鎮","market_name":"中華市場","market_address":"花蓮縣鳳林鎮中華路140號","pay_list":"","pay_tool":"","行業代號":null,"行業代號1":null,"名稱1":null,"行業代號2":null,"名稱2":null,"行業代號3":null,"名稱3":null},{"index":18,"id":10013104,"user":"林玉珍","shop":"中華市場-友珍商號","category":"夜市/市場攤販","zone":"花蓮","city":"花蓮縣","area":"鳳林鎮","market_name":"中華市場","market_address":"花蓮縣鳳林鎮中華路140號","pay_list":"","pay_tool":"","行業代號":null,"行業代號1":null,"名稱1":null,"行業代號2":null,"名稱2":null,"行業代號3":null,"名稱3":null},{"index":19,"id":10013115,"user":"李佩儒","shop":"中華市場-振和商號","category":"夜市/市場攤販","zone":"花蓮","city":"花蓮縣","area":"鳳林鎮","market_name":"中華市場","market_address":"花蓮縣鳳林鎮中華路140號","pay_list":"","pay_tool":"","行業代號":null,"行業代號1":null,"名稱1":null,"行業代號2":null,"名稱2":null,"行業代號3":null,"名稱3":null},{"index":20,"id":10013126,"user":"?茜婷","shop":"中華市場-查促蘭手作工坊","category":"夜市/市場攤販","zone":"花蓮","city":"花蓮縣","area":"鳳林鎮","market_name":"中華市場","market_address":"花蓮縣鳳林鎮中華路140號","pay_list":"","pay_tool":"","行業代號":null,"行業代號1":null,"名稱1":null,"行業代號2":null,"名稱2":null,"行業代號3":null,"名稱3":null},{"index":21,"id":10013137,"user":"王姵予","shop":"中華市場-王藍剪燙染造型","category":"夜市/市場攤販","zone":"花蓮","city":"花蓮縣","area":"鳳林鎮","market_name":"中華市場","market_address":"花蓮縣鳳林鎮中華路140號","pay_list":"","pay_tool":"","行業代號":null,"行業代號1":null,"名稱1":null,"行業代號2":null,"名稱2":null,"行業代號3":null,"名稱3":null},{"index":22,"id":10013148,"user":"鄭美珠","shop":"中華市場-家庭理髮","category":"夜市/市場攤販","zone":"花蓮","city":"花蓮縣","area":"鳳林鎮","market_name":"中華市場","market_address":"花蓮縣鳳林鎮中華路140號","pay_list":"","pay_tool":"","行業代號":null,"行業代號1":null,"名稱1":null,"行業代號2":null,"名稱2":null,"行業代號3":null,"名稱3":null},{"index":23,"id":10013160,"user":"李金玉","shop":"中華市場-瑄萱手染服飾","category":"夜市/市場攤販","zone":"花蓮","city":"花蓮縣","area":"鳳林鎮","market_name":"中華市場","market_address":"花蓮縣鳳林鎮中華路140號","pay_list":"","pay_tool":"","行業代號":null,"行業代號1":null,"名稱1":null,"行業代號2":null,"名稱2":null,"行業代號3":null,"名稱3":null},{"index":24,"id":10013171,"user":"孫雪霞","shop":"中華市場-永進商號","category":"夜市/市場攤販","zone":"花蓮","city":"花蓮縣","area":"鳳林鎮","market_name":"中華市場","market_address":"花蓮縣鳳林鎮中華路140號","pay_list":"","pay_tool":"","行業代號":null,"行業代號1":null,"名稱1":null,"行業代號2":null,"名稱2":null,"行業代號3":null,"名稱3":null},{"index":25,"id":10013182,"user":"邱月鳳","shop":"中華市場-奕鳳商行","category":"夜市/市場攤販","zone":"花蓮","city":"花蓮縣","area":"鳳林鎮","market_name":"中華市場","market_address":"花蓮縣鳳林鎮中華路140號","pay_list":"","pay_tool":"","行業代號":null,"行業代號1":null,"名稱1":null,"行業代號2":null,"名稱2":null,"行業代號3":null,"名稱3":null},{"index":26,"id":10013193,"user":"陳江菊梅","shop":"中華市場-寶真國術館","category":"夜市/市場攤販","zone":"花蓮","city":"花蓮縣","area":"鳳林鎮","market_name":"中華市場","market_address":"花蓮縣鳳林鎮中華路140號","pay_list":"","pay_tool":"","行業代號":null,"行業代號1":null,"名稱1":null,"行業代號2":null,"名稱2":null,"行業代號3":null,"名稱3":null},{"index":27,"id":10013204,"user":"楊淑靖","shop":"中華市場-無","category":"夜市/市場攤販","zone":"花蓮","city":"花蓮縣","area":"鳳林鎮","market_name":"中華市場","market_address":"花蓮縣鳳林鎮中華路140號","pay_list":"","pay_tool":"","行業代號":null,"行業代號1":null,"名稱1":null,"行業代號2":null,"名稱2":null,"行業代號3":null,"名稱3":null},{"index":28,"id":10013215,"user":"林張惠琴","shop":"中華市場-代順漁行","category":"夜市/市場攤販","zone":"花蓮","city":"花蓮縣","area":"鳳林鎮","market_name":"中華市場","market_address":"花蓮縣鳳林鎮中華路140號","pay_list":"","pay_tool":"","行業代號":null,"行業代號1":null,"名稱1":null,"行業代號2":null,"名稱2":null,"行業代號3":null,"名稱3":null},{"index":29,"id":10013226,"user":"張來春","shop":"中華市場-來春髮廊","category":"夜市/市場攤販","zone":"花蓮","city":"花蓮縣","area":"鳳林鎮","market_name":"中華市場","market_address":"花蓮縣鳳林鎮中華路140號","pay_list":"","pay_tool":"","行業代號":null,"行業代號1":null,"名稱1":null,"行業代號2":null,"名稱2":null,"行業代號3":null,"名稱3":null},{"index":30,"id":10013237,"user":"馬耀福佑","shop":"中華市場-鳳林國際咖啡專業教室","category":"夜市/市場攤販","zone":"花蓮","city":"花蓮縣","area":"鳳林鎮","market_name":"中華市場","market_address":"花蓮縣鳳林鎮中華路140號","pay_list":"","pay_tool":"","行業代號":null,"行業代號1":null,"名稱1":null,"行業代號2":null,"名稱2":null,"行業代號3":null,"名稱3":null},{"index":31,"id":10013248,"user":"曹文宗","shop":"中華市場-明進漁行","category":"夜市/市場攤販","zone":"花蓮","city":"花蓮縣","area":"鳳林鎮","market_name":"中華市場","market_address":"花蓮縣鳳林鎮中華路140號","pay_list":"","pay_tool":"","行業代號":null,"行業代號1":null,"名稱1":null,"行業代號2":null,"名稱2":null,"行業代號3":null,"名稱3":null},{"index":32,"id":10013259,"user":"朱阿葉","shop":"中華市場-江家雞肉行","category":"夜市/市場攤販","zone":"花蓮","city":"花蓮縣","area":"鳳林鎮","market_name":"中華市場","market_address":"花蓮縣鳳林鎮中華路140號","pay_list":"","pay_tool":"","行業代號":null,"行業代號1":null,"名稱1":null,"行業代號2":null,"名稱2":null,"行業代號3":null,"名稱3":null},{"index":33,"id":10013271,"user":"卓聖榮","shop":"中華市場-振榮商號","category":"夜市/市場攤販","zone":"花蓮","city":"花蓮縣","area":"鳳林鎮","market_name":"中華市場","market_address":"花蓮縣鳳林鎮中華路140號","pay_list":"","pay_tool":"","行業代號":null,"行業代號1":null,"名稱1":null,"行業代號2":null,"名稱2":null,"行業代號3":null,"名稱3":null},{"index":34,"id":10013282,"user":"陳春和","shop":"中華市場-古早味海鮮粥麵","category":"夜市/市場攤販","zone":"花蓮","city":"花蓮縣","area":"鳳林鎮","market_name":"中華市場","market_address":"花蓮縣鳳林鎮中華路140號","pay_list":"","pay_tool":"","行業代號":null,"行業代號1":null,"名稱1":null,"行業代號2":null,"名稱2":null,"行業代號3":null,"名稱3":null},{"index":35,"id":10013293,"user":"張來春","shop":"中華市場-來春小吃店","category":"夜市/市場攤販","zone":"花蓮","city":"花蓮縣","area":"鳳林鎮","market_name":"中華市場","market_address":"花蓮縣鳳林鎮中華路140號","pay_list":"","pay_tool":"","行業代號":null,"行業代號1":null,"名稱1":null,"行業代號2":null,"名稱2":null,"行業代號3":null,"名稱3":null},{"index":36,"id":10013304,"user":"卓聖榮","shop":"中華市場-振榮商號","category":"夜市/市場攤販","zone":"花蓮","city":"花蓮縣","area":"鳳林鎮","market_name":"中華市場","market_address":"花蓮縣鳳林鎮中華路140號","pay_list":"","pay_tool":"","行業代號":null,"行業代號1":null,"名稱1":null,"行業代號2":null,"名稱2":null,"行業代號3":null,"名稱3":null},{"index":37,"id":10013315,"user":"羅桂岡","shop":"中華市場-桂玲商行","category":"夜市/市場攤販","zone":"花蓮","city":"花蓮縣","area":"鳳林鎮","market_name":"中華市場","market_address":"花蓮縣鳳林鎮中華路140號","pay_list":"","pay_tool":"","行業代號":null,"行業代號1":null,"名稱1":null,"行業代號2":null,"名稱2":null,"行業代號3":null,"名稱3":null},{"index":38,"id":10013326,"user":"劉翔輝","shop":"中華市場-瑞玲商號","category":"夜市/市場攤販","zone":"花蓮","city":"花蓮縣","area":"鳳林鎮","market_name":"中華市場","market_address":"花蓮縣鳳林鎮中華路140號","pay_list":"","pay_tool":"","行業代號":null,"行業代號1":null,"名稱1":null,"行業代號2":null,"名稱2":null,"行業代號3":null,"名稱3":null},{"index":39,"id":10013337,"user":"羅桂岡","shop":"中華市場-桂玲商行","category":"夜市/市場攤販","zone":"花蓮","city":"花蓮縣","area":"鳳林鎮","market_name":"中華市場","market_address":"花蓮縣鳳林鎮中華路140號","pay_list":"","pay_tool":"","行業代號":null,"行業代號1":null,"名稱1":null,"行業代號2":null,"名稱2":null,"行業代號3":null,"名稱3":null},{"index":40,"id":10013348,"user":"孫雪霞","shop":"中華市場-永進商號","category":"夜市/市場攤販","zone":"花蓮","city":"花蓮縣","area":"鳳林鎮","market_name":"中華市場","market_address":"花蓮縣鳳林鎮中華路140號","pay_list":"","pay_tool":"","行業代號":null,"行業代號1":null,"名稱1":null,"行業代號2":null,"名稱2":null,"行業代號3":null,"名稱3":null},{"index":41,"id":10013359,"user":"張建賢","shop":"中華市場-素食小吃","category":"夜市/市場攤販","zone":"花蓮","city":"花蓮縣","area":"鳳林鎮","market_name":"中華市場","market_address":"花蓮縣鳳林鎮中華路140號","pay_list":"","pay_tool":"","行業代號":null,"行業代號1":null,"名稱1":null,"行業代號2":null,"名稱2":null,"行業代號3":null,"名稱3":null},{"index":42,"id":10013370,"user":"李佩儒","shop":"中華市場-振和商號","category":"夜市/市場攤販","zone":"花蓮","city":"花蓮縣","area":"鳳林鎮","market_name":"中華市場","market_address":"花蓮縣鳳林鎮中華路140號","pay_list":"","pay_tool":"","行業代號":null,"行業代號1":null,"名稱1":null,"行業代號2":null,"名稱2":null,"行業代號3":null,"名稱3":null},{"index":43,"id":10013382,"user":"邱月鳳","shop":"中華市場-奕鳳商行","category":"夜市/市場攤販","zone":"花蓮","city":"花蓮縣","area":"鳳林鎮","market_name":"中華市場","market_address":"花蓮縣鳳林鎮中華路140號","pay_list":"","pay_tool":"","行業代號":null,"行業代號1":null,"名稱1":null,"行業代號2":null,"名稱2":null,"行業代號3":null,"名稱3":null},{"index":44,"id":10013393,"user":"陳玉蔥","shop":"中華市場-松正?菜行","category":"夜市/市場攤販","zone":"花蓮","city":"花蓮縣","area":"鳳林鎮","market_name":"中華市場","market_address":"花蓮縣鳳林鎮中華路140號","pay_list":"","pay_tool":"","行業代號":null,"行業代號1":null,"名稱1":null,"行業代號2":null,"名稱2":null,"行業代號3":null,"名稱3":null},{"index":45,"id":10013404,"user":"邱月鳳","shop":"中華市場-奕鳳商行","category":"夜市/市場攤販","zone":"花蓮","city":"花蓮縣","area":"鳳林鎮","market_name":"中華市場","market_address":"花蓮縣鳳林鎮中華路140號","pay_list":"","pay_tool":"","行業代號":null,"行業代號1":null,"名稱1":null,"行業代號2":null,"名稱2":null,"行業代號3":null,"名稱3":null},{"index":46,"id":10013415,"user":"林瑞玉","shop":"中華市場-無","category":"夜市/市場攤販","zone":"花蓮","city":"花蓮縣","area":"鳳林鎮","market_name":"中華市場","market_address":"花蓮縣鳳林鎮中華路140號","pay_list":"","pay_tool":"","行業代號":null,"行業代號1":null,"名稱1":null,"行業代號2":null,"名稱2":null,"行業代號3":null,"名稱3":null},{"index":47,"id":10013426,"user":"鄭美珠","shop":"中華市場-家庭理髮","category":"夜市/市場攤販","zone":"花蓮","city":"花蓮縣","area":"鳳林鎮","market_name":"中華市場","market_address":"花蓮縣鳳林鎮中華路140號","pay_list":"","pay_tool":"","行業代號":null,"行業代號1":null,"名稱1":null,"行業代號2":null,"名稱2":null,"行業代號3":null,"名稱3":null},{"index":48,"id":10013437,"user":"黃秀鳳","shop":"中華市場-蔬菜行","category":"夜市/市場攤販","zone":"花蓮","city":"花蓮縣","area":"鳳林鎮","market_name":"中華市場","market_address":"花蓮縣鳳林鎮中華路140號","pay_list":"","pay_tool":"","行業代號":null,"行業代號1":null,"名稱1":null,"行業代號2":null,"名稱2":null,"行業代號3":null,"名稱3":null},{"index":49,"id":10013448,"user":"涂任平","shop":"中華市場-鳳林餛飩店","category":"夜市/市場攤販","zone":"花蓮","city":"花蓮縣","area":"鳳林鎮","market_name":"中華市場","market_address":"花蓮縣鳳林鎮中華路140號","pay_list":"","pay_tool":"","行業代號":null,"行業代號1":null,"名稱1":null,"行業代號2":null,"名稱2":null,"行業代號3":null,"名稱3":null},{"index":50,"id":10013459,"user":"陳修緣","shop":"中華市場-興裕商號","category":"夜市/市場攤販","zone":"花蓮","city":"花蓮縣","area":"鳳林鎮","market_name":"中華市場","market_address":"花蓮縣鳳林鎮中華路140號","pay_list":"","pay_tool":"","行業代號":null,"行業代號1":null,"名稱1":null,"行業代號2":null,"名稱2":null,"行業代號3":null,"名稱3":null},{"index":51,"id":10013470,"user":"馬耀福佑","shop":"中華市場-鳳林咖啡","category":"夜市/市場攤販","zone":"花蓮","city":"花蓮縣","area":"鳳林鎮","market_name":"中華市場","market_address":"花蓮縣鳳林鎮中華路140號","pay_list":"","pay_tool":"","行業代號":null,"行業代號1":null,"名稱1":null,"行業代號2":null,"名稱2":null,"行業代號3":null,"名稱3":null},{"index":52,"id":10013481,"user":"馬耀福佑","shop":"中華市場-野菜野生植物館","category":"夜市/市場攤販","zone":"花蓮","city":"花蓮縣","area":"鳳林鎮","market_name":"中華市場","market_address":"花蓮縣鳳林鎮中華路140號","pay_list":"","pay_tool":"","行業代號":null,"行業代號1":null,"名稱1":null,"行業代號2":null,"名稱2":null,"行業代號3":null,"名稱3":null},{"index":53,"id":10013493,"user":"陳春妹","shop":"中華市場-鳳林野菜","category":"夜市/市場攤販","zone":"花蓮","city":"花蓮縣","area":"鳳林鎮","market_name":"中華市場","market_address":"花蓮縣鳳林鎮中華路140號","pay_list":"","pay_tool":"","行業代號":null,"行業代號1":null,"名稱1":null,"行業代號2":null,"名稱2":null,"行業代號3":null,"名稱3":null},{"index":54,"id":10013504,"user":"林玉珍","shop":"中華市場-友珍商號","category":"夜市/市場攤販","zone":"花蓮","city":"花蓮縣","area":"鳳林鎮","market_name":"中華市場","market_address":"花蓮縣鳳林鎮中華路140號","pay_list":"","pay_tool":"","行業代號":null,"行業代號1":null,"名稱1":null,"行業代號2":null,"名稱2":null,"行業代號3":null,"名稱3":null},{"index":55,"id":10013515,"user":"林玉珍","shop":"中華市場-友珍商號","category":"夜市/市場攤販","zone":"花蓮","city":"花蓮縣","area":"鳳林鎮","market_name":"中華市場","market_address":"花蓮縣鳳林鎮中華路140號","pay_list":"","pay_tool":"","行業代號":null,"行業代號1":null,"名稱1":null,"行業代號2":null,"名稱2":null,"行業代號3":null,"名稱3":null},{"index":56,"id":10013526,"user":"鍾隆益","shop":"中華市場-無","category":"夜市/市場攤販","zone":"花蓮","city":"花蓮縣","area":"鳳林鎮","market_name":"中華市場","market_address":"花蓮縣鳳林鎮中華路140號","pay_list":"","pay_tool":"","行業代號":null,"行業代號1":null,"名稱1":null,"行業代號2":null,"名稱2":null,"行業代號3":null,"名稱3":null},{"index":57,"id":10013537,"user":"徐寅祥","shop":"中華市場-鳳林美食街臭豆腐","category":"夜市/市場攤販","zone":"花蓮","city":"花蓮縣","area":"鳳林鎮","market_name":"中華市場","market_address":"花蓮縣鳳林鎮中華路140號","pay_list":"","pay_tool":"","行業代號":null,"行業代號1":null,"名稱1":null,"行業代號2":null,"名稱2":null,"行業代號3":null,"名稱3":null},{"index":58,"id":10013548,"user":"莊雅容","shop":"中華市場-長昇園藝造景行","category":"夜市/市場攤販","zone":"花蓮","city":"花蓮縣","area":"鳳林鎮","market_name":"中華市場","market_address":"花蓮縣鳳林鎮中華路140號","pay_list":"","pay_tool":"","行業代號":null,"行業代號1":null,"名稱1":null,"行業代號2":null,"名稱2":null,"行業代號3":null,"名稱3":null},{"index":59,"id":10013559,"user":"陳月娥","shop":"中華市場-蔥油餅","category":"夜市/市場攤販","zone":"花蓮","city":"花蓮縣","area":"鳳林鎮","market_name":"中華市場","market_address":"花蓮縣鳳林鎮中華路140號","pay_list":"","pay_tool":"","行業代號":null,"行業代號1":null,"名稱1":null,"行業代號2":null,"名稱2":null,"行業代號3":null,"名稱3":null},{"index":60,"id":10013570,"user":"王美君","shop":"中華市場-雞蛋糕","category":"夜市/市場攤販","zone":"花蓮","city":"花蓮縣","area":"鳳林鎮","market_name":"中華市場","market_address":"花蓮縣鳳林鎮中華路140號","pay_list":"","pay_tool":"","行業代號":null,"行業代號1":null,"名稱1":null,"行業代號2":null,"名稱2":null,"行業代號3":null,"名稱3":null},{"index":61,"id":10013581,"user":"馮桂香","shop":"中華市場-東山鴨頭","category":"夜市/市場攤販","zone":"花蓮","city":"花蓮縣","area":"鳳林鎮","market_name":"中華市場","market_address":"花蓮縣鳳林鎮中華路140號","pay_list":"","pay_tool":"","行業代號":null,"行業代號1":null,"名稱1":null,"行業代號2":null,"名稱2":null,"行業代號3":null,"名稱3":null},{"index":62,"id":10013592,"user":"曾美玲","shop":"中華市場-鯛魚燒","category":"夜市/市場攤販","zone":"花蓮","city":"花蓮縣","area":"鳳林鎮","market_name":"中華市場","market_address":"花蓮縣鳳林鎮中華路140號","pay_list":"","pay_tool":"","行業代號":null,"行業代號1":null,"名稱1":null,"行業代號2":null,"名稱2":null,"行業代號3":null,"名稱3":null},{"index":63,"id":10013604,"user":"陳俊傑","shop":"中華市場-蔥油餅、鍋貼","category":"夜市/市場攤販","zone":"花蓮","city":"花蓮縣","area":"鳳林鎮","market_name":"中華市場","market_address":"花蓮縣鳳林鎮中華路140號","pay_list":"","pay_tool":"","行業代號":null,"行業代號1":null,"名稱1":null,"行業代號2":null,"名稱2":null,"行業代號3":null,"名稱3":null},{"index":64,"id":10013615,"user":"鄭淑惠","shop":"中華市場-腸腸久久大腸包小腸","category":"夜市/市場攤販","zone":"花蓮","city":"花蓮縣","area":"鳳林鎮","market_name":"中華市場","market_address":"花蓮縣鳳林鎮中華路140號","pay_list":"","pay_tool":"","行業代號":null,"行業代號1":null,"名稱1":null,"行業代號2":null,"名稱2":null,"行業代號3":null,"名稱3":null},{"index":65,"id":10013626,"user":"鄭張文華","shop":"中華市場-炭烤、關東煮","category":"夜市/市場攤販","zone":"花蓮","city":"花蓮縣","area":"鳳林鎮","market_name":"中華市場","market_address":"花蓮縣鳳林鎮中華路140號","pay_list":"","pay_tool":"","行業代號":null,"行業代號1":null,"名稱1":null,"行業代號2":null,"名稱2":null,"行業代號3":null,"名稱3":null},{"index":66,"id":10013637,"user":"溫冬綢","shop":"中華市場-紅豆餅","category":"夜市/市場攤販","zone":"花蓮","city":"花蓮縣","area":"鳳林鎮","market_name":"中華市場","market_address":"花蓮縣鳳林鎮中華路140號","pay_list":"","pay_tool":"","行業代號":null,"行業代號1":null,"名稱1":null,"行業代號2":null,"名稱2":null,"行業代號3":null,"名稱3":null},{"index":67,"id":10013648,"user":"莊上福","shop":"中華市場-鳳林古早味大腸麵線","category":"夜市/市場攤販","zone":"花蓮","city":"花蓮縣","area":"鳳林鎮","market_name":"中華市場","market_address":"花蓮縣鳳林鎮中華路140號","pay_list":"","pay_tool":"","行業代號":null,"行業代號1":null,"名稱1":null,"行業代號2":null,"名稱2":null,"行業代號3":null,"名稱3":null},{"index":68,"id":10013659,"user":"徐寅彬","shop":"中華市場-蚵仔煎","category":"夜市/市場攤販","zone":"花蓮","city":"花蓮縣","area":"鳳林鎮","market_name":"中華市場","market_address":"花蓮縣鳳林鎮中華路140號","pay_list":"","pay_tool":"","行業代號":null,"行業代號1":null,"名稱1":null,"行業代號2":null,"名稱2":null,"行業代號3":null,"名稱3":null},{"index":69,"id":10013670,"user":"劉秀春","shop":"中華市場-章魚燒","category":"夜市/市場攤販","zone":"花蓮","city":"花蓮縣","area":"鳳林鎮","market_name":"中華市場","market_address":"花蓮縣鳳林鎮中華路140號","pay_list":"","pay_tool":"","行業代號":null,"行業代號1":null,"名稱1":null,"行業代號2":null,"名稱2":null,"行業代號3":null,"名稱3":null},{"index":70,"id":10013681,"user":"李文華","shop":"中華市場-鳳林蔥抓餅","category":"夜市/市場攤販","zone":"花蓮","city":"花蓮縣","area":"鳳林鎮","market_name":"中華市場","market_address":"花蓮縣鳳林鎮中華路140號","pay_list":"","pay_tool":"","行業代號":null,"行業代號1":null,"名稱1":null,"行業代號2":null,"名稱2":null,"行業代號3":null,"名稱3":null},{"index":71,"id":10013692,"user":"張世昌","shop":"中華市場-阿昌棺材板","category":"夜市/市場攤販","zone":"花蓮","city":"花蓮縣","area":"鳳林鎮","market_name":"中華市場","market_address":"花蓮縣鳳林鎮中華路140號","pay_list":"","pay_tool":"","行業代號":null,"行業代號1":null,"名稱1":null,"行業代號2":null,"名稱2":null,"行業代號3":null,"名稱3":null},{"index":72,"id":10013703,"user":"張武勝","shop":"中華市場-黃金脆薯、鹹酥雞","category":"夜市/市場攤販","zone":"花蓮","city":"花蓮縣","area":"鳳林鎮","market_name":"中華市場","market_address":"花蓮縣鳳林鎮中華路140號","pay_list":"","pay_tool":"","行業代號":null,"行業代號1":null,"名稱1":null,"行業代號2":null,"名稱2":null,"行業代號3":null,"名稱3":null},{"index":73,"id":10013715,"user":"陳美珠","shop":"中華市場-炸物、滷味、紅茶","category":"夜市/市場攤販","zone":"花蓮","city":"花蓮縣","area":"鳳林鎮","market_name":"中華市場","market_address":"花蓮縣鳳林鎮中華路140號","pay_list":"","pay_tool":"","行業代號":null,"行業代號1":null,"名稱1":null,"行業代號2":null,"名稱2":null,"行業代號3":null,"名稱3":null},{"index":74,"id":20038000,"user":"徐禧東","shop":"林田山葱油餅","category":["夜市/市場攤販"],"zone":"花蓮","city":"花蓮縣","area":"鳳林鎮","market_name":["餐食攤販"],"market_address":"花蓮縣鳳林鎮長橋里００３鄰長橋路９０號１樓（騎樓）","pay_list":"","pay_tool":"","行業代號":null,"行業代號1":null,"名稱1":null,"行業代號2":null,"名稱2":null,"行業代號3":null,"名稱3":null},{"index":75,"id":60077525,"user":"張昱安","shop":"胡同貓工作室","category":["夜市/市場攤販"],"zone":"花蓮","city":"花蓮縣","area":"鳳林鎮","market_name":["未分類其他零售攤販","餐食攤販"],"market_address":"花蓮縣鳳林鎮長橋里００３鄰長橋路９０號１樓（騎樓）","pay_list":null,"pay_tool":null,"行業代號":"561200","行業代號1":"486999","名稱1":"未分類其他零售攤販","行業代號2":"","名稱2":"","行業代號3":"","名稱3":""}]