[{"index":1,"id":10062528,"category":"夜市小吃/市場","city":"桃園市","area":"龍潭區","market_name":"龍潭區公有零售市場","market_address":"桃園市龍潭區龍興路80-100號","shop":"龍潭區公有零售市場 A棟3","pay_list":["台灣 PAY"],"zone":"桃竹苗","user":"呂理貴","pay_tool":["行動支付"]},{"index":2,"id":10062529,"category":"夜市小吃/市場","city":"桃園市","area":"龍潭區","market_name":"龍潭區公有零售市場","market_address":"桃園市龍潭區龍興路80-100號","shop":"龍潭區公有零售市場 A棟4","pay_list":["街口支付","LINE Pay Money"],"zone":"桃竹苗","user":"黃鋆堉","pay_tool":["行動支付"]},{"index":3,"id":10062531,"category":"夜市小吃/市場","city":"桃園市","area":"龍潭區","market_name":"龍潭區公有零售市場","market_address":"桃園市龍潭區龍興路80-100號","shop":"龍潭區公有零售市場 A棟5","pay_list":["玉山銀行"],"zone":"桃竹苗","user":"陳瑞琪","pay_tool":["信用卡"]},{"index":4,"id":10062653,"category":"夜市小吃/市場","city":"桃園市","area":"龍潭區","market_name":"龍潭觀光夜市","market_address":"桃園市龍潭區中豐路465號","shop":"龍潭觀光夜市 C31","pay_list":["街口支付","LINE Pay Money"],"zone":"桃竹苗","user":"廖泓森","pay_tool":["行動支付"]},{"index":5,"id":10062654,"category":"夜市小吃/市場","city":"桃園市","area":"龍潭區","market_name":"龍潭觀光夜市","market_address":"桃園市龍潭區中豐路465號","shop":"龍潭觀光夜市 C35","pay_list":["LINE Pay Money"],"zone":"桃竹苗","user":"黃健樺","pay_tool":["行動支付"]},{"index":6,"id":10062655,"category":"夜市小吃/市場","city":"桃園市","area":"龍潭區","market_name":"龍潭觀光夜市","market_address":"桃園市龍潭區中豐路465號","shop":"龍潭觀光夜市 C74","pay_list":["LINE Pay Money"],"zone":"桃竹苗","user":"翟光萍","pay_tool":["行動支付"]},{"index":7,"id":10062657,"category":"夜市小吃/市場","city":"桃園市","area":"龍潭區","market_name":"龍潭觀光夜市","market_address":"桃園市龍潭區中豐路465號","shop":"龍潭觀光夜市 D05","pay_list":["LINE Pay Money"],"zone":"桃竹苗","user":"朱柏錠","pay_tool":["行動支付"]},{"index":8,"id":30003487,"category":"夜市小吃/市場","city":"桃園市","area":"龍潭區","market_name":"龍潭區公有零售市場","market_address":"桃園市龍潭區龍興路80-100號","shop":"龍潭區公有零售市場 A棟30","pay_list":["LINE Pay Money"],"zone":"桃竹苗","user":"陳黃秀鳳","pay_tool":["行動支付"]},{"index":9,"id":30003489,"category":"夜市小吃/市場","city":"桃園市","area":"龍潭區","market_name":"龍潭區公有零售市場","market_address":"桃園市龍潭區龍興路80-100號","shop":"龍潭區公有零售市場 A棟32","pay_list":["台灣 PAY"],"zone":"桃竹苗","user":"黃金泉","pay_tool":["行動支付"]},{"index":10,"id":30003582,"category":"夜市小吃/市場","city":"桃園市","area":"龍潭區","market_name":"龍潭觀光夜市","market_address":"桃園市龍潭區中豐路465號","shop":"龍潭觀光夜市 C31","pay_list":["街口支付","LINE Pay Money"],"zone":"桃竹苗","user":"廖泓森","pay_tool":["行動支付"]},{"index":11,"id":30003584,"category":"夜市小吃/市場","city":"桃園市","area":"龍潭區","market_name":"龍潭觀光夜市","market_address":"桃園市龍潭區中豐路465號","shop":"龍潭觀光夜市 C35","pay_list":["LINE Pay Money"],"zone":"桃竹苗","user":"黃健樺","pay_tool":["行動支付"]},{"index":12,"id":30003585,"category":"夜市小吃/市場","city":"桃園市","area":"龍潭區","market_name":"龍潭觀光夜市","market_address":"桃園市龍潭區中豐路465號","shop":"龍潭觀光夜市 C74","pay_list":["LINE Pay Money"],"zone":"桃竹苗","user":"翟光萍","pay_tool":["行動支付"]},{"index":13,"id":30003587,"category":"夜市小吃/市場","city":"桃園市","area":"龍潭區","market_name":"龍潭觀光夜市","market_address":"桃園市龍潭區中豐路465號","shop":"龍潭觀光夜市 D05","pay_list":["LINE Pay Money"],"zone":"桃竹苗","user":"朱柏錠","pay_tool":["行動支付"]}]