[{"index":1,"shop":"365黃昏市場-B01.B02","zone":"桃竹苗","city":"桃園市","area":"龜山區","market_address":"桃園市龜山區文化二路102-1號","user":"魏勝論","行業代號":null,"market_name":"365黃昏市場","行業代號1":null,"名稱1":null,"行業代號2":null,"名稱2":null,"行業代號3":null,"名稱3":null,"category":"夜市/市場攤販","id":10062661,"pay_list":"","pay_tool":""},{"index":2,"shop":"365黃昏市場-B05.B06","zone":"桃竹苗","city":"桃園市","area":"龜山區","market_address":"桃園市龜山區文化二路102-1號","user":"張弘斌","行業代號":null,"market_name":"365黃昏市場","行業代號1":null,"名稱1":null,"行業代號2":null,"名稱2":null,"行業代號3":null,"名稱3":null,"category":"夜市/市場攤販","id":10062662,"pay_list":"","pay_tool":""},{"index":3,"shop":"365黃昏市場-C01","zone":"桃竹苗","city":"桃園市","area":"龜山區","market_address":"桃園市龜山區文化二路102-1號","user":"曾瑋琪","行業代號":null,"market_name":"365黃昏市場","行業代號1":null,"名稱1":null,"行業代號2":null,"名稱2":null,"行業代號3":null,"名稱3":null,"category":"夜市/市場攤販","id":10062665,"pay_list":"","pay_tool":""},{"index":4,"shop":"365黃昏市場-C02.C03","zone":"桃竹苗","city":"桃園市","area":"龜山區","market_address":"桃園市龜山區文化二路102-1號","user":"張?方","行業代號":null,"market_name":"365黃昏市場","行業代號1":null,"名稱1":null,"行業代號2":null,"名稱2":null,"行業代號3":null,"名稱3":null,"category":"夜市/市場攤販","id":10062666,"pay_list":"","pay_tool":""},{"index":5,"shop":"365黃昏市場-D01.D02","zone":"桃竹苗","city":"桃園市","area":"龜山區","market_address":"桃園市龜山區文化二路102-1號","user":"陳伊鈺","行業代號":null,"market_name":"365黃昏市場","行業代號1":null,"名稱1":null,"行業代號2":null,"名稱2":null,"行業代號3":null,"名稱3":null,"category":"夜市/市場攤販","id":10062667,"pay_list":"","pay_tool":""},{"index":6,"shop":"365黃昏市場-D03","zone":"桃竹苗","city":"桃園市","area":"龜山區","market_address":"桃園市龜山區文化二路102-1號","user":"留金米","行業代號":null,"market_name":"365黃昏市場","行業代號1":null,"名稱1":null,"行業代號2":null,"名稱2":null,"行業代號3":null,"名稱3":null,"category":"夜市/市場攤販","id":10062668,"pay_list":"","pay_tool":""},{"index":7,"shop":"365黃昏市場-D04","zone":"桃竹苗","city":"桃園市","area":"龜山區","market_address":"桃園市龜山區文化二路102-1號","user":"鐘文彬","行業代號":null,"market_name":"365黃昏市場","行業代號1":null,"名稱1":null,"行業代號2":null,"名稱2":null,"行業代號3":null,"名稱3":null,"category":"夜市/市場攤販","id":10062669,"pay_list":"","pay_tool":""},{"index":8,"shop":"365黃昏市場-D05","zone":"桃竹苗","city":"桃園市","area":"龜山區","market_address":"桃園市龜山區文化二路102-1號","user":"王景興","行業代號":null,"market_name":"365黃昏市場","行業代號1":null,"名稱1":null,"行業代號2":null,"名稱2":null,"行業代號3":null,"名稱3":null,"category":"夜市/市場攤販","id":10062670,"pay_list":"","pay_tool":""},{"index":9,"shop":"中和南路攤集區-7","zone":"桃竹苗","city":"桃園市","area":"龜山區","market_address":"桃園市中和南路(中興路-新樂街路段)","user":"呂榮琳","行業代號":null,"market_name":"中和南路攤集區","行業代號1":null,"名稱1":null,"行業代號2":null,"名稱2":null,"行業代號3":null,"名稱3":null,"category":"夜市/市場攤販","id":10062671,"pay_list":"","pay_tool":""},{"index":10,"shop":"中和南路攤集區-8","zone":"桃竹苗","city":"桃園市","area":"龜山區","market_address":"桃園市中和南路(中興路-新樂街路段)","user":"簡美慧","行業代號":null,"market_name":"中和南路攤集區","行業代號1":null,"名稱1":null,"行業代號2":null,"名稱2":null,"行業代號3":null,"名稱3":null,"category":"夜市/市場攤販","id":10062672,"pay_list":"","pay_tool":""},{"index":11,"shop":"中和南路攤集區-10","zone":"桃竹苗","city":"桃園市","area":"龜山區","market_address":"桃園市中和南路(中興路-新樂街路段)","user":"李沈錦端","行業代號":null,"market_name":"中和南路攤集區","行業代號1":null,"名稱1":null,"行業代號2":null,"名稱2":null,"行業代號3":null,"名稱3":null,"category":"夜市/市場攤販","id":10062673,"pay_list":"","pay_tool":""},{"index":12,"shop":"中和南路攤集區-12","zone":"桃竹苗","city":"桃園市","area":"龜山區","market_address":"桃園市中和南路(中興路-新樂街路段)","user":"陳如鈺","行業代號":null,"market_name":"中和南路攤集區","行業代號1":null,"名稱1":null,"行業代號2":null,"名稱2":null,"行業代號3":null,"名稱3":null,"category":"夜市/市場攤販","id":10062674,"pay_list":"","pay_tool":""},{"index":13,"shop":"中和南路攤集區-13","zone":"桃竹苗","city":"桃園市","area":"龜山區","market_address":"桃園市中和南路(中興路-新樂街路段)","user":"許秀景","行業代號":null,"market_name":"中和南路攤集區","行業代號1":null,"名稱1":null,"行業代號2":null,"名稱2":null,"行業代號3":null,"名稱3":null,"category":"夜市/市場攤販","id":10062676,"pay_list":"","pay_tool":""},{"index":14,"shop":"中和南路攤集區-14","zone":"桃竹苗","city":"桃園市","area":"龜山區","market_address":"桃園市中和南路(中興路-新樂街路段)","user":"張萬鈞","行業代號":null,"market_name":"中和南路攤集區","行業代號1":null,"名稱1":null,"行業代號2":null,"名稱2":null,"行業代號3":null,"名稱3":null,"category":"夜市/市場攤販","id":10062677,"pay_list":"","pay_tool":""},{"index":15,"shop":"中和南路攤集區-130","zone":"桃竹苗","city":"桃園市","area":"龜山區","market_address":"桃園市中和南路(中興路-新樂街路段)","user":"張黃淑枝","行業代號":null,"market_name":"中和南路攤集區","行業代號1":null,"名稱1":null,"行業代號2":null,"名稱2":null,"行業代號3":null,"名稱3":null,"category":"夜市/市場攤販","id":10062678,"pay_list":"","pay_tool":""},{"index":16,"shop":"中和南路攤集區-15","zone":"桃竹苗","city":"桃園市","area":"龜山區","market_address":"桃園市中和南路(中興路-新樂街路段)","user":"南明慧","行業代號":null,"market_name":"中和南路攤集區","行業代號1":null,"名稱1":null,"行業代號2":null,"名稱2":null,"行業代號3":null,"名稱3":null,"category":"夜市/市場攤販","id":10062679,"pay_list":"","pay_tool":""},{"index":17,"shop":"中和南路攤集區-16","zone":"桃竹苗","city":"桃園市","area":"龜山區","market_address":"桃園市中和南路(中興路-新樂街路段)","user":"林清安","行業代號":null,"market_name":"中和南路攤集區","行業代號1":null,"名稱1":null,"行業代號2":null,"名稱2":null,"行業代號3":null,"名稱3":null,"category":"夜市/市場攤販","id":10062680,"pay_list":"","pay_tool":""},{"index":18,"shop":"中和南路攤集區-20","zone":"桃竹苗","city":"桃園市","area":"龜山區","market_address":"桃園市中和南路(中興路-新樂街路段)","user":"張曉玫","行業代號":null,"market_name":"中和南路攤集區","行業代號1":null,"名稱1":null,"行業代號2":null,"名稱2":null,"行業代號3":null,"名稱3":null,"category":"夜市/市場攤販","id":10062681,"pay_list":"","pay_tool":""},{"index":19,"shop":"中和南路攤集區-21","zone":"桃竹苗","city":"桃園市","area":"龜山區","market_address":"桃園市中和南路(中興路-新樂街路段)","user":"王有澤","行業代號":null,"market_name":"中和南路攤集區","行業代號1":null,"名稱1":null,"行業代號2":null,"名稱2":null,"行業代號3":null,"名稱3":null,"category":"夜市/市場攤販","id":10062682,"pay_list":"","pay_tool":""},{"index":20,"shop":"中和南路攤集區-22","zone":"桃竹苗","city":"桃園市","area":"龜山區","market_address":"桃園市中和南路(中興路-新樂街路段)","user":"陳宥樺","行業代號":null,"market_name":"中和南路攤集區","行業代號1":null,"名稱1":null,"行業代號2":null,"名稱2":null,"行業代號3":null,"名稱3":null,"category":"夜市/市場攤販","id":10062683,"pay_list":"","pay_tool":""},{"index":21,"shop":"中和南路攤集區-24","zone":"桃竹苗","city":"桃園市","area":"龜山區","market_address":"桃園市中和南路(中興路-新樂街路段)","user":"許昔謙","行業代號":null,"market_name":"中和南路攤集區","行業代號1":null,"名稱1":null,"行業代號2":null,"名稱2":null,"行業代號3":null,"名稱3":null,"category":"夜市/市場攤販","id":10062684,"pay_list":"","pay_tool":""},{"index":22,"shop":"中和南路攤集區-1月24日","zone":"桃竹苗","city":"桃園市","area":"龜山區","market_address":"桃園市中和南路(中興路-新樂街路段)","user":"夏嘉鴻","行業代號":null,"market_name":"中和南路攤集區","行業代號1":null,"名稱1":null,"行業代號2":null,"名稱2":null,"行業代號3":null,"名稱3":null,"category":"夜市/市場攤販","id":10062685,"pay_list":"","pay_tool":""},{"index":23,"shop":"中和南路攤集區-26","zone":"桃竹苗","city":"桃園市","area":"龜山區","market_address":"桃園市中和南路(中興路-新樂街路段)","user":"楊成蔭","行業代號":null,"market_name":"中和南路攤集區","行業代號1":null,"名稱1":null,"行業代號2":null,"名稱2":null,"行業代號3":null,"名稱3":null,"category":"夜市/市場攤販","id":10062687,"pay_list":"","pay_tool":""},{"index":24,"shop":"中和南路攤集區-1月26日","zone":"桃竹苗","city":"桃園市","area":"龜山區","market_address":"桃園市中和南路(中興路-新樂街路段)","user":"施益宏","行業代號":null,"market_name":"中和南路攤集區","行業代號1":null,"名稱1":null,"行業代號2":null,"名稱2":null,"行業代號3":null,"名稱3":null,"category":"夜市/市場攤販","id":10062688,"pay_list":"","pay_tool":""},{"index":25,"shop":"中和南路攤集區-28","zone":"桃竹苗","city":"桃園市","area":"龜山區","market_address":"桃園市中和南路(中興路-新樂街路段)","user":"陳意雯","行業代號":null,"market_name":"中和南路攤集區","行業代號1":null,"名稱1":null,"行業代號2":null,"名稱2":null,"行業代號3":null,"名稱3":null,"category":"夜市/市場攤販","id":10062689,"pay_list":"","pay_tool":""},{"index":26,"shop":"中和南路攤集區-1月28日","zone":"桃竹苗","city":"桃園市","area":"龜山區","market_address":"桃園市中和南路(中興路-新樂街路段)","user":"陳家芃","行業代號":null,"market_name":"中和南路攤集區","行業代號1":null,"名稱1":null,"行業代號2":null,"名稱2":null,"行業代號3":null,"名稱3":null,"category":"夜市/市場攤販","id":10062690,"pay_list":"","pay_tool":""},{"index":27,"shop":"中和南路攤集區-29","zone":"桃竹苗","city":"桃園市","area":"龜山區","market_address":"桃園市中和南路(中興路-新樂街路段)","user":"陳泉興","行業代號":null,"market_name":"中和南路攤集區","行業代號1":null,"名稱1":null,"行業代號2":null,"名稱2":null,"行業代號3":null,"名稱3":null,"category":"夜市/市場攤販","id":10062691,"pay_list":"","pay_tool":""},{"index":28,"shop":"中和南路攤集區-1月30日","zone":"桃竹苗","city":"桃園市","area":"龜山區","market_address":"桃園市中和南路(中興路-新樂街路段)","user":"劉郁芹","行業代號":null,"market_name":"中和南路攤集區","行業代號1":null,"名稱1":null,"行業代號2":null,"名稱2":null,"行業代號3":null,"名稱3":null,"category":"夜市/市場攤販","id":10062692,"pay_list":"","pay_tool":""},{"index":29,"shop":"中和南路攤集區-30","zone":"桃竹苗","city":"桃園市","area":"龜山區","market_address":"桃園市中和南路(中興路-新樂街路段)","user":"陳春喜","行業代號":null,"market_name":"中和南路攤集區","行業代號1":null,"名稱1":null,"行業代號2":null,"名稱2":null,"行業代號3":null,"名稱3":null,"category":"夜市/市場攤販","id":10062693,"pay_list":"","pay_tool":""},{"index":30,"shop":"中和南路攤集區-115","zone":"桃竹苗","city":"桃園市","area":"龜山區","market_address":"桃園市中和南路(中興路-新樂街路段)","user":"張大軍","行業代號":null,"market_name":"中和南路攤集區","行業代號1":null,"名稱1":null,"行業代號2":null,"名稱2":null,"行業代號3":null,"名稱3":null,"category":"夜市/市場攤販","id":10062694,"pay_list":"","pay_tool":""},{"index":31,"shop":"中和南路攤集區-32","zone":"桃竹苗","city":"桃園市","area":"龜山區","market_address":"桃園市中和南路(中興路-新樂街路段)","user":"謝文章","行業代號":null,"market_name":"中和南路攤集區","行業代號1":null,"名稱1":null,"行業代號2":null,"名稱2":null,"行業代號3":null,"名稱3":null,"category":"夜市/市場攤販","id":10062695,"pay_list":"","pay_tool":""},{"index":32,"shop":"中和南路攤集區-34","zone":"桃竹苗","city":"桃園市","area":"龜山區","market_address":"桃園市中和南路(中興路-新樂街路段)","user":"巫菊嬌","行業代號":null,"market_name":"中和南路攤集區","行業代號1":null,"名稱1":null,"行業代號2":null,"名稱2":null,"行業代號3":null,"名稱3":null,"category":"夜市/市場攤販","id":10062696,"pay_list":"","pay_tool":""},{"index":33,"shop":"中和南路攤集區-34","zone":"桃竹苗","city":"桃園市","area":"龜山區","market_address":"桃園市中和南路(中興路-新樂街路段)","user":"楊明達","行業代號":null,"market_name":"中和南路攤集區","行業代號1":null,"名稱1":null,"行業代號2":null,"名稱2":null,"行業代號3":null,"名稱3":null,"category":"夜市/市場攤販","id":10062698,"pay_list":"","pay_tool":""},{"index":34,"shop":"中和南路攤集區-45","zone":"桃竹苗","city":"桃園市","area":"龜山區","market_address":"桃園市中和南路(中興路-新樂街路段)","user":"吳英桃","行業代號":null,"market_name":"中和南路攤集區","行業代號1":null,"名稱1":null,"行業代號2":null,"名稱2":null,"行業代號3":null,"名稱3":null,"category":"夜市/市場攤販","id":10062699,"pay_list":"","pay_tool":""},{"index":35,"shop":"中和南路攤集區-46","zone":"桃竹苗","city":"桃園市","area":"龜山區","market_address":"桃園市中和南路(中興路-新樂街路段)","user":"胡美芬","行業代號":null,"market_name":"中和南路攤集區","行業代號1":null,"名稱1":null,"行業代號2":null,"名稱2":null,"行業代號3":null,"名稱3":null,"category":"夜市/市場攤販","id":10062700,"pay_list":"","pay_tool":""},{"index":36,"shop":"中和南路攤集區-116","zone":"桃竹苗","city":"桃園市","area":"龜山區","market_address":"桃園市中和南路(中興路-新樂街路段)","user":"張文正","行業代號":null,"market_name":"中和南路攤集區","行業代號1":null,"名稱1":null,"行業代號2":null,"名稱2":null,"行業代號3":null,"名稱3":null,"category":"夜市/市場攤販","id":10062701,"pay_list":"","pay_tool":""},{"index":37,"shop":"中和南路攤集區-53","zone":"桃竹苗","city":"桃園市","area":"龜山區","market_address":"桃園市中和南路(中興路-新樂街路段)","user":"吳江得","行業代號":null,"market_name":"中和南路攤集區","行業代號1":null,"名稱1":null,"行業代號2":null,"名稱2":null,"行業代號3":null,"名稱3":null,"category":"夜市/市場攤販","id":10062702,"pay_list":"","pay_tool":""},{"index":38,"shop":"中和南路攤集區-55","zone":"桃竹苗","city":"桃園市","area":"龜山區","market_address":"桃園市中和南路(中興路-新樂街路段)","user":"江彩雲","行業代號":null,"market_name":"中和南路攤集區","行業代號1":null,"名稱1":null,"行業代號2":null,"名稱2":null,"行業代號3":null,"名稱3":null,"category":"夜市/市場攤販","id":10062703,"pay_list":"","pay_tool":""},{"index":39,"shop":"中和南路攤集區-57","zone":"桃竹苗","city":"桃園市","area":"龜山區","market_address":"桃園市中和南路(中興路-新樂街路段)","user":"侯寶麗","行業代號":null,"market_name":"中和南路攤集區","行業代號1":null,"名稱1":null,"行業代號2":null,"名稱2":null,"行業代號3":null,"名稱3":null,"category":"夜市/市場攤販","id":10062704,"pay_list":"","pay_tool":""},{"index":40,"shop":"中和南路攤集區-58","zone":"桃竹苗","city":"桃園市","area":"龜山區","market_address":"桃園市中和南路(中興路-新樂街路段)","user":"江盛明","行業代號":null,"market_name":"中和南路攤集區","行業代號1":null,"名稱1":null,"行業代號2":null,"名稱2":null,"行業代號3":null,"名稱3":null,"category":"夜市/市場攤販","id":10062705,"pay_list":"","pay_tool":""},{"index":41,"shop":"中和南路攤集區-63","zone":"桃竹苗","city":"桃園市","area":"龜山區","market_address":"桃園市中和南路(中興路-新樂街路段)","user":"高麗美","行業代號":null,"market_name":"中和南路攤集區","行業代號1":null,"名稱1":null,"行業代號2":null,"名稱2":null,"行業代號3":null,"名稱3":null,"category":"夜市/市場攤販","id":10062706,"pay_list":"","pay_tool":""},{"index":42,"shop":"中和南路攤集區-70","zone":"桃竹苗","city":"桃園市","area":"龜山區","market_address":"桃園市中和南路(中興路-新樂街路段)","user":"林坤梅","行業代號":null,"market_name":"中和南路攤集區","行業代號1":null,"名稱1":null,"行業代號2":null,"名稱2":null,"行業代號3":null,"名稱3":null,"category":"夜市/市場攤販","id":10062707,"pay_list":"","pay_tool":""},{"index":43,"shop":"中和南路攤集區-71","zone":"桃竹苗","city":"桃園市","area":"龜山區","market_address":"桃園市中和南路(中興路-新樂街路段)","user":"江文淵","行業代號":null,"market_name":"中和南路攤集區","行業代號1":null,"名稱1":null,"行業代號2":null,"名稱2":null,"行業代號3":null,"名稱3":null,"category":"夜市/市場攤販","id":10062709,"pay_list":"","pay_tool":""},{"index":44,"shop":"中和南路攤集區-74","zone":"桃竹苗","city":"桃園市","area":"龜山區","market_address":"桃園市中和南路(中興路-新樂街路段)","user":"陳聰義","行業代號":null,"market_name":"中和南路攤集區","行業代號1":null,"名稱1":null,"行業代號2":null,"名稱2":null,"行業代號3":null,"名稱3":null,"category":"夜市/市場攤販","id":10062710,"pay_list":"","pay_tool":""},{"index":45,"shop":"中和南路攤集區-75","zone":"桃竹苗","city":"桃園市","area":"龜山區","market_address":"桃園市中和南路(中興路-新樂街路段)","user":"翁土城","行業代號":null,"market_name":"中和南路攤集區","行業代號1":null,"名稱1":null,"行業代號2":null,"名稱2":null,"行業代號3":null,"名稱3":null,"category":"夜市/市場攤販","id":10062711,"pay_list":"","pay_tool":""},{"index":46,"shop":"中和南路攤集區-76","zone":"桃竹苗","city":"桃園市","area":"龜山區","market_address":"桃園市中和南路(中興路-新樂街路段)","user":"黃錦郎","行業代號":null,"market_name":"中和南路攤集區","行業代號1":null,"名稱1":null,"行業代號2":null,"名稱2":null,"行業代號3":null,"名稱3":null,"category":"夜市/市場攤販","id":10062712,"pay_list":"","pay_tool":""},{"index":47,"shop":"中和南路攤集區-77","zone":"桃竹苗","city":"桃園市","area":"龜山區","market_address":"桃園市中和南路(中興路-新樂街路段)","user":"吳呈祥","行業代號":null,"market_name":"中和南路攤集區","行業代號1":null,"名稱1":null,"行業代號2":null,"名稱2":null,"行業代號3":null,"名稱3":null,"category":"夜市/市場攤販","id":10062713,"pay_list":"","pay_tool":""},{"index":48,"shop":"中和南路攤集區-78","zone":"桃竹苗","city":"桃園市","area":"龜山區","market_address":"桃園市中和南路(中興路-新樂街路段)","user":"徐永興","行業代號":null,"market_name":"中和南路攤集區","行業代號1":null,"名稱1":null,"行業代號2":null,"名稱2":null,"行業代號3":null,"名稱3":null,"category":"夜市/市場攤販","id":10062714,"pay_list":"","pay_tool":""},{"index":49,"shop":"中和南路攤集區-80","zone":"桃竹苗","city":"桃園市","area":"龜山區","market_address":"桃園市中和南路(中興路-新樂街路段)","user":"李西響","行業代號":null,"market_name":"中和南路攤集區","行業代號1":null,"名稱1":null,"行業代號2":null,"名稱2":null,"行業代號3":null,"名稱3":null,"category":"夜市/市場攤販","id":10062715,"pay_list":"","pay_tool":""},{"index":50,"shop":"中和南路攤集區-86","zone":"桃竹苗","city":"桃園市","area":"龜山區","market_address":"桃園市中和南路(中興路-新樂街路段)","user":"洪清壽","行業代號":null,"market_name":"中和南路攤集區","行業代號1":null,"名稱1":null,"行業代號2":null,"名稱2":null,"行業代號3":null,"名稱3":null,"category":"夜市/市場攤販","id":10062716,"pay_list":"","pay_tool":""},{"index":51,"shop":"中和南路攤集區-87","zone":"桃竹苗","city":"桃園市","area":"龜山區","market_address":"桃園市中和南路(中興路-新樂街路段)","user":"王敏惠","行業代號":null,"market_name":"中和南路攤集區","行業代號1":null,"名稱1":null,"行業代號2":null,"名稱2":null,"行業代號3":null,"名稱3":null,"category":"夜市/市場攤販","id":10062717,"pay_list":"","pay_tool":""},{"index":52,"shop":"中和南路攤集區-88","zone":"桃竹苗","city":"桃園市","area":"龜山區","market_address":"桃園市中和南路(中興路-新樂街路段)","user":"許素照","行業代號":null,"market_name":"中和南路攤集區","行業代號1":null,"名稱1":null,"行業代號2":null,"名稱2":null,"行業代號3":null,"名稱3":null,"category":"夜市/市場攤販","id":10062718,"pay_list":"","pay_tool":""},{"index":53,"shop":"中和南路攤集區-89","zone":"桃竹苗","city":"桃園市","area":"龜山區","market_address":"桃園市中和南路(中興路-新樂街路段)","user":"柯月香","行業代號":null,"market_name":"中和南路攤集區","行業代號1":null,"名稱1":null,"行業代號2":null,"名稱2":null,"行業代號3":null,"名稱3":null,"category":"夜市/市場攤販","id":10062720,"pay_list":"","pay_tool":""},{"index":54,"shop":"中和南路攤集區-90","zone":"桃竹苗","city":"桃園市","area":"龜山區","market_address":"桃園市中和南路(中興路-新樂街路段)","user":"覃遵仙","行業代號":null,"market_name":"中和南路攤集區","行業代號1":null,"名稱1":null,"行業代號2":null,"名稱2":null,"行業代號3":null,"名稱3":null,"category":"夜市/市場攤販","id":10062721,"pay_list":"","pay_tool":""},{"index":55,"shop":"中和南路攤集區-96","zone":"桃竹苗","city":"桃園市","area":"龜山區","market_address":"桃園市中和南路(中興路-新樂街路段)","user":"林丙煌","行業代號":null,"market_name":"中和南路攤集區","行業代號1":null,"名稱1":null,"行業代號2":null,"名稱2":null,"行業代號3":null,"名稱3":null,"category":"夜市/市場攤販","id":10062722,"pay_list":"","pay_tool":""},{"index":56,"shop":"中和南路攤集區-154","zone":"桃竹苗","city":"桃園市","area":"龜山區","market_address":"桃園市中和南路(中興路-新樂街路段)","user":"張溒?","行業代號":null,"market_name":"中和南路攤集區","行業代號1":null,"名稱1":null,"行業代號2":null,"名稱2":null,"行業代號3":null,"名稱3":null,"category":"夜市/市場攤販","id":10062723,"pay_list":"","pay_tool":""},{"index":57,"shop":"中和南路攤集區-98","zone":"桃竹苗","city":"桃園市","area":"龜山區","market_address":"桃園市中和南路(中興路-新樂街路段)","user":"吳榮泉","行業代號":null,"market_name":"中和南路攤集區","行業代號1":null,"名稱1":null,"行業代號2":null,"名稱2":null,"行業代號3":null,"名稱3":null,"category":"夜市/市場攤販","id":10062724,"pay_list":"","pay_tool":""},{"index":58,"shop":"中和南路攤集區-99","zone":"桃竹苗","city":"桃園市","area":"龜山區","market_address":"桃園市中和南路(中興路-新樂街路段)","user":"黃麗如","行業代號":null,"market_name":"中和南路攤集區","行業代號1":null,"名稱1":null,"行業代號2":null,"名稱2":null,"行業代號3":null,"名稱3":null,"category":"夜市/市場攤販","id":10062725,"pay_list":"","pay_tool":""},{"index":59,"shop":"中和南路攤集區-99","zone":"桃竹苗","city":"桃園市","area":"龜山區","market_address":"桃園市中和南路(中興路-新樂街路段)","user":"黃利重","行業代號":null,"market_name":"中和南路攤集區","行業代號1":null,"名稱1":null,"行業代號2":null,"名稱2":null,"行業代號3":null,"名稱3":null,"category":"夜市/市場攤販","id":10062726,"pay_list":"","pay_tool":""},{"index":60,"shop":"中和南路攤集區-100","zone":"桃竹苗","city":"桃園市","area":"龜山區","market_address":"桃園市中和南路(中興路-新樂街路段)","user":"李錦惠","行業代號":null,"market_name":"中和南路攤集區","行業代號1":null,"名稱1":null,"行業代號2":null,"名稱2":null,"行業代號3":null,"名稱3":null,"category":"夜市/市場攤販","id":10062727,"pay_list":"","pay_tool":""},{"index":61,"shop":"中和南路攤集區-103","zone":"桃竹苗","city":"桃園市","area":"龜山區","market_address":"桃園市中和南路(中興路-新樂街路段)","user":"王俊智","行業代號":null,"market_name":"中和南路攤集區","行業代號1":null,"名稱1":null,"行業代號2":null,"名稱2":null,"行業代號3":null,"名稱3":null,"category":"夜市/市場攤販","id":10062728,"pay_list":"","pay_tool":""},{"index":62,"shop":"中和南路攤集區-105","zone":"桃竹苗","city":"桃園市","area":"龜山區","market_address":"桃園市中和南路(中興路-新樂街路段)","user":"邱信忠","行業代號":null,"market_name":"中和南路攤集區","行業代號1":null,"名稱1":null,"行業代號2":null,"名稱2":null,"行業代號3":null,"名稱3":null,"category":"夜市/市場攤販","id":10062729,"pay_list":"","pay_tool":""},{"index":63,"shop":"中和南路攤集區-106","zone":"桃竹苗","city":"桃園市","area":"龜山區","market_address":"桃園市中和南路(中興路-新樂街路段)","user":"周秀美","行業代號":null,"market_name":"中和南路攤集區","行業代號1":null,"名稱1":null,"行業代號2":null,"名稱2":null,"行業代號3":null,"名稱3":null,"category":"夜市/市場攤販","id":10062731,"pay_list":"","pay_tool":""},{"index":64,"shop":"中和南路攤集區-107","zone":"桃竹苗","city":"桃園市","area":"龜山區","market_address":"桃園市中和南路(中興路-新樂街路段)","user":"莊美燕","行業代號":null,"market_name":"中和南路攤集區","行業代號1":null,"名稱1":null,"行業代號2":null,"名稱2":null,"行業代號3":null,"名稱3":null,"category":"夜市/市場攤販","id":10062732,"pay_list":"","pay_tool":""},{"index":65,"shop":"中和南路攤集區-108","zone":"桃竹苗","city":"桃園市","area":"龜山區","market_address":"桃園市中和南路(中興路-新樂街路段)","user":"陳志靖","行業代號":null,"market_name":"中和南路攤集區","行業代號1":null,"名稱1":null,"行業代號2":null,"名稱2":null,"行業代號3":null,"名稱3":null,"category":"夜市/市場攤販","id":10062733,"pay_list":"","pay_tool":""},{"index":66,"shop":"中和南路攤集區-109","zone":"桃竹苗","city":"桃園市","area":"龜山區","market_address":"桃園市中和南路(中興路-新樂街路段)","user":"呂學郁","行業代號":null,"market_name":"中和南路攤集區","行業代號1":null,"名稱1":null,"行業代號2":null,"名稱2":null,"行業代號3":null,"名稱3":null,"category":"夜市/市場攤販","id":10062734,"pay_list":"","pay_tool":""},{"index":67,"shop":"中和南路攤集區-179右","zone":"桃竹苗","city":"桃園市","area":"龜山區","market_address":"桃園市中和南路(中興路-新樂街路段)","user":"張冠昇","行業代號":null,"market_name":"中和南路攤集區","行業代號1":null,"名稱1":null,"行業代號2":null,"名稱2":null,"行業代號3":null,"名稱3":null,"category":"夜市/市場攤販","id":10062735,"pay_list":"","pay_tool":""},{"index":68,"shop":"中和南路攤集區-112","zone":"桃竹苗","city":"桃園市","area":"龜山區","market_address":"桃園市中和南路(中興路-新樂街路段)","user":"黃進義","行業代號":null,"market_name":"中和南路攤集區","行業代號1":null,"名稱1":null,"行業代號2":null,"名稱2":null,"行業代號3":null,"名稱3":null,"category":"夜市/市場攤販","id":10062736,"pay_list":"","pay_tool":""},{"index":69,"shop":"中和南路攤集區-112-1","zone":"桃竹苗","city":"桃園市","area":"龜山區","market_address":"桃園市中和南路(中興路-新樂街路段)","user":"雷秀貞","行業代號":null,"market_name":"中和南路攤集區","行業代號1":null,"名稱1":null,"行業代號2":null,"名稱2":null,"行業代號3":null,"名稱3":null,"category":"夜市/市場攤販","id":10062737,"pay_list":"","pay_tool":""},{"index":70,"shop":"中和南路攤集區-114","zone":"桃竹苗","city":"桃園市","area":"龜山區","market_address":"桃園市中和南路(中興路-新樂街路段)","user":"謝承洋","行業代號":null,"market_name":"中和南路攤集區","行業代號1":null,"名稱1":null,"行業代號2":null,"名稱2":null,"行業代號3":null,"名稱3":null,"category":"夜市/市場攤販","id":10062738,"pay_list":"","pay_tool":""},{"index":71,"shop":"中和南路攤集區-51","zone":"桃竹苗","city":"桃園市","area":"龜山區","market_address":"桃園市中和南路(中興路-新樂街路段)","user":"張分平","行業代號":null,"market_name":"中和南路攤集區","行業代號1":null,"名稱1":null,"行業代號2":null,"名稱2":null,"行業代號3":null,"名稱3":null,"category":"夜市/市場攤販","id":10062739,"pay_list":"","pay_tool":""},{"index":72,"shop":"中和南路攤集區-173","zone":"桃竹苗","city":"桃園市","area":"龜山區","market_address":"桃園市中和南路(中興路-新樂街路段)","user":"張弘義","行業代號":null,"market_name":"中和南路攤集區","行業代號1":null,"名稱1":null,"行業代號2":null,"名稱2":null,"行業代號3":null,"名稱3":null,"category":"夜市/市場攤販","id":10062740,"pay_list":"","pay_tool":""},{"index":73,"shop":"中和南路攤集區-117","zone":"桃竹苗","city":"桃園市","area":"龜山區","market_address":"桃園市中和南路(中興路-新樂街路段)","user":"林何碧霞","行業代號":null,"market_name":"中和南路攤集區","行業代號1":null,"名稱1":null,"行業代號2":null,"名稱2":null,"行業代號3":null,"名稱3":null,"category":"夜市/市場攤販","id":10062742,"pay_list":"","pay_tool":""},{"index":74,"shop":"中和南路攤集區-120-1","zone":"桃竹苗","city":"桃園市","area":"龜山區","market_address":"桃園市中和南路(中興路-新樂街路段)","user":"藍承從","行業代號":null,"market_name":"中和南路攤集區","行業代號1":null,"名稱1":null,"行業代號2":null,"名稱2":null,"行業代號3":null,"名稱3":null,"category":"夜市/市場攤販","id":10062743,"pay_list":"","pay_tool":""},{"index":75,"shop":"中和南路攤集區-120","zone":"桃竹苗","city":"桃園市","area":"龜山區","market_address":"桃園市中和南路(中興路-新樂街路段)","user":"呂淳洋","行業代號":null,"market_name":"中和南路攤集區","行業代號1":null,"名稱1":null,"行業代號2":null,"名稱2":null,"行業代號3":null,"名稱3":null,"category":"夜市/市場攤販","id":10062744,"pay_list":"","pay_tool":""},{"index":76,"shop":"中和南路攤集區-121-1","zone":"桃竹苗","city":"桃園市","area":"龜山區","market_address":"桃園市中和南路(中興路-新樂街路段)","user":"陳俊峰","行業代號":null,"market_name":"中和南路攤集區","行業代號1":null,"名稱1":null,"行業代號2":null,"名稱2":null,"行業代號3":null,"名稱3":null,"category":"夜市/市場攤販","id":10062745,"pay_list":"","pay_tool":""},{"index":77,"shop":"中和南路攤集區-121-2","zone":"桃竹苗","city":"桃園市","area":"龜山區","market_address":"桃園市中和南路(中興路-新樂街路段)","user":"邱嘉敏","行業代號":null,"market_name":"中和南路攤集區","行業代號1":null,"名稱1":null,"行業代號2":null,"名稱2":null,"行業代號3":null,"名稱3":null,"category":"夜市/市場攤販","id":10062746,"pay_list":"","pay_tool":""},{"index":78,"shop":"中和南路攤集區-121-3","zone":"桃竹苗","city":"桃園市","area":"龜山區","market_address":"桃園市中和南路(中興路-新樂街路段)","user":"呂素英","行業代號":null,"market_name":"中和南路攤集區","行業代號1":null,"名稱1":null,"行業代號2":null,"名稱2":null,"行業代號3":null,"名稱3":null,"category":"夜市/市場攤販","id":10062747,"pay_list":"","pay_tool":""},{"index":79,"shop":"中和南路攤集區-121-4","zone":"桃竹苗","city":"桃園市","area":"龜山區","market_address":"桃園市中和南路(中興路-新樂街路段)","user":"陳燕真","行業代號":null,"market_name":"中和南路攤集區","行業代號1":null,"名稱1":null,"行業代號2":null,"名稱2":null,"行業代號3":null,"名稱3":null,"category":"夜市/市場攤販","id":10062748,"pay_list":"","pay_tool":""},{"index":80,"shop":"中和南路攤集區-121","zone":"桃竹苗","city":"桃園市","area":"龜山區","market_address":"桃園市中和南路(中興路-新樂街路段)","user":"劉復平","行業代號":null,"market_name":"中和南路攤集區","行業代號1":null,"名稱1":null,"行業代號2":null,"名稱2":null,"行業代號3":null,"名稱3":null,"category":"夜市/市場攤販","id":10062749,"pay_list":"","pay_tool":""},{"index":81,"shop":"中和南路攤集區-121-5","zone":"桃竹苗","city":"桃園市","area":"龜山區","market_address":"桃園市中和南路(中興路-新樂街路段)","user":"呂美珠","行業代號":null,"market_name":"中和南路攤集區","行業代號1":null,"名稱1":null,"行業代號2":null,"名稱2":null,"行業代號3":null,"名稱3":null,"category":"夜市/市場攤販","id":10062750,"pay_list":"","pay_tool":""},{"index":82,"shop":"中和南路攤集區-122","zone":"桃竹苗","city":"桃園市","area":"龜山區","market_address":"桃園市中和南路(中興路-新樂街路段)","user":"林美玲","行業代號":null,"market_name":"中和南路攤集區","行業代號1":null,"名稱1":null,"行業代號2":null,"名稱2":null,"行業代號3":null,"名稱3":null,"category":"夜市/市場攤販","id":10062751,"pay_list":"","pay_tool":""},{"index":83,"shop":"中和南路攤集區-122-1","zone":"桃竹苗","city":"桃園市","area":"龜山區","market_address":"桃園市中和南路(中興路-新樂街路段)","user":"曾世廷","行業代號":null,"market_name":"中和南路攤集區","行業代號1":null,"名稱1":null,"行業代號2":null,"名稱2":null,"行業代號3":null,"名稱3":null,"category":"夜市/市場攤販","id":10062753,"pay_list":"","pay_tool":""},{"index":84,"shop":"中和南路攤集區-123","zone":"桃竹苗","city":"桃園市","area":"龜山區","market_address":"桃園市中和南路(中興路-新樂街路段)","user":"倪惠鳳","行業代號":null,"market_name":"中和南路攤集區","行業代號1":null,"名稱1":null,"行業代號2":null,"名稱2":null,"行業代號3":null,"名稱3":null,"category":"夜市/市場攤販","id":10062754,"pay_list":"","pay_tool":""},{"index":85,"shop":"中和南路攤集區-125","zone":"桃竹苗","city":"桃園市","area":"龜山區","market_address":"桃園市中和南路(中興路-新樂街路段)","user":"邱春土","行業代號":null,"market_name":"中和南路攤集區","行業代號1":null,"名稱1":null,"行業代號2":null,"名稱2":null,"行業代號3":null,"名稱3":null,"category":"夜市/市場攤販","id":10062755,"pay_list":"","pay_tool":""},{"index":86,"shop":"中和南路攤集區-127","zone":"桃竹苗","city":"桃園市","area":"龜山區","market_address":"桃園市中和南路(中興路-新樂街路段)","user":"林庭禾","行業代號":null,"market_name":"中和南路攤集區","行業代號1":null,"名稱1":null,"行業代號2":null,"名稱2":null,"行業代號3":null,"名稱3":null,"category":"夜市/市場攤販","id":10062756,"pay_list":"","pay_tool":""},{"index":87,"shop":"中和南路攤集區-128","zone":"桃竹苗","city":"桃園市","area":"龜山區","market_address":"桃園市中和南路(中興路-新樂街路段)","user":"郭秀鳳","行業代號":null,"market_name":"中和南路攤集區","行業代號1":null,"名稱1":null,"行業代號2":null,"名稱2":null,"行業代號3":null,"名稱3":null,"category":"夜市/市場攤販","id":10062757,"pay_list":"","pay_tool":""},{"index":88,"shop":"中和南路攤集區-129-1","zone":"桃竹苗","city":"桃園市","area":"龜山區","market_address":"桃園市中和南路(中興路-新樂街路段)","user":"林品岑","行業代號":null,"market_name":"中和南路攤集區","行業代號1":null,"名稱1":null,"行業代號2":null,"名稱2":null,"行業代號3":null,"名稱3":null,"category":"夜市/市場攤販","id":10062758,"pay_list":"","pay_tool":""},{"index":89,"shop":"中和南路攤集區-129","zone":"桃竹苗","city":"桃園市","area":"龜山區","market_address":"桃園市中和南路(中興路-新樂街路段)","user":"胡永勝","行業代號":null,"market_name":"中和南路攤集區","行業代號1":null,"名稱1":null,"行業代號2":null,"名稱2":null,"行業代號3":null,"名稱3":null,"category":"夜市/市場攤販","id":10062759,"pay_list":"","pay_tool":""},{"index":90,"shop":"中和南路攤集區-97","zone":"桃竹苗","city":"桃園市","area":"龜山區","market_address":"桃園市中和南路(中興路-新樂街路段)","user":"張黃淑枝","行業代號":null,"market_name":"中和南路攤集區","行業代號1":null,"名稱1":null,"行業代號2":null,"名稱2":null,"行業代號3":null,"名稱3":null,"category":"夜市/市場攤販","id":10062760,"pay_list":"","pay_tool":""},{"index":91,"shop":"中和南路攤集區-131","zone":"桃竹苗","city":"桃園市","area":"龜山區","market_address":"桃園市中和南路(中興路-新樂街路段)","user":"陳月燕","行業代號":null,"market_name":"中和南路攤集區","行業代號1":null,"名稱1":null,"行業代號2":null,"名稱2":null,"行業代號3":null,"名稱3":null,"category":"夜市/市場攤販","id":10062761,"pay_list":"","pay_tool":""},{"index":92,"shop":"中和南路攤集區-133","zone":"桃竹苗","city":"桃園市","area":"龜山區","market_address":"桃園市中和南路(中興路-新樂街路段)","user":"邢朝燕","行業代號":null,"market_name":"中和南路攤集區","行業代號1":null,"名稱1":null,"行業代號2":null,"名稱2":null,"行業代號3":null,"名稱3":null,"category":"夜市/市場攤販","id":10062762,"pay_list":"","pay_tool":""},{"index":93,"shop":"中和南路攤集區-135","zone":"桃竹苗","city":"桃園市","area":"龜山區","market_address":"桃園市中和南路(中興路-新樂街路段)","user":"許秀麗","行業代號":null,"market_name":"中和南路攤集區","行業代號1":null,"名稱1":null,"行業代號2":null,"名稱2":null,"行業代號3":null,"名稱3":null,"category":"夜市/市場攤販","id":10062764,"pay_list":"","pay_tool":""},{"index":94,"shop":"中和南路攤集區-135-1","zone":"桃竹苗","city":"桃園市","area":"龜山區","market_address":"桃園市中和南路(中興路-新樂街路段)","user":"高銘輝","行業代號":null,"market_name":"中和南路攤集區","行業代號1":null,"名稱1":null,"行業代號2":null,"名稱2":null,"行業代號3":null,"名稱3":null,"category":"夜市/市場攤販","id":10062765,"pay_list":["LINE PAY MONEY"],"pay_tool":["行動支付"]},{"index":95,"shop":"中和南路攤集區-136","zone":"桃竹苗","city":"桃園市","area":"龜山區","market_address":"桃園市中和南路(中興路-新樂街路段)","user":"潘秀義","行業代號":null,"market_name":"中和南路攤集區","行業代號1":null,"名稱1":null,"行業代號2":null,"名稱2":null,"行業代號3":null,"名稱3":null,"category":"夜市/市場攤販","id":10062766,"pay_list":"","pay_tool":""},{"index":96,"shop":"中和南路攤集區-137","zone":"桃竹苗","city":"桃園市","area":"龜山區","market_address":"桃園市中和南路(中興路-新樂街路段)","user":"黃美鳳","行業代號":null,"market_name":"中和南路攤集區","行業代號1":null,"名稱1":null,"行業代號2":null,"名稱2":null,"行業代號3":null,"名稱3":null,"category":"夜市/市場攤販","id":10062767,"pay_list":"","pay_tool":""},{"index":97,"shop":"中和南路攤集區-137-1","zone":"桃竹苗","city":"桃園市","area":"龜山區","market_address":"桃園市中和南路(中興路-新樂街路段)","user":"周庚鋌","行業代號":null,"market_name":"中和南路攤集區","行業代號1":null,"名稱1":null,"行業代號2":null,"名稱2":null,"行業代號3":null,"名稱3":null,"category":"夜市/市場攤販","id":10062768,"pay_list":"","pay_tool":""},{"index":98,"shop":"中和南路攤集區-137-2","zone":"桃竹苗","city":"桃園市","area":"龜山區","market_address":"桃園市中和南路(中興路-新樂街路段)","user":"周庚瑜","行業代號":null,"market_name":"中和南路攤集區","行業代號1":null,"名稱1":null,"行業代號2":null,"名稱2":null,"行業代號3":null,"名稱3":null,"category":"夜市/市場攤販","id":10062769,"pay_list":"","pay_tool":""},{"index":99,"shop":"中和南路攤集區-138","zone":"桃竹苗","city":"桃園市","area":"龜山區","market_address":"桃園市中和南路(中興路-新樂街路段)","user":"潘麒鈞","行業代號":null,"market_name":"中和南路攤集區","行業代號1":null,"名稱1":null,"行業代號2":null,"名稱2":null,"行業代號3":null,"名稱3":null,"category":"夜市/市場攤販","id":10062770,"pay_list":"","pay_tool":""},{"index":100,"shop":"中和南路攤集區-139","zone":"桃竹苗","city":"桃園市","area":"龜山區","market_address":"桃園市中和南路(中興路-新樂街路段)","user":"簡天和","行業代號":null,"market_name":"中和南路攤集區","行業代號1":null,"名稱1":null,"行業代號2":null,"名稱2":null,"行業代號3":null,"名稱3":null,"category":"夜市/市場攤販","id":10062771,"pay_list":"","pay_tool":""},{"index":101,"shop":"中和南路攤集區-140-1","zone":"桃竹苗","city":"桃園市","area":"龜山區","market_address":"桃園市中和南路(中興路-新樂街路段)","user":"楊淑惠","行業代號":null,"market_name":"中和南路攤集區","行業代號1":null,"名稱1":null,"行業代號2":null,"名稱2":null,"行業代號3":null,"名稱3":null,"category":"夜市/市場攤販","id":10062772,"pay_list":"","pay_tool":""},{"index":102,"shop":"中和南路攤集區-140-2","zone":"桃竹苗","city":"桃園市","area":"龜山區","market_address":"桃園市中和南路(中興路-新樂街路段)","user":"卓雅芬","行業代號":null,"market_name":"中和南路攤集區","行業代號1":null,"名稱1":null,"行業代號2":null,"名稱2":null,"行業代號3":null,"名稱3":null,"category":"夜市/市場攤販","id":10062773,"pay_list":"","pay_tool":""},{"index":103,"shop":"中和南路攤集區-140","zone":"桃竹苗","city":"桃園市","area":"龜山區","market_address":"桃園市中和南路(中興路-新樂街路段)","user":"施欣怡","行業代號":null,"market_name":"中和南路攤集區","行業代號1":null,"名稱1":null,"行業代號2":null,"名稱2":null,"行業代號3":null,"名稱3":null,"category":"夜市/市場攤販","id":10062776,"pay_list":"","pay_tool":""},{"index":104,"shop":"中和南路攤集區-141","zone":"桃竹苗","city":"桃園市","area":"龜山區","market_address":"桃園市中和南路(中興路-新樂街路段)","user":"呂家燁","行業代號":null,"market_name":"中和南路攤集區","行業代號1":null,"名稱1":null,"行業代號2":null,"名稱2":null,"行業代號3":null,"名稱3":null,"category":"夜市/市場攤販","id":10062777,"pay_list":"","pay_tool":""},{"index":105,"shop":"中和南路攤集區-141-1","zone":"桃竹苗","city":"桃園市","area":"龜山區","market_address":"桃園市中和南路(中興路-新樂街路段)","user":"呂瑞娥","行業代號":null,"market_name":"中和南路攤集區","行業代號1":null,"名稱1":null,"行業代號2":null,"名稱2":null,"行業代號3":null,"名稱3":null,"category":"夜市/市場攤販","id":10062778,"pay_list":"","pay_tool":""},{"index":106,"shop":"中和南路攤集區-144","zone":"桃竹苗","city":"桃園市","area":"龜山區","market_address":"桃園市中和南路(中興路-新樂街路段)","user":"黃玉霞","行業代號":null,"market_name":"中和南路攤集區","行業代號1":null,"名稱1":null,"行業代號2":null,"名稱2":null,"行業代號3":null,"名稱3":null,"category":"夜市/市場攤販","id":10062779,"pay_list":"","pay_tool":""},{"index":107,"shop":"中和南路攤集區-147","zone":"桃竹苗","city":"桃園市","area":"龜山區","market_address":"桃園市中和南路(中興路-新樂街路段)","user":"林金尖","行業代號":null,"market_name":"中和南路攤集區","行業代號1":null,"名稱1":null,"行業代號2":null,"名稱2":null,"行業代號3":null,"名稱3":null,"category":"夜市/市場攤販","id":10062780,"pay_list":"","pay_tool":""},{"index":108,"shop":"中和南路攤集區-151","zone":"桃竹苗","city":"桃園市","area":"龜山區","market_address":"桃園市中和南路(中興路-新樂街路段)","user":"吳秀華","行業代號":null,"market_name":"中和南路攤集區","行業代號1":null,"名稱1":null,"行業代號2":null,"名稱2":null,"行業代號3":null,"名稱3":null,"category":"夜市/市場攤販","id":10062781,"pay_list":"","pay_tool":""},{"index":109,"shop":"中和南路攤集區-152","zone":"桃竹苗","city":"桃園市","area":"龜山區","market_address":"桃園市中和南路(中興路-新樂街路段)","user":"詹壹竣","行業代號":null,"market_name":"中和南路攤集區","行業代號1":null,"名稱1":null,"行業代號2":null,"名稱2":null,"行業代號3":null,"名稱3":null,"category":"夜市/市場攤販","id":10062782,"pay_list":"","pay_tool":""},{"index":110,"shop":"中和南路攤集區-153","zone":"桃竹苗","city":"桃園市","area":"龜山區","market_address":"桃園市中和南路(中興路-新樂街路段)","user":"顏智威","行業代號":null,"market_name":"中和南路攤集區","行業代號1":null,"名稱1":null,"行業代號2":null,"名稱2":null,"行業代號3":null,"名稱3":null,"category":"夜市/市場攤販","id":10062783,"pay_list":["LINE PAY MONEY"],"pay_tool":["行動支付"]},{"index":111,"shop":"中和南路攤集區-1月-32","zone":"桃竹苗","city":"桃園市","area":"龜山區","market_address":"桃園市中和南路(中興路-新樂街路段)","user":"張?成","行業代號":null,"market_name":"中和南路攤集區","行業代號1":null,"名稱1":null,"行業代號2":null,"名稱2":null,"行業代號3":null,"名稱3":null,"category":"夜市/市場攤販","id":10062784,"pay_list":"","pay_tool":""},{"index":112,"shop":"中和南路攤集區-156","zone":"桃竹苗","city":"桃園市","area":"龜山區","market_address":"桃園市中和南路(中興路-新樂街路段)","user":"黃騰緯","行業代號":null,"market_name":"中和南路攤集區","行業代號1":null,"名稱1":null,"行業代號2":null,"名稱2":null,"行業代號3":null,"名稱3":null,"category":"夜市/市場攤販","id":10062785,"pay_list":"","pay_tool":""},{"index":113,"shop":"中和南路攤集區-156-1","zone":"桃竹苗","city":"桃園市","area":"龜山區","market_address":"桃園市中和南路(中興路-新樂街路段)","user":"呂秀春","行業代號":null,"market_name":"中和南路攤集區","行業代號1":null,"名稱1":null,"行業代號2":null,"名稱2":null,"行業代號3":null,"名稱3":null,"category":"夜市/市場攤販","id":10062787,"pay_list":"","pay_tool":""},{"index":114,"shop":"中和南路攤集區-157","zone":"桃竹苗","city":"桃園市","area":"龜山區","market_address":"桃園市中和南路(中興路-新樂街路段)","user":"彭德林","行業代號":null,"market_name":"中和南路攤集區","行業代號1":null,"名稱1":null,"行業代號2":null,"名稱2":null,"行業代號3":null,"名稱3":null,"category":"夜市/市場攤販","id":10062788,"pay_list":"","pay_tool":""},{"index":115,"shop":"中和南路攤集區-158","zone":"桃竹苗","city":"桃園市","area":"龜山區","market_address":"桃園市中和南路(中興路-新樂街路段)","user":"游丁豪","行業代號":null,"market_name":"中和南路攤集區","行業代號1":null,"名稱1":null,"行業代號2":null,"名稱2":null,"行業代號3":null,"名稱3":null,"category":"夜市/市場攤販","id":10062789,"pay_list":"","pay_tool":""},{"index":116,"shop":"中和南路攤集區-159","zone":"桃竹苗","city":"桃園市","area":"龜山區","market_address":"桃園市中和南路(中興路-新樂街路段)","user":"沈家裕","行業代號":null,"market_name":"中和南路攤集區","行業代號1":null,"名稱1":null,"行業代號2":null,"名稱2":null,"行業代號3":null,"名稱3":null,"category":"夜市/市場攤販","id":10062790,"pay_list":"","pay_tool":""},{"index":117,"shop":"中和南路攤集區-159-1","zone":"桃竹苗","city":"桃園市","area":"龜山區","market_address":"桃園市中和南路(中興路-新樂街路段)","user":"姚進發","行業代號":null,"market_name":"中和南路攤集區","行業代號1":null,"名稱1":null,"行業代號2":null,"名稱2":null,"行業代號3":null,"名稱3":null,"category":"夜市/市場攤販","id":10062791,"pay_list":"","pay_tool":""},{"index":118,"shop":"中和南路攤集區-160","zone":"桃竹苗","city":"桃園市","area":"龜山區","market_address":"桃園市中和南路(中興路-新樂街路段)","user":"吳正?","行業代號":null,"market_name":"中和南路攤集區","行業代號1":null,"名稱1":null,"行業代號2":null,"名稱2":null,"行業代號3":null,"名稱3":null,"category":"夜市/市場攤販","id":10062792,"pay_list":"","pay_tool":""},{"index":119,"shop":"中和南路攤集區-160-1","zone":"桃竹苗","city":"桃園市","area":"龜山區","market_address":"桃園市中和南路(中興路-新樂街路段)","user":"林文正","行業代號":null,"market_name":"中和南路攤集區","行業代號1":null,"名稱1":null,"行業代號2":null,"名稱2":null,"行業代號3":null,"名稱3":null,"category":"夜市/市場攤販","id":10062793,"pay_list":"","pay_tool":""},{"index":120,"shop":"中和南路攤集區-160-2","zone":"桃竹苗","city":"桃園市","area":"龜山區","market_address":"桃園市中和南路(中興路-新樂街路段)","user":"林何碧霞","行業代號":null,"market_name":"中和南路攤集區","行業代號1":null,"名稱1":null,"行業代號2":null,"名稱2":null,"行業代號3":null,"名稱3":null,"category":"夜市/市場攤販","id":10062794,"pay_list":"","pay_tool":""},{"index":121,"shop":"中和南路攤集區-161-3","zone":"桃竹苗","city":"桃園市","area":"龜山區","market_address":"桃園市中和南路(中興路-新樂街路段)","user":"湯憲青","行業代號":null,"market_name":"中和南路攤集區","行業代號1":null,"名稱1":null,"行業代號2":null,"名稱2":null,"行業代號3":null,"名稱3":null,"category":"夜市/市場攤販","id":10062795,"pay_list":"","pay_tool":""},{"index":122,"shop":"中和南路攤集區-161","zone":"桃竹苗","city":"桃園市","area":"龜山區","market_address":"桃園市中和南路(中興路-新樂街路段)","user":"楊于陞","行業代號":null,"market_name":"中和南路攤集區","行業代號1":null,"名稱1":null,"行業代號2":null,"名稱2":null,"行業代號3":null,"名稱3":null,"category":"夜市/市場攤販","id":10062796,"pay_list":"","pay_tool":""},{"index":123,"shop":"中和南路攤集區-161-1","zone":"桃竹苗","city":"桃園市","area":"龜山區","market_address":"桃園市中和南路(中興路-新樂街路段)","user":"林立凡","行業代號":null,"market_name":"中和南路攤集區","行業代號1":null,"名稱1":null,"行業代號2":null,"名稱2":null,"行業代號3":null,"名稱3":null,"category":"夜市/市場攤販","id":10062798,"pay_list":"","pay_tool":""},{"index":124,"shop":"中和南路攤集區-162","zone":"桃竹苗","city":"桃園市","area":"龜山區","market_address":"桃園市中和南路(中興路-新樂街路段)","user":"湯憲帆","行業代號":null,"market_name":"中和南路攤集區","行業代號1":null,"名稱1":null,"行業代號2":null,"名稱2":null,"行業代號3":null,"名稱3":null,"category":"夜市/市場攤販","id":10062799,"pay_list":"","pay_tool":""},{"index":125,"shop":"中和南路攤集區-164","zone":"桃竹苗","city":"桃園市","area":"龜山區","market_address":"桃園市中和南路(中興路-新樂街路段)","user":"阮豔貞","行業代號":null,"market_name":"中和南路攤集區","行業代號1":null,"名稱1":null,"行業代號2":null,"名稱2":null,"行業代號3":null,"名稱3":null,"category":"夜市/市場攤販","id":10062800,"pay_list":"","pay_tool":""},{"index":126,"shop":"中和南路攤集區-165","zone":"桃竹苗","city":"桃園市","area":"龜山區","market_address":"桃園市中和南路(中興路-新樂街路段)","user":"林書豪","行業代號":null,"market_name":"中和南路攤集區","行業代號1":null,"名稱1":null,"行業代號2":null,"名稱2":null,"行業代號3":null,"名稱3":null,"category":"夜市/市場攤販","id":10062801,"pay_list":"","pay_tool":""},{"index":127,"shop":"中和南路攤集區-165-1","zone":"桃竹苗","city":"桃園市","area":"龜山區","market_address":"桃園市中和南路(中興路-新樂街路段)","user":"吳氏進","行業代號":null,"market_name":"中和南路攤集區","行業代號1":null,"名稱1":null,"行業代號2":null,"名稱2":null,"行業代號3":null,"名稱3":null,"category":"夜市/市場攤販","id":10062802,"pay_list":"","pay_tool":""},{"index":128,"shop":"中和南路攤集區-172","zone":"桃竹苗","city":"桃園市","area":"龜山區","market_address":"桃園市中和南路(中興路-新樂街路段)","user":"曾世狄","行業代號":null,"market_name":"中和南路攤集區","行業代號1":null,"名稱1":null,"行業代號2":null,"名稱2":null,"行業代號3":null,"名稱3":null,"category":"夜市/市場攤販","id":10062803,"pay_list":"","pay_tool":""},{"index":129,"shop":"中和南路攤集區-179左","zone":"桃竹苗","city":"桃園市","area":"龜山區","market_address":"桃園市中和南路(中興路-新樂街路段)","user":"張佳惠","行業代號":null,"market_name":"中和南路攤集區","行業代號1":null,"名稱1":null,"行業代號2":null,"名稱2":null,"行業代號3":null,"名稱3":null,"category":"夜市/市場攤販","id":10062804,"pay_list":"","pay_tool":""},{"index":130,"shop":"中和南路攤集區-173-1","zone":"桃竹苗","city":"桃園市","area":"龜山區","market_address":"桃園市中和南路(中興路-新樂街路段)","user":"蔡鴻儒","行業代號":null,"market_name":"中和南路攤集區","行業代號1":null,"名稱1":null,"行業代號2":null,"名稱2":null,"行業代號3":null,"名稱3":null,"category":"夜市/市場攤販","id":10062805,"pay_list":"","pay_tool":""},{"index":131,"shop":"中和南路攤集區-175","zone":"桃竹苗","city":"桃園市","area":"龜山區","market_address":"桃園市中和南路(中興路-新樂街路段)","user":"劉其憲","行業代號":null,"market_name":"中和南路攤集區","行業代號1":null,"名稱1":null,"行業代號2":null,"名稱2":null,"行業代號3":null,"名稱3":null,"category":"夜市/市場攤販","id":10062806,"pay_list":"","pay_tool":""},{"index":132,"shop":"中和南路攤集區-175-1","zone":"桃竹苗","city":"桃園市","area":"龜山區","market_address":"桃園市中和南路(中興路-新樂街路段)","user":"陳聖華","行業代號":null,"market_name":"中和南路攤集區","行業代號1":null,"名稱1":null,"行業代號2":null,"名稱2":null,"行業代號3":null,"名稱3":null,"category":"夜市/市場攤販","id":10062807,"pay_list":"","pay_tool":""},{"index":133,"shop":"中和南路攤集區-176","zone":"桃竹苗","city":"桃園市","area":"龜山區","market_address":"桃園市中和南路(中興路-新樂街路段)","user":"呂月華","行業代號":null,"market_name":"中和南路攤集區","行業代號1":null,"名稱1":null,"行業代號2":null,"名稱2":null,"行業代號3":null,"名稱3":null,"category":"夜市/市場攤販","id":10062809,"pay_list":"","pay_tool":""},{"index":134,"shop":"中和南路攤集區-178","zone":"桃竹苗","city":"桃園市","area":"龜山區","market_address":"桃園市中和南路(中興路-新樂街路段)","user":"林主立","行業代號":null,"market_name":"中和南路攤集區","行業代號1":null,"名稱1":null,"行業代號2":null,"名稱2":null,"行業代號3":null,"名稱3":null,"category":"夜市/市場攤販","id":10062810,"pay_list":"","pay_tool":""},{"index":135,"shop":"中和南路攤集區-184","zone":"桃竹苗","city":"桃園市","area":"龜山區","market_address":"桃園市中和南路(中興路-新樂街路段)","user":"阮美緣","行業代號":null,"market_name":"中和南路攤集區","行業代號1":null,"名稱1":null,"行業代號2":null,"名稱2":null,"行業代號3":null,"名稱3":null,"category":"夜市/市場攤販","id":10062811,"pay_list":"","pay_tool":""},{"index":136,"shop":"中和南路攤集區-201","zone":"桃竹苗","city":"桃園市","area":"龜山區","market_address":"桃園市中和南路(中興路-新樂街路段)","user":"徐正豐","行業代號":null,"market_name":"中和南路攤集區","行業代號1":null,"名稱1":null,"行業代號2":null,"名稱2":null,"行業代號3":null,"名稱3":null,"category":"夜市/市場攤販","id":10062812,"pay_list":"","pay_tool":""},{"index":137,"shop":"中和南路攤集區-202","zone":"桃竹苗","city":"桃園市","area":"龜山區","market_address":"桃園市中和南路(中興路-新樂街路段)","user":"林金葮","行業代號":null,"market_name":"中和南路攤集區","行業代號1":null,"名稱1":null,"行業代號2":null,"名稱2":null,"行業代號3":null,"名稱3":null,"category":"夜市/市場攤販","id":10062813,"pay_list":"","pay_tool":""},{"index":138,"shop":"中和南路攤集區-203","zone":"桃竹苗","city":"桃園市","area":"龜山區","market_address":"桃園市中和南路(中興路-新樂街路段)","user":"李煌達","行業代號":null,"market_name":"中和南路攤集區","行業代號1":null,"名稱1":null,"行業代號2":null,"名稱2":null,"行業代號3":null,"名稱3":null,"category":"夜市/市場攤販","id":10062814,"pay_list":"","pay_tool":""},{"index":139,"shop":"中和南路攤集區-204","zone":"桃竹苗","city":"桃園市","area":"龜山區","market_address":"桃園市中和南路(中興路-新樂街路段)","user":"陳秀燕","行業代號":null,"market_name":"中和南路攤集區","行業代號1":null,"名稱1":null,"行業代號2":null,"名稱2":null,"行業代號3":null,"名稱3":null,"category":"夜市/市場攤販","id":10062815,"pay_list":"","pay_tool":""},{"index":140,"shop":"中和南路攤集區-205","zone":"桃竹苗","city":"桃園市","area":"龜山區","market_address":"桃園市中和南路(中興路-新樂街路段)","user":"曾盛榮","行業代號":null,"market_name":"中和南路攤集區","行業代號1":null,"名稱1":null,"行業代號2":null,"名稱2":null,"行業代號3":null,"名稱3":null,"category":"夜市/市場攤販","id":10062816,"pay_list":"","pay_tool":""},{"index":141,"shop":"中和南路攤集區-206","zone":"桃竹苗","city":"桃園市","area":"龜山區","market_address":"桃園市中和南路(中興路-新樂街路段)","user":"陳志偉","行業代號":null,"market_name":"中和南路攤集區","行業代號1":null,"名稱1":null,"行業代號2":null,"名稱2":null,"行業代號3":null,"名稱3":null,"category":"夜市/市場攤販","id":10062817,"pay_list":"","pay_tool":""},{"index":142,"shop":"中和南路攤集區-207","zone":"桃竹苗","city":"桃園市","area":"龜山區","market_address":"桃園市中和南路(中興路-新樂街路段)","user":"鄭智陽","行業代號":null,"market_name":"中和南路攤集區","行業代號1":null,"名稱1":null,"行業代號2":null,"名稱2":null,"行業代號3":null,"名稱3":null,"category":"夜市/市場攤販","id":10062818,"pay_list":"","pay_tool":""},{"index":143,"shop":"中和南路攤集區-208","zone":"桃竹苗","city":"桃園市","area":"龜山區","market_address":"桃園市中和南路(中興路-新樂街路段)","user":"湯淳翊","行業代號":null,"market_name":"中和南路攤集區","行業代號1":null,"名稱1":null,"行業代號2":null,"名稱2":null,"行業代號3":null,"名稱3":null,"category":"夜市/市場攤販","id":10062820,"pay_list":"","pay_tool":""},{"index":144,"shop":"中和南路攤集區-209","zone":"桃竹苗","city":"桃園市","area":"龜山區","market_address":"桃園市中和南路(中興路-新樂街路段)","user":"吳松山","行業代號":null,"market_name":"中和南路攤集區","行業代號1":null,"名稱1":null,"行業代號2":null,"名稱2":null,"行業代號3":null,"名稱3":null,"category":"夜市/市場攤販","id":10062821,"pay_list":"","pay_tool":""},{"index":145,"shop":"中和南路攤集區-108左","zone":"桃竹苗","city":"桃園市","area":"龜山區","market_address":"桃園市中和南路(中興路-新樂街路段)","user":"黃崇維","行業代號":null,"market_name":"中和南路攤集區","行業代號1":null,"名稱1":null,"行業代號2":null,"名稱2":null,"行業代號3":null,"名稱3":null,"category":"夜市/市場攤販","id":10062822,"pay_list":"","pay_tool":""},{"index":146,"shop":"中和南路攤集區-116-2","zone":"桃竹苗","city":"桃園市","area":"龜山區","market_address":"桃園市中和南路(中興路-新樂街路段)","user":"陳品儒","行業代號":null,"market_name":"中和南路攤集區","行業代號1":null,"名稱1":null,"行業代號2":null,"名稱2":null,"行業代號3":null,"名稱3":null,"category":"夜市/市場攤販","id":10062823,"pay_list":"","pay_tool":""},{"index":147,"shop":"中和南路攤集區-147右","zone":"桃竹苗","city":"桃園市","area":"龜山區","market_address":"桃園市中和南路(中興路-新樂街路段)","user":"施宇勝","行業代號":null,"market_name":"中和南路攤集區","行業代號1":null,"名稱1":null,"行業代號2":null,"名稱2":null,"行業代號3":null,"名稱3":null,"category":"夜市/市場攤販","id":10062824,"pay_list":"","pay_tool":""},{"index":148,"shop":"中和南路攤集區-147左","zone":"桃竹苗","city":"桃園市","area":"龜山區","market_address":"桃園市中和南路(中興路-新樂街路段)","user":"羅秀玉","行業代號":null,"market_name":"中和南路攤集區","行業代號1":null,"名稱1":null,"行業代號2":null,"名稱2":null,"行業代號3":null,"名稱3":null,"category":"夜市/市場攤販","id":10062825,"pay_list":"","pay_tool":""},{"index":149,"shop":"中和南路攤集區-149右","zone":"桃竹苗","city":"桃園市","area":"龜山區","market_address":"桃園市中和南路(中興路-新樂街路段)","user":"郭金英","行業代號":null,"market_name":"中和南路攤集區","行業代號1":null,"名稱1":null,"行業代號2":null,"名稱2":null,"行業代號3":null,"名稱3":null,"category":"夜市/市場攤販","id":10062826,"pay_list":"","pay_tool":""},{"index":150,"shop":"中和南路攤集區-150左","zone":"桃竹苗","city":"桃園市","area":"龜山區","market_address":"桃園市中和南路(中興路-新樂街路段)","user":"袁淑華","行業代號":null,"market_name":"中和南路攤集區","行業代號1":null,"名稱1":null,"行業代號2":null,"名稱2":null,"行業代號3":null,"名稱3":null,"category":"夜市/市場攤販","id":10062827,"pay_list":"","pay_tool":""},{"index":151,"shop":"中和南路攤集區-154-1","zone":"桃竹苗","city":"桃園市","area":"龜山區","market_address":"桃園市中和南路(中興路-新樂街路段)","user":"席思霞","行業代號":null,"market_name":"中和南路攤集區","行業代號1":null,"名稱1":null,"行業代號2":null,"名稱2":null,"行業代號3":null,"名稱3":null,"category":"夜市/市場攤販","id":10062828,"pay_list":"","pay_tool":""},{"index":152,"shop":"中和南路攤集區-1月15日","zone":"桃竹苗","city":"桃園市","area":"龜山區","market_address":"桃園市中和南路(中興路-新樂街路段)","user":"張凱傑","行業代號":null,"market_name":"中和南路攤集區","行業代號1":null,"名稱1":null,"行業代號2":null,"名稱2":null,"行業代號3":null,"名稱3":null,"category":"夜市/市場攤販","id":10062829,"pay_list":"","pay_tool":""},{"index":153,"shop":"中和南路攤集區-109-1","zone":"桃竹苗","city":"桃園市","area":"龜山區","market_address":"桃園市中和南路(中興路-新樂街路段)","user":"張宜均","行業代號":null,"market_name":"中和南路攤集區","行業代號1":null,"名稱1":null,"行業代號2":null,"名稱2":null,"行業代號3":null,"名稱3":null,"category":"夜市/市場攤販","id":10062831,"pay_list":"","pay_tool":""},{"index":154,"shop":"中和南路攤集區-2月24日","zone":"桃竹苗","city":"桃園市","area":"龜山區","market_address":"桃園市中和南路(中興路-新樂街路段)","user":"夏于涵","行業代號":null,"market_name":"中和南路攤集區","行業代號1":null,"名稱1":null,"行業代號2":null,"名稱2":null,"行業代號3":null,"名稱3":null,"category":"夜市/市場攤販","id":10062832,"pay_list":"","pay_tool":""},{"index":155,"shop":"興達黃昏市場-港式鮮肉包","zone":"桃竹苗","city":"桃園市","area":"龜山區","market_address":"桃園市龜山區南祥路27號","user":"蕭雅鯉","行業代號":null,"market_name":"興達黃昏市場","行業代號1":null,"名稱1":null,"行業代號2":null,"名稱2":null,"行業代號3":null,"名稱3":null,"category":"夜市/市場攤販","id":10062833,"pay_list":"","pay_tool":""},{"index":156,"shop":"興達黃昏市場-生牛肉片","zone":"桃竹苗","city":"桃園市","area":"龜山區","market_address":"桃園市龜山區南祥路27號","user":"詹明達","行業代號":null,"market_name":"興達黃昏市場","行業代號1":null,"名稱1":null,"行業代號2":null,"名稱2":null,"行業代號3":null,"名稱3":null,"category":"夜市/市場攤販","id":10062834,"pay_list":"","pay_tool":""},{"index":157,"shop":"興達黃昏市場-豬小妹","zone":"桃竹苗","city":"桃園市","area":"龜山區","market_address":"桃園市龜山區南祥路27號","user":"馮筠紋","行業代號":null,"market_name":"興達黃昏市場","行業代號1":null,"名稱1":null,"行業代號2":null,"名稱2":null,"行業代號3":null,"名稱3":null,"category":"夜市/市場攤販","id":10062835,"pay_list":"","pay_tool":""},{"index":158,"shop":"興達黃昏市場-台東脫線雞","zone":"桃竹苗","city":"桃園市","area":"龜山區","market_address":"桃園市龜山區南祥路27號","user":"潘慶華","行業代號":null,"market_name":"興達黃昏市場","行業代號1":null,"名稱1":null,"行業代號2":null,"名稱2":null,"行業代號3":null,"名稱3":null,"category":"夜市/市場攤販","id":10062836,"pay_list":"","pay_tool":""},{"index":159,"shop":"興達黃昏市場-風炸雞","zone":"桃竹苗","city":"桃園市","area":"龜山區","market_address":"桃園市龜山區南祥路27號","user":"周雪婷","行業代號":null,"market_name":"興達黃昏市場","行業代號1":null,"名稱1":null,"行業代號2":null,"名稱2":null,"行業代號3":null,"名稱3":null,"category":"夜市/市場攤販","id":10062837,"pay_list":"","pay_tool":""},{"index":160,"shop":"興達黃昏市場-地瓜球","zone":"桃竹苗","city":"桃園市","area":"龜山區","market_address":"桃園市龜山區南祥路27號","user":"徐志雄","行業代號":null,"market_name":"興達黃昏市場","行業代號1":null,"名稱1":null,"行業代號2":null,"名稱2":null,"行業代號3":null,"名稱3":null,"category":"夜市/市場攤販","id":10062838,"pay_list":"","pay_tool":""},{"index":161,"shop":"興達黃昏市場-生水餃","zone":"桃竹苗","city":"桃園市","area":"龜山區","market_address":"桃園市龜山區南祥路27號","user":"吳明月","行業代號":null,"market_name":"興達黃昏市場","行業代號1":null,"名稱1":null,"行業代號2":null,"名稱2":null,"行業代號3":null,"名稱3":null,"category":"夜市/市場攤販","id":10062839,"pay_list":"","pay_tool":""},{"index":162,"shop":"興達黃昏市場-蔥霸王","zone":"桃竹苗","city":"桃園市","area":"龜山區","market_address":"桃園市龜山區南祥路27號","user":"張智翔","行業代號":null,"market_name":"興達黃昏市場","行業代號1":null,"名稱1":null,"行業代號2":null,"名稱2":null,"行業代號3":null,"名稱3":null,"category":"夜市/市場攤販","id":10062840,"pay_list":"","pay_tool":""},{"index":163,"shop":"興達黃昏市場-現烤麵包","zone":"桃竹苗","city":"桃園市","area":"龜山區","market_address":"桃園市龜山區南祥路27號","user":"林秀娟","行業代號":null,"market_name":"興達黃昏市場","行業代號1":null,"名稱1":null,"行業代號2":null,"名稱2":null,"行業代號3":null,"名稱3":null,"category":"夜市/市場攤販","id":10062842,"pay_list":"","pay_tool":""},{"index":164,"shop":"興達黃昏市場-新鮮魚類","zone":"桃竹苗","city":"桃園市","area":"龜山區","market_address":"桃園市龜山區南祥路27號","user":"黃淑珍","行業代號":null,"market_name":"興達黃昏市場","行業代號1":null,"名稱1":null,"行業代號2":null,"名稱2":null,"行業代號3":null,"名稱3":null,"category":"夜市/市場攤販","id":10062843,"pay_list":"","pay_tool":""},{"index":165,"shop":"興達黃昏市場-松毅畜牧場","zone":"桃竹苗","city":"桃園市","area":"龜山區","market_address":"桃園市龜山區南祥路27號","user":"陳美娟","行業代號":null,"market_name":"興達黃昏市場","行業代號1":null,"名稱1":null,"行業代號2":null,"名稱2":null,"行業代號3":null,"名稱3":null,"category":"夜市/市場攤販","id":10062844,"pay_list":"","pay_tool":""},{"index":166,"shop":"興達黃昏市場-蔥油雞","zone":"桃竹苗","city":"桃園市","area":"龜山區","market_address":"桃園市龜山區南祥路27號","user":"洪次雄","行業代號":null,"market_name":"興達黃昏市場","行業代號1":null,"名稱1":null,"行業代號2":null,"名稱2":null,"行業代號3":null,"名稱3":null,"category":"夜市/市場攤販","id":10062845,"pay_list":"","pay_tool":""},{"index":167,"shop":"興達黃昏市場-羊肉爐","zone":"桃竹苗","city":"桃園市","area":"龜山區","market_address":"桃園市龜山區南祥路27號","user":"林金福","行業代號":null,"market_name":"興達黃昏市場","行業代號1":null,"名稱1":null,"行業代號2":null,"名稱2":null,"行業代號3":null,"名稱3":null,"category":"夜市/市場攤販","id":10062846,"pay_list":"","pay_tool":""},{"index":168,"shop":"興達黃昏市場-黑傑克麵包","zone":"桃竹苗","city":"桃園市","area":"龜山區","market_address":"桃園市龜山區南祥路27號","user":"莊明曜","行業代號":null,"market_name":"興達黃昏市場","行業代號1":null,"名稱1":null,"行業代號2":null,"名稱2":null,"行業代號3":null,"名稱3":null,"category":"夜市/市場攤販","id":10062847,"pay_list":"","pay_tool":""},{"index":169,"shop":"興達黃昏市場-好了啦","zone":"桃竹苗","city":"桃園市","area":"龜山區","market_address":"桃園市龜山區南祥路27號","user":"陳先生","行業代號":null,"market_name":"興達黃昏市場","行業代號1":null,"名稱1":null,"行業代號2":null,"名稱2":null,"行業代號3":null,"名稱3":null,"category":"夜市/市場攤販","id":10062848,"pay_list":"","pay_tool":""},{"index":170,"shop":"興達黃昏市場-泰式料理","zone":"桃竹苗","city":"桃園市","area":"龜山區","market_address":"桃園市龜山區南祥路27號","user":"楊小螢","行業代號":null,"market_name":"興達黃昏市場","行業代號1":null,"名稱1":null,"行業代號2":null,"名稱2":null,"行業代號3":null,"名稱3":null,"category":"夜市/市場攤販","id":10062849,"pay_list":"","pay_tool":""},{"index":171,"shop":"興達黃昏市場-興隆雞行","zone":"桃竹苗","city":"桃園市","area":"龜山區","market_address":"桃園市龜山區南祥路27號","user":"林達山","行業代號":null,"market_name":"興達黃昏市場","行業代號1":null,"名稱1":null,"行業代號2":null,"名稱2":null,"行業代號3":null,"名稱3":null,"category":"夜市/市場攤販","id":10062850,"pay_list":"","pay_tool":""},{"index":172,"shop":"興達黃昏市場-好家香肉鬆","zone":"桃竹苗","city":"桃園市","area":"龜山區","market_address":"桃園市龜山區南祥路27號","user":"蘇文資","行業代號":null,"market_name":"興達黃昏市場","行業代號1":null,"名稱1":null,"行業代號2":null,"名稱2":null,"行業代號3":null,"名稱3":null,"category":"夜市/市場攤販","id":10062851,"pay_list":"","pay_tool":""},{"index":173,"shop":"興達黃昏市場-正宗黑豬肉","zone":"桃竹苗","city":"桃園市","area":"龜山區","market_address":"桃園市龜山區南祥路27號","user":"王富傑","行業代號":null,"market_name":"興達黃昏市場","行業代號1":null,"名稱1":null,"行業代號2":null,"名稱2":null,"行業代號3":null,"名稱3":null,"category":"夜市/市場攤販","id":10062853,"pay_list":"","pay_tool":""},{"index":174,"shop":"興達黃昏市場-水果行","zone":"桃竹苗","city":"桃園市","area":"龜山區","market_address":"桃園市龜山區南祥路27號","user":"蔡宏展","行業代號":null,"market_name":"興達黃昏市場","行業代號1":null,"名稱1":null,"行業代號2":null,"名稱2":null,"行業代號3":null,"名稱3":null,"category":"夜市/市場攤販","id":10062854,"pay_list":"","pay_tool":""},{"index":175,"shop":"興達黃昏市場-響水餃","zone":"桃竹苗","city":"桃園市","area":"龜山區","market_address":"桃園市龜山區南祥路27號","user":"陳建源","行業代號":null,"market_name":"興達黃昏市場","行業代號1":null,"名稱1":null,"行業代號2":null,"名稱2":null,"行業代號3":null,"名稱3":null,"category":"夜市/市場攤販","id":10062855,"pay_list":"","pay_tool":""},{"index":176,"shop":"興達黃昏市場-千千魯味","zone":"桃竹苗","city":"桃園市","area":"龜山區","market_address":"桃園市龜山區南祥路27號","user":"鐘秀微","行業代號":null,"market_name":"興達黃昏市場","行業代號1":null,"名稱1":null,"行業代號2":null,"名稱2":null,"行業代號3":null,"名稱3":null,"category":"夜市/市場攤販","id":10062856,"pay_list":"","pay_tool":""},{"index":177,"shop":"興達黃昏市場-魯味攤","zone":"桃竹苗","city":"桃園市","area":"龜山區","market_address":"桃園市龜山區南祥路27號","user":"林金英","行業代號":null,"market_name":"興達黃昏市場","行業代號1":null,"名稱1":null,"行業代號2":null,"名稱2":null,"行業代號3":null,"名稱3":null,"category":"夜市/市場攤販","id":10062857,"pay_list":"","pay_tool":""},{"index":178,"shop":"興達黃昏市場-手工包子","zone":"桃竹苗","city":"桃園市","area":"龜山區","market_address":"桃園市龜山區南祥路27號","user":"陳世華","行業代號":null,"market_name":"興達黃昏市場","行業代號1":null,"名稱1":null,"行業代號2":null,"名稱2":null,"行業代號3":null,"名稱3":null,"category":"夜市/市場攤販","id":10062858,"pay_list":"","pay_tool":""},{"index":179,"shop":"興達黃昏市場-阿華魚行","zone":"桃竹苗","city":"桃園市","area":"龜山區","market_address":"桃園市龜山區南祥路27號","user":"邱明華","行業代號":null,"market_name":"興達黃昏市場","行業代號1":null,"名稱1":null,"行業代號2":null,"名稱2":null,"行業代號3":null,"名稱3":null,"category":"夜市/市場攤販","id":10062859,"pay_list":"","pay_tool":""},{"index":180,"shop":"興達黃昏市場-米干","zone":"桃竹苗","city":"桃園市","area":"龜山區","market_address":"桃園市龜山區南祥路27號","user":"彭志貞","行業代號":null,"market_name":"興達黃昏市場","行業代號1":null,"名稱1":null,"行業代號2":null,"名稱2":null,"行業代號3":null,"名稱3":null,"category":"夜市/市場攤販","id":10062860,"pay_list":"","pay_tool":""},{"index":181,"shop":"興達黃昏市場-老郭現烤","zone":"桃竹苗","city":"桃園市","area":"龜山區","market_address":"桃園市龜山區南祥路27號","user":"田樹斌","行業代號":null,"market_name":"興達黃昏市場","行業代號1":null,"名稱1":null,"行業代號2":null,"名稱2":null,"行業代號3":null,"名稱3":null,"category":"夜市/市場攤販","id":10062861,"pay_list":"","pay_tool":""},{"index":182,"shop":"興達黃昏市場-溫體牛肉片","zone":"桃竹苗","city":"桃園市","area":"龜山區","market_address":"桃園市龜山區南祥路27號","user":"張嘉富","行業代號":null,"market_name":"興達黃昏市場","行業代號1":null,"名稱1":null,"行業代號2":null,"名稱2":null,"行業代號3":null,"名稱3":null,"category":"夜市/市場攤販","id":10062862,"pay_list":"","pay_tool":""},{"index":183,"shop":"興達黃昏市場-香香甘庶雞","zone":"桃竹苗","city":"桃園市","area":"龜山區","market_address":"桃園市龜山區南祥路27號","user":"陳祐廷","行業代號":null,"market_name":"興達黃昏市場","行業代號1":null,"名稱1":null,"行業代號2":null,"名稱2":null,"行業代號3":null,"名稱3":null,"category":"夜市/市場攤販","id":10062864,"pay_list":"","pay_tool":""},{"index":184,"shop":"興達黃昏市場-烤鴨","zone":"桃竹苗","city":"桃園市","area":"龜山區","market_address":"桃園市龜山區南祥路27號","user":"連敏雄","行業代號":null,"market_name":"興達黃昏市場","行業代號1":null,"名稱1":null,"行業代號2":null,"名稱2":null,"行業代號3":null,"名稱3":null,"category":"夜市/市場攤販","id":10062865,"pay_list":"","pay_tool":""},{"index":185,"shop":"興達黃昏市場-我要吃雞肉","zone":"桃竹苗","city":"桃園市","area":"龜山區","market_address":"桃園市龜山區南祥路27號","user":"何媚","行業代號":null,"market_name":"興達黃昏市場","行業代號1":null,"名稱1":null,"行業代號2":null,"名稱2":null,"行業代號3":null,"名稱3":null,"category":"夜市/市場攤販","id":10062866,"pay_list":"","pay_tool":""},{"index":186,"shop":"興達黃昏市場-洪林食品","zone":"桃竹苗","city":"桃園市","area":"龜山區","market_address":"桃園市龜山區南祥路27號","user":"林秀玲","行業代號":null,"market_name":"興達黃昏市場","行業代號1":null,"名稱1":null,"行業代號2":null,"名稱2":null,"行業代號3":null,"名稱3":null,"category":"夜市/市場攤販","id":10062867,"pay_list":"","pay_tool":""},{"index":187,"shop":"興達黃昏市場-蛤蜊生鮮","zone":"桃竹苗","city":"桃園市","area":"龜山區","market_address":"桃園市龜山區南祥路27號","user":"潘得利","行業代號":null,"market_name":"興達黃昏市場","行業代號1":null,"名稱1":null,"行業代號2":null,"名稱2":null,"行業代號3":null,"名稱3":null,"category":"夜市/市場攤販","id":10062868,"pay_list":"","pay_tool":""},{"index":188,"shop":"興達黃昏市場-仲宏食品","zone":"桃竹苗","city":"桃園市","area":"龜山區","market_address":"桃園市龜山區南祥路27號","user":"蔡鴻銘","行業代號":null,"market_name":"興達黃昏市場","行業代號1":null,"名稱1":null,"行業代號2":null,"名稱2":null,"行業代號3":null,"名稱3":null,"category":"夜市/市場攤販","id":10062869,"pay_list":"","pay_tool":""},{"index":189,"shop":"興達黃昏市場-本庄黑豬肉","zone":"桃竹苗","city":"桃園市","area":"龜山區","market_address":"桃園市龜山區南祥路27號","user":"許志平","行業代號":null,"market_name":"興達黃昏市場","行業代號1":null,"名稱1":null,"行業代號2":null,"名稱2":null,"行業代號3":null,"名稱3":null,"category":"夜市/市場攤販","id":10062870,"pay_list":"","pay_tool":""},{"index":190,"shop":"興達黃昏市場-學志海鮮","zone":"桃竹苗","city":"桃園市","area":"龜山區","market_address":"桃園市龜山區南祥路27號","user":"陳學志","行業代號":null,"market_name":"興達黃昏市場","行業代號1":null,"名稱1":null,"行業代號2":null,"名稱2":null,"行業代號3":null,"名稱3":null,"category":"夜市/市場攤販","id":10062871,"pay_list":"","pay_tool":""},{"index":191,"shop":"興達黃昏市場-(李)生魚片","zone":"桃竹苗","city":"桃園市","area":"龜山區","market_address":"桃園市龜山區南祥路27號","user":"李訓圖","行業代號":null,"market_name":"興達黃昏市場","行業代號1":null,"名稱1":null,"行業代號2":null,"名稱2":null,"行業代號3":null,"名稱3":null,"category":"夜市/市場攤販","id":10062872,"pay_list":"","pay_tool":""},{"index":192,"shop":"興達黃昏市場-當日現炒","zone":"桃竹苗","city":"桃園市","area":"龜山區","market_address":"桃園市龜山區南祥路27號","user":"楊慧慈","行業代號":null,"market_name":"興達黃昏市場","行業代號1":null,"名稱1":null,"行業代號2":null,"名稱2":null,"行業代號3":null,"名稱3":null,"category":"夜市/市場攤販","id":10062873,"pay_list":"","pay_tool":""},{"index":193,"shop":"興達黃昏市場-金鴻炒飯","zone":"桃竹苗","city":"桃園市","area":"龜山區","market_address":"桃園市龜山區南祥路27號","user":"倪鵬程","行業代號":null,"market_name":"興達黃昏市場","行業代號1":null,"名稱1":null,"行業代號2":null,"名稱2":null,"行業代號3":null,"名稱3":null,"category":"夜市/市場攤販","id":10062875,"pay_list":"","pay_tool":""},{"index":194,"shop":"興達黃昏市場-豬公坤活魚","zone":"桃竹苗","city":"桃園市","area":"龜山區","market_address":"桃園市龜山區南祥路27號","user":"游象坤","行業代號":null,"market_name":"興達黃昏市場","行業代號1":null,"名稱1":null,"行業代號2":null,"名稱2":null,"行業代號3":null,"名稱3":null,"category":"夜市/市場攤販","id":10062876,"pay_list":"","pay_tool":""},{"index":195,"shop":"興達黃昏市場-雞大王","zone":"桃竹苗","city":"桃園市","area":"龜山區","market_address":"桃園市龜山區南祥路27號","user":"王艾心","行業代號":null,"market_name":"興達黃昏市場","行業代號1":null,"名稱1":null,"行業代號2":null,"名稱2":null,"行業代號3":null,"名稱3":null,"category":"夜市/市場攤販","id":10062877,"pay_list":"","pay_tool":""},{"index":196,"shop":"興達黃昏市場-阿秋青菜","zone":"桃竹苗","city":"桃園市","area":"龜山區","market_address":"桃園市龜山區南祥路27號","user":"林桂金","行業代號":null,"market_name":"興達黃昏市場","行業代號1":null,"名稱1":null,"行業代號2":null,"名稱2":null,"行業代號3":null,"名稱3":null,"category":"夜市/市場攤販","id":10062878,"pay_list":"","pay_tool":""},{"index":197,"shop":"興達黃昏市場-三和青菜","zone":"桃竹苗","city":"桃園市","area":"龜山區","market_address":"桃園市龜山區南祥路27號","user":"謝士宏","行業代號":null,"market_name":"興達黃昏市場","行業代號1":null,"名稱1":null,"行業代號2":null,"名稱2":null,"行業代號3":null,"名稱3":null,"category":"夜市/市場攤販","id":10062879,"pay_list":"","pay_tool":""},{"index":198,"shop":"營盛黃昏市場-A01","zone":"桃竹苗","city":"桃園市","area":"龜山區","market_address":"桃園市龜山區大同路92號1樓","user":"劉培桑","行業代號":null,"market_name":"營盛黃昏市場","行業代號1":null,"名稱1":null,"行業代號2":null,"名稱2":null,"行業代號3":null,"名稱3":null,"category":"夜市/市場攤販","id":10062880,"pay_list":"","pay_tool":""},{"index":199,"shop":"營盛黃昏市場-A02","zone":"桃竹苗","city":"桃園市","area":"龜山區","market_address":"桃園市龜山區大同路92號1樓","user":"范清翠","行業代號":null,"market_name":"營盛黃昏市場","行業代號1":null,"名稱1":null,"行業代號2":null,"名稱2":null,"行業代號3":null,"名稱3":null,"category":"夜市/市場攤販","id":10062881,"pay_list":"","pay_tool":""},{"index":200,"shop":"營盛黃昏市場-B01","zone":"桃竹苗","city":"桃園市","area":"龜山區","market_address":"桃園市龜山區大同路92號1樓","user":"江麗爭","行業代號":null,"market_name":"營盛黃昏市場","行業代號1":null,"名稱1":null,"行業代號2":null,"名稱2":null,"行業代號3":null,"名稱3":null,"category":"夜市/市場攤販","id":10062882,"pay_list":"","pay_tool":""}]