[{"index":1,"id":30043673,"category":"夜市小吃/市場","city":"臺中市","area":"后里區","market_name":"后里第一公有零售市場","market_address":"臺中市后里區墩北里四村路121號","shop":"后里第一公有零售市場 A006","pay_list":["街口支付","LINE Pay Money"],"zone":"中彰投","user":"李素玉","pay_tool":["行動支付"]},{"index":2,"id":30043692,"category":"夜市小吃/市場","city":"臺中市","area":"后里區","market_name":"后里第一公有零售市場","market_address":"臺中市后里區墩北里四村路121號","shop":"后里第一公有零售市場 A023","pay_list":["街口支付","LINE Pay Money"],"zone":"中彰投","user":"林芬瑛","pay_tool":["行動支付"]},{"index":3,"id":30043694,"category":"夜市小吃/市場","city":"臺中市","area":"后里區","market_name":"后里第一公有零售市場","market_address":"臺中市后里區墩北里四村路121號","shop":"后里第一公有零售市場 A025","pay_list":["街口支付","LINE Pay Money"],"zone":"中彰投","user":"張錦松","pay_tool":["行動支付"]},{"index":4,"id":30043696,"category":"夜市小吃/市場","city":"臺中市","area":"后里區","market_name":"后里第一公有零售市場","market_address":"臺中市后里區墩北里四村路121號","shop":"后里第一公有零售市場 A027","pay_list":["街口支付","LINE Pay Money"],"zone":"中彰投","user":"黃新慶","pay_tool":["行動支付"]},{"index":5,"id":30043706,"category":"夜市小吃/市場","city":"臺中市","area":"后里區","market_name":"后里第一公有零售市場","market_address":"臺中市后里區墩北里四村路121號","shop":"后里第一公有零售市場 5","pay_list":["街口支付","LINE Pay Money"],"zone":"中彰投","user":"曾平芝","pay_tool":["行動支付"]},{"index":6,"id":30043725,"category":"夜市小吃/市場","city":"臺中市","area":"后里區","market_name":"后里第三公有零售市場","market_address":"臺中市后里區后里里復興街99巷31號","shop":"后里第三公有零售市場 A001","pay_list":["街口支付","LINE Pay Money"],"zone":"中彰投","user":"邱俊引","pay_tool":["行動支付"]},{"index":7,"id":30043729,"category":"夜市小吃/市場","city":"臺中市","area":"后里區","market_name":"后里第三公有零售市場","market_address":"臺中市后里區后里里復興街99巷31號","shop":"后里第三公有零售市場 A006","pay_list":["街口支付","LINE Pay Money"],"zone":"中彰投","user":"張勝政","pay_tool":["行動支付"]},{"index":8,"id":30043733,"category":"夜市小吃/市場","city":"臺中市","area":"后里區","market_name":"后里第三公有零售市場","market_address":"臺中市后里區后里里復興街99巷31號","shop":"后里第三公有零售市場 A010","pay_list":["台灣 PAY"],"zone":"中彰投","user":"王明祥","pay_tool":["行動支付"]},{"index":9,"id":30043734,"category":"夜市小吃/市場","city":"臺中市","area":"后里區","market_name":"后里第三公有零售市場","market_address":"臺中市后里區后里里復興街99巷31號","shop":"后里第三公有零售市場 A011","pay_list":["街口支付","LINE Pay Money"],"zone":"中彰投","user":"翁霖清","pay_tool":["行動支付"]},{"index":10,"id":30043769,"category":"夜市小吃/市場","city":"臺中市","area":"后里區","market_name":"后里第三公有零售市場","market_address":"臺中市后里區后里里復興街99巷31號","shop":"后里第三公有零售市場 37","pay_list":["台灣 PAY"],"zone":"中彰投","user":"鄭秀華","pay_tool":["行動支付"]},{"index":11,"id":30043771,"category":"夜市小吃/市場","city":"臺中市","area":"后里區","market_name":"后里第三公有零售市場","market_address":"臺中市后里區后里里復興街99巷31號","shop":"后里第三公有零售市場 47","pay_list":["台灣 PAY"],"zone":"中彰投","user":"鄭秀華","pay_tool":["行動支付"]}]