[{"index":1,"id":10063283,"user":"黃忠馨","shop":"光華二路攤販臨時集中場-鍋燒麵","category":"夜市/市場攤販","zone":"高屏","city":"高雄市","area":"苓雅區","market_name":"光華二路攤販臨時集中場","market_address":"高雄市苓雅區光華二路（三多路至林西路）","pay_list":"","pay_tool":"","行業代號":null,"行業代號1":null,"名稱1":null,"行業代號2":null,"名稱2":null,"行業代號3":null,"名稱3":null},{"index":2,"id":10063284,"user":"馬月娥","shop":"光華二路攤販臨時集中場-關東煮","category":"夜市/市場攤販","zone":"高屏","city":"高雄市","area":"苓雅區","market_name":"光華二路攤販臨時集中場","market_address":"高雄市苓雅區光華二路（三多路至林西路）","pay_list":"","pay_tool":"","行業代號":null,"行業代號1":null,"名稱1":null,"行業代號2":null,"名稱2":null,"行業代號3":null,"名稱3":null},{"index":3,"id":10063285,"user":"劉慧敏","shop":"光華二路攤販臨時集中場-八寶冰","category":"夜市/市場攤販","zone":"高屏","city":"高雄市","area":"苓雅區","market_name":"光華二路攤販臨時集中場","market_address":"高雄市苓雅區光華二路（三多路至林西路）","pay_list":"","pay_tool":"","行業代號":null,"行業代號1":null,"名稱1":null,"行業代號2":null,"名稱2":null,"行業代號3":null,"名稱3":null},{"index":4,"id":10063287,"user":"葉惠鈺","shop":"光華二路攤販臨時集中場-冷飲","category":"夜市/市場攤販","zone":"高屏","city":"高雄市","area":"苓雅區","market_name":"光華二路攤販臨時集中場","market_address":"高雄市苓雅區光華二路（三多路至林西路）","pay_list":"","pay_tool":"","行業代號":null,"行業代號1":null,"名稱1":null,"行業代號2":null,"名稱2":null,"行業代號3":null,"名稱3":null},{"index":5,"id":10063288,"user":"高榮泰","shop":"光華二路攤販臨時集中場-鱔魚麵","category":"夜市/市場攤販","zone":"高屏","city":"高雄市","area":"苓雅區","market_name":"光華二路攤販臨時集中場","market_address":"高雄市苓雅區光華二路（三多路至林西路）","pay_list":"","pay_tool":"","行業代號":null,"行業代號1":null,"名稱1":null,"行業代號2":null,"名稱2":null,"行業代號3":null,"名稱3":null},{"index":6,"id":10063289,"user":"曹植濱","shop":"光華二路攤販臨時集中場-麵食","category":"夜市/市場攤販","zone":"高屏","city":"高雄市","area":"苓雅區","market_name":"光華二路攤販臨時集中場","market_address":"高雄市苓雅區光華二路（三多路至林西路）","pay_list":"","pay_tool":"","行業代號":null,"行業代號1":null,"名稱1":null,"行業代號2":null,"名稱2":null,"行業代號3":null,"名稱3":null},{"index":7,"id":10063290,"user":"潘忠雄","shop":"光華二路攤販臨時集中場-鱔魚麵","category":"夜市/市場攤販","zone":"高屏","city":"高雄市","area":"苓雅區","market_name":"光華二路攤販臨時集中場","market_address":"高雄市苓雅區光華二路（三多路至林西路）","pay_list":"","pay_tool":"","行業代號":null,"行業代號1":null,"名稱1":null,"行業代號2":null,"名稱2":null,"行業代號3":null,"名稱3":null},{"index":8,"id":10063291,"user":"潘玉辰","shop":"光華二路攤販臨時集中場-素食","category":"夜市/市場攤販","zone":"高屏","city":"高雄市","area":"苓雅區","market_name":"光華二路攤販臨時集中場","market_address":"高雄市苓雅區光華二路（三多路至林西路）","pay_list":"","pay_tool":"","行業代號":null,"行業代號1":null,"名稱1":null,"行業代號2":null,"名稱2":null,"行業代號3":null,"名稱3":null},{"index":9,"id":10063292,"user":"王秀足","shop":"光華二路攤販臨時集中場-牛肉麵","category":"夜市/市場攤販","zone":"高屏","city":"高雄市","area":"苓雅區","market_name":"光華二路攤販臨時集中場","market_address":"高雄市苓雅區光華二路（三多路至林西路）","pay_list":"","pay_tool":"","行業代號":null,"行業代號1":null,"名稱1":null,"行業代號2":null,"名稱2":null,"行業代號3":null,"名稱3":null},{"index":10,"id":10063293,"user":"邱進發","shop":"光華二路攤販臨時集中場-肉燥飯","category":"夜市/市場攤販","zone":"高屏","city":"高雄市","area":"苓雅區","market_name":"光華二路攤販臨時集中場","market_address":"高雄市苓雅區光華二路（三多路至林西路）","pay_list":"","pay_tool":"","行業代號":null,"行業代號1":null,"名稱1":null,"行業代號2":null,"名稱2":null,"行業代號3":null,"名稱3":null},{"index":11,"id":10063294,"user":"黃蔡鳳容","shop":"光華二路攤販臨時集中場-豬心冬粉","category":"夜市/市場攤販","zone":"高屏","city":"高雄市","area":"苓雅區","market_name":"光華二路攤販臨時集中場","market_address":"高雄市苓雅區光華二路（三多路至林西路）","pay_list":"","pay_tool":"","行業代號":null,"行業代號1":null,"名稱1":null,"行業代號2":null,"名稱2":null,"行業代號3":null,"名稱3":null},{"index":12,"id":10063295,"user":"謝?玉","shop":"光華二路攤販臨時集中場-牛肉麵","category":"夜市/市場攤販","zone":"高屏","city":"高雄市","area":"苓雅區","market_name":"光華二路攤販臨時集中場","market_address":"高雄市苓雅區光華二路（三多路至林西路）","pay_list":"","pay_tool":"","行業代號":null,"行業代號1":null,"名稱1":null,"行業代號2":null,"名稱2":null,"行業代號3":null,"名稱3":null},{"index":13,"id":10063296,"user":"馮鈺婷","shop":"光華二路攤販臨時集中場-臭豆腐","category":"夜市/市場攤販","zone":"高屏","city":"高雄市","area":"苓雅區","market_name":"光華二路攤販臨時集中場","market_address":"高雄市苓雅區光華二路（三多路至林西路）","pay_list":"","pay_tool":"","行業代號":null,"行業代號1":null,"名稱1":null,"行業代號2":null,"名稱2":null,"行業代號3":null,"名稱3":null},{"index":14,"id":10063298,"user":"林仁生","shop":"光華二路攤販臨時集中場-水餃","category":"夜市/市場攤販","zone":"高屏","city":"高雄市","area":"苓雅區","market_name":"光華二路攤販臨時集中場","market_address":"高雄市苓雅區光華二路（三多路至林西路）","pay_list":"","pay_tool":"","行業代號":null,"行業代號1":null,"名稱1":null,"行業代號2":null,"名稱2":null,"行業代號3":null,"名稱3":null},{"index":15,"id":10063299,"user":"邱俊宏","shop":"光華二路攤販臨時集中場-鹽水雞","category":"夜市/市場攤販","zone":"高屏","city":"高雄市","area":"苓雅區","market_name":"光華二路攤販臨時集中場","market_address":"高雄市苓雅區光華二路（三多路至林西路）","pay_list":"","pay_tool":"","行業代號":null,"行業代號1":null,"名稱1":null,"行業代號2":null,"名稱2":null,"行業代號3":null,"名稱3":null},{"index":16,"id":10063300,"user":"李沅玲","shop":"光華二路攤販臨時集中場-豆花","category":"夜市/市場攤販","zone":"高屏","city":"高雄市","area":"苓雅區","market_name":"光華二路攤販臨時集中場","market_address":"高雄市苓雅區光華二路（三多路至林西路）","pay_list":"","pay_tool":"","行業代號":null,"行業代號1":null,"名稱1":null,"行業代號2":null,"名稱2":null,"行業代號3":null,"名稱3":null},{"index":17,"id":10063301,"user":"陳丁鴻","shop":"光華二路攤販臨時集中場-滷味","category":"夜市/市場攤販","zone":"高屏","city":"高雄市","area":"苓雅區","market_name":"光華二路攤販臨時集中場","market_address":"高雄市苓雅區光華二路（三多路至林西路）","pay_list":"","pay_tool":"","行業代號":null,"行業代號1":null,"名稱1":null,"行業代號2":null,"名稱2":null,"行業代號3":null,"名稱3":null},{"index":18,"id":10063302,"user":"陳敏仁","shop":"光華二路攤販臨時集中場-拉麵","category":"夜市/市場攤販","zone":"高屏","city":"高雄市","area":"苓雅區","market_name":"光華二路攤販臨時集中場","market_address":"高雄市苓雅區光華二路（三多路至林西路）","pay_list":"","pay_tool":"","行業代號":null,"行業代號1":null,"名稱1":null,"行業代號2":null,"名稱2":null,"行業代號3":null,"名稱3":null},{"index":19,"id":10063303,"user":"溫賴玉梅","shop":"光華二路攤販臨時集中場-麵食","category":"夜市/市場攤販","zone":"高屏","city":"高雄市","area":"苓雅區","market_name":"光華二路攤販臨時集中場","market_address":"高雄市苓雅區光華二路（三多路至林西路）","pay_list":"","pay_tool":"","行業代號":null,"行業代號1":null,"名稱1":null,"行業代號2":null,"名稱2":null,"行業代號3":null,"名稱3":null},{"index":20,"id":10063304,"user":"蕭毓翰","shop":"光華二路攤販臨時集中場-三明治","category":"夜市/市場攤販","zone":"高屏","city":"高雄市","area":"苓雅區","market_name":"光華二路攤販臨時集中場","market_address":"高雄市苓雅區光華二路（三多路至林西路）","pay_list":"","pay_tool":"","行業代號":null,"行業代號1":null,"名稱1":null,"行業代號2":null,"名稱2":null,"行業代號3":null,"名稱3":null},{"index":21,"id":10063305,"user":"吳沛錞","shop":"光華二路攤販臨時集中場-木瓜牛乳","category":"夜市/市場攤販","zone":"高屏","city":"高雄市","area":"苓雅區","market_name":"光華二路攤販臨時集中場","market_address":"高雄市苓雅區光華二路（三多路至林西路）","pay_list":"","pay_tool":"","行業代號":null,"行業代號1":null,"名稱1":null,"行業代號2":null,"名稱2":null,"行業代號3":null,"名稱3":null},{"index":22,"id":10063306,"user":"廖俊維","shop":"光華二路攤販臨時集中場-水果","category":"夜市/市場攤販","zone":"高屏","city":"高雄市","area":"苓雅區","market_name":"光華二路攤販臨時集中場","market_address":"高雄市苓雅區光華二路（三多路至林西路）","pay_list":"","pay_tool":"","行業代號":null,"行業代號1":null,"名稱1":null,"行業代號2":null,"名稱2":null,"行業代號3":null,"名稱3":null},{"index":23,"id":10063307,"user":"朱雄偉","shop":"光華二路攤販臨時集中場-肉圓","category":"夜市/市場攤販","zone":"高屏","city":"高雄市","area":"苓雅區","market_name":"光華二路攤販臨時集中場","market_address":"高雄市苓雅區光華二路（三多路至林西路）","pay_list":"","pay_tool":"","行業代號":null,"行業代號1":null,"名稱1":null,"行業代號2":null,"名稱2":null,"行業代號3":null,"名稱3":null},{"index":24,"id":10063309,"user":"吳瑞連","shop":"光華二路攤販臨時集中場-豬心冬粉","category":"夜市/市場攤販","zone":"高屏","city":"高雄市","area":"苓雅區","market_name":"光華二路攤販臨時集中場","market_address":"高雄市苓雅區光華二路（三多路至林西路）","pay_list":"","pay_tool":"","行業代號":null,"行業代號1":null,"名稱1":null,"行業代號2":null,"名稱2":null,"行業代號3":null,"名稱3":null},{"index":25,"id":10063310,"user":"毛立榮","shop":"光華二路攤販臨時集中場-炒飯","category":"夜市/市場攤販","zone":"高屏","city":"高雄市","area":"苓雅區","market_name":"光華二路攤販臨時集中場","market_address":"高雄市苓雅區光華二路（三多路至林西路）","pay_list":"","pay_tool":"","行業代號":null,"行業代號1":null,"名稱1":null,"行業代號2":null,"名稱2":null,"行業代號3":null,"名稱3":null},{"index":26,"id":10063311,"user":"謝自鵬","shop":"光華二路攤販臨時集中場-豆花","category":"夜市/市場攤販","zone":"高屏","city":"高雄市","area":"苓雅區","market_name":"光華二路攤販臨時集中場","market_address":"高雄市苓雅區光華二路（三多路至林西路）","pay_list":"","pay_tool":"","行業代號":null,"行業代號1":null,"名稱1":null,"行業代號2":null,"名稱2":null,"行業代號3":null,"名稱3":null},{"index":27,"id":10063312,"user":"林幸珠","shop":"光華二路攤販臨時集中場-冷飲","category":"夜市/市場攤販","zone":"高屏","city":"高雄市","area":"苓雅區","market_name":"光華二路攤販臨時集中場","market_address":"高雄市苓雅區光華二路（三多路至林西路）","pay_list":"","pay_tool":"","行業代號":null,"行業代號1":null,"名稱1":null,"行業代號2":null,"名稱2":null,"行業代號3":null,"名稱3":null},{"index":28,"id":10063313,"user":"李銳","shop":"光華二路攤販臨時集中場-馬鈴薯起司","category":"夜市/市場攤販","zone":"高屏","city":"高雄市","area":"苓雅區","market_name":"光華二路攤販臨時集中場","market_address":"高雄市苓雅區光華二路（三多路至林西路）","pay_list":"","pay_tool":"","行業代號":null,"行業代號1":null,"名稱1":null,"行業代號2":null,"名稱2":null,"行業代號3":null,"名稱3":null},{"index":29,"id":10063314,"user":"莊李寶","shop":"光華二路攤販臨時集中場-檳榔","category":"夜市/市場攤販","zone":"高屏","city":"高雄市","area":"苓雅區","market_name":"光華二路攤販臨時集中場","market_address":"高雄市苓雅區光華二路（三多路至林西路）","pay_list":"","pay_tool":"","行業代號":null,"行業代號1":null,"名稱1":null,"行業代號2":null,"名稱2":null,"行業代號3":null,"名稱3":null},{"index":30,"id":10063315,"user":"陳竹杉","shop":"光華二路攤販臨時集中場-冷飲","category":"夜市/市場攤販","zone":"高屏","city":"高雄市","area":"苓雅區","market_name":"光華二路攤販臨時集中場","market_address":"高雄市苓雅區光華二路（三多路至林西路）","pay_list":"","pay_tool":"","行業代號":null,"行業代號1":null,"名稱1":null,"行業代號2":null,"名稱2":null,"行業代號3":null,"名稱3":null},{"index":31,"id":10063316,"user":"鄭偉廷","shop":"光華二路攤販臨時集中場-滷味","category":"夜市/市場攤販","zone":"高屏","city":"高雄市","area":"苓雅區","market_name":"光華二路攤販臨時集中場","market_address":"高雄市苓雅區光華二路（三多路至林西路）","pay_list":"","pay_tool":"","行業代號":null,"行業代號1":null,"名稱1":null,"行業代號2":null,"名稱2":null,"行業代號3":null,"名稱3":null},{"index":32,"id":10063317,"user":"李林雪香","shop":"光華二路攤販臨時集中場-羊肉","category":"夜市/市場攤販","zone":"高屏","city":"高雄市","area":"苓雅區","market_name":"光華二路攤販臨時集中場","market_address":"高雄市苓雅區光華二路（三多路至林西路）","pay_list":"","pay_tool":"","行業代號":null,"行業代號1":null,"名稱1":null,"行業代號2":null,"名稱2":null,"行業代號3":null,"名稱3":null},{"index":33,"id":10063318,"user":"鄭美華","shop":"光華二路攤販臨時集中場-麵食","category":"夜市/市場攤販","zone":"高屏","city":"高雄市","area":"苓雅區","market_name":"光華二路攤販臨時集中場","market_address":"高雄市苓雅區光華二路（三多路至林西路）","pay_list":"","pay_tool":"","行業代號":null,"行業代號1":null,"名稱1":null,"行業代號2":null,"名稱2":null,"行業代號3":null,"名稱3":null},{"index":34,"id":10063320,"user":"許雲翔","shop":"光華二路攤販臨時集中場-肉骨茶","category":"夜市/市場攤販","zone":"高屏","city":"高雄市","area":"苓雅區","market_name":"光華二路攤販臨時集中場","market_address":"高雄市苓雅區光華二路（三多路至林西路）","pay_list":"","pay_tool":"","行業代號":null,"行業代號1":null,"名稱1":null,"行業代號2":null,"名稱2":null,"行業代號3":null,"名稱3":null},{"index":35,"id":10063321,"user":"劉明飛","shop":"光華二路攤販臨時集中場-鱔魚麵","category":"夜市/市場攤販","zone":"高屏","city":"高雄市","area":"苓雅區","market_name":"光華二路攤販臨時集中場","market_address":"高雄市苓雅區光華二路（三多路至林西路）","pay_list":"","pay_tool":"","行業代號":null,"行業代號1":null,"名稱1":null,"行業代號2":null,"名稱2":null,"行業代號3":null,"名稱3":null},{"index":36,"id":10063322,"user":"蔡進益","shop":"光華二路攤販臨時集中場-過魚湯","category":"夜市/市場攤販","zone":"高屏","city":"高雄市","area":"苓雅區","market_name":"光華二路攤販臨時集中場","market_address":"高雄市苓雅區光華二路（三多路至林西路）","pay_list":"","pay_tool":"","行業代號":null,"行業代號1":null,"名稱1":null,"行業代號2":null,"名稱2":null,"行業代號3":null,"名稱3":null},{"index":37,"id":10063323,"user":"黃淑慧","shop":"光華二路攤販臨時集中場-鹽水雞","category":"夜市/市場攤販","zone":"高屏","city":"高雄市","area":"苓雅區","market_name":"光華二路攤販臨時集中場","market_address":"高雄市苓雅區光華二路（三多路至林西路）","pay_list":"","pay_tool":"","行業代號":null,"行業代號1":null,"名稱1":null,"行業代號2":null,"名稱2":null,"行業代號3":null,"名稱3":null},{"index":38,"id":10063324,"user":"李士宏","shop":"光華二路攤販臨時集中場-米粉炒","category":"夜市/市場攤販","zone":"高屏","city":"高雄市","area":"苓雅區","market_name":"光華二路攤販臨時集中場","market_address":"高雄市苓雅區光華二路（三多路至林西路）","pay_list":"","pay_tool":"","行業代號":null,"行業代號1":null,"名稱1":null,"行業代號2":null,"名稱2":null,"行業代號3":null,"名稱3":null},{"index":39,"id":10063325,"user":"許瑛娟","shop":"光華二路攤販臨時集中場-土魠魚?","category":"夜市/市場攤販","zone":"高屏","city":"高雄市","area":"苓雅區","market_name":"光華二路攤販臨時集中場","market_address":"高雄市苓雅區光華二路（三多路至林西路）","pay_list":"","pay_tool":"","行業代號":null,"行業代號1":null,"名稱1":null,"行業代號2":null,"名稱2":null,"行業代號3":null,"名稱3":null},{"index":40,"id":10063326,"user":"沈宗翰","shop":"光華二路攤販臨時集中場-麻辣鍋","category":"夜市/市場攤販","zone":"高屏","city":"高雄市","area":"苓雅區","market_name":"光華二路攤販臨時集中場","market_address":"高雄市苓雅區光華二路（三多路至林西路）","pay_list":"","pay_tool":"","行業代號":null,"行業代號1":null,"名稱1":null,"行業代號2":null,"名稱2":null,"行業代號3":null,"名稱3":null},{"index":41,"id":10063327,"user":"吳秋梅","shop":"光華二路攤販臨時集中場-水果零售","category":"夜市/市場攤販","zone":"高屏","city":"高雄市","area":"苓雅區","market_name":"光華二路攤販臨時集中場","market_address":"高雄市苓雅區光華二路（三多路至林西路）","pay_list":"","pay_tool":"","行業代號":null,"行業代號1":null,"名稱1":null,"行業代號2":null,"名稱2":null,"行業代號3":null,"名稱3":null},{"index":42,"id":10063328,"user":"洪德利","shop":"光華二路攤販臨時集中場-水果","category":"夜市/市場攤販","zone":"高屏","city":"高雄市","area":"苓雅區","market_name":"光華二路攤販臨時集中場","market_address":"高雄市苓雅區光華二路（三多路至林西路）","pay_list":"","pay_tool":"","行業代號":null,"行業代號1":null,"名稱1":null,"行業代號2":null,"名稱2":null,"行業代號3":null,"名稱3":null},{"index":43,"id":10063329,"user":"陳主霓","shop":"光華二路攤販臨時集中場-鬆餅","category":"夜市/市場攤販","zone":"高屏","city":"高雄市","area":"苓雅區","market_name":"光華二路攤販臨時集中場","market_address":"高雄市苓雅區光華二路（三多路至林西路）","pay_list":"","pay_tool":"","行業代號":null,"行業代號1":null,"名稱1":null,"行業代號2":null,"名稱2":null,"行業代號3":null,"名稱3":null},{"index":44,"id":10063332,"user":"王國祥","shop":"自強三路攤販臨時集中場-臭豆腐","category":"夜市/市場攤販","zone":"高屏","city":"高雄市","area":"苓雅區","market_name":"自強三路攤販臨時集中場","market_address":"高雄市苓雅區自強三路（苓雅路至興中路）","pay_list":"","pay_tool":"","行業代號":null,"行業代號1":null,"名稱1":null,"行業代號2":null,"名稱2":null,"行業代號3":null,"名稱3":null},{"index":45,"id":10063333,"user":"林葦庭","shop":"自強三路攤販臨時集中場-土虱","category":"夜市/市場攤販","zone":"高屏","city":"高雄市","area":"苓雅區","market_name":"自強三路攤販臨時集中場","market_address":"高雄市苓雅區自強三路（苓雅路至興中路）","pay_list":"","pay_tool":"","行業代號":null,"行業代號1":null,"名稱1":null,"行業代號2":null,"名稱2":null,"行業代號3":null,"名稱3":null},{"index":46,"id":10063334,"user":"施諾潔","shop":"自強三路攤販臨時集中場-陽春麵","category":"夜市/市場攤販","zone":"高屏","city":"高雄市","area":"苓雅區","market_name":"自強三路攤販臨時集中場","market_address":"高雄市苓雅區自強三路（苓雅路至興中路）","pay_list":"","pay_tool":"","行業代號":null,"行業代號1":null,"名稱1":null,"行業代號2":null,"名稱2":null,"行業代號3":null,"名稱3":null},{"index":47,"id":10063335,"user":"曾碧華","shop":"自強三路攤販臨時集中場-飯麵","category":"夜市/市場攤販","zone":"高屏","city":"高雄市","area":"苓雅區","market_name":"自強三路攤販臨時集中場","market_address":"高雄市苓雅區自強三路（苓雅路至興中路）","pay_list":"","pay_tool":"","行業代號":null,"行業代號1":null,"名稱1":null,"行業代號2":null,"名稱2":null,"行業代號3":null,"名稱3":null},{"index":48,"id":10063336,"user":"黃麗森","shop":"自強三路攤販臨時集中場-蚵仔煎","category":"夜市/市場攤販","zone":"高屏","city":"高雄市","area":"苓雅區","market_name":"自強三路攤販臨時集中場","market_address":"高雄市苓雅區自強三路（苓雅路至興中路）","pay_list":"","pay_tool":"","行業代號":null,"行業代號1":null,"名稱1":null,"行業代號2":null,"名稱2":null,"行業代號3":null,"名稱3":null},{"index":49,"id":10063337,"user":"陳金藩","shop":"自強三路攤販臨時集中場-鴨肉飯麵","category":"夜市/市場攤販","zone":"高屏","city":"高雄市","area":"苓雅區","market_name":"自強三路攤販臨時集中場","market_address":"高雄市苓雅區自強三路（苓雅路至興中路）","pay_list":"","pay_tool":"","行業代號":null,"行業代號1":null,"名稱1":null,"行業代號2":null,"名稱2":null,"行業代號3":null,"名稱3":null},{"index":50,"id":10063338,"user":"劉麗純","shop":"自強三路攤販臨時集中場-知味鍋燒麵","category":"夜市/市場攤販","zone":"高屏","city":"高雄市","area":"苓雅區","market_name":"自強三路攤販臨時集中場","market_address":"高雄市苓雅區自強三路（苓雅路至興中路）","pay_list":"","pay_tool":"","行業代號":null,"行業代號1":null,"名稱1":null,"行業代號2":null,"名稱2":null,"行業代號3":null,"名稱3":null},{"index":51,"id":10063339,"user":"黃陳玉花","shop":"自強三路攤販臨時集中場-烤肉","category":"夜市/市場攤販","zone":"高屏","city":"高雄市","area":"苓雅區","market_name":"自強三路攤販臨時集中場","market_address":"高雄市苓雅區自強三路（苓雅路至興中路）","pay_list":"","pay_tool":"","行業代號":null,"行業代號1":null,"名稱1":null,"行業代號2":null,"名稱2":null,"行業代號3":null,"名稱3":null},{"index":52,"id":10063340,"user":"蘇國雄","shop":"自強三路攤販臨時集中場-大眾鱔魚麵","category":"夜市/市場攤販","zone":"高屏","city":"高雄市","area":"苓雅區","market_name":"自強三路攤販臨時集中場","market_address":"高雄市苓雅區自強三路（苓雅路至興中路）","pay_list":"","pay_tool":"","行業代號":null,"行業代號1":null,"名稱1":null,"行業代號2":null,"名稱2":null,"行業代號3":null,"名稱3":null},{"index":53,"id":10063341,"user":"周良宗","shop":"自強三路攤販臨時集中場-正義海產","category":"夜市/市場攤販","zone":"高屏","city":"高雄市","area":"苓雅區","market_name":"自強三路攤販臨時集中場","market_address":"高雄市苓雅區自強三路（苓雅路至興中路）","pay_list":"","pay_tool":"","行業代號":null,"行業代號1":null,"名稱1":null,"行業代號2":null,"名稱2":null,"行業代號3":null,"名稱3":null},{"index":54,"id":10063343,"user":"吳旻勳","shop":"自強三路攤販臨時集中場-鱔魚花枝麵","category":"夜市/市場攤販","zone":"高屏","city":"高雄市","area":"苓雅區","market_name":"自強三路攤販臨時集中場","market_address":"高雄市苓雅區自強三路（苓雅路至興中路）","pay_list":"","pay_tool":"","行業代號":null,"行業代號1":null,"名稱1":null,"行業代號2":null,"名稱2":null,"行業代號3":null,"名稱3":null},{"index":55,"id":10063344,"user":"于士評","shop":"自強三路攤販臨時集中場-于家水餃","category":"夜市/市場攤販","zone":"高屏","city":"高雄市","area":"苓雅區","market_name":"自強三路攤販臨時集中場","market_address":"高雄市苓雅區自強三路（苓雅路至興中路）","pay_list":"","pay_tool":"","行業代號":null,"行業代號1":null,"名稱1":null,"行業代號2":null,"名稱2":null,"行業代號3":null,"名稱3":null},{"index":56,"id":10063345,"user":"孫彩惠","shop":"自強三路攤販臨時集中場-臭豆腐","category":"夜市/市場攤販","zone":"高屏","city":"高雄市","area":"苓雅區","market_name":"自強三路攤販臨時集中場","market_address":"高雄市苓雅區自強三路（苓雅路至興中路）","pay_list":"","pay_tool":"","行業代號":null,"行業代號1":null,"名稱1":null,"行業代號2":null,"名稱2":null,"行業代號3":null,"名稱3":null},{"index":57,"id":10063346,"user":"林嘉慶","shop":"自強三路攤販臨時集中場-素食飯粥","category":"夜市/市場攤販","zone":"高屏","city":"高雄市","area":"苓雅區","market_name":"自強三路攤販臨時集中場","market_address":"高雄市苓雅區自強三路（苓雅路至興中路）","pay_list":"","pay_tool":"","行業代號":null,"行業代號1":null,"名稱1":null,"行業代號2":null,"名稱2":null,"行業代號3":null,"名稱3":null},{"index":58,"id":10063347,"user":"甘幸弘","shop":"自強三路攤販臨時集中場-海產粥","category":"夜市/市場攤販","zone":"高屏","city":"高雄市","area":"苓雅區","market_name":"自強三路攤販臨時集中場","market_address":"高雄市苓雅區自強三路（苓雅路至興中路）","pay_list":"","pay_tool":"","行業代號":null,"行業代號1":null,"名稱1":null,"行業代號2":null,"名稱2":null,"行業代號3":null,"名稱3":null},{"index":59,"id":10063348,"user":"黃文王","shop":"自強三路攤販臨時集中場-鵝肉","category":"夜市/市場攤販","zone":"高屏","city":"高雄市","area":"苓雅區","market_name":"自強三路攤販臨時集中場","market_address":"高雄市苓雅區自強三路（苓雅路至興中路）","pay_list":"","pay_tool":"","行業代號":null,"行業代號1":null,"名稱1":null,"行業代號2":null,"名稱2":null,"行業代號3":null,"名稱3":null},{"index":60,"id":10063349,"user":"陳昊軒","shop":"自強三路攤販臨時集中場-陽春麵","category":"夜市/市場攤販","zone":"高屏","city":"高雄市","area":"苓雅區","market_name":"自強三路攤販臨時集中場","market_address":"高雄市苓雅區自強三路（苓雅路至興中路）","pay_list":"","pay_tool":"","行業代號":null,"行業代號1":null,"名稱1":null,"行業代號2":null,"名稱2":null,"行業代號3":null,"名稱3":null},{"index":61,"id":10063350,"user":"邱博承","shop":"自強三路攤販臨時集中場-雞哥炒飯","category":"夜市/市場攤販","zone":"高屏","city":"高雄市","area":"苓雅區","market_name":"自強三路攤販臨時集中場","market_address":"高雄市苓雅區自強三路（苓雅路至興中路）","pay_list":"","pay_tool":"","行業代號":null,"行業代號1":null,"名稱1":null,"行業代號2":null,"名稱2":null,"行業代號3":null,"名稱3":null},{"index":62,"id":10063351,"user":"任美芳","shop":"自強三路攤販臨時集中場-素食飯粥","category":"夜市/市場攤販","zone":"高屏","city":"高雄市","area":"苓雅區","market_name":"自強三路攤販臨時集中場","market_address":"高雄市苓雅區自強三路（苓雅路至興中路）","pay_list":"","pay_tool":"","行業代號":null,"行業代號1":null,"名稱1":null,"行業代號2":null,"名稱2":null,"行業代號3":null,"名稱3":null},{"index":63,"id":10063352,"user":"張清祈","shop":"自強三路攤販臨時集中場-四季豆水果","category":"夜市/市場攤販","zone":"高屏","city":"高雄市","area":"苓雅區","market_name":"自強三路攤販臨時集中場","market_address":"高雄市苓雅區自強三路（苓雅路至興中路）","pay_list":"","pay_tool":"","行業代號":null,"行業代號1":null,"名稱1":null,"行業代號2":null,"名稱2":null,"行業代號3":null,"名稱3":null},{"index":64,"id":10063354,"user":"蔡麗美","shop":"自強三路攤販臨時集中場-牛排","category":"夜市/市場攤販","zone":"高屏","city":"高雄市","area":"苓雅區","market_name":"自強三路攤販臨時集中場","market_address":"高雄市苓雅區自強三路（苓雅路至興中路）","pay_list":"","pay_tool":"","行業代號":null,"行業代號1":null,"名稱1":null,"行業代號2":null,"名稱2":null,"行業代號3":null,"名稱3":null},{"index":65,"id":10063355,"user":"孫子宸","shop":"自強三路攤販臨時集中場-脆皮烤雞翅","category":"夜市/市場攤販","zone":"高屏","city":"高雄市","area":"苓雅區","market_name":"自強三路攤販臨時集中場","market_address":"高雄市苓雅區自強三路（苓雅路至興中路）","pay_list":"","pay_tool":"","行業代號":null,"行業代號1":null,"名稱1":null,"行業代號2":null,"名稱2":null,"行業代號3":null,"名稱3":null},{"index":66,"id":10063356,"user":"曾欽志","shop":"自強三路攤販臨時集中場-傳統豆花","category":"夜市/市場攤販","zone":"高屏","city":"高雄市","area":"苓雅區","market_name":"自強三路攤販臨時集中場","market_address":"高雄市苓雅區自強三路（苓雅路至興中路）","pay_list":"","pay_tool":"","行業代號":null,"行業代號1":null,"名稱1":null,"行業代號2":null,"名稱2":null,"行業代號3":null,"名稱3":null},{"index":67,"id":10063357,"user":"林偉智","shop":"自強三路攤販臨時集中場-渡小月海產","category":"夜市/市場攤販","zone":"高屏","city":"高雄市","area":"苓雅區","market_name":"自強三路攤販臨時集中場","market_address":"高雄市苓雅區自強三路（苓雅路至興中路）","pay_list":"","pay_tool":"","行業代號":null,"行業代號1":null,"名稱1":null,"行業代號2":null,"名稱2":null,"行業代號3":null,"名稱3":null},{"index":68,"id":10063358,"user":"黃繪?","shop":"自強三路攤販臨時集中場-飯麵","category":"夜市/市場攤販","zone":"高屏","city":"高雄市","area":"苓雅區","market_name":"自強三路攤販臨時集中場","market_address":"高雄市苓雅區自強三路（苓雅路至興中路）","pay_list":"","pay_tool":"","行業代號":null,"行業代號1":null,"名稱1":null,"行業代號2":null,"名稱2":null,"行業代號3":null,"名稱3":null},{"index":69,"id":10063359,"user":"陳彥良","shop":"自強三路攤販臨時集中場-家味小吃","category":"夜市/市場攤販","zone":"高屏","city":"高雄市","area":"苓雅區","market_name":"自強三路攤販臨時集中場","market_address":"高雄市苓雅區自強三路（苓雅路至興中路）","pay_list":"","pay_tool":"","行業代號":null,"行業代號1":null,"名稱1":null,"行業代號2":null,"名稱2":null,"行業代號3":null,"名稱3":null},{"index":70,"id":10063360,"user":"黃啟鈁","shop":"自強三路攤販臨時集中場-脆皮雞排","category":"夜市/市場攤販","zone":"高屏","city":"高雄市","area":"苓雅區","market_name":"自強三路攤販臨時集中場","market_address":"高雄市苓雅區自強三路（苓雅路至興中路）","pay_list":"","pay_tool":"","行業代號":null,"行業代號1":null,"名稱1":null,"行業代號2":null,"名稱2":null,"行業代號3":null,"名稱3":null},{"index":71,"id":10063361,"user":"連文聰","shop":"自強三路攤販臨時集中場-香雞排","category":"夜市/市場攤販","zone":"高屏","city":"高雄市","area":"苓雅區","market_name":"自強三路攤販臨時集中場","market_address":"高雄市苓雅區自強三路（苓雅路至興中路）","pay_list":"","pay_tool":"","行業代號":null,"行業代號1":null,"名稱1":null,"行業代號2":null,"名稱2":null,"行業代號3":null,"名稱3":null},{"index":72,"id":10063362,"user":"蔡玉蕊","shop":"自強三路攤販臨時集中場-楊桃汁","category":"夜市/市場攤販","zone":"高屏","city":"高雄市","area":"苓雅區","market_name":"自強三路攤販臨時集中場","market_address":"高雄市苓雅區自強三路（苓雅路至興中路）","pay_list":"","pay_tool":"","行業代號":null,"行業代號1":null,"名稱1":null,"行業代號2":null,"名稱2":null,"行業代號3":null,"名稱3":null},{"index":73,"id":10063363,"user":"黃郁升","shop":"自強三路攤販臨時集中場-春捲","category":"夜市/市場攤販","zone":"高屏","city":"高雄市","area":"苓雅區","market_name":"自強三路攤販臨時集中場","market_address":"高雄市苓雅區自強三路（苓雅路至興中路）","pay_list":"","pay_tool":"","行業代號":null,"行業代號1":null,"名稱1":null,"行業代號2":null,"名稱2":null,"行業代號3":null,"名稱3":null},{"index":74,"id":10063365,"user":"吳麗貞","shop":"自強三路攤販臨時集中場-東山鴨頭","category":"夜市/市場攤販","zone":"高屏","city":"高雄市","area":"苓雅區","market_name":"自強三路攤販臨時集中場","market_address":"高雄市苓雅區自強三路（苓雅路至興中路）","pay_list":"","pay_tool":"","行業代號":null,"行業代號1":null,"名稱1":null,"行業代號2":null,"名稱2":null,"行業代號3":null,"名稱3":null},{"index":75,"id":10063366,"user":"林靜蓮","shop":"自強三路攤販臨時集中場-水果","category":"夜市/市場攤販","zone":"高屏","city":"高雄市","area":"苓雅區","market_name":"自強三路攤販臨時集中場","market_address":"高雄市苓雅區自強三路（苓雅路至興中路）","pay_list":"","pay_tool":"","行業代號":null,"行業代號1":null,"名稱1":null,"行業代號2":null,"名稱2":null,"行業代號3":null,"名稱3":null},{"index":76,"id":10063367,"user":"王語潔","shop":"自強三路攤販臨時集中場-鹽酥雞","category":"夜市/市場攤販","zone":"高屏","city":"高雄市","area":"苓雅區","market_name":"自強三路攤販臨時集中場","market_address":"高雄市苓雅區自強三路（苓雅路至興中路）","pay_list":"","pay_tool":"","行業代號":null,"行業代號1":null,"名稱1":null,"行業代號2":null,"名稱2":null,"行業代號3":null,"名稱3":null},{"index":77,"id":10063368,"user":"曾林??治","shop":"自強三路攤販臨時集中場-泡沫紅茶","category":"夜市/市場攤販","zone":"高屏","city":"高雄市","area":"苓雅區","market_name":"自強三路攤販臨時集中場","market_address":"高雄市苓雅區自強三路（苓雅路至興中路）","pay_list":"","pay_tool":"","行業代號":null,"行業代號1":null,"名稱1":null,"行業代號2":null,"名稱2":null,"行業代號3":null,"名稱3":null},{"index":78,"id":10063369,"user":"孫柯麗娟","shop":"自強三路攤販臨時集中場-天仁鍋燒麵","category":"夜市/市場攤販","zone":"高屏","city":"高雄市","area":"苓雅區","market_name":"自強三路攤販臨時集中場","market_address":"高雄市苓雅區自強三路（苓雅路至興中路）","pay_list":"","pay_tool":"","行業代號":null,"行業代號1":null,"名稱1":null,"行業代號2":null,"名稱2":null,"行業代號3":null,"名稱3":null},{"index":79,"id":10063370,"user":"姜長志","shop":"自強三路攤販臨時集中場-香港粥","category":"夜市/市場攤販","zone":"高屏","city":"高雄市","area":"苓雅區","market_name":"自強三路攤販臨時集中場","market_address":"高雄市苓雅區自強三路（苓雅路至興中路）","pay_list":"","pay_tool":"","行業代號":null,"行業代號1":null,"名稱1":null,"行業代號2":null,"名稱2":null,"行業代號3":null,"名稱3":null},{"index":80,"id":10063371,"user":"董恆瑰","shop":"自強三路攤販臨時集中場-清粥小菜","category":"夜市/市場攤販","zone":"高屏","city":"高雄市","area":"苓雅區","market_name":"自強三路攤販臨時集中場","market_address":"高雄市苓雅區自強三路（苓雅路至興中路）","pay_list":"","pay_tool":"","行業代號":null,"行業代號1":null,"名稱1":null,"行業代號2":null,"名稱2":null,"行業代號3":null,"名稱3":null},{"index":81,"id":10063372,"user":"施映年","shop":"自強三路攤販臨時集中場-米糕陽春麵","category":"夜市/市場攤販","zone":"高屏","city":"高雄市","area":"苓雅區","market_name":"自強三路攤販臨時集中場","market_address":"高雄市苓雅區自強三路（苓雅路至興中路）","pay_list":"","pay_tool":"","行業代號":null,"行業代號1":null,"名稱1":null,"行業代號2":null,"名稱2":null,"行業代號3":null,"名稱3":null},{"index":82,"id":10063373,"user":"林南村","shop":"自強三路攤販臨時集中場-壽司","category":"夜市/市場攤販","zone":"高屏","city":"高雄市","area":"苓雅區","market_name":"自強三路攤販臨時集中場","market_address":"高雄市苓雅區自強三路（苓雅路至興中路）","pay_list":"","pay_tool":"","行業代號":null,"行業代號1":null,"名稱1":null,"行業代號2":null,"名稱2":null,"行業代號3":null,"名稱3":null},{"index":83,"id":10063374,"user":"劉勝雄","shop":"自強三路攤販臨時集中場-魷魚羹","category":"夜市/市場攤販","zone":"高屏","city":"高雄市","area":"苓雅區","market_name":"自強三路攤販臨時集中場","market_address":"高雄市苓雅區自強三路（苓雅路至興中路）","pay_list":"","pay_tool":"","行業代號":null,"行業代號1":null,"名稱1":null,"行業代號2":null,"名稱2":null,"行業代號3":null,"名稱3":null},{"index":84,"id":10063376,"user":"甘家榮","shop":"自強三路攤販臨時集中場-冷凍芋","category":"夜市/市場攤販","zone":"高屏","city":"高雄市","area":"苓雅區","market_name":"自強三路攤販臨時集中場","market_address":"高雄市苓雅區自強三路（苓雅路至興中路）","pay_list":"","pay_tool":"","行業代號":null,"行業代號1":null,"名稱1":null,"行業代號2":null,"名稱2":null,"行業代號3":null,"名稱3":null},{"index":85,"id":10063377,"user":"林金傳","shop":"自強三路攤販臨時集中場-冷凍水果","category":"夜市/市場攤販","zone":"高屏","city":"高雄市","area":"苓雅區","market_name":"自強三路攤販臨時集中場","market_address":"高雄市苓雅區自強三路（苓雅路至興中路）","pay_list":"","pay_tool":"","行業代號":null,"行業代號1":null,"名稱1":null,"行業代號2":null,"名稱2":null,"行業代號3":null,"名稱3":null},{"index":86,"id":10063378,"user":"董修宏","shop":"自強三路攤販臨時集中場-鹽水雞","category":"夜市/市場攤販","zone":"高屏","city":"高雄市","area":"苓雅區","market_name":"自強三路攤販臨時集中場","market_address":"高雄市苓雅區自強三路（苓雅路至興中路）","pay_list":"","pay_tool":"","行業代號":null,"行業代號1":null,"名稱1":null,"行業代號2":null,"名稱2":null,"行業代號3":null,"名稱3":null},{"index":87,"id":10063379,"user":"林姵樺","shop":"自強三路攤販臨時集中場-泡沫紅茶","category":"夜市/市場攤販","zone":"高屏","city":"高雄市","area":"苓雅區","market_name":"自強三路攤販臨時集中場","market_address":"高雄市苓雅區自強三路（苓雅路至興中路）","pay_list":"","pay_tool":"","行業代號":null,"行業代號1":null,"名稱1":null,"行業代號2":null,"名稱2":null,"行業代號3":null,"名稱3":null},{"index":88,"id":10063380,"user":"王麗鶯","shop":"自強三路攤販臨時集中場-阿Q凍圓","category":"夜市/市場攤販","zone":"高屏","city":"高雄市","area":"苓雅區","market_name":"自強三路攤販臨時集中場","market_address":"高雄市苓雅區自強三路（苓雅路至興中路）","pay_list":"","pay_tool":"","行業代號":null,"行業代號1":null,"名稱1":null,"行業代號2":null,"名稱2":null,"行業代號3":null,"名稱3":null},{"index":89,"id":10063381,"user":"黃玉蓮","shop":"自強三路攤販臨時集中場-阿蓮河粉","category":"夜市/市場攤販","zone":"高屏","city":"高雄市","area":"苓雅區","market_name":"自強三路攤販臨時集中場","market_address":"高雄市苓雅區自強三路（苓雅路至興中路）","pay_list":"","pay_tool":"","行業代號":null,"行業代號1":null,"名稱1":null,"行業代號2":null,"名稱2":null,"行業代號3":null,"名稱3":null},{"index":90,"id":10063382,"user":"葉初育","shop":"自強三路攤販臨時集中場-三鮮蒸餃","category":"夜市/市場攤販","zone":"高屏","city":"高雄市","area":"苓雅區","market_name":"自強三路攤販臨時集中場","market_address":"高雄市苓雅區自強三路（苓雅路至興中路）","pay_list":"","pay_tool":"","行業代號":null,"行業代號1":null,"名稱1":null,"行業代號2":null,"名稱2":null,"行業代號3":null,"名稱3":null},{"index":91,"id":10063383,"user":"許春罕","shop":"自強三路攤販臨時集中場-芭樂水果","category":"夜市/市場攤販","zone":"高屏","city":"高雄市","area":"苓雅區","market_name":"自強三路攤販臨時集中場","market_address":"高雄市苓雅區自強三路（苓雅路至興中路）","pay_list":"","pay_tool":"","行業代號":null,"行業代號1":null,"名稱1":null,"行業代號2":null,"名稱2":null,"行業代號3":null,"名稱3":null},{"index":92,"id":10063384,"user":"黃麗夙","shop":"自強三路攤販臨時集中場-茶研所","category":"夜市/市場攤販","zone":"高屏","city":"高雄市","area":"苓雅區","market_name":"自強三路攤販臨時集中場","market_address":"高雄市苓雅區自強三路（苓雅路至興中路）","pay_list":"","pay_tool":"","行業代號":null,"行業代號1":null,"名稱1":null,"行業代號2":null,"名稱2":null,"行業代號3":null,"名稱3":null},{"index":93,"id":10063385,"user":"黃美葉","shop":"自強三路攤販臨時集中場-北平館","category":"夜市/市場攤販","zone":"高屏","city":"高雄市","area":"苓雅區","market_name":"自強三路攤販臨時集中場","market_address":"高雄市苓雅區自強三路（苓雅路至興中路）","pay_list":"","pay_tool":"","行業代號":null,"行業代號1":null,"名稱1":null,"行業代號2":null,"名稱2":null,"行業代號3":null,"名稱3":null},{"index":94,"id":10063387,"user":"王丁山","shop":"自強三路攤販臨時集中場-品仁冷飲","category":"夜市/市場攤販","zone":"高屏","city":"高雄市","area":"苓雅區","market_name":"自強三路攤販臨時集中場","market_address":"高雄市苓雅區自強三路（苓雅路至興中路）","pay_list":"","pay_tool":"","行業代號":null,"行業代號1":null,"名稱1":null,"行業代號2":null,"名稱2":null,"行業代號3":null,"名稱3":null},{"index":95,"id":10063388,"user":"卓村松","shop":"自強三路攤販臨時集中場-青草茶","category":"夜市/市場攤販","zone":"高屏","city":"高雄市","area":"苓雅區","market_name":"自強三路攤販臨時集中場","market_address":"高雄市苓雅區自強三路（苓雅路至興中路）","pay_list":"","pay_tool":"","行業代號":null,"行業代號1":null,"名稱1":null,"行業代號2":null,"名稱2":null,"行業代號3":null,"名稱3":null},{"index":96,"id":10063389,"user":"李美玉","shop":"自強三路攤販臨時集中場-燒臘","category":"夜市/市場攤販","zone":"高屏","city":"高雄市","area":"苓雅區","market_name":"自強三路攤販臨時集中場","market_address":"高雄市苓雅區自強三路（苓雅路至興中路）","pay_list":"","pay_tool":"","行業代號":null,"行業代號1":null,"名稱1":null,"行業代號2":null,"名稱2":null,"行業代號3":null,"名稱3":null},{"index":97,"id":10063390,"user":"王明吉","shop":"自強三路攤販臨時集中場-阿部海產","category":"夜市/市場攤販","zone":"高屏","city":"高雄市","area":"苓雅區","market_name":"自強三路攤販臨時集中場","market_address":"高雄市苓雅區自強三路（苓雅路至興中路）","pay_list":"","pay_tool":"","行業代號":null,"行業代號1":null,"名稱1":null,"行業代號2":null,"名稱2":null,"行業代號3":null,"名稱3":null},{"index":98,"id":10063391,"user":"許清能","shop":"自強三路攤販臨時集中場-阿琴海產","category":"夜市/市場攤販","zone":"高屏","city":"高雄市","area":"苓雅區","market_name":"自強三路攤販臨時集中場","market_address":"高雄市苓雅區自強三路（苓雅路至興中路）","pay_list":"","pay_tool":"","行業代號":null,"行業代號1":null,"名稱1":null,"行業代號2":null,"名稱2":null,"行業代號3":null,"名稱3":null},{"index":99,"id":10063392,"user":"王松平","shop":"自強三路攤販臨時集中場-汕頭麵","category":"夜市/市場攤販","zone":"高屏","city":"高雄市","area":"苓雅區","market_name":"自強三路攤販臨時集中場","market_address":"高雄市苓雅區自強三路（苓雅路至興中路）","pay_list":"","pay_tool":"","行業代號":null,"行業代號1":null,"名稱1":null,"行業代號2":null,"名稱2":null,"行業代號3":null,"名稱3":null},{"index":100,"id":10063393,"user":"李勇清","shop":"自強三路攤販臨時集中場-海產飯麵","category":"夜市/市場攤販","zone":"高屏","city":"高雄市","area":"苓雅區","market_name":"自強三路攤販臨時集中場","market_address":"高雄市苓雅區自強三路（苓雅路至興中路）","pay_list":"","pay_tool":"","行業代號":null,"行業代號1":null,"名稱1":null,"行業代號2":null,"名稱2":null,"行業代號3":null,"名稱3":null},{"index":101,"id":10063394,"user":"張德旺","shop":"自強三路攤販臨時集中場-飯麵","category":"夜市/市場攤販","zone":"高屏","city":"高雄市","area":"苓雅區","market_name":"自強三路攤販臨時集中場","market_address":"高雄市苓雅區自強三路（苓雅路至興中路）","pay_list":"","pay_tool":"","行業代號":null,"行業代號1":null,"名稱1":null,"行業代號2":null,"名稱2":null,"行業代號3":null,"名稱3":null},{"index":102,"id":10063395,"user":"何宜整","shop":"自強三路攤販臨時集中場-意麵","category":"夜市/市場攤販","zone":"高屏","city":"高雄市","area":"苓雅區","market_name":"自強三路攤販臨時集中場","market_address":"高雄市苓雅區自強三路（苓雅路至興中路）","pay_list":"","pay_tool":"","行業代號":null,"行業代號1":null,"名稱1":null,"行業代號2":null,"名稱2":null,"行業代號3":null,"名稱3":null},{"index":103,"id":10063396,"user":"李猛光","shop":"自強三路攤販臨時集中場-海產","category":"夜市/市場攤販","zone":"高屏","city":"高雄市","area":"苓雅區","market_name":"自強三路攤販臨時集中場","market_address":"高雄市苓雅區自強三路（苓雅路至興中路）","pay_list":"","pay_tool":"","行業代號":null,"行業代號1":null,"名稱1":null,"行業代號2":null,"名稱2":null,"行業代號3":null,"名稱3":null},{"index":104,"id":10063398,"user":"謝岳龍","shop":"忠孝二路攤販臨時集中場-涼水","category":"夜市/市場攤販","zone":"高屏","city":"高雄市","area":"苓雅區","market_name":"忠孝二路攤販臨時集中場","market_address":"高雄市苓雅區苓雅二路（青年路至苓雅二路）","pay_list":"","pay_tool":"","行業代號":null,"行業代號1":null,"名稱1":null,"行業代號2":null,"名稱2":null,"行業代號3":null,"名稱3":null},{"index":105,"id":10063399,"user":"蔡李芳美","shop":"忠孝二路攤販臨時集中場-香菇肉羹","category":"夜市/市場攤販","zone":"高屏","city":"高雄市","area":"苓雅區","market_name":"忠孝二路攤販臨時集中場","market_address":"高雄市苓雅區苓雅二路（青年路至苓雅二路）","pay_list":"","pay_tool":"","行業代號":null,"行業代號1":null,"名稱1":null,"行業代號2":null,"名稱2":null,"行業代號3":null,"名稱3":null},{"index":106,"id":10063400,"user":"黃淑華","shop":"忠孝二路攤販臨時集中場-冷飲","category":"夜市/市場攤販","zone":"高屏","city":"高雄市","area":"苓雅區","market_name":"忠孝二路攤販臨時集中場","market_address":"高雄市苓雅區苓雅二路（青年路至苓雅二路）","pay_list":"","pay_tool":"","行業代號":null,"行業代號1":null,"名稱1":null,"行業代號2":null,"名稱2":null,"行業代號3":null,"名稱3":null},{"index":107,"id":10063401,"user":"蔡心月","shop":"忠孝二路攤販臨時集中場-紅豆餅","category":"夜市/市場攤販","zone":"高屏","city":"高雄市","area":"苓雅區","market_name":"忠孝二路攤販臨時集中場","market_address":"高雄市苓雅區苓雅二路（青年路至苓雅二路）","pay_list":"","pay_tool":"","行業代號":null,"行業代號1":null,"名稱1":null,"行業代號2":null,"名稱2":null,"行業代號3":null,"名稱3":null},{"index":108,"id":10063402,"user":"黃春耀","shop":"忠孝二路攤販臨時集中場-牛肉麵","category":"夜市/市場攤販","zone":"高屏","city":"高雄市","area":"苓雅區","market_name":"忠孝二路攤販臨時集中場","market_address":"高雄市苓雅區苓雅二路（青年路至苓雅二路）","pay_list":"","pay_tool":"","行業代號":null,"行業代號1":null,"名稱1":null,"行業代號2":null,"名稱2":null,"行業代號3":null,"名稱3":null},{"index":109,"id":10063403,"user":"陳秋惠","shop":"忠孝二路攤販臨時集中場-豬血湯","category":"夜市/市場攤販","zone":"高屏","city":"高雄市","area":"苓雅區","market_name":"忠孝二路攤販臨時集中場","market_address":"高雄市苓雅區苓雅二路（青年路至苓雅二路）","pay_list":"","pay_tool":"","行業代號":null,"行業代號1":null,"名稱1":null,"行業代號2":null,"名稱2":null,"行業代號3":null,"名稱3":null},{"index":110,"id":10063404,"user":"謝志陽","shop":"忠孝二路攤販臨時集中場-熱炒","category":"夜市/市場攤販","zone":"高屏","city":"高雄市","area":"苓雅區","market_name":"忠孝二路攤販臨時集中場","market_address":"高雄市苓雅區苓雅二路（青年路至苓雅二路）","pay_list":"","pay_tool":"","行業代號":null,"行業代號1":null,"名稱1":null,"行業代號2":null,"名稱2":null,"行業代號3":null,"名稱3":null},{"index":111,"id":10063405,"user":"許豊明","shop":"忠孝二路攤販臨時集中場-陽春麵","category":"夜市/市場攤販","zone":"高屏","city":"高雄市","area":"苓雅區","market_name":"忠孝二路攤販臨時集中場","market_address":"高雄市苓雅區苓雅二路（青年路至苓雅二路）","pay_list":"","pay_tool":"","行業代號":null,"行業代號1":null,"名稱1":null,"行業代號2":null,"名稱2":null,"行業代號3":null,"名稱3":null},{"index":112,"id":10063406,"user":"詹奉修","shop":"忠孝二路攤販臨時集中場-米糕","category":"夜市/市場攤販","zone":"高屏","city":"高雄市","area":"苓雅區","market_name":"忠孝二路攤販臨時集中場","market_address":"高雄市苓雅區苓雅二路（青年路至苓雅二路）","pay_list":"","pay_tool":"","行業代號":null,"行業代號1":null,"名稱1":null,"行業代號2":null,"名稱2":null,"行業代號3":null,"名稱3":null},{"index":113,"id":10063407,"user":"林和田","shop":"忠孝二路攤販臨時集中場-肉圓","category":"夜市/市場攤販","zone":"高屏","city":"高雄市","area":"苓雅區","market_name":"忠孝二路攤販臨時集中場","market_address":"高雄市苓雅區苓雅二路（青年路至苓雅二路）","pay_list":"","pay_tool":"","行業代號":null,"行業代號1":null,"名稱1":null,"行業代號2":null,"名稱2":null,"行業代號3":null,"名稱3":null},{"index":114,"id":10063409,"user":"黃陳富金","shop":"忠孝二路攤販臨時集中場-炒麵","category":"夜市/市場攤販","zone":"高屏","city":"高雄市","area":"苓雅區","market_name":"忠孝二路攤販臨時集中場","market_address":"高雄市苓雅區苓雅二路（青年路至苓雅二路）","pay_list":"","pay_tool":"","行業代號":null,"行業代號1":null,"名稱1":null,"行業代號2":null,"名稱2":null,"行業代號3":null,"名稱3":null},{"index":115,"id":10063410,"user":"李?貞","shop":"忠孝二路攤販臨時集中場-煎餃","category":"夜市/市場攤販","zone":"高屏","city":"高雄市","area":"苓雅區","market_name":"忠孝二路攤販臨時集中場","market_address":"高雄市苓雅區苓雅二路（青年路至苓雅二路）","pay_list":"","pay_tool":"","行業代號":null,"行業代號1":null,"名稱1":null,"行業代號2":null,"名稱2":null,"行業代號3":null,"名稱3":null},{"index":116,"id":10063411,"user":"林涇惠","shop":"忠孝二路攤販臨時集中場-帽子","category":"夜市/市場攤販","zone":"高屏","city":"高雄市","area":"苓雅區","market_name":"忠孝二路攤販臨時集中場","market_address":"高雄市苓雅區苓雅二路（青年路至苓雅二路）","pay_list":"","pay_tool":"","行業代號":null,"行業代號1":null,"名稱1":null,"行業代號2":null,"名稱2":null,"行業代號3":null,"名稱3":null},{"index":117,"id":10063412,"user":"陳金花","shop":"忠孝二路攤販臨時集中場-蝦仁炒飯","category":"夜市/市場攤販","zone":"高屏","city":"高雄市","area":"苓雅區","market_name":"忠孝二路攤販臨時集中場","market_address":"高雄市苓雅區苓雅二路（青年路至苓雅二路）","pay_list":"","pay_tool":"","行業代號":null,"行業代號1":null,"名稱1":null,"行業代號2":null,"名稱2":null,"行業代號3":null,"名稱3":null},{"index":118,"id":10063413,"user":"黃瑞霖","shop":"忠孝二路攤販臨時集中場-米糕","category":"夜市/市場攤販","zone":"高屏","city":"高雄市","area":"苓雅區","market_name":"忠孝二路攤販臨時集中場","market_address":"高雄市苓雅區苓雅二路（青年路至苓雅二路）","pay_list":"","pay_tool":"","行業代號":null,"行業代號1":null,"名稱1":null,"行業代號2":null,"名稱2":null,"行業代號3":null,"名稱3":null},{"index":119,"id":10063414,"user":"陳佳蔚","shop":"忠孝二路攤販臨時集中場-烤玉米","category":"夜市/市場攤販","zone":"高屏","city":"高雄市","area":"苓雅區","market_name":"忠孝二路攤販臨時集中場","market_address":"高雄市苓雅區苓雅二路（青年路至苓雅二路）","pay_list":"","pay_tool":"","行業代號":null,"行業代號1":null,"名稱1":null,"行業代號2":null,"名稱2":null,"行業代號3":null,"名稱3":null},{"index":120,"id":10063415,"user":"黃信憲","shop":"忠孝二路攤販臨時集中場-水煎包","category":"夜市/市場攤販","zone":"高屏","city":"高雄市","area":"苓雅區","market_name":"忠孝二路攤販臨時集中場","market_address":"高雄市苓雅區苓雅二路（青年路至苓雅二路）","pay_list":"","pay_tool":"","行業代號":null,"行業代號1":null,"名稱1":null,"行業代號2":null,"名稱2":null,"行業代號3":null,"名稱3":null},{"index":121,"id":10063416,"user":"高劉寶珠","shop":"忠孝二路攤販臨時集中場-春捲","category":"夜市/市場攤販","zone":"高屏","city":"高雄市","area":"苓雅區","market_name":"忠孝二路攤販臨時集中場","market_address":"高雄市苓雅區苓雅二路（青年路至苓雅二路）","pay_list":"","pay_tool":"","行業代號":null,"行業代號1":null,"名稱1":null,"行業代號2":null,"名稱2":null,"行業代號3":null,"名稱3":null},{"index":122,"id":10063417,"user":"吳陳花香","shop":"忠孝二路攤販臨時集中場-冷飲","category":"夜市/市場攤販","zone":"高屏","city":"高雄市","area":"苓雅區","market_name":"忠孝二路攤販臨時集中場","market_address":"高雄市苓雅區苓雅二路（青年路至苓雅二路）","pay_list":"","pay_tool":"","行業代號":null,"行業代號1":null,"名稱1":null,"行業代號2":null,"名稱2":null,"行業代號3":null,"名稱3":null},{"index":123,"id":10063418,"user":"蘇嘉興","shop":"忠孝二路攤販臨時集中場-雞肉飯","category":"夜市/市場攤販","zone":"高屏","city":"高雄市","area":"苓雅區","market_name":"忠孝二路攤販臨時集中場","market_address":"高雄市苓雅區苓雅二路（青年路至苓雅二路）","pay_list":"","pay_tool":"","行業代號":null,"行業代號1":null,"名稱1":null,"行業代號2":null,"名稱2":null,"行業代號3":null,"名稱3":null},{"index":124,"id":10063420,"user":"吳張美玉","shop":"忠孝二路攤販臨時集中場-鹽酥雞","category":"夜市/市場攤販","zone":"高屏","city":"高雄市","area":"苓雅區","market_name":"忠孝二路攤販臨時集中場","market_address":"高雄市苓雅區苓雅二路（青年路至苓雅二路）","pay_list":"","pay_tool":"","行業代號":null,"行業代號1":null,"名稱1":null,"行業代號2":null,"名稱2":null,"行業代號3":null,"名稱3":null},{"index":125,"id":10063421,"user":"莊蕊菊","shop":"忠孝二路攤販臨時集中場-飯糰","category":"夜市/市場攤販","zone":"高屏","city":"高雄市","area":"苓雅區","market_name":"忠孝二路攤販臨時集中場","market_address":"高雄市苓雅區苓雅二路（青年路至苓雅二路）","pay_list":"","pay_tool":"","行業代號":null,"行業代號1":null,"名稱1":null,"行業代號2":null,"名稱2":null,"行業代號3":null,"名稱3":null},{"index":126,"id":10063422,"user":"王天民","shop":"忠孝二路攤販臨時集中場-羊肉","category":"夜市/市場攤販","zone":"高屏","city":"高雄市","area":"苓雅區","market_name":"忠孝二路攤販臨時集中場","market_address":"高雄市苓雅區苓雅二路（青年路至苓雅二路）","pay_list":"","pay_tool":"","行業代號":null,"行業代號1":null,"名稱1":null,"行業代號2":null,"名稱2":null,"行業代號3":null,"名稱3":null},{"index":127,"id":10063423,"user":"劉明財","shop":"忠孝二路攤販臨時集中場-早餐","category":"夜市/市場攤販","zone":"高屏","city":"高雄市","area":"苓雅區","market_name":"忠孝二路攤販臨時集中場","market_address":"高雄市苓雅區苓雅二路（青年路至苓雅二路）","pay_list":"","pay_tool":"","行業代號":null,"行業代號1":null,"名稱1":null,"行業代號2":null,"名稱2":null,"行業代號3":null,"名稱3":null},{"index":128,"id":10063424,"user":"周善","shop":"忠孝二路攤販臨時集中場-魚羹","category":"夜市/市場攤販","zone":"高屏","city":"高雄市","area":"苓雅區","market_name":"忠孝二路攤販臨時集中場","market_address":"高雄市苓雅區苓雅二路（青年路至苓雅二路）","pay_list":"","pay_tool":"","行業代號":null,"行業代號1":null,"名稱1":null,"行業代號2":null,"名稱2":null,"行業代號3":null,"名稱3":null},{"index":129,"id":10063425,"user":"黃瑋宬","shop":"忠孝二路攤販臨時集中場-三明治","category":"夜市/市場攤販","zone":"高屏","city":"高雄市","area":"苓雅區","market_name":"忠孝二路攤販臨時集中場","market_address":"高雄市苓雅區苓雅二路（青年路至苓雅二路）","pay_list":"","pay_tool":"","行業代號":null,"行業代號1":null,"名稱1":null,"行業代號2":null,"名稱2":null,"行業代號3":null,"名稱3":null},{"index":130,"id":10063426,"user":"林茂蓁","shop":"忠孝二路攤販臨時集中場-炒麵","category":"夜市/市場攤販","zone":"高屏","city":"高雄市","area":"苓雅區","market_name":"忠孝二路攤販臨時集中場","market_address":"高雄市苓雅區苓雅二路（青年路至苓雅二路）","pay_list":"","pay_tool":"","行業代號":null,"行業代號1":null,"名稱1":null,"行業代號2":null,"名稱2":null,"行業代號3":null,"名稱3":null},{"index":131,"id":10063427,"user":"張簡宏欽","shop":"忠孝二路攤販臨時集中場-肉圓","category":"夜市/市場攤販","zone":"高屏","city":"高雄市","area":"苓雅區","market_name":"忠孝二路攤販臨時集中場","market_address":"高雄市苓雅區苓雅二路（青年路至苓雅二路）","pay_list":"","pay_tool":"","行業代號":null,"行業代號1":null,"名稱1":null,"行業代號2":null,"名稱2":null,"行業代號3":null,"名稱3":null},{"index":132,"id":10063428,"user":"薛竹婷","shop":"忠孝二路攤販臨時集中場-仙草冰","category":"夜市/市場攤販","zone":"高屏","city":"高雄市","area":"苓雅區","market_name":"忠孝二路攤販臨時集中場","market_address":"高雄市苓雅區苓雅二路（青年路至苓雅二路）","pay_list":"","pay_tool":"","行業代號":null,"行業代號1":null,"名稱1":null,"行業代號2":null,"名稱2":null,"行業代號3":null,"名稱3":null},{"index":133,"id":10063429,"user":"姚楊淑女","shop":"忠孝二路攤販臨時集中場-玉米、花生","category":"夜市/市場攤販","zone":"高屏","city":"高雄市","area":"苓雅區","market_name":"忠孝二路攤販臨時集中場","market_address":"高雄市苓雅區苓雅二路（青年路至苓雅二路）","pay_list":"","pay_tool":"","行業代號":null,"行業代號1":null,"名稱1":null,"行業代號2":null,"名稱2":null,"行業代號3":null,"名稱3":null},{"index":134,"id":10063431,"user":"姚進南","shop":"忠孝二路攤販臨時集中場-糖炒栗子","category":"夜市/市場攤販","zone":"高屏","city":"高雄市","area":"苓雅區","market_name":"忠孝二路攤販臨時集中場","market_address":"高雄市苓雅區苓雅二路（青年路至苓雅二路）","pay_list":"","pay_tool":"","行業代號":null,"行業代號1":null,"名稱1":null,"行業代號2":null,"名稱2":null,"行業代號3":null,"名稱3":null},{"index":135,"id":10063432,"user":"吳哲緯","shop":"忠孝二路攤販臨時集中場-秋記碳烤","category":"夜市/市場攤販","zone":"高屏","city":"高雄市","area":"苓雅區","market_name":"忠孝二路攤販臨時集中場","market_address":"高雄市苓雅區苓雅二路（青年路至苓雅二路）","pay_list":"","pay_tool":"","行業代號":null,"行業代號1":null,"名稱1":null,"行業代號2":null,"名稱2":null,"行業代號3":null,"名稱3":null},{"index":136,"id":10063433,"user":"許銀葉","shop":"忠孝二路攤販臨時集中場-炒麵","category":"夜市/市場攤販","zone":"高屏","city":"高雄市","area":"苓雅區","market_name":"忠孝二路攤販臨時集中場","market_address":"高雄市苓雅區苓雅二路（青年路至苓雅二路）","pay_list":"","pay_tool":"","行業代號":null,"行業代號1":null,"名稱1":null,"行業代號2":null,"名稱2":null,"行業代號3":null,"名稱3":null},{"index":137,"id":10063434,"user":"謝和穎","shop":"忠孝二路攤販臨時集中場-果汁","category":"夜市/市場攤販","zone":"高屏","city":"高雄市","area":"苓雅區","market_name":"忠孝二路攤販臨時集中場","market_address":"高雄市苓雅區苓雅二路（青年路至苓雅二路）","pay_list":"","pay_tool":"","行業代號":null,"行業代號1":null,"名稱1":null,"行業代號2":null,"名稱2":null,"行業代號3":null,"名稱3":null},{"index":138,"id":10063435,"user":"陳慧娟","shop":"忠孝二路攤販臨時集中場-水果","category":"夜市/市場攤販","zone":"高屏","city":"高雄市","area":"苓雅區","market_name":"忠孝二路攤販臨時集中場","market_address":"高雄市苓雅區苓雅二路（青年路至苓雅二路）","pay_list":"","pay_tool":"","行業代號":null,"行業代號1":null,"名稱1":null,"行業代號2":null,"名稱2":null,"行業代號3":null,"名稱3":null},{"index":139,"id":10063436,"user":"謝秀蓮","shop":"忠孝二路攤販臨時集中場-10元壽司","category":"夜市/市場攤販","zone":"高屏","city":"高雄市","area":"苓雅區","market_name":"忠孝二路攤販臨時集中場","market_address":"高雄市苓雅區苓雅二路（青年路至苓雅二路）","pay_list":"","pay_tool":"","行業代號":null,"行業代號1":null,"名稱1":null,"行業代號2":null,"名稱2":null,"行業代號3":null,"名稱3":null},{"index":140,"id":10063437,"user":"劉原良","shop":"忠孝二路攤販臨時集中場-咖哩飯","category":"夜市/市場攤販","zone":"高屏","city":"高雄市","area":"苓雅區","market_name":"忠孝二路攤販臨時集中場","market_address":"高雄市苓雅區苓雅二路（青年路至苓雅二路）","pay_list":"","pay_tool":"","行業代號":null,"行業代號1":null,"名稱1":null,"行業代號2":null,"名稱2":null,"行業代號3":null,"名稱3":null},{"index":141,"id":10063438,"user":"莊嘉程","shop":"忠孝二路攤販臨時集中場-阿彬炒麵","category":"夜市/市場攤販","zone":"高屏","city":"高雄市","area":"苓雅區","market_name":"忠孝二路攤販臨時集中場","market_address":"高雄市苓雅區苓雅二路（青年路至苓雅二路）","pay_list":"","pay_tool":"","行業代號":null,"行業代號1":null,"名稱1":null,"行業代號2":null,"名稱2":null,"行業代號3":null,"名稱3":null},{"index":142,"id":10063439,"user":"溫少玲","shop":"忠孝二路攤販臨時集中場-服飾","category":"夜市/市場攤販","zone":"高屏","city":"高雄市","area":"苓雅區","market_name":"忠孝二路攤販臨時集中場","market_address":"高雄市苓雅區苓雅二路（青年路至苓雅二路）","pay_list":"","pay_tool":"","行業代號":null,"行業代號1":null,"名稱1":null,"行業代號2":null,"名稱2":null,"行業代號3":null,"名稱3":null},{"index":143,"id":10063440,"user":"黃美如","shop":"忠孝二路攤販臨時集中場-素食","category":"夜市/市場攤販","zone":"高屏","city":"高雄市","area":"苓雅區","market_name":"忠孝二路攤販臨時集中場","market_address":"高雄市苓雅區苓雅二路（青年路至苓雅二路）","pay_list":"","pay_tool":"","行業代號":null,"行業代號1":null,"名稱1":null,"行業代號2":null,"名稱2":null,"行業代號3":null,"名稱3":null},{"index":144,"id":10063443,"user":"莊百芬","shop":"忠孝二路攤販臨時集中場-服飾","category":"夜市/市場攤販","zone":"高屏","city":"高雄市","area":"苓雅區","market_name":"忠孝二路攤販臨時集中場","market_address":"高雄市苓雅區苓雅二路（青年路至苓雅二路）","pay_list":"","pay_tool":"","行業代號":null,"行業代號1":null,"名稱1":null,"行業代號2":null,"名稱2":null,"行業代號3":null,"名稱3":null},{"index":145,"id":10063444,"user":"王寶儀","shop":"忠孝二路攤販臨時集中場-服飾","category":"夜市/市場攤販","zone":"高屏","city":"高雄市","area":"苓雅區","market_name":"忠孝二路攤販臨時集中場","market_address":"高雄市苓雅區苓雅二路（青年路至苓雅二路）","pay_list":"","pay_tool":"","行業代號":null,"行業代號1":null,"名稱1":null,"行業代號2":null,"名稱2":null,"行業代號3":null,"名稱3":null},{"index":146,"id":10063445,"user":"王黃金滿","shop":"忠孝二路攤販臨時集中場-服飾","category":"夜市/市場攤販","zone":"高屏","city":"高雄市","area":"苓雅區","market_name":"忠孝二路攤販臨時集中場","market_address":"高雄市苓雅區苓雅二路（青年路至苓雅二路）","pay_list":"","pay_tool":"","行業代號":null,"行業代號1":null,"名稱1":null,"行業代號2":null,"名稱2":null,"行業代號3":null,"名稱3":null},{"index":147,"id":10063446,"user":"許芸綺","shop":"忠孝二路攤販臨時集中場-亞舍紅茶","category":"夜市/市場攤販","zone":"高屏","city":"高雄市","area":"苓雅區","market_name":"忠孝二路攤販臨時集中場","market_address":"高雄市苓雅區苓雅二路（青年路至苓雅二路）","pay_list":"","pay_tool":"","行業代號":null,"行業代號1":null,"名稱1":null,"行業代號2":null,"名稱2":null,"行業代號3":null,"名稱3":null},{"index":148,"id":10063447,"user":"洪馨橙","shop":"忠孝二路攤販臨時集中場-松本鮮奶茶","category":"夜市/市場攤販","zone":"高屏","city":"高雄市","area":"苓雅區","market_name":"忠孝二路攤販臨時集中場","market_address":"高雄市苓雅區苓雅二路（青年路至苓雅二路）","pay_list":"","pay_tool":"","行業代號":null,"行業代號1":null,"名稱1":null,"行業代號2":null,"名稱2":null,"行業代號3":null,"名稱3":null},{"index":149,"id":10063448,"user":"許瑛玲","shop":"忠孝二路攤販臨時集中場-滷味","category":"夜市/市場攤販","zone":"高屏","city":"高雄市","area":"苓雅區","market_name":"忠孝二路攤販臨時集中場","market_address":"高雄市苓雅區苓雅二路（青年路至苓雅二路）","pay_list":"","pay_tool":"","行業代號":null,"行業代號1":null,"名稱1":null,"行業代號2":null,"名稱2":null,"行業代號3":null,"名稱3":null},{"index":150,"id":10063449,"user":"蔡蓮容","shop":"忠孝二路攤販臨時集中場-服飾","category":"夜市/市場攤販","zone":"高屏","city":"高雄市","area":"苓雅區","market_name":"忠孝二路攤販臨時集中場","market_address":"高雄市苓雅區苓雅二路（青年路至苓雅二路）","pay_list":"","pay_tool":"","行業代號":null,"行業代號1":null,"名稱1":null,"行業代號2":null,"名稱2":null,"行業代號3":null,"名稱3":null},{"index":151,"id":10063450,"user":"黃士炘","shop":"忠孝二路攤販臨時集中場-炸雞","category":"夜市/市場攤販","zone":"高屏","city":"高雄市","area":"苓雅區","market_name":"忠孝二路攤販臨時集中場","market_address":"高雄市苓雅區苓雅二路（青年路至苓雅二路）","pay_list":"","pay_tool":"","行業代號":null,"行業代號1":null,"名稱1":null,"行業代號2":null,"名稱2":null,"行業代號3":null,"名稱3":null},{"index":152,"id":10063451,"user":"蘇炳宗","shop":"忠孝二路攤販臨時集中場-蒸餃","category":"夜市/市場攤販","zone":"高屏","city":"高雄市","area":"苓雅區","market_name":"忠孝二路攤販臨時集中場","market_address":"高雄市苓雅區苓雅二路（青年路至苓雅二路）","pay_list":"","pay_tool":"","行業代號":null,"行業代號1":null,"名稱1":null,"行業代號2":null,"名稱2":null,"行業代號3":null,"名稱3":null},{"index":153,"id":10063452,"user":"王莠淇","shop":"忠孝二路攤販臨時集中場-麻辣燙","category":"夜市/市場攤販","zone":"高屏","city":"高雄市","area":"苓雅區","market_name":"忠孝二路攤販臨時集中場","market_address":"高雄市苓雅區苓雅二路（青年路至苓雅二路）","pay_list":"","pay_tool":"","行業代號":null,"行業代號1":null,"名稱1":null,"行業代號2":null,"名稱2":null,"行業代號3":null,"名稱3":null},{"index":154,"id":10063454,"user":"王金銀","shop":"忠孝二路攤販臨時集中場-大灣烤雞","category":"夜市/市場攤販","zone":"高屏","city":"高雄市","area":"苓雅區","market_name":"忠孝二路攤販臨時集中場","market_address":"高雄市苓雅區苓雅二路（青年路至苓雅二路）","pay_list":"","pay_tool":"","行業代號":null,"行業代號1":null,"名稱1":null,"行業代號2":null,"名稱2":null,"行業代號3":null,"名稱3":null},{"index":155,"id":10063455,"user":"黃桂英","shop":"忠孝二路攤販臨時集中場-章魚小丸子","category":"夜市/市場攤販","zone":"高屏","city":"高雄市","area":"苓雅區","market_name":"忠孝二路攤販臨時集中場","market_address":"高雄市苓雅區苓雅二路（青年路至苓雅二路）","pay_list":"","pay_tool":"","行業代號":null,"行業代號1":null,"名稱1":null,"行業代號2":null,"名稱2":null,"行業代號3":null,"名稱3":null},{"index":156,"id":10063456,"user":"吳昌軍","shop":"忠孝二路攤販臨時集中場-9月手作茶","category":"夜市/市場攤販","zone":"高屏","city":"高雄市","area":"苓雅區","market_name":"忠孝二路攤販臨時集中場","market_address":"高雄市苓雅區苓雅二路（青年路至苓雅二路）","pay_list":"","pay_tool":"","行業代號":null,"行業代號1":null,"名稱1":null,"行業代號2":null,"名稱2":null,"行業代號3":null,"名稱3":null},{"index":157,"id":10063457,"user":"黃麗娟","shop":"忠孝二路攤販臨時集中場-水果攤","category":"夜市/市場攤販","zone":"高屏","city":"高雄市","area":"苓雅區","market_name":"忠孝二路攤販臨時集中場","market_address":"高雄市苓雅區苓雅二路（青年路至苓雅二路）","pay_list":"","pay_tool":"","行業代號":null,"行業代號1":null,"名稱1":null,"行業代號2":null,"名稱2":null,"行業代號3":null,"名稱3":null},{"index":158,"id":10063458,"user":"李泳沛","shop":"忠孝二路攤販臨時集中場-雞排","category":"夜市/市場攤販","zone":"高屏","city":"高雄市","area":"苓雅區","market_name":"忠孝二路攤販臨時集中場","market_address":"高雄市苓雅區苓雅二路（青年路至苓雅二路）","pay_list":"","pay_tool":"","行業代號":null,"行業代號1":null,"名稱1":null,"行業代號2":null,"名稱2":null,"行業代號3":null,"名稱3":null},{"index":159,"id":10063459,"user":"賴素碧","shop":"忠孝二路攤販臨時集中場-臭豆腐","category":"夜市/市場攤販","zone":"高屏","city":"高雄市","area":"苓雅區","market_name":"忠孝二路攤販臨時集中場","market_address":"高雄市苓雅區苓雅二路（青年路至苓雅二路）","pay_list":"","pay_tool":"","行業代號":null,"行業代號1":null,"名稱1":null,"行業代號2":null,"名稱2":null,"行業代號3":null,"名稱3":null},{"index":160,"id":10063460,"user":"陳國祥","shop":"忠孝二路攤販臨時集中場-牛排","category":"夜市/市場攤販","zone":"高屏","city":"高雄市","area":"苓雅區","market_name":"忠孝二路攤販臨時集中場","market_address":"高雄市苓雅區苓雅二路（青年路至苓雅二路）","pay_list":"","pay_tool":"","行業代號":null,"行業代號1":null,"名稱1":null,"行業代號2":null,"名稱2":null,"行業代號3":null,"名稱3":null},{"index":161,"id":10063461,"user":"林信明","shop":"忠孝二路攤販臨時集中場-牛小弟牛排","category":"夜市/市場攤販","zone":"高屏","city":"高雄市","area":"苓雅區","market_name":"忠孝二路攤販臨時集中場","market_address":"高雄市苓雅區苓雅二路（青年路至苓雅二路）","pay_list":"","pay_tool":"","行業代號":null,"行業代號1":null,"名稱1":null,"行業代號2":null,"名稱2":null,"行業代號3":null,"名稱3":null},{"index":162,"id":10063462,"user":"杜彥谷","shop":"忠孝二路攤販臨時集中場-大灣烤雞","category":"夜市/市場攤販","zone":"高屏","city":"高雄市","area":"苓雅區","market_name":"忠孝二路攤販臨時集中場","market_address":"高雄市苓雅區苓雅二路（青年路至苓雅二路）","pay_list":"","pay_tool":"","行業代號":null,"行業代號1":null,"名稱1":null,"行業代號2":null,"名稱2":null,"行業代號3":null,"名稱3":null},{"index":163,"id":10063463,"user":"蘇義和","shop":"忠孝二路攤販臨時集中場-服飾","category":"夜市/市場攤販","zone":"高屏","city":"高雄市","area":"苓雅區","market_name":"忠孝二路攤販臨時集中場","market_address":"高雄市苓雅區苓雅二路（青年路至苓雅二路）","pay_list":"","pay_tool":"","行業代號":null,"行業代號1":null,"名稱1":null,"行業代號2":null,"名稱2":null,"行業代號3":null,"名稱3":null},{"index":164,"id":10063465,"user":"沈彩雲","shop":"忠孝二路攤販臨時集中場-素鹽酥雞","category":"夜市/市場攤販","zone":"高屏","city":"高雄市","area":"苓雅區","market_name":"忠孝二路攤販臨時集中場","market_address":"高雄市苓雅區苓雅二路（青年路至苓雅二路）","pay_list":"","pay_tool":"","行業代號":null,"行業代號1":null,"名稱1":null,"行業代號2":null,"名稱2":null,"行業代號3":null,"名稱3":null},{"index":165,"id":10063466,"user":"余瓊芬","shop":"忠孝二路攤販臨時集中場-永吉楊桃湯","category":"夜市/市場攤販","zone":"高屏","city":"高雄市","area":"苓雅區","market_name":"忠孝二路攤販臨時集中場","market_address":"高雄市苓雅區苓雅二路（青年路至苓雅二路）","pay_list":"","pay_tool":"","行業代號":null,"行業代號1":null,"名稱1":null,"行業代號2":null,"名稱2":null,"行業代號3":null,"名稱3":null},{"index":166,"id":10063467,"user":"黃淑卿","shop":"忠孝二路攤販臨時集中場-素食","category":"夜市/市場攤販","zone":"高屏","city":"高雄市","area":"苓雅區","market_name":"忠孝二路攤販臨時集中場","market_address":"高雄市苓雅區苓雅二路（青年路至苓雅二路）","pay_list":"","pay_tool":"","行業代號":null,"行業代號1":null,"名稱1":null,"行業代號2":null,"名稱2":null,"行業代號3":null,"名稱3":null},{"index":167,"id":10063468,"user":"楊曉容","shop":"忠孝二路攤販臨時集中場-涼麵","category":"夜市/市場攤販","zone":"高屏","city":"高雄市","area":"苓雅區","market_name":"忠孝二路攤販臨時集中場","market_address":"高雄市苓雅區苓雅二路（青年路至苓雅二路）","pay_list":"","pay_tool":"","行業代號":null,"行業代號1":null,"名稱1":null,"行業代號2":null,"名稱2":null,"行業代號3":null,"名稱3":null},{"index":168,"id":10063469,"user":"陳安筠","shop":"忠孝二路攤販臨時集中場-素食","category":"夜市/市場攤販","zone":"高屏","city":"高雄市","area":"苓雅區","market_name":"忠孝二路攤販臨時集中場","market_address":"高雄市苓雅區苓雅二路（青年路至苓雅二路）","pay_list":"","pay_tool":"","行業代號":null,"行業代號1":null,"名稱1":null,"行業代號2":null,"名稱2":null,"行業代號3":null,"名稱3":null},{"index":169,"id":10063470,"user":"陳鈺涵","shop":"忠孝二路攤販臨時集中場-黑糖蜜","category":"夜市/市場攤販","zone":"高屏","city":"高雄市","area":"苓雅區","market_name":"忠孝二路攤販臨時集中場","market_address":"高雄市苓雅區苓雅二路（青年路至苓雅二路）","pay_list":"","pay_tool":"","行業代號":null,"行業代號1":null,"名稱1":null,"行業代號2":null,"名稱2":null,"行業代號3":null,"名稱3":null},{"index":170,"id":10063471,"user":"王乃玉","shop":"忠孝二路攤販臨時集中場-冷飲","category":"夜市/市場攤販","zone":"高屏","city":"高雄市","area":"苓雅區","market_name":"忠孝二路攤販臨時集中場","market_address":"高雄市苓雅區苓雅二路（青年路至苓雅二路）","pay_list":"","pay_tool":"","行業代號":null,"行業代號1":null,"名稱1":null,"行業代號2":null,"名稱2":null,"行業代號3":null,"名稱3":null},{"index":171,"id":10063472,"user":"鄭萬來","shop":"忠孝二路攤販臨時集中場-蚵仔煎","category":"夜市/市場攤販","zone":"高屏","city":"高雄市","area":"苓雅區","market_name":"忠孝二路攤販臨時集中場","market_address":"高雄市苓雅區苓雅二路（青年路至苓雅二路）","pay_list":"","pay_tool":"","行業代號":null,"行業代號1":null,"名稱1":null,"行業代號2":null,"名稱2":null,"行業代號3":null,"名稱3":null},{"index":172,"id":10063473,"user":"楊淑玲","shop":"忠孝二路攤販臨時集中場-服飾","category":"夜市/市場攤販","zone":"高屏","city":"高雄市","area":"苓雅區","market_name":"忠孝二路攤販臨時集中場","market_address":"高雄市苓雅區苓雅二路（青年路至苓雅二路）","pay_list":"","pay_tool":"","行業代號":null,"行業代號1":null,"名稱1":null,"行業代號2":null,"名稱2":null,"行業代號3":null,"名稱3":null},{"index":173,"id":10063474,"user":"林俊賢","shop":"忠孝二路攤販臨時集中場-豆花","category":"夜市/市場攤販","zone":"高屏","city":"高雄市","area":"苓雅區","market_name":"忠孝二路攤販臨時集中場","market_address":"高雄市苓雅區苓雅二路（青年路至苓雅二路）","pay_list":"","pay_tool":"","行業代號":null,"行業代號1":null,"名稱1":null,"行業代號2":null,"名稱2":null,"行業代號3":null,"名稱3":null},{"index":174,"id":10063476,"user":"李美珠","shop":"忠孝二路攤販臨時集中場-服飾","category":"夜市/市場攤販","zone":"高屏","city":"高雄市","area":"苓雅區","market_name":"忠孝二路攤販臨時集中場","market_address":"高雄市苓雅區苓雅二路（青年路至苓雅二路）","pay_list":"","pay_tool":"","行業代號":null,"行業代號1":null,"名稱1":null,"行業代號2":null,"名稱2":null,"行業代號3":null,"名稱3":null},{"index":175,"id":10063477,"user":"林家禎","shop":"忠孝二路攤販臨時集中場-早餐","category":"夜市/市場攤販","zone":"高屏","city":"高雄市","area":"苓雅區","market_name":"忠孝二路攤販臨時集中場","market_address":"高雄市苓雅區苓雅二路（青年路至苓雅二路）","pay_list":"","pay_tool":"","行業代號":null,"行業代號1":null,"名稱1":null,"行業代號2":null,"名稱2":null,"行業代號3":null,"名稱3":null},{"index":176,"id":10063478,"user":"潘其秀","shop":"忠孝二路攤販臨時集中場-八寶冰","category":"夜市/市場攤販","zone":"高屏","city":"高雄市","area":"苓雅區","market_name":"忠孝二路攤販臨時集中場","market_address":"高雄市苓雅區苓雅二路（青年路至苓雅二路）","pay_list":"","pay_tool":"","行業代號":null,"行業代號1":null,"名稱1":null,"行業代號2":null,"名稱2":null,"行業代號3":null,"名稱3":null},{"index":177,"id":10063479,"user":"許瓊之","shop":"忠孝二路攤販臨時集中場-服飾","category":"夜市/市場攤販","zone":"高屏","city":"高雄市","area":"苓雅區","market_name":"忠孝二路攤販臨時集中場","market_address":"高雄市苓雅區苓雅二路（青年路至苓雅二路）","pay_list":"","pay_tool":"","行業代號":null,"行業代號1":null,"名稱1":null,"行業代號2":null,"名稱2":null,"行業代號3":null,"名稱3":null},{"index":178,"id":10063480,"user":"曾百坤","shop":"忠孝二路攤販臨時集中場-什錦菜","category":"夜市/市場攤販","zone":"高屏","city":"高雄市","area":"苓雅區","market_name":"忠孝二路攤販臨時集中場","market_address":"高雄市苓雅區苓雅二路（青年路至苓雅二路）","pay_list":"","pay_tool":"","行業代號":null,"行業代號1":null,"名稱1":null,"行業代號2":null,"名稱2":null,"行業代號3":null,"名稱3":null},{"index":179,"id":10063481,"user":"李政賢","shop":"忠孝二路攤販臨時集中場-鹽水雞","category":"夜市/市場攤販","zone":"高屏","city":"高雄市","area":"苓雅區","market_name":"忠孝二路攤販臨時集中場","market_address":"高雄市苓雅區苓雅二路（青年路至苓雅二路）","pay_list":"","pay_tool":"","行業代號":null,"行業代號1":null,"名稱1":null,"行業代號2":null,"名稱2":null,"行業代號3":null,"名稱3":null},{"index":180,"id":10063482,"user":"左偉城","shop":"忠孝二路攤販臨時集中場-服飾","category":"夜市/市場攤販","zone":"高屏","city":"高雄市","area":"苓雅區","market_name":"忠孝二路攤販臨時集中場","market_address":"高雄市苓雅區苓雅二路（青年路至苓雅二路）","pay_list":"","pay_tool":"","行業代號":null,"行業代號1":null,"名稱1":null,"行業代號2":null,"名稱2":null,"行業代號3":null,"名稱3":null},{"index":181,"id":10063483,"user":"陳王?","shop":"忠孝二路攤販臨時集中場-澎湖乾貨","category":"夜市/市場攤販","zone":"高屏","city":"高雄市","area":"苓雅區","market_name":"忠孝二路攤販臨時集中場","market_address":"高雄市苓雅區苓雅二路（青年路至苓雅二路）","pay_list":"","pay_tool":"","行業代號":null,"行業代號1":null,"名稱1":null,"行業代號2":null,"名稱2":null,"行業代號3":null,"名稱3":null},{"index":182,"id":10063484,"user":"李炯達","shop":"忠孝二路攤販臨時集中場-李炯達","category":"夜市/市場攤販","zone":"高屏","city":"高雄市","area":"苓雅區","market_name":"忠孝二路攤販臨時集中場","market_address":"高雄市苓雅區苓雅二路（青年路至苓雅二路）","pay_list":"","pay_tool":"","行業代號":null,"行業代號1":null,"名稱1":null,"行業代號2":null,"名稱2":null,"行業代號3":null,"名稱3":null},{"index":183,"id":10063485,"user":"劉如碧","shop":"忠孝二路攤販臨時集中場-服飾","category":"夜市/市場攤販","zone":"高屏","city":"高雄市","area":"苓雅區","market_name":"忠孝二路攤販臨時集中場","market_address":"高雄市苓雅區苓雅二路（青年路至苓雅二路）","pay_list":"","pay_tool":"","行業代號":null,"行業代號1":null,"名稱1":null,"行業代號2":null,"名稱2":null,"行業代號3":null,"名稱3":null},{"index":184,"id":10063487,"user":"黃旦微","shop":"忠孝二路攤販臨時集中場-六番紅茶","category":"夜市/市場攤販","zone":"高屏","city":"高雄市","area":"苓雅區","market_name":"忠孝二路攤販臨時集中場","market_address":"高雄市苓雅區苓雅二路（青年路至苓雅二路）","pay_list":"","pay_tool":"","行業代號":null,"行業代號1":null,"名稱1":null,"行業代號2":null,"名稱2":null,"行業代號3":null,"名稱3":null},{"index":185,"id":10063488,"user":"張宗保","shop":"忠孝二路攤販臨時集中場-紅豆餅","category":"夜市/市場攤販","zone":"高屏","city":"高雄市","area":"苓雅區","market_name":"忠孝二路攤販臨時集中場","market_address":"高雄市苓雅區苓雅二路（青年路至苓雅二路）","pay_list":"","pay_tool":"","行業代號":null,"行業代號1":null,"名稱1":null,"行業代號2":null,"名稱2":null,"行業代號3":null,"名稱3":null},{"index":186,"id":10063489,"user":"蔡秀男","shop":"林靖攤販臨時集中場-椰子","category":"夜市/市場攤販","zone":"高屏","city":"高雄市","area":"苓雅區","market_name":"林靖攤販臨時集中場","market_address":"高雄市苓雅區河南、河北、三多路","pay_list":"","pay_tool":"","行業代號":null,"行業代號1":null,"名稱1":null,"行業代號2":null,"名稱2":null,"行業代號3":null,"名稱3":null},{"index":187,"id":10063490,"user":"李胡秀枝","shop":"林靖攤販臨時集中場-成衣","category":"夜市/市場攤販","zone":"高屏","city":"高雄市","area":"苓雅區","market_name":"林靖攤販臨時集中場","market_address":"高雄市苓雅區河南、河北、三多路","pay_list":"","pay_tool":"","行業代號":null,"行業代號1":null,"名稱1":null,"行業代號2":null,"名稱2":null,"行業代號3":null,"名稱3":null},{"index":188,"id":10063491,"user":"吳尉菁","shop":"林靖攤販臨時集中場-自助餐","category":"夜市/市場攤販","zone":"高屏","city":"高雄市","area":"苓雅區","market_name":"林靖攤販臨時集中場","market_address":"高雄市苓雅區河南、河北、三多路","pay_list":"","pay_tool":"","行業代號":null,"行業代號1":null,"名稱1":null,"行業代號2":null,"名稱2":null,"行業代號3":null,"名稱3":null},{"index":189,"id":10063492,"user":"洪錦財","shop":"林靖攤販臨時集中場-成衣","category":"夜市/市場攤販","zone":"高屏","city":"高雄市","area":"苓雅區","market_name":"林靖攤販臨時集中場","market_address":"高雄市苓雅區河南、河北、三多路","pay_list":"","pay_tool":"","行業代號":null,"行業代號1":null,"名稱1":null,"行業代號2":null,"名稱2":null,"行業代號3":null,"名稱3":null},{"index":190,"id":10063493,"user":"葉美嬌","shop":"林靖攤販臨時集中場-自助餐","category":"夜市/市場攤販","zone":"高屏","city":"高雄市","area":"苓雅區","market_name":"林靖攤販臨時集中場","market_address":"高雄市苓雅區河南、河北、三多路","pay_list":"","pay_tool":"","行業代號":null,"行業代號1":null,"名稱1":null,"行業代號2":null,"名稱2":null,"行業代號3":null,"名稱3":null},{"index":191,"id":10063494,"user":"阮富政","shop":"林靖攤販臨時集中場-台品","category":"夜市/市場攤販","zone":"高屏","city":"高雄市","area":"苓雅區","market_name":"林靖攤販臨時集中場","market_address":"高雄市苓雅區河南、河北、三多路","pay_list":"","pay_tool":"","行業代號":null,"行業代號1":null,"名稱1":null,"行業代號2":null,"名稱2":null,"行業代號3":null,"名稱3":null},{"index":192,"id":10063495,"user":"劉振遠","shop":"林靖攤販臨時集中場-米糕","category":"夜市/市場攤販","zone":"高屏","city":"高雄市","area":"苓雅區","market_name":"林靖攤販臨時集中場","market_address":"高雄市苓雅區河南、河北、三多路","pay_list":"","pay_tool":"","行業代號":null,"行業代號1":null,"名稱1":null,"行業代號2":null,"名稱2":null,"行業代號3":null,"名稱3":null},{"index":193,"id":10063496,"user":"鄭劉彩雲","shop":"林靖攤販臨時集中場-米糕","category":"夜市/市場攤販","zone":"高屏","city":"高雄市","area":"苓雅區","market_name":"林靖攤販臨時集中場","market_address":"高雄市苓雅區河南、河北、三多路","pay_list":"","pay_tool":"","行業代號":null,"行業代號1":null,"名稱1":null,"行業代號2":null,"名稱2":null,"行業代號3":null,"名稱3":null},{"index":194,"id":10063498,"user":"鄭育惠","shop":"林靖攤販臨時集中場-素料","category":"夜市/市場攤販","zone":"高屏","city":"高雄市","area":"苓雅區","market_name":"林靖攤販臨時集中場","market_address":"高雄市苓雅區河南、河北、三多路","pay_list":"","pay_tool":"","行業代號":null,"行業代號1":null,"名稱1":null,"行業代號2":null,"名稱2":null,"行業代號3":null,"名稱3":null},{"index":195,"id":10063499,"user":"蔡慶宏","shop":"林靖攤販臨時集中場-水冷電","category":"夜市/市場攤販","zone":"高屏","city":"高雄市","area":"苓雅區","market_name":"林靖攤販臨時集中場","market_address":"高雄市苓雅區河南、河北、三多路","pay_list":"","pay_tool":"","行業代號":null,"行業代號1":null,"名稱1":null,"行業代號2":null,"名稱2":null,"行業代號3":null,"名稱3":null},{"index":196,"id":10063500,"user":"陳姿吟","shop":"林靖攤販臨時集中場-素食","category":"夜市/市場攤販","zone":"高屏","city":"高雄市","area":"苓雅區","market_name":"林靖攤販臨時集中場","market_address":"高雄市苓雅區河南、河北、三多路","pay_list":"","pay_tool":"","行業代號":null,"行業代號1":null,"名稱1":null,"行業代號2":null,"名稱2":null,"行業代號3":null,"名稱3":null},{"index":197,"id":10063501,"user":"柯忠義","shop":"林靖攤販臨時集中場-米糕","category":"夜市/市場攤販","zone":"高屏","city":"高雄市","area":"苓雅區","market_name":"林靖攤販臨時集中場","market_address":"高雄市苓雅區河南、河北、三多路","pay_list":"","pay_tool":"","行業代號":null,"行業代號1":null,"名稱1":null,"行業代號2":null,"名稱2":null,"行業代號3":null,"名稱3":null},{"index":198,"id":10063502,"user":"陳春桃","shop":"林靖攤販臨時集中場-臭豆腐","category":"夜市/市場攤販","zone":"高屏","city":"高雄市","area":"苓雅區","market_name":"林靖攤販臨時集中場","market_address":"高雄市苓雅區河南、河北、三多路","pay_list":"","pay_tool":"","行業代號":null,"行業代號1":null,"名稱1":null,"行業代號2":null,"名稱2":null,"行業代號3":null,"名稱3":null},{"index":199,"id":10063503,"user":"曾謝炎秋","shop":"林靖攤販臨時集中場-海產","category":"夜市/市場攤販","zone":"高屏","city":"高雄市","area":"苓雅區","market_name":"林靖攤販臨時集中場","market_address":"高雄市苓雅區河南、河北、三多路","pay_list":"","pay_tool":"","行業代號":null,"行業代號1":null,"名稱1":null,"行業代號2":null,"名稱2":null,"行業代號3":null,"名稱3":null},{"index":200,"id":10063504,"user":"王連雄","shop":"林靖攤販臨時集中場-鍋燒麵","category":"夜市/市場攤販","zone":"高屏","city":"高雄市","area":"苓雅區","market_name":"林靖攤販臨時集中場","market_address":"高雄市苓雅區河南、河北、三多路","pay_list":"","pay_tool":"","行業代號":null,"行業代號1":null,"名稱1":null,"行業代號2":null,"名稱2":null,"行業代號3":null,"名稱3":null}]