[{"index":1,"id":20000924,"user":"溫良樟","shop":"溫良樟","category":["夜市/市場攤販"],"zone":"桃竹苗","city":"新竹縣","area":"竹北市","market_name":["餐食攤販"],"market_address":"新竹縣竹北市竹義里三民路３６７號","pay_list":"","pay_tool":"","行業代號":null,"行業代號1":null,"名稱1":null,"行業代號2":null,"名稱2":null,"行業代號3":null,"名稱3":null},{"index":2,"id":20007116,"user":"鄭啓東","shop":"可口滷味","category":["夜市/市場攤販"],"zone":"桃竹苗","city":"新竹縣","area":"竹北市","market_name":["餐食攤販"],"market_address":"新竹縣竹北市竹義里博愛街３５９號旁邊","pay_list":"","pay_tool":"","行業代號":null,"行業代號1":null,"名稱1":null,"行業代號2":null,"名稱2":null,"行業代號3":null,"名稱3":null},{"index":3,"id":20007123,"user":"葉美華","shop":"馨園自助廳","category":["夜市/市場攤販"],"zone":"桃竹苗","city":"新竹縣","area":"竹北市","market_name":["餐食攤販"],"market_address":"新竹縣竹北市新社里中正西路３３２號３樓","pay_list":"","pay_tool":"","行業代號":null,"行業代號1":null,"名稱1":null,"行業代號2":null,"名稱2":null,"行業代號3":null,"名稱3":null},{"index":4,"id":20030114,"user":"陳秀珍","shop":"陳秀珍","category":["夜市/市場攤販"],"zone":"桃竹苗","city":"新竹縣","area":"竹北市","market_name":["餐食攤販"],"market_address":"新竹縣竹北市民權街２６號門前","pay_list":"","pay_tool":"","行業代號":null,"行業代號1":null,"名稱1":null,"行業代號2":null,"名稱2":null,"行業代號3":null,"名稱3":null},{"index":5,"id":20039865,"user":"杜文中","shop":"光復饅頭店","category":["夜市/市場攤販"],"zone":"桃竹苗","city":"新竹縣","area":"竹北市","market_name":["餐食攤販"],"market_address":"新竹縣竹北市中華路３０５之２號","pay_list":"","pay_tool":"","行業代號":null,"行業代號1":null,"名稱1":null,"行業代號2":null,"名稱2":null,"行業代號3":null,"名稱3":null},{"index":6,"id":20043130,"user":"童美子","shop":"童美子","category":["夜市/市場攤販"],"zone":"桃竹苗","city":"新竹縣","area":"竹北市","market_name":["餐食攤販"],"market_address":"新竹縣竹北市尚義街４２６巷１００號（鳳崎步道１．８７ＫＭ）","pay_list":["LINE PAY MONEY"],"pay_tool":["行動支付"],"行業代號":null,"行業代號1":null,"名稱1":null,"行業代號2":null,"名稱2":null,"行業代號3":null,"名稱3":null},{"index":7,"id":20043134,"user":"林永澄","shop":"林永澄","category":["夜市/市場攤販"],"zone":"桃竹苗","city":"新竹縣","area":"竹北市","market_name":["餐食攤販"],"market_address":"新竹縣竹北市尚義街４２６巷１００號（鳳崎步道１．８７ＫＭ）","pay_list":"","pay_tool":"","行業代號":null,"行業代號1":null,"名稱1":null,"行業代號2":null,"名稱2":null,"行業代號3":null,"名稱3":null},{"index":8,"id":20048102,"user":"蔡文彬","shop":"ㄚ彬飯糰","category":["夜市/市場攤販"],"zone":"桃竹苗","city":"新竹縣","area":"竹北市","market_name":["餐食攤販"],"market_address":"新竹縣竹北市福興路９０６號","pay_list":"","pay_tool":"","行業代號":null,"行業代號1":null,"名稱1":null,"行業代號2":null,"名稱2":null,"行業代號3":null,"名稱3":null},{"index":9,"id":20055097,"user":"林敬堯","shop":"無邊界","category":["夜市/市場攤販"],"zone":"桃竹苗","city":"新竹縣","area":"竹北市","market_name":["餐食攤販"],"market_address":"新竹縣竹北市中華路５８４巷１０號","pay_list":"","pay_tool":"","行業代號":null,"行業代號1":null,"名稱1":null,"行業代號2":null,"名稱2":null,"行業代號3":null,"名稱3":null},{"index":10,"id":20055500,"user":"蔡文維","shop":"大熊廚房","category":["夜市/市場攤販"],"zone":"桃竹苗","city":"新竹縣","area":"竹北市","market_name":["餐食攤販"],"market_address":"新竹縣竹北市尚義里鳳岡路五段６４２巷２０號","pay_list":"","pay_tool":"","行業代號":null,"行業代號1":null,"名稱1":null,"行業代號2":null,"名稱2":null,"行業代號3":null,"名稱3":null},{"index":11,"id":20055597,"user":"陳俊龍","shop":"十興燒烤","category":["夜市/市場攤販"],"zone":"桃竹苗","city":"新竹縣","area":"竹北市","market_name":["餐食攤販"],"market_address":"新竹縣竹北市東興里自強北路２８８號（前）","pay_list":"","pay_tool":"","行業代號":null,"行業代號1":null,"名稱1":null,"行業代號2":null,"名稱2":null,"行業代號3":null,"名稱3":null},{"index":12,"id":20055971,"user":"劉明錫","shop":"鹿咖哩","category":["夜市/市場攤販"],"zone":"桃竹苗","city":"新竹縣","area":"竹北市","market_name":["餐食攤販"],"market_address":"新竹縣竹北市中興里福興東路二段９７號騎樓","pay_list":"","pay_tool":"","行業代號":null,"行業代號1":null,"名稱1":null,"行業代號2":null,"名稱2":null,"行業代號3":null,"名稱3":null},{"index":13,"id":20055989,"user":"魏瑋德","shop":"安可Ｗａｙ","category":["夜市/市場攤販"],"zone":"桃竹苗","city":"新竹縣","area":"竹北市","market_name":["餐食攤販"],"market_address":"新竹縣竹北市光明三路３４號１樓前（騎樓）","pay_list":["LINE PAY MONEY"],"pay_tool":["行動支付"],"行業代號":null,"行業代號1":null,"名稱1":null,"行業代號2":null,"名稱2":null,"行業代號3":null,"名稱3":null},{"index":14,"id":20061179,"user":"張瑋玲","shop":"米香莊","category":["夜市/市場攤販"],"zone":"桃竹苗","city":"新竹縣","area":"竹北市","market_name":["餐食攤販"],"market_address":"新竹縣竹北市竹義里華興街２１５－２號","pay_list":"","pay_tool":"","行業代號":null,"行業代號1":null,"名稱1":null,"行業代號2":null,"名稱2":null,"行業代號3":null,"名稱3":null},{"index":15,"id":60070834,"user":"薛欽琦","shop":"好佳自助餐","category":["夜市/市場攤販"],"zone":"桃竹苗","city":"新竹縣","area":"竹北市","market_name":["餐食攤販"],"market_address":"新竹縣竹北市中山路６２１號","pay_list":null,"pay_tool":null,"行業代號":"561200","行業代號1":"","名稱1":"","行業代號2":"","名稱2":"","行業代號3":"","名稱3":""},{"index":16,"id":60078556,"user":"彭竣宏","shop":"珊綺小吃店","category":["夜市/市場攤販"],"zone":"桃竹苗","city":"新竹縣","area":"竹北市","market_name":["餐食攤販"],"market_address":"新竹縣竹北市華興街３６０號","pay_list":null,"pay_tool":null,"行業代號":"561200","行業代號1":"","名稱1":"","行業代號2":"","名稱2":"","行業代號3":"","名稱3":""},{"index":17,"id":60116783,"user":"魏霆暄","shop":"魏世王朝企業社","category":["夜市/市場攤販"],"zone":"桃竹苗","city":"新竹縣","area":"竹北市","market_name":["餐食攤販"],"market_address":"新竹縣竹北市北興里十興路２６７號１樓","pay_list":null,"pay_tool":null,"行業代號":"561200","行業代號1":"","名稱1":"","行業代號2":"","名稱2":"","行業代號3":"","名稱3":""},{"index":18,"id":60116804,"user":"謝美珠","shop":"哄供煎餅","category":["夜市/市場攤販"],"zone":"桃竹苗","city":"新竹縣","area":"竹北市","market_name":["餐食攤販"],"market_address":"新竹縣竹北市北崙里光明一路３０７號","pay_list":null,"pay_tool":null,"行業代號":"561200","行業代號1":"","名稱1":"","行業代號2":"","名稱2":"","行業代號3":"","名稱3":""},{"index":19,"id":60121653,"user":"羅世均","shop":"二良脆皮烤饅頭店","category":["夜市/市場攤販"],"zone":"桃竹苗","city":"新竹縣","area":"竹北市","market_name":["餐食攤販"],"market_address":"新竹縣竹北市東興里嘉興路３５８號１樓","pay_list":null,"pay_tool":null,"行業代號":"561200","行業代號1":"","名稱1":"","行業代號2":"","名稱2":"","行業代號3":"","名稱3":""}]