[{"index":1,"id":10029822,"user":"陳惠純","shop":"東公有零售市場-店鋪區1號","category":"夜市/市場攤販","zone":"雲嘉南","city":"嘉義市","area":"東區","market_name":"東公有零售市場","market_address":"嘉義市東區忠孝路、光彩街、中正路間區塊","pay_list":"","pay_tool":"","行業代號":null,"行業代號1":null,"名稱1":null,"行業代號2":null,"名稱2":null,"行業代號3":null,"名稱3":null},{"index":2,"id":10029823,"user":"賴永慶","shop":"東公有零售市場-店鋪區2號","category":"夜市/市場攤販","zone":"雲嘉南","city":"嘉義市","area":"東區","market_name":"東公有零售市場","market_address":"嘉義市東區忠孝路、光彩街、中正路間區塊","pay_list":"","pay_tool":"","行業代號":null,"行業代號1":null,"名稱1":null,"行業代號2":null,"名稱2":null,"行業代號3":null,"名稱3":null},{"index":3,"id":10029824,"user":"李素月","shop":"東公有零售市場-店鋪區3號","category":"夜市/市場攤販","zone":"雲嘉南","city":"嘉義市","area":"東區","market_name":"東公有零售市場","market_address":"嘉義市東區忠孝路、光彩街、中正路間區塊","pay_list":["台灣 PAY"],"pay_tool":["行動支付"],"行業代號":null,"行業代號1":null,"名稱1":null,"行業代號2":null,"名稱2":null,"行業代號3":null,"名稱3":null},{"index":4,"id":10029827,"user":"黃俊興","shop":"東公有零售市場-店鋪區4號","category":"夜市/市場攤販","zone":"雲嘉南","city":"嘉義市","area":"東區","market_name":"東公有零售市場","market_address":"嘉義市東區忠孝路、光彩街、中正路間區塊","pay_list":"","pay_tool":"","行業代號":null,"行業代號1":null,"名稱1":null,"行業代號2":null,"名稱2":null,"行業代號3":null,"名稱3":null},{"index":5,"id":10029828,"user":"黃麗玲","shop":"東公有零售市場-店鋪區5號","category":"夜市/市場攤販","zone":"雲嘉南","city":"嘉義市","area":"東區","market_name":"東公有零售市場","market_address":"嘉義市東區忠孝路、光彩街、中正路間區塊","pay_list":"","pay_tool":"","行業代號":null,"行業代號1":null,"名稱1":null,"行業代號2":null,"名稱2":null,"行業代號3":null,"名稱3":null},{"index":6,"id":10029829,"user":"陳清河","shop":"東公有零售市場-店鋪區6號","category":"夜市/市場攤販","zone":"雲嘉南","city":"嘉義市","area":"東區","market_name":"東公有零售市場","market_address":"嘉義市東區忠孝路、光彩街、中正路間區塊","pay_list":"","pay_tool":"","行業代號":null,"行業代號1":null,"名稱1":null,"行業代號2":null,"名稱2":null,"行業代號3":null,"名稱3":null},{"index":7,"id":10029830,"user":"李雨辰","shop":"東公有零售市場-店鋪區7號","category":"夜市/市場攤販","zone":"雲嘉南","city":"嘉義市","area":"東區","market_name":"東公有零售市場","market_address":"嘉義市東區忠孝路、光彩街、中正路間區塊","pay_list":"","pay_tool":"","行業代號":null,"行業代號1":null,"名稱1":null,"行業代號2":null,"名稱2":null,"行業代號3":null,"名稱3":null},{"index":8,"id":10029831,"user":"王秋婉","shop":"東公有零售市場-店鋪區8號","category":"夜市/市場攤販","zone":"雲嘉南","city":"嘉義市","area":"東區","market_name":"東公有零售市場","market_address":"嘉義市東區忠孝路、光彩街、中正路間區塊","pay_list":"","pay_tool":"","行業代號":null,"行業代號1":null,"名稱1":null,"行業代號2":null,"名稱2":null,"行業代號3":null,"名稱3":null},{"index":9,"id":10029832,"user":"蔡政達","shop":"東公有零售市場-店鋪區9號","category":"夜市/市場攤販","zone":"雲嘉南","city":"嘉義市","area":"東區","market_name":"東公有零售市場","market_address":"嘉義市東區忠孝路、光彩街、中正路間區塊","pay_list":["台灣 PAY"],"pay_tool":["行動支付"],"行業代號":null,"行業代號1":null,"名稱1":null,"行業代號2":null,"名稱2":null,"行業代號3":null,"名稱3":null},{"index":10,"id":10029833,"user":"盧永杉","shop":"東公有零售市場-店鋪區10號","category":"夜市/市場攤販","zone":"雲嘉南","city":"嘉義市","area":"東區","market_name":"東公有零售市場","market_address":"嘉義市東區忠孝路、光彩街、中正路間區塊","pay_list":["台灣 PAY"],"pay_tool":["行動支付"],"行業代號":null,"行業代號1":null,"名稱1":null,"行業代號2":null,"名稱2":null,"行業代號3":null,"名稱3":null},{"index":11,"id":10029834,"user":"陳采彤","shop":"東公有零售市場-店鋪區11號","category":"夜市/市場攤販","zone":"雲嘉南","city":"嘉義市","area":"東區","market_name":"東公有零售市場","market_address":"嘉義市東區忠孝路、光彩街、中正路間區塊","pay_list":"","pay_tool":"","行業代號":null,"行業代號1":null,"名稱1":null,"行業代號2":null,"名稱2":null,"行業代號3":null,"名稱3":null},{"index":12,"id":10029835,"user":"陳冠達","shop":"東公有零售市場-店鋪區12號","category":"夜市/市場攤販","zone":"雲嘉南","city":"嘉義市","area":"東區","market_name":"東公有零售市場","market_address":"嘉義市東區忠孝路、光彩街、中正路間區塊","pay_list":"","pay_tool":"","行業代號":null,"行業代號1":null,"名稱1":null,"行業代號2":null,"名稱2":null,"行業代號3":null,"名稱3":null},{"index":13,"id":10029836,"user":"胡志湧","shop":"東公有零售市場-店鋪區13號","category":"夜市/市場攤販","zone":"雲嘉南","city":"嘉義市","area":"東區","market_name":"東公有零售市場","market_address":"嘉義市東區忠孝路、光彩街、中正路間區塊","pay_list":["台灣 PAY"],"pay_tool":["行動支付"],"行業代號":null,"行業代號1":null,"名稱1":null,"行業代號2":null,"名稱2":null,"行業代號3":null,"名稱3":null},{"index":14,"id":10029838,"user":"何昆蒼","shop":"東公有零售市場-店鋪區14號","category":"夜市/市場攤販","zone":"雲嘉南","city":"嘉義市","area":"東區","market_name":"東公有零售市場","market_address":"嘉義市東區忠孝路、光彩街、中正路間區塊","pay_list":["台灣 PAY"],"pay_tool":["行動支付"],"行業代號":null,"行業代號1":null,"名稱1":null,"行業代號2":null,"名稱2":null,"行業代號3":null,"名稱3":null},{"index":15,"id":10029839,"user":"林郭秀惠","shop":"東公有零售市場-店鋪區15號","category":"夜市/市場攤販","zone":"雲嘉南","city":"嘉義市","area":"東區","market_name":"東公有零售市場","market_address":"嘉義市東區忠孝路、光彩街、中正路間區塊","pay_list":"","pay_tool":"","行業代號":null,"行業代號1":null,"名稱1":null,"行業代號2":null,"名稱2":null,"行業代號3":null,"名稱3":null},{"index":16,"id":10029840,"user":"洪有和","shop":"東公有零售市場-店鋪區16號","category":"夜市/市場攤販","zone":"雲嘉南","city":"嘉義市","area":"東區","market_name":"東公有零售市場","market_address":"嘉義市東區忠孝路、光彩街、中正路間區塊","pay_list":"","pay_tool":"","行業代號":null,"行業代號1":null,"名稱1":null,"行業代號2":null,"名稱2":null,"行業代號3":null,"名稱3":null},{"index":17,"id":10029841,"user":"羅惠芬","shop":"東公有零售市場-店鋪區17號","category":"夜市/市場攤販","zone":"雲嘉南","city":"嘉義市","area":"東區","market_name":"東公有零售市場","market_address":"嘉義市東區忠孝路、光彩街、中正路間區塊","pay_list":"","pay_tool":"","行業代號":null,"行業代號1":null,"名稱1":null,"行業代號2":null,"名稱2":null,"行業代號3":null,"名稱3":null},{"index":18,"id":10029842,"user":"陳秀","shop":"東公有零售市場-店鋪區18號","category":"夜市/市場攤販","zone":"雲嘉南","city":"嘉義市","area":"東區","market_name":"東公有零售市場","market_address":"嘉義市東區忠孝路、光彩街、中正路間區塊","pay_list":"","pay_tool":"","行業代號":null,"行業代號1":null,"名稱1":null,"行業代號2":null,"名稱2":null,"行業代號3":null,"名稱3":null},{"index":19,"id":10029843,"user":"羅介源","shop":"東公有零售市場-店鋪區19號","category":"夜市/市場攤販","zone":"雲嘉南","city":"嘉義市","area":"東區","market_name":"東公有零售市場","market_address":"嘉義市東區忠孝路、光彩街、中正路間區塊","pay_list":"","pay_tool":"","行業代號":null,"行業代號1":null,"名稱1":null,"行業代號2":null,"名稱2":null,"行業代號3":null,"名稱3":null},{"index":20,"id":10029844,"user":"陳士堂","shop":"東公有零售市場-店鋪區20號","category":"夜市/市場攤販","zone":"雲嘉南","city":"嘉義市","area":"東區","market_name":"東公有零售市場","market_address":"嘉義市東區忠孝路、光彩街、中正路間區塊","pay_list":"","pay_tool":"","行業代號":null,"行業代號1":null,"名稱1":null,"行業代號2":null,"名稱2":null,"行業代號3":null,"名稱3":null},{"index":21,"id":10029845,"user":"陳士振","shop":"東公有零售市場-店鋪區21號","category":"夜市/市場攤販","zone":"雲嘉南","city":"嘉義市","area":"東區","market_name":"東公有零售市場","market_address":"嘉義市東區忠孝路、光彩街、中正路間區塊","pay_list":["台灣 PAY"],"pay_tool":["行動支付"],"行業代號":null,"行業代號1":null,"名稱1":null,"行業代號2":null,"名稱2":null,"行業代號3":null,"名稱3":null},{"index":22,"id":10029846,"user":"李焜傑","shop":"東公有零售市場-店鋪區22號","category":"夜市/市場攤販","zone":"雲嘉南","city":"嘉義市","area":"東區","market_name":"東公有零售市場","market_address":"嘉義市東區忠孝路、光彩街、中正路間區塊","pay_list":"","pay_tool":"","行業代號":null,"行業代號1":null,"名稱1":null,"行業代號2":null,"名稱2":null,"行業代號3":null,"名稱3":null},{"index":23,"id":10029847,"user":"蔡政勳","shop":"東公有零售市場-飲食區1號","category":"夜市/市場攤販","zone":"雲嘉南","city":"嘉義市","area":"東區","market_name":"東公有零售市場","market_address":"嘉義市東區忠孝路、光彩街、中正路間區塊","pay_list":"","pay_tool":"","行業代號":null,"行業代號1":null,"名稱1":null,"行業代號2":null,"名稱2":null,"行業代號3":null,"名稱3":null},{"index":24,"id":10029849,"user":"吳若芷","shop":"東公有零售市場-飲食區3號","category":"夜市/市場攤販","zone":"雲嘉南","city":"嘉義市","area":"東區","market_name":"東公有零售市場","market_address":"嘉義市東區忠孝路、光彩街、中正路間區塊","pay_list":"","pay_tool":"","行業代號":null,"行業代號1":null,"名稱1":null,"行業代號2":null,"名稱2":null,"行業代號3":null,"名稱3":null},{"index":25,"id":10029850,"user":"蔡政哲","shop":"東公有零售市場-飲食區4號","category":"夜市/市場攤販","zone":"雲嘉南","city":"嘉義市","area":"東區","market_name":"東公有零售市場","market_address":"嘉義市東區忠孝路、光彩街、中正路間區塊","pay_list":["台灣 PAY"],"pay_tool":["行動支付"],"行業代號":null,"行業代號1":null,"名稱1":null,"行業代號2":null,"名稱2":null,"行業代號3":null,"名稱3":null},{"index":26,"id":10029851,"user":"李文慶","shop":"東公有零售市場-飲食區5號","category":"夜市/市場攤販","zone":"雲嘉南","city":"嘉義市","area":"東區","market_name":"東公有零售市場","market_address":"嘉義市東區忠孝路、光彩街、中正路間區塊","pay_list":"","pay_tool":"","行業代號":null,"行業代號1":null,"名稱1":null,"行業代號2":null,"名稱2":null,"行業代號3":null,"名稱3":null},{"index":27,"id":10029852,"user":"李文欽","shop":"東公有零售市場-飲食區6號","category":"夜市/市場攤販","zone":"雲嘉南","city":"嘉義市","area":"東區","market_name":"東公有零售市場","market_address":"嘉義市東區忠孝路、光彩街、中正路間區塊","pay_list":"","pay_tool":"","行業代號":null,"行業代號1":null,"名稱1":null,"行業代號2":null,"名稱2":null,"行業代號3":null,"名稱3":null},{"index":28,"id":10029853,"user":"周茂森","shop":"東公有零售市場-飲食區7號","category":"夜市/市場攤販","zone":"雲嘉南","city":"嘉義市","area":"東區","market_name":"東公有零售市場","market_address":"嘉義市東區忠孝路、光彩街、中正路間區塊","pay_list":"","pay_tool":"","行業代號":null,"行業代號1":null,"名稱1":null,"行業代號2":null,"名稱2":null,"行業代號3":null,"名稱3":null},{"index":29,"id":10029854,"user":"沈嘉榮","shop":"東公有零售市場-飲食區8號","category":"夜市/市場攤販","zone":"雲嘉南","city":"嘉義市","area":"東區","market_name":"東公有零售市場","market_address":"嘉義市東區忠孝路、光彩街、中正路間區塊","pay_list":"","pay_tool":"","行業代號":null,"行業代號1":null,"名稱1":null,"行業代號2":null,"名稱2":null,"行業代號3":null,"名稱3":null},{"index":30,"id":10029855,"user":"周梅玉","shop":"東公有零售市場-飲食區9號","category":"夜市/市場攤販","zone":"雲嘉南","city":"嘉義市","area":"東區","market_name":"東公有零售市場","market_address":"嘉義市東區忠孝路、光彩街、中正路間區塊","pay_list":"","pay_tool":"","行業代號":null,"行業代號1":null,"名稱1":null,"行業代號2":null,"名稱2":null,"行業代號3":null,"名稱3":null},{"index":31,"id":10029856,"user":"蕭張碧蓮","shop":"東公有零售市場-飲食區11號","category":"夜市/市場攤販","zone":"雲嘉南","city":"嘉義市","area":"東區","market_name":"東公有零售市場","market_address":"嘉義市東區忠孝路、光彩街、中正路間區塊","pay_list":["台灣 PAY"],"pay_tool":["行動支付"],"行業代號":null,"行業代號1":null,"名稱1":null,"行業代號2":null,"名稱2":null,"行業代號3":null,"名稱3":null},{"index":32,"id":10029857,"user":"蕭印廷","shop":"東公有零售市場-飲食區12號","category":"夜市/市場攤販","zone":"雲嘉南","city":"嘉義市","area":"東區","market_name":"東公有零售市場","market_address":"嘉義市東區忠孝路、光彩街、中正路間區塊","pay_list":["台灣 PAY"],"pay_tool":["行動支付"],"行業代號":null,"行業代號1":null,"名稱1":null,"行業代號2":null,"名稱2":null,"行業代號3":null,"名稱3":null},{"index":33,"id":10029858,"user":"周碧連","shop":"東公有零售市場-飲食區13號","category":"夜市/市場攤販","zone":"雲嘉南","city":"嘉義市","area":"東區","market_name":"東公有零售市場","market_address":"嘉義市東區忠孝路、光彩街、中正路間區塊","pay_list":"","pay_tool":"","行業代號":null,"行業代號1":null,"名稱1":null,"行業代號2":null,"名稱2":null,"行業代號3":null,"名稱3":null},{"index":34,"id":10029860,"user":"李秋蓮","shop":"東公有零售市場-飲食區14號","category":"夜市/市場攤販","zone":"雲嘉南","city":"嘉義市","area":"東區","market_name":"東公有零售市場","market_address":"嘉義市東區忠孝路、光彩街、中正路間區塊","pay_list":"","pay_tool":"","行業代號":null,"行業代號1":null,"名稱1":null,"行業代號2":null,"名稱2":null,"行業代號3":null,"名稱3":null},{"index":35,"id":10029861,"user":"袁健智","shop":"東公有零售市場-飲食區16號","category":"夜市/市場攤販","zone":"雲嘉南","city":"嘉義市","area":"東區","market_name":"東公有零售市場","market_address":"嘉義市東區忠孝路、光彩街、中正路間區塊","pay_list":["台灣 PAY"],"pay_tool":["行動支付"],"行業代號":null,"行業代號1":null,"名稱1":null,"行業代號2":null,"名稱2":null,"行業代號3":null,"名稱3":null},{"index":36,"id":10029862,"user":"林冠男","shop":"東公有零售市場-飲食區17號","category":"夜市/市場攤販","zone":"雲嘉南","city":"嘉義市","area":"東區","market_name":"東公有零售市場","market_address":"嘉義市東區忠孝路、光彩街、中正路間區塊","pay_list":["台灣 PAY"],"pay_tool":["行動支付"],"行業代號":null,"行業代號1":null,"名稱1":null,"行業代號2":null,"名稱2":null,"行業代號3":null,"名稱3":null},{"index":37,"id":10029863,"user":"林浚清","shop":"東公有零售市場-飲食區18號","category":"夜市/市場攤販","zone":"雲嘉南","city":"嘉義市","area":"東區","market_name":"東公有零售市場","market_address":"嘉義市東區忠孝路、光彩街、中正路間區塊","pay_list":["台灣 PAY"],"pay_tool":["行動支付"],"行業代號":null,"行業代號1":null,"名稱1":null,"行業代號2":null,"名稱2":null,"行業代號3":null,"名稱3":null},{"index":38,"id":10029864,"user":"侯啟文","shop":"東公有零售市場-飲食區19號","category":"夜市/市場攤販","zone":"雲嘉南","city":"嘉義市","area":"東區","market_name":"東公有零售市場","market_address":"嘉義市東區忠孝路、光彩街、中正路間區塊","pay_list":["台灣 PAY"],"pay_tool":["行動支付"],"行業代號":null,"行業代號1":null,"名稱1":null,"行業代號2":null,"名稱2":null,"行業代號3":null,"名稱3":null},{"index":39,"id":10029865,"user":"張文馨","shop":"東公有零售市場-飲食區20號","category":"夜市/市場攤販","zone":"雲嘉南","city":"嘉義市","area":"東區","market_name":"東公有零售市場","market_address":"嘉義市東區忠孝路、光彩街、中正路間區塊","pay_list":["台灣 PAY"],"pay_tool":["行動支付"],"行業代號":null,"行業代號1":null,"名稱1":null,"行業代號2":null,"名稱2":null,"行業代號3":null,"名稱3":null},{"index":40,"id":10029866,"user":"郭麗珍","shop":"東公有零售市場-飲食區21號","category":"夜市/市場攤販","zone":"雲嘉南","city":"嘉義市","area":"東區","market_name":"東公有零售市場","market_address":"嘉義市東區忠孝路、光彩街、中正路間區塊","pay_list":["台灣 PAY"],"pay_tool":["行動支付"],"行業代號":null,"行業代號1":null,"名稱1":null,"行業代號2":null,"名稱2":null,"行業代號3":null,"名稱3":null},{"index":41,"id":10029867,"user":"周茂順","shop":"東公有零售市場-飲食區22號","category":"夜市/市場攤販","zone":"雲嘉南","city":"嘉義市","area":"東區","market_name":"東公有零售市場","market_address":"嘉義市東區忠孝路、光彩街、中正路間區塊","pay_list":"","pay_tool":"","行業代號":null,"行業代號1":null,"名稱1":null,"行業代號2":null,"名稱2":null,"行業代號3":null,"名稱3":null},{"index":42,"id":10029868,"user":"沈嘉文","shop":"東公有零售市場-飲食區23號","category":"夜市/市場攤販","zone":"雲嘉南","city":"嘉義市","area":"東區","market_name":"東公有零售市場","market_address":"嘉義市東區忠孝路、光彩街、中正路間區塊","pay_list":"","pay_tool":"","行業代號":null,"行業代號1":null,"名稱1":null,"行業代號2":null,"名稱2":null,"行業代號3":null,"名稱3":null},{"index":43,"id":10029869,"user":"林瑞雲","shop":"東公有零售市場-飲食區24號","category":"夜市/市場攤販","zone":"雲嘉南","city":"嘉義市","area":"東區","market_name":"東公有零售市場","market_address":"嘉義市東區忠孝路、光彩街、中正路間區塊","pay_list":"","pay_tool":"","行業代號":null,"行業代號1":null,"名稱1":null,"行業代號2":null,"名稱2":null,"行業代號3":null,"名稱3":null},{"index":44,"id":10029871,"user":"包慧菁","shop":"東公有零售市場-飲食區25號","category":"夜市/市場攤販","zone":"雲嘉南","city":"嘉義市","area":"東區","market_name":"東公有零售市場","market_address":"嘉義市東區忠孝路、光彩街、中正路間區塊","pay_list":"","pay_tool":"","行業代號":null,"行業代號1":null,"名稱1":null,"行業代號2":null,"名稱2":null,"行業代號3":null,"名稱3":null},{"index":45,"id":10029872,"user":"李孟儒","shop":"東公有零售市場-飲食區27號","category":"夜市/市場攤販","zone":"雲嘉南","city":"嘉義市","area":"東區","market_name":"東公有零售市場","market_address":"嘉義市東區忠孝路、光彩街、中正路間區塊","pay_list":"","pay_tool":"","行業代號":null,"行業代號1":null,"名稱1":null,"行業代號2":null,"名稱2":null,"行業代號3":null,"名稱3":null},{"index":46,"id":10029873,"user":"洪禎彩","shop":"東公有零售市場-飲食區28號","category":"夜市/市場攤販","zone":"雲嘉南","city":"嘉義市","area":"東區","market_name":"東公有零售市場","market_address":"嘉義市東區忠孝路、光彩街、中正路間區塊","pay_list":"","pay_tool":"","行業代號":null,"行業代號1":null,"名稱1":null,"行業代號2":null,"名稱2":null,"行業代號3":null,"名稱3":null},{"index":47,"id":10029874,"user":"謝玫玲","shop":"東公有零售市場-飲食區29號","category":"夜市/市場攤販","zone":"雲嘉南","city":"嘉義市","area":"東區","market_name":"東公有零售市場","market_address":"嘉義市東區忠孝路、光彩街、中正路間區塊","pay_list":"","pay_tool":"","行業代號":null,"行業代號1":null,"名稱1":null,"行業代號2":null,"名稱2":null,"行業代號3":null,"名稱3":null},{"index":48,"id":10029875,"user":"陳喻虹","shop":"東公有零售市場-飲食區30號","category":"夜市/市場攤販","zone":"雲嘉南","city":"嘉義市","area":"東區","market_name":"東公有零售市場","market_address":"嘉義市東區忠孝路、光彩街、中正路間區塊","pay_list":"","pay_tool":"","行業代號":null,"行業代號1":null,"名稱1":null,"行業代號2":null,"名稱2":null,"行業代號3":null,"名稱3":null},{"index":49,"id":10029876,"user":"邱朝宗","shop":"東公有零售市場-鮮魚區1號","category":"夜市/市場攤販","zone":"雲嘉南","city":"嘉義市","area":"東區","market_name":"東公有零售市場","market_address":"嘉義市東區忠孝路、光彩街、中正路間區塊","pay_list":["台灣 PAY"],"pay_tool":["行動支付"],"行業代號":null,"行業代號1":null,"名稱1":null,"行業代號2":null,"名稱2":null,"行業代號3":null,"名稱3":null},{"index":50,"id":10029877,"user":"許貴芳","shop":"東公有零售市場-鮮魚區4號","category":"夜市/市場攤販","zone":"雲嘉南","city":"嘉義市","area":"東區","market_name":"東公有零售市場","market_address":"嘉義市東區忠孝路、光彩街、中正路間區塊","pay_list":"","pay_tool":"","行業代號":null,"行業代號1":null,"名稱1":null,"行業代號2":null,"名稱2":null,"行業代號3":null,"名稱3":null},{"index":51,"id":10029878,"user":"周材學","shop":"東公有零售市場-鮮魚區5號","category":"夜市/市場攤販","zone":"雲嘉南","city":"嘉義市","area":"東區","market_name":"東公有零售市場","market_address":"嘉義市東區忠孝路、光彩街、中正路間區塊","pay_list":"","pay_tool":"","行業代號":null,"行業代號1":null,"名稱1":null,"行業代號2":null,"名稱2":null,"行業代號3":null,"名稱3":null},{"index":52,"id":10029879,"user":"周廷諫","shop":"東公有零售市場-鮮魚區7號","category":"夜市/市場攤販","zone":"雲嘉南","city":"嘉義市","area":"東區","market_name":"東公有零售市場","market_address":"嘉義市東區忠孝路、光彩街、中正路間區塊","pay_list":"","pay_tool":"","行業代號":null,"行業代號1":null,"名稱1":null,"行業代號2":null,"名稱2":null,"行業代號3":null,"名稱3":null},{"index":53,"id":10029880,"user":"李榮富","shop":"東公有零售市場-鮮魚區8號","category":"夜市/市場攤販","zone":"雲嘉南","city":"嘉義市","area":"東區","market_name":"東公有零售市場","market_address":"嘉義市東區忠孝路、光彩街、中正路間區塊","pay_list":"","pay_tool":"","行業代號":null,"行業代號1":null,"名稱1":null,"行業代號2":null,"名稱2":null,"行業代號3":null,"名稱3":null},{"index":54,"id":10029882,"user":"鍾月卿","shop":"東公有零售市場-鮮魚區13號","category":"夜市/市場攤販","zone":"雲嘉南","city":"嘉義市","area":"東區","market_name":"東公有零售市場","market_address":"嘉義市東區忠孝路、光彩街、中正路間區塊","pay_list":"","pay_tool":"","行業代號":null,"行業代號1":null,"名稱1":null,"行業代號2":null,"名稱2":null,"行業代號3":null,"名稱3":null},{"index":55,"id":10029883,"user":"陳素玉","shop":"東公有零售市場-鮮魚區14號","category":"夜市/市場攤販","zone":"雲嘉南","city":"嘉義市","area":"東區","market_name":"東公有零售市場","market_address":"嘉義市東區忠孝路、光彩街、中正路間區塊","pay_list":"","pay_tool":"","行業代號":null,"行業代號1":null,"名稱1":null,"行業代號2":null,"名稱2":null,"行業代號3":null,"名稱3":null},{"index":56,"id":10029884,"user":"黃美月","shop":"東公有零售市場-鮮魚區19號","category":"夜市/市場攤販","zone":"雲嘉南","city":"嘉義市","area":"東區","market_name":"東公有零售市場","market_address":"嘉義市東區忠孝路、光彩街、中正路間區塊","pay_list":["台灣 PAY"],"pay_tool":["行動支付"],"行業代號":null,"行業代號1":null,"名稱1":null,"行業代號2":null,"名稱2":null,"行業代號3":null,"名稱3":null},{"index":57,"id":10029885,"user":"郭韓玉","shop":"東公有零售市場-鮮魚區21號","category":"夜市/市場攤販","zone":"雲嘉南","city":"嘉義市","area":"東區","market_name":"東公有零售市場","market_address":"嘉義市東區忠孝路、光彩街、中正路間區塊","pay_list":"","pay_tool":"","行業代號":null,"行業代號1":null,"名稱1":null,"行業代號2":null,"名稱2":null,"行業代號3":null,"名稱3":null},{"index":58,"id":10029886,"user":"陳秀枝","shop":"東公有零售市場-鮮魚區22號","category":"夜市/市場攤販","zone":"雲嘉南","city":"嘉義市","area":"東區","market_name":"東公有零售市場","market_address":"嘉義市東區忠孝路、光彩街、中正路間區塊","pay_list":"","pay_tool":"","行業代號":null,"行業代號1":null,"名稱1":null,"行業代號2":null,"名稱2":null,"行業代號3":null,"名稱3":null},{"index":59,"id":10029887,"user":"蔡東凱","shop":"東公有零售市場-鮮魚區23號","category":"夜市/市場攤販","zone":"雲嘉南","city":"嘉義市","area":"東區","market_name":"東公有零售市場","market_address":"嘉義市東區忠孝路、光彩街、中正路間區塊","pay_list":"","pay_tool":"","行業代號":null,"行業代號1":null,"名稱1":null,"行業代號2":null,"名稱2":null,"行業代號3":null,"名稱3":null},{"index":60,"id":10029888,"user":"蔡東義","shop":"東公有零售市場-鮮魚區24號","category":"夜市/市場攤販","zone":"雲嘉南","city":"嘉義市","area":"東區","market_name":"東公有零售市場","market_address":"嘉義市東區忠孝路、光彩街、中正路間區塊","pay_list":"","pay_tool":"","行業代號":null,"行業代號1":null,"名稱1":null,"行業代號2":null,"名稱2":null,"行業代號3":null,"名稱3":null},{"index":61,"id":10029889,"user":"蔡素芳","shop":"東公有零售市場-鮮魚區25號","category":"夜市/市場攤販","zone":"雲嘉南","city":"嘉義市","area":"東區","market_name":"東公有零售市場","market_address":"嘉義市東區忠孝路、光彩街、中正路間區塊","pay_list":"","pay_tool":"","行業代號":null,"行業代號1":null,"名稱1":null,"行業代號2":null,"名稱2":null,"行業代號3":null,"名稱3":null},{"index":62,"id":10029890,"user":"陳福來","shop":"東公有零售市場-鮮魚區28號","category":"夜市/市場攤販","zone":"雲嘉南","city":"嘉義市","area":"東區","market_name":"東公有零售市場","market_address":"嘉義市東區忠孝路、光彩街、中正路間區塊","pay_list":"","pay_tool":"","行業代號":null,"行業代號1":null,"名稱1":null,"行業代號2":null,"名稱2":null,"行業代號3":null,"名稱3":null},{"index":63,"id":10029891,"user":"陳協盛","shop":"東公有零售市場-鮮魚區29號","category":"夜市/市場攤販","zone":"雲嘉南","city":"嘉義市","area":"東區","market_name":"東公有零售市場","market_address":"嘉義市東區忠孝路、光彩街、中正路間區塊","pay_list":"","pay_tool":"","行業代號":null,"行業代號1":null,"名稱1":null,"行業代號2":null,"名稱2":null,"行業代號3":null,"名稱3":null},{"index":64,"id":10029893,"user":"李榮常","shop":"東公有零售市場-鮮魚區31號","category":"夜市/市場攤販","zone":"雲嘉南","city":"嘉義市","area":"東區","market_name":"東公有零售市場","market_address":"嘉義市東區忠孝路、光彩街、中正路間區塊","pay_list":"","pay_tool":"","行業代號":null,"行業代號1":null,"名稱1":null,"行業代號2":null,"名稱2":null,"行業代號3":null,"名稱3":null},{"index":65,"id":10029894,"user":"許銘桐","shop":"東公有零售市場-鮮魚區32號","category":"夜市/市場攤販","zone":"雲嘉南","city":"嘉義市","area":"東區","market_name":"東公有零售市場","market_address":"嘉義市東區忠孝路、光彩街、中正路間區塊","pay_list":"","pay_tool":"","行業代號":null,"行業代號1":null,"名稱1":null,"行業代號2":null,"名稱2":null,"行業代號3":null,"名稱3":null},{"index":66,"id":10029895,"user":"胡楊菊","shop":"東公有零售市場-日用什貨區1號","category":"夜市/市場攤販","zone":"雲嘉南","city":"嘉義市","area":"東區","market_name":"東公有零售市場","market_address":"嘉義市東區忠孝路、光彩街、中正路間區塊","pay_list":"","pay_tool":"","行業代號":null,"行業代號1":null,"名稱1":null,"行業代號2":null,"名稱2":null,"行業代號3":null,"名稱3":null},{"index":67,"id":10029896,"user":"蔡振鴻","shop":"東公有零售市場-日用什貨區1-1號","category":"夜市/市場攤販","zone":"雲嘉南","city":"嘉義市","area":"東區","market_name":"東公有零售市場","market_address":"嘉義市東區忠孝路、光彩街、中正路間區塊","pay_list":"","pay_tool":"","行業代號":null,"行業代號1":null,"名稱1":null,"行業代號2":null,"名稱2":null,"行業代號3":null,"名稱3":null},{"index":68,"id":10029897,"user":"邱淑君","shop":"東公有零售市場-日用什貨區2號","category":"夜市/市場攤販","zone":"雲嘉南","city":"嘉義市","area":"東區","market_name":"東公有零售市場","market_address":"嘉義市東區忠孝路、光彩街、中正路間區塊","pay_list":"","pay_tool":"","行業代號":null,"行業代號1":null,"名稱1":null,"行業代號2":null,"名稱2":null,"行業代號3":null,"名稱3":null},{"index":69,"id":10029898,"user":"蒲金龍","shop":"東公有零售市場-日用什貨區3號","category":"夜市/市場攤販","zone":"雲嘉南","city":"嘉義市","area":"東區","market_name":"東公有零售市場","market_address":"嘉義市東區忠孝路、光彩街、中正路間區塊","pay_list":["台灣 PAY"],"pay_tool":["行動支付"],"行業代號":null,"行業代號1":null,"名稱1":null,"行業代號2":null,"名稱2":null,"行業代號3":null,"名稱3":null},{"index":70,"id":10029899,"user":"邱瑞彬","shop":"東公有零售市場-日用什貨區4號","category":"夜市/市場攤販","zone":"雲嘉南","city":"嘉義市","area":"東區","market_name":"東公有零售市場","market_address":"嘉義市東區忠孝路、光彩街、中正路間區塊","pay_list":["台灣 PAY"],"pay_tool":["行動支付"],"行業代號":null,"行業代號1":null,"名稱1":null,"行業代號2":null,"名稱2":null,"行業代號3":null,"名稱3":null},{"index":71,"id":10029900,"user":"賴菊","shop":"東公有零售市場-日用什貨區5號","category":"夜市/市場攤販","zone":"雲嘉南","city":"嘉義市","area":"東區","market_name":"東公有零售市場","market_address":"嘉義市東區忠孝路、光彩街、中正路間區塊","pay_list":["UberEats"],"pay_tool":["行動支付"],"行業代號":null,"行業代號1":null,"名稱1":null,"行業代號2":null,"名稱2":null,"行業代號3":null,"名稱3":null},{"index":72,"id":10029901,"user":"黃美華","shop":"東公有零售市場-日用什貨區6號","category":"夜市/市場攤販","zone":"雲嘉南","city":"嘉義市","area":"東區","market_name":"東公有零售市場","market_address":"嘉義市東區忠孝路、光彩街、中正路間區塊","pay_list":["UberEats"],"pay_tool":["行動支付"],"行業代號":null,"行業代號1":null,"名稱1":null,"行業代號2":null,"名稱2":null,"行業代號3":null,"名稱3":null},{"index":73,"id":10029902,"user":"陳永澤","shop":"東公有零售市場-日用什貨區7號","category":"夜市/市場攤販","zone":"雲嘉南","city":"嘉義市","area":"東區","market_name":"東公有零售市場","market_address":"嘉義市東區忠孝路、光彩街、中正路間區塊","pay_list":"","pay_tool":"","行業代號":null,"行業代號1":null,"名稱1":null,"行業代號2":null,"名稱2":null,"行業代號3":null,"名稱3":null},{"index":74,"id":10029904,"user":"李榮富","shop":"東公有零售市場-日用什貨區9號","category":"夜市/市場攤販","zone":"雲嘉南","city":"嘉義市","area":"東區","market_name":"東公有零售市場","market_address":"嘉義市東區忠孝路、光彩街、中正路間區塊","pay_list":"","pay_tool":"","行業代號":null,"行業代號1":null,"名稱1":null,"行業代號2":null,"名稱2":null,"行業代號3":null,"名稱3":null},{"index":75,"id":10029905,"user":"邱振豪","shop":"東公有零售市場-日用什貨區10號","category":"夜市/市場攤販","zone":"雲嘉南","city":"嘉義市","area":"東區","market_name":"東公有零售市場","market_address":"嘉義市東區忠孝路、光彩街、中正路間區塊","pay_list":["台灣 PAY"],"pay_tool":["行動支付"],"行業代號":null,"行業代號1":null,"名稱1":null,"行業代號2":null,"名稱2":null,"行業代號3":null,"名稱3":null},{"index":76,"id":10029906,"user":"邱建樺","shop":"東公有零售市場-日用什貨區11號","category":"夜市/市場攤販","zone":"雲嘉南","city":"嘉義市","area":"東區","market_name":"東公有零售市場","market_address":"嘉義市東區忠孝路、光彩街、中正路間區塊","pay_list":["台灣 PAY"],"pay_tool":["行動支付"],"行業代號":null,"行業代號1":null,"名稱1":null,"行業代號2":null,"名稱2":null,"行業代號3":null,"名稱3":null},{"index":77,"id":10029907,"user":"闕李智子","shop":"東公有零售市場-日用什貨區12號","category":"夜市/市場攤販","zone":"雲嘉南","city":"嘉義市","area":"東區","market_name":"東公有零售市場","market_address":"嘉義市東區忠孝路、光彩街、中正路間區塊","pay_list":"","pay_tool":"","行業代號":null,"行業代號1":null,"名稱1":null,"行業代號2":null,"名稱2":null,"行業代號3":null,"名稱3":null},{"index":78,"id":10029908,"user":"許周素蕊","shop":"東公有零售市場-日用什貨區13號","category":"夜市/市場攤販","zone":"雲嘉南","city":"嘉義市","area":"東區","market_name":"東公有零售市場","market_address":"嘉義市東區忠孝路、光彩街、中正路間區塊","pay_list":"","pay_tool":"","行業代號":null,"行業代號1":null,"名稱1":null,"行業代號2":null,"名稱2":null,"行業代號3":null,"名稱3":null},{"index":79,"id":10029909,"user":"許福雄","shop":"東公有零售市場-日用什貨區14號","category":"夜市/市場攤販","zone":"雲嘉南","city":"嘉義市","area":"東區","market_name":"東公有零售市場","market_address":"嘉義市東區忠孝路、光彩街、中正路間區塊","pay_list":"","pay_tool":"","行業代號":null,"行業代號1":null,"名稱1":null,"行業代號2":null,"名稱2":null,"行業代號3":null,"名稱3":null},{"index":80,"id":10029910,"user":"陳冠穎","shop":"東公有零售市場-日用什貨區15號","category":"夜市/市場攤販","zone":"雲嘉南","city":"嘉義市","area":"東區","market_name":"東公有零售市場","market_address":"嘉義市東區忠孝路、光彩街、中正路間區塊","pay_list":"","pay_tool":"","行業代號":null,"行業代號1":null,"名稱1":null,"行業代號2":null,"名稱2":null,"行業代號3":null,"名稱3":null},{"index":81,"id":10029911,"user":"蔡清郎","shop":"東公有零售市場-四區12號","category":"夜市/市場攤販","zone":"雲嘉南","city":"嘉義市","area":"東區","market_name":"東公有零售市場","market_address":"嘉義市東區忠孝路、光彩街、中正路間區塊","pay_list":"","pay_tool":"","行業代號":null,"行業代號1":null,"名稱1":null,"行業代號2":null,"名稱2":null,"行業代號3":null,"名稱3":null},{"index":82,"id":10029912,"user":"吳居穎","shop":"東公有零售市場-四區13號","category":"夜市/市場攤販","zone":"雲嘉南","city":"嘉義市","area":"東區","market_name":"東公有零售市場","market_address":"嘉義市東區忠孝路、光彩街、中正路間區塊","pay_list":"","pay_tool":"","行業代號":null,"行業代號1":null,"名稱1":null,"行業代號2":null,"名稱2":null,"行業代號3":null,"名稱3":null},{"index":83,"id":10029913,"user":"洪國書","shop":"東公有零售市場-四區14號","category":"夜市/市場攤販","zone":"雲嘉南","city":"嘉義市","area":"東區","market_name":"東公有零售市場","market_address":"嘉義市東區忠孝路、光彩街、中正路間區塊","pay_list":"","pay_tool":"","行業代號":null,"行業代號1":null,"名稱1":null,"行業代號2":null,"名稱2":null,"行業代號3":null,"名稱3":null},{"index":84,"id":10029915,"user":"洪憲三","shop":"東公有零售市場-四區14-1號","category":"夜市/市場攤販","zone":"雲嘉南","city":"嘉義市","area":"東區","market_name":"東公有零售市場","market_address":"嘉義市東區忠孝路、光彩街、中正路間區塊","pay_list":"","pay_tool":"","行業代號":null,"行業代號1":null,"名稱1":null,"行業代號2":null,"名稱2":null,"行業代號3":null,"名稱3":null},{"index":85,"id":10029916,"user":"劉旻奇","shop":"東公有零售市場-四區15號","category":"夜市/市場攤販","zone":"雲嘉南","city":"嘉義市","area":"東區","market_name":"東公有零售市場","market_address":"嘉義市東區忠孝路、光彩街、中正路間區塊","pay_list":"","pay_tool":"","行業代號":null,"行業代號1":null,"名稱1":null,"行業代號2":null,"名稱2":null,"行業代號3":null,"名稱3":null},{"index":86,"id":10029917,"user":"陳張華玉","shop":"東公有零售市場-四區16號","category":"夜市/市場攤販","zone":"雲嘉南","city":"嘉義市","area":"東區","market_name":"東公有零售市場","market_address":"嘉義市東區忠孝路、光彩街、中正路間區塊","pay_list":"","pay_tool":"","行業代號":null,"行業代號1":null,"名稱1":null,"行業代號2":null,"名稱2":null,"行業代號3":null,"名稱3":null},{"index":87,"id":10029918,"user":"林趙赫玉","shop":"東公有零售市場-四區17號","category":"夜市/市場攤販","zone":"雲嘉南","city":"嘉義市","area":"東區","market_name":"東公有零售市場","market_address":"嘉義市東區忠孝路、光彩街、中正路間區塊","pay_list":"","pay_tool":"","行業代號":null,"行業代號1":null,"名稱1":null,"行業代號2":null,"名稱2":null,"行業代號3":null,"名稱3":null},{"index":88,"id":10029919,"user":"魏翠萍","shop":"東公有零售市場-四區18號","category":"夜市/市場攤販","zone":"雲嘉南","city":"嘉義市","area":"東區","market_name":"東公有零售市場","market_address":"嘉義市東區忠孝路、光彩街、中正路間區塊","pay_list":["台灣 PAY"],"pay_tool":["行動支付"],"行業代號":null,"行業代號1":null,"名稱1":null,"行業代號2":null,"名稱2":null,"行業代號3":null,"名稱3":null},{"index":89,"id":10029920,"user":"蘇裕謙","shop":"東公有零售市場-四區19號","category":"夜市/市場攤販","zone":"雲嘉南","city":"嘉義市","area":"東區","market_name":"東公有零售市場","market_address":"嘉義市東區忠孝路、光彩街、中正路間區塊","pay_list":"","pay_tool":"","行業代號":null,"行業代號1":null,"名稱1":null,"行業代號2":null,"名稱2":null,"行業代號3":null,"名稱3":null},{"index":90,"id":10029921,"user":"蘇文聰","shop":"東公有零售市場-四區20號","category":"夜市/市場攤販","zone":"雲嘉南","city":"嘉義市","area":"東區","market_name":"東公有零售市場","market_address":"嘉義市東區忠孝路、光彩街、中正路間區塊","pay_list":"","pay_tool":"","行業代號":null,"行業代號1":null,"名稱1":null,"行業代號2":null,"名稱2":null,"行業代號3":null,"名稱3":null},{"index":91,"id":10029922,"user":"朱嘉和","shop":"東公有零售市場-四區21號","category":"夜市/市場攤販","zone":"雲嘉南","city":"嘉義市","area":"東區","market_name":"東公有零售市場","market_address":"嘉義市東區忠孝路、光彩街、中正路間區塊","pay_list":"","pay_tool":"","行業代號":null,"行業代號1":null,"名稱1":null,"行業代號2":null,"名稱2":null,"行業代號3":null,"名稱3":null},{"index":92,"id":10029923,"user":"張彩純","shop":"東公有零售市場-四區22號","category":"夜市/市場攤販","zone":"雲嘉南","city":"嘉義市","area":"東區","market_name":"東公有零售市場","market_address":"嘉義市東區忠孝路、光彩街、中正路間區塊","pay_list":"","pay_tool":"","行業代號":null,"行業代號1":null,"名稱1":null,"行業代號2":null,"名稱2":null,"行業代號3":null,"名稱3":null},{"index":93,"id":10029924,"user":"朱崧銘","shop":"東公有零售市場-四區23號","category":"夜市/市場攤販","zone":"雲嘉南","city":"嘉義市","area":"東區","market_name":"東公有零售市場","market_address":"嘉義市東區忠孝路、光彩街、中正路間區塊","pay_list":"","pay_tool":"","行業代號":null,"行業代號1":null,"名稱1":null,"行業代號2":null,"名稱2":null,"行業代號3":null,"名稱3":null},{"index":94,"id":10029926,"user":"鍾旺享","shop":"東公有零售市場-四區24號","category":"夜市/市場攤販","zone":"雲嘉南","city":"嘉義市","area":"東區","market_name":"東公有零售市場","market_address":"嘉義市東區忠孝路、光彩街、中正路間區塊","pay_list":"","pay_tool":"","行業代號":null,"行業代號1":null,"名稱1":null,"行業代號2":null,"名稱2":null,"行業代號3":null,"名稱3":null},{"index":95,"id":10029927,"user":"袁振傑","shop":"東公有零售市場-四區25號","category":"夜市/市場攤販","zone":"雲嘉南","city":"嘉義市","area":"東區","market_name":"東公有零售市場","market_address":"嘉義市東區忠孝路、光彩街、中正路間區塊","pay_list":"","pay_tool":"","行業代號":null,"行業代號1":null,"名稱1":null,"行業代號2":null,"名稱2":null,"行業代號3":null,"名稱3":null},{"index":96,"id":10029928,"user":"陳曲香","shop":"東公有零售市場-四區26號","category":"夜市/市場攤販","zone":"雲嘉南","city":"嘉義市","area":"東區","market_name":"東公有零售市場","market_address":"嘉義市東區忠孝路、光彩街、中正路間區塊","pay_list":"","pay_tool":"","行業代號":null,"行業代號1":null,"名稱1":null,"行業代號2":null,"名稱2":null,"行業代號3":null,"名稱3":null},{"index":97,"id":10029929,"user":"潘明權","shop":"東公有零售市場-四區27號","category":"夜市/市場攤販","zone":"雲嘉南","city":"嘉義市","area":"東區","market_name":"東公有零售市場","market_address":"嘉義市東區忠孝路、光彩街、中正路間區塊","pay_list":"","pay_tool":"","行業代號":null,"行業代號1":null,"名稱1":null,"行業代號2":null,"名稱2":null,"行業代號3":null,"名稱3":null},{"index":98,"id":10029930,"user":"潘麒宇","shop":"東公有零售市場-四區28號","category":"夜市/市場攤販","zone":"雲嘉南","city":"嘉義市","area":"東區","market_name":"東公有零售市場","market_address":"嘉義市東區忠孝路、光彩街、中正路間區塊","pay_list":"","pay_tool":"","行業代號":null,"行業代號1":null,"名稱1":null,"行業代號2":null,"名稱2":null,"行業代號3":null,"名稱3":null},{"index":99,"id":10029931,"user":"張馨如","shop":"東公有零售市場-四區29號","category":"夜市/市場攤販","zone":"雲嘉南","city":"嘉義市","area":"東區","market_name":"東公有零售市場","market_address":"嘉義市東區忠孝路、光彩街、中正路間區塊","pay_list":"","pay_tool":"","行業代號":null,"行業代號1":null,"名稱1":null,"行業代號2":null,"名稱2":null,"行業代號3":null,"名稱3":null},{"index":100,"id":10029932,"user":"張書瑋","shop":"東公有零售市場-四區30號","category":"夜市/市場攤販","zone":"雲嘉南","city":"嘉義市","area":"東區","market_name":"東公有零售市場","market_address":"嘉義市東區忠孝路、光彩街、中正路間區塊","pay_list":"","pay_tool":"","行業代號":null,"行業代號1":null,"名稱1":null,"行業代號2":null,"名稱2":null,"行業代號3":null,"名稱3":null},{"index":101,"id":10029933,"user":"魏廷勳","shop":"東公有零售市場-四區32號","category":"夜市/市場攤販","zone":"雲嘉南","city":"嘉義市","area":"東區","market_name":"東公有零售市場","market_address":"嘉義市東區忠孝路、光彩街、中正路間區塊","pay_list":["歐付寶"],"pay_tool":["行動支付"],"行業代號":null,"行業代號1":null,"名稱1":null,"行業代號2":null,"名稱2":null,"行業代號3":null,"名稱3":null},{"index":102,"id":10029934,"user":"朱科霖","shop":"東公有零售市場-四區33號","category":"夜市/市場攤販","zone":"雲嘉南","city":"嘉義市","area":"東區","market_name":"東公有零售市場","market_address":"嘉義市東區忠孝路、光彩街、中正路間區塊","pay_list":"","pay_tool":"","行業代號":null,"行業代號1":null,"名稱1":null,"行業代號2":null,"名稱2":null,"行業代號3":null,"名稱3":null},{"index":103,"id":10029935,"user":"袁裕欽","shop":"東公有零售市場-四區34號","category":"夜市/市場攤販","zone":"雲嘉南","city":"嘉義市","area":"東區","market_name":"東公有零售市場","market_address":"嘉義市東區忠孝路、光彩街、中正路間區塊","pay_list":"","pay_tool":"","行業代號":null,"行業代號1":null,"名稱1":null,"行業代號2":null,"名稱2":null,"行業代號3":null,"名稱3":null},{"index":104,"id":10029938,"user":"鍾文隆","shop":"東公有零售市場-四區35號","category":"夜市/市場攤販","zone":"雲嘉南","city":"嘉義市","area":"東區","market_name":"東公有零售市場","market_address":"嘉義市東區忠孝路、光彩街、中正路間區塊","pay_list":"","pay_tool":"","行業代號":null,"行業代號1":null,"名稱1":null,"行業代號2":null,"名稱2":null,"行業代號3":null,"名稱3":null},{"index":105,"id":10029939,"user":"蘇佳汝","shop":"東公有零售市場-六區1號","category":"夜市/市場攤販","zone":"雲嘉南","city":"嘉義市","area":"東區","market_name":"東公有零售市場","market_address":"嘉義市東區忠孝路、光彩街、中正路間區塊","pay_list":"","pay_tool":"","行業代號":null,"行業代號1":null,"名稱1":null,"行業代號2":null,"名稱2":null,"行業代號3":null,"名稱3":null},{"index":106,"id":10029940,"user":"黃朝祺","shop":"東公有零售市場-六區5號","category":"夜市/市場攤販","zone":"雲嘉南","city":"嘉義市","area":"東區","market_name":"東公有零售市場","market_address":"嘉義市東區忠孝路、光彩街、中正路間區塊","pay_list":"","pay_tool":"","行業代號":null,"行業代號1":null,"名稱1":null,"行業代號2":null,"名稱2":null,"行業代號3":null,"名稱3":null},{"index":107,"id":10029941,"user":"黃寶萱","shop":"東公有零售市場-六區7號","category":"夜市/市場攤販","zone":"雲嘉南","city":"嘉義市","area":"東區","market_name":"東公有零售市場","market_address":"嘉義市東區忠孝路、光彩街、中正路間區塊","pay_list":"","pay_tool":"","行業代號":null,"行業代號1":null,"名稱1":null,"行業代號2":null,"名稱2":null,"行業代號3":null,"名稱3":null},{"index":108,"id":10029942,"user":"陳昶愷","shop":"東公有零售市場-六區8號","category":"夜市/市場攤販","zone":"雲嘉南","city":"嘉義市","area":"東區","market_name":"東公有零售市場","market_address":"嘉義市東區忠孝路、光彩街、中正路間區塊","pay_list":"","pay_tool":"","行業代號":null,"行業代號1":null,"名稱1":null,"行業代號2":null,"名稱2":null,"行業代號3":null,"名稱3":null},{"index":109,"id":10029943,"user":"許志誠","shop":"東公有零售市場-六區9號","category":"夜市/市場攤販","zone":"雲嘉南","city":"嘉義市","area":"東區","market_name":"東公有零售市場","market_address":"嘉義市東區忠孝路、光彩街、中正路間區塊","pay_list":"","pay_tool":"","行業代號":null,"行業代號1":null,"名稱1":null,"行業代號2":null,"名稱2":null,"行業代號3":null,"名稱3":null},{"index":110,"id":10029944,"user":"許麗珍","shop":"東公有零售市場-六區10號","category":"夜市/市場攤販","zone":"雲嘉南","city":"嘉義市","area":"東區","market_name":"東公有零售市場","market_address":"嘉義市東區忠孝路、光彩街、中正路間區塊","pay_list":"","pay_tool":"","行業代號":null,"行業代號1":null,"名稱1":null,"行業代號2":null,"名稱2":null,"行業代號3":null,"名稱3":null},{"index":111,"id":10029945,"user":"侯耀翔","shop":"東公有零售市場-六區11-1號","category":"夜市/市場攤販","zone":"雲嘉南","city":"嘉義市","area":"東區","market_name":"東公有零售市場","market_address":"嘉義市東區忠孝路、光彩街、中正路間區塊","pay_list":"","pay_tool":"","行業代號":null,"行業代號1":null,"名稱1":null,"行業代號2":null,"名稱2":null,"行業代號3":null,"名稱3":null},{"index":112,"id":10029946,"user":"董詩雯","shop":"東公有零售市場-六區11-2號","category":"夜市/市場攤販","zone":"雲嘉南","city":"嘉義市","area":"東區","market_name":"東公有零售市場","market_address":"嘉義市東區忠孝路、光彩街、中正路間區塊","pay_list":"","pay_tool":"","行業代號":null,"行業代號1":null,"名稱1":null,"行業代號2":null,"名稱2":null,"行業代號3":null,"名稱3":null},{"index":113,"id":10029947,"user":"楊復華","shop":"東公有零售市場-六區12-1號","category":"夜市/市場攤販","zone":"雲嘉南","city":"嘉義市","area":"東區","market_name":"東公有零售市場","market_address":"嘉義市東區忠孝路、光彩街、中正路間區塊","pay_list":"","pay_tool":"","行業代號":null,"行業代號1":null,"名稱1":null,"行業代號2":null,"名稱2":null,"行業代號3":null,"名稱3":null},{"index":114,"id":10029949,"user":"董文義","shop":"東公有零售市場-六區13號","category":"夜市/市場攤販","zone":"雲嘉南","city":"嘉義市","area":"東區","market_name":"東公有零售市場","market_address":"嘉義市東區忠孝路、光彩街、中正路間區塊","pay_list":"","pay_tool":"","行業代號":null,"行業代號1":null,"名稱1":null,"行業代號2":null,"名稱2":null,"行業代號3":null,"名稱3":null},{"index":115,"id":10029950,"user":"張嘉益","shop":"東公有零售市場-六區15號","category":"夜市/市場攤販","zone":"雲嘉南","city":"嘉義市","area":"東區","market_name":"東公有零售市場","market_address":"嘉義市東區忠孝路、光彩街、中正路間區塊","pay_list":"","pay_tool":"","行業代號":null,"行業代號1":null,"名稱1":null,"行業代號2":null,"名稱2":null,"行業代號3":null,"名稱3":null},{"index":116,"id":10029951,"user":"顏?雄","shop":"東公有零售市場-六區17號","category":"夜市/市場攤販","zone":"雲嘉南","city":"嘉義市","area":"東區","market_name":"東公有零售市場","market_address":"嘉義市東區忠孝路、光彩街、中正路間區塊","pay_list":"","pay_tool":"","行業代號":null,"行業代號1":null,"名稱1":null,"行業代號2":null,"名稱2":null,"行業代號3":null,"名稱3":null},{"index":117,"id":10029952,"user":"黃麟傑","shop":"東公有零售市場-六區18號","category":"夜市/市場攤販","zone":"雲嘉南","city":"嘉義市","area":"東區","market_name":"東公有零售市場","market_address":"嘉義市東區忠孝路、光彩街、中正路間區塊","pay_list":["台灣 PAY"],"pay_tool":["行動支付"],"行業代號":null,"行業代號1":null,"名稱1":null,"行業代號2":null,"名稱2":null,"行業代號3":null,"名稱3":null},{"index":118,"id":10029953,"user":"林瑞河","shop":"東公有零售市場-六區19號","category":"夜市/市場攤販","zone":"雲嘉南","city":"嘉義市","area":"東區","market_name":"東公有零售市場","market_address":"嘉義市東區忠孝路、光彩街、中正路間區塊","pay_list":["台灣 PAY"],"pay_tool":["行動支付"],"行業代號":null,"行業代號1":null,"名稱1":null,"行業代號2":null,"名稱2":null,"行業代號3":null,"名稱3":null},{"index":119,"id":10029954,"user":"陳素?","shop":"東公有零售市場-六區20號","category":"夜市/市場攤販","zone":"雲嘉南","city":"嘉義市","area":"東區","market_name":"東公有零售市場","market_address":"嘉義市東區忠孝路、光彩街、中正路間區塊","pay_list":"","pay_tool":"","行業代號":null,"行業代號1":null,"名稱1":null,"行業代號2":null,"名稱2":null,"行業代號3":null,"名稱3":null},{"index":120,"id":10029955,"user":"蔡光裕","shop":"東公有零售市場-六區21號","category":"夜市/市場攤販","zone":"雲嘉南","city":"嘉義市","area":"東區","market_name":"東公有零售市場","market_address":"嘉義市東區忠孝路、光彩街、中正路間區塊","pay_list":"","pay_tool":"","行業代號":null,"行業代號1":null,"名稱1":null,"行業代號2":null,"名稱2":null,"行業代號3":null,"名稱3":null},{"index":121,"id":10029956,"user":"張秀珠","shop":"東公有零售市場-六區22號","category":"夜市/市場攤販","zone":"雲嘉南","city":"嘉義市","area":"東區","market_name":"東公有零售市場","market_address":"嘉義市東區忠孝路、光彩街、中正路間區塊","pay_list":"","pay_tool":"","行業代號":null,"行業代號1":null,"名稱1":null,"行業代號2":null,"名稱2":null,"行業代號3":null,"名稱3":null},{"index":122,"id":10029957,"user":"陳麗安","shop":"東公有零售市場-六區23號","category":"夜市/市場攤販","zone":"雲嘉南","city":"嘉義市","area":"東區","market_name":"東公有零售市場","market_address":"嘉義市東區忠孝路、光彩街、中正路間區塊","pay_list":["台灣 PAY"],"pay_tool":["行動支付"],"行業代號":null,"行業代號1":null,"名稱1":null,"行業代號2":null,"名稱2":null,"行業代號3":null,"名稱3":null},{"index":123,"id":10029958,"user":"陳宗翰","shop":"東公有零售市場-六區23-1號","category":"夜市/市場攤販","zone":"雲嘉南","city":"嘉義市","area":"東區","market_name":"東公有零售市場","market_address":"嘉義市東區忠孝路、光彩街、中正路間區塊","pay_list":["台灣 PAY"],"pay_tool":["行動支付"],"行業代號":null,"行業代號1":null,"名稱1":null,"行業代號2":null,"名稱2":null,"行業代號3":null,"名稱3":null},{"index":124,"id":10029960,"user":"涂素惠","shop":"東公有零售市場-六區24號","category":"夜市/市場攤販","zone":"雲嘉南","city":"嘉義市","area":"東區","market_name":"東公有零售市場","market_address":"嘉義市東區忠孝路、光彩街、中正路間區塊","pay_list":["台灣 PAY"],"pay_tool":["行動支付"],"行業代號":null,"行業代號1":null,"名稱1":null,"行業代號2":null,"名稱2":null,"行業代號3":null,"名稱3":null},{"index":125,"id":10029961,"user":"陳嘉賢","shop":"東公有零售市場-六區25號","category":"夜市/市場攤販","zone":"雲嘉南","city":"嘉義市","area":"東區","market_name":"東公有零售市場","market_address":"嘉義市東區忠孝路、光彩街、中正路間區塊","pay_list":["台灣 PAY"],"pay_tool":["行動支付"],"行業代號":null,"行業代號1":null,"名稱1":null,"行業代號2":null,"名稱2":null,"行業代號3":null,"名稱3":null},{"index":126,"id":10029962,"user":"許素琴","shop":"東公有零售市場-六區26號","category":"夜市/市場攤販","zone":"雲嘉南","city":"嘉義市","area":"東區","market_name":"東公有零售市場","market_address":"嘉義市東區忠孝路、光彩街、中正路間區塊","pay_list":"","pay_tool":"","行業代號":null,"行業代號1":null,"名稱1":null,"行業代號2":null,"名稱2":null,"行業代號3":null,"名稱3":null},{"index":127,"id":10029963,"user":"蘇家緯","shop":"東公有零售市場-六區27號","category":"夜市/市場攤販","zone":"雲嘉南","city":"嘉義市","area":"東區","market_name":"東公有零售市場","market_address":"嘉義市東區忠孝路、光彩街、中正路間區塊","pay_list":"","pay_tool":"","行業代號":null,"行業代號1":null,"名稱1":null,"行業代號2":null,"名稱2":null,"行業代號3":null,"名稱3":null},{"index":128,"id":10029964,"user":"張仲甫","shop":"東公有零售市場-六區28號","category":"夜市/市場攤販","zone":"雲嘉南","city":"嘉義市","area":"東區","market_name":"東公有零售市場","market_address":"嘉義市東區忠孝路、光彩街、中正路間區塊","pay_list":"","pay_tool":"","行業代號":null,"行業代號1":null,"名稱1":null,"行業代號2":null,"名稱2":null,"行業代號3":null,"名稱3":null},{"index":129,"id":10029965,"user":"蘇永慶","shop":"東公有零售市場-六區29號","category":"夜市/市場攤販","zone":"雲嘉南","city":"嘉義市","area":"東區","market_name":"東公有零售市場","market_address":"嘉義市東區忠孝路、光彩街、中正路間區塊","pay_list":"","pay_tool":"","行業代號":null,"行業代號1":null,"名稱1":null,"行業代號2":null,"名稱2":null,"行業代號3":null,"名稱3":null},{"index":130,"id":10029966,"user":"蘇慧慧","shop":"東公有零售市場-六區30號","category":"夜市/市場攤販","zone":"雲嘉南","city":"嘉義市","area":"東區","market_name":"東公有零售市場","market_address":"嘉義市東區忠孝路、光彩街、中正路間區塊","pay_list":"","pay_tool":"","行業代號":null,"行業代號1":null,"名稱1":null,"行業代號2":null,"名稱2":null,"行業代號3":null,"名稱3":null},{"index":131,"id":10029967,"user":"張景竣","shop":"東公有零售市場-六區31號","category":"夜市/市場攤販","zone":"雲嘉南","city":"嘉義市","area":"東區","market_name":"東公有零售市場","market_address":"嘉義市東區忠孝路、光彩街、中正路間區塊","pay_list":"","pay_tool":"","行業代號":null,"行業代號1":null,"名稱1":null,"行業代號2":null,"名稱2":null,"行業代號3":null,"名稱3":null},{"index":132,"id":10029968,"user":"蘇天送","shop":"東公有零售市場-六區32號","category":"夜市/市場攤販","zone":"雲嘉南","city":"嘉義市","area":"東區","market_name":"東公有零售市場","market_address":"嘉義市東區忠孝路、光彩街、中正路間區塊","pay_list":"","pay_tool":"","行業代號":null,"行業代號1":null,"名稱1":null,"行業代號2":null,"名稱2":null,"行業代號3":null,"名稱3":null},{"index":133,"id":10029969,"user":"李芳楸","shop":"東公有零售市場-六區33號","category":"夜市/市場攤販","zone":"雲嘉南","city":"嘉義市","area":"東區","market_name":"東公有零售市場","market_address":"嘉義市東區忠孝路、光彩街、中正路間區塊","pay_list":["台灣 PAY"],"pay_tool":["行動支付"],"行業代號":null,"行業代號1":null,"名稱1":null,"行業代號2":null,"名稱2":null,"行業代號3":null,"名稱3":null},{"index":134,"id":10029971,"user":"林勝功","shop":"東公有零售市場-六區34號","category":"夜市/市場攤販","zone":"雲嘉南","city":"嘉義市","area":"東區","market_name":"東公有零售市場","market_address":"嘉義市東區忠孝路、光彩街、中正路間區塊","pay_list":"","pay_tool":"","行業代號":null,"行業代號1":null,"名稱1":null,"行業代號2":null,"名稱2":null,"行業代號3":null,"名稱3":null},{"index":135,"id":10029972,"user":"王麗珠","shop":"東公有零售市場-六區34-1號","category":"夜市/市場攤販","zone":"雲嘉南","city":"嘉義市","area":"東區","market_name":"東公有零售市場","market_address":"嘉義市東區忠孝路、光彩街、中正路間區塊","pay_list":"","pay_tool":"","行業代號":null,"行業代號1":null,"名稱1":null,"行業代號2":null,"名稱2":null,"行業代號3":null,"名稱3":null},{"index":136,"id":10029973,"user":"蘇政雄","shop":"東公有零售市場-六區35號","category":"夜市/市場攤販","zone":"雲嘉南","city":"嘉義市","area":"東區","market_name":"東公有零售市場","market_address":"嘉義市東區忠孝路、光彩街、中正路間區塊","pay_list":"","pay_tool":"","行業代號":null,"行業代號1":null,"名稱1":null,"行業代號2":null,"名稱2":null,"行業代號3":null,"名稱3":null},{"index":137,"id":10029974,"user":"蕭春子","shop":"東公有零售市場-六區36號","category":"夜市/市場攤販","zone":"雲嘉南","city":"嘉義市","area":"東區","market_name":"東公有零售市場","market_address":"嘉義市東區忠孝路、光彩街、中正路間區塊","pay_list":"","pay_tool":"","行業代號":null,"行業代號1":null,"名稱1":null,"行業代號2":null,"名稱2":null,"行業代號3":null,"名稱3":null},{"index":138,"id":10029975,"user":"駱金盃","shop":"東公有零售市場-號外區1號","category":"夜市/市場攤販","zone":"雲嘉南","city":"嘉義市","area":"東區","market_name":"東公有零售市場","market_address":"嘉義市東區忠孝路、光彩街、中正路間區塊","pay_list":["台灣 PAY"],"pay_tool":["行動支付"],"行業代號":null,"行業代號1":null,"名稱1":null,"行業代號2":null,"名稱2":null,"行業代號3":null,"名稱3":null},{"index":139,"id":10029976,"user":"翁振嘉","shop":"東公有零售市場-號外區3號","category":"夜市/市場攤販","zone":"雲嘉南","city":"嘉義市","area":"東區","market_name":"東公有零售市場","market_address":"嘉義市東區忠孝路、光彩街、中正路間區塊","pay_list":["台灣 PAY"],"pay_tool":["行動支付"],"行業代號":null,"行業代號1":null,"名稱1":null,"行業代號2":null,"名稱2":null,"行業代號3":null,"名稱3":null},{"index":140,"id":10029977,"user":"鄭价宏","shop":"東公有零售市場-號外區5號","category":"夜市/市場攤販","zone":"雲嘉南","city":"嘉義市","area":"東區","market_name":"東公有零售市場","market_address":"嘉義市東區忠孝路、光彩街、中正路間區塊","pay_list":["台灣 PAY"],"pay_tool":["行動支付"],"行業代號":null,"行業代號1":null,"名稱1":null,"行業代號2":null,"名稱2":null,"行業代號3":null,"名稱3":null},{"index":141,"id":10029978,"user":"張景富","shop":"東公有零售市場-號外區7號","category":"夜市/市場攤販","zone":"雲嘉南","city":"嘉義市","area":"東區","market_name":"東公有零售市場","market_address":"嘉義市東區忠孝路、光彩街、中正路間區塊","pay_list":"","pay_tool":"","行業代號":null,"行業代號1":null,"名稱1":null,"行業代號2":null,"名稱2":null,"行業代號3":null,"名稱3":null},{"index":142,"id":10029979,"user":"賴弘智","shop":"東公有零售市場-號外區8號","category":"夜市/市場攤販","zone":"雲嘉南","city":"嘉義市","area":"東區","market_name":"東公有零售市場","market_address":"嘉義市東區忠孝路、光彩街、中正路間區塊","pay_list":["台灣 PAY"],"pay_tool":["行動支付"],"行業代號":null,"行業代號1":null,"名稱1":null,"行業代號2":null,"名稱2":null,"行業代號3":null,"名稱3":null},{"index":143,"id":10029980,"user":"潘木龍","shop":"東公有零售市場-號外區9號","category":"夜市/市場攤販","zone":"雲嘉南","city":"嘉義市","area":"東區","market_name":"東公有零售市場","market_address":"嘉義市東區忠孝路、光彩街、中正路間區塊","pay_list":"","pay_tool":"","行業代號":null,"行業代號1":null,"名稱1":null,"行業代號2":null,"名稱2":null,"行業代號3":null,"名稱3":null},{"index":144,"id":10029982,"user":"劉玉招","shop":"東公有零售市場-號外區10號","category":"夜市/市場攤販","zone":"雲嘉南","city":"嘉義市","area":"東區","market_name":"東公有零售市場","market_address":"嘉義市東區忠孝路、光彩街、中正路間區塊","pay_list":"","pay_tool":"","行業代號":null,"行業代號1":null,"名稱1":null,"行業代號2":null,"名稱2":null,"行業代號3":null,"名稱3":null},{"index":145,"id":10029983,"user":"陳勇龍","shop":"東公有零售市場-號外區11號","category":"夜市/市場攤販","zone":"雲嘉南","city":"嘉義市","area":"東區","market_name":"東公有零售市場","market_address":"嘉義市東區忠孝路、光彩街、中正路間區塊","pay_list":"","pay_tool":"","行業代號":null,"行業代號1":null,"名稱1":null,"行業代號2":null,"名稱2":null,"行業代號3":null,"名稱3":null},{"index":146,"id":10029984,"user":"邱淑芳","shop":"東公有零售市場-號外區12號","category":"夜市/市場攤販","zone":"雲嘉南","city":"嘉義市","area":"東區","market_name":"東公有零售市場","market_address":"嘉義市東區忠孝路、光彩街、中正路間區塊","pay_list":"","pay_tool":"","行業代號":null,"行業代號1":null,"名稱1":null,"行業代號2":null,"名稱2":null,"行業代號3":null,"名稱3":null},{"index":147,"id":10029985,"user":"何曾也","shop":"東公有零售市場-號外區13號","category":"夜市/市場攤販","zone":"雲嘉南","city":"嘉義市","area":"東區","market_name":"東公有零售市場","market_address":"嘉義市東區忠孝路、光彩街、中正路間區塊","pay_list":"","pay_tool":"","行業代號":null,"行業代號1":null,"名稱1":null,"行業代號2":null,"名稱2":null,"行業代號3":null,"名稱3":null},{"index":148,"id":10029986,"user":"何鴻生","shop":"東公有零售市場-號外區14號","category":"夜市/市場攤販","zone":"雲嘉南","city":"嘉義市","area":"東區","market_name":"東公有零售市場","market_address":"嘉義市東區忠孝路、光彩街、中正路間區塊","pay_list":"","pay_tool":"","行業代號":null,"行業代號1":null,"名稱1":null,"行業代號2":null,"名稱2":null,"行業代號3":null,"名稱3":null},{"index":149,"id":10029987,"user":"賴芳熊","shop":"東公有零售市場-號外區15號","category":"夜市/市場攤販","zone":"雲嘉南","city":"嘉義市","area":"東區","market_name":"東公有零售市場","market_address":"嘉義市東區忠孝路、光彩街、中正路間區塊","pay_list":"","pay_tool":"","行業代號":null,"行業代號1":null,"名稱1":null,"行業代號2":null,"名稱2":null,"行業代號3":null,"名稱3":null},{"index":150,"id":10029988,"user":"戴振文","shop":"東公有零售市場-號外區16號","category":"夜市/市場攤販","zone":"雲嘉南","city":"嘉義市","area":"東區","market_name":"東公有零售市場","market_address":"嘉義市東區忠孝路、光彩街、中正路間區塊","pay_list":"","pay_tool":"","行業代號":null,"行業代號1":null,"名稱1":null,"行業代號2":null,"名稱2":null,"行業代號3":null,"名稱3":null},{"index":151,"id":10029989,"user":"盧秀卿","shop":"東公有零售市場-號外區17號","category":"夜市/市場攤販","zone":"雲嘉南","city":"嘉義市","area":"東區","market_name":"東公有零售市場","market_address":"嘉義市東區忠孝路、光彩街、中正路間區塊","pay_list":"","pay_tool":"","行業代號":null,"行業代號1":null,"名稱1":null,"行業代號2":null,"名稱2":null,"行業代號3":null,"名稱3":null},{"index":152,"id":10029990,"user":"陳文海","shop":"東公有零售市場-號外區18號","category":"夜市/市場攤販","zone":"雲嘉南","city":"嘉義市","area":"東區","market_name":"東公有零售市場","market_address":"嘉義市東區忠孝路、光彩街、中正路間區塊","pay_list":"","pay_tool":"","行業代號":null,"行業代號1":null,"名稱1":null,"行業代號2":null,"名稱2":null,"行業代號3":null,"名稱3":null},{"index":153,"id":10029991,"user":"陳禹棠","shop":"東公有零售市場-號外區19號","category":"夜市/市場攤販","zone":"雲嘉南","city":"嘉義市","area":"東區","market_name":"東公有零售市場","market_address":"嘉義市東區忠孝路、光彩街、中正路間區塊","pay_list":"","pay_tool":"","行業代號":null,"行業代號1":null,"名稱1":null,"行業代號2":null,"名稱2":null,"行業代號3":null,"名稱3":null},{"index":154,"id":10029993,"user":"賴添福","shop":"東公有零售市場-號外區20號","category":"夜市/市場攤販","zone":"雲嘉南","city":"嘉義市","area":"東區","market_name":"東公有零售市場","market_address":"嘉義市東區忠孝路、光彩街、中正路間區塊","pay_list":"","pay_tool":"","行業代號":null,"行業代號1":null,"名稱1":null,"行業代號2":null,"名稱2":null,"行業代號3":null,"名稱3":null},{"index":155,"id":10029994,"user":"劉君枝","shop":"東公有零售市場-號外區21號","category":"夜市/市場攤販","zone":"雲嘉南","city":"嘉義市","area":"東區","market_name":"東公有零售市場","market_address":"嘉義市東區忠孝路、光彩街、中正路間區塊","pay_list":"","pay_tool":"","行業代號":null,"行業代號1":null,"名稱1":null,"行業代號2":null,"名稱2":null,"行業代號3":null,"名稱3":null},{"index":156,"id":10029995,"user":"王俊清","shop":"東公有零售市場-號外區22號","category":"夜市/市場攤販","zone":"雲嘉南","city":"嘉義市","area":"東區","market_name":"東公有零售市場","market_address":"嘉義市東區忠孝路、光彩街、中正路間區塊","pay_list":"","pay_tool":"","行業代號":null,"行業代號1":null,"名稱1":null,"行業代號2":null,"名稱2":null,"行業代號3":null,"名稱3":null},{"index":157,"id":10029996,"user":"黃麗璋","shop":"東公有零售市場-號外區24號","category":"夜市/市場攤販","zone":"雲嘉南","city":"嘉義市","area":"東區","market_name":"東公有零售市場","market_address":"嘉義市東區忠孝路、光彩街、中正路間區塊","pay_list":"","pay_tool":"","行業代號":null,"行業代號1":null,"名稱1":null,"行業代號2":null,"名稱2":null,"行業代號3":null,"名稱3":null},{"index":158,"id":10029997,"user":"邱建鳴","shop":"東公有零售市場-號外區25號","category":"夜市/市場攤販","zone":"雲嘉南","city":"嘉義市","area":"東區","market_name":"東公有零售市場","market_address":"嘉義市東區忠孝路、光彩街、中正路間區塊","pay_list":["台灣 PAY"],"pay_tool":["行動支付"],"行業代號":null,"行業代號1":null,"名稱1":null,"行業代號2":null,"名稱2":null,"行業代號3":null,"名稱3":null},{"index":159,"id":10029998,"user":"邱昱欽","shop":"東公有零售市場-號外區26號","category":"夜市/市場攤販","zone":"雲嘉南","city":"嘉義市","area":"東區","market_name":"東公有零售市場","market_address":"嘉義市東區忠孝路、光彩街、中正路間區塊","pay_list":["台灣 PAY"],"pay_tool":["行動支付"],"行業代號":null,"行業代號1":null,"名稱1":null,"行業代號2":null,"名稱2":null,"行業代號3":null,"名稱3":null},{"index":160,"id":10029999,"user":"謝家蓁","shop":"東公有零售市場-號外區27號","category":"夜市/市場攤販","zone":"雲嘉南","city":"嘉義市","area":"東區","market_name":"東公有零售市場","market_address":"嘉義市東區忠孝路、光彩街、中正路間區塊","pay_list":["台灣 PAY"],"pay_tool":["行動支付"],"行業代號":null,"行業代號1":null,"名稱1":null,"行業代號2":null,"名稱2":null,"行業代號3":null,"名稱3":null},{"index":161,"id":10030000,"user":"吳宥萱","shop":"東公有零售市場-號外區28號","category":"夜市/市場攤販","zone":"雲嘉南","city":"嘉義市","area":"東區","market_name":"東公有零售市場","market_address":"嘉義市東區忠孝路、光彩街、中正路間區塊","pay_list":"","pay_tool":"","行業代號":null,"行業代號1":null,"名稱1":null,"行業代號2":null,"名稱2":null,"行業代號3":null,"名稱3":null},{"index":162,"id":10030001,"user":"周香蘭","shop":"東公有零售市場-號外區30號","category":"夜市/市場攤販","zone":"雲嘉南","city":"嘉義市","area":"東區","market_name":"東公有零售市場","market_address":"嘉義市東區忠孝路、光彩街、中正路間區塊","pay_list":"","pay_tool":"","行業代號":null,"行業代號1":null,"名稱1":null,"行業代號2":null,"名稱2":null,"行業代號3":null,"名稱3":null},{"index":163,"id":10030002,"user":"周明輝","shop":"東公有零售市場-號外區34號","category":"夜市/市場攤販","zone":"雲嘉南","city":"嘉義市","area":"東區","market_name":"東公有零售市場","market_address":"嘉義市東區忠孝路、光彩街、中正路間區塊","pay_list":"","pay_tool":"","行業代號":null,"行業代號1":null,"名稱1":null,"行業代號2":null,"名稱2":null,"行業代號3":null,"名稱3":null},{"index":164,"id":10030004,"user":"周勤偉","shop":"東公有零售市場-號外區35號","category":"夜市/市場攤販","zone":"雲嘉南","city":"嘉義市","area":"東區","market_name":"東公有零售市場","market_address":"嘉義市東區忠孝路、光彩街、中正路間區塊","pay_list":"","pay_tool":"","行業代號":null,"行業代號1":null,"名稱1":null,"行業代號2":null,"名稱2":null,"行業代號3":null,"名稱3":null},{"index":165,"id":10030005,"user":"洪美華","shop":"東公有零售市場-號外區36號","category":"夜市/市場攤販","zone":"雲嘉南","city":"嘉義市","area":"東區","market_name":"東公有零售市場","market_address":"嘉義市東區忠孝路、光彩街、中正路間區塊","pay_list":"","pay_tool":"","行業代號":null,"行業代號1":null,"名稱1":null,"行業代號2":null,"名稱2":null,"行業代號3":null,"名稱3":null},{"index":166,"id":10030006,"user":"江銘源","shop":"東公有零售市場-號外區37號","category":"夜市/市場攤販","zone":"雲嘉南","city":"嘉義市","area":"東區","market_name":"東公有零售市場","market_address":"嘉義市東區忠孝路、光彩街、中正路間區塊","pay_list":"","pay_tool":"","行業代號":null,"行業代號1":null,"名稱1":null,"行業代號2":null,"名稱2":null,"行業代號3":null,"名稱3":null},{"index":167,"id":10030007,"user":"許偉朗","shop":"東公有零售市場-號外區38號","category":"夜市/市場攤販","zone":"雲嘉南","city":"嘉義市","area":"東區","market_name":"東公有零售市場","market_address":"嘉義市東區忠孝路、光彩街、中正路間區塊","pay_list":"","pay_tool":"","行業代號":null,"行業代號1":null,"名稱1":null,"行業代號2":null,"名稱2":null,"行業代號3":null,"名稱3":null},{"index":168,"id":10030008,"user":"吳益昇","shop":"東公有零售市場-號外區39號","category":"夜市/市場攤販","zone":"雲嘉南","city":"嘉義市","area":"東區","market_name":"東公有零售市場","market_address":"嘉義市東區忠孝路、光彩街、中正路間區塊","pay_list":"","pay_tool":"","行業代號":null,"行業代號1":null,"名稱1":null,"行業代號2":null,"名稱2":null,"行業代號3":null,"名稱3":null},{"index":169,"id":10030009,"user":"吳吉男","shop":"東公有零售市場-號外區40號","category":"夜市/市場攤販","zone":"雲嘉南","city":"嘉義市","area":"東區","market_name":"東公有零售市場","market_address":"嘉義市東區忠孝路、光彩街、中正路間區塊","pay_list":"","pay_tool":"","行業代號":null,"行業代號1":null,"名稱1":null,"行業代號2":null,"名稱2":null,"行業代號3":null,"名稱3":null},{"index":170,"id":10030010,"user":"朱恆生","shop":"東公有零售市場-號外區41-1號","category":"夜市/市場攤販","zone":"雲嘉南","city":"嘉義市","area":"東區","market_name":"東公有零售市場","market_address":"嘉義市東區忠孝路、光彩街、中正路間區塊","pay_list":"","pay_tool":"","行業代號":null,"行業代號1":null,"名稱1":null,"行業代號2":null,"名稱2":null,"行業代號3":null,"名稱3":null},{"index":171,"id":10030011,"user":"陳淑華","shop":"東公有零售市場-號外區42號","category":"夜市/市場攤販","zone":"雲嘉南","city":"嘉義市","area":"東區","market_name":"東公有零售市場","market_address":"嘉義市東區忠孝路、光彩街、中正路間區塊","pay_list":"","pay_tool":"","行業代號":null,"行業代號1":null,"名稱1":null,"行業代號2":null,"名稱2":null,"行業代號3":null,"名稱3":null},{"index":172,"id":10030012,"user":"胡淑滿","shop":"東公有零售市場-號外區43號","category":"夜市/市場攤販","zone":"雲嘉南","city":"嘉義市","area":"東區","market_name":"東公有零售市場","market_address":"嘉義市東區忠孝路、光彩街、中正路間區塊","pay_list":"","pay_tool":"","行業代號":null,"行業代號1":null,"名稱1":null,"行業代號2":null,"名稱2":null,"行業代號3":null,"名稱3":null},{"index":173,"id":10030013,"user":"李慶順","shop":"東公有零售市場-號外區44號","category":"夜市/市場攤販","zone":"雲嘉南","city":"嘉義市","area":"東區","market_name":"東公有零售市場","market_address":"嘉義市東區忠孝路、光彩街、中正路間區塊","pay_list":"","pay_tool":"","行業代號":null,"行業代號1":null,"名稱1":null,"行業代號2":null,"名稱2":null,"行業代號3":null,"名稱3":null},{"index":174,"id":10030015,"user":"伍陳素美","shop":"東公有零售市場-號外區45號","category":"夜市/市場攤販","zone":"雲嘉南","city":"嘉義市","area":"東區","market_name":"東公有零售市場","market_address":"嘉義市東區忠孝路、光彩街、中正路間區塊","pay_list":"","pay_tool":"","行業代號":null,"行業代號1":null,"名稱1":null,"行業代號2":null,"名稱2":null,"行業代號3":null,"名稱3":null},{"index":175,"id":10030016,"user":"許淑賢","shop":"東公有零售市場-號外區46號","category":"夜市/市場攤販","zone":"雲嘉南","city":"嘉義市","area":"東區","market_name":"東公有零售市場","market_address":"嘉義市東區忠孝路、光彩街、中正路間區塊","pay_list":"","pay_tool":"","行業代號":null,"行業代號1":null,"名稱1":null,"行業代號2":null,"名稱2":null,"行業代號3":null,"名稱3":null},{"index":176,"id":10030017,"user":"楊智添","shop":"東公有零售市場-號外區47號","category":"夜市/市場攤販","zone":"雲嘉南","city":"嘉義市","area":"東區","market_name":"東公有零售市場","market_address":"嘉義市東區忠孝路、光彩街、中正路間區塊","pay_list":"","pay_tool":"","行業代號":null,"行業代號1":null,"名稱1":null,"行業代號2":null,"名稱2":null,"行業代號3":null,"名稱3":null},{"index":177,"id":10030018,"user":"許邱珠美","shop":"東公有零售市場-號外區48號","category":"夜市/市場攤販","zone":"雲嘉南","city":"嘉義市","area":"東區","market_name":"東公有零售市場","market_address":"嘉義市東區忠孝路、光彩街、中正路間區塊","pay_list":"","pay_tool":"","行業代號":null,"行業代號1":null,"名稱1":null,"行業代號2":null,"名稱2":null,"行業代號3":null,"名稱3":null},{"index":178,"id":10030019,"user":"林政逸","shop":"東公有零售市場-號外區49號","category":"夜市/市場攤販","zone":"雲嘉南","city":"嘉義市","area":"東區","market_name":"東公有零售市場","market_address":"嘉義市東區忠孝路、光彩街、中正路間區塊","pay_list":["台灣 PAY"],"pay_tool":["行動支付"],"行業代號":null,"行業代號1":null,"名稱1":null,"行業代號2":null,"名稱2":null,"行業代號3":null,"名稱3":null},{"index":179,"id":10030020,"user":"吳孫明霞","shop":"東公有零售市場-號外區50號","category":"夜市/市場攤販","zone":"雲嘉南","city":"嘉義市","area":"東區","market_name":"東公有零售市場","market_address":"嘉義市東區忠孝路、光彩街、中正路間區塊","pay_list":"","pay_tool":"","行業代號":null,"行業代號1":null,"名稱1":null,"行業代號2":null,"名稱2":null,"行業代號3":null,"名稱3":null},{"index":180,"id":10030021,"user":"吳芳輝","shop":"東公有零售市場-號外區51號","category":"夜市/市場攤販","zone":"雲嘉南","city":"嘉義市","area":"東區","market_name":"東公有零售市場","market_address":"嘉義市東區忠孝路、光彩街、中正路間區塊","pay_list":["台灣 PAY"],"pay_tool":["行動支付"],"行業代號":null,"行業代號1":null,"名稱1":null,"行業代號2":null,"名稱2":null,"行業代號3":null,"名稱3":null},{"index":181,"id":10030022,"user":"顏瑞虎","shop":"東公有零售市場-二樓區1號","category":"夜市/市場攤販","zone":"雲嘉南","city":"嘉義市","area":"東區","market_name":"東公有零售市場","market_address":"嘉義市東區忠孝路、光彩街、中正路間區塊","pay_list":"","pay_tool":"","行業代號":null,"行業代號1":null,"名稱1":null,"行業代號2":null,"名稱2":null,"行業代號3":null,"名稱3":null},{"index":182,"id":10030023,"user":"林苗成","shop":"嘉義市文化路夜市-林記百貨","category":"夜市/市場攤販","zone":"雲嘉南","city":"嘉義市","area":"東區","market_name":"嘉義市文化路夜市","market_address":"自中正路口退縮十公尺處起至垂楊路口退縮十公尺處止。各路口紅線區除外","pay_list":"","pay_tool":"","行業代號":null,"行業代號1":null,"名稱1":null,"行業代號2":null,"名稱2":null,"行業代號3":null,"名稱3":null},{"index":183,"id":10030024,"user":"陳家霖","shop":"嘉義市文化路夜市-杏鮑菇","category":"夜市/市場攤販","zone":"雲嘉南","city":"嘉義市","area":"東區","market_name":"嘉義市文化路夜市","market_address":"自中正路口退縮十公尺處起至垂楊路口退縮十公尺處止。各路口紅線區除外","pay_list":"","pay_tool":"","行業代號":null,"行業代號1":null,"名稱1":null,"行業代號2":null,"名稱2":null,"行業代號3":null,"名稱3":null},{"index":184,"id":10030026,"user":"羅林錦霞","shop":"嘉義市文化路夜市-烤鳥蛋","category":"夜市/市場攤販","zone":"雲嘉南","city":"嘉義市","area":"東區","market_name":"嘉義市文化路夜市","market_address":"自中正路口退縮十公尺處起至垂楊路口退縮十公尺處止。各路口紅線區除外","pay_list":"","pay_tool":"","行業代號":null,"行業代號1":null,"名稱1":null,"行業代號2":null,"名稱2":null,"行業代號3":null,"名稱3":null},{"index":185,"id":10030027,"user":"江育琳","shop":"嘉義市文化路夜市-江味軒壽司","category":"夜市/市場攤販","zone":"雲嘉南","city":"嘉義市","area":"東區","market_name":"嘉義市文化路夜市","market_address":"自中正路口退縮十公尺處起至垂楊路口退縮十公尺處止。各路口紅線區除外","pay_list":"","pay_tool":"","行業代號":null,"行業代號1":null,"名稱1":null,"行業代號2":null,"名稱2":null,"行業代號3":null,"名稱3":null},{"index":186,"id":10030028,"user":"何美玲","shop":"嘉義市文化路夜市-ET鹽水雞","category":"夜市/市場攤販","zone":"雲嘉南","city":"嘉義市","area":"東區","market_name":"嘉義市文化路夜市","market_address":"自中正路口退縮十公尺處起至垂楊路口退縮十公尺處止。各路口紅線區除外","pay_list":"","pay_tool":"","行業代號":null,"行業代號1":null,"名稱1":null,"行業代號2":null,"名稱2":null,"行業代號3":null,"名稱3":null},{"index":187,"id":10030029,"user":"張凱裕","shop":"嘉義市文化路夜市-張饌無骨鳳爪","category":"夜市/市場攤販","zone":"雲嘉南","city":"嘉義市","area":"東區","market_name":"嘉義市文化路夜市","market_address":"自中正路口退縮十公尺處起至垂楊路口退縮十公尺處止。各路口紅線區除外","pay_list":"","pay_tool":"","行業代號":null,"行業代號1":null,"名稱1":null,"行業代號2":null,"名稱2":null,"行業代號3":null,"名稱3":null},{"index":188,"id":10030030,"user":"張素梅","shop":"嘉義市文化路夜市-印度拉茶","category":"夜市/市場攤販","zone":"雲嘉南","city":"嘉義市","area":"東區","market_name":"嘉義市文化路夜市","market_address":"自中正路口退縮十公尺處起至垂楊路口退縮十公尺處止。各路口紅線區除外","pay_list":"","pay_tool":"","行業代號":null,"行業代號1":null,"名稱1":null,"行業代號2":null,"名稱2":null,"行業代號3":null,"名稱3":null},{"index":189,"id":10030031,"user":"林文卿","shop":"嘉義市文化路夜市-汽泡水","category":"夜市/市場攤販","zone":"雲嘉南","city":"嘉義市","area":"東區","market_name":"嘉義市文化路夜市","market_address":"自中正路口退縮十公尺處起至垂楊路口退縮十公尺處止。各路口紅線區除外","pay_list":"","pay_tool":"","行業代號":null,"行業代號1":null,"名稱1":null,"行業代號2":null,"名稱2":null,"行業代號3":null,"名稱3":null},{"index":190,"id":10030032,"user":"黃碧霞","shop":"嘉義市文化路夜市-酪梨牛奶","category":"夜市/市場攤販","zone":"雲嘉南","city":"嘉義市","area":"東區","market_name":"嘉義市文化路夜市","market_address":"自中正路口退縮十公尺處起至垂楊路口退縮十公尺處止。各路口紅線區除外","pay_list":"","pay_tool":"","行業代號":null,"行業代號1":null,"名稱1":null,"行業代號2":null,"名稱2":null,"行業代號3":null,"名稱3":null},{"index":191,"id":10030033,"user":"王張玉蓮","shop":"嘉義市文化路夜市-小上海炸雞塊","category":"夜市/市場攤販","zone":"雲嘉南","city":"嘉義市","area":"東區","market_name":"嘉義市文化路夜市","market_address":"自中正路口退縮十公尺處起至垂楊路口退縮十公尺處止。各路口紅線區除外","pay_list":["街口支付"],"pay_tool":["行動支付"],"行業代號":null,"行業代號1":null,"名稱1":null,"行業代號2":null,"名稱2":null,"行業代號3":null,"名稱3":null},{"index":192,"id":10030034,"user":"林陳來枝","shop":"嘉義市文化路夜市-粉圓冰","category":"夜市/市場攤販","zone":"雲嘉南","city":"嘉義市","area":"東區","market_name":"嘉義市文化路夜市","market_address":"自中正路口退縮十公尺處起至垂楊路口退縮十公尺處止。各路口紅線區除外","pay_list":"","pay_tool":"","行業代號":null,"行業代號1":null,"名稱1":null,"行業代號2":null,"名稱2":null,"行業代號3":null,"名稱3":null},{"index":193,"id":10030035,"user":"胡素英","shop":"嘉義市文化路夜市-羅媽媽豆花","category":"夜市/市場攤販","zone":"雲嘉南","city":"嘉義市","area":"東區","market_name":"嘉義市文化路夜市","market_address":"自中正路口退縮十公尺處起至垂楊路口退縮十公尺處止。各路口紅線區除外","pay_list":["LINE PAY","街口支付"],"pay_tool":["行動支付"],"行業代號":null,"行業代號1":null,"名稱1":null,"行業代號2":null,"名稱2":null,"行業代號3":null,"名稱3":null},{"index":194,"id":10030037,"user":"簡璦鎂","shop":"嘉義市文化路夜市-廣東粥","category":"夜市/市場攤販","zone":"雲嘉南","city":"嘉義市","area":"東區","market_name":"嘉義市文化路夜市","market_address":"自中正路口退縮十公尺處起至垂楊路口退縮十公尺處止。各路口紅線區除外","pay_list":"","pay_tool":"","行業代號":null,"行業代號1":null,"名稱1":null,"行業代號2":null,"名稱2":null,"行業代號3":null,"名稱3":null},{"index":195,"id":10030038,"user":"林英治","shop":"嘉義市文化路夜市-三杯魷魚","category":"夜市/市場攤販","zone":"雲嘉南","city":"嘉義市","area":"東區","market_name":"嘉義市文化路夜市","market_address":"自中正路口退縮十公尺處起至垂楊路口退縮十公尺處止。各路口紅線區除外","pay_list":"","pay_tool":"","行業代號":null,"行業代號1":null,"名稱1":null,"行業代號2":null,"名稱2":null,"行業代號3":null,"名稱3":null},{"index":196,"id":10030039,"user":"彭秋任","shop":"嘉義市文化路夜市-土城鹽穌雞","category":"夜市/市場攤販","zone":"雲嘉南","city":"嘉義市","area":"東區","market_name":"嘉義市文化路夜市","market_address":"自中正路口退縮十公尺處起至垂楊路口退縮十公尺處止。各路口紅線區除外","pay_list":["LINE PAY"],"pay_tool":["行動支付"],"行業代號":null,"行業代號1":null,"名稱1":null,"行業代號2":null,"名稱2":null,"行業代號3":null,"名稱3":null},{"index":197,"id":10030040,"user":"蕭永福","shop":"嘉義市文化路夜市-小陸碳烤","category":"夜市/市場攤販","zone":"雲嘉南","city":"嘉義市","area":"東區","market_name":"嘉義市文化路夜市","market_address":"自中正路口退縮十公尺處起至垂楊路口退縮十公尺處止。各路口紅線區除外","pay_list":"","pay_tool":"","行業代號":null,"行業代號1":null,"名稱1":null,"行業代號2":null,"名稱2":null,"行業代號3":null,"名稱3":null},{"index":198,"id":10030041,"user":"蔡桔龍","shop":"嘉義市文化路夜市-綠芝家","category":"夜市/市場攤販","zone":"雲嘉南","city":"嘉義市","area":"東區","market_name":"嘉義市文化路夜市","market_address":"自中正路口退縮十公尺處起至垂楊路口退縮十公尺處止。各路口紅線區除外","pay_list":"","pay_tool":"","行業代號":null,"行業代號1":null,"名稱1":null,"行業代號2":null,"名稱2":null,"行業代號3":null,"名稱3":null},{"index":199,"id":10030042,"user":"黃昭鍚","shop":"嘉義市文化路夜市-方櫃子魯味","category":"夜市/市場攤販","zone":"雲嘉南","city":"嘉義市","area":"東區","market_name":"嘉義市文化路夜市","market_address":"自中正路口退縮十公尺處起至垂楊路口退縮十公尺處止。各路口紅線區除外","pay_list":["LINE PAY","街口支付"],"pay_tool":["行動支付"],"行業代號":null,"行業代號1":null,"名稱1":null,"行業代號2":null,"名稱2":null,"行業代號3":null,"名稱3":null},{"index":200,"id":10030043,"user":"曾玉如","shop":"嘉義市文化路夜市-地瓜球","category":"夜市/市場攤販","zone":"雲嘉南","city":"嘉義市","area":"東區","market_name":"嘉義市文化路夜市","market_address":"自中正路口退縮十公尺處起至垂楊路口退縮十公尺處止。各路口紅線區除外","pay_list":"","pay_tool":"","行業代號":null,"行業代號1":null,"名稱1":null,"行業代號2":null,"名稱2":null,"行業代號3":null,"名稱3":null}]