[{"index":1,"id":10059015,"category":"夜市小吃/市場","city":"臺南市","area":"楠西區","market_name":"楠西公有零售市場","market_address":"臺南市楠西區東勢路125號","shop":"楠西公有零售市場 鋪甲09","pay_list":["LINE Pay Money"],"zone":"雲嘉南","user":"張王梅香","pay_tool":["行動支付"]},{"index":2,"id":30069986,"category":"夜市小吃/市場","city":"臺南市","area":"楠西區","market_name":"楠西公有零售市場","market_address":"臺南市楠西區東勢路125號","shop":"楠西公有零售市場 鋪甲09","pay_list":["LINE Pay Money"],"zone":"雲嘉南","user":"張王梅香","pay_tool":["行動支付"]}]