[{"index":1,"shop":"太保市第一公有零售市場-雞肉攤","zone":"雲嘉南","city":"嘉義縣","area":"太保市","market_address":"嘉義縣太保市太保里太保路178之6號","user":"張振湖","行業代號":null,"market_name":"太保市第一公有零售市場","行業代號1":null,"名稱1":null,"行業代號2":null,"名稱2":null,"行業代號3":null,"名稱3":null,"category":"夜市/市場攤販","id":10030233,"pay_list":"","pay_tool":""},{"index":2,"shop":"太保市第一公有零售市場-水果攤","zone":"雲嘉南","city":"嘉義縣","area":"太保市","market_address":"嘉義縣太保市太保里太保路178之6號","user":"黃味","行業代號":null,"market_name":"太保市第一公有零售市場","行業代號1":null,"名稱1":null,"行業代號2":null,"名稱2":null,"行業代號3":null,"名稱3":null,"category":"夜市/市場攤販","id":10030234,"pay_list":"","pay_tool":""},{"index":3,"shop":"太保市第一公有零售市場-菜攤","zone":"雲嘉南","city":"嘉義縣","area":"太保市","market_address":"嘉義縣太保市太保里太保路178之6號","user":"李淑芬","行業代號":null,"market_name":"太保市第一公有零售市場","行業代號1":null,"名稱1":null,"行業代號2":null,"名稱2":null,"行業代號3":null,"名稱3":null,"category":"夜市/市場攤販","id":10030235,"pay_list":"","pay_tool":""},{"index":4,"shop":"太保市第一公有零售市場-豬肉攤","zone":"雲嘉南","city":"嘉義縣","area":"太保市","market_address":"嘉義縣太保市太保里太保路178之6號","user":"戴文山","行業代號":null,"market_name":"太保市第一公有零售市場","行業代號1":null,"名稱1":null,"行業代號2":null,"名稱2":null,"行業代號3":null,"名稱3":null,"category":"夜市/市場攤販","id":10030237,"pay_list":"","pay_tool":""},{"index":5,"shop":"太保市第一公有零售市場-水餃攤","zone":"雲嘉南","city":"嘉義縣","area":"太保市","market_address":"嘉義縣太保市太保里太保路178之6號","user":"郭秀桃","行業代號":null,"market_name":"太保市第一公有零售市場","行業代號1":null,"名稱1":null,"行業代號2":null,"名稱2":null,"行業代號3":null,"名稱3":null,"category":"夜市/市場攤販","id":10030238,"pay_list":"","pay_tool":""},{"index":6,"shop":"太保市第一公有零售市場-早餐店","zone":"雲嘉南","city":"嘉義縣","area":"太保市","market_address":"嘉義縣太保市太保里太保路178之6號","user":"郭官寶珠","行業代號":null,"market_name":"太保市第一公有零售市場","行業代號1":null,"名稱1":null,"行業代號2":null,"名稱2":null,"行業代號3":null,"名稱3":null,"category":"夜市/市場攤販","id":10030239,"pay_list":"","pay_tool":""},{"index":7,"shop":"太保市第一公有零售市場-理髮店","zone":"雲嘉南","city":"嘉義縣","area":"太保市","market_address":"嘉義縣太保市太保里太保路178之6號","user":"龔麗玲","行業代號":null,"market_name":"太保市第一公有零售市場","行業代號1":null,"名稱1":null,"行業代號2":null,"名稱2":null,"行業代號3":null,"名稱3":null,"category":"夜市/市場攤販","id":10030240,"pay_list":"","pay_tool":""},{"index":8,"shop":"葉媽媽早餐店","zone":"雲嘉南","city":"嘉義縣","area":"太保市","market_address":"嘉義縣太保市麻寮里３鄰中山路２段１６－２號１樓","user":"楊麗姬","行業代號":null,"market_name":["餐食攤販"],"行業代號1":null,"名稱1":null,"行業代號2":null,"名稱2":null,"行業代號3":null,"名稱3":null,"category":["夜市/市場攤販"],"id":20006195,"pay_list":"","pay_tool":""},{"index":9,"shop":"林中和","zone":"雲嘉南","city":"嘉義縣","area":"太保市","market_address":"嘉義縣太保市麻寮里中山路２段１８５號對面","user":"林中和","行業代號":null,"market_name":["餐食攤販"],"行業代號1":null,"名稱1":null,"行業代號2":null,"名稱2":null,"行業代號3":null,"名稱3":null,"category":["夜市/市場攤販"],"id":20022588,"pay_list":"","pay_tool":""},{"index":10,"shop":"呂麗秋","zone":"雲嘉南","city":"嘉義縣","area":"太保市","market_address":"嘉義縣太保市麻寮里北港路２段４０８號之３前騎樓","user":"呂麗秋","行業代號":null,"market_name":["餐食攤販"],"行業代號1":null,"名稱1":null,"行業代號2":null,"名稱2":null,"行業代號3":null,"名稱3":null,"category":["夜市/市場攤販"],"id":20028764,"pay_list":"","pay_tool":""},{"index":11,"shop":"李欣聰","zone":"雲嘉南","city":"嘉義縣","area":"太保市","market_address":"嘉義縣太保市麻寮里中山路二段１７７―６號１樓前半部","user":"李欣聰","行業代號":null,"market_name":["餐食攤販"],"行業代號1":null,"名稱1":null,"行業代號2":null,"名稱2":null,"行業代號3":null,"名稱3":null,"category":["夜市/市場攤販"],"id":20028933,"pay_list":"","pay_tool":""},{"index":12,"shop":"游月芳","zone":"雲嘉南","city":"嘉義縣","area":"太保市","market_address":"嘉義縣太保市春珠里８５－１號Ｂ７","user":"游月芳","行業代號":null,"market_name":["餐食攤販"],"行業代號1":null,"名稱1":null,"行業代號2":null,"名稱2":null,"行業代號3":null,"名稱3":null,"category":["夜市/市場攤販"],"id":20046509,"pay_list":"","pay_tool":""},{"index":13,"shop":"賴江淑虹","zone":"雲嘉南","city":"嘉義縣","area":"太保市","market_address":"嘉義縣太保市春珠里８５－１８號Ｃ９","user":"賴江淑虹","行業代號":null,"market_name":["餐食攤販"],"行業代號1":null,"名稱1":null,"行業代號2":null,"名稱2":null,"行業代號3":null,"名稱3":null,"category":["夜市/市場攤販"],"id":20046544,"pay_list":"","pay_tool":""},{"index":14,"shop":"滷得好","zone":"雲嘉南","city":"嘉義縣","area":"太保市","market_address":"嘉義縣太保市安仁里祥和一路東段１９號","user":"黃廉傑","行業代號":null,"market_name":["餐食攤販"],"行業代號1":null,"名稱1":null,"行業代號2":null,"名稱2":null,"行業代號3":null,"名稱3":null,"category":["夜市/市場攤販"],"id":20046812,"pay_list":"","pay_tool":""},{"index":15,"shop":"魔王狂爆雞排","zone":"雲嘉南","city":"嘉義縣","area":"太保市","market_address":"嘉義縣太保市安仁里０１０鄰祥和一路東段９０號１樓","user":"邱鈺雄","行業代號":null,"market_name":["餐食攤販"],"行業代號1":null,"名稱1":null,"行業代號2":null,"名稱2":null,"行業代號3":null,"名稱3":null,"category":["夜市/市場攤販"],"id":20053447,"pay_list":"","pay_tool":""},{"index":16,"shop":"斗六現炒三杯魯味","zone":"雲嘉南","city":"嘉義縣","area":"太保市","market_address":"嘉義縣太保市安仁里祥和三路東段１５６號旁（攤位１路３、４號）","user":"陳亮志","行業代號":null,"market_name":["餐食攤販"],"行業代號1":null,"名稱1":null,"行業代號2":null,"名稱2":null,"行業代號3":null,"名稱3":null,"category":["夜市/市場攤販"],"id":20053456,"pay_list":"","pay_tool":""},{"index":17,"shop":"桂美火雞肉飯","zone":"雲嘉南","city":"嘉義縣","area":"太保市","market_address":"嘉義縣太保市舊埤里新平路４５號","user":"陳桂美","行業代號":"561200","market_name":["餐食攤販"],"行業代號1":"","名稱1":"","行業代號2":"","名稱2":"","行業代號3":"","名稱3":"","category":["夜市/市場攤販"],"id":60039304,"pay_list":null,"pay_tool":null},{"index":18,"shop":"圓茗緣商行","zone":"雲嘉南","city":"嘉義縣","area":"太保市","market_address":"嘉義縣太保市南新里１４鄰中山路１段２４９號","user":"許麗琴","行業代號":"563200","market_name":["未分類其他家用器具及用品批發","調理飲料攤販","餐食攤販"],"行業代號1":"561200","名稱1":"餐食攤販","行業代號2":"456999","名稱2":"未分類其他家用器具及用品批發","行業代號3":"","名稱3":"","category":["餐飲","夜市/市場攤販"],"id":60049712,"pay_list":null,"pay_tool":null},{"index":19,"shop":"六年甲班輕食","zone":"雲嘉南","city":"嘉義縣","area":"太保市","market_address":"嘉義縣太保市安仁里太保一路２６號","user":"劉淑雅","行業代號":"561115","market_name":["調理飲料攤販","餐館、餐廳"],"行業代號1":"563200","名稱1":"調理飲料攤販","行業代號2":"","名稱2":"","行業代號3":"","名稱3":"","category":["餐飲","夜市/市場攤販"],"id":60054230,"pay_list":null,"pay_tool":null},{"index":20,"shop":"廣鑫海鮮行","zone":"雲嘉南","city":"嘉義縣","area":"太保市","market_address":"嘉義縣太保市梅埔里００３鄰梅子厝３３―１０號","user":"官憲成","行業代號":"561200","market_name":["餐食攤販"],"行業代號1":"","名稱1":"","行業代號2":"","名稱2":"","行業代號3":"","名稱3":"","category":["夜市/市場攤販"],"id":60095653,"pay_list":null,"pay_tool":null}]