[{"index":1,"id":20002301,"user":"楊玉紋","shop":"埔鹽香香堡","category":["夜市/市場攤販","餐飲"],"zone":"中彰投","city":"彰化縣","area":"埔鹽鄉","market_name":["餐食攤販","調理飲料攤販"],"market_address":"彰化縣埔鹽鄉埔南村彰水路１段２５９號","pay_list":"","pay_tool":"","行業代號":null,"行業代號1":null,"名稱1":null,"行業代號2":null,"名稱2":null,"行業代號3":null,"名稱3":null},{"index":2,"id":20006853,"user":"林秋蓮","shop":"美芝城埔鹽中正店","category":["夜市/市場攤販","餐飲"],"zone":"中彰投","city":"彰化縣","area":"埔鹽鄉","market_name":["餐食攤販","調理飲料攤販"],"market_address":"彰化縣埔鹽鄉好修村中正路２２７號","pay_list":"","pay_tool":"","行業代號":null,"行業代號1":null,"名稱1":null,"行業代號2":null,"名稱2":null,"行業代號3":null,"名稱3":null},{"index":3,"id":60070036,"user":"曹淑蘭","shop":"媽煮妙速食店","category":["餐飲","夜市/市場攤販"],"zone":"中彰投","city":"彰化縣","area":"埔鹽鄉","market_name":["調理飲料攤販","餐食攤販"],"market_address":"彰化縣埔鹽鄉西湖村１３鄰大新路２巷２６號","pay_list":null,"pay_tool":null,"行業代號":"561200","行業代號1":"563200","名稱1":"調理飲料攤販","行業代號2":"","名稱2":"","行業代號3":"","名稱3":""}]