[{"index":1,"id":30001215,"category":"夜市小吃/市場","city":"臺中市","area":"北屯區","market_name":"太原觀光夜市攤販集中區","market_address":"北屯區太原路三段與和順路口","shop":"太原觀光夜市攤販集中區 甩Y'切水果工坊","pay_list":["LINE Pay Money"],"zone":"中彰投","user":"黃國信","pay_tool":["行動支付"]},{"index":2,"id":30001243,"category":"夜市小吃/市場","city":"臺中市","area":"北屯區","market_name":"太原觀光夜市攤販集中區","market_address":"北屯區太原路三段與和順路口","shop":"太原觀光夜市攤販集中區 半罐日月潭紅茶","pay_list":["街口支付","LINE Pay Money"],"zone":"中彰投","user":"賴晏文","pay_tool":["行動支付"]},{"index":3,"id":30042977,"category":"夜市小吃/市場","city":"臺中市","area":"北屯區","market_name":"太原觀光夜市攤販集中區","market_address":"北屯區太原路三段與和順路口","shop":"太原觀光夜市攤販集中區 KINNA 飾品攤","pay_list":["街口支付","LINE Pay Money"],"zone":"中彰投","user":"賴凱誼","pay_tool":["行動支付"]},{"index":4,"id":30042979,"category":"夜市小吃/市場","city":"臺中市","area":"北屯區","market_name":"太原觀光夜市攤販集中區","market_address":"北屯區太原路三段與和順路口","shop":"太原觀光夜市攤販集中區 創意烤畫","pay_list":["街口支付","LINE Pay Money"],"zone":"中彰投","user":"張秋涵","pay_tool":["行動支付"]},{"index":5,"id":30042980,"category":"夜市小吃/市場","city":"臺中市","area":"北屯區","market_name":"太原觀光夜市攤販集中區","market_address":"北屯區太原路三段與和順路口","shop":"太原觀光夜市攤販集中區 小時光韓式起士熱狗","pay_list":["LINE Pay Money"],"zone":"中彰投","user":"藍妍喬","pay_tool":["行動支付"]},{"index":6,"id":30042981,"category":"夜市小吃/市場","city":"臺中市","area":"北屯區","market_name":"太原觀光夜市攤販集中區","market_address":"北屯區太原路三段與和順路口","shop":"太原觀光夜市攤販集中區 春祥茶庄","pay_list":["街口支付","LINE Pay Money"],"zone":"中彰投","user":"王楷聖","pay_tool":["行動支付"]},{"index":7,"id":30042982,"category":"夜市小吃/市場","city":"臺中市","area":"北屯區","market_name":"太原觀光夜市攤販集中區","market_address":"北屯區太原路三段與和順路口","shop":"太原觀光夜市攤販集中區 林園林臭豆腐-台中天字第一家","pay_list":["LINE Pay Money"],"zone":"中彰投","user":"陳勝惠","pay_tool":["行動支付"]},{"index":8,"id":30042984,"category":"夜市小吃/市場","city":"臺中市","area":"北屯區","market_name":"太原觀光夜市攤販集中區","market_address":"北屯區太原路三段與和順路口","shop":"太原觀光夜市攤販集中區 圓舞曲黑糖粉圓","pay_list":["街口支付","LINE Pay Money"],"zone":"中彰投","user":"張智勇","pay_tool":["行動支付"]},{"index":9,"id":30042986,"category":"夜市小吃/市場","city":"臺中市","area":"北屯區","market_name":"太原觀光夜市攤販集中區","market_address":"北屯區太原路三段與和順路口","shop":"太原觀光夜市攤販集中區 玉米波波","pay_list":["LINE Pay Money"],"zone":"中彰投","user":"劉鈺辰","pay_tool":["行動支付"]},{"index":10,"id":30042989,"category":"夜市小吃/市場","city":"臺中市","area":"北屯區","market_name":"太原觀光夜市攤販集中區","market_address":"北屯區太原路三段與和順路口","shop":"太原觀光夜市攤販集中區 無骨鳳爪","pay_list":["街口支付","LINE Pay Money"],"zone":"中彰投","user":"鄭志文","pay_tool":["行動支付"]},{"index":11,"id":30042990,"category":"夜市小吃/市場","city":"臺中市","area":"北屯區","market_name":"太原觀光夜市攤販集中區","market_address":"北屯區太原路三段與和順路口","shop":"太原觀光夜市攤販集中區 寵物飾品/冰淇淋","pay_list":["街口支付"],"zone":"中彰投","user":"邱庭妍","pay_tool":["行動支付"]},{"index":12,"id":30042991,"category":"夜市小吃/市場","city":"臺中市","area":"北屯區","market_name":"太原觀光夜市攤販集中區","market_address":"北屯區太原路三段與和順路口","shop":"太原觀光夜市攤販集中區 電話亭現炸無骨排骨酥","pay_list":["街口支付","LINE Pay Money"],"zone":"中彰投","user":"黃建誠","pay_tool":["行動支付"]},{"index":13,"id":30042992,"category":"夜市小吃/市場","city":"臺中市","area":"北屯區","market_name":"太原觀光夜市攤販集中區","market_address":"北屯區太原路三段與和順路口","shop":"太原觀光夜市攤販集中區 JOKERJOKER潮流服飾","pay_list":["街口支付","LINE Pay Money"],"zone":"中彰投","user":"黃鐙毅","pay_tool":["行動支付"]},{"index":14,"id":30042995,"category":"夜市小吃/市場","city":"臺中市","area":"北屯區","market_name":"太原觀光夜市攤販集中區","market_address":"北屯區太原路三段與和順路口","shop":"太原觀光夜市攤販集中區 大時瓜","pay_list":["街口支付"],"zone":"中彰投","user":"何政傑","pay_tool":["行動支付"]},{"index":15,"id":30042997,"category":"夜市小吃/市場","city":"臺中市","area":"北屯區","market_name":"太原觀光夜市攤販集中區","market_address":"北屯區太原路三段與和順路口","shop":"太原觀光夜市攤販集中區 ?神麻辣鴨血豆腐","pay_list":["街口支付","LINE Pay Money"],"zone":"中彰投","user":"劉晏妤","pay_tool":["行動支付"]},{"index":16,"id":30042999,"category":"夜市小吃/市場","city":"臺中市","area":"北屯區","market_name":"太原觀光夜市攤販集中區","market_address":"北屯區太原路三段與和順路口","shop":"太原觀光夜市攤販集中區 酥炸魷魚","pay_list":["街口支付","LINE Pay Money"],"zone":"中彰投","user":"張智勇","pay_tool":["行動支付"]},{"index":17,"id":30043000,"category":"夜市小吃/市場","city":"臺中市","area":"北屯區","market_name":"太原觀光夜市攤販集中區","market_address":"北屯區太原路三段與和順路口","shop":"太原觀光夜市攤販集中區 Bibi寢具生活館","pay_list":["街口支付","LINE Pay Money"],"zone":"中彰投","user":"張嘉妤","pay_tool":["行動支付"]},{"index":18,"id":30043005,"category":"夜市小吃/市場","city":"臺中市","area":"北屯區","market_name":"太原觀光夜市攤販集中區","market_address":"北屯區太原路三段與和順路口","shop":"太原觀光夜市攤販集中區 滿滿果實鹹水油雞","pay_list":["街口支付","LINE Pay Money"],"zone":"中彰投","user":"林建良","pay_tool":["行動支付"]},{"index":19,"id":30043006,"category":"夜市小吃/市場","city":"臺中市","area":"北屯區","market_name":"太原觀光夜市攤販集中區","market_address":"北屯區太原路三段與和順路口","shop":"太原觀光夜市攤販集中區 淡水花枝燒","pay_list":["LINE Pay Money"],"zone":"中彰投","user":"陳章國","pay_tool":["行動支付"]},{"index":20,"id":30043010,"category":"夜市小吃/市場","city":"臺中市","area":"北屯區","market_name":"太原觀光夜市攤販集中區","market_address":"北屯區太原路三段與和順路口","shop":"太原觀光夜市攤販集中區 茗香萊牛肉湯","pay_list":["街口支付","LINE Pay Money"],"zone":"中彰投","user":"陳玉芳","pay_tool":["行動支付"]},{"index":21,"id":30043017,"category":"夜市小吃/市場","city":"臺中市","area":"北屯區","market_name":"太原觀光夜市攤販集中區","market_address":"北屯區太原路三段與和順路口","shop":"太原觀光夜市攤販集中區 童裝(37.38)","pay_list":["街口支付","LINE Pay Money"],"zone":"中彰投","user":"盧權澤","pay_tool":["行動支付"]},{"index":22,"id":30043020,"category":"夜市小吃/市場","city":"臺中市","area":"北屯區","market_name":"太原觀光夜市攤販集中區","market_address":"北屯區太原路三段與和順路口","shop":"太原觀光夜市攤販集中區 ??油?、醉?","pay_list":["街口支付"],"zone":"中彰投","user":"李玲","pay_tool":["行動支付"]},{"index":23,"id":30043021,"category":"夜市小吃/市場","city":"臺中市","area":"北屯區","market_name":"太原觀光夜市攤販集中區","market_address":"北屯區太原路三段與和順路口","shop":"太原觀光夜市攤販集中區 阿勳炒飯","pay_list":["LINE Pay Money"],"zone":"中彰投","user":"賴伯勳","pay_tool":["行動支付"]},{"index":24,"id":30043022,"category":"夜市小吃/市場","city":"臺中市","area":"北屯區","market_name":"太原觀光夜市攤販集中區","market_address":"北屯區太原路三段與和順路口","shop":"太原觀光夜市攤販集中區 尚好烤肉","pay_list":["街口支付","LINE Pay Money"],"zone":"中彰投","user":"陳又齊","pay_tool":["行動支付"]},{"index":25,"id":30043023,"category":"夜市小吃/市場","city":"臺中市","area":"北屯區","market_name":"太原觀光夜市攤販集中區","market_address":"北屯區太原路三段與和順路口","shop":"太原觀光夜市攤販集中區 奶母專業木瓜牛奶","pay_list":["LINE Pay Money"],"zone":"中彰投","user":"林益楙","pay_tool":["行動支付"]},{"index":26,"id":30043024,"category":"夜市小吃/市場","city":"臺中市","area":"北屯區","market_name":"太原觀光夜市攤販集中區","market_address":"北屯區太原路三段與和順路口","shop":"太原觀光夜市攤販集中區 歐卡桑 鮮草芋見泥","pay_list":["LINE Pay Money"],"zone":"中彰投","user":"陳建彰","pay_tool":["行動支付"]},{"index":27,"id":30043025,"category":"夜市小吃/市場","city":"臺中市","area":"北屯區","market_name":"太原觀光夜市攤販集中區","market_address":"北屯區太原路三段與和順路口","shop":"太原觀光夜市攤販集中區 樂芙妮-楓糖起司圈","pay_list":["街口支付","LINE Pay Money"],"zone":"中彰投","user":"王郁婷","pay_tool":["行動支付"]},{"index":28,"id":30043029,"category":"夜市小吃/市場","city":"臺中市","area":"北屯區","market_name":"太原觀光夜市攤販集中區","market_address":"北屯區太原路三段與和順路口","shop":"太原觀光夜市攤販集中區 大腸包小腸","pay_list":["街口支付","LINE Pay Money"],"zone":"中彰投","user":"林昇易","pay_tool":["行動支付"]},{"index":29,"id":30043030,"category":"夜市小吃/市場","city":"臺中市","area":"北屯區","market_name":"太原觀光夜市攤販集中區","market_address":"北屯區太原路三段與和順路口","shop":"太原觀光夜市攤販集中區 潮食牛Hot Steak(亂切牛排）","pay_list":["街口支付","LINE Pay Money"],"zone":"中彰投","user":"洪宏奇","pay_tool":["行動支付"]},{"index":30,"id":30043031,"category":"夜市小吃/市場","city":"臺中市","area":"北屯區","market_name":"太原觀光夜市攤販集中區","market_address":"北屯區太原路三段與和順路口","shop":"太原觀光夜市攤販集中區 港式燒賣","pay_list":["LINE Pay Money"],"zone":"中彰投","user":"羅文綺","pay_tool":["行動支付"]},{"index":31,"id":30043032,"category":"夜市小吃/市場","city":"臺中市","area":"北屯區","market_name":"太原觀光夜市攤販集中區","market_address":"北屯區太原路三段與和順路口","shop":"太原觀光夜市攤販集中區 Hammer美式漢堡","pay_list":["LINE Pay Money"],"zone":"中彰投","user":"張嵩智","pay_tool":["行動支付"]},{"index":32,"id":30043034,"category":"夜市小吃/市場","city":"臺中市","area":"北屯區","market_name":"太原觀光夜市攤販集中區","market_address":"北屯區太原路三段與和順路口","shop":"太原觀光夜市攤販集中區 現烤魷魚","pay_list":["街口支付","LINE Pay Money"],"zone":"中彰投","user":"楊淑美","pay_tool":["行動支付"]},{"index":33,"id":30043040,"category":"夜市小吃/市場","city":"臺中市","area":"北屯區","market_name":"太原觀光夜市攤販集中區","market_address":"北屯區太原路三段與和順路口","shop":"太原觀光夜市攤販集中區 玩?鳳梨冰茶","pay_list":["LINE Pay Money"],"zone":"中彰投","user":"曾于珊","pay_tool":["行動支付"]},{"index":34,"id":30043043,"category":"夜市小吃/市場","city":"臺中市","area":"北屯區","market_name":"太原觀光夜市攤販集中區","market_address":"北屯區太原路三段與和順路口","shop":"太原觀光夜市攤販集中區 五九香烤玉米","pay_list":["LINE Pay Money"],"zone":"中彰投","user":"蔡家棟","pay_tool":["行動支付"]},{"index":35,"id":30043044,"category":"夜市小吃/市場","city":"臺中市","area":"北屯區","market_name":"太原觀光夜市攤販集中區","market_address":"北屯區太原路三段與和順路口","shop":"太原觀光夜市攤販集中區 鳥蛋王子","pay_list":["街口支付","LINE Pay Money"],"zone":"中彰投","user":"張盈蓁","pay_tool":["行動支付"]},{"index":36,"id":30043045,"category":"夜市小吃/市場","city":"臺中市","area":"北屯區","market_name":"太原觀光夜市攤販集中區","market_address":"北屯區太原路三段與和順路口","shop":"太原觀光夜市攤販集中區 吳記現炸排骨酥","pay_list":["街口支付","LINE Pay Money"],"zone":"中彰投","user":"黃瀚陞","pay_tool":["行動支付"]},{"index":37,"id":30043047,"category":"夜市小吃/市場","city":"臺中市","area":"北屯區","market_name":"太原觀光夜市攤販集中區","market_address":"北屯區太原路三段與和順路口","shop":"太原觀光夜市攤販集中區 糖妙栗子/熱狗","pay_list":["街口支付"],"zone":"中彰投","user":"塗銘源","pay_tool":["行動支付"]},{"index":38,"id":30043048,"category":"夜市小吃/市場","city":"臺中市","area":"北屯區","market_name":"太原觀光夜市攤販集中區","market_address":"北屯區太原路三段與和順路口","shop":"太原觀光夜市攤販集中區 鮮奶茶棧","pay_list":["LINE Pay Money"],"zone":"中彰投","user":"王志成","pay_tool":["行動支付"]},{"index":39,"id":30043053,"category":"夜市小吃/市場","city":"臺中市","area":"北屯區","market_name":"太原觀光夜市攤販集中區","market_address":"北屯區太原路三段與和順路口","shop":"太原觀光夜市攤販集中區 口罩","pay_list":["街口支付"],"zone":"中彰投","user":"余庭?","pay_tool":["行動支付"]},{"index":40,"id":30043054,"category":"夜市小吃/市場","city":"臺中市","area":"北屯區","market_name":"太原觀光夜市攤販集中區","market_address":"北屯區太原路三段與和順路口","shop":"太原觀光夜市攤販集中區 奶母專業木瓜牛奶","pay_list":["LINE Pay Money"],"zone":"中彰投","user":"林益楙","pay_tool":["行動支付"]},{"index":41,"id":30043056,"category":"夜市小吃/市場","city":"臺中市","area":"北屯區","market_name":"太原觀光夜市攤販集中區","market_address":"北屯區太原路三段與和順路口","shop":"太原觀光夜市攤販集中區 丁香深海旗魚串","pay_list":["街口支付","LINE Pay Money"],"zone":"中彰投","user":"趙凱育","pay_tool":["行動支付"]},{"index":42,"id":30043057,"category":"夜市小吃/市場","city":"臺中市","area":"北屯區","market_name":"太原觀光夜市攤販集中區","market_address":"北屯區太原路三段與和順路口","shop":"太原觀光夜市攤販集中區 童鞋","pay_list":["街口支付","LINE Pay Money"],"zone":"中彰投","user":"黃景涓","pay_tool":["行動支付"]},{"index":43,"id":30043058,"category":"夜市小吃/市場","city":"臺中市","area":"北屯區","market_name":"太原觀光夜市攤販集中區","market_address":"北屯區太原路三段與和順路口","shop":"太原觀光夜市攤販集中區 baby more童裝","pay_list":["LINE Pay Money"],"zone":"中彰投","user":"許淑真","pay_tool":["行動支付"]},{"index":44,"id":30043061,"category":"夜市小吃/市場","city":"臺中市","area":"北屯區","market_name":"太原觀光夜市攤販集中區","market_address":"北屯區太原路三段與和順路口","shop":"太原觀光夜市攤販集中區 古都炭烤","pay_list":["LINE Pay Money"],"zone":"中彰投","user":"郭平平","pay_tool":["行動支付"]},{"index":45,"id":30043062,"category":"夜市小吃/市場","city":"臺中市","area":"北屯區","market_name":"太原觀光夜市攤販集中區","market_address":"北屯區太原路三段與和順路口","shop":"太原觀光夜市攤販集中區 米路童裝","pay_list":["街口支付","LINE Pay Money"],"zone":"中彰投","user":"廖語君","pay_tool":["行動支付"]},{"index":46,"id":30043063,"category":"夜市小吃/市場","city":"臺中市","area":"北屯區","market_name":"太原觀光夜市攤販集中區","market_address":"北屯區太原路三段與和順路口","shop":"太原觀光夜市攤販集中區 放牛吃草","pay_list":["街口支付","LINE Pay Money"],"zone":"中彰投","user":"黃巧萱","pay_tool":["行動支付"]},{"index":47,"id":30043064,"category":"夜市小吃/市場","city":"臺中市","area":"北屯區","market_name":"太原觀光夜市攤販集中區","market_address":"北屯區太原路三段與和順路口","shop":"太原觀光夜市攤販集中區 PAPAMAMA日韓精品童裝","pay_list":["街口支付","台灣 PAY"],"zone":"中彰投","user":"吳秀玉","pay_tool":["行動支付"]},{"index":48,"id":30043065,"category":"夜市小吃/市場","city":"臺中市","area":"北屯區","market_name":"太原觀光夜市攤販集中區","market_address":"北屯區太原路三段與和順路口","shop":"太原觀光夜市攤販集中區 多作","pay_list":["台灣 PAY","街口支付","LINE Pay Money"],"zone":"中彰投","user":"賴宛青","pay_tool":["行動支付"]},{"index":49,"id":30043066,"category":"夜市小吃/市場","city":"臺中市","area":"北屯區","market_name":"太原觀光夜市攤販集中區","market_address":"北屯區太原路三段與和順路口","shop":"太原觀光夜市攤販集中區 三兄弟彈珠台","pay_list":["LINE Pay Money"],"zone":"中彰投","user":"吳瑞蓮","pay_tool":["行動支付"]},{"index":50,"id":30043067,"category":"夜市小吃/市場","city":"臺中市","area":"北屯區","market_name":"太原觀光夜市攤販集中區","market_address":"北屯區太原路三段與和順路口","shop":"太原觀光夜市攤販集中區 小芳服飾","pay_list":["LINE Pay Money"],"zone":"中彰投","user":"李宜芳","pay_tool":["行動支付"]},{"index":51,"id":30043068,"category":"夜市小吃/市場","city":"臺中市","area":"北屯區","market_name":"太原觀光夜市攤販集中區","market_address":"北屯區太原路三段與和順路口","shop":"太原觀光夜市攤販集中區 歐豆桑蒜香烏龍豆干太原店","pay_list":["台灣 PAY","LINE Pay Money"],"zone":"中彰投","user":"蕭子禹","pay_tool":["行動支付"]},{"index":52,"id":30043069,"category":"夜市小吃/市場","city":"臺中市","area":"北屯區","market_name":"太原觀光夜市攤販集中區","market_address":"北屯區太原路三段與和順路口","shop":"太原觀光夜市攤販集中區 哈嘟造型熱狗","pay_list":["街口支付","LINE Pay Money"],"zone":"中彰投","user":"周書玉","pay_tool":["行動支付"]},{"index":53,"id":30043071,"category":"夜市小吃/市場","city":"臺中市","area":"北屯區","market_name":"太原觀光夜市攤販集中區","market_address":"北屯區太原路三段與和順路口","shop":"太原觀光夜市攤販集中區 Judy童舖","pay_list":["LINE Pay Money"],"zone":"中彰投","user":"嚴凱齡","pay_tool":["行動支付"]},{"index":54,"id":30043074,"category":"夜市小吃/市場","city":"臺中市","area":"北屯區","market_name":"太原觀光夜市攤販集中區","market_address":"北屯區太原路三段與和順路口","shop":"太原觀光夜市攤販集中區 One hand 手工花生糯米腸","pay_list":["街口支付","LINE Pay Money"],"zone":"中彰投","user":"鍾 定 勝","pay_tool":["行動支付"]},{"index":55,"id":30043075,"category":"夜市小吃/市場","city":"臺中市","area":"北屯區","market_name":"太原觀光夜市攤販集中區","market_address":"北屯區太原路三段與和順路口","shop":"太原觀光夜市攤販集中區 大嫂的奶X有毒","pay_list":["街口支付","LINE Pay Money"],"zone":"中彰投","user":"謝幸媛","pay_tool":["行動支付"]},{"index":56,"id":30043076,"category":"夜市小吃/市場","city":"臺中市","area":"北屯區","market_name":"太原觀光夜市攤販集中區","market_address":"北屯區太原路三段與和順路口","shop":"太原觀光夜市攤販集中區 梅花肉圓","pay_list":["街口支付","LINE Pay Money"],"zone":"中彰投","user":"郭恆銘","pay_tool":["行動支付"]},{"index":57,"id":30043077,"category":"夜市小吃/市場","city":"臺中市","area":"北屯區","market_name":"太原觀光夜市攤販集中區","market_address":"北屯區太原路三段與和順路口","shop":"太原觀光夜市攤販集中區 三鼎鮮燙小卷","pay_list":["台灣 PAY","街口支付","LINE Pay Money"],"zone":"中彰投","user":"郭家澤","pay_tool":["行動支付"]},{"index":58,"id":30043078,"category":"夜市小吃/市場","city":"臺中市","area":"北屯區","market_name":"太原觀光夜市攤販集中區","market_address":"北屯區太原路三段與和順路口","shop":"太原觀光夜市攤販集中區 想吃粿白糖粿","pay_list":["街口支付","LINE Pay Money"],"zone":"中彰投","user":"謝孟儒","pay_tool":["行動支付"]},{"index":59,"id":30043079,"category":"夜市小吃/市場","city":"臺中市","area":"北屯區","market_name":"太原觀光夜市攤販集中區","market_address":"北屯區太原路三段與和順路口","shop":"太原觀光夜市攤販集中區 鹿水谷堂","pay_list":["街口支付","LINE Pay Money"],"zone":"中彰投","user":"邱怡臻","pay_tool":["行動支付"]},{"index":60,"id":30043080,"category":"夜市小吃/市場","city":"臺中市","area":"北屯區","market_name":"太原觀光夜市攤販集中區","market_address":"北屯區太原路三段與和順路口","shop":"太原觀光夜市攤販集中區 尚好烤肉","pay_list":["街口支付","LINE Pay Money"],"zone":"中彰投","user":"陳又齊","pay_tool":["行動支付"]},{"index":61,"id":30043082,"category":"夜市小吃/市場","city":"臺中市","area":"北屯區","market_name":"太原觀光夜市攤販集中區","market_address":"北屯區太原路三段與和順路口","shop":"太原觀光夜市攤販集中區 H&S_ 3C手機配件","pay_list":["LINE Pay Money"],"zone":"中彰投","user":"林昱宏","pay_tool":["行動支付"]},{"index":62,"id":30043084,"category":"夜市小吃/市場","city":"臺中市","area":"北屯區","market_name":"太原觀光夜市攤販集中區","market_address":"北屯區太原路三段與和順路口","shop":"太原觀光夜市攤販集中區 高梁黑豬香腸","pay_list":["街口支付","LINE Pay Money"],"zone":"中彰投","user":"陳坤稚","pay_tool":["行動支付"]},{"index":63,"id":30043085,"category":"夜市小吃/市場","city":"臺中市","area":"北屯區","market_name":"太原觀光夜市攤販集中區","market_address":"北屯區太原路三段與和順路口","shop":"太原觀光夜市攤販集中區 撈魚","pay_list":["街口支付","LINE Pay Money"],"zone":"中彰投","user":"張艾文","pay_tool":["行動支付"]},{"index":64,"id":30043086,"category":"夜市小吃/市場","city":"臺中市","area":"北屯區","market_name":"太原觀光夜市攤販集中區","market_address":"北屯區太原路三段與和順路口","shop":"太原觀光夜市攤販集中區 討吃手工寵物零食","pay_list":["LINE Pay Money"],"zone":"中彰投","user":"郭毓振","pay_tool":["行動支付"]},{"index":65,"id":30043087,"category":"夜市小吃/市場","city":"臺中市","area":"北屯區","market_name":"太原觀光夜市攤販集中區","market_address":"北屯區太原路三段與和順路口","shop":"太原觀光夜市攤販集中區 狐黎彈珠","pay_list":["街口支付","LINE Pay Money"],"zone":"中彰投","user":"蕭純美","pay_tool":["行動支付"]},{"index":66,"id":30043088,"category":"夜市小吃/市場","city":"臺中市","area":"北屯區","market_name":"太原觀光夜市攤販集中區","market_address":"北屯區太原路三段與和順路口","shop":"太原觀光夜市攤販集中區 金三餃一口煎餃","pay_list":["街口支付","LINE Pay Money"],"zone":"中彰投","user":"孔德諭","pay_tool":["行動支付"]},{"index":67,"id":30043089,"category":"夜市小吃/市場","city":"臺中市","area":"北屯區","market_name":"太原觀光夜市攤販集中區","market_address":"北屯區太原路三段與和順路口","shop":"太原觀光夜市攤販集中區 海鮮麵","pay_list":["LINE Pay Money"],"zone":"中彰投","user":"楊凱","pay_tool":["行動支付"]},{"index":68,"id":30043091,"category":"夜市小吃/市場","city":"臺中市","area":"北屯區","market_name":"太原觀光夜市攤販集中區","market_address":"北屯區太原路三段與和順路口","shop":"太原觀光夜市攤販集中區 老口味豬血糕","pay_list":["街口支付","LINE Pay Money"],"zone":"中彰投","user":"簡永洋","pay_tool":["行動支付"]},{"index":69,"id":30043093,"category":"夜市小吃/市場","city":"臺中市","area":"北屯區","market_name":"太原觀光夜市攤販集中區","market_address":"北屯區太原路三段與和順路口","shop":"太原觀光夜市攤販集中區 辣騷魚蛋","pay_list":["街口支付","LINE Pay Money"],"zone":"中彰投","user":"王偉哲","pay_tool":["行動支付"]},{"index":70,"id":30043094,"category":"夜市小吃/市場","city":"臺中市","area":"北屯區","market_name":"太原觀光夜市攤販集中區","market_address":"北屯區太原路三段與和順路口","shop":"太原觀光夜市攤販集中區 東昇鞋舖","pay_list":["LINE Pay Money"],"zone":"中彰投","user":"李金泉","pay_tool":["行動支付"]},{"index":71,"id":30043095,"category":"夜市小吃/市場","city":"臺中市","area":"北屯區","market_name":"太原觀光夜市攤販集中區","market_address":"北屯區太原路三段與和順路口","shop":"太原觀光夜市攤販集中區 大好時機 手機配件","pay_list":["街口支付","LINE Pay Money"],"zone":"中彰投","user":"吳右?","pay_tool":["行動支付"]},{"index":72,"id":30043096,"category":"夜市小吃/市場","city":"臺中市","area":"北屯區","market_name":"太原觀光夜市攤販集中區","market_address":"北屯區太原路三段與和順路口","shop":"太原觀光夜市攤販集中區 阿芭甘草芭樂","pay_list":["街口支付","LINE Pay Money"],"zone":"中彰投","user":"謝惠娟","pay_tool":["行動支付"]},{"index":73,"id":30043100,"category":"夜市小吃/市場","city":"臺中市","area":"北屯區","market_name":"太原觀光夜市攤販集中區","market_address":"北屯區太原路三段與和順路口","shop":"太原觀光夜市攤販集中區 甘丹甜甜圈","pay_list":["街口支付"],"zone":"中彰投","user":"林云湘","pay_tool":["行動支付"]},{"index":74,"id":30043103,"category":"夜市小吃/市場","city":"臺中市","area":"北屯區","market_name":"太原觀光夜市攤販集中區","market_address":"北屯區太原路三段與和順路口","shop":"太原觀光夜市攤販集中區 銅板娘五金百貨","pay_list":["LINE Pay Money"],"zone":"中彰投","user":"童靖雯","pay_tool":["行動支付"]},{"index":75,"id":30043104,"category":"夜市小吃/市場","city":"臺中市","area":"北屯區","market_name":"太原觀光夜市攤販集中區","market_address":"北屯區太原路三段與和順路口","shop":"太原觀光夜市攤販集中區 蕾莉3C","pay_list":["LINE Pay Money"],"zone":"中彰投","user":"黃子倫","pay_tool":["行動支付"]},{"index":76,"id":30043105,"category":"夜市小吃/市場","city":"臺中市","area":"北屯區","market_name":"太原觀光夜市攤販集中區","market_address":"北屯區太原路三段與和順路口","shop":"太原觀光夜市攤販集中區 崧賀碳烤玉米","pay_list":["街口支付","LINE Pay Money"],"zone":"中彰投","user":"李佳臻","pay_tool":["行動支付"]},{"index":77,"id":30043106,"category":"夜市小吃/市場","city":"臺中市","area":"北屯區","market_name":"太原觀光夜市攤販集中區","market_address":"北屯區太原路三段與和順路口","shop":"太原觀光夜市攤販集中區 煎餅果子","pay_list":["街口支付","LINE Pay Money"],"zone":"中彰投","user":"尤聖雯","pay_tool":["行動支付"]},{"index":78,"id":30043108,"category":"夜市小吃/市場","city":"臺中市","area":"北屯區","market_name":"太原觀光夜市攤販集中區","market_address":"北屯區太原路三段與和順路口","shop":"太原觀光夜市攤販集中區 古巴三明治","pay_list":["LINE Pay Money"],"zone":"中彰投","user":"張杰瑀","pay_tool":["行動支付"]},{"index":79,"id":30043109,"category":"夜市小吃/市場","city":"臺中市","area":"北屯區","market_name":"太原觀光夜市攤販集中區","market_address":"北屯區太原路三段與和順路口","shop":"太原觀光夜市攤販集中區 雞腿肉串","pay_list":["LINE Pay Money"],"zone":"中彰投","user":"楊怡嵐","pay_tool":["行動支付"]},{"index":80,"id":30043204,"category":"夜市小吃/市場","city":"臺中市","area":"北屯區","market_name":"東光公有零售市場","market_address":"臺中市北屯區北平路四段68號","shop":"東光公有零售市場 姊妹豆漿","pay_list":["台灣 PAY","LINE Pay Money"],"zone":"中彰投","user":"賴耿源","pay_tool":["行動支付"]},{"index":81,"id":30043248,"category":"夜市小吃/市場","city":"臺中市","area":"北屯區","market_name":"東光公有零售市場","market_address":"臺中市北屯區北平路四段68號","shop":"東光公有零售市場 波仔蔬菜","pay_list":["歐付寶","LINE Pay Money"],"zone":"中彰投","user":"蕭宗坡","pay_tool":["行動支付"]},{"index":82,"id":30043249,"category":"夜市小吃/市場","city":"臺中市","area":"北屯區","market_name":"東光公有零售市場","market_address":"臺中市北屯區北平路四段68號","shop":"東光公有零售市場 波仔蔬菜","pay_list":["歐付寶","LINE Pay Money"],"zone":"中彰投","user":"蕭宗坡","pay_tool":["行動支付"]},{"index":83,"id":30043250,"category":"夜市小吃/市場","city":"臺中市","area":"北屯區","market_name":"東光公有零售市場","market_address":"臺中市北屯區北平路四段68號","shop":"東光公有零售市場 波仔蔬菜","pay_list":["LINE Pay Money"],"zone":"中彰投","user":"莊陳絨","pay_tool":["行動支付"]},{"index":84,"id":30043262,"category":"夜市小吃/市場","city":"臺中市","area":"北屯區","market_name":"東光公有零售市場","market_address":"臺中市北屯區北平路四段68號","shop":"東光公有零售市場 波仔蔬菜","pay_list":["歐付寶","LINE Pay Money"],"zone":"中彰投","user":"蕭宗坡","pay_tool":["行動支付"]},{"index":85,"id":30043289,"category":"夜市小吃/市場","city":"臺中市","area":"北屯區","market_name":"東光公有零售市場","market_address":"臺中市北屯區北平路四段68號","shop":"東光公有零售市場 玉印製麵","pay_list":["街口支付","LINE Pay Money"],"zone":"中彰投","user":"黃素枝","pay_tool":["行動支付"]},{"index":86,"id":30043365,"category":"夜市小吃/市場","city":"臺中市","area":"北屯區","market_name":"東光公有零售市場","market_address":"臺中市北屯區北平路四段68號","shop":"東光公有零售市場 榮甄大坑山產","pay_list":["台灣 PAY"],"zone":"中彰投","user":"簡正雄","pay_tool":["行動支付"]}]