[{"index":1,"id":30007539,"category":"夜市小吃/市場","city":"高雄市","area":"新興區","market_name":"六合二路攤販臨時集中場","market_address":"高雄市新興區六合二路(中山一路至自立二路)","shop":"六合二路攤販臨時集中場 射氣球","pay_list":["LINE Pay Money"],"zone":"高屏","user":"吳祥儀","pay_tool":["行動支付"]},{"index":2,"id":30007558,"category":"夜市小吃/市場","city":"高雄市","area":"新興區","market_name":"六合二路攤販臨時集中場","market_address":"高雄市新興區六合二路(中山一路至自立二路)","shop":"六合二路攤販臨時集中場 按摩","pay_list":["台灣 PAY"],"zone":"高屏","user":"陳春月","pay_tool":["行動支付"]},{"index":3,"id":30007565,"category":"夜市小吃/市場","city":"高雄市","area":"新興區","market_name":"六合二路攤販臨時集中場","market_address":"高雄市新興區六合二路(中山一路至自立二路)","shop":"六合二路攤販臨時集中場 鱔魚麵","pay_list":["LINE Pay Money"],"zone":"高屏","user":"黃偉銘","pay_tool":["行動支付"]},{"index":4,"id":30007605,"category":"夜市小吃/市場","city":"高雄市","area":"新興區","market_name":"六合二路攤販臨時集中場","market_address":"高雄市新興區六合二路(中山一路至自立二路)","shop":"六合二路攤販臨時集中場 過魚湯","pay_list":["LINE Pay Money"],"zone":"高屏","user":"陳漢助","pay_tool":["行動支付"]},{"index":5,"id":30007617,"category":"夜市小吃/市場","city":"高雄市","area":"新興區","market_name":"六合二路攤販臨時集中場","market_address":"高雄市新興區六合二路(中山一路至自立二路)","shop":"六合二路攤販臨時集中場 海產粥","pay_list":["LINE Pay Money"],"zone":"高屏","user":"莊其章","pay_tool":["行動支付"]},{"index":6,"id":30007689,"category":"夜市小吃/市場","city":"高雄市","area":"新興區","market_name":"六合二路攤販臨時集中場","market_address":"高雄市新興區六合二路(中山一路至自立二路)","shop":"六合二路攤販臨時集中場 海產店","pay_list":["LINE Pay Money"],"zone":"高屏","user":"陳嘉盛","pay_tool":["行動支付"]},{"index":7,"id":30007704,"category":"夜市小吃/市場","city":"高雄市","area":"新興區","market_name":"六合二路攤販臨時集中場","market_address":"高雄市新興區六合二路(中山一路至自立二路)","shop":"六合二路攤販臨時集中場 肉粽","pay_list":["LINE Pay Money"],"zone":"高屏","user":"陳瑞嵩","pay_tool":["行動支付"]},{"index":8,"id":30007845,"category":"夜市小吃/市場","city":"高雄市","area":"新興區","market_name":"南華路攤販臨時集中場","market_address":"高雄市新興區南華路（中正三路至大同路）","shop":"南華路攤販臨時集中場 男裝","pay_list":["LINE Pay Money"],"zone":"高屏","user":"陳俊廷","pay_tool":["行動支付"]},{"index":9,"id":30007846,"category":"夜市小吃/市場","city":"高雄市","area":"新興區","market_name":"南華路攤販臨時集中場","market_address":"高雄市新興區南華路（中正三路至大同路）","shop":"南華路攤販臨時集中場 鞋子","pay_list":["LINE Pay Money"],"zone":"高屏","user":"許麗華","pay_tool":["行動支付"]},{"index":10,"id":30007877,"category":"夜市小吃/市場","city":"高雄市","area":"新興區","market_name":"南華路攤販臨時集中場","market_address":"高雄市新興區南華路（中正三路至大同路）","shop":"南華路攤販臨時集中場 孩童裝","pay_list":["LINE Pay Money"],"zone":"高屏","user":"王宏家","pay_tool":["行動支付"]},{"index":11,"id":30007882,"category":"夜市小吃/市場","city":"高雄市","area":"新興區","market_name":"南華路攤販臨時集中場","market_address":"高雄市新興區南華路（中正三路至大同路）","shop":"南華路攤販臨時集中場 鞋","pay_list":["台灣 PAY"],"zone":"高屏","user":"黃奇妙","pay_tool":["行動支付"]},{"index":12,"id":30007886,"category":"夜市小吃/市場","city":"高雄市","area":"新興區","market_name":"南華路攤販臨時集中場","market_address":"高雄市新興區南華路（中正三路至大同路）","shop":"南華路攤販臨時集中場 男裝","pay_list":["LINE Pay Money"],"zone":"高屏","user":"侯國祥","pay_tool":["行動支付"]},{"index":13,"id":30007887,"category":"夜市小吃/市場","city":"高雄市","area":"新興區","market_name":"南華路攤販臨時集中場","market_address":"高雄市新興區南華路（中正三路至大同路）","shop":"南華路攤販臨時集中場 侯國銘","pay_list":["LINE Pay Money"],"zone":"高屏","user":"侯國銘","pay_tool":["行動支付"]},{"index":14,"id":30007890,"category":"夜市小吃/市場","city":"高雄市","area":"新興區","market_name":"南華路攤販臨時集中場","market_address":"高雄市新興區南華路（中正三路至大同路）","shop":"南華路攤販臨時集中場 男裝","pay_list":["LINE Pay Money"],"zone":"高屏","user":"林盈錫","pay_tool":["行動支付"]},{"index":15,"id":30007910,"category":"夜市小吃/市場","city":"高雄市","area":"新興區","market_name":"南華路攤販臨時集中場","market_address":"高雄市新興區南華路（中正三路至大同路）","shop":"南華路攤販臨時集中場 服飾","pay_list":["街口支付","LINE Pay Money"],"zone":"高屏","user":"黃秀琴","pay_tool":["行動支付"]},{"index":16,"id":30007941,"category":"夜市小吃/市場","city":"高雄市","area":"新興區","market_name":"新興第一公有零售市場","market_address":"高雄市新興區南華路40-4號","shop":"新興第一公有零售市場 忠字14號","pay_list":["台灣 PAY"],"zone":"高屏","user":"黃奇妙","pay_tool":["行動支付"]}]