[{"index":1,"id":10030362,"user":"劉映岑","shop":"民雄鄉第一公有零售市場-食品類","category":"夜市/市場攤販","zone":"雲嘉南","city":"嘉義縣","area":"民雄鄉","market_name":"民雄鄉第一公有零售市場","market_address":"民雄鄉中樂村32-1號","pay_list":"","pay_tool":"","行業代號":null,"行業代號1":null,"名稱1":null,"行業代號2":null,"名稱2":null,"行業代號3":null,"名稱3":null},{"index":2,"id":10030363,"user":"劉嫚琪","shop":"民雄鄉第一公有零售市場-食品類","category":"夜市/市場攤販","zone":"雲嘉南","city":"嘉義縣","area":"民雄鄉","market_name":"民雄鄉第一公有零售市場","market_address":"民雄鄉中樂村32-1號","pay_list":"","pay_tool":"","行業代號":null,"行業代號1":null,"名稱1":null,"行業代號2":null,"名稱2":null,"行業代號3":null,"名稱3":null},{"index":3,"id":10030364,"user":"韓陳春綢","shop":"民雄鄉第一公有零售市場-海鮮類","category":"夜市/市場攤販","zone":"雲嘉南","city":"嘉義縣","area":"民雄鄉","market_name":"民雄鄉第一公有零售市場","market_address":"民雄鄉中樂村32-1號","pay_list":"","pay_tool":"","行業代號":null,"行業代號1":null,"名稱1":null,"行業代號2":null,"名稱2":null,"行業代號3":null,"名稱3":null},{"index":4,"id":10030365,"user":"何坤澤","shop":"民雄鄉第一公有零售市場-食品類","category":"夜市/市場攤販","zone":"雲嘉南","city":"嘉義縣","area":"民雄鄉","market_name":"民雄鄉第一公有零售市場","market_address":"民雄鄉中樂村32-1號","pay_list":"","pay_tool":"","行業代號":null,"行業代號1":null,"名稱1":null,"行業代號2":null,"名稱2":null,"行業代號3":null,"名稱3":null},{"index":5,"id":10030366,"user":"江玉惠","shop":"民雄鄉第一公有零售市場-肉羹類","category":"夜市/市場攤販","zone":"雲嘉南","city":"嘉義縣","area":"民雄鄉","market_name":"民雄鄉第一公有零售市場","market_address":"民雄鄉中樂村32-1號","pay_list":"","pay_tool":"","行業代號":null,"行業代號1":null,"名稱1":null,"行業代號2":null,"名稱2":null,"行業代號3":null,"名稱3":null},{"index":6,"id":10030367,"user":"王許菊奈","shop":"民雄鄉第一公有零售市場-蔬菜類","category":"夜市/市場攤販","zone":"雲嘉南","city":"嘉義縣","area":"民雄鄉","market_name":"民雄鄉第一公有零售市場","market_address":"民雄鄉中樂村32-1號","pay_list":"","pay_tool":"","行業代號":null,"行業代號1":null,"名稱1":null,"行業代號2":null,"名稱2":null,"行業代號3":null,"名稱3":null},{"index":7,"id":10030368,"user":"劉文霖","shop":"民雄鄉第一公有零售市場-食品類","category":"夜市/市場攤販","zone":"雲嘉南","city":"嘉義縣","area":"民雄鄉","market_name":"民雄鄉第一公有零售市場","market_address":"民雄鄉中樂村32-1號","pay_list":"","pay_tool":"","行業代號":null,"行業代號1":null,"名稱1":null,"行業代號2":null,"名稱2":null,"行業代號3":null,"名稱3":null},{"index":8,"id":10030370,"user":"陳智英","shop":"民雄鄉第一公有零售市場-美髮類","category":"夜市/市場攤販","zone":"雲嘉南","city":"嘉義縣","area":"民雄鄉","market_name":"民雄鄉第一公有零售市場","market_address":"民雄鄉中樂村32-1號","pay_list":"","pay_tool":"","行業代號":null,"行業代號1":null,"名稱1":null,"行業代號2":null,"名稱2":null,"行業代號3":null,"名稱3":null},{"index":9,"id":10030371,"user":"古居能","shop":"民雄鄉第一公有零售市場-熟食類","category":"夜市/市場攤販","zone":"雲嘉南","city":"嘉義縣","area":"民雄鄉","market_name":"民雄鄉第一公有零售市場","market_address":"民雄鄉中樂村32-1號","pay_list":"","pay_tool":"","行業代號":null,"行業代號1":null,"名稱1":null,"行業代號2":null,"名稱2":null,"行業代號3":null,"名稱3":null},{"index":10,"id":10030372,"user":"陳花嬌","shop":"民雄鄉第一公有零售市場-雜貨類","category":"夜市/市場攤販","zone":"雲嘉南","city":"嘉義縣","area":"民雄鄉","market_name":"民雄鄉第一公有零售市場","market_address":"民雄鄉中樂村32-1號","pay_list":"","pay_tool":"","行業代號":null,"行業代號1":null,"名稱1":null,"行業代號2":null,"名稱2":null,"行業代號3":null,"名稱3":null},{"index":11,"id":10030373,"user":"陳玫蓉","shop":"民雄鄉第一公有零售市場-雜貨類","category":"夜市/市場攤販","zone":"雲嘉南","city":"嘉義縣","area":"民雄鄉","market_name":"民雄鄉第一公有零售市場","market_address":"民雄鄉中樂村32-1號","pay_list":"","pay_tool":"","行業代號":null,"行業代號1":null,"名稱1":null,"行業代號2":null,"名稱2":null,"行業代號3":null,"名稱3":null},{"index":12,"id":10030374,"user":"林水秀","shop":"民雄鄉第一公有零售市場-百貨類","category":"夜市/市場攤販","zone":"雲嘉南","city":"嘉義縣","area":"民雄鄉","market_name":"民雄鄉第一公有零售市場","market_address":"民雄鄉中樂村32-1號","pay_list":"","pay_tool":"","行業代號":null,"行業代號1":null,"名稱1":null,"行業代號2":null,"名稱2":null,"行業代號3":null,"名稱3":null},{"index":13,"id":10030375,"user":"葉古秀麗","shop":"民雄鄉第一公有零售市場-食品類","category":"夜市/市場攤販","zone":"雲嘉南","city":"嘉義縣","area":"民雄鄉","market_name":"民雄鄉第一公有零售市場","market_address":"民雄鄉中樂村32-1號","pay_list":"","pay_tool":"","行業代號":null,"行業代號1":null,"名稱1":null,"行業代號2":null,"名稱2":null,"行業代號3":null,"名稱3":null},{"index":14,"id":10030376,"user":"葉勝雄","shop":"民雄鄉第一公有零售市場-食品類","category":"夜市/市場攤販","zone":"雲嘉南","city":"嘉義縣","area":"民雄鄉","market_name":"民雄鄉第一公有零售市場","market_address":"民雄鄉中樂村32-1號","pay_list":"","pay_tool":"","行業代號":null,"行業代號1":null,"名稱1":null,"行業代號2":null,"名稱2":null,"行業代號3":null,"名稱3":null},{"index":15,"id":10030377,"user":"何麗鈴","shop":"民雄鄉第一公有零售市場-醬菜類","category":"夜市/市場攤販","zone":"雲嘉南","city":"嘉義縣","area":"民雄鄉","market_name":"民雄鄉第一公有零售市場","market_address":"民雄鄉中樂村32-1號","pay_list":"","pay_tool":"","行業代號":null,"行業代號1":null,"名稱1":null,"行業代號2":null,"名稱2":null,"行業代號3":null,"名稱3":null},{"index":16,"id":10030378,"user":"鄭景修","shop":"民雄鄉第一公有零售市場-熟食類","category":"夜市/市場攤販","zone":"雲嘉南","city":"嘉義縣","area":"民雄鄉","market_name":"民雄鄉第一公有零售市場","market_address":"民雄鄉中樂村32-1號","pay_list":"","pay_tool":"","行業代號":null,"行業代號1":null,"名稱1":null,"行業代號2":null,"名稱2":null,"行業代號3":null,"名稱3":null},{"index":17,"id":10030379,"user":"林賢德","shop":"民雄鄉第一公有零售市場-蔬菜類","category":"夜市/市場攤販","zone":"雲嘉南","city":"嘉義縣","area":"民雄鄉","market_name":"民雄鄉第一公有零售市場","market_address":"民雄鄉中樂村32-1號","pay_list":"","pay_tool":"","行業代號":null,"行業代號1":null,"名稱1":null,"行業代號2":null,"名稱2":null,"行業代號3":null,"名稱3":null},{"index":18,"id":10030382,"user":"詹樹","shop":"民雄鄉第一公有零售市場-蔬菜類","category":"夜市/市場攤販","zone":"雲嘉南","city":"嘉義縣","area":"民雄鄉","market_name":"民雄鄉第一公有零售市場","market_address":"民雄鄉中樂村32-1號","pay_list":"","pay_tool":"","行業代號":null,"行業代號1":null,"名稱1":null,"行業代號2":null,"名稱2":null,"行業代號3":null,"名稱3":null},{"index":19,"id":10030383,"user":"盧文珍","shop":"民雄鄉第一公有零售市場-鮮魚類","category":"夜市/市場攤販","zone":"雲嘉南","city":"嘉義縣","area":"民雄鄉","market_name":"民雄鄉第一公有零售市場","market_address":"民雄鄉中樂村32-1號","pay_list":"","pay_tool":"","行業代號":null,"行業代號1":null,"名稱1":null,"行業代號2":null,"名稱2":null,"行業代號3":null,"名稱3":null},{"index":20,"id":10030384,"user":"何宗穎","shop":"民雄鄉第一公有零售市場-鮮魚類","category":"夜市/市場攤販","zone":"雲嘉南","city":"嘉義縣","area":"民雄鄉","market_name":"民雄鄉第一公有零售市場","market_address":"民雄鄉中樂村32-1號","pay_list":"","pay_tool":"","行業代號":null,"行業代號1":null,"名稱1":null,"行業代號2":null,"名稱2":null,"行業代號3":null,"名稱3":null},{"index":21,"id":10030385,"user":"何崇瑞","shop":"民雄鄉第一公有零售市場-山產類","category":"夜市/市場攤販","zone":"雲嘉南","city":"嘉義縣","area":"民雄鄉","market_name":"民雄鄉第一公有零售市場","market_address":"民雄鄉中樂村32-1號","pay_list":"","pay_tool":"","行業代號":null,"行業代號1":null,"名稱1":null,"行業代號2":null,"名稱2":null,"行業代號3":null,"名稱3":null},{"index":22,"id":10030386,"user":"何王美英","shop":"民雄鄉第一公有零售市場-山產類","category":"夜市/市場攤販","zone":"雲嘉南","city":"嘉義縣","area":"民雄鄉","market_name":"民雄鄉第一公有零售市場","market_address":"民雄鄉中樂村32-1號","pay_list":"","pay_tool":"","行業代號":null,"行業代號1":null,"名稱1":null,"行業代號2":null,"名稱2":null,"行業代號3":null,"名稱3":null},{"index":23,"id":10030387,"user":"劉峪銓","shop":"民雄鄉第一公有零售市場-海鮮類","category":"夜市/市場攤販","zone":"雲嘉南","city":"嘉義縣","area":"民雄鄉","market_name":"民雄鄉第一公有零售市場","market_address":"民雄鄉中樂村32-1號","pay_list":"","pay_tool":"","行業代號":null,"行業代號1":null,"名稱1":null,"行業代號2":null,"名稱2":null,"行業代號3":null,"名稱3":null},{"index":24,"id":10030388,"user":"蔡筌宇","shop":"民雄鄉第一公有零售市場-海鮮類","category":"夜市/市場攤販","zone":"雲嘉南","city":"嘉義縣","area":"民雄鄉","market_name":"民雄鄉第一公有零售市場","market_address":"民雄鄉中樂村32-1號","pay_list":"","pay_tool":"","行業代號":null,"行業代號1":null,"名稱1":null,"行業代號2":null,"名稱2":null,"行業代號3":null,"名稱3":null},{"index":25,"id":10030389,"user":"高經富","shop":"民雄鄉第一公有零售市場-鮮魚類","category":"夜市/市場攤販","zone":"雲嘉南","city":"嘉義縣","area":"民雄鄉","market_name":"民雄鄉第一公有零售市場","market_address":"民雄鄉中樂村32-1號","pay_list":"","pay_tool":"","行業代號":null,"行業代號1":null,"名稱1":null,"行業代號2":null,"名稱2":null,"行業代號3":null,"名稱3":null},{"index":26,"id":10030390,"user":"黃慕鵬","shop":"民雄鄉第一公有零售市場-豬肉類","category":"夜市/市場攤販","zone":"雲嘉南","city":"嘉義縣","area":"民雄鄉","market_name":"民雄鄉第一公有零售市場","market_address":"民雄鄉中樂村32-1號","pay_list":"","pay_tool":"","行業代號":null,"行業代號1":null,"名稱1":null,"行業代號2":null,"名稱2":null,"行業代號3":null,"名稱3":null},{"index":27,"id":10030391,"user":"郭騰元","shop":"民雄鄉第一公有零售市場-海鮮類","category":"夜市/市場攤販","zone":"雲嘉南","city":"嘉義縣","area":"民雄鄉","market_name":"民雄鄉第一公有零售市場","market_address":"民雄鄉中樂村32-1號","pay_list":"","pay_tool":"","行業代號":null,"行業代號1":null,"名稱1":null,"行業代號2":null,"名稱2":null,"行業代號3":null,"名稱3":null},{"index":28,"id":10030393,"user":"賴彩雲","shop":"民雄鄉第一公有零售市場-鮮魚類","category":"夜市/市場攤販","zone":"雲嘉南","city":"嘉義縣","area":"民雄鄉","market_name":"民雄鄉第一公有零售市場","market_address":"民雄鄉中樂村32-1號","pay_list":"","pay_tool":"","行業代號":null,"行業代號1":null,"名稱1":null,"行業代號2":null,"名稱2":null,"行業代號3":null,"名稱3":null},{"index":29,"id":10030394,"user":"黃偉仁","shop":"民雄鄉第一公有零售市場-豬肉類","category":"夜市/市場攤販","zone":"雲嘉南","city":"嘉義縣","area":"民雄鄉","market_name":"民雄鄉第一公有零售市場","market_address":"民雄鄉中樂村32-1號","pay_list":"","pay_tool":"","行業代號":null,"行業代號1":null,"名稱1":null,"行業代號2":null,"名稱2":null,"行業代號3":null,"名稱3":null},{"index":30,"id":10030395,"user":"簡傳祐","shop":"民雄鄉第一公有零售市場-食品類","category":"夜市/市場攤販","zone":"雲嘉南","city":"嘉義縣","area":"民雄鄉","market_name":"民雄鄉第一公有零售市場","market_address":"民雄鄉中樂村32-1號","pay_list":"","pay_tool":"","行業代號":null,"行業代號1":null,"名稱1":null,"行業代號2":null,"名稱2":null,"行業代號3":null,"名稱3":null},{"index":31,"id":10030396,"user":"劉國裕","shop":"民雄鄉第一公有零售市場-肉品類","category":"夜市/市場攤販","zone":"雲嘉南","city":"嘉義縣","area":"民雄鄉","market_name":"民雄鄉第一公有零售市場","market_address":"民雄鄉中樂村32-1號","pay_list":"","pay_tool":"","行業代號":null,"行業代號1":null,"名稱1":null,"行業代號2":null,"名稱2":null,"行業代號3":null,"名稱3":null},{"index":32,"id":10030397,"user":"江美馨","shop":"民雄鄉第一公有零售市場-蔬菜類","category":"夜市/市場攤販","zone":"雲嘉南","city":"嘉義縣","area":"民雄鄉","market_name":"民雄鄉第一公有零售市場","market_address":"民雄鄉中樂村32-1號","pay_list":"","pay_tool":"","行業代號":null,"行業代號1":null,"名稱1":null,"行業代號2":null,"名稱2":null,"行業代號3":null,"名稱3":null},{"index":33,"id":10030398,"user":"盧耿斌","shop":"民雄鄉第一公有零售市場-肉品類","category":"夜市/市場攤販","zone":"雲嘉南","city":"嘉義縣","area":"民雄鄉","market_name":"民雄鄉第一公有零售市場","market_address":"民雄鄉中樂村32-1號","pay_list":"","pay_tool":"","行業代號":null,"行業代號1":null,"名稱1":null,"行業代號2":null,"名稱2":null,"行業代號3":null,"名稱3":null},{"index":34,"id":10030399,"user":"許美莉","shop":"民雄鄉第一公有零售市場-食品類","category":"夜市/市場攤販","zone":"雲嘉南","city":"嘉義縣","area":"民雄鄉","market_name":"民雄鄉第一公有零售市場","market_address":"民雄鄉中樂村32-1號","pay_list":"","pay_tool":"","行業代號":null,"行業代號1":null,"名稱1":null,"行業代號2":null,"名稱2":null,"行業代號3":null,"名稱3":null},{"index":35,"id":10030400,"user":"劉明宗","shop":"民雄鄉第一公有零售市場-食品(魚丸)類","category":"夜市/市場攤販","zone":"雲嘉南","city":"嘉義縣","area":"民雄鄉","market_name":"民雄鄉第一公有零售市場","market_address":"民雄鄉中樂村32-1號","pay_list":"","pay_tool":"","行業代號":null,"行業代號1":null,"名稱1":null,"行業代號2":null,"名稱2":null,"行業代號3":null,"名稱3":null},{"index":36,"id":10030401,"user":"李祐賢","shop":"民雄鄉第一公有零售市場-蔬菜類","category":"夜市/市場攤販","zone":"雲嘉南","city":"嘉義縣","area":"民雄鄉","market_name":"民雄鄉第一公有零售市場","market_address":"民雄鄉中樂村32-1號","pay_list":"","pay_tool":"","行業代號":null,"行業代號1":null,"名稱1":null,"行業代號2":null,"名稱2":null,"行業代號3":null,"名稱3":null},{"index":37,"id":10030402,"user":"李萬海","shop":"民雄鄉第一公有零售市場-蔬菜類","category":"夜市/市場攤販","zone":"雲嘉南","city":"嘉義縣","area":"民雄鄉","market_name":"民雄鄉第一公有零售市場","market_address":"民雄鄉中樂村32-1號","pay_list":"","pay_tool":"","行業代號":null,"行業代號1":null,"名稱1":null,"行業代號2":null,"名稱2":null,"行業代號3":null,"名稱3":null},{"index":38,"id":10030404,"user":"張秀如","shop":"民雄鄉第一公有零售市場-豆腐類","category":"夜市/市場攤販","zone":"雲嘉南","city":"嘉義縣","area":"民雄鄉","market_name":"民雄鄉第一公有零售市場","market_address":"民雄鄉中樂村32-1號","pay_list":"","pay_tool":"","行業代號":null,"行業代號1":null,"名稱1":null,"行業代號2":null,"名稱2":null,"行業代號3":null,"名稱3":null},{"index":39,"id":10030405,"user":"柯陳秋","shop":"民雄鄉第一公有零售市場-禽肉類","category":"夜市/市場攤販","zone":"雲嘉南","city":"嘉義縣","area":"民雄鄉","market_name":"民雄鄉第一公有零售市場","market_address":"民雄鄉中樂村32-1號","pay_list":"","pay_tool":"","行業代號":null,"行業代號1":null,"名稱1":null,"行業代號2":null,"名稱2":null,"行業代號3":null,"名稱3":null},{"index":40,"id":10030406,"user":"胡何淑端","shop":"民雄鄉第一公有零售市場-熟食類","category":"夜市/市場攤販","zone":"雲嘉南","city":"嘉義縣","area":"民雄鄉","market_name":"民雄鄉第一公有零售市場","market_address":"民雄鄉中樂村32-1號","pay_list":"","pay_tool":"","行業代號":null,"行業代號1":null,"名稱1":null,"行業代號2":null,"名稱2":null,"行業代號3":null,"名稱3":null},{"index":41,"id":10030407,"user":"蔡搖","shop":"民雄鄉第一公有零售市場-熟食類","category":"夜市/市場攤販","zone":"雲嘉南","city":"嘉義縣","area":"民雄鄉","market_name":"民雄鄉第一公有零售市場","market_address":"民雄鄉中樂村32-1號","pay_list":"","pay_tool":"","行業代號":null,"行業代號1":null,"名稱1":null,"行業代號2":null,"名稱2":null,"行業代號3":null,"名稱3":null},{"index":42,"id":10030408,"user":"高碧鴻","shop":"民雄鄉第一公有零售市場-海產類","category":"夜市/市場攤販","zone":"雲嘉南","city":"嘉義縣","area":"民雄鄉","market_name":"民雄鄉第一公有零售市場","market_address":"民雄鄉中樂村32-1號","pay_list":"","pay_tool":"","行業代號":null,"行業代號1":null,"名稱1":null,"行業代號2":null,"名稱2":null,"行業代號3":null,"名稱3":null},{"index":43,"id":10030409,"user":"張麗秋","shop":"民雄鄉第一公有零售市場-海產類","category":"夜市/市場攤販","zone":"雲嘉南","city":"嘉義縣","area":"民雄鄉","market_name":"民雄鄉第一公有零售市場","market_address":"民雄鄉中樂村32-1號","pay_list":"","pay_tool":"","行業代號":null,"行業代號1":null,"名稱1":null,"行業代號2":null,"名稱2":null,"行業代號3":null,"名稱3":null},{"index":44,"id":10030410,"user":"郭俊顯","shop":"民雄鄉第一公有零售市場-鮮魚類","category":"夜市/市場攤販","zone":"雲嘉南","city":"嘉義縣","area":"民雄鄉","market_name":"民雄鄉第一公有零售市場","market_address":"民雄鄉中樂村32-1號","pay_list":"","pay_tool":"","行業代號":null,"行業代號1":null,"名稱1":null,"行業代號2":null,"名稱2":null,"行業代號3":null,"名稱3":null},{"index":45,"id":10030411,"user":"劉阿蜜","shop":"民雄鄉第一公有零售市場-日常用品類","category":"夜市/市場攤販","zone":"雲嘉南","city":"嘉義縣","area":"民雄鄉","market_name":"民雄鄉第一公有零售市場","market_address":"民雄鄉中樂村32-1號","pay_list":"","pay_tool":"","行業代號":null,"行業代號1":null,"名稱1":null,"行業代號2":null,"名稱2":null,"行業代號3":null,"名稱3":null},{"index":46,"id":10030412,"user":"黃柔儒","shop":"民雄鄉第一公有零售市場-海鮮類","category":"夜市/市場攤販","zone":"雲嘉南","city":"嘉義縣","area":"民雄鄉","market_name":"民雄鄉第一公有零售市場","market_address":"民雄鄉中樂村32-1號","pay_list":"","pay_tool":"","行業代號":null,"行業代號1":null,"名稱1":null,"行業代號2":null,"名稱2":null,"行業代號3":null,"名稱3":null},{"index":47,"id":10030413,"user":"蕭國雄","shop":"民雄鄉第一公有零售市場-肉品類","category":"夜市/市場攤販","zone":"雲嘉南","city":"嘉義縣","area":"民雄鄉","market_name":"民雄鄉第一公有零售市場","market_address":"民雄鄉中樂村32-1號","pay_list":"","pay_tool":"","行業代號":null,"行業代號1":null,"名稱1":null,"行業代號2":null,"名稱2":null,"行業代號3":null,"名稱3":null},{"index":48,"id":10030415,"user":"蘇國林","shop":"民雄鄉第一公有零售市場-雞肉類","category":"夜市/市場攤販","zone":"雲嘉南","city":"嘉義縣","area":"民雄鄉","market_name":"民雄鄉第一公有零售市場","market_address":"民雄鄉中樂村32-1號","pay_list":"","pay_tool":"","行業代號":null,"行業代號1":null,"名稱1":null,"行業代號2":null,"名稱2":null,"行業代號3":null,"名稱3":null},{"index":49,"id":10030416,"user":"王秋霞","shop":"民雄鄉第一公有零售市場-雞肉類","category":"夜市/市場攤販","zone":"雲嘉南","city":"嘉義縣","area":"民雄鄉","market_name":"民雄鄉第一公有零售市場","market_address":"民雄鄉中樂村32-1號","pay_list":"","pay_tool":"","行業代號":null,"行業代號1":null,"名稱1":null,"行業代號2":null,"名稱2":null,"行業代號3":null,"名稱3":null},{"index":50,"id":10030417,"user":"劉澤宏","shop":"民雄鄉第一公有零售市場-豬肉類","category":"夜市/市場攤販","zone":"雲嘉南","city":"嘉義縣","area":"民雄鄉","market_name":"民雄鄉第一公有零售市場","market_address":"民雄鄉中樂村32-1號","pay_list":"","pay_tool":"","行業代號":null,"行業代號1":null,"名稱1":null,"行業代號2":null,"名稱2":null,"行業代號3":null,"名稱3":null},{"index":51,"id":10030418,"user":"林惠英","shop":"民雄鄉第一公有零售市場-餛飩類","category":"夜市/市場攤販","zone":"雲嘉南","city":"嘉義縣","area":"民雄鄉","market_name":"民雄鄉第一公有零售市場","market_address":"民雄鄉中樂村32-1號","pay_list":"","pay_tool":"","行業代號":null,"行業代號1":null,"名稱1":null,"行業代號2":null,"名稱2":null,"行業代號3":null,"名稱3":null},{"index":52,"id":10030419,"user":"何秋雲","shop":"民雄鄉第一公有零售市場-肉品類","category":"夜市/市場攤販","zone":"雲嘉南","city":"嘉義縣","area":"民雄鄉","market_name":"民雄鄉第一公有零售市場","market_address":"民雄鄉中樂村32-1號","pay_list":"","pay_tool":"","行業代號":null,"行業代號1":null,"名稱1":null,"行業代號2":null,"名稱2":null,"行業代號3":null,"名稱3":null},{"index":53,"id":10030420,"user":"林宜弘","shop":"民雄鄉第一公有零售市場-食品(生麵)類","category":"夜市/市場攤販","zone":"雲嘉南","city":"嘉義縣","area":"民雄鄉","market_name":"民雄鄉第一公有零售市場","market_address":"民雄鄉中樂村32-1號","pay_list":"","pay_tool":"","行業代號":null,"行業代號1":null,"名稱1":null,"行業代號2":null,"名稱2":null,"行業代號3":null,"名稱3":null},{"index":54,"id":10030421,"user":"鄭守權","shop":"民雄鄉第一公有零售市場-雜貨類","category":"夜市/市場攤販","zone":"雲嘉南","city":"嘉義縣","area":"民雄鄉","market_name":"民雄鄉第一公有零售市場","market_address":"民雄鄉中樂村32-1號","pay_list":"","pay_tool":"","行業代號":null,"行業代號1":null,"名稱1":null,"行業代號2":null,"名稱2":null,"行業代號3":null,"名稱3":null},{"index":55,"id":10030422,"user":"何宜樺","shop":"民雄鄉第一公有零售市場-餐飲類","category":"夜市/市場攤販","zone":"雲嘉南","city":"嘉義縣","area":"民雄鄉","market_name":"民雄鄉第一公有零售市場","market_address":"民雄鄉中樂村32-1號","pay_list":"","pay_tool":"","行業代號":null,"行業代號1":null,"名稱1":null,"行業代號2":null,"名稱2":null,"行業代號3":null,"名稱3":null},{"index":56,"id":10030423,"user":"林淑芬","shop":"民雄鄉第一公有零售市場-餐飲類","category":"夜市/市場攤販","zone":"雲嘉南","city":"嘉義縣","area":"民雄鄉","market_name":"民雄鄉第一公有零售市場","market_address":"民雄鄉中樂村32-1號","pay_list":"","pay_tool":"","行業代號":null,"行業代號1":null,"名稱1":null,"行業代號2":null,"名稱2":null,"行業代號3":null,"名稱3":null},{"index":57,"id":10030424,"user":"陳怡樺","shop":"民雄鄉第一公有零售市場-雞肉類","category":"夜市/市場攤販","zone":"雲嘉南","city":"嘉義縣","area":"民雄鄉","market_name":"民雄鄉第一公有零售市場","market_address":"民雄鄉中樂村32-1號","pay_list":"","pay_tool":"","行業代號":null,"行業代號1":null,"名稱1":null,"行業代號2":null,"名稱2":null,"行業代號3":null,"名稱3":null},{"index":58,"id":10030426,"user":"簡文己","shop":"民雄鄉第一公有零售市場-餐飲類","category":"夜市/市場攤販","zone":"雲嘉南","city":"嘉義縣","area":"民雄鄉","market_name":"民雄鄉第一公有零售市場","market_address":"民雄鄉中樂村32-1號","pay_list":"","pay_tool":"","行業代號":null,"行業代號1":null,"名稱1":null,"行業代號2":null,"名稱2":null,"行業代號3":null,"名稱3":null},{"index":59,"id":10030427,"user":"胡敦傑","shop":"民雄鄉第一公有零售市場-熟食類","category":"夜市/市場攤販","zone":"雲嘉南","city":"嘉義縣","area":"民雄鄉","market_name":"民雄鄉第一公有零售市場","market_address":"民雄鄉中樂村32-1號","pay_list":"","pay_tool":"","行業代號":null,"行業代號1":null,"名稱1":null,"行業代號2":null,"名稱2":null,"行業代號3":null,"名稱3":null},{"index":60,"id":10030428,"user":"胡文虎","shop":"民雄鄉第一公有零售市場-熟食類","category":"夜市/市場攤販","zone":"雲嘉南","city":"嘉義縣","area":"民雄鄉","market_name":"民雄鄉第一公有零售市場","market_address":"民雄鄉中樂村32-1號","pay_list":"","pay_tool":"","行業代號":null,"行業代號1":null,"名稱1":null,"行業代號2":null,"名稱2":null,"行業代號3":null,"名稱3":null},{"index":61,"id":10030429,"user":"何鄭秀琴","shop":"民雄鄉第一公有零售市場-雞肉類","category":"夜市/市場攤販","zone":"雲嘉南","city":"嘉義縣","area":"民雄鄉","market_name":"民雄鄉第一公有零售市場","market_address":"民雄鄉中樂村32-1號","pay_list":"","pay_tool":"","行業代號":null,"行業代號1":null,"名稱1":null,"行業代號2":null,"名稱2":null,"行業代號3":null,"名稱3":null},{"index":62,"id":10030430,"user":"何嘉哲","shop":"民雄鄉第一公有零售市場-飲食類","category":"夜市/市場攤販","zone":"雲嘉南","city":"嘉義縣","area":"民雄鄉","market_name":"民雄鄉第一公有零售市場","market_address":"民雄鄉中樂村32-1號","pay_list":"","pay_tool":"","行業代號":null,"行業代號1":null,"名稱1":null,"行業代號2":null,"名稱2":null,"行業代號3":null,"名稱3":null},{"index":63,"id":10030431,"user":"羅惠如","shop":"民雄鄉第一公有零售市場-海鮮類","category":"夜市/市場攤販","zone":"雲嘉南","city":"嘉義縣","area":"民雄鄉","market_name":"民雄鄉第一公有零售市場","market_address":"民雄鄉中樂村32-1號","pay_list":"","pay_tool":"","行業代號":null,"行業代號1":null,"名稱1":null,"行業代號2":null,"名稱2":null,"行業代號3":null,"名稱3":null},{"index":64,"id":10030432,"user":"王文澤","shop":"民雄鄉第一公有零售市場-熟食類","category":"夜市/市場攤販","zone":"雲嘉南","city":"嘉義縣","area":"民雄鄉","market_name":"民雄鄉第一公有零售市場","market_address":"民雄鄉中樂村32-1號","pay_list":"","pay_tool":"","行業代號":null,"行業代號1":null,"名稱1":null,"行業代號2":null,"名稱2":null,"行業代號3":null,"名稱3":null},{"index":65,"id":10030433,"user":"李惠民","shop":"民雄鄉第一公有零售市場-糧食類","category":"夜市/市場攤販","zone":"雲嘉南","city":"嘉義縣","area":"民雄鄉","market_name":"民雄鄉第一公有零售市場","market_address":"民雄鄉中樂村32-1號","pay_list":"","pay_tool":"","行業代號":null,"行業代號1":null,"名稱1":null,"行業代號2":null,"名稱2":null,"行業代號3":null,"名稱3":null},{"index":66,"id":10030434,"user":"林宏茂","shop":"民雄鄉第一公有零售市場-糧食類","category":"夜市/市場攤販","zone":"雲嘉南","city":"嘉義縣","area":"民雄鄉","market_name":"民雄鄉第一公有零售市場","market_address":"民雄鄉中樂村32-1號","pay_list":"","pay_tool":"","行業代號":null,"行業代號1":null,"名稱1":null,"行業代號2":null,"名稱2":null,"行業代號3":null,"名稱3":null},{"index":67,"id":10030435,"user":"蔡依靜","shop":"民雄鄉第一公有零售市場-糧食類","category":"夜市/市場攤販","zone":"雲嘉南","city":"嘉義縣","area":"民雄鄉","market_name":"民雄鄉第一公有零售市場","market_address":"民雄鄉中樂村32-1號","pay_list":"","pay_tool":"","行業代號":null,"行業代號1":null,"名稱1":null,"行業代號2":null,"名稱2":null,"行業代號3":null,"名稱3":null},{"index":68,"id":10030437,"user":"蕭秋香","shop":"民雄鄉第一公有零售市場-飲食類","category":"夜市/市場攤販","zone":"雲嘉南","city":"嘉義縣","area":"民雄鄉","market_name":"民雄鄉第一公有零售市場","market_address":"民雄鄉中樂村32-1號","pay_list":"","pay_tool":"","行業代號":null,"行業代號1":null,"名稱1":null,"行業代號2":null,"名稱2":null,"行業代號3":null,"名稱3":null},{"index":69,"id":10030438,"user":"蕭月玲","shop":"民雄鄉第一公有零售市場-飲食類","category":"夜市/市場攤販","zone":"雲嘉南","city":"嘉義縣","area":"民雄鄉","market_name":"民雄鄉第一公有零售市場","market_address":"民雄鄉中樂村32-1號","pay_list":"","pay_tool":"","行業代號":null,"行業代號1":null,"名稱1":null,"行業代號2":null,"名稱2":null,"行業代號3":null,"名稱3":null},{"index":70,"id":10030439,"user":"何天杉","shop":"民雄鄉第一公有零售市場-飲食類","category":"夜市/市場攤販","zone":"雲嘉南","city":"嘉義縣","area":"民雄鄉","market_name":"民雄鄉第一公有零售市場","market_address":"民雄鄉中樂村32-1號","pay_list":"","pay_tool":"","行業代號":null,"行業代號1":null,"名稱1":null,"行業代號2":null,"名稱2":null,"行業代號3":null,"名稱3":null},{"index":71,"id":10030440,"user":"何蘇月眉","shop":"民雄鄉第一公有零售市場-飲食類","category":"夜市/市場攤販","zone":"雲嘉南","city":"嘉義縣","area":"民雄鄉","market_name":"民雄鄉第一公有零售市場","market_address":"民雄鄉中樂村32-1號","pay_list":"","pay_tool":"","行業代號":null,"行業代號1":null,"名稱1":null,"行業代號2":null,"名稱2":null,"行業代號3":null,"名稱3":null},{"index":72,"id":10030441,"user":"鄭義達","shop":"民雄鄉第一公有零售市場-食品(肉鬆)類","category":"夜市/市場攤販","zone":"雲嘉南","city":"嘉義縣","area":"民雄鄉","market_name":"民雄鄉第一公有零售市場","market_address":"民雄鄉中樂村32-1號","pay_list":"","pay_tool":"","行業代號":null,"行業代號1":null,"名稱1":null,"行業代號2":null,"名稱2":null,"行業代號3":null,"名稱3":null},{"index":73,"id":10030442,"user":"鄭錦章","shop":"民雄鄉第一公有零售市場-南北貨類","category":"夜市/市場攤販","zone":"雲嘉南","city":"嘉義縣","area":"民雄鄉","market_name":"民雄鄉第一公有零售市場","market_address":"民雄鄉中樂村32-1號","pay_list":"","pay_tool":"","行業代號":null,"行業代號1":null,"名稱1":null,"行業代號2":null,"名稱2":null,"行業代號3":null,"名稱3":null},{"index":74,"id":10030443,"user":"葉錦洲","shop":"民雄鄉第一公有零售市場-雜貨類","category":"夜市/市場攤販","zone":"雲嘉南","city":"嘉義縣","area":"民雄鄉","market_name":"民雄鄉第一公有零售市場","market_address":"民雄鄉中樂村32-1號","pay_list":"","pay_tool":"","行業代號":null,"行業代號1":null,"名稱1":null,"行業代號2":null,"名稱2":null,"行業代號3":null,"名稱3":null},{"index":75,"id":10030444,"user":"林秀蘭","shop":"民雄鄉第一公有零售市場-飲食類","category":"夜市/市場攤販","zone":"雲嘉南","city":"嘉義縣","area":"民雄鄉","market_name":"民雄鄉第一公有零售市場","market_address":"民雄鄉中樂村32-1號","pay_list":"","pay_tool":"","行業代號":null,"行業代號1":null,"名稱1":null,"行業代號2":null,"名稱2":null,"行業代號3":null,"名稱3":null},{"index":76,"id":10030445,"user":"何古秀杏","shop":"民雄鄉第一公有零售市場-熟食類","category":"夜市/市場攤販","zone":"雲嘉南","city":"嘉義縣","area":"民雄鄉","market_name":"民雄鄉第一公有零售市場","market_address":"民雄鄉中樂村32-1號","pay_list":"","pay_tool":"","行業代號":null,"行業代號1":null,"名稱1":null,"行業代號2":null,"名稱2":null,"行業代號3":null,"名稱3":null},{"index":77,"id":10030446,"user":"江政順","shop":"民雄鄉第一公有零售市場-飲食類","category":"夜市/市場攤販","zone":"雲嘉南","city":"嘉義縣","area":"民雄鄉","market_name":"民雄鄉第一公有零售市場","market_address":"民雄鄉中樂村32-1號","pay_list":"","pay_tool":"","行業代號":null,"行業代號1":null,"名稱1":null,"行業代號2":null,"名稱2":null,"行業代號3":null,"名稱3":null},{"index":78,"id":10030448,"user":"林錦雀","shop":"民雄鄉第一公有零售市場-蔬菜類","category":"夜市/市場攤販","zone":"雲嘉南","city":"嘉義縣","area":"民雄鄉","market_name":"民雄鄉第一公有零售市場","market_address":"民雄鄉中樂村32-1號","pay_list":"","pay_tool":"","行業代號":null,"行業代號1":null,"名稱1":null,"行業代號2":null,"名稱2":null,"行業代號3":null,"名稱3":null},{"index":79,"id":10030449,"user":"鄭永圳","shop":"民雄鄉第一公有零售市場-飲食類","category":"夜市/市場攤販","zone":"雲嘉南","city":"嘉義縣","area":"民雄鄉","market_name":"民雄鄉第一公有零售市場","market_address":"民雄鄉中樂村32-1號","pay_list":"","pay_tool":"","行業代號":null,"行業代號1":null,"名稱1":null,"行業代號2":null,"名稱2":null,"行業代號3":null,"名稱3":null},{"index":80,"id":10030450,"user":"江源發","shop":"民雄鄉第一公有零售市場-飲食類","category":"夜市/市場攤販","zone":"雲嘉南","city":"嘉義縣","area":"民雄鄉","market_name":"民雄鄉第一公有零售市場","market_address":"民雄鄉中樂村32-1號","pay_list":"","pay_tool":"","行業代號":null,"行業代號1":null,"名稱1":null,"行業代號2":null,"名稱2":null,"行業代號3":null,"名稱3":null},{"index":81,"id":10030451,"user":"葉勝富","shop":"民雄鄉第一公有零售市場-糧食類","category":"夜市/市場攤販","zone":"雲嘉南","city":"嘉義縣","area":"民雄鄉","market_name":"民雄鄉第一公有零售市場","market_address":"民雄鄉中樂村32-1號","pay_list":"","pay_tool":"","行業代號":null,"行業代號1":null,"名稱1":null,"行業代號2":null,"名稱2":null,"行業代號3":null,"名稱3":null},{"index":82,"id":10030452,"user":"葉素芬","shop":"民雄鄉第一公有零售市場-糧食類","category":"夜市/市場攤販","zone":"雲嘉南","city":"嘉義縣","area":"民雄鄉","market_name":"民雄鄉第一公有零售市場","market_address":"民雄鄉中樂村32-1號","pay_list":"","pay_tool":"","行業代號":null,"行業代號1":null,"名稱1":null,"行業代號2":null,"名稱2":null,"行業代號3":null,"名稱3":null},{"index":83,"id":10030453,"user":"萬家國","shop":"民雄鄉第一公有零售市場-糧食類","category":"夜市/市場攤販","zone":"雲嘉南","city":"嘉義縣","area":"民雄鄉","market_name":"民雄鄉第一公有零售市場","market_address":"民雄鄉中樂村32-1號","pay_list":"","pay_tool":"","行業代號":null,"行業代號1":null,"名稱1":null,"行業代號2":null,"名稱2":null,"行業代號3":null,"名稱3":null},{"index":84,"id":10030454,"user":"何林良","shop":"民雄鄉第一公有零售市場-青草類","category":"夜市/市場攤販","zone":"雲嘉南","city":"嘉義縣","area":"民雄鄉","market_name":"民雄鄉第一公有零售市場","market_address":"民雄鄉中樂村32-1號","pay_list":"","pay_tool":"","行業代號":null,"行業代號1":null,"名稱1":null,"行業代號2":null,"名稱2":null,"行業代號3":null,"名稱3":null},{"index":85,"id":10030455,"user":"王梅花","shop":"民雄鄉第一公有零售市場-水果類","category":"夜市/市場攤販","zone":"雲嘉南","city":"嘉義縣","area":"民雄鄉","market_name":"民雄鄉第一公有零售市場","market_address":"民雄鄉中樂村32-1號","pay_list":"","pay_tool":"","行業代號":null,"行業代號1":null,"名稱1":null,"行業代號2":null,"名稱2":null,"行業代號3":null,"名稱3":null},{"index":86,"id":10030456,"user":"蔡郭絨","shop":"民雄鄉第一公有零售市場-雜貨類","category":"夜市/市場攤販","zone":"雲嘉南","city":"嘉義縣","area":"民雄鄉","market_name":"民雄鄉第一公有零售市場","market_address":"民雄鄉中樂村32-1號","pay_list":"","pay_tool":"","行業代號":null,"行業代號1":null,"名稱1":null,"行業代號2":null,"名稱2":null,"行業代號3":null,"名稱3":null},{"index":87,"id":20008818,"user":"劉文埤","shop":"双福餐飲店","category":["夜市/市場攤販","餐飲"],"zone":"雲嘉南","city":"嘉義縣","area":"民雄鄉","market_name":["餐食攤販","冰果店、冷（熱）飲店"],"market_address":"嘉義縣民雄鄉雙福村１７鄰建國路２段１２６號","pay_list":"","pay_tool":"","行業代號":null,"行業代號1":null,"名稱1":null,"行業代號2":null,"名稱2":null,"行業代號3":null,"名稱3":null},{"index":88,"id":20023204,"user":"何明照","shop":"芋圓攤","category":["夜市/市場攤販"],"zone":"雲嘉南","city":"嘉義縣","area":"民雄鄉","market_name":["調理飲料攤販"],"market_address":"嘉義縣民雄鄉豐收村７鄰好收６６―２號","pay_list":"","pay_tool":"","行業代號":null,"行業代號1":null,"名稱1":null,"行業代號2":null,"名稱2":null,"行業代號3":null,"名稱3":null},{"index":89,"id":20028622,"user":"温漢富","shop":"温漢富","category":["夜市/市場攤販"],"zone":"雲嘉南","city":"嘉義縣","area":"民雄鄉","market_name":["餐食攤販"],"market_address":"嘉義縣民雄鄉福樂村０１０鄰埤角３３８號１樓的騎樓","pay_list":"","pay_tool":"","行業代號":null,"行業代號1":null,"名稱1":null,"行業代號2":null,"名稱2":null,"行業代號3":null,"名稱3":null},{"index":90,"id":20036203,"user":"王仙桃","shop":"謝老三滷味民雄分店","category":["夜市/市場攤販"],"zone":"雲嘉南","city":"嘉義縣","area":"民雄鄉","market_name":["餐食攤販"],"market_address":"嘉義縣民雄鄉雙福村０１７鄰建國路二段１１４號","pay_list":"","pay_tool":"","行業代號":null,"行業代號1":null,"名稱1":null,"行業代號2":null,"名稱2":null,"行業代號3":null,"名稱3":null},{"index":91,"id":20036322,"user":"林穎禪","shop":"林穎禪","category":["夜市/市場攤販"],"zone":"雲嘉南","city":"嘉義縣","area":"民雄鄉","market_name":["餐食攤販"],"market_address":"嘉義縣民雄鄉福樂村埤角２－２２２號圍牆旁","pay_list":"","pay_tool":"","行業代號":null,"行業代號1":null,"名稱1":null,"行業代號2":null,"名稱2":null,"行業代號3":null,"名稱3":null},{"index":92,"id":20036356,"user":"蕭銘和","shop":"舊是這一家鹽酥雞","category":["夜市/市場攤販"],"zone":"雲嘉南","city":"嘉義縣","area":"民雄鄉","market_name":["餐食攤販"],"market_address":"嘉義縣民雄鄉中樂村０２３鄰民權路３―８號","pay_list":"","pay_tool":"","行業代號":null,"行業代號1":null,"名稱1":null,"行業代號2":null,"名稱2":null,"行業代號3":null,"名稱3":null},{"index":93,"id":20036357,"user":"陳永鴻","shop":"陳永鴻","category":["夜市/市場攤販"],"zone":"雲嘉南","city":"嘉義縣","area":"民雄鄉","market_name":["餐食攤販"],"market_address":"嘉義縣民雄鄉中樂村復興路４５號","pay_list":"","pay_tool":"","行業代號":null,"行業代號1":null,"名稱1":null,"行業代號2":null,"名稱2":null,"行業代號3":null,"名稱3":null},{"index":94,"id":20046702,"user":"黃群智","shop":"黃群智","category":["夜市/市場攤販"],"zone":"雲嘉南","city":"嘉義縣","area":"民雄鄉","market_name":["餐食攤販"],"market_address":"嘉義縣民雄鄉中樂村文化路３７號門口（騎虎王廟門口）","pay_list":"","pay_tool":"","行業代號":null,"行業代號1":null,"名稱1":null,"行業代號2":null,"名稱2":null,"行業代號3":null,"名稱3":null},{"index":95,"id":20046780,"user":"洪聖忠","shop":"巧之脆中美式炸雞","category":["夜市/市場攤販"],"zone":"雲嘉南","city":"嘉義縣","area":"民雄鄉","market_name":["餐食攤販"],"market_address":"嘉義縣民雄鄉東榮村００４鄰建國路一段１２０號","pay_list":"","pay_tool":"","行業代號":null,"行業代號1":null,"名稱1":null,"行業代號2":null,"名稱2":null,"行業代號3":null,"名稱3":null},{"index":96,"id":20047253,"user":"何添森","shop":"何添森","category":["夜市/市場攤販"],"zone":"雲嘉南","city":"嘉義縣","area":"民雄鄉","market_name":["餐食攤販"],"market_address":"嘉義縣民雄鄉中樂村中樂市場６９及７０號攤位","pay_list":"","pay_tool":"","行業代號":null,"行業代號1":null,"名稱1":null,"行業代號2":null,"名稱2":null,"行業代號3":null,"名稱3":null},{"index":97,"id":20047438,"user":"陳淑真","shop":"巧味鹽酥雞","category":["夜市/市場攤販"],"zone":"雲嘉南","city":"嘉義縣","area":"民雄鄉","market_name":["餐食攤販"],"market_address":"嘉義縣民雄鄉福樂村００１鄰埤角２―２２７號","pay_list":"","pay_tool":"","行業代號":null,"行業代號1":null,"名稱1":null,"行業代號2":null,"名稱2":null,"行業代號3":null,"名稱3":null},{"index":98,"id":20047456,"user":"尤美蘭","shop":"尤美蘭","category":["夜市/市場攤販"],"zone":"雲嘉南","city":"嘉義縣","area":"民雄鄉","market_name":["餐食攤販"],"market_address":"嘉義縣民雄鄉福樂村埤角７２號","pay_list":"","pay_tool":"","行業代號":null,"行業代號1":null,"名稱1":null,"行業代號2":null,"名稱2":null,"行業代號3":null,"名稱3":null},{"index":99,"id":20052398,"user":"林榮俊","shop":"逢甲ｃｉａ　ｃｉａ　ｆｕ甘梅薯條","category":["夜市/市場攤販"],"zone":"雲嘉南","city":"嘉義縣","area":"民雄鄉","market_name":["餐食攤販"],"market_address":"嘉義縣民雄鄉中樂村昇平路３０號","pay_list":"","pay_tool":"","行業代號":null,"行業代號1":null,"名稱1":null,"行業代號2":null,"名稱2":null,"行業代號3":null,"名稱3":null},{"index":100,"id":20053012,"user":"蔡文彬","shop":"全成烤肉","category":["夜市/市場攤販"],"zone":"雲嘉南","city":"嘉義縣","area":"民雄鄉","market_name":["餐食攤販"],"market_address":"嘉義縣民雄鄉大崎村十四甲５３０號附５旁","pay_list":"","pay_tool":"","行業代號":null,"行業代號1":null,"名稱1":null,"行業代號2":null,"名稱2":null,"行業代號3":null,"名稱3":null},{"index":101,"id":20053124,"user":"郭俊延","shop":"牛牛燒烤","category":["夜市/市場攤販"],"zone":"雲嘉南","city":"嘉義縣","area":"民雄鄉","market_name":["餐食攤販"],"market_address":"嘉義縣民雄鄉豐收村山子腳９１之１號前","pay_list":"","pay_tool":"","行業代號":null,"行業代號1":null,"名稱1":null,"行業代號2":null,"名稱2":null,"行業代號3":null,"名稱3":null},{"index":102,"id":20053287,"user":"葉建明","shop":"民雄炸雞王店","category":["夜市/市場攤販"],"zone":"雲嘉南","city":"嘉義縣","area":"民雄鄉","market_name":["餐食攤販","畜肉零售"],"market_address":"嘉義縣民雄鄉中樂村００５鄰復興路７０號１樓","pay_list":["LINE PAY MONEY"],"pay_tool":["行動支付"],"行業代號":null,"行業代號1":null,"名稱1":null,"行業代號2":null,"名稱2":null,"行業代號3":null,"名稱3":null},{"index":103,"id":20058419,"user":"陳明堂","shop":"陳明堂","category":["夜市/市場攤販"],"zone":"雲嘉南","city":"嘉義縣","area":"民雄鄉","market_name":["調理飲料攤販"],"market_address":"嘉義縣民雄鄉東湖村東勢湖１２０號之１３一樓","pay_list":"","pay_tool":"","行業代號":null,"行業代號1":null,"名稱1":null,"行業代號2":null,"名稱2":null,"行業代號3":null,"名稱3":null},{"index":104,"id":60003521,"user":"馬瑞蓮","shop":"嘉億國際事業有限公司嘉義分公司","category":["夜市/市場攤販"],"zone":"雲嘉南","city":"嘉義縣","area":"民雄鄉","market_name":["劇團","未分類其他食品批發","調理飲料攤販","鐘錶及鐘錶零件零售"],"market_address":"嘉義縣民雄鄉大崎村００３鄰頂埤仔６－６號","pay_list":null,"pay_tool":null,"行業代號":"563200","行業代號1":"902011","名稱1":"劇團","行業代號2":"454999","名稱2":"未分類其他食品批發","行業代號3":"474411","名稱3":"鐘錶及鐘錶零件零售"},{"index":105,"id":60028335,"user":"洪瑞庭","shop":"展得股份有限公司","category":["餐飲","夜市/市場攤販"],"zone":"雲嘉南","city":"嘉義縣","area":"民雄鄉","market_name":["農、林、漁、礦、食品、紡織等技術指導服務","人力供應","調理飲料攤販","餐館、餐廳"],"market_address":"嘉義縣民雄鄉東榮村建國路一段３０１號１樓","pay_list":null,"pay_tool":null,"行業代號":"561115","行業代號1":"563200","名稱1":"調理飲料攤販","行業代號2":"760912","名稱2":"農、林、漁、礦、食品、紡織等技術指導服務","行業代號3":"782000","名稱3":"人力供應"},{"index":106,"id":60062904,"user":"林苡任","shop":"巧瑀企業社","category":["夜市/市場攤販"],"zone":"雲嘉南","city":"嘉義縣","area":"民雄鄉","market_name":["餐食攤販"],"market_address":"嘉義縣民雄鄉北斗村新忠路７３號","pay_list":null,"pay_tool":null,"行業代號":"561200","行業代號1":"","名稱1":"","行業代號2":"","名稱2":"","行業代號3":"","名稱3":""}]