[{"index":1,"shop":"大立黃昏市場-謝烙餅","zone":"雲嘉南","city":"臺南市","area":"西港區","market_address":"臺南市西港區西港里文化路6號","user":"謝靖龍","行業代號":null,"market_name":"大立黃昏市場","行業代號1":null,"名稱1":null,"行業代號2":null,"名稱2":null,"行業代號3":null,"名稱3":null,"category":"夜市/市場攤販","id":10055674,"pay_list":"","pay_tool":""},{"index":2,"shop":"大立黃昏市場-許家炸雞","zone":"雲嘉南","city":"臺南市","area":"西港區","market_address":"臺南市西港區西港里文化路6號","user":"許金桃","行業代號":null,"market_name":"大立黃昏市場","行業代號1":null,"名稱1":null,"行業代號2":null,"名稱2":null,"行業代號3":null,"名稱3":null,"category":"夜市/市場攤販","id":10055675,"pay_list":"","pay_tool":""},{"index":3,"shop":"大立黃昏市場-草魚粥","zone":"雲嘉南","city":"臺南市","area":"西港區","market_address":"臺南市西港區西港里文化路6號","user":"吳岱陵","行業代號":null,"market_name":"大立黃昏市場","行業代號1":null,"名稱1":null,"行業代號2":null,"名稱2":null,"行業代號3":null,"名稱3":null,"category":"夜市/市場攤販","id":10055676,"pay_list":"","pay_tool":""},{"index":4,"shop":"大立黃昏市場-茶都","zone":"雲嘉南","city":"臺南市","area":"西港區","market_address":"臺南市西港區西港里文化路6號","user":"謝東原","行業代號":null,"market_name":"大立黃昏市場","行業代號1":null,"名稱1":null,"行業代號2":null,"名稱2":null,"行業代號3":null,"名稱3":null,"category":"夜市/市場攤販","id":10055677,"pay_list":"","pay_tool":""},{"index":5,"shop":"大立黃昏市場-粥公公","zone":"雲嘉南","city":"臺南市","area":"西港區","market_address":"臺南市西港區西港里文化路6號","user":"吳宜倫","行業代號":null,"market_name":"大立黃昏市場","行業代號1":null,"名稱1":null,"行業代號2":null,"名稱2":null,"行業代號3":null,"名稱3":null,"category":"夜市/市場攤販","id":10055678,"pay_list":"","pay_tool":""},{"index":6,"shop":"大立黃昏市場-劉家草魚粥","zone":"雲嘉南","city":"臺南市","area":"西港區","market_address":"臺南市西港區西港里文化路6號","user":"劉昆憲","行業代號":null,"market_name":"大立黃昏市場","行業代號1":null,"名稱1":null,"行業代號2":null,"名稱2":null,"行業代號3":null,"名稱3":null,"category":"夜市/市場攤販","id":10055679,"pay_list":"","pay_tool":""},{"index":7,"shop":"大立黃昏市場-郭家魯味","zone":"雲嘉南","city":"臺南市","area":"西港區","market_address":"臺南市西港區西港里文化路6號","user":"郭茂盛","行業代號":null,"market_name":"大立黃昏市場","行業代號1":null,"名稱1":null,"行業代號2":null,"名稱2":null,"行業代號3":null,"名稱3":null,"category":"夜市/市場攤販","id":10055680,"pay_list":"","pay_tool":""},{"index":8,"shop":"西港公有零售市場-1","zone":"雲嘉南","city":"臺南市","area":"西港區","market_address":"臺南市西港區慶安里26鄰慶安路59巷17號","user":"黃婕茵","行業代號":null,"market_name":"西港公有零售市場","行業代號1":null,"名稱1":null,"行業代號2":null,"名稱2":null,"行業代號3":null,"名稱3":null,"category":"夜市/市場攤販","id":10055682,"pay_list":"","pay_tool":""},{"index":9,"shop":"西港公有零售市場-2","zone":"雲嘉南","city":"臺南市","area":"西港區","market_address":"臺南市西港區慶安里26鄰慶安路59巷17號","user":"謝葉秋菊","行業代號":null,"market_name":"西港公有零售市場","行業代號1":null,"名稱1":null,"行業代號2":null,"名稱2":null,"行業代號3":null,"名稱3":null,"category":"夜市/市場攤販","id":10055683,"pay_list":"","pay_tool":""},{"index":10,"shop":"西港公有零售市場-3","zone":"雲嘉南","city":"臺南市","area":"西港區","market_address":"臺南市西港區慶安里26鄰慶安路59巷17號","user":"郭朝欽","行業代號":null,"market_name":"西港公有零售市場","行業代號1":null,"名稱1":null,"行業代號2":null,"名稱2":null,"行業代號3":null,"名稱3":null,"category":"夜市/市場攤販","id":10055684,"pay_list":"","pay_tool":""},{"index":11,"shop":"西港公有零售市場-4","zone":"雲嘉南","city":"臺南市","area":"西港區","market_address":"臺南市西港區慶安里26鄰慶安路59巷17號","user":"郭朝性","行業代號":null,"market_name":"西港公有零售市場","行業代號1":null,"名稱1":null,"行業代號2":null,"名稱2":null,"行業代號3":null,"名稱3":null,"category":"夜市/市場攤販","id":10055685,"pay_list":"","pay_tool":""},{"index":12,"shop":"西港公有零售市場-5","zone":"雲嘉南","city":"臺南市","area":"西港區","market_address":"臺南市西港區慶安里26鄰慶安路59巷17號","user":"郭榮裕","行業代號":null,"market_name":"西港公有零售市場","行業代號1":null,"名稱1":null,"行業代號2":null,"名稱2":null,"行業代號3":null,"名稱3":null,"category":"夜市/市場攤販","id":10055686,"pay_list":"","pay_tool":""},{"index":13,"shop":"西港公有零售市場-6","zone":"雲嘉南","city":"臺南市","area":"西港區","market_address":"臺南市西港區慶安里26鄰慶安路59巷17號","user":"葉金鐘","行業代號":null,"market_name":"西港公有零售市場","行業代號1":null,"名稱1":null,"行業代號2":null,"名稱2":null,"行業代號3":null,"名稱3":null,"category":"夜市/市場攤販","id":10055687,"pay_list":"","pay_tool":""},{"index":14,"shop":"西港公有零售市場-7","zone":"雲嘉南","city":"臺南市","area":"西港區","market_address":"臺南市西港區慶安里26鄰慶安路59巷17號","user":"黃瑛珍","行業代號":null,"market_name":"西港公有零售市場","行業代號1":null,"名稱1":null,"行業代號2":null,"名稱2":null,"行業代號3":null,"名稱3":null,"category":"夜市/市場攤販","id":10055688,"pay_list":"","pay_tool":""},{"index":15,"shop":"西港公有零售市場-8","zone":"雲嘉南","city":"臺南市","area":"西港區","market_address":"臺南市西港區慶安里26鄰慶安路59巷17號","user":"林麗珍","行業代號":null,"market_name":"西港公有零售市場","行業代號1":null,"名稱1":null,"行業代號2":null,"名稱2":null,"行業代號3":null,"名稱3":null,"category":"夜市/市場攤販","id":10055689,"pay_list":"","pay_tool":""},{"index":16,"shop":"西港公有零售市場-9","zone":"雲嘉南","city":"臺南市","area":"西港區","market_address":"臺南市西港區慶安里26鄰慶安路59巷17號","user":"曾錦惠","行業代號":null,"market_name":"西港公有零售市場","行業代號1":null,"名稱1":null,"行業代號2":null,"名稱2":null,"行業代號3":null,"名稱3":null,"category":"夜市/市場攤販","id":10055690,"pay_list":"","pay_tool":""},{"index":17,"shop":"西港公有零售市場-10","zone":"雲嘉南","city":"臺南市","area":"西港區","market_address":"臺南市西港區慶安里26鄰慶安路59巷17號","user":"徐雍銘","行業代號":null,"market_name":"西港公有零售市場","行業代號1":null,"名稱1":null,"行業代號2":null,"名稱2":null,"行業代號3":null,"名稱3":null,"category":"夜市/市場攤販","id":10055691,"pay_list":"","pay_tool":""},{"index":18,"shop":"西港公有零售市場-11","zone":"雲嘉南","city":"臺南市","area":"西港區","market_address":"臺南市西港區慶安里26鄰慶安路59巷17號","user":"陳建亨","行業代號":null,"market_name":"西港公有零售市場","行業代號1":null,"名稱1":null,"行業代號2":null,"名稱2":null,"行業代號3":null,"名稱3":null,"category":"夜市/市場攤販","id":10055693,"pay_list":"","pay_tool":""},{"index":19,"shop":"西港公有零售市場-12","zone":"雲嘉南","city":"臺南市","area":"西港區","market_address":"臺南市西港區慶安里26鄰慶安路59巷17號","user":"李幸智","行業代號":null,"market_name":"西港公有零售市場","行業代號1":null,"名稱1":null,"行業代號2":null,"名稱2":null,"行業代號3":null,"名稱3":null,"category":"夜市/市場攤販","id":10055694,"pay_list":"","pay_tool":""},{"index":20,"shop":"西港公有零售市場-13","zone":"雲嘉南","city":"臺南市","area":"西港區","market_address":"臺南市西港區慶安里26鄰慶安路59巷17號","user":"王彩美","行業代號":null,"market_name":"西港公有零售市場","行業代號1":null,"名稱1":null,"行業代號2":null,"名稱2":null,"行業代號3":null,"名稱3":null,"category":"夜市/市場攤販","id":10055695,"pay_list":"","pay_tool":""},{"index":21,"shop":"西港公有零售市場-14","zone":"雲嘉南","city":"臺南市","area":"西港區","market_address":"臺南市西港區慶安里26鄰慶安路59巷17號","user":"徐鈺茹","行業代號":null,"market_name":"西港公有零售市場","行業代號1":null,"名稱1":null,"行業代號2":null,"名稱2":null,"行業代號3":null,"名稱3":null,"category":"夜市/市場攤販","id":10055696,"pay_list":"","pay_tool":""},{"index":22,"shop":"西港公有零售市場-15","zone":"雲嘉南","city":"臺南市","area":"西港區","market_address":"臺南市西港區慶安里26鄰慶安路59巷17號","user":"邱耀堂","行業代號":null,"market_name":"西港公有零售市場","行業代號1":null,"名稱1":null,"行業代號2":null,"名稱2":null,"行業代號3":null,"名稱3":null,"category":"夜市/市場攤販","id":10055697,"pay_list":"","pay_tool":""},{"index":23,"shop":"西港公有零售市場-16","zone":"雲嘉南","city":"臺南市","area":"西港區","market_address":"臺南市西港區慶安里26鄰慶安路59巷17號","user":"黃郁涵","行業代號":null,"market_name":"西港公有零售市場","行業代號1":null,"名稱1":null,"行業代號2":null,"名稱2":null,"行業代號3":null,"名稱3":null,"category":"夜市/市場攤販","id":10055698,"pay_list":"","pay_tool":""},{"index":24,"shop":"西港公有零售市場-17","zone":"雲嘉南","city":"臺南市","area":"西港區","market_address":"臺南市西港區慶安里26鄰慶安路59巷17號","user":"邱萬發","行業代號":null,"market_name":"西港公有零售市場","行業代號1":null,"名稱1":null,"行業代號2":null,"名稱2":null,"行業代號3":null,"名稱3":null,"category":"夜市/市場攤販","id":10055699,"pay_list":"","pay_tool":""},{"index":25,"shop":"西港公有零售市場-18","zone":"雲嘉南","city":"臺南市","area":"西港區","market_address":"臺南市西港區慶安里26鄰慶安路59巷17號","user":"黃南文","行業代號":null,"market_name":"西港公有零售市場","行業代號1":null,"名稱1":null,"行業代號2":null,"名稱2":null,"行業代號3":null,"名稱3":null,"category":"夜市/市場攤販","id":10055700,"pay_list":"","pay_tool":""},{"index":26,"shop":"西港公有零售市場-19","zone":"雲嘉南","city":"臺南市","area":"西港區","market_address":"臺南市西港區慶安里26鄰慶安路59巷17號","user":"陳相任","行業代號":null,"market_name":"西港公有零售市場","行業代號1":null,"名稱1":null,"行業代號2":null,"名稱2":null,"行業代號3":null,"名稱3":null,"category":"夜市/市場攤販","id":10055701,"pay_list":"","pay_tool":""},{"index":27,"shop":"西港公有零售市場-20","zone":"雲嘉南","city":"臺南市","area":"西港區","market_address":"臺南市西港區慶安里26鄰慶安路59巷17號","user":"邱茂勳","行業代號":null,"market_name":"西港公有零售市場","行業代號1":null,"名稱1":null,"行業代號2":null,"名稱2":null,"行業代號3":null,"名稱3":null,"category":"夜市/市場攤販","id":10055702,"pay_list":"","pay_tool":""},{"index":28,"shop":"西港公有零售市場-21","zone":"雲嘉南","city":"臺南市","area":"西港區","market_address":"臺南市西港區慶安里26鄰慶安路59巷17號","user":"林景春","行業代號":null,"market_name":"西港公有零售市場","行業代號1":null,"名稱1":null,"行業代號2":null,"名稱2":null,"行業代號3":null,"名稱3":null,"category":"夜市/市場攤販","id":10055704,"pay_list":"","pay_tool":""},{"index":29,"shop":"西港公有零售市場-22","zone":"雲嘉南","city":"臺南市","area":"西港區","market_address":"臺南市西港區慶安里26鄰慶安路59巷17號","user":"李志明","行業代號":null,"market_name":"西港公有零售市場","行業代號1":null,"名稱1":null,"行業代號2":null,"名稱2":null,"行業代號3":null,"名稱3":null,"category":"夜市/市場攤販","id":10055705,"pay_list":"","pay_tool":""},{"index":30,"shop":"西港公有零售市場-23","zone":"雲嘉南","city":"臺南市","area":"西港區","market_address":"臺南市西港區慶安里26鄰慶安路59巷17號","user":"劉儀如","行業代號":null,"market_name":"西港公有零售市場","行業代號1":null,"名稱1":null,"行業代號2":null,"名稱2":null,"行業代號3":null,"名稱3":null,"category":"夜市/市場攤販","id":10055706,"pay_list":"","pay_tool":""},{"index":31,"shop":"西港公有零售市場-24","zone":"雲嘉南","city":"臺南市","area":"西港區","market_address":"臺南市西港區慶安里26鄰慶安路59巷17號","user":"邱郁旂","行業代號":null,"market_name":"西港公有零售市場","行業代號1":null,"名稱1":null,"行業代號2":null,"名稱2":null,"行業代號3":null,"名稱3":null,"category":"夜市/市場攤販","id":10055707,"pay_list":"","pay_tool":""},{"index":32,"shop":"西港公有零售市場-25","zone":"雲嘉南","city":"臺南市","area":"西港區","market_address":"臺南市西港區慶安里26鄰慶安路59巷17號","user":"曾瓊玉","行業代號":null,"market_name":"西港公有零售市場","行業代號1":null,"名稱1":null,"行業代號2":null,"名稱2":null,"行業代號3":null,"名稱3":null,"category":"夜市/市場攤販","id":10055708,"pay_list":"","pay_tool":""},{"index":33,"shop":"西港公有零售市場-26","zone":"雲嘉南","city":"臺南市","area":"西港區","market_address":"臺南市西港區慶安里26鄰慶安路59巷17號","user":"曾盈嘉","行業代號":null,"market_name":"西港公有零售市場","行業代號1":null,"名稱1":null,"行業代號2":null,"名稱2":null,"行業代號3":null,"名稱3":null,"category":"夜市/市場攤販","id":10055709,"pay_list":"","pay_tool":""},{"index":34,"shop":"西港公有零售市場-27","zone":"雲嘉南","city":"臺南市","area":"西港區","market_address":"臺南市西港區慶安里26鄰慶安路59巷17號","user":"謝秀孟","行業代號":null,"market_name":"西港公有零售市場","行業代號1":null,"名稱1":null,"行業代號2":null,"名稱2":null,"行業代號3":null,"名稱3":null,"category":"夜市/市場攤販","id":10055710,"pay_list":"","pay_tool":""},{"index":35,"shop":"西港公有零售市場-28","zone":"雲嘉南","city":"臺南市","area":"西港區","market_address":"臺南市西港區慶安里26鄰慶安路59巷17號","user":"謝旺條","行業代號":null,"market_name":"西港公有零售市場","行業代號1":null,"名稱1":null,"行業代號2":null,"名稱2":null,"行業代號3":null,"名稱3":null,"category":"夜市/市場攤販","id":10055711,"pay_list":"","pay_tool":""},{"index":36,"shop":"西港公有零售市場-29","zone":"雲嘉南","city":"臺南市","area":"西港區","market_address":"臺南市西港區慶安里26鄰慶安路59巷17號","user":"張李金秀","行業代號":null,"market_name":"西港公有零售市場","行業代號1":null,"名稱1":null,"行業代號2":null,"名稱2":null,"行業代號3":null,"名稱3":null,"category":"夜市/市場攤販","id":10055712,"pay_list":"","pay_tool":""},{"index":37,"shop":"西港公有零售市場-30","zone":"雲嘉南","city":"臺南市","area":"西港區","market_address":"臺南市西港區慶安里26鄰慶安路59巷17號","user":"黃俊誠","行業代號":null,"market_name":"西港公有零售市場","行業代號1":null,"名稱1":null,"行業代號2":null,"名稱2":null,"行業代號3":null,"名稱3":null,"category":"夜市/市場攤販","id":10055713,"pay_list":"","pay_tool":""},{"index":38,"shop":"西港公有零售市場-31","zone":"雲嘉南","city":"臺南市","area":"西港區","market_address":"臺南市西港區慶安里26鄰慶安路59巷17號","user":"張力中","行業代號":null,"market_name":"西港公有零售市場","行業代號1":null,"名稱1":null,"行業代號2":null,"名稱2":null,"行業代號3":null,"名稱3":null,"category":"夜市/市場攤販","id":10055715,"pay_list":"","pay_tool":""},{"index":39,"shop":"西港公有零售市場-32","zone":"雲嘉南","city":"臺南市","area":"西港區","market_address":"臺南市西港區慶安里26鄰慶安路59巷17號","user":"陳文雄","行業代號":null,"market_name":"西港公有零售市場","行業代號1":null,"名稱1":null,"行業代號2":null,"名稱2":null,"行業代號3":null,"名稱3":null,"category":"夜市/市場攤販","id":10055716,"pay_list":"","pay_tool":""},{"index":40,"shop":"西港公有零售市場-33","zone":"雲嘉南","city":"臺南市","area":"西港區","market_address":"臺南市西港區慶安里26鄰慶安路59巷17號","user":"陳燕英","行業代號":null,"market_name":"西港公有零售市場","行業代號1":null,"名稱1":null,"行業代號2":null,"名稱2":null,"行業代號3":null,"名稱3":null,"category":"夜市/市場攤販","id":10055717,"pay_list":"","pay_tool":""},{"index":41,"shop":"西港公有零售市場-34","zone":"雲嘉南","city":"臺南市","area":"西港區","market_address":"臺南市西港區慶安里26鄰慶安路59巷17號","user":"姚黃寶連","行業代號":null,"market_name":"西港公有零售市場","行業代號1":null,"名稱1":null,"行業代號2":null,"名稱2":null,"行業代號3":null,"名稱3":null,"category":"夜市/市場攤販","id":10055718,"pay_list":"","pay_tool":""},{"index":42,"shop":"西港公有零售市場-35","zone":"雲嘉南","city":"臺南市","area":"西港區","market_address":"臺南市西港區慶安里26鄰慶安路59巷17號","user":"黃福助","行業代號":null,"market_name":"西港公有零售市場","行業代號1":null,"名稱1":null,"行業代號2":null,"名稱2":null,"行業代號3":null,"名稱3":null,"category":"夜市/市場攤販","id":10055719,"pay_list":"","pay_tool":""},{"index":43,"shop":"西港公有零售市場-36","zone":"雲嘉南","city":"臺南市","area":"西港區","market_address":"臺南市西港區慶安里26鄰慶安路59巷17號","user":"林柯謙","行業代號":null,"market_name":"西港公有零售市場","行業代號1":null,"名稱1":null,"行業代號2":null,"名稱2":null,"行業代號3":null,"名稱3":null,"category":"夜市/市場攤販","id":10055720,"pay_list":"","pay_tool":""},{"index":44,"shop":"西港公有零售市場-37","zone":"雲嘉南","city":"臺南市","area":"西港區","market_address":"臺南市西港區慶安里26鄰慶安路59巷17號","user":"黃林謹","行業代號":null,"market_name":"西港公有零售市場","行業代號1":null,"名稱1":null,"行業代號2":null,"名稱2":null,"行業代號3":null,"名稱3":null,"category":"夜市/市場攤販","id":10055721,"pay_list":"","pay_tool":""},{"index":45,"shop":"西港公有零售市場-38","zone":"雲嘉南","city":"臺南市","area":"西港區","market_address":"臺南市西港區慶安里26鄰慶安路59巷17號","user":"周李秀金","行業代號":null,"market_name":"西港公有零售市場","行業代號1":null,"名稱1":null,"行業代號2":null,"名稱2":null,"行業代號3":null,"名稱3":null,"category":"夜市/市場攤販","id":10055722,"pay_list":"","pay_tool":""},{"index":46,"shop":"西港公有零售市場-39","zone":"雲嘉南","city":"臺南市","area":"西港區","market_address":"臺南市西港區慶安里26鄰慶安路59巷17號","user":"謝蔡春江","行業代號":null,"market_name":"西港公有零售市場","行業代號1":null,"名稱1":null,"行業代號2":null,"名稱2":null,"行業代號3":null,"名稱3":null,"category":"夜市/市場攤販","id":10055723,"pay_list":"","pay_tool":""},{"index":47,"shop":"西港公有零售市場-40","zone":"雲嘉南","city":"臺南市","area":"西港區","market_address":"臺南市西港區慶安里26鄰慶安路59巷17號","user":"陳吳美玉","行業代號":null,"market_name":"西港公有零售市場","行業代號1":null,"名稱1":null,"行業代號2":null,"名稱2":null,"行業代號3":null,"名稱3":null,"category":"夜市/市場攤販","id":10055724,"pay_list":"","pay_tool":""},{"index":48,"shop":"西港公有零售市場-41","zone":"雲嘉南","city":"臺南市","area":"西港區","market_address":"臺南市西港區慶安里26鄰慶安路59巷17號","user":"陳仙助","行業代號":null,"market_name":"西港公有零售市場","行業代號1":null,"名稱1":null,"行業代號2":null,"名稱2":null,"行業代號3":null,"名稱3":null,"category":"夜市/市場攤販","id":10055726,"pay_list":"","pay_tool":""},{"index":49,"shop":"西港公有零售市場-42","zone":"雲嘉南","city":"臺南市","area":"西港區","market_address":"臺南市西港區慶安里26鄰慶安路59巷17號","user":"郭茂盛","行業代號":null,"market_name":"西港公有零售市場","行業代號1":null,"名稱1":null,"行業代號2":null,"名稱2":null,"行業代號3":null,"名稱3":null,"category":"夜市/市場攤販","id":10055727,"pay_list":"","pay_tool":""},{"index":50,"shop":"西港公有零售市場-43","zone":"雲嘉南","city":"臺南市","area":"西港區","market_address":"臺南市西港區慶安里26鄰慶安路59巷17號","user":"魏陳素絹","行業代號":null,"market_name":"西港公有零售市場","行業代號1":null,"名稱1":null,"行業代號2":null,"名稱2":null,"行業代號3":null,"名稱3":null,"category":"夜市/市場攤販","id":10055728,"pay_list":"","pay_tool":""},{"index":51,"shop":"西港公有零售市場-44","zone":"雲嘉南","city":"臺南市","area":"西港區","market_address":"臺南市西港區慶安里26鄰慶安路59巷17號","user":"郭謝美鸞","行業代號":null,"market_name":"西港公有零售市場","行業代號1":null,"名稱1":null,"行業代號2":null,"名稱2":null,"行業代號3":null,"名稱3":null,"category":"夜市/市場攤販","id":10055729,"pay_list":"","pay_tool":""},{"index":52,"shop":"西港公有零售市場-45","zone":"雲嘉南","city":"臺南市","area":"西港區","market_address":"臺南市西港區慶安里26鄰慶安路59巷17號","user":"徐偉倫","行業代號":null,"market_name":"西港公有零售市場","行業代號1":null,"名稱1":null,"行業代號2":null,"名稱2":null,"行業代號3":null,"名稱3":null,"category":"夜市/市場攤販","id":10055730,"pay_list":"","pay_tool":""},{"index":53,"shop":"西港公有零售市場-46","zone":"雲嘉南","city":"臺南市","area":"西港區","market_address":"臺南市西港區慶安里26鄰慶安路59巷17號","user":"郭士榮","行業代號":null,"market_name":"西港公有零售市場","行業代號1":null,"名稱1":null,"行業代號2":null,"名稱2":null,"行業代號3":null,"名稱3":null,"category":"夜市/市場攤販","id":10055731,"pay_list":"","pay_tool":""},{"index":54,"shop":"西港公有零售市場-47","zone":"雲嘉南","city":"臺南市","area":"西港區","market_address":"臺南市西港區慶安里26鄰慶安路59巷17號","user":"林郭玉英","行業代號":null,"market_name":"西港公有零售市場","行業代號1":null,"名稱1":null,"行業代號2":null,"名稱2":null,"行業代號3":null,"名稱3":null,"category":"夜市/市場攤販","id":10055732,"pay_list":"","pay_tool":""},{"index":55,"shop":"西港公有零售市場-48","zone":"雲嘉南","city":"臺南市","area":"西港區","market_address":"臺南市西港區慶安里26鄰慶安路59巷17號","user":"吳登福","行業代號":null,"market_name":"西港公有零售市場","行業代號1":null,"名稱1":null,"行業代號2":null,"名稱2":null,"行業代號3":null,"名稱3":null,"category":"夜市/市場攤販","id":10055733,"pay_list":"","pay_tool":""},{"index":56,"shop":"西港公有零售市場-49","zone":"雲嘉南","city":"臺南市","area":"西港區","market_address":"臺南市西港區慶安里26鄰慶安路59巷17號","user":"郭振文","行業代號":null,"market_name":"西港公有零售市場","行業代號1":null,"名稱1":null,"行業代號2":null,"名稱2":null,"行業代號3":null,"名稱3":null,"category":"夜市/市場攤販","id":10055734,"pay_list":"","pay_tool":""},{"index":57,"shop":"西港公有零售市場-50","zone":"雲嘉南","city":"臺南市","area":"西港區","market_address":"臺南市西港區慶安里26鄰慶安路59巷17號","user":"郭黃美珠","行業代號":null,"market_name":"西港公有零售市場","行業代號1":null,"名稱1":null,"行業代號2":null,"名稱2":null,"行業代號3":null,"名稱3":null,"category":"夜市/市場攤販","id":10055735,"pay_list":"","pay_tool":""},{"index":58,"shop":"西港公有零售市場-51","zone":"雲嘉南","city":"臺南市","area":"西港區","market_address":"臺南市西港區慶安里26鄰慶安路59巷17號","user":"蔡孟芬","行業代號":null,"market_name":"西港公有零售市場","行業代號1":null,"名稱1":null,"行業代號2":null,"名稱2":null,"行業代號3":null,"名稱3":null,"category":"夜市/市場攤販","id":10055737,"pay_list":"","pay_tool":""},{"index":59,"shop":"西港公有零售市場-52","zone":"雲嘉南","city":"臺南市","area":"西港區","market_address":"臺南市西港區慶安里26鄰慶安路59巷17號","user":"李振嘉","行業代號":null,"market_name":"西港公有零售市場","行業代號1":null,"名稱1":null,"行業代號2":null,"名稱2":null,"行業代號3":null,"名稱3":null,"category":"夜市/市場攤販","id":10055738,"pay_list":"","pay_tool":""},{"index":60,"shop":"西港公有零售市場-53","zone":"雲嘉南","city":"臺南市","area":"西港區","market_address":"臺南市西港區慶安里26鄰慶安路59巷17號","user":"黃李靜","行業代號":null,"market_name":"西港公有零售市場","行業代號1":null,"名稱1":null,"行業代號2":null,"名稱2":null,"行業代號3":null,"名稱3":null,"category":"夜市/市場攤販","id":10055739,"pay_list":"","pay_tool":""},{"index":61,"shop":"西港公有零售市場-54","zone":"雲嘉南","city":"臺南市","area":"西港區","market_address":"臺南市西港區慶安里26鄰慶安路59巷17號","user":"陳筱茹","行業代號":null,"market_name":"西港公有零售市場","行業代號1":null,"名稱1":null,"行業代號2":null,"名稱2":null,"行業代號3":null,"名稱3":null,"category":"夜市/市場攤販","id":10055740,"pay_list":"","pay_tool":""},{"index":62,"shop":"西港公有零售市場-55","zone":"雲嘉南","city":"臺南市","area":"西港區","market_address":"臺南市西港區慶安里26鄰慶安路59巷17號","user":"張根旺","行業代號":null,"market_name":"西港公有零售市場","行業代號1":null,"名稱1":null,"行業代號2":null,"名稱2":null,"行業代號3":null,"名稱3":null,"category":"夜市/市場攤販","id":10055741,"pay_list":"","pay_tool":""},{"index":63,"shop":"西港公有零售市場-56","zone":"雲嘉南","city":"臺南市","area":"西港區","market_address":"臺南市西港區慶安里26鄰慶安路59巷17號","user":"邱黃秀琴","行業代號":null,"market_name":"西港公有零售市場","行業代號1":null,"名稱1":null,"行業代號2":null,"名稱2":null,"行業代號3":null,"名稱3":null,"category":"夜市/市場攤販","id":10055742,"pay_list":"","pay_tool":""},{"index":64,"shop":"西港公有零售市場-57","zone":"雲嘉南","city":"臺南市","area":"西港區","market_address":"臺南市西港區慶安里26鄰慶安路59巷17號","user":"王繪期","行業代號":null,"market_name":"西港公有零售市場","行業代號1":null,"名稱1":null,"行業代號2":null,"名稱2":null,"行業代號3":null,"名稱3":null,"category":"夜市/市場攤販","id":10055743,"pay_list":"","pay_tool":""},{"index":65,"shop":"西港公有零售市場-58","zone":"雲嘉南","city":"臺南市","area":"西港區","market_address":"臺南市西港區慶安里26鄰慶安路59巷17號","user":"周勝雄","行業代號":null,"market_name":"西港公有零售市場","行業代號1":null,"名稱1":null,"行業代號2":null,"名稱2":null,"行業代號3":null,"名稱3":null,"category":"夜市/市場攤販","id":10055744,"pay_list":"","pay_tool":""},{"index":66,"shop":"西港公有零售市場-59","zone":"雲嘉南","city":"臺南市","area":"西港區","market_address":"臺南市西港區慶安里26鄰慶安路59巷17號","user":"林國峰","行業代號":null,"market_name":"西港公有零售市場","行業代號1":null,"名稱1":null,"行業代號2":null,"名稱2":null,"行業代號3":null,"名稱3":null,"category":"夜市/市場攤販","id":10055745,"pay_list":"","pay_tool":""},{"index":67,"shop":"西港公有零售市場-60","zone":"雲嘉南","city":"臺南市","area":"西港區","market_address":"臺南市西港區慶安里26鄰慶安路59巷17號","user":"邱憲榮","行業代號":null,"market_name":"西港公有零售市場","行業代號1":null,"名稱1":null,"行業代號2":null,"名稱2":null,"行業代號3":null,"名稱3":null,"category":"夜市/市場攤販","id":10055746,"pay_list":"","pay_tool":""},{"index":68,"shop":"西港公有零售市場-61","zone":"雲嘉南","city":"臺南市","area":"西港區","market_address":"臺南市西港區慶安里26鄰慶安路59巷17號","user":"邱煥璋","行業代號":null,"market_name":"西港公有零售市場","行業代號1":null,"名稱1":null,"行業代號2":null,"名稱2":null,"行業代號3":null,"名稱3":null,"category":"夜市/市場攤販","id":10055748,"pay_list":"","pay_tool":""},{"index":69,"shop":"西港公有零售市場-62","zone":"雲嘉南","city":"臺南市","area":"西港區","market_address":"臺南市西港區慶安里26鄰慶安路59巷17號","user":"魏富男","行業代號":null,"market_name":"西港公有零售市場","行業代號1":null,"名稱1":null,"行業代號2":null,"名稱2":null,"行業代號3":null,"名稱3":null,"category":"夜市/市場攤販","id":10055749,"pay_list":"","pay_tool":""},{"index":70,"shop":"西港公有零售市場-63","zone":"雲嘉南","city":"臺南市","area":"西港區","market_address":"臺南市西港區慶安里26鄰慶安路59巷17號","user":"魏美華","行業代號":null,"market_name":"西港公有零售市場","行業代號1":null,"名稱1":null,"行業代號2":null,"名稱2":null,"行業代號3":null,"名稱3":null,"category":"夜市/市場攤販","id":10055750,"pay_list":"","pay_tool":""},{"index":71,"shop":"西港公有零售市場-64","zone":"雲嘉南","city":"臺南市","area":"西港區","market_address":"臺南市西港區慶安里26鄰慶安路59巷17號","user":"蔡淑嬌","行業代號":null,"market_name":"西港公有零售市場","行業代號1":null,"名稱1":null,"行業代號2":null,"名稱2":null,"行業代號3":null,"名稱3":null,"category":"夜市/市場攤販","id":10055751,"pay_list":"","pay_tool":""},{"index":72,"shop":"西港公有零售市場-65","zone":"雲嘉南","city":"臺南市","area":"西港區","market_address":"臺南市西港區慶安里26鄰慶安路59巷17號","user":"吳王月霞","行業代號":null,"market_name":"西港公有零售市場","行業代號1":null,"名稱1":null,"行業代號2":null,"名稱2":null,"行業代號3":null,"名稱3":null,"category":"夜市/市場攤販","id":10055752,"pay_list":"","pay_tool":""},{"index":73,"shop":"西港公有零售市場-66","zone":"雲嘉南","city":"臺南市","area":"西港區","market_address":"臺南市西港區慶安里26鄰慶安路59巷17號","user":"陳美美","行業代號":null,"market_name":"西港公有零售市場","行業代號1":null,"名稱1":null,"行業代號2":null,"名稱2":null,"行業代號3":null,"名稱3":null,"category":"夜市/市場攤販","id":10055753,"pay_list":"","pay_tool":""},{"index":74,"shop":"西港公有零售市場-67","zone":"雲嘉南","city":"臺南市","area":"西港區","market_address":"臺南市西港區慶安里26鄰慶安路59巷17號","user":"陳華力","行業代號":null,"market_name":"西港公有零售市場","行業代號1":null,"名稱1":null,"行業代號2":null,"名稱2":null,"行業代號3":null,"名稱3":null,"category":"夜市/市場攤販","id":10055754,"pay_list":"","pay_tool":""},{"index":75,"shop":"西港公有零售市場-68","zone":"雲嘉南","city":"臺南市","area":"西港區","market_address":"臺南市西港區慶安里26鄰慶安路59巷17號","user":"陳郭月珠","行業代號":null,"market_name":"西港公有零售市場","行業代號1":null,"名稱1":null,"行業代號2":null,"名稱2":null,"行業代號3":null,"名稱3":null,"category":"夜市/市場攤販","id":10055755,"pay_list":"","pay_tool":""},{"index":76,"shop":"西港公有零售市場-69","zone":"雲嘉南","city":"臺南市","area":"西港區","market_address":"臺南市西港區慶安里26鄰慶安路59巷17號","user":"陳蔡玉葉","行業代號":null,"market_name":"西港公有零售市場","行業代號1":null,"名稱1":null,"行業代號2":null,"名稱2":null,"行業代號3":null,"名稱3":null,"category":"夜市/市場攤販","id":10055756,"pay_list":"","pay_tool":""},{"index":77,"shop":"西港公有零售市場-70","zone":"雲嘉南","city":"臺南市","area":"西港區","market_address":"臺南市西港區慶安里26鄰慶安路59巷17號","user":"陳志文","行業代號":null,"market_name":"西港公有零售市場","行業代號1":null,"名稱1":null,"行業代號2":null,"名稱2":null,"行業代號3":null,"名稱3":null,"category":"夜市/市場攤販","id":10055757,"pay_list":"","pay_tool":""},{"index":78,"shop":"西港公有零售市場-飲食","zone":"雲嘉南","city":"臺南市","area":"西港區","market_address":"臺南市西港區慶安里26鄰慶安路59巷17號","user":"陳淑美","行業代號":null,"market_name":"西港公有零售市場","行業代號1":null,"名稱1":null,"行業代號2":null,"名稱2":null,"行業代號3":null,"名稱3":null,"category":"夜市/市場攤販","id":10055759,"pay_list":"","pay_tool":""},{"index":79,"shop":"西港公有零售市場-72","zone":"雲嘉南","city":"臺南市","area":"西港區","market_address":"臺南市西港區慶安里26鄰慶安路59巷17號","user":"黃嵇?","行業代號":null,"market_name":"西港公有零售市場","行業代號1":null,"名稱1":null,"行業代號2":null,"名稱2":null,"行業代號3":null,"名稱3":null,"category":"夜市/市場攤販","id":10055760,"pay_list":"","pay_tool":""},{"index":80,"shop":"西港公有零售市場-73","zone":"雲嘉南","city":"臺南市","area":"西港區","market_address":"臺南市西港區慶安里26鄰慶安路59巷17號","user":"李清友","行業代號":null,"market_name":"西港公有零售市場","行業代號1":null,"名稱1":null,"行業代號2":null,"名稱2":null,"行業代號3":null,"名稱3":null,"category":"夜市/市場攤販","id":10055761,"pay_list":"","pay_tool":""},{"index":81,"shop":"西港公有零售市場-74","zone":"雲嘉南","city":"臺南市","area":"西港區","market_address":"臺南市西港區慶安里26鄰慶安路59巷17號","user":"何郭秀衣","行業代號":null,"market_name":"西港公有零售市場","行業代號1":null,"名稱1":null,"行業代號2":null,"名稱2":null,"行業代號3":null,"名稱3":null,"category":"夜市/市場攤販","id":10055762,"pay_list":"","pay_tool":""},{"index":82,"shop":"西港公有零售市場-75","zone":"雲嘉南","city":"臺南市","area":"西港區","market_address":"臺南市西港區慶安里26鄰慶安路59巷17號","user":"吳邱阿桂","行業代號":null,"market_name":"西港公有零售市場","行業代號1":null,"名稱1":null,"行業代號2":null,"名稱2":null,"行業代號3":null,"名稱3":null,"category":"夜市/市場攤販","id":10055763,"pay_list":"","pay_tool":""},{"index":83,"shop":"西港公有零售市場-76","zone":"雲嘉南","city":"臺南市","area":"西港區","market_address":"臺南市西港區慶安里26鄰慶安路59巷17號","user":"陳俞伯","行業代號":null,"market_name":"西港公有零售市場","行業代號1":null,"名稱1":null,"行業代號2":null,"名稱2":null,"行業代號3":null,"名稱3":null,"category":"夜市/市場攤販","id":10055764,"pay_list":"","pay_tool":""},{"index":84,"shop":"西港公有零售市場-77","zone":"雲嘉南","city":"臺南市","area":"西港區","market_address":"臺南市西港區慶安里26鄰慶安路59巷17號","user":"林美麗","行業代號":null,"market_name":"西港公有零售市場","行業代號1":null,"名稱1":null,"行業代號2":null,"名稱2":null,"行業代號3":null,"名稱3":null,"category":"夜市/市場攤販","id":10055765,"pay_list":"","pay_tool":""},{"index":85,"shop":"西港公有零售市場-78","zone":"雲嘉南","city":"臺南市","area":"西港區","market_address":"臺南市西港區慶安里26鄰慶安路59巷17號","user":"徐宇璐","行業代號":null,"market_name":"西港公有零售市場","行業代號1":null,"名稱1":null,"行業代號2":null,"名稱2":null,"行業代號3":null,"名稱3":null,"category":"夜市/市場攤販","id":10055766,"pay_list":"","pay_tool":""},{"index":86,"shop":"西港公有零售市場-79","zone":"雲嘉南","city":"臺南市","area":"西港區","market_address":"臺南市西港區慶安里26鄰慶安路59巷17號","user":"鄒妤婕","行業代號":null,"market_name":"西港公有零售市場","行業代號1":null,"名稱1":null,"行業代號2":null,"名稱2":null,"行業代號3":null,"名稱3":null,"category":"夜市/市場攤販","id":10055767,"pay_list":"","pay_tool":""},{"index":87,"shop":"西港公有零售市場-80","zone":"雲嘉南","city":"臺南市","area":"西港區","market_address":"臺南市西港區慶安里26鄰慶安路59巷17號","user":"陳茂源","行業代號":null,"market_name":"西港公有零售市場","行業代號1":null,"名稱1":null,"行業代號2":null,"名稱2":null,"行業代號3":null,"名稱3":null,"category":"夜市/市場攤販","id":10055768,"pay_list":"","pay_tool":""},{"index":88,"shop":"西港公有零售市場-81","zone":"雲嘉南","city":"臺南市","area":"西港區","market_address":"臺南市西港區慶安里26鄰慶安路59巷17號","user":"謝憲宜","行業代號":null,"market_name":"西港公有零售市場","行業代號1":null,"名稱1":null,"行業代號2":null,"名稱2":null,"行業代號3":null,"名稱3":null,"category":"夜市/市場攤販","id":10055771,"pay_list":"","pay_tool":""},{"index":89,"shop":"西港公有零售市場-82","zone":"雲嘉南","city":"臺南市","area":"西港區","market_address":"臺南市西港區慶安里26鄰慶安路59巷17號","user":"陳雅章","行業代號":null,"market_name":"西港公有零售市場","行業代號1":null,"名稱1":null,"行業代號2":null,"名稱2":null,"行業代號3":null,"名稱3":null,"category":"夜市/市場攤販","id":10055772,"pay_list":"","pay_tool":""},{"index":90,"shop":"西港公有零售市場-83","zone":"雲嘉南","city":"臺南市","area":"西港區","market_address":"臺南市西港區慶安里26鄰慶安路59巷17號","user":"陳泰霖","行業代號":null,"market_name":"西港公有零售市場","行業代號1":null,"名稱1":null,"行業代號2":null,"名稱2":null,"行業代號3":null,"名稱3":null,"category":"夜市/市場攤販","id":10055773,"pay_list":"","pay_tool":""},{"index":91,"shop":"西港公有零售市場-84","zone":"雲嘉南","city":"臺南市","area":"西港區","market_address":"臺南市西港區慶安里26鄰慶安路59巷17號","user":"陳品妤","行業代號":null,"market_name":"西港公有零售市場","行業代號1":null,"名稱1":null,"行業代號2":null,"名稱2":null,"行業代號3":null,"名稱3":null,"category":"夜市/市場攤販","id":10055774,"pay_list":"","pay_tool":""},{"index":92,"shop":"西港公有零售市場-85","zone":"雲嘉南","city":"臺南市","area":"西港區","market_address":"臺南市西港區慶安里26鄰慶安路59巷17號","user":"黃蔡春花","行業代號":null,"market_name":"西港公有零售市場","行業代號1":null,"名稱1":null,"行業代號2":null,"名稱2":null,"行業代號3":null,"名稱3":null,"category":"夜市/市場攤販","id":10055775,"pay_list":"","pay_tool":""},{"index":93,"shop":"後營公有零售市場-1","zone":"雲嘉南","city":"臺南市","area":"西港區","market_address":"臺南市西港區營西里1鄰後營9-2號","user":"許淑芬","行業代號":null,"market_name":"後營公有零售市場","行業代號1":null,"名稱1":null,"行業代號2":null,"名稱2":null,"行業代號3":null,"名稱3":null,"category":"夜市/市場攤販","id":10055776,"pay_list":"","pay_tool":""},{"index":94,"shop":"後營公有零售市場-2","zone":"雲嘉南","city":"臺南市","area":"西港區","market_address":"臺南市西港區營西里1鄰後營9-2號","user":"方進得","行業代號":null,"market_name":"後營公有零售市場","行業代號1":null,"名稱1":null,"行業代號2":null,"名稱2":null,"行業代號3":null,"名稱3":null,"category":"夜市/市場攤販","id":10055777,"pay_list":"","pay_tool":""},{"index":95,"shop":"後營公有零售市場-3","zone":"雲嘉南","city":"臺南市","area":"西港區","market_address":"臺南市西港區營西里1鄰後營9-2號","user":"林茂清","行業代號":null,"market_name":"後營公有零售市場","行業代號1":null,"名稱1":null,"行業代號2":null,"名稱2":null,"行業代號3":null,"名稱3":null,"category":"夜市/市場攤販","id":10055778,"pay_list":"","pay_tool":""},{"index":96,"shop":"後營公有零售市場-4","zone":"雲嘉南","city":"臺南市","area":"西港區","market_address":"臺南市西港區營西里1鄰後營9-2號","user":"黃金源","行業代號":null,"market_name":"後營公有零售市場","行業代號1":null,"名稱1":null,"行業代號2":null,"名稱2":null,"行業代號3":null,"名稱3":null,"category":"夜市/市場攤販","id":10055779,"pay_list":"","pay_tool":""},{"index":97,"shop":"後營公有零售市場-5","zone":"雲嘉南","city":"臺南市","area":"西港區","market_address":"臺南市西港區營西里1鄰後營9-2號","user":"陳永政","行業代號":null,"market_name":"後營公有零售市場","行業代號1":null,"名稱1":null,"行業代號2":null,"名稱2":null,"行業代號3":null,"名稱3":null,"category":"夜市/市場攤販","id":10055780,"pay_list":"","pay_tool":""},{"index":98,"shop":"後營公有零售市場-8","zone":"雲嘉南","city":"臺南市","area":"西港區","market_address":"臺南市西港區營西里1鄰後營9-2號","user":"徐黃秋月","行業代號":null,"market_name":"後營公有零售市場","行業代號1":null,"名稱1":null,"行業代號2":null,"名稱2":null,"行業代號3":null,"名稱3":null,"category":"夜市/市場攤販","id":10055782,"pay_list":"","pay_tool":""},{"index":99,"shop":"後營公有零售市場-9","zone":"雲嘉南","city":"臺南市","area":"西港區","market_address":"臺南市西港區營西里1鄰後營9-2號","user":"曾連從","行業代號":null,"market_name":"後營公有零售市場","行業代號1":null,"名稱1":null,"行業代號2":null,"名稱2":null,"行業代號3":null,"名稱3":null,"category":"夜市/市場攤販","id":10055783,"pay_list":"","pay_tool":""},{"index":100,"shop":"後營公有零售市場-10","zone":"雲嘉南","city":"臺南市","area":"西港區","market_address":"臺南市西港區營西里1鄰後營9-2號","user":"蔡智慧","行業代號":null,"market_name":"後營公有零售市場","行業代號1":null,"名稱1":null,"行業代號2":null,"名稱2":null,"行業代號3":null,"名稱3":null,"category":"夜市/市場攤販","id":10055784,"pay_list":"","pay_tool":""},{"index":101,"shop":"後營公有零售市場-11","zone":"雲嘉南","city":"臺南市","area":"西港區","market_address":"臺南市西港區營西里1鄰後營9-2號","user":"蔡志宏","行業代號":null,"market_name":"後營公有零售市場","行業代號1":null,"名稱1":null,"行業代號2":null,"名稱2":null,"行業代號3":null,"名稱3":null,"category":"夜市/市場攤販","id":10055785,"pay_list":"","pay_tool":""},{"index":102,"shop":"後營公有零售市場-12","zone":"雲嘉南","city":"臺南市","area":"西港區","market_address":"臺南市西港區營西里1鄰後營9-2號","user":"蔡福隆","行業代號":null,"market_name":"後營公有零售市場","行業代號1":null,"名稱1":null,"行業代號2":null,"名稱2":null,"行業代號3":null,"名稱3":null,"category":"夜市/市場攤販","id":10055786,"pay_list":"","pay_tool":""},{"index":103,"shop":"後營公有零售市場-13","zone":"雲嘉南","city":"臺南市","area":"西港區","market_address":"臺南市西港區營西里1鄰後營9-2號","user":"徐麗惠","行業代號":null,"market_name":"後營公有零售市場","行業代號1":null,"名稱1":null,"行業代號2":null,"名稱2":null,"行業代號3":null,"名稱3":null,"category":"夜市/市場攤販","id":10055787,"pay_list":"","pay_tool":""},{"index":104,"shop":"後營公有零售市場-14","zone":"雲嘉南","city":"臺南市","area":"西港區","market_address":"臺南市西港區營西里1鄰後營9-2號","user":"黃彥銘","行業代號":null,"market_name":"後營公有零售市場","行業代號1":null,"名稱1":null,"行業代號2":null,"名稱2":null,"行業代號3":null,"名稱3":null,"category":"夜市/市場攤販","id":10055788,"pay_list":"","pay_tool":""},{"index":105,"shop":"後營公有零售市場-15","zone":"雲嘉南","city":"臺南市","area":"西港區","market_address":"臺南市西港區營西里1鄰後營9-2號","user":"黃泉雄","行業代號":null,"market_name":"後營公有零售市場","行業代號1":null,"名稱1":null,"行業代號2":null,"名稱2":null,"行業代號3":null,"名稱3":null,"category":"夜市/市場攤販","id":10055789,"pay_list":"","pay_tool":""},{"index":106,"shop":"蒲記關東煮","zone":"雲嘉南","city":"臺南市","area":"西港區","market_address":"臺南市西港區慶安里新興街８－７７號正對面（西港中央公園）","user":"蒲俊龍","行業代號":null,"market_name":["餐食攤販"],"行業代號1":null,"名稱1":null,"行業代號2":null,"名稱2":null,"行業代號3":null,"名稱3":null,"category":["夜市/市場攤販"],"id":20053106,"pay_list":"","pay_tool":""},{"index":107,"shop":"時分珈琲","zone":"雲嘉南","city":"臺南市","area":"西港區","market_address":"臺南市西港區慶安里０３２鄰新興街８之１１１號１樓","user":"曾郁涵","行業代號":"563200","market_name":["調理飲料攤販"],"行業代號1":"","名稱1":"","行業代號2":"","名稱2":"","行業代號3":"","名稱3":"","category":["夜市/市場攤販"],"id":60111007,"pay_list":null,"pay_tool":null}]