[{"index":1,"id":30002806,"category":"夜市小吃/市場","city":"桃園市","area":"桃園區","market_name":"南門市場","market_address":"桃園市桃園區南昌東街1號","shop":"南門市場 陳月貴","pay_list":["台灣 PAY"],"zone":"桃竹苗","user":"陳月貴","pay_tool":["行動支付"]},{"index":2,"id":30002847,"category":"夜市小吃/市場","city":"桃園市","area":"桃園區","market_name":"南門市場","market_address":"桃園市桃園區南昌東街1號","shop":"南門市場 馬鈺芳","pay_list":["台灣 PAY"],"zone":"桃竹苗","user":"馬鈺芳","pay_tool":["行動支付"]},{"index":3,"id":30002857,"category":"夜市小吃/市場","city":"桃園市","area":"桃園區","market_name":"南門市場","market_address":"桃園市桃園區南昌東街1號","shop":"南門市場 張銀存","pay_list":["台灣 PAY"],"zone":"桃竹苗","user":"張銀存","pay_tool":["行動支付"]},{"index":4,"id":30002895,"category":"夜市小吃/市場","city":"桃園市","area":"桃園區","market_name":"南門綜合市場","market_address":"桃園市桃園區三民路3段317號","shop":"南門綜合市場 南昌22-7","pay_list":["台灣 PAY"],"zone":"桃竹苗","user":"高慈意","pay_tool":["行動支付"]},{"index":5,"id":30002909,"category":"夜市小吃/市場","city":"桃園市","area":"桃園區","market_name":"南門綜合市場","market_address":"桃園市桃園區三民路3段317號","shop":"南門綜合市場 317-90","pay_list":["台灣 PAY"],"zone":"桃竹苗","user":"林碧玉","pay_tool":["行動支付"]},{"index":6,"id":30002948,"category":"夜市小吃/市場","city":"桃園市","area":"桃園區","market_name":"南門綜合市場","market_address":"桃園市桃園區三民路3段317號","shop":"南門綜合市場 317-78","pay_list":["台灣 PAY"],"zone":"桃竹苗","user":"潘怡甄","pay_tool":["行動支付"]},{"index":7,"id":30074733,"category":"夜市小吃/市場","city":"桃園市","area":"桃園區","market_name":"大業黃昏市場","market_address":"桃園市桃園區大業路一段320號","shop":"大業黃昏市場 柴氏蔥油餅","pay_list":["台灣 PAY"],"zone":"桃竹苗","user":"吳週森","pay_tool":["行動支付"]},{"index":8,"id":30075003,"category":"夜市小吃/市場","city":"桃園市","area":"桃園區","market_name":"永和市場","market_address":"桃園市桃園區中正路270號","shop":"永和市場 黃良鴻","pay_list":["台灣 PAY"],"zone":"桃竹苗","user":"黃良鴻","pay_tool":["行動支付"]}]