[{"index":1,"shop":"鋒盈商行","zone":"北北基","city":"新北市","area":"三峽區","market_address":"新北市三峽區龍恩里１６鄰學成路２２９號","user":"林志榮","行業代號":"563200","market_name":["調理飲料攤販"],"行業代號1":"","名稱1":"","行業代號2":"","名稱2":"","行業代號3":"","名稱3":"","category":["夜市/市場攤販"],"id":60008653},{"index":2,"shop":"就是醬燒餐飲文化有限公司","zone":"北北基","city":"新北市","area":"三峽區","market_address":"新北市三峽區龍埔里國光街１０７號（１樓）","user":"陳冠羽","行業代號":"561200","market_name":["餐食攤販"],"行業代號1":"","名稱1":"","行業代號2":"","名稱2":"","行業代號3":"","名稱3":"","category":["夜市/市場攤販"],"id":60020518},{"index":3,"shop":"簡記麻辣大腸麵線","zone":"北北基","city":"新北市","area":"三峽區","market_address":"新北市三峽區永舘里文化路６５巷７―１號","user":"簡水村","行業代號":"561200","market_name":["餐食攤販"],"行業代號1":"","名稱1":"","行業代號2":"","名稱2":"","行業代號3":"","名稱3":"","category":["夜市/市場攤販"],"id":60048132},{"index":4,"shop":"三禾手打麵","zone":"北北基","city":"新北市","area":"三峽區","market_address":"新北市三峽區龍學里大德路１０９號","user":"管文萍","行業代號":"561200","market_name":["餐食攤販"],"行業代號1":"","名稱1":"","行業代號2":"","名稱2":"","行業代號3":"","名稱3":"","category":["夜市/市場攤販"],"id":60051835},{"index":5,"shop":"阿麟炸雞店","zone":"北北基","city":"新北市","area":"三峽區","market_address":"新北市三峽區鳶山里文化路２３６號（１樓）","user":"陳宣怡","行業代號":"561200","market_name":["餐食攤販"],"行業代號1":"","名稱1":"","行業代號2":"","名稱2":"","行業代號3":"","名稱3":"","category":["夜市/市場攤販"],"id":60098300},{"index":6,"shop":"太元商號","zone":"北北基","city":"新北市","area":"三峽區","market_address":"新北市三峽區龍恩里國學街８號","user":"陳建儒","行業代號":"563200","market_name":["調理飲料攤販"],"行業代號1":"","名稱1":"","行業代號2":"","名稱2":"","行業代號3":"","名稱3":"","category":["夜市/市場攤販"],"id":60117711},{"index":7,"shop":"游記麻辣大腸麵線","zone":"北北基","city":"新北市","area":"三峽區","market_address":"新北市三峽區八張里中園街２０之１號（１樓）","user":"游惟智","行業代號":"561200","market_name":["餐食攤販"],"行業代號1":"","名稱1":"","行業代號2":"","名稱2":"","行業代號3":"","名稱3":"","category":["夜市/市場攤販"],"id":60117805},{"index":8,"shop":"喫香茶行","zone":"北北基","city":"新北市","area":"三峽區","market_address":"新北市三峽區龍埔里復興路３６之８號","user":"邱詩凱","行業代號":"563200","market_name":["調理飲料攤販"],"行業代號1":"","名稱1":"","行業代號2":"","名稱2":"","行業代號3":"","名稱3":"","category":["夜市/市場攤販"],"id":60117820}]