[{"index":1,"id":20002279,"user":"曹慧珠","shop":"曹慧珠","category":["夜市/市場攤販","餐飲"],"zone":"中彰投","city":"彰化縣","area":"大村鄉","market_name":["餐食攤販","調理飲料攤販"],"market_address":"彰化縣大村鄉大村村３鄰茄苳路１段２７號","pay_list":"","pay_tool":""},{"index":2,"id":20003204,"user":"劉志中","shop":"阿六泰國小吃店","category":["夜市/市場攤販","餐飲"],"zone":"中彰投","city":"彰化縣","area":"大村鄉","market_name":["餐食攤販","調理飲料攤販"],"market_address":"彰化縣大村鄉村上村中山路２段１０５號","pay_list":"","pay_tool":""},{"index":3,"id":20003491,"user":"溫雅婷","shop":"溫雅婷","category":["夜市/市場攤販","餐飲"],"zone":"中彰投","city":"彰化縣","area":"大村鄉","market_name":["餐食攤販","調理飲料攤販"],"market_address":"彰化縣大村鄉大村村１鄰中正西路３４８號","pay_list":"","pay_tool":""},{"index":4,"id":20012943,"user":"黃淑娟","shop":"平和早餐店","category":["夜市/市場攤販","餐飲"],"zone":"中彰投","city":"彰化縣","area":"大村鄉","market_name":["餐食攤販","調理飲料攤販"],"market_address":"彰化縣大村鄉平和村山脚路１２６號","pay_list":"","pay_tool":""},{"index":5,"id":20013033,"user":"劉嘉慧","shop":"劉嘉慧","category":["夜市/市場攤販","餐飲"],"zone":"中彰投","city":"彰化縣","area":"大村鄉","market_name":["餐食攤販","調理飲料攤販"],"market_address":"彰化縣大村鄉黃厝村美港路３５５號前","pay_list":"","pay_tool":""},{"index":6,"id":20013034,"user":"劉正良","shop":"美食城早餐","category":["夜市/市場攤販","餐飲"],"zone":"中彰投","city":"彰化縣","area":"大村鄉","market_name":["餐食攤販","調理飲料攤販"],"market_address":"彰化縣大村鄉大村村３鄰茄苳路１段２３號","pay_list":"","pay_tool":""},{"index":7,"id":20013035,"user":"顧勗川","shop":"顧勗川","category":["夜市/市場攤販","餐飲"],"zone":"中彰投","city":"彰化縣","area":"大村鄉","market_name":["餐食攤販","調理飲料攤販"],"market_address":"彰化縣大村鄉福興村山腳路９１－３號","pay_list":"","pay_tool":""},{"index":8,"id":20013171,"user":"張志峯","shop":"嫈玥現炒小吃","category":["夜市/市場攤販","餐飲"],"zone":"中彰投","city":"彰化縣","area":"大村鄉","market_name":["餐食攤販","調理飲料攤販"],"market_address":"彰化縣大村鄉黃厝村山腳路５６號","pay_list":"","pay_tool":""},{"index":9,"id":20013814,"user":"呂晋升","shop":"美又美早餐","category":["夜市/市場攤販","餐飲"],"zone":"中彰投","city":"彰化縣","area":"大村鄉","market_name":["餐食攤販","調理飲料攤販"],"market_address":"彰化縣大村鄉黃厝村山腳路５６號","pay_list":"","pay_tool":""},{"index":10,"id":20013950,"user":"賴曉芳","shop":"味芳餐館","category":["夜市/市場攤販","餐飲"],"zone":"中彰投","city":"彰化縣","area":"大村鄉","market_name":["餐食攤販","調理飲料攤販"],"market_address":"彰化縣大村鄉福興村山腳路７５－２號","pay_list":"","pay_tool":""},{"index":11,"id":20013991,"user":"賴秀玉","shop":"三好蒸餃牛肉麵店","category":["夜市/市場攤販","餐飲"],"zone":"中彰投","city":"彰化縣","area":"大村鄉","market_name":["餐食攤販","調理飲料攤販"],"market_address":"彰化縣大村鄉美港村美港路３號","pay_list":"","pay_tool":""},{"index":12,"id":20014004,"user":"吳張素貞","shop":"吳張素貞","category":["夜市/市場攤販","餐飲"],"zone":"中彰投","city":"彰化縣","area":"大村鄉","market_name":["餐食攤販","調理飲料攤販"],"market_address":"彰化縣大村鄉大村村４鄰大溪路４０－８號","pay_list":"","pay_tool":""},{"index":13,"id":20014063,"user":"賴勝利","shop":"賴勝利","category":["夜市/市場攤販","餐飲"],"zone":"中彰投","city":"彰化縣","area":"大村鄉","market_name":["餐食攤販","調理飲料攤販"],"market_address":"彰化縣大村鄉大村村１鄰中正西路３５３號","pay_list":"","pay_tool":""},{"index":14,"id":20014648,"user":"李樹金","shop":"和興牛肉麵","category":["夜市/市場攤販"],"zone":"中彰投","city":"彰化縣","area":"大村鄉","market_name":["餐食攤販"],"market_address":"彰化縣大村鄉福興村００７鄰山腳路臨１０３－１２號","pay_list":"","pay_tool":""},{"index":15,"id":20014842,"user":"鄒豊利","shop":"漢堡大師大葉店","category":["夜市/市場攤販","餐飲"],"zone":"中彰投","city":"彰化縣","area":"大村鄉","market_name":["早餐店","調理飲料攤販"],"market_address":"彰化縣大村鄉福興村山腳路９０―９號","pay_list":"","pay_tool":""},{"index":16,"id":20026753,"user":"江湓","shop":"江湓","category":["夜市/市場攤販"],"zone":"中彰投","city":"彰化縣","area":"大村鄉","market_name":["餐食攤販"],"market_address":"彰化縣大村鄉黃厝村山腳路６２－４號","pay_list":"","pay_tool":""},{"index":17,"id":20034595,"user":"賴重銘","shop":"賴重銘","category":["夜市/市場攤販"],"zone":"中彰投","city":"彰化縣","area":"大村鄉","market_name":["餐食攤販"],"market_address":"彰化縣大村鄉大村村中正西路大仁路口","pay_list":"","pay_tool":""},{"index":18,"id":20061961,"user":"蔡文貴","shop":"拼粗飽小吃部","category":["夜市/市場攤販","餐飲"],"zone":"中彰投","city":"彰化縣","area":"大村鄉","market_name":["餐食攤販","調理飲料攤販"],"market_address":"彰化縣大村鄉村上村４鄰中正西路２９號","pay_list":"","pay_tool":""},{"index":19,"id":20061967,"user":"游淑絹","shop":"中林早點","category":["夜市/市場攤販","餐飲"],"zone":"中彰投","city":"彰化縣","area":"大村鄉","market_name":["餐食攤販","調理飲料攤販"],"market_address":"彰化縣大村鄉村上村４鄰中正西路２１號","pay_list":"","pay_tool":""}]