[{"index":1,"shop":"元長公有零售市場-信美百貨行","zone":"雲嘉南","city":"雲林縣","area":"元長鄉","market_address":"元中路36號","user":"陳建智","行業代號":null,"market_name":"元長公有零售市場","行業代號1":null,"名稱1":null,"行業代號2":null,"名稱2":null,"行業代號3":null,"名稱3":null,"category":"夜市/市場攤販","id":10003584,"pay_list":"","pay_tool":""},{"index":2,"shop":"元長公有零售市場-信美百貨行","zone":"雲嘉南","city":"雲林縣","area":"元長鄉","market_address":"元中路36號","user":"陳石盛","行業代號":null,"market_name":"元長公有零售市場","行業代號1":null,"名稱1":null,"行業代號2":null,"名稱2":null,"行業代號3":null,"名稱3":null,"category":"夜市/市場攤販","id":10003585,"pay_list":"","pay_tool":""},{"index":3,"shop":"元長公有零售市場-元興商行","zone":"雲嘉南","city":"雲林縣","area":"元長鄉","market_address":"元中路36號","user":"林坤河","行業代號":null,"market_name":"元長公有零售市場","行業代號1":null,"名稱1":null,"行業代號2":null,"名稱2":null,"行業代號3":null,"名稱3":null,"category":"夜市/市場攤販","id":10003586,"pay_list":"","pay_tool":""},{"index":4,"shop":"元長公有零售市場-阿美商店","zone":"雲嘉南","city":"雲林縣","area":"元長鄉","market_address":"元中路36號","user":"李吳玉晚","行業代號":null,"market_name":"元長公有零售市場","行業代號1":null,"名稱1":null,"行業代號2":null,"名稱2":null,"行業代號3":null,"名稱3":null,"category":"夜市/市場攤販","id":10003587,"pay_list":"","pay_tool":""},{"index":5,"shop":"元長公有零售市場-添祥商行","zone":"雲嘉南","city":"雲林縣","area":"元長鄉","market_address":"元中路36號","user":"蔡東榮","行業代號":null,"market_name":"元長公有零售市場","行業代號1":null,"名稱1":null,"行業代號2":null,"名稱2":null,"行業代號3":null,"名稱3":null,"category":"夜市/市場攤販","id":10003588,"pay_list":"","pay_tool":""},{"index":6,"shop":"元長公有零售市場-添祥商行","zone":"雲嘉南","city":"雲林縣","area":"元長鄉","market_address":"元中路36號","user":"蔡啟祥","行業代號":null,"market_name":"元長公有零售市場","行業代號1":null,"名稱1":null,"行業代號2":null,"名稱2":null,"行業代號3":null,"名稱3":null,"category":"夜市/市場攤販","id":10003589,"pay_list":"","pay_tool":""},{"index":7,"shop":"元長公有零售市場-金元利五金行","zone":"雲嘉南","city":"雲林縣","area":"元長鄉","market_address":"元中路36號","user":"吳建德","行業代號":null,"market_name":"元長公有零售市場","行業代號1":null,"名稱1":null,"行業代號2":null,"名稱2":null,"行業代號3":null,"名稱3":null,"category":"夜市/市場攤販","id":10003590,"pay_list":"","pay_tool":""},{"index":8,"shop":"元長公有零售市場-東亞光學眼鏡","zone":"雲嘉南","city":"雲林縣","area":"元長鄉","market_address":"元中路36號","user":"陳央央","行業代號":null,"market_name":"元長公有零售市場","行業代號1":null,"名稱1":null,"行業代號2":null,"名稱2":null,"行業代號3":null,"名稱3":null,"category":"夜市/市場攤販","id":10003592,"pay_list":"","pay_tool":""},{"index":9,"shop":"元長公有零售市場-肉骨茶小吃","zone":"雲嘉南","city":"雲林縣","area":"元長鄉","market_address":"元中路36號","user":"吳岳曄","行業代號":null,"market_name":"元長公有零售市場","行業代號1":null,"名稱1":null,"行業代號2":null,"名稱2":null,"行業代號3":null,"名稱3":null,"category":"夜市/市場攤販","id":10003593,"pay_list":"","pay_tool":""},{"index":10,"shop":"元長公有零售市場-黏土手作教室","zone":"雲嘉南","city":"雲林縣","area":"元長鄉","market_address":"元中路36號","user":"李明雄","行業代號":null,"market_name":"元長公有零售市場","行業代號1":null,"名稱1":null,"行業代號2":null,"名稱2":null,"行業代號3":null,"名稱3":null,"category":"夜市/市場攤販","id":10003594,"pay_list":"","pay_tool":""},{"index":11,"shop":"元長公有零售市場-黏土手作教室","zone":"雲嘉南","city":"雲林縣","area":"元長鄉","market_address":"元中路36號","user":"李朋璋","行業代號":null,"market_name":"元長公有零售市場","行業代號1":null,"名稱1":null,"行業代號2":null,"名稱2":null,"行業代號3":null,"名稱3":null,"category":"夜市/市場攤販","id":10003595,"pay_list":"","pay_tool":""},{"index":12,"shop":"元長公有零售市場-阿發餛飩麵","zone":"雲嘉南","city":"雲林縣","area":"元長鄉","market_address":"元中路36號","user":"李麗香","行業代號":null,"market_name":"元長公有零售市場","行業代號1":null,"名稱1":null,"行業代號2":null,"名稱2":null,"行業代號3":null,"名稱3":null,"category":"夜市/市場攤販","id":10003596,"pay_list":"","pay_tool":""},{"index":13,"shop":"元長公有零售市場-昆明早餐店","zone":"雲嘉南","city":"雲林縣","area":"元長鄉","market_address":"元中路36號","user":"施蔡阿霞","行業代號":null,"market_name":"元長公有零售市場","行業代號1":null,"名稱1":null,"行業代號2":null,"名稱2":null,"行業代號3":null,"名稱3":null,"category":"夜市/市場攤販","id":10003597,"pay_list":"","pay_tool":""},{"index":14,"shop":"元長公有零售市場-永光照像館","zone":"雲嘉南","city":"雲林縣","area":"元長鄉","market_address":"元中路36號","user":"李銘泉","行業代號":null,"market_name":"元長公有零售市場","行業代號1":null,"名稱1":null,"行業代號2":null,"名稱2":null,"行業代號3":null,"名稱3":null,"category":"夜市/市場攤販","id":10003598,"pay_list":"","pay_tool":""},{"index":15,"shop":"元長公有零售市場-佳蓉號","zone":"雲嘉南","city":"雲林縣","area":"元長鄉","market_address":"元中路36號","user":"李佳蓉","行業代號":null,"market_name":"元長公有零售市場","行業代號1":null,"名稱1":null,"行業代號2":null,"名稱2":null,"行業代號3":null,"名稱3":null,"category":"夜市/市場攤販","id":10003599,"pay_list":"","pay_tool":""},{"index":16,"shop":"元長公有零售市場-新長發米店","zone":"雲嘉南","city":"雲林縣","area":"元長鄉","market_address":"元中路36號","user":"吳錦昌","行業代號":null,"market_name":"元長公有零售市場","行業代號1":null,"名稱1":null,"行業代號2":null,"名稱2":null,"行業代號3":null,"名稱3":null,"category":"夜市/市場攤販","id":10003600,"pay_list":"","pay_tool":""},{"index":17,"shop":"元長公有零售市場-永松早餐店","zone":"雲嘉南","city":"雲林縣","area":"元長鄉","market_address":"元中路36號","user":"王永松","行業代號":null,"market_name":"元長公有零售市場","行業代號1":null,"名稱1":null,"行業代號2":null,"名稱2":null,"行業代號3":null,"名稱3":null,"category":"夜市/市場攤販","id":10003601,"pay_list":"","pay_tool":""},{"index":18,"shop":"元長公有零售市場-棉被號","zone":"雲嘉南","city":"雲林縣","area":"元長鄉","market_address":"元中路36號","user":"吳榮周","行業代號":null,"market_name":"元長公有零售市場","行業代號1":null,"名稱1":null,"行業代號2":null,"名稱2":null,"行業代號3":null,"名稱3":null,"category":"夜市/市場攤販","id":10003603,"pay_list":"","pay_tool":""},{"index":19,"shop":"元長公有零售市場-正元藥房","zone":"雲嘉南","city":"雲林縣","area":"元長鄉","market_address":"元中路36號","user":"蔡玉玲","行業代號":null,"market_name":"元長公有零售市場","行業代號1":null,"名稱1":null,"行業代號2":null,"名稱2":null,"行業代號3":null,"名稱3":null,"category":"夜市/市場攤販","id":10003604,"pay_list":"","pay_tool":""},{"index":20,"shop":"元長公有零售市場-啟元商行","zone":"雲嘉南","city":"雲林縣","area":"元長鄉","market_address":"元中路36號","user":"莫啟夏","行業代號":null,"market_name":"元長公有零售市場","行業代號1":null,"名稱1":null,"行業代號2":null,"名稱2":null,"行業代號3":null,"名稱3":null,"category":"夜市/市場攤販","id":10003605,"pay_list":"","pay_tool":""},{"index":21,"shop":"元長公有零售市場-永祥號","zone":"雲嘉南","city":"雲林縣","area":"元長鄉","market_address":"元中路36號","user":"陳永祥","行業代號":null,"market_name":"元長公有零售市場","行業代號1":null,"名稱1":null,"行業代號2":null,"名稱2":null,"行業代號3":null,"名稱3":null,"category":"夜市/市場攤販","id":10003606,"pay_list":"","pay_tool":""},{"index":22,"shop":"元長公有零售市場-台灣眼視光中心","zone":"雲嘉南","city":"雲林縣","area":"元長鄉","market_address":"元中路36號","user":"吳杰霖","行業代號":null,"market_name":"元長公有零售市場","行業代號1":null,"名稱1":null,"行業代號2":null,"名稱2":null,"行業代號3":null,"名稱3":null,"category":"夜市/市場攤販","id":10003607,"pay_list":"","pay_tool":""},{"index":23,"shop":"吳張碧雪","zone":"雲嘉南","city":"雲林縣","area":"元長鄉","market_address":"雲林縣元長鄉下寮村東興路３６７號","user":"吳張碧雪","行業代號":null,"market_name":["餐食攤販"],"行業代號1":null,"名稱1":null,"行業代號2":null,"名稱2":null,"行業代號3":null,"名稱3":null,"category":["夜市/市場攤販"],"id":20018917,"pay_list":"","pay_tool":""},{"index":24,"shop":"高王心愛","zone":"雲嘉南","city":"雲林縣","area":"元長鄉","market_address":"雲林縣元長鄉長南村中山路２２―１７號前面","user":"高王心愛","行業代號":null,"market_name":["調理飲料攤販"],"行業代號1":null,"名稱1":null,"行業代號2":null,"名稱2":null,"行業代號3":null,"名稱3":null,"category":["夜市/市場攤販"],"id":20026840,"pay_list":"","pay_tool":""},{"index":25,"shop":"我家歐式炸雞","zone":"雲嘉南","city":"雲林縣","area":"元長鄉","market_address":"雲林縣元長鄉長南村００７鄰中山路４４―４號","user":"吳嘉晏","行業代號":"561200","market_name":["餐食攤販"],"行業代號1":"","名稱1":"","行業代號2":"","名稱2":"","行業代號3":"","名稱3":"","category":["夜市/市場攤販"],"id":60071200,"pay_list":null,"pay_tool":null}]