[{"index":1,"id":10062530,"user":"邱隆雄","shop":"頭城公有零售市場-1","category":"夜市/市場攤販","zone":"宜蘭","city":"宜蘭縣","area":"頭城鎮","market_name":"頭城公有零售市場","market_address":"宜蘭縣頭城鎮鎮開路149號","pay_list":"","pay_tool":"","行業代號":null,"行業代號1":null,"名稱1":null,"行業代號2":null,"名稱2":null,"行業代號3":null,"名稱3":null},{"index":2,"id":10062541,"user":"林艷玉","shop":"頭城公有零售市場-2","category":"夜市/市場攤販","zone":"宜蘭","city":"宜蘭縣","area":"頭城鎮","market_name":"頭城公有零售市場","market_address":"宜蘭縣頭城鎮鎮開路149號","pay_list":"","pay_tool":"","行業代號":null,"行業代號1":null,"名稱1":null,"行業代號2":null,"名稱2":null,"行業代號3":null,"名稱3":null},{"index":3,"id":10062553,"user":"蕭美鳳","shop":"頭城公有零售市場-3","category":"夜市/市場攤販","zone":"宜蘭","city":"宜蘭縣","area":"頭城鎮","market_name":"頭城公有零售市場","market_address":"宜蘭縣頭城鎮鎮開路149號","pay_list":"","pay_tool":"","行業代號":null,"行業代號1":null,"名稱1":null,"行業代號2":null,"名稱2":null,"行業代號3":null,"名稱3":null},{"index":4,"id":10062564,"user":"吳連財","shop":"頭城公有零售市場-4","category":"夜市/市場攤販","zone":"宜蘭","city":"宜蘭縣","area":"頭城鎮","market_name":"頭城公有零售市場","market_address":"宜蘭縣頭城鎮鎮開路149號","pay_list":"","pay_tool":"","行業代號":null,"行業代號1":null,"名稱1":null,"行業代號2":null,"名稱2":null,"行業代號3":null,"名稱3":null},{"index":5,"id":10062575,"user":"陳美英","shop":"頭城公有零售市場-5","category":"夜市/市場攤販","zone":"宜蘭","city":"宜蘭縣","area":"頭城鎮","market_name":"頭城公有零售市場","market_address":"宜蘭縣頭城鎮鎮開路149號","pay_list":"","pay_tool":"","行業代號":null,"行業代號1":null,"名稱1":null,"行業代號2":null,"名稱2":null,"行業代號3":null,"名稱3":null},{"index":6,"id":10062586,"user":"吳川明","shop":"頭城公有零售市場-6","category":"夜市/市場攤販","zone":"宜蘭","city":"宜蘭縣","area":"頭城鎮","market_name":"頭城公有零售市場","market_address":"宜蘭縣頭城鎮鎮開路149號","pay_list":"","pay_tool":"","行業代號":null,"行業代號1":null,"名稱1":null,"行業代號2":null,"名稱2":null,"行業代號3":null,"名稱3":null},{"index":7,"id":10062597,"user":"陳家秀","shop":"頭城公有零售市場-7","category":"夜市/市場攤販","zone":"宜蘭","city":"宜蘭縣","area":"頭城鎮","market_name":"頭城公有零售市場","market_address":"宜蘭縣頭城鎮鎮開路149號","pay_list":"","pay_tool":"","行業代號":null,"行業代號1":null,"名稱1":null,"行業代號2":null,"名稱2":null,"行業代號3":null,"名稱3":null},{"index":8,"id":10062608,"user":"陳秀珠","shop":"頭城公有零售市場-8","category":"夜市/市場攤販","zone":"宜蘭","city":"宜蘭縣","area":"頭城鎮","market_name":"頭城公有零售市場","market_address":"宜蘭縣頭城鎮鎮開路149號","pay_list":"","pay_tool":"","行業代號":null,"行業代號1":null,"名稱1":null,"行業代號2":null,"名稱2":null,"行業代號3":null,"名稱3":null},{"index":9,"id":10062619,"user":"鄭張完","shop":"頭城公有零售市場-9","category":"夜市/市場攤販","zone":"宜蘭","city":"宜蘭縣","area":"頭城鎮","market_name":"頭城公有零售市場","market_address":"宜蘭縣頭城鎮鎮開路149號","pay_list":"","pay_tool":"","行業代號":null,"行業代號1":null,"名稱1":null,"行業代號2":null,"名稱2":null,"行業代號3":null,"名稱3":null},{"index":10,"id":10062630,"user":"林謝秀蘭","shop":"頭城公有零售市場-10","category":"夜市/市場攤販","zone":"宜蘭","city":"宜蘭縣","area":"頭城鎮","market_name":"頭城公有零售市場","market_address":"宜蘭縣頭城鎮鎮開路149號","pay_list":"","pay_tool":"","行業代號":null,"行業代號1":null,"名稱1":null,"行業代號2":null,"名稱2":null,"行業代號3":null,"名稱3":null},{"index":11,"id":10062641,"user":"吳陳月里","shop":"頭城公有零售市場-11","category":"夜市/市場攤販","zone":"宜蘭","city":"宜蘭縣","area":"頭城鎮","market_name":"頭城公有零售市場","market_address":"宜蘭縣頭城鎮鎮開路149號","pay_list":"","pay_tool":"","行業代號":null,"行業代號1":null,"名稱1":null,"行業代號2":null,"名稱2":null,"行業代號3":null,"名稱3":null},{"index":12,"id":10062652,"user":"李素秋","shop":"頭城公有零售市場-12","category":"夜市/市場攤販","zone":"宜蘭","city":"宜蘭縣","area":"頭城鎮","market_name":"頭城公有零售市場","market_address":"宜蘭縣頭城鎮鎮開路149號","pay_list":"","pay_tool":"","行業代號":null,"行業代號1":null,"名稱1":null,"行業代號2":null,"名稱2":null,"行業代號3":null,"名稱3":null},{"index":13,"id":10062664,"user":"黎氏歡","shop":"頭城公有零售市場-13","category":"夜市/市場攤販","zone":"宜蘭","city":"宜蘭縣","area":"頭城鎮","market_name":"頭城公有零售市場","market_address":"宜蘭縣頭城鎮鎮開路149號","pay_list":"","pay_tool":"","行業代號":null,"行業代號1":null,"名稱1":null,"行業代號2":null,"名稱2":null,"行業代號3":null,"名稱3":null},{"index":14,"id":10062675,"user":"吳美惠","shop":"頭城公有零售市場-14","category":"夜市/市場攤販","zone":"宜蘭","city":"宜蘭縣","area":"頭城鎮","market_name":"頭城公有零售市場","market_address":"宜蘭縣頭城鎮鎮開路149號","pay_list":"","pay_tool":"","行業代號":null,"行業代號1":null,"名稱1":null,"行業代號2":null,"名稱2":null,"行業代號3":null,"名稱3":null},{"index":15,"id":10062686,"user":"林戴阿甘","shop":"頭城公有零售市場-15","category":"夜市/市場攤販","zone":"宜蘭","city":"宜蘭縣","area":"頭城鎮","market_name":"頭城公有零售市場","market_address":"宜蘭縣頭城鎮鎮開路149號","pay_list":"","pay_tool":"","行業代號":null,"行業代號1":null,"名稱1":null,"行業代號2":null,"名稱2":null,"行業代號3":null,"名稱3":null},{"index":16,"id":10062697,"user":"吳再添","shop":"頭城公有零售市場-16","category":"夜市/市場攤販","zone":"宜蘭","city":"宜蘭縣","area":"頭城鎮","market_name":"頭城公有零售市場","market_address":"宜蘭縣頭城鎮鎮開路149號","pay_list":"","pay_tool":"","行業代號":null,"行業代號1":null,"名稱1":null,"行業代號2":null,"名稱2":null,"行業代號3":null,"名稱3":null},{"index":17,"id":10062708,"user":"吳宜晏","shop":"頭城公有零售市場-17","category":"夜市/市場攤販","zone":"宜蘭","city":"宜蘭縣","area":"頭城鎮","market_name":"頭城公有零售市場","market_address":"宜蘭縣頭城鎮鎮開路149號","pay_list":"","pay_tool":"","行業代號":null,"行業代號1":null,"名稱1":null,"行業代號2":null,"名稱2":null,"行業代號3":null,"名稱3":null},{"index":18,"id":10062719,"user":"余林束卿","shop":"頭城公有零售市場-18","category":"夜市/市場攤販","zone":"宜蘭","city":"宜蘭縣","area":"頭城鎮","market_name":"頭城公有零售市場","market_address":"宜蘭縣頭城鎮鎮開路149號","pay_list":"","pay_tool":"","行業代號":null,"行業代號1":null,"名稱1":null,"行業代號2":null,"名稱2":null,"行業代號3":null,"名稱3":null},{"index":19,"id":10062730,"user":"盧錫坤","shop":"頭城公有零售市場-19","category":"夜市/市場攤販","zone":"宜蘭","city":"宜蘭縣","area":"頭城鎮","market_name":"頭城公有零售市場","market_address":"宜蘭縣頭城鎮鎮開路149號","pay_list":"","pay_tool":"","行業代號":null,"行業代號1":null,"名稱1":null,"行業代號2":null,"名稱2":null,"行業代號3":null,"名稱3":null},{"index":20,"id":10062741,"user":"呂陳秀英","shop":"頭城公有零售市場-20","category":"夜市/市場攤販","zone":"宜蘭","city":"宜蘭縣","area":"頭城鎮","market_name":"頭城公有零售市場","market_address":"宜蘭縣頭城鎮鎮開路149號","pay_list":"","pay_tool":"","行業代號":null,"行業代號1":null,"名稱1":null,"行業代號2":null,"名稱2":null,"行業代號3":null,"名稱3":null},{"index":21,"id":10062752,"user":"陳明昌","shop":"頭城公有零售市場-21","category":"夜市/市場攤販","zone":"宜蘭","city":"宜蘭縣","area":"頭城鎮","market_name":"頭城公有零售市場","market_address":"宜蘭縣頭城鎮鎮開路149號","pay_list":"","pay_tool":"","行業代號":null,"行業代號1":null,"名稱1":null,"行業代號2":null,"名稱2":null,"行業代號3":null,"名稱3":null},{"index":22,"id":10062763,"user":"吳宏男","shop":"頭城公有零售市場-22","category":"夜市/市場攤販","zone":"宜蘭","city":"宜蘭縣","area":"頭城鎮","market_name":"頭城公有零售市場","market_address":"宜蘭縣頭城鎮鎮開路149號","pay_list":"","pay_tool":"","行業代號":null,"行業代號1":null,"名稱1":null,"行業代號2":null,"名稱2":null,"行業代號3":null,"名稱3":null},{"index":23,"id":10062775,"user":"吳游戀","shop":"頭城公有零售市場-23","category":"夜市/市場攤販","zone":"宜蘭","city":"宜蘭縣","area":"頭城鎮","market_name":"頭城公有零售市場","market_address":"宜蘭縣頭城鎮鎮開路149號","pay_list":"","pay_tool":"","行業代號":null,"行業代號1":null,"名稱1":null,"行業代號2":null,"名稱2":null,"行業代號3":null,"名稱3":null},{"index":24,"id":10062786,"user":"吳宏男","shop":"頭城公有零售市場-24","category":"夜市/市場攤販","zone":"宜蘭","city":"宜蘭縣","area":"頭城鎮","market_name":"頭城公有零售市場","market_address":"宜蘭縣頭城鎮鎮開路149號","pay_list":"","pay_tool":"","行業代號":null,"行業代號1":null,"名稱1":null,"行業代號2":null,"名稱2":null,"行業代號3":null,"名稱3":null},{"index":25,"id":10062797,"user":"簡林麗雲","shop":"頭城公有零售市場-25","category":"夜市/市場攤販","zone":"宜蘭","city":"宜蘭縣","area":"頭城鎮","market_name":"頭城公有零售市場","market_address":"宜蘭縣頭城鎮鎮開路149號","pay_list":"","pay_tool":"","行業代號":null,"行業代號1":null,"名稱1":null,"行業代號2":null,"名稱2":null,"行業代號3":null,"名稱3":null},{"index":26,"id":10062808,"user":"陳寶玲","shop":"頭城公有零售市場-26","category":"夜市/市場攤販","zone":"宜蘭","city":"宜蘭縣","area":"頭城鎮","market_name":"頭城公有零售市場","market_address":"宜蘭縣頭城鎮鎮開路149號","pay_list":"","pay_tool":"","行業代號":null,"行業代號1":null,"名稱1":null,"行業代號2":null,"名稱2":null,"行業代號3":null,"名稱3":null},{"index":27,"id":10062819,"user":"楊戴秀菊","shop":"頭城公有零售市場-27","category":"夜市/市場攤販","zone":"宜蘭","city":"宜蘭縣","area":"頭城鎮","market_name":"頭城公有零售市場","market_address":"宜蘭縣頭城鎮鎮開路149號","pay_list":"","pay_tool":"","行業代號":null,"行業代號1":null,"名稱1":null,"行業代號2":null,"名稱2":null,"行業代號3":null,"名稱3":null},{"index":28,"id":20004032,"user":"林美秀","shop":"家家福炸雞店","category":["夜市/市場攤販"],"zone":"宜蘭","city":"宜蘭縣","area":"頭城鎮","market_name":["餐食攤販"],"market_address":"宜蘭縣頭城鎮沙成路７３－１號","pay_list":"","pay_tool":"","行業代號":null,"行業代號1":null,"名稱1":null,"行業代號2":null,"名稱2":null,"行業代號3":null,"名稱3":null},{"index":29,"id":20020937,"user":"戴書青","shop":"頭城第一家塩酥雞","category":["夜市/市場攤販"],"zone":"宜蘭","city":"宜蘭縣","area":"頭城鎮","market_name":["餐食攤販"],"market_address":"宜蘭縣頭城鎮城北里００３鄰民鋒路１―３號１樓","pay_list":["街口支付","LINE PAY MONEY"],"pay_tool":["行動支付"],"行業代號":null,"行業代號1":null,"名稱1":null,"行業代號2":null,"名稱2":null,"行業代號3":null,"名稱3":null},{"index":30,"id":20044502,"user":"黃戴美","shop":"黃戴美攤販","category":["夜市/市場攤販"],"zone":"宜蘭","city":"宜蘭縣","area":"頭城鎮","market_name":["餐食攤販"],"market_address":"宜蘭縣頭城鎮開蘭舊路１９號","pay_list":"","pay_tool":"","行業代號":null,"行業代號1":null,"名稱1":null,"行業代號2":null,"名稱2":null,"行業代號3":null,"名稱3":null},{"index":31,"id":20044503,"user":"江牡丹","shop":"攤販江牡丹號","category":["夜市/市場攤販"],"zone":"宜蘭","city":"宜蘭縣","area":"頭城鎮","market_name":["餐食攤販"],"market_address":"宜蘭縣頭城鎮更新路２１６號","pay_list":"","pay_tool":"","行業代號":null,"行業代號1":null,"名稱1":null,"行業代號2":null,"名稱2":null,"行業代號3":null,"名稱3":null},{"index":32,"id":20044504,"user":"黃阿青","shop":"攤販黃阿青號","category":["夜市/市場攤販"],"zone":"宜蘭","city":"宜蘭縣","area":"頭城鎮","market_name":["餐食攤販"],"market_address":"宜蘭縣頭城鎮更新里９０號","pay_list":"","pay_tool":"","行業代號":null,"行業代號1":null,"名稱1":null,"行業代號2":null,"名稱2":null,"行業代號3":null,"名稱3":null},{"index":33,"id":20044505,"user":"吳進芳","shop":"攤販吳進芳號","category":["夜市/市場攤販"],"zone":"宜蘭","city":"宜蘭縣","area":"頭城鎮","market_name":["餐食攤販"],"market_address":"宜蘭縣頭城鎮石城路１１７之１號","pay_list":"","pay_tool":"","行業代號":null,"行業代號1":null,"名稱1":null,"行業代號2":null,"名稱2":null,"行業代號3":null,"名稱3":null},{"index":34,"id":20055142,"user":"柳金枝","shop":"珍湘碳烤","category":["夜市/市場攤販"],"zone":"宜蘭","city":"宜蘭縣","area":"頭城鎮","market_name":["餐食攤販"],"market_address":"宜蘭縣頭城鎮民鋒路７８－４號","pay_list":"","pay_tool":"","行業代號":null,"行業代號1":null,"名稱1":null,"行業代號2":null,"名稱2":null,"行業代號3":null,"名稱3":null},{"index":35,"id":60105282,"user":"吳睿安","shop":"晨晞早午餐","category":["夜市/市場攤販"],"zone":"宜蘭","city":"宜蘭縣","area":"頭城鎮","market_name":["餐食攤販"],"market_address":"宜蘭縣頭城鎮新建里新興路１９９號２樓","pay_list":null,"pay_tool":null,"行業代號":"561200","行業代號1":"","名稱1":"","行業代號2":"","名稱2":"","行業代號3":"","名稱3":""},{"index":36,"id":60115801,"user":"鄭日為","shop":"日為工作室","category":["夜市/市場攤販"],"zone":"宜蘭","city":"宜蘭縣","area":"頭城鎮","market_name":["未分類其他食品、飲料及菸草製品零售","飲料零售","茶葉零售","餐食攤販"],"market_address":"宜蘭縣頭城鎮武營里青雲路三段３８７巷１－１號","pay_list":null,"pay_tool":null,"行業代號":"561200","行業代號1":"472914","名稱1":"飲料零售","行業代號2":"472999","名稱2":"未分類其他食品、飲料及菸草製品零售","行業代號3":"472915","名稱3":"茶葉零售"}]