[{"index":1,"shop":"弘記食品行","zone":"北北基","city":"基隆市","area":"七堵區","market_address":"基隆市七堵區南興路９８號","user":"程志坤","行業代號":"561113","market_name":["麵店、小吃店","調理飲料攤販"],"行業代號1":"563200","名稱1":"調理飲料攤販","行業代號2":"","名稱2":"","行業代號3":"","名稱3":"","category":["餐飲","夜市/市場攤販"],"id":60036259},{"index":2,"shop":"永富雞排店","zone":"北北基","city":"基隆市","area":"七堵區","market_address":"基隆市七堵區永平里永富路１４８號１樓","user":"鄒欣文","行業代號":"561200","market_name":["餐食攤販"],"行業代號1":"","名稱1":"","行業代號2":"","名稱2":"","行業代號3":"","名稱3":"","category":["夜市/市場攤販"],"id":60083925}]