[{"index":1,"id":30000030,"category":"夜市小吃/市場","city":"基隆市","area":"仁愛區","market_name":"博愛公有零售市場","market_address":"基隆市愛三路21號2樓","shop":"博愛公有零售市場 A11","pay_list":["台灣 PAY"],"zone":"北北基","user":"張君婷","pay_tool":["行動支付"]},{"index":2,"id":30000044,"category":"夜市小吃/市場","city":"基隆市","area":"仁愛區","market_name":"博愛公有零售市場","market_address":"基隆市愛三路21號2樓","shop":"博愛公有零售市場 B15","pay_list":["街口支付","LINE Pay Money"],"zone":"北北基","user":"廖桂枝","pay_tool":["行動支付"]},{"index":3,"id":30000244,"category":"夜市小吃/市場","city":"基隆市","area":"仁愛區","market_name":"愛四路夜市","market_address":"愛四路(仁一路至仁三路之間)","shop":"愛四路夜市 襪爸爸","pay_list":["台灣 PAY"],"zone":"北北基","user":"尤濬智","pay_tool":["行動支付"]},{"index":4,"id":30000245,"category":"夜市小吃/市場","city":"基隆市","area":"仁愛區","market_name":"愛四路夜市","market_address":"愛四路(仁一路至仁三路之間)","shop":"愛四路夜市 熊熊可麗餅","pay_list":["街口支付","台灣 PAY"],"zone":"北北基","user":"李煒","pay_tool":["行動支付"]},{"index":5,"id":30000251,"category":"夜市小吃/市場","city":"基隆市","area":"仁愛區","market_name":"愛四路夜市","market_address":"愛四路(仁一路至仁三路之間)","shop":"愛四路夜市 金順傘鞋","pay_list":["台灣 PAY"],"zone":"北北基","user":"張金順","pay_tool":["行動支付"]},{"index":6,"id":30000254,"category":"夜市小吃/市場","city":"基隆市","area":"仁愛區","market_name":"愛四路夜市","market_address":"愛四路(仁一路至仁三路之間)","shop":"愛四路夜市 聚爐益胡椒餅","pay_list":["台灣 PAY","街口支付","LINE Pay Money"],"zone":"北北基","user":"賴楊美珠","pay_tool":["行動支付"]},{"index":7,"id":30000258,"category":"夜市小吃/市場","city":"基隆市","area":"仁愛區","market_name":"愛四路夜市","market_address":"愛四路(仁一路至仁三路之間)","shop":"愛四路夜市 施德洛精油","pay_list":["台灣 PAY"],"zone":"北北基","user":"袁鄒足妹","pay_tool":["行動支付"]},{"index":8,"id":30000265,"category":"夜市小吃/市場","city":"基隆市","area":"仁愛區","market_name":"愛四路夜市","market_address":"愛四路(仁一路至仁三路之間)","shop":"愛四路夜市 小狀元雞蛋糕","pay_list":["街口支付","台灣 PAY"],"zone":"北北基","user":"駱秉謙","pay_tool":["行動支付"]},{"index":9,"id":30000268,"category":"夜市小吃/市場","city":"基隆市","area":"仁愛區","market_name":"愛四路夜市","market_address":"愛四路(仁一路至仁三路之間)","shop":"愛四路夜市 ㄒ＆Ｌ精品服飾","pay_list":["街口支付","台灣 PAY"],"zone":"北北基","user":"林文昌","pay_tool":["行動支付"]},{"index":10,"id":30000270,"category":"夜市小吃/市場","city":"基隆市","area":"仁愛區","market_name":"愛四路夜市","market_address":"愛四路(仁一路至仁三路之間)","shop":"愛四路夜市 杰哥3C","pay_list":["台灣 PAY"],"zone":"北北基","user":"蔡誼真","pay_tool":["行動支付"]},{"index":11,"id":30000692,"category":"夜市小吃/市場","city":"基隆市","area":"仁愛區","market_name":"博愛公有零售市場","market_address":"基隆市愛三路21號2樓","shop":"博愛公有零售市場 B7","pay_list":["街口支付","LINE Pay Money"],"zone":"北北基","user":"何清水","pay_tool":["行動支付"]},{"index":12,"id":30001336,"category":"夜市小吃/市場","city":"基隆市","area":"仁愛區","market_name":"博愛公有零售市場","market_address":"基隆市愛三路21號2樓","shop":"博愛公有零售市場 B16","pay_list":["街口支付","LINE Pay Money"],"zone":"北北基","user":"劉建承","pay_tool":["行動支付"]},{"index":13,"id":30001988,"category":"夜市小吃/市場","city":"基隆市","area":"仁愛區","market_name":"博愛公有零售市場","market_address":"基隆市愛三路21號2樓","shop":"博愛公有零售市場 B56","pay_list":["街口支付","LINE Pay Money"],"zone":"北北基","user":"曾婉閒","pay_tool":["行動支付"]},{"index":14,"id":30010981,"category":"夜市小吃/市場","city":"基隆市","area":"仁愛區","market_name":"博愛公有零售市場","market_address":"基隆市愛三路21號2樓","shop":"博愛公有零售市場 B46","pay_list":["街口支付","LINE Pay Money"],"zone":"北北基","user":"蔡淳瀅","pay_tool":["行動支付"]},{"index":15,"id":30010982,"category":"夜市小吃/市場","city":"基隆市","area":"仁愛區","market_name":"博愛公有零售市場","market_address":"基隆市愛三路21號2樓","shop":"博愛公有零售市場 B47","pay_list":["街口支付","LINE Pay Money"],"zone":"北北基","user":"呂秋玲","pay_tool":["行動支付"]},{"index":16,"id":30010994,"category":"夜市小吃/市場","city":"基隆市","area":"仁愛區","market_name":"博愛公有零售市場","market_address":"基隆市愛三路21號2樓","shop":"博愛公有零售市場 B66","pay_list":["街口支付","LINE Pay Money"],"zone":"北北基","user":"游文啟","pay_tool":["行動支付"]},{"index":17,"id":30011000,"category":"夜市小吃/市場","city":"基隆市","area":"仁愛區","market_name":"愛四路夜市","market_address":"愛四路(仁一路至仁三路之間)","shop":"愛四路夜市 排餐物語【雙月份經營】","pay_list":["台灣 PAY"],"zone":"北北基","user":"陳志團","pay_tool":["行動支付"]},{"index":18,"id":30011002,"category":"夜市小吃/市場","city":"基隆市","area":"仁愛區","market_name":"愛四路夜市","market_address":"愛四路(仁一路至仁三路之間)","shop":"愛四路夜市 玩    具","pay_list":["台灣 PAY"],"zone":"北北基","user":"林豐明","pay_tool":["行動支付"]},{"index":19,"id":30011009,"category":"夜市小吃/市場","city":"基隆市","area":"仁愛區","market_name":"愛四路夜市","market_address":"愛四路(仁一路至仁三路之間)","shop":"愛四路夜市 松山活海鮮","pay_list":["台灣 PAY"],"zone":"北北基","user":"陳崇文","pay_tool":["行動支付"]},{"index":20,"id":30011010,"category":"夜市小吃/市場","city":"基隆市","area":"仁愛區","market_name":"愛四路夜市","market_address":"愛四路(仁一路至仁三路之間)","shop":"愛四路夜市 蛋包腸","pay_list":["台灣 PAY"],"zone":"北北基","user":"陳宣佑","pay_tool":["行動支付"]},{"index":21,"id":30011012,"category":"夜市小吃/市場","city":"基隆市","area":"仁愛區","market_name":"愛四路夜市","market_address":"愛四路(仁一路至仁三路之間)","shop":"愛四路夜市 新記手工煎餃","pay_list":["LINE Pay Money"],"zone":"北北基","user":"何金港","pay_tool":["行動支付"]},{"index":22,"id":30011020,"category":"夜市小吃/市場","city":"基隆市","area":"仁愛區","market_name":"愛四路夜市","market_address":"愛四路(仁一路至仁三路之間)","shop":"愛四路夜市 地瓜拔絲","pay_list":["台灣 PAY"],"zone":"北北基","user":"鄭宗閔","pay_tool":["行動支付"]},{"index":23,"id":30011041,"category":"夜市小吃/市場","city":"基隆市","area":"仁愛區","market_name":"愛四路夜市","market_address":"愛四路(仁一路至仁三路之間)","shop":"愛四路夜市 iphone手機殼","pay_list":["台灣 PAY"],"zone":"北北基","user":"曾裕翔","pay_tool":["行動支付"]},{"index":24,"id":30011042,"category":"夜市小吃/市場","city":"基隆市","area":"仁愛區","market_name":"愛四路夜市","market_address":"愛四路(仁一路至仁三路之間)","shop":"愛四路夜市 三姐妹水餃鍋貼","pay_list":["台灣 PAY"],"zone":"北北基","user":"曾淑美","pay_tool":["行動支付"]},{"index":25,"id":30011043,"category":"夜市小吃/市場","city":"基隆市","area":"仁愛區","market_name":"愛四路夜市","market_address":"愛四路(仁一路至仁三路之間)","shop":"愛四路夜市 紀家豬腳原汁專家【單月份經營】","pay_list":["台灣 PAY"],"zone":"北北基","user":"紀宣宇","pay_tool":["行動支付"]},{"index":26,"id":30011054,"category":"夜市小吃/市場","city":"基隆市","area":"仁愛區","market_name":"愛四路夜市","market_address":"愛四路(仁一路至仁三路之間)","shop":"愛四路夜市 八寶素食冬粉","pay_list":["台灣 PAY"],"zone":"北北基","user":"顏寬雄","pay_tool":["行動支付"]}]