[{"index":1,"shop":"林進昌","zone":"中彰投","city":"彰化縣","area":"北斗鎮","market_address":"彰化縣北斗鎮重慶里斗苑路１段１９５號","user":"林進昌","行業代號":null,"market_name":["餐食攤販"],"行業代號1":null,"名稱1":null,"行業代號2":null,"名稱2":null,"行業代號3":null,"名稱3":null,"category":["夜市/市場攤販"],"id":20006827,"pay_list":"","pay_tool":""},{"index":2,"shop":"田偉璋","zone":"中彰投","city":"彰化縣","area":"北斗鎮","market_address":"彰化縣北斗鎮新政里中正路１９５號旁","user":"田偉璋","行業代號":null,"market_name":["餐食攤販"],"行業代號1":null,"名稱1":null,"行業代號2":null,"名稱2":null,"行業代號3":null,"名稱3":null,"category":["夜市/市場攤販"],"id":20014868,"pay_list":"","pay_tool":""},{"index":3,"shop":"黃金歷","zone":"中彰投","city":"彰化縣","area":"北斗鎮","market_address":"彰化縣北斗鎮新政里９鄰中正路２１０號旁","user":"黃金歷","行業代號":null,"market_name":["餐食攤販"],"行業代號1":null,"名稱1":null,"行業代號2":null,"名稱2":null,"行業代號3":null,"名稱3":null,"category":["夜市/市場攤販"],"id":20014875,"pay_list":"","pay_tool":""},{"index":4,"shop":"吳文瑛","zone":"中彰投","city":"彰化縣","area":"北斗鎮","market_address":"彰化縣北斗鎮新政里９鄰中正路２１０號","user":"吳文瑛","行業代號":null,"market_name":["餐食攤販"],"行業代號1":null,"名稱1":null,"行業代號2":null,"名稱2":null,"行業代號3":null,"名稱3":null,"category":["夜市/市場攤販"],"id":20014876,"pay_list":"","pay_tool":""},{"index":5,"shop":"陳忠利","zone":"中彰投","city":"彰化縣","area":"北斗鎮","market_address":"彰化縣北斗鎮西德里斗苑路一段２８１號","user":"陳忠利","行業代號":null,"market_name":["餐食攤販"],"行業代號1":null,"名稱1":null,"行業代號2":null,"名稱2":null,"行業代號3":null,"名稱3":null,"category":["夜市/市場攤販"],"id":20014887,"pay_list":"","pay_tool":""},{"index":6,"shop":"陳火城","zone":"中彰投","city":"彰化縣","area":"北斗鎮","market_address":"彰化縣北斗鎮西安里斗苑路２段１０號旁","user":"陳火城","行業代號":null,"market_name":["餐食攤販"],"行業代號1":null,"名稱1":null,"行業代號2":null,"名稱2":null,"行業代號3":null,"名稱3":null,"category":["夜市/市場攤販"],"id":20014903,"pay_list":"","pay_tool":""},{"index":7,"shop":"董楊秀鳳","zone":"中彰投","city":"彰化縣","area":"北斗鎮","market_address":"彰化縣北斗鎮新政里新政段２０２地號","user":"董楊秀鳳","行業代號":null,"market_name":["餐食攤販"],"行業代號1":null,"名稱1":null,"行業代號2":null,"名稱2":null,"行業代號3":null,"名稱3":null,"category":["夜市/市場攤販"],"id":20014949,"pay_list":"","pay_tool":""},{"index":8,"shop":"何素琴","zone":"中彰投","city":"彰化縣","area":"北斗鎮","market_address":"彰化縣北斗鎮西德里大松段１３２地號","user":"何素琴","行業代號":null,"market_name":["餐食攤販"],"行業代號1":null,"名稱1":null,"行業代號2":null,"名稱2":null,"行業代號3":null,"名稱3":null,"category":["夜市/市場攤販"],"id":20014978,"pay_list":"","pay_tool":""},{"index":9,"shop":"陳再發","zone":"中彰投","city":"彰化縣","area":"北斗鎮","market_address":"彰化縣北斗鎮新政里光復路１８９號騎樓","user":"陳再發","行業代號":null,"market_name":["餐食攤販"],"行業代號1":null,"名稱1":null,"行業代號2":null,"名稱2":null,"行業代號3":null,"名稱3":null,"category":["夜市/市場攤販"],"id":20015010,"pay_list":"","pay_tool":""},{"index":10,"shop":"李奕樺","zone":"中彰投","city":"彰化縣","area":"北斗鎮","market_address":"彰化縣北斗鎮新政里光復路１８９號騎樓","user":"李奕樺","行業代號":null,"market_name":["餐食攤販"],"行業代號1":null,"名稱1":null,"行業代號2":null,"名稱2":null,"行業代號3":null,"名稱3":null,"category":["夜市/市場攤販"],"id":20015011,"pay_list":"","pay_tool":""},{"index":11,"shop":"卓麗敏","zone":"中彰投","city":"彰化縣","area":"北斗鎮","market_address":"彰化縣北斗鎮新政里光復路１８９號騎樓","user":"卓麗敏","行業代號":null,"market_name":["餐食攤販"],"行業代號1":null,"名稱1":null,"行業代號2":null,"名稱2":null,"行業代號3":null,"名稱3":null,"category":["夜市/市場攤販"],"id":20015012,"pay_list":"","pay_tool":""},{"index":12,"shop":"詹陳玉梅","zone":"中彰投","city":"彰化縣","area":"北斗鎮","market_address":"彰化縣北斗鎮新政里光復路１８９號騎樓","user":"詹陳玉梅","行業代號":null,"market_name":["餐食攤販"],"行業代號1":null,"名稱1":null,"行業代號2":null,"名稱2":null,"行業代號3":null,"名稱3":null,"category":["夜市/市場攤販"],"id":20015013,"pay_list":"","pay_tool":""},{"index":13,"shop":"林錫禧","zone":"中彰投","city":"彰化縣","area":"北斗鎮","market_address":"彰化縣北斗鎮新政里光復路１８９號騎樓","user":"林錫禧","行業代號":null,"market_name":["餐食攤販"],"行業代號1":null,"名稱1":null,"行業代號2":null,"名稱2":null,"行業代號3":null,"名稱3":null,"category":["夜市/市場攤販"],"id":20015014,"pay_list":"","pay_tool":""},{"index":14,"shop":"黑丸企業社","zone":"中彰投","city":"彰化縣","area":"北斗鎮","market_address":"彰化縣北斗鎮新政里光復路１６１號（旁）","user":"賀雪銀","行業代號":null,"market_name":["調理飲料攤販"],"行業代號1":null,"名稱1":null,"行業代號2":null,"名稱2":null,"行業代號3":null,"名稱3":null,"category":["夜市/市場攤販"],"id":20041483,"pay_list":"","pay_tool":""},{"index":15,"shop":"張寶文","zone":"中彰投","city":"彰化縣","area":"北斗鎮","market_address":"彰化縣北斗鎮居仁里光仁街２號屋簷下","user":"張寶文","行業代號":null,"market_name":["餐食攤販"],"行業代號1":null,"名稱1":null,"行業代號2":null,"名稱2":null,"行業代號3":null,"名稱3":null,"category":["夜市/市場攤販"],"id":20042316,"pay_list":"","pay_tool":""},{"index":16,"shop":"陳慧娟","zone":"中彰投","city":"彰化縣","area":"北斗鎮","market_address":"彰化縣北斗鎮新政里００９鄰中正路１９４號","user":"陳慧娟","行業代號":null,"market_name":["餐食攤販"],"行業代號1":null,"名稱1":null,"行業代號2":null,"名稱2":null,"行業代號3":null,"名稱3":null,"category":["夜市/市場攤販"],"id":20049796,"pay_list":["LINE PAY MONEY"],"pay_tool":["行動支付"]},{"index":17,"shop":"黃佳慧","zone":"中彰投","city":"彰化縣","area":"北斗鎮","market_address":"彰化縣北斗鎮文昌里光復段１０４６～１０４６－１地號上Ｇ、Ｈ攤","user":"黃佳慧","行業代號":null,"market_name":["餐食攤販"],"行業代號1":null,"名稱1":null,"行業代號2":null,"名稱2":null,"行業代號3":null,"名稱3":null,"category":["夜市/市場攤販"],"id":20049963,"pay_list":"","pay_tool":""},{"index":18,"shop":"大娘羹大王美食店","zone":"中彰投","city":"彰化縣","area":"北斗鎮","market_address":"彰化縣北斗鎮西德里００９鄰中華路２９９號","user":"胡俊忠","行業代號":"561200","market_name":["餐食攤販"],"行業代號1":"","名稱1":"","行業代號2":"","名稱2":"","行業代號3":"","名稱3":"","category":["夜市/市場攤販"],"id":60059857,"pay_list":null,"pay_tool":null},{"index":19,"shop":"浚紘農產行","zone":"中彰投","city":"彰化縣","area":"北斗鎮","market_address":"彰化縣北斗鎮文昌里光中路１９２號１樓","user":"鄭浚紘","行業代號":"561200","market_name":["餐食攤販"],"行業代號1":"","名稱1":"","行業代號2":"","名稱2":"","行業代號3":"","名稱3":"","category":["夜市/市場攤販"],"id":60069886,"pay_list":null,"pay_tool":null},{"index":20,"shop":"三圓農產","zone":"中彰投","city":"彰化縣","area":"北斗鎮","market_address":"彰化縣北斗鎮西安里德安巷７―５號","user":"陳永芳","行業代號":"563200","market_name":["調理飲料攤販"],"行業代號1":"","名稱1":"","行業代號2":"","名稱2":"","行業代號3":"","名稱3":"","category":["夜市/市場攤販"],"id":60082270,"pay_list":null,"pay_tool":null}]