[{"index":1,"id":10035181,"user":"邱鳳娥","shop":"麟洛公有零售市場-邱鳳娥","category":"夜市/市場攤販","zone":"高屏","city":"屏東縣","area":"麟洛鄉","market_name":"麟洛公有零售市場","market_address":"屏東縣麟洛鄉麟趾村中正路12號","pay_list":"","pay_tool":""},{"index":2,"id":10035192,"user":"黃瑞玉","shop":"麟洛公有零售市場-黃瑞玉","category":"夜市/市場攤販","zone":"高屏","city":"屏東縣","area":"麟洛鄉","market_name":"麟洛公有零售市場","market_address":"屏東縣麟洛鄉麟趾村中正路12號","pay_list":"","pay_tool":""},{"index":3,"id":10035203,"user":"陳展峰","shop":"麟洛公有零售市場-陳展峰","category":"夜市/市場攤販","zone":"高屏","city":"屏東縣","area":"麟洛鄉","market_name":"麟洛公有零售市場","market_address":"屏東縣麟洛鄉麟趾村中正路12號","pay_list":"","pay_tool":""},{"index":4,"id":10035214,"user":"吳金英","shop":"麟洛公有零售市場-吳金英","category":"夜市/市場攤販","zone":"高屏","city":"屏東縣","area":"麟洛鄉","market_name":"麟洛公有零售市場","market_address":"屏東縣麟洛鄉麟趾村中正路12號","pay_list":"","pay_tool":""},{"index":5,"id":10035225,"user":"王信安","shop":"麟洛公有零售市場-王信安","category":"夜市/市場攤販","zone":"高屏","city":"屏東縣","area":"麟洛鄉","market_name":"麟洛公有零售市場","market_address":"屏東縣麟洛鄉麟趾村中正路12號","pay_list":"","pay_tool":""},{"index":6,"id":10035236,"user":"張龍山","shop":"麟洛公有零售市場-張龍山","category":"夜市/市場攤販","zone":"高屏","city":"屏東縣","area":"麟洛鄉","market_name":"麟洛公有零售市場","market_address":"屏東縣麟洛鄉麟趾村中正路12號","pay_list":"","pay_tool":""},{"index":7,"id":10035247,"user":"張淑鳳","shop":"麟洛公有零售市場-張淑鳳","category":"夜市/市場攤販","zone":"高屏","city":"屏東縣","area":"麟洛鄉","market_name":"麟洛公有零售市場","market_address":"屏東縣麟洛鄉麟趾村中正路12號","pay_list":"","pay_tool":""},{"index":8,"id":10035258,"user":"邱居妹","shop":"麟洛公有零售市場-邱居妹","category":"夜市/市場攤販","zone":"高屏","city":"屏東縣","area":"麟洛鄉","market_name":"麟洛公有零售市場","market_address":"屏東縣麟洛鄉麟趾村中正路12號","pay_list":"","pay_tool":""},{"index":9,"id":10035271,"user":"李盛英","shop":"麟洛公有零售市場-李盛英","category":"夜市/市場攤販","zone":"高屏","city":"屏東縣","area":"麟洛鄉","market_name":"麟洛公有零售市場","market_address":"屏東縣麟洛鄉麟趾村中正路12號","pay_list":"","pay_tool":""},{"index":10,"id":10035282,"user":"廖龍依","shop":"麟洛公有零售市場-廖龍依","category":"夜市/市場攤販","zone":"高屏","city":"屏東縣","area":"麟洛鄉","market_name":"麟洛公有零售市場","market_address":"屏東縣麟洛鄉麟趾村中正路12號","pay_list":"","pay_tool":""},{"index":11,"id":10035293,"user":"李國雄","shop":"麟洛公有零售市場-李國雄","category":"夜市/市場攤販","zone":"高屏","city":"屏東縣","area":"麟洛鄉","market_name":"麟洛公有零售市場","market_address":"屏東縣麟洛鄉麟趾村中正路12號","pay_list":"","pay_tool":""},{"index":12,"id":10035304,"user":"李梅珠","shop":"麟洛公有零售市場-李梅珠","category":"夜市/市場攤販","zone":"高屏","city":"屏東縣","area":"麟洛鄉","market_name":"麟洛公有零售市場","market_address":"屏東縣麟洛鄉麟趾村中正路12號","pay_list":"","pay_tool":""},{"index":13,"id":10035315,"user":"傅春雨","shop":"麟洛公有零售市場-傅春雨","category":"夜市/市場攤販","zone":"高屏","city":"屏東縣","area":"麟洛鄉","market_name":"麟洛公有零售市場","market_address":"屏東縣麟洛鄉麟趾村中正路12號","pay_list":"","pay_tool":""},{"index":14,"id":10035326,"user":"戴松珍","shop":"麟洛公有零售市場-戴松珍","category":"夜市/市場攤販","zone":"高屏","city":"屏東縣","area":"麟洛鄉","market_name":"麟洛公有零售市場","market_address":"屏東縣麟洛鄉麟趾村中正路12號","pay_list":"","pay_tool":""},{"index":15,"id":10035337,"user":"鄭金菊","shop":"麟洛公有零售市場-鄭金菊","category":"夜市/市場攤販","zone":"高屏","city":"屏東縣","area":"麟洛鄉","market_name":"麟洛公有零售市場","market_address":"屏東縣麟洛鄉麟趾村中正路12號","pay_list":"","pay_tool":""},{"index":16,"id":10035348,"user":"劉桂娣","shop":"麟洛公有零售市場-劉桂娣","category":"夜市/市場攤販","zone":"高屏","city":"屏東縣","area":"麟洛鄉","market_name":"麟洛公有零售市場","market_address":"屏東縣麟洛鄉麟趾村中正路12號","pay_list":"","pay_tool":""},{"index":17,"id":10035359,"user":"林玉珠","shop":"麟洛公有零售市場-林玉珠","category":"夜市/市場攤販","zone":"高屏","city":"屏東縣","area":"麟洛鄉","market_name":"麟洛公有零售市場","market_address":"屏東縣麟洛鄉麟趾村中正路12號","pay_list":"","pay_tool":""},{"index":18,"id":10035370,"user":"阮美英","shop":"麟洛公有零售市場-阮美英","category":"夜市/市場攤販","zone":"高屏","city":"屏東縣","area":"麟洛鄉","market_name":"麟洛公有零售市場","market_address":"屏東縣麟洛鄉麟趾村中正路12號","pay_list":"","pay_tool":""},{"index":19,"id":10035382,"user":"阮滿英","shop":"麟洛公有零售市場-軟滿英","category":"夜市/市場攤販","zone":"高屏","city":"屏東縣","area":"麟洛鄉","market_name":"麟洛公有零售市場","market_address":"屏東縣麟洛鄉麟趾村中正路12號","pay_list":"","pay_tool":""},{"index":20,"id":10035393,"user":"謝其諭","shop":"麟洛公有零售市場-謝其諭","category":"夜市/市場攤販","zone":"高屏","city":"屏東縣","area":"麟洛鄉","market_name":"麟洛公有零售市場","market_address":"屏東縣麟洛鄉麟趾村中正路12號","pay_list":"","pay_tool":""},{"index":21,"id":10035404,"user":"林伯銘","shop":"麟洛公有零售市場-林伯銘","category":"夜市/市場攤販","zone":"高屏","city":"屏東縣","area":"麟洛鄉","market_name":"麟洛公有零售市場","market_address":"屏東縣麟洛鄉麟趾村中正路12號","pay_list":"","pay_tool":""},{"index":22,"id":10035415,"user":"邱春枝","shop":"麟洛公有零售市場-邱春枝","category":"夜市/市場攤販","zone":"高屏","city":"屏東縣","area":"麟洛鄉","market_name":"麟洛公有零售市場","market_address":"屏東縣麟洛鄉麟趾村中正路12號","pay_list":"","pay_tool":""},{"index":23,"id":10035426,"user":"陳美雲","shop":"麟洛公有零售市場-陳美雲","category":"夜市/市場攤販","zone":"高屏","city":"屏東縣","area":"麟洛鄉","market_name":"麟洛公有零售市場","market_address":"屏東縣麟洛鄉麟趾村中正路12號","pay_list":"","pay_tool":""},{"index":24,"id":10035437,"user":"陳瑞香","shop":"麟洛公有零售市場-陳瑞香","category":"夜市/市場攤販","zone":"高屏","city":"屏東縣","area":"麟洛鄉","market_name":"麟洛公有零售市場","market_address":"屏東縣麟洛鄉麟趾村中正路12號","pay_list":"","pay_tool":""},{"index":25,"id":10035448,"user":"劉寶玉","shop":"麟洛公有零售市場-劉寶玉","category":"夜市/市場攤販","zone":"高屏","city":"屏東縣","area":"麟洛鄉","market_name":"麟洛公有零售市場","market_address":"屏東縣麟洛鄉麟趾村中正路12號","pay_list":"","pay_tool":""},{"index":26,"id":10035459,"user":"劉桂香","shop":"麟洛公有零售市場-劉桂香","category":"夜市/市場攤販","zone":"高屏","city":"屏東縣","area":"麟洛鄉","market_name":"麟洛公有零售市場","market_address":"屏東縣麟洛鄉麟趾村中正路12號","pay_list":"","pay_tool":""},{"index":27,"id":10035470,"user":"徐俊其","shop":"麟洛公有零售市場-徐俊其","category":"夜市/市場攤販","zone":"高屏","city":"屏東縣","area":"麟洛鄉","market_name":"麟洛公有零售市場","market_address":"屏東縣麟洛鄉麟趾村中正路12號","pay_list":"","pay_tool":""},{"index":28,"id":10035481,"user":"劉桂貞","shop":"麟洛公有零售市場-劉桂貞","category":"夜市/市場攤販","zone":"高屏","city":"屏東縣","area":"麟洛鄉","market_name":"麟洛公有零售市場","market_address":"屏東縣麟洛鄉麟趾村中正路12號","pay_list":"","pay_tool":""},{"index":29,"id":10035493,"user":"葉美麗","shop":"麟洛公有零售市場-葉美麗","category":"夜市/市場攤販","zone":"高屏","city":"屏東縣","area":"麟洛鄉","market_name":"麟洛公有零售市場","market_address":"屏東縣麟洛鄉麟趾村中正路12號","pay_list":"","pay_tool":""},{"index":30,"id":10035504,"user":"林欽貴","shop":"麟洛公有零售市場-林欽貴","category":"夜市/市場攤販","zone":"高屏","city":"屏東縣","area":"麟洛鄉","market_name":"麟洛公有零售市場","market_address":"屏東縣麟洛鄉麟趾村中正路12號","pay_list":"","pay_tool":""},{"index":31,"id":10035515,"user":"鄧錦城","shop":"麟洛公有零售市場-鄧錦城","category":"夜市/市場攤販","zone":"高屏","city":"屏東縣","area":"麟洛鄉","market_name":"麟洛公有零售市場","market_address":"屏東縣麟洛鄉麟趾村中正路12號","pay_list":"","pay_tool":""},{"index":32,"id":10035526,"user":"李玉英","shop":"麟洛公有零售市場-李玉英","category":"夜市/市場攤販","zone":"高屏","city":"屏東縣","area":"麟洛鄉","market_name":"麟洛公有零售市場","market_address":"屏東縣麟洛鄉麟趾村中正路12號","pay_list":"","pay_tool":""},{"index":33,"id":10035537,"user":"李傾","shop":"麟洛公有零售市場-李傾","category":"夜市/市場攤販","zone":"高屏","city":"屏東縣","area":"麟洛鄉","market_name":"麟洛公有零售市場","market_address":"屏東縣麟洛鄉麟趾村中正路12號","pay_list":"","pay_tool":""},{"index":34,"id":10035548,"user":"方美玉","shop":"麟洛公有零售市場-方美玉","category":"夜市/市場攤販","zone":"高屏","city":"屏東縣","area":"麟洛鄉","market_name":"麟洛公有零售市場","market_address":"屏東縣麟洛鄉麟趾村中正路12號","pay_list":"","pay_tool":""},{"index":35,"id":10035559,"user":"鍾秋亭","shop":"麟洛公有零售市場-鍾秋亭","category":"夜市/市場攤販","zone":"高屏","city":"屏東縣","area":"麟洛鄉","market_name":"麟洛公有零售市場","market_address":"屏東縣麟洛鄉麟趾村中正路12號","pay_list":"","pay_tool":""},{"index":36,"id":10035570,"user":"吳明森","shop":"麟洛公有零售市場-吳明森","category":"夜市/市場攤販","zone":"高屏","city":"屏東縣","area":"麟洛鄉","market_name":"麟洛公有零售市場","market_address":"屏東縣麟洛鄉麟趾村中正路12號","pay_list":"","pay_tool":""},{"index":37,"id":10035581,"user":"陳雪芬","shop":"麟洛公有零售市場-陳雪芬","category":"夜市/市場攤販","zone":"高屏","city":"屏東縣","area":"麟洛鄉","market_name":"麟洛公有零售市場","market_address":"屏東縣麟洛鄉麟趾村中正路12號","pay_list":"","pay_tool":""},{"index":38,"id":10035592,"user":"蕭順德","shop":"麟洛公有零售市場-蕭順德","category":"夜市/市場攤販","zone":"高屏","city":"屏東縣","area":"麟洛鄉","market_name":"麟洛公有零售市場","market_address":"屏東縣麟洛鄉麟趾村中正路12號","pay_list":"","pay_tool":""},{"index":39,"id":10035604,"user":"鄭金指","shop":"麟洛公有零售市場-鄭金指","category":"夜市/市場攤販","zone":"高屏","city":"屏東縣","area":"麟洛鄉","market_name":"麟洛公有零售市場","market_address":"屏東縣麟洛鄉麟趾村中正路12號","pay_list":"","pay_tool":""},{"index":40,"id":10035615,"user":"吳青峰","shop":"麟洛公有零售市場-景友企業社","category":"夜市/市場攤販","zone":"高屏","city":"屏東縣","area":"麟洛鄉","market_name":"麟洛公有零售市場","market_address":"屏東縣麟洛鄉麟趾村中正路12號","pay_list":"","pay_tool":""},{"index":41,"id":10035626,"user":"姚月娥","shop":"麟洛公有零售市場-姚月娥","category":"夜市/市場攤販","zone":"高屏","city":"屏東縣","area":"麟洛鄉","market_name":"麟洛公有零售市場","market_address":"屏東縣麟洛鄉麟趾村中正路12號","pay_list":"","pay_tool":""},{"index":42,"id":10035637,"user":"林子軒","shop":"麟洛公有零售市場-林子軒","category":"夜市/市場攤販","zone":"高屏","city":"屏東縣","area":"麟洛鄉","market_name":"麟洛公有零售市場","market_address":"屏東縣麟洛鄉麟趾村中正路12號","pay_list":"","pay_tool":""},{"index":43,"id":10035648,"user":"吳玉坤","shop":"麟洛公有零售市場-吳玉坤","category":"夜市/市場攤販","zone":"高屏","city":"屏東縣","area":"麟洛鄉","market_name":"麟洛公有零售市場","market_address":"屏東縣麟洛鄉麟趾村中正路12號","pay_list":"","pay_tool":""},{"index":44,"id":10035659,"user":"邱菊蓮","shop":"麟洛公有零售市場-邱菊蓮","category":"夜市/市場攤販","zone":"高屏","city":"屏東縣","area":"麟洛鄉","market_name":"麟洛公有零售市場","market_address":"屏東縣麟洛鄉麟趾村中正路12號","pay_list":"","pay_tool":""},{"index":45,"id":10035670,"user":"何月蘭","shop":"麟洛公有零售市場-何月蘭","category":"夜市/市場攤販","zone":"高屏","city":"屏東縣","area":"麟洛鄉","market_name":"麟洛公有零售市場","market_address":"屏東縣麟洛鄉麟趾村中正路12號","pay_list":"","pay_tool":""},{"index":46,"id":10035681,"user":"許淑珠","shop":"麟洛公有零售市場-許淑珠","category":"夜市/市場攤販","zone":"高屏","city":"屏東縣","area":"麟洛鄉","market_name":"麟洛公有零售市場","market_address":"屏東縣麟洛鄉麟趾村中正路12號","pay_list":"","pay_tool":""},{"index":47,"id":10035692,"user":"許慶林","shop":"麟洛公有零售市場-許慶林","category":"夜市/市場攤販","zone":"高屏","city":"屏東縣","area":"麟洛鄉","market_name":"麟洛公有零售市場","market_address":"屏東縣麟洛鄉麟趾村中正路12號","pay_list":"","pay_tool":""},{"index":48,"id":10035703,"user":"林信江","shop":"麟洛公有零售市場-林信江","category":"夜市/市場攤販","zone":"高屏","city":"屏東縣","area":"麟洛鄉","market_name":"麟洛公有零售市場","market_address":"屏東縣麟洛鄉麟趾村中正路12號","pay_list":"","pay_tool":""},{"index":49,"id":10035715,"user":"何鳳櫻","shop":"麟洛公有零售市場-何鳳櫻","category":"夜市/市場攤販","zone":"高屏","city":"屏東縣","area":"麟洛鄉","market_name":"麟洛公有零售市場","market_address":"屏東縣麟洛鄉麟趾村中正路12號","pay_list":"","pay_tool":""},{"index":50,"id":10035726,"user":"溫喜妹","shop":"麟洛公有零售市場-溫喜妹","category":"夜市/市場攤販","zone":"高屏","city":"屏東縣","area":"麟洛鄉","market_name":"麟洛公有零售市場","market_address":"屏東縣麟洛鄉麟趾村中正路12號","pay_list":"","pay_tool":""},{"index":51,"id":10035737,"user":"賴松娣","shop":"麟洛公有零售市場-賴松娣","category":"夜市/市場攤販","zone":"高屏","city":"屏東縣","area":"麟洛鄉","market_name":"麟洛公有零售市場","market_address":"屏東縣麟洛鄉麟趾村中正路12號","pay_list":"","pay_tool":""},{"index":52,"id":10035748,"user":"賴黃己榮妹","shop":"麟洛公有零售市場-賴黃己榮妹","category":"夜市/市場攤販","zone":"高屏","city":"屏東縣","area":"麟洛鄉","market_name":"麟洛公有零售市場","market_address":"屏東縣麟洛鄉麟趾村中正路12號","pay_list":"","pay_tool":""},{"index":53,"id":10035759,"user":"利秀蓮","shop":"麟洛公有零售市場-利秀蓮","category":"夜市/市場攤販","zone":"高屏","city":"屏東縣","area":"麟洛鄉","market_name":"麟洛公有零售市場","market_address":"屏東縣麟洛鄉麟趾村中正路12號","pay_list":"","pay_tool":""},{"index":54,"id":10035770,"user":"李詩婷","shop":"麟洛公有零售市場-李詩婷","category":"夜市/市場攤販","zone":"高屏","city":"屏東縣","area":"麟洛鄉","market_name":"麟洛公有零售市場","market_address":"屏東縣麟洛鄉麟趾村中正路12號","pay_list":"","pay_tool":""},{"index":55,"id":10035781,"user":"徐芹和","shop":"麟洛公有零售市場-徐芹和","category":"夜市/市場攤販","zone":"高屏","city":"屏東縣","area":"麟洛鄉","market_name":"麟洛公有零售市場","market_address":"屏東縣麟洛鄉麟趾村中正路12號","pay_list":"","pay_tool":""},{"index":56,"id":10035792,"user":"賴桂香","shop":"麟洛公有零售市場-賴桂香","category":"夜市/市場攤販","zone":"高屏","city":"屏東縣","area":"麟洛鄉","market_name":"麟洛公有零售市場","market_address":"屏東縣麟洛鄉麟趾村中正路12號","pay_list":"","pay_tool":""},{"index":57,"id":10035803,"user":"張龍輝","shop":"麟洛公有零售市場-張龍輝","category":"夜市/市場攤販","zone":"高屏","city":"屏東縣","area":"麟洛鄉","market_name":"麟洛公有零售市場","market_address":"屏東縣麟洛鄉麟趾村中正路12號","pay_list":"","pay_tool":""},{"index":58,"id":20028152,"user":"羅文明","shop":"一品香鹹酥雞","category":["夜市/市場攤販"],"zone":"高屏","city":"屏東縣","area":"麟洛鄉","market_name":["餐食攤販"],"market_address":"屏東縣麟洛鄉麟蹄村中山路２１２－１號","pay_list":"","pay_tool":""},{"index":59,"id":20047774,"user":"蘇美麗","shop":"蘇美麗","category":["夜市/市場攤販"],"zone":"高屏","city":"屏東縣","area":"麟洛鄉","market_name":["餐食攤販"],"market_address":"屏東縣麟洛鄉麟趾村中華路２號門口","pay_list":"","pay_tool":""}]