[{"index":1,"shop":"四湖鄉公有零售市場-吳明昇","zone":"雲嘉南","city":"雲林縣","area":"四湖鄉","market_address":"雲林縣四湖鄉湖西村7鄰新市街102號","user":"吳明昇","行業代號":null,"market_name":"四湖鄉公有零售市場","行業代號1":null,"名稱1":null,"行業代號2":null,"名稱2":null,"行業代號3":null,"名稱3":null,"category":"夜市/市場攤販","id":10004295,"pay_list":"","pay_tool":""},{"index":2,"shop":"四湖鄉公有零售市場-林秀娥","zone":"雲嘉南","city":"雲林縣","area":"四湖鄉","market_address":"雲林縣四湖鄉湖西村7鄰新市街102號","user":"林秀娥","行業代號":null,"market_name":"四湖鄉公有零售市場","行業代號1":null,"名稱1":null,"行業代號2":null,"名稱2":null,"行業代號3":null,"名稱3":null,"category":"夜市/市場攤販","id":10004296,"pay_list":"","pay_tool":""},{"index":3,"shop":"四湖鄉公有零售市場-謝連惠","zone":"雲嘉南","city":"雲林縣","area":"四湖鄉","market_address":"雲林縣四湖鄉湖西村7鄰新市街102號","user":"謝連惠","行業代號":null,"market_name":"四湖鄉公有零售市場","行業代號1":null,"名稱1":null,"行業代號2":null,"名稱2":null,"行業代號3":null,"名稱3":null,"category":"夜市/市場攤販","id":10004297,"pay_list":"","pay_tool":""},{"index":4,"shop":"四湖鄉公有零售市場-吳美枝","zone":"雲嘉南","city":"雲林縣","area":"四湖鄉","market_address":"雲林縣四湖鄉湖西村7鄰新市街102號","user":"吳美枝","行業代號":null,"market_name":"四湖鄉公有零售市場","行業代號1":null,"名稱1":null,"行業代號2":null,"名稱2":null,"行業代號3":null,"名稱3":null,"category":"夜市/市場攤販","id":10004298,"pay_list":"","pay_tool":""},{"index":5,"shop":"四湖鄉公有零售市場-黃吳時","zone":"雲嘉南","city":"雲林縣","area":"四湖鄉","market_address":"雲林縣四湖鄉湖西村7鄰新市街102號","user":"黃吳時","行業代號":null,"market_name":"四湖鄉公有零售市場","行業代號1":null,"名稱1":null,"行業代號2":null,"名稱2":null,"行業代號3":null,"名稱3":null,"category":"夜市/市場攤販","id":10004299,"pay_list":"","pay_tool":""},{"index":6,"shop":"四湖鄉公有零售市場-尹亭惠","zone":"雲嘉南","city":"雲林縣","area":"四湖鄉","market_address":"雲林縣四湖鄉湖西村7鄰新市街102號","user":"尹亭惠","行業代號":null,"market_name":"四湖鄉公有零售市場","行業代號1":null,"名稱1":null,"行業代號2":null,"名稱2":null,"行業代號3":null,"名稱3":null,"category":"夜市/市場攤販","id":10004300,"pay_list":"","pay_tool":""},{"index":7,"shop":"四湖鄉公有零售市場-吳月裡","zone":"雲嘉南","city":"雲林縣","area":"四湖鄉","market_address":"雲林縣四湖鄉湖西村7鄰新市街102號","user":"吳月裡","行業代號":null,"market_name":"四湖鄉公有零售市場","行業代號1":null,"名稱1":null,"行業代號2":null,"名稱2":null,"行業代號3":null,"名稱3":null,"category":"夜市/市場攤販","id":10004301,"pay_list":"","pay_tool":""},{"index":8,"shop":"四湖鄉公有零售市場-林  雪","zone":"雲嘉南","city":"雲林縣","area":"四湖鄉","market_address":"雲林縣四湖鄉湖西村7鄰新市街102號","user":"林  雪","行業代號":null,"market_name":"四湖鄉公有零售市場","行業代號1":null,"名稱1":null,"行業代號2":null,"名稱2":null,"行業代號3":null,"名稱3":null,"category":"夜市/市場攤販","id":10004302,"pay_list":"","pay_tool":""},{"index":9,"shop":"四湖鄉公有零售市場-蔡總意","zone":"雲嘉南","city":"雲林縣","area":"四湖鄉","market_address":"雲林縣四湖鄉湖西村7鄰新市街102號","user":"蔡總意","行業代號":null,"market_name":"四湖鄉公有零售市場","行業代號1":null,"名稱1":null,"行業代號2":null,"名稱2":null,"行業代號3":null,"名稱3":null,"category":"夜市/市場攤販","id":10004303,"pay_list":"","pay_tool":""},{"index":10,"shop":"四湖鄉公有零售市場-吳昆穆","zone":"雲嘉南","city":"雲林縣","area":"四湖鄉","market_address":"雲林縣四湖鄉湖西村7鄰新市街102號","user":"吳昆穆","行業代號":null,"market_name":"四湖鄉公有零售市場","行業代號1":null,"名稱1":null,"行業代號2":null,"名稱2":null,"行業代號3":null,"名稱3":null,"category":"夜市/市場攤販","id":10004305,"pay_list":"","pay_tool":""},{"index":11,"shop":"四湖鄉公有零售市場-許淑芬","zone":"雲嘉南","city":"雲林縣","area":"四湖鄉","market_address":"雲林縣四湖鄉湖西村7鄰新市街102號","user":"許淑芬","行業代號":null,"market_name":"四湖鄉公有零售市場","行業代號1":null,"名稱1":null,"行業代號2":null,"名稱2":null,"行業代號3":null,"名稱3":null,"category":"夜市/市場攤販","id":10004306,"pay_list":"","pay_tool":""},{"index":12,"shop":"四湖鄉公有零售市場-吳啟明","zone":"雲嘉南","city":"雲林縣","area":"四湖鄉","market_address":"雲林縣四湖鄉湖西村7鄰新市街102號","user":"吳啟明","行業代號":null,"market_name":"四湖鄉公有零售市場","行業代號1":null,"名稱1":null,"行業代號2":null,"名稱2":null,"行業代號3":null,"名稱3":null,"category":"夜市/市場攤販","id":10004307,"pay_list":"","pay_tool":""},{"index":13,"shop":"四湖鄉公有零售市場-蔡淑娥","zone":"雲嘉南","city":"雲林縣","area":"四湖鄉","market_address":"雲林縣四湖鄉湖西村7鄰新市街102號","user":"蔡淑娥","行業代號":null,"market_name":"四湖鄉公有零售市場","行業代號1":null,"名稱1":null,"行業代號2":null,"名稱2":null,"行業代號3":null,"名稱3":null,"category":"夜市/市場攤販","id":10004308,"pay_list":"","pay_tool":""},{"index":14,"shop":"四湖鄉公有零售市場-吳瑋儒","zone":"雲嘉南","city":"雲林縣","area":"四湖鄉","market_address":"雲林縣四湖鄉湖西村7鄰新市街102號","user":"吳瑋儒","行業代號":null,"market_name":"四湖鄉公有零售市場","行業代號1":null,"名稱1":null,"行業代號2":null,"名稱2":null,"行業代號3":null,"名稱3":null,"category":"夜市/市場攤販","id":10004309,"pay_list":"","pay_tool":""},{"index":15,"shop":"四湖鄉公有零售市場-陳玉惠","zone":"雲嘉南","city":"雲林縣","area":"四湖鄉","market_address":"雲林縣四湖鄉湖西村7鄰新市街102號","user":"陳玉惠","行業代號":null,"market_name":"四湖鄉公有零售市場","行業代號1":null,"名稱1":null,"行業代號2":null,"名稱2":null,"行業代號3":null,"名稱3":null,"category":"夜市/市場攤販","id":10004310,"pay_list":"","pay_tool":""},{"index":16,"shop":"四湖鄉公有零售市場-曹  虳","zone":"雲嘉南","city":"雲林縣","area":"四湖鄉","market_address":"雲林縣四湖鄉湖西村7鄰新市街102號","user":"曹  虳","行業代號":null,"market_name":"四湖鄉公有零售市場","行業代號1":null,"名稱1":null,"行業代號2":null,"名稱2":null,"行業代號3":null,"名稱3":null,"category":"夜市/市場攤販","id":10004311,"pay_list":"","pay_tool":""},{"index":17,"shop":"四湖鄉公有零售市場-吳美芳","zone":"雲嘉南","city":"雲林縣","area":"四湖鄉","market_address":"雲林縣四湖鄉湖西村7鄰新市街102號","user":"吳美芳","行業代號":null,"market_name":"四湖鄉公有零售市場","行業代號1":null,"名稱1":null,"行業代號2":null,"名稱2":null,"行業代號3":null,"名稱3":null,"category":"夜市/市場攤販","id":10004312,"pay_list":"","pay_tool":""},{"index":18,"shop":"四湖鄉公有零售市場-趙彩芳","zone":"雲嘉南","city":"雲林縣","area":"四湖鄉","market_address":"雲林縣四湖鄉湖西村7鄰新市街102號","user":"趙彩芳","行業代號":null,"market_name":"四湖鄉公有零售市場","行業代號1":null,"名稱1":null,"行業代號2":null,"名稱2":null,"行業代號3":null,"名稱3":null,"category":"夜市/市場攤販","id":10004313,"pay_list":"","pay_tool":""},{"index":19,"shop":"四湖鄉公有零售市場-林坤河","zone":"雲嘉南","city":"雲林縣","area":"四湖鄉","market_address":"雲林縣四湖鄉湖西村7鄰新市街102號","user":"林坤河","行業代號":null,"market_name":"四湖鄉公有零售市場","行業代號1":null,"名稱1":null,"行業代號2":null,"名稱2":null,"行業代號3":null,"名稱3":null,"category":"夜市/市場攤販","id":10004314,"pay_list":"","pay_tool":""},{"index":20,"shop":"四湖鄉公有零售市場-林佳蓉","zone":"雲嘉南","city":"雲林縣","area":"四湖鄉","market_address":"雲林縣四湖鄉湖西村7鄰新市街102號","user":"林佳蓉","行業代號":null,"market_name":"四湖鄉公有零售市場","行業代號1":null,"名稱1":null,"行業代號2":null,"名稱2":null,"行業代號3":null,"名稱3":null,"category":"夜市/市場攤販","id":10004316,"pay_list":"","pay_tool":""},{"index":21,"shop":"四湖鄉公有零售市場-吳麗娟","zone":"雲嘉南","city":"雲林縣","area":"四湖鄉","market_address":"雲林縣四湖鄉湖西村7鄰新市街102號","user":"吳麗娟","行業代號":null,"market_name":"四湖鄉公有零售市場","行業代號1":null,"名稱1":null,"行業代號2":null,"名稱2":null,"行業代號3":null,"名稱3":null,"category":"夜市/市場攤販","id":10004317,"pay_list":"","pay_tool":""},{"index":22,"shop":"四湖鄉公有零售市場-陳素珠","zone":"雲嘉南","city":"雲林縣","area":"四湖鄉","market_address":"雲林縣四湖鄉湖西村7鄰新市街102號","user":"陳素珠","行業代號":null,"market_name":"四湖鄉公有零售市場","行業代號1":null,"名稱1":null,"行業代號2":null,"名稱2":null,"行業代號3":null,"名稱3":null,"category":"夜市/市場攤販","id":10004318,"pay_list":"","pay_tool":""},{"index":23,"shop":"四湖鄉公有零售市場-吳俊昇","zone":"雲嘉南","city":"雲林縣","area":"四湖鄉","market_address":"雲林縣四湖鄉湖西村7鄰新市街102號","user":"吳俊昇","行業代號":null,"market_name":"四湖鄉公有零售市場","行業代號1":null,"名稱1":null,"行業代號2":null,"名稱2":null,"行業代號3":null,"名稱3":null,"category":"夜市/市場攤販","id":10004319,"pay_list":"","pay_tool":""},{"index":24,"shop":"四湖鄉公有零售市場-許吳綢","zone":"雲嘉南","city":"雲林縣","area":"四湖鄉","market_address":"雲林縣四湖鄉湖西村7鄰新市街102號","user":"許吳綢","行業代號":null,"market_name":"四湖鄉公有零售市場","行業代號1":null,"名稱1":null,"行業代號2":null,"名稱2":null,"行業代號3":null,"名稱3":null,"category":"夜市/市場攤販","id":10004320,"pay_list":"","pay_tool":""},{"index":25,"shop":"四湖鄉公有零售市場-蘇媺倫","zone":"雲嘉南","city":"雲林縣","area":"四湖鄉","market_address":"雲林縣四湖鄉湖西村7鄰新市街102號","user":"蘇媺倫","行業代號":null,"market_name":"四湖鄉公有零售市場","行業代號1":null,"名稱1":null,"行業代號2":null,"名稱2":null,"行業代號3":null,"名稱3":null,"category":"夜市/市場攤販","id":10004321,"pay_list":"","pay_tool":""},{"index":26,"shop":"四湖鄉公有零售市場-楊秋美","zone":"雲嘉南","city":"雲林縣","area":"四湖鄉","market_address":"雲林縣四湖鄉湖西村7鄰新市街102號","user":"楊秋美","行業代號":null,"market_name":"四湖鄉公有零售市場","行業代號1":null,"名稱1":null,"行業代號2":null,"名稱2":null,"行業代號3":null,"名稱3":null,"category":"夜市/市場攤販","id":10004322,"pay_list":"","pay_tool":""},{"index":27,"shop":"四湖鄉公有零售市場-黃麗雪","zone":"雲嘉南","city":"雲林縣","area":"四湖鄉","market_address":"雲林縣四湖鄉湖西村7鄰新市街102號","user":"黃麗雪","行業代號":null,"market_name":"四湖鄉公有零售市場","行業代號1":null,"名稱1":null,"行業代號2":null,"名稱2":null,"行業代號3":null,"名稱3":null,"category":"夜市/市場攤販","id":10004323,"pay_list":"","pay_tool":""},{"index":28,"shop":"四湖鄉公有零售市場-陳良存","zone":"雲嘉南","city":"雲林縣","area":"四湖鄉","market_address":"雲林縣四湖鄉湖西村7鄰新市街102號","user":"陳良存","行業代號":null,"market_name":"四湖鄉公有零售市場","行業代號1":null,"名稱1":null,"行業代號2":null,"名稱2":null,"行業代號3":null,"名稱3":null,"category":"夜市/市場攤販","id":10004324,"pay_list":"","pay_tool":""},{"index":29,"shop":"四湖鄉公有零售市場-吳文峰","zone":"雲嘉南","city":"雲林縣","area":"四湖鄉","market_address":"雲林縣四湖鄉湖西村7鄰新市街102號","user":"吳文峰","行業代號":null,"market_name":"四湖鄉公有零售市場","行業代號1":null,"名稱1":null,"行業代號2":null,"名稱2":null,"行業代號3":null,"名稱3":null,"category":"夜市/市場攤販","id":10004325,"pay_list":"","pay_tool":""},{"index":30,"shop":"四湖鄉公有零售市場-王昇基","zone":"雲嘉南","city":"雲林縣","area":"四湖鄉","market_address":"雲林縣四湖鄉湖西村7鄰新市街102號","user":"王昇基","行業代號":null,"market_name":"四湖鄉公有零售市場","行業代號1":null,"名稱1":null,"行業代號2":null,"名稱2":null,"行業代號3":null,"名稱3":null,"category":"夜市/市場攤販","id":10004327,"pay_list":"","pay_tool":""},{"index":31,"shop":"四湖鄉公有零售市場-吳秋澐","zone":"雲嘉南","city":"雲林縣","area":"四湖鄉","market_address":"雲林縣四湖鄉湖西村7鄰新市街102號","user":"吳秋澐","行業代號":null,"market_name":"四湖鄉公有零售市場","行業代號1":null,"名稱1":null,"行業代號2":null,"名稱2":null,"行業代號3":null,"名稱3":null,"category":"夜市/市場攤販","id":10004328,"pay_list":"","pay_tool":""},{"index":32,"shop":"四湖鄉公有零售市場-王瑞賢","zone":"雲嘉南","city":"雲林縣","area":"四湖鄉","market_address":"雲林縣四湖鄉湖西村7鄰新市街102號","user":"王瑞賢","行業代號":null,"market_name":"四湖鄉公有零售市場","行業代號1":null,"名稱1":null,"行業代號2":null,"名稱2":null,"行業代號3":null,"名稱3":null,"category":"夜市/市場攤販","id":10004329,"pay_list":"","pay_tool":""},{"index":33,"shop":"四湖鄉公有零售市場-洪玉雪","zone":"雲嘉南","city":"雲林縣","area":"四湖鄉","market_address":"雲林縣四湖鄉湖西村7鄰新市街102號","user":"洪玉雪","行業代號":null,"market_name":"四湖鄉公有零售市場","行業代號1":null,"名稱1":null,"行業代號2":null,"名稱2":null,"行業代號3":null,"名稱3":null,"category":"夜市/市場攤販","id":10004330,"pay_list":"","pay_tool":""},{"index":34,"shop":"四湖鄉公有零售市場-林以來","zone":"雲嘉南","city":"雲林縣","area":"四湖鄉","market_address":"雲林縣四湖鄉湖西村7鄰新市街102號","user":"林以來","行業代號":null,"market_name":"四湖鄉公有零售市場","行業代號1":null,"名稱1":null,"行業代號2":null,"名稱2":null,"行業代號3":null,"名稱3":null,"category":"夜市/市場攤販","id":10004331,"pay_list":"","pay_tool":""},{"index":35,"shop":"四湖鄉公有零售市場-吳世雄","zone":"雲嘉南","city":"雲林縣","area":"四湖鄉","market_address":"雲林縣四湖鄉湖西村7鄰新市街102號","user":"吳世雄","行業代號":null,"market_name":"四湖鄉公有零售市場","行業代號1":null,"名稱1":null,"行業代號2":null,"名稱2":null,"行業代號3":null,"名稱3":null,"category":"夜市/市場攤販","id":10004332,"pay_list":"","pay_tool":""},{"index":36,"shop":"四湖鄉公有零售市場-林美惠","zone":"雲嘉南","city":"雲林縣","area":"四湖鄉","market_address":"雲林縣四湖鄉湖西村7鄰新市街102號","user":"林美惠","行業代號":null,"market_name":"四湖鄉公有零售市場","行業代號1":null,"名稱1":null,"行業代號2":null,"名稱2":null,"行業代號3":null,"名稱3":null,"category":"夜市/市場攤販","id":10004333,"pay_list":"","pay_tool":""},{"index":37,"shop":"四湖鄉公有零售市場-林秀蘭","zone":"雲嘉南","city":"雲林縣","area":"四湖鄉","market_address":"雲林縣四湖鄉湖西村7鄰新市街102號","user":"林秀蘭","行業代號":null,"market_name":"四湖鄉公有零售市場","行業代號1":null,"名稱1":null,"行業代號2":null,"名稱2":null,"行業代號3":null,"名稱3":null,"category":"夜市/市場攤販","id":10004334,"pay_list":"","pay_tool":""},{"index":38,"shop":"四湖鄉公有零售市場-吳孟學","zone":"雲嘉南","city":"雲林縣","area":"四湖鄉","market_address":"雲林縣四湖鄉湖西村7鄰新市街102號","user":"吳孟學","行業代號":null,"market_name":"四湖鄉公有零售市場","行業代號1":null,"名稱1":null,"行業代號2":null,"名稱2":null,"行業代號3":null,"名稱3":null,"category":"夜市/市場攤販","id":10004335,"pay_list":"","pay_tool":""},{"index":39,"shop":"四湖鄉公有零售市場-陳科學","zone":"雲嘉南","city":"雲林縣","area":"四湖鄉","market_address":"雲林縣四湖鄉湖西村7鄰新市街102號","user":"陳科學","行業代號":null,"market_name":"四湖鄉公有零售市場","行業代號1":null,"名稱1":null,"行業代號2":null,"名稱2":null,"行業代號3":null,"名稱3":null,"category":"夜市/市場攤販","id":10004336,"pay_list":"","pay_tool":""},{"index":40,"shop":"四湖鄉公有零售市場-林綠枝","zone":"雲嘉南","city":"雲林縣","area":"四湖鄉","market_address":"雲林縣四湖鄉湖西村7鄰新市街102號","user":"林綠枝","行業代號":null,"market_name":"四湖鄉公有零售市場","行業代號1":null,"名稱1":null,"行業代號2":null,"名稱2":null,"行業代號3":null,"名稱3":null,"category":"夜市/市場攤販","id":10004338,"pay_list":"","pay_tool":""},{"index":41,"shop":"四湖鄉公有零售市場-李層美","zone":"雲嘉南","city":"雲林縣","area":"四湖鄉","market_address":"雲林縣四湖鄉湖西村7鄰新市街102號","user":"李層美","行業代號":null,"market_name":"四湖鄉公有零售市場","行業代號1":null,"名稱1":null,"行業代號2":null,"名稱2":null,"行業代號3":null,"名稱3":null,"category":"夜市/市場攤販","id":10004339,"pay_list":"","pay_tool":""},{"index":42,"shop":"四湖鄉公有零售市場-陳金雪","zone":"雲嘉南","city":"雲林縣","area":"四湖鄉","market_address":"雲林縣四湖鄉湖西村7鄰新市街102號","user":"陳金雪","行業代號":null,"market_name":"四湖鄉公有零售市場","行業代號1":null,"名稱1":null,"行業代號2":null,"名稱2":null,"行業代號3":null,"名稱3":null,"category":"夜市/市場攤販","id":10004340,"pay_list":"","pay_tool":""},{"index":43,"shop":"四湖鄉公有零售市場-陳明延","zone":"雲嘉南","city":"雲林縣","area":"四湖鄉","market_address":"雲林縣四湖鄉湖西村7鄰新市街102號","user":"陳明延","行業代號":null,"market_name":"四湖鄉公有零售市場","行業代號1":null,"名稱1":null,"行業代號2":null,"名稱2":null,"行業代號3":null,"名稱3":null,"category":"夜市/市場攤販","id":10004341,"pay_list":"","pay_tool":""},{"index":44,"shop":"四湖鄉公有零售市場-丁麗娟","zone":"雲嘉南","city":"雲林縣","area":"四湖鄉","market_address":"雲林縣四湖鄉湖西村7鄰新市街102號","user":"丁麗娟","行業代號":null,"market_name":"四湖鄉公有零售市場","行業代號1":null,"名稱1":null,"行業代號2":null,"名稱2":null,"行業代號3":null,"名稱3":null,"category":"夜市/市場攤販","id":10004342,"pay_list":"","pay_tool":""},{"index":45,"shop":"四湖鄉公有零售市場-陳文斌","zone":"雲嘉南","city":"雲林縣","area":"四湖鄉","market_address":"雲林縣四湖鄉湖西村7鄰新市街102號","user":"陳文斌","行業代號":null,"market_name":"四湖鄉公有零售市場","行業代號1":null,"名稱1":null,"行業代號2":null,"名稱2":null,"行業代號3":null,"名稱3":null,"category":"夜市/市場攤販","id":10004343,"pay_list":"","pay_tool":""},{"index":46,"shop":"四湖鄉公有零售市場-吳李純毓","zone":"雲嘉南","city":"雲林縣","area":"四湖鄉","market_address":"雲林縣四湖鄉湖西村7鄰新市街102號","user":"吳李純毓","行業代號":null,"market_name":"四湖鄉公有零售市場","行業代號1":null,"名稱1":null,"行業代號2":null,"名稱2":null,"行業代號3":null,"名稱3":null,"category":"夜市/市場攤販","id":10004344,"pay_list":"","pay_tool":""},{"index":47,"shop":"四湖鄉公有零售市場-蔡雅娟","zone":"雲嘉南","city":"雲林縣","area":"四湖鄉","market_address":"雲林縣四湖鄉湖西村7鄰新市街102號","user":"蔡雅娟","行業代號":null,"market_name":"四湖鄉公有零售市場","行業代號1":null,"名稱1":null,"行業代號2":null,"名稱2":null,"行業代號3":null,"名稱3":null,"category":"夜市/市場攤販","id":10004345,"pay_list":"","pay_tool":""},{"index":48,"shop":"四湖鄉公有零售市場-王志豪","zone":"雲嘉南","city":"雲林縣","area":"四湖鄉","market_address":"雲林縣四湖鄉湖西村7鄰新市街102號","user":"王志豪","行業代號":null,"market_name":"四湖鄉公有零售市場","行業代號1":null,"名稱1":null,"行業代號2":null,"名稱2":null,"行業代號3":null,"名稱3":null,"category":"夜市/市場攤販","id":10004346,"pay_list":"","pay_tool":""},{"index":49,"shop":"四湖鄉公有零售市場-尹正中","zone":"雲嘉南","city":"雲林縣","area":"四湖鄉","market_address":"雲林縣四湖鄉湖西村7鄰新市街102號","user":"尹正中","行業代號":null,"market_name":"四湖鄉公有零售市場","行業代號1":null,"名稱1":null,"行業代號2":null,"名稱2":null,"行業代號3":null,"名稱3":null,"category":"夜市/市場攤販","id":10004347,"pay_list":"","pay_tool":""},{"index":50,"shop":"四湖鄉公有零售市場-李寶蓮","zone":"雲嘉南","city":"雲林縣","area":"四湖鄉","market_address":"雲林縣四湖鄉湖西村7鄰新市街102號","user":"李寶蓮","行業代號":null,"market_name":"四湖鄉公有零售市場","行業代號1":null,"名稱1":null,"行業代號2":null,"名稱2":null,"行業代號3":null,"名稱3":null,"category":"夜市/市場攤販","id":10004349,"pay_list":"","pay_tool":""},{"index":51,"shop":"四湖鄉公有零售市場-吳秀華","zone":"雲嘉南","city":"雲林縣","area":"四湖鄉","market_address":"雲林縣四湖鄉湖西村7鄰新市街102號","user":"吳秀華","行業代號":null,"market_name":"四湖鄉公有零售市場","行業代號1":null,"名稱1":null,"行業代號2":null,"名稱2":null,"行業代號3":null,"名稱3":null,"category":"夜市/市場攤販","id":10004350,"pay_list":"","pay_tool":""},{"index":52,"shop":"四湖鄉公有零售市場-黃為榮","zone":"雲嘉南","city":"雲林縣","area":"四湖鄉","market_address":"雲林縣四湖鄉湖西村7鄰新市街102號","user":"黃為榮","行業代號":null,"market_name":"四湖鄉公有零售市場","行業代號1":null,"名稱1":null,"行業代號2":null,"名稱2":null,"行業代號3":null,"名稱3":null,"category":"夜市/市場攤販","id":10004351,"pay_list":"","pay_tool":""},{"index":53,"shop":"四湖鄉公有零售市場-陳清標","zone":"雲嘉南","city":"雲林縣","area":"四湖鄉","market_address":"雲林縣四湖鄉湖西村7鄰新市街102號","user":"陳清標","行業代號":null,"market_name":"四湖鄉公有零售市場","行業代號1":null,"名稱1":null,"行業代號2":null,"名稱2":null,"行業代號3":null,"名稱3":null,"category":"夜市/市場攤販","id":10004352,"pay_list":"","pay_tool":""},{"index":54,"shop":"四湖鄉公有零售市場-吳汶宏","zone":"雲嘉南","city":"雲林縣","area":"四湖鄉","market_address":"雲林縣四湖鄉湖西村7鄰新市街102號","user":"吳汶宏","行業代號":null,"market_name":"四湖鄉公有零售市場","行業代號1":null,"名稱1":null,"行業代號2":null,"名稱2":null,"行業代號3":null,"名稱3":null,"category":"夜市/市場攤販","id":10004353,"pay_list":"","pay_tool":""},{"index":55,"shop":"四湖鄉公有零售市場-林秉逸","zone":"雲嘉南","city":"雲林縣","area":"四湖鄉","market_address":"雲林縣四湖鄉湖西村7鄰新市街102號","user":"林秉逸","行業代號":null,"market_name":"四湖鄉公有零售市場","行業代號1":null,"名稱1":null,"行業代號2":null,"名稱2":null,"行業代號3":null,"名稱3":null,"category":"夜市/市場攤販","id":10004354,"pay_list":"","pay_tool":""},{"index":56,"shop":"四湖鄉公有零售市場-吳東和","zone":"雲嘉南","city":"雲林縣","area":"四湖鄉","market_address":"雲林縣四湖鄉湖西村7鄰新市街102號","user":"吳東和","行業代號":null,"market_name":"四湖鄉公有零售市場","行業代號1":null,"名稱1":null,"行業代號2":null,"名稱2":null,"行業代號3":null,"名稱3":null,"category":"夜市/市場攤販","id":10004355,"pay_list":"","pay_tool":""},{"index":57,"shop":"四湖鄉公有零售市場-蔡  著","zone":"雲嘉南","city":"雲林縣","area":"四湖鄉","market_address":"雲林縣四湖鄉湖西村7鄰新市街102號","user":"蔡  著","行業代號":null,"market_name":"四湖鄉公有零售市場","行業代號1":null,"名稱1":null,"行業代號2":null,"名稱2":null,"行業代號3":null,"名稱3":null,"category":"夜市/市場攤販","id":10004356,"pay_list":"","pay_tool":""},{"index":58,"shop":"四湖鄉公有零售市場-蔡雪美","zone":"雲嘉南","city":"雲林縣","area":"四湖鄉","market_address":"雲林縣四湖鄉湖西村7鄰新市街102號","user":"蔡雪美","行業代號":null,"market_name":"四湖鄉公有零售市場","行業代號1":null,"名稱1":null,"行業代號2":null,"名稱2":null,"行業代號3":null,"名稱3":null,"category":"夜市/市場攤販","id":10004357,"pay_list":"","pay_tool":""},{"index":59,"shop":"四湖鄉公有零售市場-涂秋禎","zone":"雲嘉南","city":"雲林縣","area":"四湖鄉","market_address":"雲林縣四湖鄉湖西村7鄰新市街102號","user":"涂秋禎","行業代號":null,"market_name":"四湖鄉公有零售市場","行業代號1":null,"名稱1":null,"行業代號2":null,"名稱2":null,"行業代號3":null,"名稱3":null,"category":"夜市/市場攤販","id":10004358,"pay_list":"","pay_tool":""},{"index":60,"shop":"四湖鄉公有零售市場-陳寶川","zone":"雲嘉南","city":"雲林縣","area":"四湖鄉","market_address":"雲林縣四湖鄉湖西村7鄰新市街102號","user":"陳寶川","行業代號":null,"market_name":"四湖鄉公有零售市場","行業代號1":null,"名稱1":null,"行業代號2":null,"名稱2":null,"行業代號3":null,"名稱3":null,"category":"夜市/市場攤販","id":10004360,"pay_list":"","pay_tool":""},{"index":61,"shop":"四湖鄉公有零售市場-吳烏汝","zone":"雲嘉南","city":"雲林縣","area":"四湖鄉","market_address":"雲林縣四湖鄉湖西村7鄰新市街102號","user":"吳烏汝","行業代號":null,"market_name":"四湖鄉公有零售市場","行業代號1":null,"名稱1":null,"行業代號2":null,"名稱2":null,"行業代號3":null,"名稱3":null,"category":"夜市/市場攤販","id":10004361,"pay_list":"","pay_tool":""},{"index":62,"shop":"四湖鄉公有零售市場-陳秋足","zone":"雲嘉南","city":"雲林縣","area":"四湖鄉","market_address":"雲林縣四湖鄉湖西村7鄰新市街102號","user":"陳秋足","行業代號":null,"market_name":"四湖鄉公有零售市場","行業代號1":null,"名稱1":null,"行業代號2":null,"名稱2":null,"行業代號3":null,"名稱3":null,"category":"夜市/市場攤販","id":10004362,"pay_list":"","pay_tool":""},{"index":63,"shop":"四湖鄉公有零售市場-王春糶","zone":"雲嘉南","city":"雲林縣","area":"四湖鄉","market_address":"雲林縣四湖鄉湖西村7鄰新市街102號","user":"王春糶","行業代號":null,"market_name":"四湖鄉公有零售市場","行業代號1":null,"名稱1":null,"行業代號2":null,"名稱2":null,"行業代號3":null,"名稱3":null,"category":"夜市/市場攤販","id":10004363,"pay_list":"","pay_tool":""},{"index":64,"shop":"四湖鄉公有零售市場-吳長益","zone":"雲嘉南","city":"雲林縣","area":"四湖鄉","market_address":"雲林縣四湖鄉湖西村7鄰新市街102號","user":"吳長益","行業代號":null,"market_name":"四湖鄉公有零售市場","行業代號1":null,"名稱1":null,"行業代號2":null,"名稱2":null,"行業代號3":null,"名稱3":null,"category":"夜市/市場攤販","id":10004364,"pay_list":"","pay_tool":""},{"index":65,"shop":"四湖鄉公有零售市場-蔡吳桂花","zone":"雲嘉南","city":"雲林縣","area":"四湖鄉","market_address":"雲林縣四湖鄉湖西村7鄰新市街102號","user":"蔡吳桂花","行業代號":null,"market_name":"四湖鄉公有零售市場","行業代號1":null,"名稱1":null,"行業代號2":null,"名稱2":null,"行業代號3":null,"名稱3":null,"category":"夜市/市場攤販","id":10004365,"pay_list":"","pay_tool":""},{"index":66,"shop":"四湖鄉公有零售市場-蔡逸琳","zone":"雲嘉南","city":"雲林縣","area":"四湖鄉","market_address":"雲林縣四湖鄉湖西村7鄰新市街102號","user":"蔡逸琳","行業代號":null,"market_name":"四湖鄉公有零售市場","行業代號1":null,"名稱1":null,"行業代號2":null,"名稱2":null,"行業代號3":null,"名稱3":null,"category":"夜市/市場攤販","id":10004366,"pay_list":"","pay_tool":""},{"index":67,"shop":"四湖鄉公有零售市場-黃正義","zone":"雲嘉南","city":"雲林縣","area":"四湖鄉","market_address":"雲林縣四湖鄉湖西村7鄰新市街102號","user":"黃正義","行業代號":null,"market_name":"四湖鄉公有零售市場","行業代號1":null,"名稱1":null,"行業代號2":null,"名稱2":null,"行業代號3":null,"名稱3":null,"category":"夜市/市場攤販","id":10004367,"pay_list":"","pay_tool":""},{"index":68,"shop":"王玉卿","zone":"雲嘉南","city":"雲林縣","area":"四湖鄉","market_address":"雲林縣四湖鄉崙北村海清路海清宮廟邊","user":"王玉卿","行業代號":null,"market_name":["餐食攤販"],"行業代號1":null,"名稱1":null,"行業代號2":null,"名稱2":null,"行業代號3":null,"名稱3":null,"category":["夜市/市場攤販"],"id":20032652,"pay_list":"","pay_tool":""},{"index":69,"shop":"匯來飲料店","zone":"雲嘉南","city":"雲林縣","area":"四湖鄉","market_address":"雲林縣四湖鄉林厝村中華路６２巷６７號１樓","user":"錢翠華","行業代號":"563200","market_name":["調理飲料攤販"],"行業代號1":"","名稱1":"","行業代號2":"","名稱2":"","行業代號3":"","名稱3":"","category":["夜市/市場攤販"],"id":60058710,"pay_list":null,"pay_tool":null}]