[{"index":1,"shop":"派克脆皮雞排店","zone":"北北基","city":"臺北市","area":"文山區","market_address":"臺北市文山區興得里興隆路３段５８―２號","user":"柯明月","行業代號":"561200","market_name":["夾娃娃機店","餐食攤販"],"行業代號1":"932414","名稱1":"夾娃娃機店","行業代號2":"","名稱2":"","行業代號3":"","名稱3":"","category":["夜市/市場攤販"],"id":60035614},{"index":2,"shop":"四五大街小吃店","zone":"北北基","city":"臺北市","area":"文山區","market_address":"臺北市文山區萬興里指南路２段４５巷５號１樓","user":"簡鼎書","行業代號":"561200","market_name":["餐食攤販"],"行業代號1":"","名稱1":"","行業代號2":"","名稱2":"","行業代號3":"","名稱3":"","category":["夜市/市場攤販"],"id":60042837},{"index":3,"shop":"鴻力商行","zone":"北北基","city":"臺北市","area":"文山區","market_address":"臺北市文山區景東里景華街７６號","user":"何宜玲","行業代號":"561200","market_name":["餐食攤販"],"行業代號1":"","名稱1":"","行業代號2":"","名稱2":"","行業代號3":"","名稱3":"","category":["夜市/市場攤販"],"id":60043921},{"index":4,"shop":"萬隆脆皮雞排店","zone":"北北基","city":"臺北市","area":"文山區","market_address":"臺北市文山區萬隆里羅斯福路六段１２―２號","user":"陳煥宏","行業代號":"561200","market_name":["餐食攤販"],"行業代號1":"","名稱1":"","行業代號2":"","名稱2":"","行業代號3":"","名稱3":"","category":["夜市/市場攤販"],"id":60067701},{"index":5,"shop":"金薯園","zone":"北北基","city":"臺北市","area":"文山區","market_address":"臺北市文山區景仁里羅斯福路６段５０號","user":"張季卿","行業代號":"561200","market_name":["飲料零售","餐食攤販"],"行業代號1":"472914","名稱1":"飲料零售","行業代號2":"","名稱2":"","行業代號3":"","名稱3":"","category":["夜市/市場攤販"],"id":60075847},{"index":6,"shop":"景興自助餐店","zone":"北北基","city":"臺北市","area":"文山區","market_address":"臺北市文山區興福里景興路４７號","user":"蕭銘呈","行業代號":"561200","market_name":["餐食攤販"],"行業代號1":"","名稱1":"","行業代號2":"","名稱2":"","行業代號3":"","名稱3":"","category":["夜市/市場攤販"],"id":60075948},{"index":7,"shop":"花紛飛企業社","zone":"北北基","city":"臺北市","area":"文山區","market_address":"臺北市文山區興泰里辛亥路四段２２２巷１號１樓","user":"李玉芬","行業代號":"561200","market_name":["餐食攤販"],"行業代號1":"","名稱1":"","行業代號2":"","名稱2":"","行業代號3":"","名稱3":"","category":["夜市/市場攤販"],"id":60090980},{"index":8,"shop":"聖堡羅香雞排","zone":"北北基","city":"臺北市","area":"文山區","market_address":"臺北市文山區景行里羅斯福路６段４０３號１樓之３２","user":"郭諭樺","行業代號":"561200","market_name":["餐食攤販"],"行業代號1":"","名稱1":"","行業代號2":"","名稱2":"","行業代號3":"","名稱3":"","category":["夜市/市場攤販"],"id":60125263}]