[{"index":1,"id":10031233,"user":"蔡松卿","shop":"大甲第一公有零售市場-百貨","category":"夜市/市場攤販","zone":"中彰投","city":"臺中市","area":"大甲區","market_name":"大甲第一公有零售市場","market_address":"臺中市大甲區順天路146號","pay_list":"","pay_tool":"","行業代號":null,"行業代號1":null,"名稱1":null,"行業代號2":null,"名稱2":null,"行業代號3":null,"名稱3":null},{"index":2,"id":10031234,"user":"王裕豐","shop":"大甲第一公有零售市場-順伯粉腸","category":"夜市/市場攤販","zone":"中彰投","city":"臺中市","area":"大甲區","market_name":"大甲第一公有零售市場","market_address":"臺中市大甲區順天路146號","pay_list":"","pay_tool":"","行業代號":null,"行業代號1":null,"名稱1":null,"行業代號2":null,"名稱2":null,"行業代號3":null,"名稱3":null},{"index":3,"id":10031235,"user":"王元吉","shop":"大甲第一公有零售市場-順伯粉腸","category":"夜市/市場攤販","zone":"中彰投","city":"臺中市","area":"大甲區","market_name":"大甲第一公有零售市場","market_address":"臺中市大甲區順天路146號","pay_list":"","pay_tool":"","行業代號":null,"行業代號1":null,"名稱1":null,"行業代號2":null,"名稱2":null,"行業代號3":null,"名稱3":null},{"index":4,"id":10031237,"user":"高子軒","shop":"大甲第一公有零售市場-大甲城燒餅","category":"夜市/市場攤販","zone":"中彰投","city":"臺中市","area":"大甲區","market_name":"大甲第一公有零售市場","market_address":"臺中市大甲區順天路146號","pay_list":"","pay_tool":"","行業代號":null,"行業代號1":null,"名稱1":null,"行業代號2":null,"名稱2":null,"行業代號3":null,"名稱3":null},{"index":5,"id":10031238,"user":"郭榮堂","shop":"大甲第一公有零售市場-百貨","category":"夜市/市場攤販","zone":"中彰投","city":"臺中市","area":"大甲區","market_name":"大甲第一公有零售市場","market_address":"臺中市大甲區順天路146號","pay_list":"","pay_tool":"","行業代號":null,"行業代號1":null,"名稱1":null,"行業代號2":null,"名稱2":null,"行業代號3":null,"名稱3":null},{"index":6,"id":10031239,"user":"鄭碧雲","shop":"大甲第一公有零售市場-金光肉圓","category":"夜市/市場攤販","zone":"中彰投","city":"臺中市","area":"大甲區","market_name":"大甲第一公有零售市場","market_address":"臺中市大甲區順天路146號","pay_list":"","pay_tool":"","行業代號":null,"行業代號1":null,"名稱1":null,"行業代號2":null,"名稱2":null,"行業代號3":null,"名稱3":null},{"index":7,"id":10031240,"user":"羅天偉","shop":"大甲第一公有零售市場-市場冷熱豆花","category":"夜市/市場攤販","zone":"中彰投","city":"臺中市","area":"大甲區","market_name":"大甲第一公有零售市場","market_address":"臺中市大甲區順天路146號","pay_list":"","pay_tool":"","行業代號":null,"行業代號1":null,"名稱1":null,"行業代號2":null,"名稱2":null,"行業代號3":null,"名稱3":null},{"index":8,"id":10031241,"user":"羅承泰","shop":"大甲第一公有零售市場-市仔口炒飯","category":"夜市/市場攤販","zone":"中彰投","city":"臺中市","area":"大甲區","market_name":"大甲第一公有零售市場","market_address":"臺中市大甲區順天路146號","pay_list":"","pay_tool":"","行業代號":null,"行業代號1":null,"名稱1":null,"行業代號2":null,"名稱2":null,"行業代號3":null,"名稱3":null},{"index":9,"id":10031242,"user":"楊佳瀅","shop":"大甲第一公有零售市場-市仔口炒飯","category":"夜市/市場攤販","zone":"中彰投","city":"臺中市","area":"大甲區","market_name":"大甲第一公有零售市場","market_address":"臺中市大甲區順天路146號","pay_list":"","pay_tool":"","行業代號":null,"行業代號1":null,"名稱1":null,"行業代號2":null,"名稱2":null,"行業代號3":null,"名稱3":null},{"index":10,"id":10031243,"user":"林吳足","shop":"大甲第一公有零售市場-圓環魚翅肉羹","category":"夜市/市場攤販","zone":"中彰投","city":"臺中市","area":"大甲區","market_name":"大甲第一公有零售市場","market_address":"臺中市大甲區順天路146號","pay_list":"","pay_tool":"","行業代號":null,"行業代號1":null,"名稱1":null,"行業代號2":null,"名稱2":null,"行業代號3":null,"名稱3":null},{"index":11,"id":10031244,"user":"古敦仁","shop":"大甲第一公有零售市場-?魠魚?","category":"夜市/市場攤販","zone":"中彰投","city":"臺中市","area":"大甲區","market_name":"大甲第一公有零售市場","market_address":"臺中市大甲區順天路146號","pay_list":"","pay_tool":"","行業代號":null,"行業代號1":null,"名稱1":null,"行業代號2":null,"名稱2":null,"行業代號3":null,"名稱3":null},{"index":12,"id":10031245,"user":"許金昌","shop":"大甲第一公有零售市場-百貨","category":"夜市/市場攤販","zone":"中彰投","city":"臺中市","area":"大甲區","market_name":"大甲第一公有零售市場","market_address":"臺中市大甲區順天路146號","pay_list":"","pay_tool":"","行業代號":null,"行業代號1":null,"名稱1":null,"行業代號2":null,"名稱2":null,"行業代號3":null,"名稱3":null},{"index":13,"id":10031246,"user":"林黃伴","shop":"大甲第一公有零售市場-海產粥","category":"夜市/市場攤販","zone":"中彰投","city":"臺中市","area":"大甲區","market_name":"大甲第一公有零售市場","market_address":"臺中市大甲區順天路146號","pay_list":"","pay_tool":"","行業代號":null,"行業代號1":null,"名稱1":null,"行業代號2":null,"名稱2":null,"行業代號3":null,"名稱3":null},{"index":14,"id":10031248,"user":"張紹彰","shop":"大甲第一公有零售市場-廣元大藥局","category":"夜市/市場攤販","zone":"中彰投","city":"臺中市","area":"大甲區","market_name":"大甲第一公有零售市場","market_address":"臺中市大甲區順天路146號","pay_list":"","pay_tool":"","行業代號":null,"行業代號1":null,"名稱1":null,"行業代號2":null,"名稱2":null,"行業代號3":null,"名稱3":null},{"index":15,"id":10031249,"user":"張素貞","shop":"大甲第一公有零售市場-廣元大藥局","category":"夜市/市場攤販","zone":"中彰投","city":"臺中市","area":"大甲區","market_name":"大甲第一公有零售市場","market_address":"臺中市大甲區順天路146號","pay_list":"","pay_tool":"","行業代號":null,"行業代號1":null,"名稱1":null,"行業代號2":null,"名稱2":null,"行業代號3":null,"名稱3":null},{"index":16,"id":10031250,"user":"謝榮裕","shop":"大甲第一公有零售市場-百貨","category":"夜市/市場攤販","zone":"中彰投","city":"臺中市","area":"大甲區","market_name":"大甲第一公有零售市場","market_address":"臺中市大甲區順天路146號","pay_list":"","pay_tool":"","行業代號":null,"行業代號1":null,"名稱1":null,"行業代號2":null,"名稱2":null,"行業代號3":null,"名稱3":null},{"index":17,"id":10031251,"user":"吳素美","shop":"大甲第一公有零售市場-百貨","category":"夜市/市場攤販","zone":"中彰投","city":"臺中市","area":"大甲區","market_name":"大甲第一公有零售市場","market_address":"臺中市大甲區順天路146號","pay_list":"","pay_tool":"","行業代號":null,"行業代號1":null,"名稱1":null,"行業代號2":null,"名稱2":null,"行業代號3":null,"名稱3":null},{"index":18,"id":10031252,"user":"李偉元","shop":"大甲第一公有零售市場-百貨","category":"夜市/市場攤販","zone":"中彰投","city":"臺中市","area":"大甲區","market_name":"大甲第一公有零售市場","market_address":"臺中市大甲區順天路146號","pay_list":"","pay_tool":"","行業代號":null,"行業代號1":null,"名稱1":null,"行業代號2":null,"名稱2":null,"行業代號3":null,"名稱3":null},{"index":19,"id":10031253,"user":"蘇家男","shop":"大甲第一公有零售市場-百貨","category":"夜市/市場攤販","zone":"中彰投","city":"臺中市","area":"大甲區","market_name":"大甲第一公有零售市場","market_address":"臺中市大甲區順天路146號","pay_list":"","pay_tool":"","行業代號":null,"行業代號1":null,"名稱1":null,"行業代號2":null,"名稱2":null,"行業代號3":null,"名稱3":null},{"index":20,"id":10031254,"user":"林恒輝","shop":"大甲第一公有零售市場-百貨","category":"夜市/市場攤販","zone":"中彰投","city":"臺中市","area":"大甲區","market_name":"大甲第一公有零售市場","market_address":"臺中市大甲區順天路146號","pay_list":"","pay_tool":"","行業代號":null,"行業代號1":null,"名稱1":null,"行業代號2":null,"名稱2":null,"行業代號3":null,"名稱3":null},{"index":21,"id":10031255,"user":"林錦彰","shop":"大甲第一公有零售市場-百貨","category":"夜市/市場攤販","zone":"中彰投","city":"臺中市","area":"大甲區","market_name":"大甲第一公有零售市場","market_address":"臺中市大甲區順天路146號","pay_list":"","pay_tool":"","行業代號":null,"行業代號1":null,"名稱1":null,"行業代號2":null,"名稱2":null,"行業代號3":null,"名稱3":null},{"index":22,"id":10031256,"user":"林王寶彩","shop":"大甲第一公有零售市場-林進興豬肉舖","category":"夜市/市場攤販","zone":"中彰投","city":"臺中市","area":"大甲區","market_name":"大甲第一公有零售市場","market_address":"臺中市大甲區順天路146號","pay_list":"","pay_tool":"","行業代號":null,"行業代號1":null,"名稱1":null,"行業代號2":null,"名稱2":null,"行業代號3":null,"名稱3":null},{"index":23,"id":10031257,"user":"王明惠","shop":"大甲第一公有零售市場-百貨","category":"夜市/市場攤販","zone":"中彰投","city":"臺中市","area":"大甲區","market_name":"大甲第一公有零售市場","market_address":"臺中市大甲區順天路146號","pay_list":"","pay_tool":"","行業代號":null,"行業代號1":null,"名稱1":null,"行業代號2":null,"名稱2":null,"行業代號3":null,"名稱3":null},{"index":24,"id":10031259,"user":"易周秋香","shop":"大甲第一公有零售市場-雞鴨鵝熟食舖","category":"夜市/市場攤販","zone":"中彰投","city":"臺中市","area":"大甲區","market_name":"大甲第一公有零售市場","market_address":"臺中市大甲區順天路146號","pay_list":"","pay_tool":"","行業代號":null,"行業代號1":null,"名稱1":null,"行業代號2":null,"名稱2":null,"行業代號3":null,"名稱3":null},{"index":25,"id":10031260,"user":"邵子儀","shop":"大甲第一公有零售市場-百貨","category":"夜市/市場攤販","zone":"中彰投","city":"臺中市","area":"大甲區","market_name":"大甲第一公有零售市場","market_address":"臺中市大甲區順天路146號","pay_list":"","pay_tool":"","行業代號":null,"行業代號1":null,"名稱1":null,"行業代號2":null,"名稱2":null,"行業代號3":null,"名稱3":null},{"index":26,"id":10031261,"user":"王暄雅","shop":"大甲第一公有零售市場-飲食攤","category":"夜市/市場攤販","zone":"中彰投","city":"臺中市","area":"大甲區","market_name":"大甲第一公有零售市場","market_address":"臺中市大甲區順天路146號","pay_list":"","pay_tool":"","行業代號":null,"行業代號1":null,"名稱1":null,"行業代號2":null,"名稱2":null,"行業代號3":null,"名稱3":null},{"index":27,"id":10031262,"user":"王陳照","shop":"大甲第一公有零售市場-飲食攤","category":"夜市/市場攤販","zone":"中彰投","city":"臺中市","area":"大甲區","market_name":"大甲第一公有零售市場","market_address":"臺中市大甲區順天路146號","pay_list":"","pay_tool":"","行業代號":null,"行業代號1":null,"名稱1":null,"行業代號2":null,"名稱2":null,"行業代號3":null,"名稱3":null},{"index":28,"id":10031263,"user":"蔡文祿","shop":"大甲第一公有零售市場-百貨","category":"夜市/市場攤販","zone":"中彰投","city":"臺中市","area":"大甲區","market_name":"大甲第一公有零售市場","market_address":"臺中市大甲區順天路146號","pay_list":"","pay_tool":"","行業代號":null,"行業代號1":null,"名稱1":null,"行業代號2":null,"名稱2":null,"行業代號3":null,"名稱3":null},{"index":29,"id":10031264,"user":"曾文慶","shop":"大甲第一公有零售市場-雜貨","category":"夜市/市場攤販","zone":"中彰投","city":"臺中市","area":"大甲區","market_name":"大甲第一公有零售市場","market_address":"臺中市大甲區順天路146號","pay_list":"","pay_tool":"","行業代號":null,"行業代號1":null,"名稱1":null,"行業代號2":null,"名稱2":null,"行業代號3":null,"名稱3":null},{"index":30,"id":10031265,"user":"高秋爐","shop":"大甲第一公有零售市場-百貨","category":"夜市/市場攤販","zone":"中彰投","city":"臺中市","area":"大甲區","market_name":"大甲第一公有零售市場","market_address":"臺中市大甲區順天路146號","pay_list":"","pay_tool":"","行業代號":null,"行業代號1":null,"名稱1":null,"行業代號2":null,"名稱2":null,"行業代號3":null,"名稱3":null},{"index":31,"id":10031266,"user":"賴如香","shop":"大甲第一公有零售市場-百貨","category":"夜市/市場攤販","zone":"中彰投","city":"臺中市","area":"大甲區","market_name":"大甲第一公有零售市場","market_address":"臺中市大甲區順天路146號","pay_list":"","pay_tool":"","行業代號":null,"行業代號1":null,"名稱1":null,"行業代號2":null,"名稱2":null,"行業代號3":null,"名稱3":null},{"index":32,"id":10031267,"user":"楊秀女","shop":"大甲第一公有零售市場-百貨","category":"夜市/市場攤販","zone":"中彰投","city":"臺中市","area":"大甲區","market_name":"大甲第一公有零售市場","market_address":"臺中市大甲區順天路146號","pay_list":"","pay_tool":"","行業代號":null,"行業代號1":null,"名稱1":null,"行業代號2":null,"名稱2":null,"行業代號3":null,"名稱3":null},{"index":33,"id":10031268,"user":"林添揚","shop":"大甲第一公有零售市場-百貨","category":"夜市/市場攤販","zone":"中彰投","city":"臺中市","area":"大甲區","market_name":"大甲第一公有零售市場","market_address":"臺中市大甲區順天路146號","pay_list":"","pay_tool":"","行業代號":null,"行業代號1":null,"名稱1":null,"行業代號2":null,"名稱2":null,"行業代號3":null,"名稱3":null},{"index":34,"id":10031271,"user":"林恒隆","shop":"大甲第一公有零售市場-百貨","category":"夜市/市場攤販","zone":"中彰投","city":"臺中市","area":"大甲區","market_name":"大甲第一公有零售市場","market_address":"臺中市大甲區順天路146號","pay_list":"","pay_tool":"","行業代號":null,"行業代號1":null,"名稱1":null,"行業代號2":null,"名稱2":null,"行業代號3":null,"名稱3":null},{"index":35,"id":10031272,"user":"蔡碧敦","shop":"大甲第一公有零售市場-熟食便菜舖","category":"夜市/市場攤販","zone":"中彰投","city":"臺中市","area":"大甲區","market_name":"大甲第一公有零售市場","market_address":"臺中市大甲區順天路146號","pay_list":"","pay_tool":"","行業代號":null,"行業代號1":null,"名稱1":null,"行業代號2":null,"名稱2":null,"行業代號3":null,"名稱3":null},{"index":36,"id":10031273,"user":"吳陳春","shop":"大甲第一公有零售市場-百貨","category":"夜市/市場攤販","zone":"中彰投","city":"臺中市","area":"大甲區","market_name":"大甲第一公有零售市場","market_address":"臺中市大甲區順天路146號","pay_list":"","pay_tool":"","行業代號":null,"行業代號1":null,"名稱1":null,"行業代號2":null,"名稱2":null,"行業代號3":null,"名稱3":null},{"index":37,"id":10031274,"user":"郭家君","shop":"大甲第一公有零售市場-豬肉舖","category":"夜市/市場攤販","zone":"中彰投","city":"臺中市","area":"大甲區","market_name":"大甲第一公有零售市場","market_address":"臺中市大甲區順天路146號","pay_list":"","pay_tool":"","行業代號":null,"行業代號1":null,"名稱1":null,"行業代號2":null,"名稱2":null,"行業代號3":null,"名稱3":null},{"index":38,"id":10031275,"user":"蘇慧妮","shop":"大甲第一公有零售市場-百貨","category":"夜市/市場攤販","zone":"中彰投","city":"臺中市","area":"大甲區","market_name":"大甲第一公有零售市場","market_address":"臺中市大甲區順天路146號","pay_list":"","pay_tool":"","行業代號":null,"行業代號1":null,"名稱1":null,"行業代號2":null,"名稱2":null,"行業代號3":null,"名稱3":null},{"index":39,"id":10031276,"user":"陳永昌","shop":"大甲第一公有零售市場-百貨","category":"夜市/市場攤販","zone":"中彰投","city":"臺中市","area":"大甲區","market_name":"大甲第一公有零售市場","market_address":"臺中市大甲區順天路146號","pay_list":"","pay_tool":"","行業代號":null,"行業代號1":null,"名稱1":null,"行業代號2":null,"名稱2":null,"行業代號3":null,"名稱3":null},{"index":40,"id":10031277,"user":"楊淑佩","shop":"大甲第一公有零售市場-飲食攤","category":"夜市/市場攤販","zone":"中彰投","city":"臺中市","area":"大甲區","market_name":"大甲第一公有零售市場","market_address":"臺中市大甲區順天路146號","pay_list":"","pay_tool":"","行業代號":null,"行業代號1":null,"名稱1":null,"行業代號2":null,"名稱2":null,"行業代號3":null,"名稱3":null},{"index":41,"id":10031278,"user":"謝采緹","shop":"大甲第一公有零售市場-百貨","category":"夜市/市場攤販","zone":"中彰投","city":"臺中市","area":"大甲區","market_name":"大甲第一公有零售市場","market_address":"臺中市大甲區順天路146號","pay_list":"","pay_tool":"","行業代號":null,"行業代號1":null,"名稱1":null,"行業代號2":null,"名稱2":null,"行業代號3":null,"名稱3":null},{"index":42,"id":10031279,"user":"顏福生","shop":"大甲第一公有零售市場-福生中草藥行","category":"夜市/市場攤販","zone":"中彰投","city":"臺中市","area":"大甲區","market_name":"大甲第一公有零售市場","market_address":"臺中市大甲區順天路146號","pay_list":"","pay_tool":"","行業代號":null,"行業代號1":null,"名稱1":null,"行業代號2":null,"名稱2":null,"行業代號3":null,"名稱3":null},{"index":43,"id":10031280,"user":"李美燕","shop":"大甲第一公有零售市場-百貨","category":"夜市/市場攤販","zone":"中彰投","city":"臺中市","area":"大甲區","market_name":"大甲第一公有零售市場","market_address":"臺中市大甲區順天路146號","pay_list":"","pay_tool":"","行業代號":null,"行業代號1":null,"名稱1":null,"行業代號2":null,"名稱2":null,"行業代號3":null,"名稱3":null},{"index":44,"id":10031282,"user":"洪麗淇","shop":"大甲第一公有零售市場-百貨","category":"夜市/市場攤販","zone":"中彰投","city":"臺中市","area":"大甲區","market_name":"大甲第一公有零售市場","market_address":"臺中市大甲區順天路146號","pay_list":"","pay_tool":"","行業代號":null,"行業代號1":null,"名稱1":null,"行業代號2":null,"名稱2":null,"行業代號3":null,"名稱3":null},{"index":45,"id":10031283,"user":"鄭金花","shop":"大甲第一公有零售市場-百貨","category":"夜市/市場攤販","zone":"中彰投","city":"臺中市","area":"大甲區","market_name":"大甲第一公有零售市場","market_address":"臺中市大甲區順天路146號","pay_list":"","pay_tool":"","行業代號":null,"行業代號1":null,"名稱1":null,"行業代號2":null,"名稱2":null,"行業代號3":null,"名稱3":null},{"index":46,"id":10031284,"user":"黃秀雲","shop":"大甲第一公有零售市場-飲食攤","category":"夜市/市場攤販","zone":"中彰投","city":"臺中市","area":"大甲區","market_name":"大甲第一公有零售市場","market_address":"臺中市大甲區順天路146號","pay_list":"","pay_tool":"","行業代號":null,"行業代號1":null,"名稱1":null,"行業代號2":null,"名稱2":null,"行業代號3":null,"名稱3":null},{"index":47,"id":10031285,"user":"何靜怡","shop":"大甲第一公有零售市場-百貨","category":"夜市/市場攤販","zone":"中彰投","city":"臺中市","area":"大甲區","market_name":"大甲第一公有零售市場","market_address":"臺中市大甲區順天路146號","pay_list":"","pay_tool":"","行業代號":null,"行業代號1":null,"名稱1":null,"行業代號2":null,"名稱2":null,"行業代號3":null,"名稱3":null},{"index":48,"id":10031286,"user":"王輝明","shop":"大甲第一公有零售市場-百貨","category":"夜市/市場攤販","zone":"中彰投","city":"臺中市","area":"大甲區","market_name":"大甲第一公有零售市場","market_address":"臺中市大甲區順天路146號","pay_list":"","pay_tool":"","行業代號":null,"行業代號1":null,"名稱1":null,"行業代號2":null,"名稱2":null,"行業代號3":null,"名稱3":null},{"index":49,"id":10031287,"user":"王仕賢","shop":"大甲第一公有零售市場-百貨","category":"夜市/市場攤販","zone":"中彰投","city":"臺中市","area":"大甲區","market_name":"大甲第一公有零售市場","market_address":"臺中市大甲區順天路146號","pay_list":"","pay_tool":"","行業代號":null,"行業代號1":null,"名稱1":null,"行業代號2":null,"名稱2":null,"行業代號3":null,"名稱3":null},{"index":50,"id":10031288,"user":"0","shop":"大甲第一公有零售市場-空鋪","category":"夜市/市場攤販","zone":"中彰投","city":"臺中市","area":"大甲區","market_name":"大甲第一公有零售市場","market_address":"臺中市大甲區順天路146號","pay_list":"","pay_tool":"","行業代號":null,"行業代號1":null,"名稱1":null,"行業代號2":null,"名稱2":null,"行業代號3":null,"名稱3":null},{"index":51,"id":10031289,"user":"周妍婷","shop":"大甲第一公有零售市場-飲食攤","category":"夜市/市場攤販","zone":"中彰投","city":"臺中市","area":"大甲區","market_name":"大甲第一公有零售市場","market_address":"臺中市大甲區順天路146號","pay_list":"","pay_tool":"","行業代號":null,"行業代號1":null,"名稱1":null,"行業代號2":null,"名稱2":null,"行業代號3":null,"名稱3":null},{"index":52,"id":10031290,"user":"李明鴻","shop":"大甲第一公有零售市場-百貨","category":"夜市/市場攤販","zone":"中彰投","city":"臺中市","area":"大甲區","market_name":"大甲第一公有零售市場","market_address":"臺中市大甲區順天路146號","pay_list":"","pay_tool":"","行業代號":null,"行業代號1":null,"名稱1":null,"行業代號2":null,"名稱2":null,"行業代號3":null,"名稱3":null},{"index":53,"id":10031291,"user":"陳宏璋","shop":"大甲第一公有零售市場-百貨","category":"夜市/市場攤販","zone":"中彰投","city":"臺中市","area":"大甲區","market_name":"大甲第一公有零售市場","market_address":"臺中市大甲區順天路146號","pay_list":"","pay_tool":"","行業代號":null,"行業代號1":null,"名稱1":null,"行業代號2":null,"名稱2":null,"行業代號3":null,"名稱3":null},{"index":54,"id":10031293,"user":"呂麗華","shop":"大甲第一公有零售市場-飲食攤","category":"夜市/市場攤販","zone":"中彰投","city":"臺中市","area":"大甲區","market_name":"大甲第一公有零售市場","market_address":"臺中市大甲區順天路146號","pay_list":"","pay_tool":"","行業代號":null,"行業代號1":null,"名稱1":null,"行業代號2":null,"名稱2":null,"行業代號3":null,"名稱3":null},{"index":55,"id":10031294,"user":"李韻玫","shop":"大甲第一公有零售市場-百貨","category":"夜市/市場攤販","zone":"中彰投","city":"臺中市","area":"大甲區","market_name":"大甲第一公有零售市場","market_address":"臺中市大甲區順天路146號","pay_list":"","pay_tool":"","行業代號":null,"行業代號1":null,"名稱1":null,"行業代號2":null,"名稱2":null,"行業代號3":null,"名稱3":null},{"index":56,"id":10031295,"user":"謝惠琴","shop":"大甲第一公有零售市場-生鮮蔬菜舖","category":"夜市/市場攤販","zone":"中彰投","city":"臺中市","area":"大甲區","market_name":"大甲第一公有零售市場","market_address":"臺中市大甲區順天路146號","pay_list":"","pay_tool":"","行業代號":null,"行業代號1":null,"名稱1":null,"行業代號2":null,"名稱2":null,"行業代號3":null,"名稱3":null},{"index":57,"id":10031296,"user":"陳建國","shop":"大甲第一公有零售市場-多信肉舖","category":"夜市/市場攤販","zone":"中彰投","city":"臺中市","area":"大甲區","market_name":"大甲第一公有零售市場","market_address":"臺中市大甲區順天路146號","pay_list":"","pay_tool":"","行業代號":null,"行業代號1":null,"名稱1":null,"行業代號2":null,"名稱2":null,"行業代號3":null,"名稱3":null},{"index":58,"id":10031297,"user":"莊建華","shop":"大甲第一公有零售市場-統旺肉品行","category":"夜市/市場攤販","zone":"中彰投","city":"臺中市","area":"大甲區","market_name":"大甲第一公有零售市場","market_address":"臺中市大甲區順天路146號","pay_list":"","pay_tool":"","行業代號":null,"行業代號1":null,"名稱1":null,"行業代號2":null,"名稱2":null,"行業代號3":null,"名稱3":null},{"index":59,"id":10031298,"user":"郭嘉富","shop":"大甲第一公有零售市場-豬肉舖","category":"夜市/市場攤販","zone":"中彰投","city":"臺中市","area":"大甲區","market_name":"大甲第一公有零售市場","market_address":"臺中市大甲區順天路146號","pay_list":"","pay_tool":"","行業代號":null,"行業代號1":null,"名稱1":null,"行業代號2":null,"名稱2":null,"行業代號3":null,"名稱3":null},{"index":60,"id":10031299,"user":"郭欣宜","shop":"大甲第一公有零售市場-豬肉舖","category":"夜市/市場攤販","zone":"中彰投","city":"臺中市","area":"大甲區","market_name":"大甲第一公有零售市場","market_address":"臺中市大甲區順天路146號","pay_list":"","pay_tool":"","行業代號":null,"行業代號1":null,"名稱1":null,"行業代號2":null,"名稱2":null,"行業代號3":null,"名稱3":null},{"index":61,"id":10031300,"user":"施秀霞","shop":"大甲第一公有零售市場-雜貨","category":"夜市/市場攤販","zone":"中彰投","city":"臺中市","area":"大甲區","market_name":"大甲第一公有零售市場","market_address":"臺中市大甲區順天路146號","pay_list":"","pay_tool":"","行業代號":null,"行業代號1":null,"名稱1":null,"行業代號2":null,"名稱2":null,"行業代號3":null,"名稱3":null},{"index":62,"id":10031301,"user":"吳謝秀說","shop":"大甲第一公有零售市場-百貨","category":"夜市/市場攤販","zone":"中彰投","city":"臺中市","area":"大甲區","market_name":"大甲第一公有零售市場","market_address":"臺中市大甲區順天路146號","pay_list":"","pay_tool":"","行業代號":null,"行業代號1":null,"名稱1":null,"行業代號2":null,"名稱2":null,"行業代號3":null,"名稱3":null},{"index":63,"id":10031302,"user":"林政誼","shop":"大甲第一公有零售市場-鮮魚行","category":"夜市/市場攤販","zone":"中彰投","city":"臺中市","area":"大甲區","market_name":"大甲第一公有零售市場","market_address":"臺中市大甲區順天路146號","pay_list":"","pay_tool":"","行業代號":null,"行業代號1":null,"名稱1":null,"行業代號2":null,"名稱2":null,"行業代號3":null,"名稱3":null},{"index":64,"id":10031304,"user":"林月英","shop":"大甲第一公有零售市場-鮮魚行","category":"夜市/市場攤販","zone":"中彰投","city":"臺中市","area":"大甲區","market_name":"大甲第一公有零售市場","market_address":"臺中市大甲區順天路146號","pay_list":"","pay_tool":"","行業代號":null,"行業代號1":null,"名稱1":null,"行業代號2":null,"名稱2":null,"行業代號3":null,"名稱3":null},{"index":65,"id":10031305,"user":"陳秀榛","shop":"大甲第一公有零售市場-生鮮蔬菜舖","category":"夜市/市場攤販","zone":"中彰投","city":"臺中市","area":"大甲區","market_name":"大甲第一公有零售市場","market_address":"臺中市大甲區順天路146號","pay_list":"","pay_tool":"","行業代號":null,"行業代號1":null,"名稱1":null,"行業代號2":null,"名稱2":null,"行業代號3":null,"名稱3":null},{"index":66,"id":10031306,"user":"賴建新","shop":"大甲第一公有零售市場-生鮮蔬菜舖","category":"夜市/市場攤販","zone":"中彰投","city":"臺中市","area":"大甲區","market_name":"大甲第一公有零售市場","market_address":"臺中市大甲區順天路146號","pay_list":"","pay_tool":"","行業代號":null,"行業代號1":null,"名稱1":null,"行業代號2":null,"名稱2":null,"行業代號3":null,"名稱3":null},{"index":67,"id":10031307,"user":"郭建狀","shop":"大甲第一公有零售市場-生鮮蔬菜舖","category":"夜市/市場攤販","zone":"中彰投","city":"臺中市","area":"大甲區","market_name":"大甲第一公有零售市場","market_address":"臺中市大甲區順天路146號","pay_list":"","pay_tool":"","行業代號":null,"行業代號1":null,"名稱1":null,"行業代號2":null,"名稱2":null,"行業代號3":null,"名稱3":null},{"index":68,"id":10031308,"user":"郭健立","shop":"大甲第一公有零售市場-生鮮蔬菜舖","category":"夜市/市場攤販","zone":"中彰投","city":"臺中市","area":"大甲區","market_name":"大甲第一公有零售市場","market_address":"臺中市大甲區順天路146號","pay_list":"","pay_tool":"","行業代號":null,"行業代號1":null,"名稱1":null,"行業代號2":null,"名稱2":null,"行業代號3":null,"名稱3":null},{"index":69,"id":10031309,"user":"梁佐助","shop":"大甲第一公有零售市場-丸助鮮魚行","category":"夜市/市場攤販","zone":"中彰投","city":"臺中市","area":"大甲區","market_name":"大甲第一公有零售市場","market_address":"臺中市大甲區順天路146號","pay_list":"","pay_tool":"","行業代號":null,"行業代號1":null,"名稱1":null,"行業代號2":null,"名稱2":null,"行業代號3":null,"名稱3":null},{"index":70,"id":10031310,"user":"王莊玉梅","shop":"大甲第一公有零售市場-生鮮蔬菜舖","category":"夜市/市場攤販","zone":"中彰投","city":"臺中市","area":"大甲區","market_name":"大甲第一公有零售市場","market_address":"臺中市大甲區順天路146號","pay_list":"","pay_tool":"","行業代號":null,"行業代號1":null,"名稱1":null,"行業代號2":null,"名稱2":null,"行業代號3":null,"名稱3":null},{"index":71,"id":10031311,"user":"林進興","shop":"大甲第一公有零售市場-林進興豬肉舖","category":"夜市/市場攤販","zone":"中彰投","city":"臺中市","area":"大甲區","market_name":"大甲第一公有零售市場","market_address":"臺中市大甲區順天路146號","pay_list":"","pay_tool":"","行業代號":null,"行業代號1":null,"名稱1":null,"行業代號2":null,"名稱2":null,"行業代號3":null,"名稱3":null},{"index":72,"id":10031312,"user":"呂萬財","shop":"大甲第一公有零售市場-呂雞鴨鵝","category":"夜市/市場攤販","zone":"中彰投","city":"臺中市","area":"大甲區","market_name":"大甲第一公有零售市場","market_address":"臺中市大甲區順天路146號","pay_list":"","pay_tool":"","行業代號":null,"行業代號1":null,"名稱1":null,"行業代號2":null,"名稱2":null,"行業代號3":null,"名稱3":null},{"index":73,"id":10031313,"user":"卓香茹","shop":"大甲第一公有零售市場-丸洲魚丸專賣店","category":"夜市/市場攤販","zone":"中彰投","city":"臺中市","area":"大甲區","market_name":"大甲第一公有零售市場","market_address":"臺中市大甲區順天路146號","pay_list":"","pay_tool":"","行業代號":null,"行業代號1":null,"名稱1":null,"行業代號2":null,"名稱2":null,"行業代號3":null,"名稱3":null},{"index":74,"id":10031315,"user":"陳宇信","shop":"大甲第一公有零售市場-丸洲魚丸專賣店","category":"夜市/市場攤販","zone":"中彰投","city":"臺中市","area":"大甲區","market_name":"大甲第一公有零售市場","market_address":"臺中市大甲區順天路146號","pay_list":"","pay_tool":"","行業代號":null,"行業代號1":null,"名稱1":null,"行業代號2":null,"名稱2":null,"行業代號3":null,"名稱3":null},{"index":75,"id":10031316,"user":"周美玲","shop":"大甲第一公有零售市場-五甲海鮮","category":"夜市/市場攤販","zone":"中彰投","city":"臺中市","area":"大甲區","market_name":"大甲第一公有零售市場","market_address":"臺中市大甲區順天路146號","pay_list":"","pay_tool":"","行業代號":null,"行業代號1":null,"名稱1":null,"行業代號2":null,"名稱2":null,"行業代號3":null,"名稱3":null},{"index":76,"id":10031317,"user":"蔡聰明","shop":"大甲第一公有零售市場-熟食便菜舖","category":"夜市/市場攤販","zone":"中彰投","city":"臺中市","area":"大甲區","market_name":"大甲第一公有零售市場","market_address":"臺中市大甲區順天路146號","pay_list":"","pay_tool":"","行業代號":null,"行業代號1":null,"名稱1":null,"行業代號2":null,"名稱2":null,"行業代號3":null,"名稱3":null},{"index":77,"id":10031318,"user":"林素琴","shop":"大甲第一公有零售市場-熟食便菜舖","category":"夜市/市場攤販","zone":"中彰投","city":"臺中市","area":"大甲區","market_name":"大甲第一公有零售市場","market_address":"臺中市大甲區順天路146號","pay_list":"","pay_tool":"","行業代號":null,"行業代號1":null,"名稱1":null,"行業代號2":null,"名稱2":null,"行業代號3":null,"名稱3":null},{"index":78,"id":10031319,"user":"邱秀靖","shop":"大甲第一公有零售市場-生鮮蔬菜舖","category":"夜市/市場攤販","zone":"中彰投","city":"臺中市","area":"大甲區","market_name":"大甲第一公有零售市場","market_address":"臺中市大甲區順天路146號","pay_list":"","pay_tool":"","行業代號":null,"行業代號1":null,"名稱1":null,"行業代號2":null,"名稱2":null,"行業代號3":null,"名稱3":null},{"index":79,"id":10031320,"user":"王玉雲","shop":"大甲第一公有零售市場-生鮮蔬菜舖","category":"夜市/市場攤販","zone":"中彰投","city":"臺中市","area":"大甲區","market_name":"大甲第一公有零售市場","market_address":"臺中市大甲區順天路146號","pay_list":"","pay_tool":"","行業代號":null,"行業代號1":null,"名稱1":null,"行業代號2":null,"名稱2":null,"行業代號3":null,"名稱3":null},{"index":80,"id":10031321,"user":"林志銘","shop":"大甲第一公有零售市場-孝德肉舖","category":"夜市/市場攤販","zone":"中彰投","city":"臺中市","area":"大甲區","market_name":"大甲第一公有零售市場","market_address":"臺中市大甲區順天路146號","pay_list":"","pay_tool":"","行業代號":null,"行業代號1":null,"名稱1":null,"行業代號2":null,"名稱2":null,"行業代號3":null,"名稱3":null},{"index":81,"id":10031322,"user":"林志鴻","shop":"大甲第一公有零售市場-孝德肉舖","category":"夜市/市場攤販","zone":"中彰投","city":"臺中市","area":"大甲區","market_name":"大甲第一公有零售市場","market_address":"臺中市大甲區順天路146號","pay_list":"","pay_tool":"","行業代號":null,"行業代號1":null,"名稱1":null,"行業代號2":null,"名稱2":null,"行業代號3":null,"名稱3":null},{"index":82,"id":10031323,"user":"柯芳雄","shop":"大甲第一公有零售市場-占百貨店","category":"夜市/市場攤販","zone":"中彰投","city":"臺中市","area":"大甲區","market_name":"大甲第一公有零售市場","market_address":"臺中市大甲區順天路146號","pay_list":"","pay_tool":"","行業代號":null,"行業代號1":null,"名稱1":null,"行業代號2":null,"名稱2":null,"行業代號3":null,"名稱3":null},{"index":83,"id":10031324,"user":"林珮愉","shop":"大甲第一公有零售市場-阿娟黑土豬肉店","category":"夜市/市場攤販","zone":"中彰投","city":"臺中市","area":"大甲區","market_name":"大甲第一公有零售市場","market_address":"臺中市大甲區順天路146號","pay_list":"","pay_tool":"","行業代號":null,"行業代號1":null,"名稱1":null,"行業代號2":null,"名稱2":null,"行業代號3":null,"名稱3":null},{"index":84,"id":10031326,"user":"楊銘鍚","shop":"大甲第一公有零售市場-阿娟黑土豬肉店","category":"夜市/市場攤販","zone":"中彰投","city":"臺中市","area":"大甲區","market_name":"大甲第一公有零售市場","market_address":"臺中市大甲區順天路146號","pay_list":"","pay_tool":"","行業代號":null,"行業代號1":null,"名稱1":null,"行業代號2":null,"名稱2":null,"行業代號3":null,"名稱3":null},{"index":85,"id":10031327,"user":"0","shop":"大甲第一公有零售市場-空攤","category":"夜市/市場攤販","zone":"中彰投","city":"臺中市","area":"大甲區","market_name":"大甲第一公有零售市場","market_address":"臺中市大甲區順天路146號","pay_list":"","pay_tool":"","行業代號":null,"行業代號1":null,"名稱1":null,"行業代號2":null,"名稱2":null,"行業代號3":null,"名稱3":null},{"index":86,"id":10031328,"user":"顏水土","shop":"大甲第一公有零售市場-兩?海產行","category":"夜市/市場攤販","zone":"中彰投","city":"臺中市","area":"大甲區","market_name":"大甲第一公有零售市場","market_address":"臺中市大甲區順天路146號","pay_list":"","pay_tool":"","行業代號":null,"行業代號1":null,"名稱1":null,"行業代號2":null,"名稱2":null,"行業代號3":null,"名稱3":null},{"index":87,"id":10031329,"user":"吳永祥","shop":"大甲第一公有零售市場-信海產行","category":"夜市/市場攤販","zone":"中彰投","city":"臺中市","area":"大甲區","market_name":"大甲第一公有零售市場","market_address":"臺中市大甲區順天路146號","pay_list":"","pay_tool":"","行業代號":null,"行業代號1":null,"名稱1":null,"行業代號2":null,"名稱2":null,"行業代號3":null,"名稱3":null},{"index":88,"id":10031330,"user":"馬碧東","shop":"大甲第一公有零售市場-阿淑菜舖","category":"夜市/市場攤販","zone":"中彰投","city":"臺中市","area":"大甲區","market_name":"大甲第一公有零售市場","market_address":"臺中市大甲區順天路146號","pay_list":"","pay_tool":"","行業代號":null,"行業代號1":null,"名稱1":null,"行業代號2":null,"名稱2":null,"行業代號3":null,"名稱3":null},{"index":89,"id":10031331,"user":"馬嘉宏","shop":"大甲第一公有零售市場-阿淑菜舖","category":"夜市/市場攤販","zone":"中彰投","city":"臺中市","area":"大甲區","market_name":"大甲第一公有零售市場","market_address":"臺中市大甲區順天路146號","pay_list":"","pay_tool":"","行業代號":null,"行業代號1":null,"名稱1":null,"行業代號2":null,"名稱2":null,"行業代號3":null,"名稱3":null},{"index":90,"id":10031332,"user":"郭泰程","shop":"大甲第一公有零售市場-泰程黑土豬肉店","category":"夜市/市場攤販","zone":"中彰投","city":"臺中市","area":"大甲區","market_name":"大甲第一公有零售市場","market_address":"臺中市大甲區順天路146號","pay_list":"","pay_tool":"","行業代號":null,"行業代號1":null,"名稱1":null,"行業代號2":null,"名稱2":null,"行業代號3":null,"名稱3":null},{"index":91,"id":10031333,"user":"蔡篤安","shop":"大甲第一公有零售市場-富安行肉鬆專賣店","category":"夜市/市場攤販","zone":"中彰投","city":"臺中市","area":"大甲區","market_name":"大甲第一公有零售市場","market_address":"臺中市大甲區順天路146號","pay_list":"","pay_tool":"","行業代號":null,"行業代號1":null,"名稱1":null,"行業代號2":null,"名稱2":null,"行業代號3":null,"名稱3":null},{"index":92,"id":10031334,"user":"楊秀?","shop":"大甲第一公有零售市場-富安行肉鬆專賣店","category":"夜市/市場攤販","zone":"中彰投","city":"臺中市","area":"大甲區","market_name":"大甲第一公有零售市場","market_address":"臺中市大甲區順天路146號","pay_list":"","pay_tool":"","行業代號":null,"行業代號1":null,"名稱1":null,"行業代號2":null,"名稱2":null,"行業代號3":null,"名稱3":null},{"index":93,"id":10031335,"user":"蔡政宗","shop":"大甲第一公有零售市場-富安行肉鬆專賣店","category":"夜市/市場攤販","zone":"中彰投","city":"臺中市","area":"大甲區","market_name":"大甲第一公有零售市場","market_address":"臺中市大甲區順天路146號","pay_list":"","pay_tool":"","行業代號":null,"行業代號1":null,"名稱1":null,"行業代號2":null,"名稱2":null,"行業代號3":null,"名稱3":null},{"index":94,"id":10031337,"user":"蔡成文","shop":"大甲第一公有零售市場-豬肉舖","category":"夜市/市場攤販","zone":"中彰投","city":"臺中市","area":"大甲區","market_name":"大甲第一公有零售市場","market_address":"臺中市大甲區順天路146號","pay_list":"","pay_tool":"","行業代號":null,"行業代號1":null,"名稱1":null,"行業代號2":null,"名稱2":null,"行業代號3":null,"名稱3":null},{"index":95,"id":10031338,"user":"洪秋祿","shop":"大甲第一公有零售市場-百貨","category":"夜市/市場攤販","zone":"中彰投","city":"臺中市","area":"大甲區","market_name":"大甲第一公有零售市場","market_address":"臺中市大甲區順天路146號","pay_list":"","pay_tool":"","行業代號":null,"行業代號1":null,"名稱1":null,"行業代號2":null,"名稱2":null,"行業代號3":null,"名稱3":null},{"index":96,"id":10031339,"user":"蔡成棋","shop":"大甲第一公有零售市場-飲食攤","category":"夜市/市場攤販","zone":"中彰投","city":"臺中市","area":"大甲區","market_name":"大甲第一公有零售市場","market_address":"臺中市大甲區順天路146號","pay_list":"","pay_tool":"","行業代號":null,"行業代號1":null,"名稱1":null,"行業代號2":null,"名稱2":null,"行業代號3":null,"名稱3":null},{"index":97,"id":10031340,"user":"白秀葳","shop":"大甲第一公有零售市場-飲食攤","category":"夜市/市場攤販","zone":"中彰投","city":"臺中市","area":"大甲區","market_name":"大甲第一公有零售市場","market_address":"臺中市大甲區順天路146號","pay_list":"","pay_tool":"","行業代號":null,"行業代號1":null,"名稱1":null,"行業代號2":null,"名稱2":null,"行業代號3":null,"名稱3":null},{"index":98,"id":10031341,"user":"王裕勝","shop":"大甲第一公有零售市場-飲食攤","category":"夜市/市場攤販","zone":"中彰投","city":"臺中市","area":"大甲區","market_name":"大甲第一公有零售市場","market_address":"臺中市大甲區順天路146號","pay_list":"","pay_tool":"","行業代號":null,"行業代號1":null,"名稱1":null,"行業代號2":null,"名稱2":null,"行業代號3":null,"名稱3":null},{"index":99,"id":10031342,"user":"顏世仁","shop":"大甲第一公有零售市場-飲食攤","category":"夜市/市場攤販","zone":"中彰投","city":"臺中市","area":"大甲區","market_name":"大甲第一公有零售市場","market_address":"臺中市大甲區順天路146號","pay_list":"","pay_tool":"","行業代號":null,"行業代號1":null,"名稱1":null,"行業代號2":null,"名稱2":null,"行業代號3":null,"名稱3":null},{"index":100,"id":10031343,"user":"林秉松","shop":"大甲第一公有零售市場-飲食攤","category":"夜市/市場攤販","zone":"中彰投","city":"臺中市","area":"大甲區","market_name":"大甲第一公有零售市場","market_address":"臺中市大甲區順天路146號","pay_list":"","pay_tool":"","行業代號":null,"行業代號1":null,"名稱1":null,"行業代號2":null,"名稱2":null,"行業代號3":null,"名稱3":null},{"index":101,"id":10031344,"user":"吳金枝","shop":"大甲第一公有零售市場-百貨","category":"夜市/市場攤販","zone":"中彰投","city":"臺中市","area":"大甲區","market_name":"大甲第一公有零售市場","market_address":"臺中市大甲區順天路146號","pay_list":"","pay_tool":"","行業代號":null,"行業代號1":null,"名稱1":null,"行業代號2":null,"名稱2":null,"行業代號3":null,"名稱3":null},{"index":102,"id":10031345,"user":"林振偉","shop":"大甲第一公有零售市場-雜貨","category":"夜市/市場攤販","zone":"中彰投","city":"臺中市","area":"大甲區","market_name":"大甲第一公有零售市場","market_address":"臺中市大甲區順天路146號","pay_list":"","pay_tool":"","行業代號":null,"行業代號1":null,"名稱1":null,"行業代號2":null,"名稱2":null,"行業代號3":null,"名稱3":null},{"index":103,"id":10031346,"user":"邵建博","shop":"大甲第一公有零售市場-雜貨","category":"夜市/市場攤販","zone":"中彰投","city":"臺中市","area":"大甲區","market_name":"大甲第一公有零售市場","market_address":"臺中市大甲區順天路146號","pay_list":"","pay_tool":"","行業代號":null,"行業代號1":null,"名稱1":null,"行業代號2":null,"名稱2":null,"行業代號3":null,"名稱3":null},{"index":104,"id":10031348,"user":"蔡麗秋","shop":"大甲第一公有零售市場-雜貨","category":"夜市/市場攤販","zone":"中彰投","city":"臺中市","area":"大甲區","market_name":"大甲第一公有零售市場","market_address":"臺中市大甲區順天路146號","pay_list":"","pay_tool":"","行業代號":null,"行業代號1":null,"名稱1":null,"行業代號2":null,"名稱2":null,"行業代號3":null,"名稱3":null},{"index":105,"id":10031349,"user":"張珍川","shop":"大甲第一公有零售市場-雜貨","category":"夜市/市場攤販","zone":"中彰投","city":"臺中市","area":"大甲區","market_name":"大甲第一公有零售市場","market_address":"臺中市大甲區順天路146號","pay_list":"","pay_tool":"","行業代號":null,"行業代號1":null,"名稱1":null,"行業代號2":null,"名稱2":null,"行業代號3":null,"名稱3":null},{"index":106,"id":10031350,"user":"蘇完","shop":"大甲第一公有零售市場-雞鴨鵝","category":"夜市/市場攤販","zone":"中彰投","city":"臺中市","area":"大甲區","market_name":"大甲第一公有零售市場","market_address":"臺中市大甲區順天路146號","pay_list":"","pay_tool":"","行業代號":null,"行業代號1":null,"名稱1":null,"行業代號2":null,"名稱2":null,"行業代號3":null,"名稱3":null},{"index":107,"id":10031351,"user":"林芳儀","shop":"大甲第一公有零售市場-雜貨","category":"夜市/市場攤販","zone":"中彰投","city":"臺中市","area":"大甲區","market_name":"大甲第一公有零售市場","market_address":"臺中市大甲區順天路146號","pay_list":"","pay_tool":"","行業代號":null,"行業代號1":null,"名稱1":null,"行業代號2":null,"名稱2":null,"行業代號3":null,"名稱3":null},{"index":108,"id":10031352,"user":"林杏茹","shop":"大甲第一公有零售市場-雜貨","category":"夜市/市場攤販","zone":"中彰投","city":"臺中市","area":"大甲區","market_name":"大甲第一公有零售市場","market_address":"臺中市大甲區順天路146號","pay_list":"","pay_tool":"","行業代號":null,"行業代號1":null,"名稱1":null,"行業代號2":null,"名稱2":null,"行業代號3":null,"名稱3":null},{"index":109,"id":10031353,"user":"蔡麗娥","shop":"大甲第一公有零售市場-飲食攤","category":"夜市/市場攤販","zone":"中彰投","city":"臺中市","area":"大甲區","market_name":"大甲第一公有零售市場","market_address":"臺中市大甲區順天路146號","pay_list":"","pay_tool":"","行業代號":null,"行業代號1":null,"名稱1":null,"行業代號2":null,"名稱2":null,"行業代號3":null,"名稱3":null},{"index":110,"id":10031354,"user":"戴志鋒","shop":"大甲第一公有零售市場-雜貨","category":"夜市/市場攤販","zone":"中彰投","city":"臺中市","area":"大甲區","market_name":"大甲第一公有零售市場","market_address":"臺中市大甲區順天路146號","pay_list":"","pay_tool":"","行業代號":null,"行業代號1":null,"名稱1":null,"行業代號2":null,"名稱2":null,"行業代號3":null,"名稱3":null},{"index":111,"id":10031355,"user":"戴生傳","shop":"大甲第一公有零售市場-雜貨","category":"夜市/市場攤販","zone":"中彰投","city":"臺中市","area":"大甲區","market_name":"大甲第一公有零售市場","market_address":"臺中市大甲區順天路146號","pay_list":"","pay_tool":"","行業代號":null,"行業代號1":null,"名稱1":null,"行業代號2":null,"名稱2":null,"行業代號3":null,"名稱3":null},{"index":112,"id":10031356,"user":"戴志忠","shop":"大甲第一公有零售市場-雜貨","category":"夜市/市場攤販","zone":"中彰投","city":"臺中市","area":"大甲區","market_name":"大甲第一公有零售市場","market_address":"臺中市大甲區順天路146號","pay_list":"","pay_tool":"","行業代號":null,"行業代號1":null,"名稱1":null,"行業代號2":null,"名稱2":null,"行業代號3":null,"名稱3":null},{"index":113,"id":10031357,"user":"許峻桀","shop":"大甲第一公有零售市場-豬肉舖","category":"夜市/市場攤販","zone":"中彰投","city":"臺中市","area":"大甲區","market_name":"大甲第一公有零售市場","market_address":"臺中市大甲區順天路146號","pay_list":"","pay_tool":"","行業代號":null,"行業代號1":null,"名稱1":null,"行業代號2":null,"名稱2":null,"行業代號3":null,"名稱3":null},{"index":114,"id":10031359,"user":"許應瑞","shop":"大甲第一公有零售市場-豬肉舖","category":"夜市/市場攤販","zone":"中彰投","city":"臺中市","area":"大甲區","market_name":"大甲第一公有零售市場","market_address":"臺中市大甲區順天路146號","pay_list":"","pay_tool":"","行業代號":null,"行業代號1":null,"名稱1":null,"行業代號2":null,"名稱2":null,"行業代號3":null,"名稱3":null},{"index":115,"id":10031360,"user":"陳淑女","shop":"大甲第一公有零售市場-豬肉舖","category":"夜市/市場攤販","zone":"中彰投","city":"臺中市","area":"大甲區","market_name":"大甲第一公有零售市場","market_address":"臺中市大甲區順天路146號","pay_list":"","pay_tool":"","行業代號":null,"行業代號1":null,"名稱1":null,"行業代號2":null,"名稱2":null,"行業代號3":null,"名稱3":null},{"index":116,"id":10031361,"user":"徐正行","shop":"大甲第一公有零售市場-全盈商行","category":"夜市/市場攤販","zone":"中彰投","city":"臺中市","area":"大甲區","market_name":"大甲第一公有零售市場","market_address":"臺中市大甲區順天路146號","pay_list":"","pay_tool":"","行業代號":null,"行業代號1":null,"名稱1":null,"行業代號2":null,"名稱2":null,"行業代號3":null,"名稱3":null},{"index":117,"id":10031362,"user":"謝進發","shop":"大甲第一公有零售市場-豬肉舖","category":"夜市/市場攤販","zone":"中彰投","city":"臺中市","area":"大甲區","market_name":"大甲第一公有零售市場","market_address":"臺中市大甲區順天路146號","pay_list":"","pay_tool":"","行業代號":null,"行業代號1":null,"名稱1":null,"行業代號2":null,"名稱2":null,"行業代號3":null,"名稱3":null},{"index":118,"id":10031363,"user":"林正烽","shop":"大甲第一公有零售市場-豬肉舖","category":"夜市/市場攤販","zone":"中彰投","city":"臺中市","area":"大甲區","market_name":"大甲第一公有零售市場","market_address":"臺中市大甲區順天路146號","pay_list":"","pay_tool":"","行業代號":null,"行業代號1":null,"名稱1":null,"行業代號2":null,"名稱2":null,"行業代號3":null,"名稱3":null},{"index":119,"id":10031364,"user":"童美珠","shop":"大甲第一公有零售市場-雜貨","category":"夜市/市場攤販","zone":"中彰投","city":"臺中市","area":"大甲區","market_name":"大甲第一公有零售市場","market_address":"臺中市大甲區順天路146號","pay_list":"","pay_tool":"","行業代號":null,"行業代號1":null,"名稱1":null,"行業代號2":null,"名稱2":null,"行業代號3":null,"名稱3":null},{"index":120,"id":10031365,"user":"林正洲","shop":"大甲第一公有零售市場-正洲肉品行","category":"夜市/市場攤販","zone":"中彰投","city":"臺中市","area":"大甲區","market_name":"大甲第一公有零售市場","market_address":"臺中市大甲區順天路146號","pay_list":"","pay_tool":"","行業代號":null,"行業代號1":null,"名稱1":null,"行業代號2":null,"名稱2":null,"行業代號3":null,"名稱3":null},{"index":121,"id":10031366,"user":"林正雄","shop":"大甲第一公有零售市場-正洲肉品行","category":"夜市/市場攤販","zone":"中彰投","city":"臺中市","area":"大甲區","market_name":"大甲第一公有零售市場","market_address":"臺中市大甲區順天路146號","pay_list":"","pay_tool":"","行業代號":null,"行業代號1":null,"名稱1":null,"行業代號2":null,"名稱2":null,"行業代號3":null,"名稱3":null},{"index":122,"id":10031367,"user":"林蔡碧緞","shop":"大甲第一公有零售市場-正洲肉品行","category":"夜市/市場攤販","zone":"中彰投","city":"臺中市","area":"大甲區","market_name":"大甲第一公有零售市場","market_address":"臺中市大甲區順天路146號","pay_list":"","pay_tool":"","行業代號":null,"行業代號1":null,"名稱1":null,"行業代號2":null,"名稱2":null,"行業代號3":null,"名稱3":null},{"index":123,"id":10031368,"user":"白書宇","shop":"大甲第一公有零售市場-生鮮蔬菜舖","category":"夜市/市場攤販","zone":"中彰投","city":"臺中市","area":"大甲區","market_name":"大甲第一公有零售市場","market_address":"臺中市大甲區順天路146號","pay_list":"","pay_tool":"","行業代號":null,"行業代號1":null,"名稱1":null,"行業代號2":null,"名稱2":null,"行業代號3":null,"名稱3":null},{"index":124,"id":10031370,"user":"?明月","shop":"大甲第一公有零售市場-飲食攤","category":"夜市/市場攤販","zone":"中彰投","city":"臺中市","area":"大甲區","market_name":"大甲第一公有零售市場","market_address":"臺中市大甲區順天路146號","pay_list":"","pay_tool":"","行業代號":null,"行業代號1":null,"名稱1":null,"行業代號2":null,"名稱2":null,"行業代號3":null,"名稱3":null},{"index":125,"id":10031371,"user":"郭陳月雲","shop":"大甲第一公有零售市場-黑土豬肉店","category":"夜市/市場攤販","zone":"中彰投","city":"臺中市","area":"大甲區","market_name":"大甲第一公有零售市場","market_address":"臺中市大甲區順天路146號","pay_list":"","pay_tool":"","行業代號":null,"行業代號1":null,"名稱1":null,"行業代號2":null,"名稱2":null,"行業代號3":null,"名稱3":null},{"index":126,"id":10031372,"user":"吳明原","shop":"大甲第一公有零售市場-雜貨","category":"夜市/市場攤販","zone":"中彰投","city":"臺中市","area":"大甲區","market_name":"大甲第一公有零售市場","market_address":"臺中市大甲區順天路146號","pay_list":"","pay_tool":"","行業代號":null,"行業代號1":null,"名稱1":null,"行業代號2":null,"名稱2":null,"行業代號3":null,"名稱3":null},{"index":127,"id":10031373,"user":"莊紘?","shop":"大甲第一公有零售市場-豬肉舖","category":"夜市/市場攤販","zone":"中彰投","city":"臺中市","area":"大甲區","market_name":"大甲第一公有零售市場","market_address":"臺中市大甲區順天路146號","pay_list":"","pay_tool":"","行業代號":null,"行業代號1":null,"名稱1":null,"行業代號2":null,"名稱2":null,"行業代號3":null,"名稱3":null},{"index":128,"id":10031374,"user":"林吳秀美","shop":"大甲第一公有零售市場-雜貨","category":"夜市/市場攤販","zone":"中彰投","city":"臺中市","area":"大甲區","market_name":"大甲第一公有零售市場","market_address":"臺中市大甲區順天路146號","pay_list":"","pay_tool":"","行業代號":null,"行業代號1":null,"名稱1":null,"行業代號2":null,"名稱2":null,"行業代號3":null,"名稱3":null},{"index":129,"id":10031375,"user":"林語芯","shop":"大甲第一公有零售市場-雅味馨肉舖","category":"夜市/市場攤販","zone":"中彰投","city":"臺中市","area":"大甲區","market_name":"大甲第一公有零售市場","market_address":"臺中市大甲區順天路146號","pay_list":"","pay_tool":"","行業代號":null,"行業代號1":null,"名稱1":null,"行業代號2":null,"名稱2":null,"行業代號3":null,"名稱3":null},{"index":130,"id":10031376,"user":"陳進城","shop":"大甲第一公有零售市場-雞鴨鵝","category":"夜市/市場攤販","zone":"中彰投","city":"臺中市","area":"大甲區","market_name":"大甲第一公有零售市場","market_address":"臺中市大甲區順天路146號","pay_list":"","pay_tool":"","行業代號":null,"行業代號1":null,"名稱1":null,"行業代號2":null,"名稱2":null,"行業代號3":null,"名稱3":null},{"index":131,"id":10031377,"user":"紀本源","shop":"大甲第一公有零售市場-便菜舖","category":"夜市/市場攤販","zone":"中彰投","city":"臺中市","area":"大甲區","market_name":"大甲第一公有零售市場","market_address":"臺中市大甲區順天路146號","pay_list":"","pay_tool":"","行業代號":null,"行業代號1":null,"名稱1":null,"行業代號2":null,"名稱2":null,"行業代號3":null,"名稱3":null},{"index":132,"id":10031378,"user":"周文章","shop":"大甲第一公有零售市場-雞鴨鵝","category":"夜市/市場攤販","zone":"中彰投","city":"臺中市","area":"大甲區","market_name":"大甲第一公有零售市場","market_address":"臺中市大甲區順天路146號","pay_list":"","pay_tool":"","行業代號":null,"行業代號1":null,"名稱1":null,"行業代號2":null,"名稱2":null,"行業代號3":null,"名稱3":null},{"index":133,"id":10031379,"user":"王素鐘","shop":"大甲第一公有零售市場-鮮果店","category":"夜市/市場攤販","zone":"中彰投","city":"臺中市","area":"大甲區","market_name":"大甲第一公有零售市場","market_address":"臺中市大甲區順天路146號","pay_list":"","pay_tool":"","行業代號":null,"行業代號1":null,"名稱1":null,"行業代號2":null,"名稱2":null,"行業代號3":null,"名稱3":null},{"index":134,"id":10031382,"user":"鄭文隆","shop":"大甲第一公有零售市場-鮮魚行","category":"夜市/市場攤販","zone":"中彰投","city":"臺中市","area":"大甲區","market_name":"大甲第一公有零售市場","market_address":"臺中市大甲區順天路146號","pay_list":"","pay_tool":"","行業代號":null,"行業代號1":null,"名稱1":null,"行業代號2":null,"名稱2":null,"行業代號3":null,"名稱3":null},{"index":135,"id":10031383,"user":"陳王秋霞","shop":"大甲第一公有零售市場-雞鴨鵝","category":"夜市/市場攤販","zone":"中彰投","city":"臺中市","area":"大甲區","market_name":"大甲第一公有零售市場","market_address":"臺中市大甲區順天路146號","pay_list":"","pay_tool":"","行業代號":null,"行業代號1":null,"名稱1":null,"行業代號2":null,"名稱2":null,"行業代號3":null,"名稱3":null},{"index":136,"id":10031384,"user":"劉素連","shop":"大甲第一公有零售市場-鮮魚行","category":"夜市/市場攤販","zone":"中彰投","city":"臺中市","area":"大甲區","market_name":"大甲第一公有零售市場","market_address":"臺中市大甲區順天路146號","pay_list":"","pay_tool":"","行業代號":null,"行業代號1":null,"名稱1":null,"行業代號2":null,"名稱2":null,"行業代號3":null,"名稱3":null},{"index":137,"id":10031385,"user":"劉林明珠","shop":"大甲第一公有零售市場-雞鴨鵝","category":"夜市/市場攤販","zone":"中彰投","city":"臺中市","area":"大甲區","market_name":"大甲第一公有零售市場","market_address":"臺中市大甲區順天路146號","pay_list":"","pay_tool":"","行業代號":null,"行業代號1":null,"名稱1":null,"行業代號2":null,"名稱2":null,"行業代號3":null,"名稱3":null},{"index":138,"id":10031386,"user":"陳怡君","shop":"大甲第一公有零售市場-雞鴨鵝","category":"夜市/市場攤販","zone":"中彰投","city":"臺中市","area":"大甲區","market_name":"大甲第一公有零售市場","market_address":"臺中市大甲區順天路146號","pay_list":"","pay_tool":"","行業代號":null,"行業代號1":null,"名稱1":null,"行業代號2":null,"名稱2":null,"行業代號3":null,"名稱3":null},{"index":139,"id":10031387,"user":"陳幸德","shop":"大甲第二公有零售市場-素食攤","category":"夜市/市場攤販","zone":"中彰投","city":"臺中市","area":"大甲區","market_name":"大甲第二公有零售市場","market_address":"臺中市大甲區新政路38號","pay_list":"","pay_tool":"","行業代號":null,"行業代號1":null,"名稱1":null,"行業代號2":null,"名稱2":null,"行業代號3":null,"名稱3":null},{"index":140,"id":10031388,"user":"陳建廷","shop":"大甲第二公有零售市場-素食攤","category":"夜市/市場攤販","zone":"中彰投","city":"臺中市","area":"大甲區","market_name":"大甲第二公有零售市場","market_address":"臺中市大甲區新政路38號","pay_list":"","pay_tool":"","行業代號":null,"行業代號1":null,"名稱1":null,"行業代號2":null,"名稱2":null,"行業代號3":null,"名稱3":null},{"index":141,"id":10031389,"user":"陳蔡玉梅","shop":"大甲第二公有零售市場-素食攤","category":"夜市/市場攤販","zone":"中彰投","city":"臺中市","area":"大甲區","market_name":"大甲第二公有零售市場","market_address":"臺中市大甲區新政路38號","pay_list":"","pay_tool":"","行業代號":null,"行業代號1":null,"名稱1":null,"行業代號2":null,"名稱2":null,"行業代號3":null,"名稱3":null},{"index":142,"id":10031390,"user":"陳碧霞","shop":"大甲第二公有零售市場-百貨","category":"夜市/市場攤販","zone":"中彰投","city":"臺中市","area":"大甲區","market_name":"大甲第二公有零售市場","market_address":"臺中市大甲區新政路38號","pay_list":"","pay_tool":"","行業代號":null,"行業代號1":null,"名稱1":null,"行業代號2":null,"名稱2":null,"行業代號3":null,"名稱3":null},{"index":143,"id":10031391,"user":"紀奉良","shop":"大甲第二公有零售市場-阿金肉舖","category":"夜市/市場攤販","zone":"中彰投","city":"臺中市","area":"大甲區","market_name":"大甲第二公有零售市場","market_address":"臺中市大甲區新政路38號","pay_list":"","pay_tool":"","行業代號":null,"行業代號1":null,"名稱1":null,"行業代號2":null,"名稱2":null,"行業代號3":null,"名稱3":null},{"index":144,"id":10031393,"user":"呂雅玉","shop":"大甲第二公有零售市場-阿金肉舖","category":"夜市/市場攤販","zone":"中彰投","city":"臺中市","area":"大甲區","market_name":"大甲第二公有零售市場","market_address":"臺中市大甲區新政路38號","pay_list":"","pay_tool":"","行業代號":null,"行業代號1":null,"名稱1":null,"行業代號2":null,"名稱2":null,"行業代號3":null,"名稱3":null},{"index":145,"id":10031394,"user":"高芳春","shop":"大甲第二公有零售市場-雲騰肉舖","category":"夜市/市場攤販","zone":"中彰投","city":"臺中市","area":"大甲區","market_name":"大甲第二公有零售市場","market_address":"臺中市大甲區新政路38號","pay_list":"","pay_tool":"","行業代號":null,"行業代號1":null,"名稱1":null,"行業代號2":null,"名稱2":null,"行業代號3":null,"名稱3":null},{"index":146,"id":10031395,"user":"莊雅惠","shop":"大甲第二公有零售市場-雞鴨鵝","category":"夜市/市場攤販","zone":"中彰投","city":"臺中市","area":"大甲區","market_name":"大甲第二公有零售市場","market_address":"臺中市大甲區新政路38號","pay_list":"","pay_tool":"","行業代號":null,"行業代號1":null,"名稱1":null,"行業代號2":null,"名稱2":null,"行業代號3":null,"名稱3":null},{"index":147,"id":10031396,"user":"曾勝忠","shop":"大甲第二公有零售市場-阿勝肉舖","category":"夜市/市場攤販","zone":"中彰投","city":"臺中市","area":"大甲區","market_name":"大甲第二公有零售市場","market_address":"臺中市大甲區新政路38號","pay_list":"","pay_tool":"","行業代號":null,"行業代號1":null,"名稱1":null,"行業代號2":null,"名稱2":null,"行業代號3":null,"名稱3":null},{"index":148,"id":10031397,"user":"曾喻嬅","shop":"大甲第二公有零售市場-阿勝肉舖","category":"夜市/市場攤販","zone":"中彰投","city":"臺中市","area":"大甲區","market_name":"大甲第二公有零售市場","market_address":"臺中市大甲區新政路38號","pay_list":"","pay_tool":"","行業代號":null,"行業代號1":null,"名稱1":null,"行業代號2":null,"名稱2":null,"行業代號3":null,"名稱3":null},{"index":149,"id":10031398,"user":"王阿湄","shop":"大甲第二公有零售市場-寶良土雞","category":"夜市/市場攤販","zone":"中彰投","city":"臺中市","area":"大甲區","market_name":"大甲第二公有零售市場","market_address":"臺中市大甲區新政路38號","pay_list":"","pay_tool":"","行業代號":null,"行業代號1":null,"名稱1":null,"行業代號2":null,"名稱2":null,"行業代號3":null,"名稱3":null},{"index":150,"id":10031399,"user":"王智鴻","shop":"大甲第二公有零售市場-寶良土雞","category":"夜市/市場攤販","zone":"中彰投","city":"臺中市","area":"大甲區","market_name":"大甲第二公有零售市場","market_address":"臺中市大甲區新政路38號","pay_list":"","pay_tool":"","行業代號":null,"行業代號1":null,"名稱1":null,"行業代號2":null,"名稱2":null,"行業代號3":null,"名稱3":null},{"index":151,"id":10031400,"user":"陳淑玲","shop":"大甲第二公有零售市場-寶良土雞","category":"夜市/市場攤販","zone":"中彰投","city":"臺中市","area":"大甲區","market_name":"大甲第二公有零售市場","market_address":"臺中市大甲區新政路38號","pay_list":"","pay_tool":"","行業代號":null,"行業代號1":null,"名稱1":null,"行業代號2":null,"名稱2":null,"行業代號3":null,"名稱3":null},{"index":152,"id":10031401,"user":"徐永修","shop":"大甲第二公有零售市場-雜貨","category":"夜市/市場攤販","zone":"中彰投","city":"臺中市","area":"大甲區","market_name":"大甲第二公有零售市場","market_address":"臺中市大甲區新政路38號","pay_list":"","pay_tool":"","行業代號":null,"行業代號1":null,"名稱1":null,"行業代號2":null,"名稱2":null,"行業代號3":null,"名稱3":null},{"index":153,"id":10031402,"user":"張美華","shop":"大甲第二公有零售市場-雜貨","category":"夜市/市場攤販","zone":"中彰投","city":"臺中市","area":"大甲區","market_name":"大甲第二公有零售市場","market_address":"臺中市大甲區新政路38號","pay_list":"","pay_tool":"","行業代號":null,"行業代號1":null,"名稱1":null,"行業代號2":null,"名稱2":null,"行業代號3":null,"名稱3":null},{"index":154,"id":10031404,"user":"黃許秀琴","shop":"大甲第二公有零售市場-雜貨","category":"夜市/市場攤販","zone":"中彰投","city":"臺中市","area":"大甲區","market_name":"大甲第二公有零售市場","market_address":"臺中市大甲區新政路38號","pay_list":"","pay_tool":"","行業代號":null,"行業代號1":null,"名稱1":null,"行業代號2":null,"名稱2":null,"行業代號3":null,"名稱3":null},{"index":155,"id":10031405,"user":"紀玫娟","shop":"大甲第二公有零售市場-雞鴨鵝","category":"夜市/市場攤販","zone":"中彰投","city":"臺中市","area":"大甲區","market_name":"大甲第二公有零售市場","market_address":"臺中市大甲區新政路38號","pay_list":"","pay_tool":"","行業代號":null,"行業代號1":null,"名稱1":null,"行業代號2":null,"名稱2":null,"行業代號3":null,"名稱3":null},{"index":156,"id":10031406,"user":"0","shop":"大甲第二公有零售市場-空攤","category":"夜市/市場攤販","zone":"中彰投","city":"臺中市","area":"大甲區","market_name":"大甲第二公有零售市場","market_address":"臺中市大甲區新政路38號","pay_list":"","pay_tool":"","行業代號":null,"行業代號1":null,"名稱1":null,"行業代號2":null,"名稱2":null,"行業代號3":null,"名稱3":null},{"index":157,"id":10031407,"user":"莊秀珠","shop":"大甲第二公有零售市場-雞鴨鵝","category":"夜市/市場攤販","zone":"中彰投","city":"臺中市","area":"大甲區","market_name":"大甲第二公有零售市場","market_address":"臺中市大甲區新政路38號","pay_list":"","pay_tool":"","行業代號":null,"行業代號1":null,"名稱1":null,"行業代號2":null,"名稱2":null,"行業代號3":null,"名稱3":null},{"index":158,"id":10031408,"user":"莊禮信","shop":"大甲第二公有零售市場-雞鴨鵝","category":"夜市/市場攤販","zone":"中彰投","city":"臺中市","area":"大甲區","market_name":"大甲第二公有零售市場","market_address":"臺中市大甲區新政路38號","pay_list":"","pay_tool":"","行業代號":null,"行業代號1":null,"名稱1":null,"行業代號2":null,"名稱2":null,"行業代號3":null,"名稱3":null},{"index":159,"id":10031409,"user":"0","shop":"大甲第二公有零售市場-空攤","category":"夜市/市場攤販","zone":"中彰投","city":"臺中市","area":"大甲區","market_name":"大甲第二公有零售市場","market_address":"臺中市大甲區新政路38號","pay_list":"","pay_tool":"","行業代號":null,"行業代號1":null,"名稱1":null,"行業代號2":null,"名稱2":null,"行業代號3":null,"名稱3":null},{"index":160,"id":10031410,"user":"林碧桃","shop":"大甲第二公有零售市場-素食攤","category":"夜市/市場攤販","zone":"中彰投","city":"臺中市","area":"大甲區","market_name":"大甲第二公有零售市場","market_address":"臺中市大甲區新政路38號","pay_list":"","pay_tool":"","行業代號":null,"行業代號1":null,"名稱1":null,"行業代號2":null,"名稱2":null,"行業代號3":null,"名稱3":null},{"index":161,"id":10031411,"user":"林鐘鶯","shop":"大甲第二公有零售市場-生鮮蔬菜舖","category":"夜市/市場攤販","zone":"中彰投","city":"臺中市","area":"大甲區","market_name":"大甲第二公有零售市場","market_address":"臺中市大甲區新政路38號","pay_list":"","pay_tool":"","行業代號":null,"行業代號1":null,"名稱1":null,"行業代號2":null,"名稱2":null,"行業代號3":null,"名稱3":null},{"index":162,"id":10031412,"user":"柯敏","shop":"大甲第二公有零售市場-生鮮蔬菜舖","category":"夜市/市場攤販","zone":"中彰投","city":"臺中市","area":"大甲區","market_name":"大甲第二公有零售市場","market_address":"臺中市大甲區新政路38號","pay_list":"","pay_tool":"","行業代號":null,"行業代號1":null,"名稱1":null,"行業代號2":null,"名稱2":null,"行業代號3":null,"名稱3":null},{"index":163,"id":10031413,"user":"李聰義","shop":"大甲第二公有零售市場-雜貨攤","category":"夜市/市場攤販","zone":"中彰投","city":"臺中市","area":"大甲區","market_name":"大甲第二公有零售市場","market_address":"臺中市大甲區新政路38號","pay_list":"","pay_tool":"","行業代號":null,"行業代號1":null,"名稱1":null,"行業代號2":null,"名稱2":null,"行業代號3":null,"名稱3":null},{"index":164,"id":10031415,"user":"洪逢春","shop":"大甲第二公有零售市場-生鮮蔬菜舖","category":"夜市/市場攤販","zone":"中彰投","city":"臺中市","area":"大甲區","market_name":"大甲第二公有零售市場","market_address":"臺中市大甲區新政路38號","pay_list":"","pay_tool":"","行業代號":null,"行業代號1":null,"名稱1":null,"行業代號2":null,"名稱2":null,"行業代號3":null,"名稱3":null},{"index":165,"id":10031416,"user":"林信富","shop":"大甲第二公有零售市場-丸甲鮮魚行","category":"夜市/市場攤販","zone":"中彰投","city":"臺中市","area":"大甲區","market_name":"大甲第二公有零售市場","market_address":"臺中市大甲區新政路38號","pay_list":"","pay_tool":"","行業代號":null,"行業代號1":null,"名稱1":null,"行業代號2":null,"名稱2":null,"行業代號3":null,"名稱3":null},{"index":166,"id":10031417,"user":"孫信忠","shop":"大甲第二公有零售市場-鮮果行","category":"夜市/市場攤販","zone":"中彰投","city":"臺中市","area":"大甲區","market_name":"大甲第二公有零售市場","market_address":"臺中市大甲區新政路38號","pay_list":"","pay_tool":"","行業代號":null,"行業代號1":null,"名稱1":null,"行業代號2":null,"名稱2":null,"行業代號3":null,"名稱3":null},{"index":167,"id":10031418,"user":"黃儷梅","shop":"大甲第二公有零售市場-李卜蜂雞肉行","category":"夜市/市場攤販","zone":"中彰投","city":"臺中市","area":"大甲區","market_name":"大甲第二公有零售市場","market_address":"臺中市大甲區新政路38號","pay_list":"","pay_tool":"","行業代號":null,"行業代號1":null,"名稱1":null,"行業代號2":null,"名稱2":null,"行業代號3":null,"名稱3":null},{"index":168,"id":10031419,"user":"李添敬","shop":"大甲第二公有零售市場-李卜蜂雞肉行","category":"夜市/市場攤販","zone":"中彰投","city":"臺中市","area":"大甲區","market_name":"大甲第二公有零售市場","market_address":"臺中市大甲區新政路38號","pay_list":"","pay_tool":"","行業代號":null,"行業代號1":null,"名稱1":null,"行業代號2":null,"名稱2":null,"行業代號3":null,"名稱3":null},{"index":169,"id":10031420,"user":"陳蔡和秀","shop":"大甲第二公有零售市場-陳青菜","category":"夜市/市場攤販","zone":"中彰投","city":"臺中市","area":"大甲區","market_name":"大甲第二公有零售市場","market_address":"臺中市大甲區新政路38號","pay_list":"","pay_tool":"","行業代號":null,"行業代號1":null,"名稱1":null,"行業代號2":null,"名稱2":null,"行業代號3":null,"名稱3":null},{"index":170,"id":10031421,"user":"李進豊","shop":"大甲第二公有零售市場-進豐海產行","category":"夜市/市場攤販","zone":"中彰投","city":"臺中市","area":"大甲區","market_name":"大甲第二公有零售市場","market_address":"臺中市大甲區新政路38號","pay_list":"","pay_tool":"","行業代號":null,"行業代號1":null,"名稱1":null,"行業代號2":null,"名稱2":null,"行業代號3":null,"名稱3":null},{"index":171,"id":10031422,"user":"王清福","shop":"大甲第二公有零售市場-雜貨行","category":"夜市/市場攤販","zone":"中彰投","city":"臺中市","area":"大甲區","market_name":"大甲第二公有零售市場","market_address":"臺中市大甲區新政路38號","pay_list":"","pay_tool":"","行業代號":null,"行業代號1":null,"名稱1":null,"行業代號2":null,"名稱2":null,"行業代號3":null,"名稱3":null},{"index":172,"id":10031423,"user":"王瑞坤","shop":"大甲第二公有零售市場-雜貨行","category":"夜市/市場攤販","zone":"中彰投","city":"臺中市","area":"大甲區","market_name":"大甲第二公有零售市場","market_address":"臺中市大甲區新政路38號","pay_list":"","pay_tool":"","行業代號":null,"行業代號1":null,"名稱1":null,"行業代號2":null,"名稱2":null,"行業代號3":null,"名稱3":null},{"index":173,"id":10031424,"user":"王勝輝","shop":"大甲第二公有零售市場-生鮮蔬菜舖","category":"夜市/市場攤販","zone":"中彰投","city":"臺中市","area":"大甲區","market_name":"大甲第二公有零售市場","market_address":"臺中市大甲區新政路38號","pay_list":"","pay_tool":"","行業代號":null,"行業代號1":null,"名稱1":null,"行業代號2":null,"名稱2":null,"行業代號3":null,"名稱3":null},{"index":174,"id":10031426,"user":"郭春肅","shop":"大甲第二公有零售市場-生鮮蔬菜舖","category":"夜市/市場攤販","zone":"中彰投","city":"臺中市","area":"大甲區","market_name":"大甲第二公有零售市場","market_address":"臺中市大甲區新政路38號","pay_list":"","pay_tool":"","行業代號":null,"行業代號1":null,"名稱1":null,"行業代號2":null,"名稱2":null,"行業代號3":null,"名稱3":null},{"index":175,"id":10031427,"user":"卓明彰","shop":"大甲第二公有零售市場-大陸青島手工水餃餛飩","category":"夜市/市場攤販","zone":"中彰投","city":"臺中市","area":"大甲區","market_name":"大甲第二公有零售市場","market_address":"臺中市大甲區新政路38號","pay_list":"","pay_tool":"","行業代號":null,"行業代號1":null,"名稱1":null,"行業代號2":null,"名稱2":null,"行業代號3":null,"名稱3":null},{"index":176,"id":10031428,"user":"林怡君","shop":"大甲第二公有零售市場-大陸青島手工水餃餛飩","category":"夜市/市場攤販","zone":"中彰投","city":"臺中市","area":"大甲區","market_name":"大甲第二公有零售市場","market_address":"臺中市大甲區新政路38號","pay_list":"","pay_tool":"","行業代號":null,"行業代號1":null,"名稱1":null,"行業代號2":null,"名稱2":null,"行業代號3":null,"名稱3":null},{"index":177,"id":10031429,"user":"吳振慶","shop":"大甲第二公有零售市場-雜貨行","category":"夜市/市場攤販","zone":"中彰投","city":"臺中市","area":"大甲區","market_name":"大甲第二公有零售市場","market_address":"臺中市大甲區新政路38號","pay_list":"","pay_tool":"","行業代號":null,"行業代號1":null,"名稱1":null,"行業代號2":null,"名稱2":null,"行業代號3":null,"名稱3":null},{"index":178,"id":10031430,"user":"黃心怡","shop":"大甲第二公有零售市場-雜貨行","category":"夜市/市場攤販","zone":"中彰投","city":"臺中市","area":"大甲區","market_name":"大甲第二公有零售市場","market_address":"臺中市大甲區新政路38號","pay_list":"","pay_tool":"","行業代號":null,"行業代號1":null,"名稱1":null,"行業代號2":null,"名稱2":null,"行業代號3":null,"名稱3":null},{"index":179,"id":10031431,"user":"黃素卿","shop":"大甲第二公有零售市場-雞肉行","category":"夜市/市場攤販","zone":"中彰投","city":"臺中市","area":"大甲區","market_name":"大甲第二公有零售市場","market_address":"臺中市大甲區新政路38號","pay_list":"","pay_tool":"","行業代號":null,"行業代號1":null,"名稱1":null,"行業代號2":null,"名稱2":null,"行業代號3":null,"名稱3":null},{"index":180,"id":10031432,"user":"葉國良","shop":"大甲第二公有零售市場-肉品行","category":"夜市/市場攤販","zone":"中彰投","city":"臺中市","area":"大甲區","market_name":"大甲第二公有零售市場","market_address":"臺中市大甲區新政路38號","pay_list":"","pay_tool":"","行業代號":null,"行業代號1":null,"名稱1":null,"行業代號2":null,"名稱2":null,"行業代號3":null,"名稱3":null},{"index":181,"id":10031433,"user":"楊花","shop":"大甲第二公有零售市場-素食攤","category":"夜市/市場攤販","zone":"中彰投","city":"臺中市","area":"大甲區","market_name":"大甲第二公有零售市場","market_address":"臺中市大甲區新政路38號","pay_list":"","pay_tool":"","行業代號":null,"行業代號1":null,"名稱1":null,"行業代號2":null,"名稱2":null,"行業代號3":null,"名稱3":null},{"index":182,"id":10031434,"user":"葉素珍","shop":"大甲第二公有零售市場-佳旺肉品行","category":"夜市/市場攤販","zone":"中彰投","city":"臺中市","area":"大甲區","market_name":"大甲第二公有零售市場","market_address":"臺中市大甲區新政路38號","pay_list":"","pay_tool":"","行業代號":null,"行業代號1":null,"名稱1":null,"行業代號2":null,"名稱2":null,"行業代號3":null,"名稱3":null},{"index":183,"id":10031435,"user":"葉貴煌","shop":"大甲第二公有零售市場-佳旺肉品行","category":"夜市/市場攤販","zone":"中彰投","city":"臺中市","area":"大甲區","market_name":"大甲第二公有零售市場","market_address":"臺中市大甲區新政路38號","pay_list":"","pay_tool":"","行業代號":null,"行業代號1":null,"名稱1":null,"行業代號2":null,"名稱2":null,"行業代號3":null,"名稱3":null},{"index":184,"id":10031437,"user":"梁寶玉","shop":"大甲第二公有零售市場-雞鴨鵝","category":"夜市/市場攤販","zone":"中彰投","city":"臺中市","area":"大甲區","market_name":"大甲第二公有零售市場","market_address":"臺中市大甲區新政路38號","pay_list":"","pay_tool":"","行業代號":null,"行業代號1":null,"名稱1":null,"行業代號2":null,"名稱2":null,"行業代號3":null,"名稱3":null},{"index":185,"id":10031438,"user":"鄭衣婷","shop":"大甲第二公有零售市場-肉品行","category":"夜市/市場攤販","zone":"中彰投","city":"臺中市","area":"大甲區","market_name":"大甲第二公有零售市場","market_address":"臺中市大甲區新政路38號","pay_list":"","pay_tool":"","行業代號":null,"行業代號1":null,"名稱1":null,"行業代號2":null,"名稱2":null,"行業代號3":null,"名稱3":null},{"index":186,"id":10031439,"user":"0","shop":"大甲第二公有零售市場-空攤","category":"夜市/市場攤販","zone":"中彰投","city":"臺中市","area":"大甲區","market_name":"大甲第二公有零售市場","market_address":"臺中市大甲區新政路38號","pay_list":"","pay_tool":"","行業代號":null,"行業代號1":null,"名稱1":null,"行業代號2":null,"名稱2":null,"行業代號3":null,"名稱3":null},{"index":187,"id":10031440,"user":"邵桂鳳","shop":"大甲第二公有零售市場-50號現做貢丸","category":"夜市/市場攤販","zone":"中彰投","city":"臺中市","area":"大甲區","market_name":"大甲第二公有零售市場","market_address":"臺中市大甲區新政路38號","pay_list":"","pay_tool":"","行業代號":null,"行業代號1":null,"名稱1":null,"行業代號2":null,"名稱2":null,"行業代號3":null,"名稱3":null},{"index":188,"id":10031441,"user":"郭全閔","shop":"大甲第二公有零售市場-50號現做貢丸","category":"夜市/市場攤販","zone":"中彰投","city":"臺中市","area":"大甲區","market_name":"大甲第二公有零售市場","market_address":"臺中市大甲區新政路38號","pay_list":"","pay_tool":"","行業代號":null,"行業代號1":null,"名稱1":null,"行業代號2":null,"名稱2":null,"行業代號3":null,"名稱3":null},{"index":189,"id":10031442,"user":"卓陳越","shop":"大甲第二公有零售市場-豆腐雜貨行","category":"夜市/市場攤販","zone":"中彰投","city":"臺中市","area":"大甲區","market_name":"大甲第二公有零售市場","market_address":"臺中市大甲區新政路38號","pay_list":"","pay_tool":"","行業代號":null,"行業代號1":null,"名稱1":null,"行業代號2":null,"名稱2":null,"行業代號3":null,"名稱3":null},{"index":190,"id":10031443,"user":"呂凱丞","shop":"大甲第二公有零售市場-可味珍肉脯店","category":"夜市/市場攤販","zone":"中彰投","city":"臺中市","area":"大甲區","market_name":"大甲第二公有零售市場","market_address":"臺中市大甲區新政路38號","pay_list":"","pay_tool":"","行業代號":null,"行業代號1":null,"名稱1":null,"行業代號2":null,"名稱2":null,"行業代號3":null,"名稱3":null},{"index":191,"id":10031444,"user":"張雅幸","shop":"大甲第二公有零售市場-生鮮蔬菜舖","category":"夜市/市場攤販","zone":"中彰投","city":"臺中市","area":"大甲區","market_name":"大甲第二公有零售市場","market_address":"臺中市大甲區新政路38號","pay_list":"","pay_tool":"","行業代號":null,"行業代號1":null,"名稱1":null,"行業代號2":null,"名稱2":null,"行業代號3":null,"名稱3":null},{"index":192,"id":10031445,"user":"黃梅雀","shop":"大甲第二公有零售市場-肉品行","category":"夜市/市場攤販","zone":"中彰投","city":"臺中市","area":"大甲區","market_name":"大甲第二公有零售市場","market_address":"臺中市大甲區新政路38號","pay_list":"","pay_tool":"","行業代號":null,"行業代號1":null,"名稱1":null,"行業代號2":null,"名稱2":null,"行業代號3":null,"名稱3":null},{"index":193,"id":10031446,"user":"許元隆","shop":"大甲第二公有零售市場-麵食","category":"夜市/市場攤販","zone":"中彰投","city":"臺中市","area":"大甲區","market_name":"大甲第二公有零售市場","market_address":"臺中市大甲區新政路38號","pay_list":"","pay_tool":"","行業代號":null,"行業代號1":null,"名稱1":null,"行業代號2":null,"名稱2":null,"行業代號3":null,"名稱3":null},{"index":194,"id":10031448,"user":"0","shop":"大甲第二公有零售市場-空攤","category":"夜市/市場攤販","zone":"中彰投","city":"臺中市","area":"大甲區","market_name":"大甲第二公有零售市場","market_address":"臺中市大甲區新政路38號","pay_list":"","pay_tool":"","行業代號":null,"行業代號1":null,"名稱1":null,"行業代號2":null,"名稱2":null,"行業代號3":null,"名稱3":null},{"index":195,"id":10031449,"user":"王淵裕","shop":"大甲第二公有零售市場-生鮮蔬菜舖","category":"夜市/市場攤販","zone":"中彰投","city":"臺中市","area":"大甲區","market_name":"大甲第二公有零售市場","market_address":"臺中市大甲區新政路38號","pay_list":"","pay_tool":"","行業代號":null,"行業代號1":null,"名稱1":null,"行業代號2":null,"名稱2":null,"行業代號3":null,"名稱3":null},{"index":196,"id":10031450,"user":"王進德","shop":"大甲第二公有零售市場-雞鴨鵝","category":"夜市/市場攤販","zone":"中彰投","city":"臺中市","area":"大甲區","market_name":"大甲第二公有零售市場","market_address":"臺中市大甲區新政路38號","pay_list":"","pay_tool":"","行業代號":null,"行業代號1":null,"名稱1":null,"行業代號2":null,"名稱2":null,"行業代號3":null,"名稱3":null},{"index":197,"id":10031451,"user":"黃慶耀","shop":"大甲第二公有零售市場-雞鴨鵝","category":"夜市/市場攤販","zone":"中彰投","city":"臺中市","area":"大甲區","market_name":"大甲第二公有零售市場","market_address":"臺中市大甲區新政路38號","pay_list":"","pay_tool":"","行業代號":null,"行業代號1":null,"名稱1":null,"行業代號2":null,"名稱2":null,"行業代號3":null,"名稱3":null},{"index":198,"id":10031452,"user":"楊秀琴","shop":"大甲第二公有零售市場-桓慶薑行","category":"夜市/市場攤販","zone":"中彰投","city":"臺中市","area":"大甲區","market_name":"大甲第二公有零售市場","market_address":"臺中市大甲區新政路38號","pay_list":"","pay_tool":"","行業代號":null,"行業代號1":null,"名稱1":null,"行業代號2":null,"名稱2":null,"行業代號3":null,"名稱3":null},{"index":199,"id":10031453,"user":"黃永發","shop":"大甲第二公有零售市場-雞鴨鵝","category":"夜市/市場攤販","zone":"中彰投","city":"臺中市","area":"大甲區","market_name":"大甲第二公有零售市場","market_address":"臺中市大甲區新政路38號","pay_list":"","pay_tool":"","行業代號":null,"行業代號1":null,"名稱1":null,"行業代號2":null,"名稱2":null,"行業代號3":null,"名稱3":null},{"index":200,"id":10031454,"user":"陳芸秀","shop":"大甲第二公有零售市場-芸秀水果行","category":"夜市/市場攤販","zone":"中彰投","city":"臺中市","area":"大甲區","market_name":"大甲第二公有零售市場","market_address":"臺中市大甲區新政路38號","pay_list":"","pay_tool":"","行業代號":null,"行業代號1":null,"名稱1":null,"行業代號2":null,"名稱2":null,"行業代號3":null,"名稱3":null}]