[{"index":1,"id":20008632,"user":"蔡玉珍","shop":"傳統早點","category":["夜市/市場攤販"],"zone":"中彰投","city":"彰化縣","area":"和美鎮","market_name":["餐食攤販"],"market_address":"彰化縣和美鎮糖友里菊東路２２號","pay_list":"","pay_tool":"","行業代號":null,"行業代號1":null,"名稱1":null,"行業代號2":null,"名稱2":null,"行業代號3":null,"名稱3":null},{"index":2,"id":20013037,"user":"董秋毓","shop":"佳欣小吃店","category":["夜市/市場攤販","餐飲"],"zone":"中彰投","city":"彰化縣","area":"和美鎮","market_name":["餐食攤販","調理飲料攤販","視聽中心"],"market_address":"彰化縣和美鎮犁盛里１９鄰美寮路１段１５號","pay_list":"","pay_tool":"","行業代號":null,"行業代號1":null,"名稱1":null,"行業代號2":null,"名稱2":null,"行業代號3":null,"名稱3":null},{"index":3,"id":20019115,"user":"謝憶茹","shop":"謝憶茹","category":["夜市/市場攤販"],"zone":"中彰投","city":"彰化縣","area":"和美鎮","market_name":["餐食攤販"],"market_address":"彰化縣和美鎮彰美路５段３４１號第５間","pay_list":"","pay_tool":"","行業代號":null,"行業代號1":null,"名稱1":null,"行業代號2":null,"名稱2":null,"行業代號3":null,"名稱3":null},{"index":4,"id":20019118,"user":"張起華","shop":"張起華","category":["夜市/市場攤販"],"zone":"中彰投","city":"彰化縣","area":"和美鎮","market_name":["餐食攤販"],"market_address":"彰化縣和美鎮和東里彰美路五段３４１號第６間","pay_list":"","pay_tool":"","行業代號":null,"行業代號1":null,"名稱1":null,"行業代號2":null,"名稱2":null,"行業代號3":null,"名稱3":null},{"index":5,"id":20026953,"user":"陳銘衾","shop":"陳銘衾","category":["夜市/市場攤販"],"zone":"中彰投","city":"彰化縣","area":"和美鎮","market_name":["餐食攤販"],"market_address":"彰化縣和美鎮和北里彰美路６段４１號","pay_list":"","pay_tool":"","行業代號":null,"行業代號1":null,"名稱1":null,"行業代號2":null,"名稱2":null,"行業代號3":null,"名稱3":null},{"index":6,"id":20026971,"user":"王敦駿","shop":"王敦駿","category":["夜市/市場攤販"],"zone":"中彰投","city":"彰化縣","area":"和美鎮","market_name":["餐食攤販"],"market_address":"彰化縣和美鎮和北里彰美路６段１６０號","pay_list":"","pay_tool":"","行業代號":null,"行業代號1":null,"名稱1":null,"行業代號2":null,"名稱2":null,"行業代號3":null,"名稱3":null},{"index":7,"id":20032308,"user":"陳淑梅","shop":"培英爌肉飯","category":["夜市/市場攤販"],"zone":"中彰投","city":"彰化縣","area":"和美鎮","market_name":["餐食攤販"],"market_address":"彰化縣和美鎮塗厝里小段１３５－２１地號","pay_list":"","pay_tool":"","行業代號":null,"行業代號1":null,"名稱1":null,"行業代號2":null,"名稱2":null,"行業代號3":null,"名稱3":null},{"index":8,"id":20032405,"user":"柯水樹","shop":"柯水樹","category":["夜市/市場攤販"],"zone":"中彰投","city":"彰化縣","area":"和美鎮","market_name":["餐食攤販"],"market_address":"彰化縣和美鎮塗厝里彰新路６段１５號","pay_list":"","pay_tool":"","行業代號":null,"行業代號1":null,"名稱1":null,"行業代號2":null,"名稱2":null,"行業代號3":null,"名稱3":null},{"index":9,"id":20041397,"user":"蔣易汝","shop":"酷咖啡","category":["夜市/市場攤販"],"zone":"中彰投","city":"彰化縣","area":"和美鎮","market_name":["調理飲料攤販"],"market_address":"彰化縣和美鎮南佃里彰草路３段臨１５２號騎樓","pay_list":"","pay_tool":"","行業代號":null,"行業代號1":null,"名稱1":null,"行業代號2":null,"名稱2":null,"行業代號3":null,"名稱3":null},{"index":10,"id":20053984,"user":"王義勳","shop":"手當其沖咖啡工作室","category":["夜市/市場攤販"],"zone":"中彰投","city":"彰化縣","area":"和美鎮","market_name":["調理飲料攤販"],"market_address":"彰化縣和美鎮頭前里義安路６０號","pay_list":"","pay_tool":"","行業代號":null,"行業代號1":null,"名稱1":null,"行業代號2":null,"名稱2":null,"行業代號3":null,"名稱3":null},{"index":11,"id":20060677,"user":"賴泳銓","shop":"和美茶窯複和式餐飲","category":["夜市/市場攤販"],"zone":"中彰投","city":"彰化縣","area":"和美鎮","market_name":["調理飲料攤販"],"market_address":"彰化縣和美鎮和西里倡和街１０７號","pay_list":"","pay_tool":"","行業代號":null,"行業代號1":null,"名稱1":null,"行業代號2":null,"名稱2":null,"行業代號3":null,"名稱3":null},{"index":12,"id":60070196,"user":"林秉宏","shop":"超吉飯桶店","category":["夜市/市場攤販"],"zone":"中彰投","city":"彰化縣","area":"和美鎮","market_name":["餐食攤販"],"market_address":"彰化縣和美鎮和北里彰美路六段６７號１樓","pay_list":null,"pay_tool":null,"行業代號":"561200","行業代號1":"","名稱1":"","行業代號2":"","名稱2":"","行業代號3":"","名稱3":""}]