[{"index":1,"id":10055812,"category":"夜市小吃/市場","city":"臺南市","area":"佳里區","market_name":"中山公有零售市場","market_address":"臺南市佳里區東寧里中山路300號","shop":"中山公有零售市場 45","pay_list":["LINE Pay Money"],"zone":"雲嘉南","user":"謝春妃","pay_tool":["行動支付"]},{"index":2,"id":10055821,"category":"夜市小吃/市場","city":"臺南市","area":"佳里區","market_name":"中山公有零售市場","market_address":"臺南市佳里區東寧里中山路300號","shop":"中山公有零售市場 53","pay_list":["LINE Pay Money"],"zone":"雲嘉南","user":"朱鄭坤宜","pay_tool":["行動支付"]},{"index":3,"id":10055829,"category":"夜市小吃/市場","city":"臺南市","area":"佳里區","market_name":"中山公有零售市場","market_address":"臺南市佳里區東寧里中山路300號","shop":"中山公有零售市場 60","pay_list":["LINE Pay Money"],"zone":"雲嘉南","user":"陳秋蘭","pay_tool":["行動支付"]},{"index":4,"id":10055832,"category":"夜市小吃/市場","city":"臺南市","area":"佳里區","market_name":"中山公有零售市場","market_address":"臺南市佳里區東寧里中山路300號","shop":"中山公有零售市場 63","pay_list":["LINE Pay Money"],"zone":"雲嘉南","user":"陳福全","pay_tool":["行動支付"]},{"index":5,"id":10055884,"category":"夜市小吃/市場","city":"臺南市","area":"佳里區","market_name":"中山公有零售市場","market_address":"臺南市佳里區東寧里中山路300號","shop":"中山公有零售市場 101","pay_list":["LINE Pay Money"],"zone":"雲嘉南","user":"邱明德","pay_tool":["行動支付"]},{"index":6,"id":10055898,"category":"夜市小吃/市場","city":"臺南市","area":"佳里區","market_name":"中山公有零售市場","market_address":"臺南市佳里區東寧里中山路300號","shop":"中山公有零售市場 114","pay_list":["LINE Pay Money"],"zone":"雲嘉南","user":"康仲淵","pay_tool":["行動支付"]},{"index":7,"id":10055917,"category":"夜市小吃/市場","city":"臺南市","area":"佳里區","market_name":"中山公有零售市場","market_address":"臺南市佳里區東寧里中山路300號","shop":"中山公有零售市場 131","pay_list":["LINE Pay Money"],"zone":"雲嘉南","user":"沈禹均","pay_tool":["行動支付"]},{"index":8,"id":10055919,"category":"夜市小吃/市場","city":"臺南市","area":"佳里區","market_name":"中山公有零售市場","market_address":"臺南市佳里區東寧里中山路300號","shop":"中山公有零售市場 133","pay_list":["LINE Pay Money"],"zone":"雲嘉南","user":"沈禹均","pay_tool":["行動支付"]},{"index":9,"id":10055941,"category":"夜市小吃/市場","city":"臺南市","area":"佳里區","market_name":"中山公有零售市場","market_address":"臺南市佳里區東寧里中山路300號","shop":"中山公有零售市場 154","pay_list":["LINE Pay Money"],"zone":"雲嘉南","user":"陳紀全","pay_tool":["行動支付"]},{"index":10,"id":10055960,"category":"夜市小吃/市場","city":"臺南市","area":"佳里區","market_name":"中山公有零售市場","market_address":"臺南市佳里區東寧里中山路300號","shop":"中山公有零售市場 171","pay_list":["LINE Pay Money"],"zone":"雲嘉南","user":"黃燕玲","pay_tool":["行動支付"]},{"index":11,"id":10055970,"category":"夜市小吃/市場","city":"臺南市","area":"佳里區","market_name":"中山公有零售市場","market_address":"臺南市佳里區東寧里中山路300號","shop":"中山公有零售市場 180","pay_list":["LINE Pay Money"],"zone":"雲嘉南","user":"陳保宏","pay_tool":["行動支付"]},{"index":12,"id":10056072,"category":"夜市小吃/市場","city":"臺南市","area":"佳里區","market_name":"佳里黃昏市場西側","market_address":"臺南市佳里區安西里安西路、新生路交叉口西側","shop":"佳里黃昏市場西側 生魚片","pay_list":["LINE Pay Money"],"zone":"雲嘉南","user":"謝旻余","pay_tool":["行動支付"]},{"index":13,"id":10056075,"category":"夜市小吃/市場","city":"臺南市","area":"佳里區","market_name":"佳里黃昏市場西側","market_address":"臺南市佳里區安西里安西路、新生路交叉口西側","shop":"佳里黃昏市場西側 生魚片","pay_list":["LINE Pay Money"],"zone":"雲嘉南","user":"謝旻余","pay_tool":["行動支付"]},{"index":14,"id":30066941,"category":"夜市小吃/市場","city":"臺南市","area":"佳里區","market_name":"中山公有零售市場","market_address":"臺南市佳里區東寧里中山路300號","shop":"中山公有零售市場 45","pay_list":["LINE Pay Money"],"zone":"雲嘉南","user":"謝春妃","pay_tool":["行動支付"]},{"index":15,"id":30066944,"category":"夜市小吃/市場","city":"臺南市","area":"佳里區","market_name":"中山公有零售市場","market_address":"臺南市佳里區東寧里中山路300號","shop":"中山公有零售市場 48","pay_list":["LINE Pay Money"],"zone":"雲嘉南","user":"蘇景豊","pay_tool":["行動支付"]},{"index":16,"id":30066951,"category":"夜市小吃/市場","city":"臺南市","area":"佳里區","market_name":"中山公有零售市場","market_address":"臺南市佳里區東寧里中山路300號","shop":"中山公有零售市場 53","pay_list":["LINE Pay Money"],"zone":"雲嘉南","user":"朱鄭坤宜","pay_tool":["行動支付"]},{"index":17,"id":30066958,"category":"夜市小吃/市場","city":"臺南市","area":"佳里區","market_name":"中山公有零售市場","market_address":"臺南市佳里區東寧里中山路300號","shop":"中山公有零售市場 60","pay_list":["LINE Pay Money"],"zone":"雲嘉南","user":"陳秋蘭","pay_tool":["行動支付"]},{"index":18,"id":30066962,"category":"夜市小吃/市場","city":"臺南市","area":"佳里區","market_name":"中山公有零售市場","market_address":"臺南市佳里區東寧里中山路300號","shop":"中山公有零售市場 63","pay_list":["LINE Pay Money"],"zone":"雲嘉南","user":"陳福全","pay_tool":["行動支付"]},{"index":19,"id":30066990,"category":"夜市小吃/市場","city":"臺南市","area":"佳里區","market_name":"中山公有零售市場","market_address":"臺南市佳里區東寧里中山路300號","shop":"中山公有零售市場 90","pay_list":["台灣 PAY"],"zone":"雲嘉南","user":"陳俊銘","pay_tool":["行動支付"]},{"index":20,"id":30067012,"category":"夜市小吃/市場","city":"臺南市","area":"佳里區","market_name":"中山公有零售市場","market_address":"臺南市佳里區東寧里中山路300號","shop":"中山公有零售市場 101","pay_list":["LINE Pay Money"],"zone":"雲嘉南","user":"邱明德","pay_tool":["行動支付"]},{"index":21,"id":30067016,"category":"夜市小吃/市場","city":"臺南市","area":"佳里區","market_name":"中山公有零售市場","market_address":"臺南市佳里區東寧里中山路300號","shop":"中山公有零售市場 104","pay_list":["LINE Pay Money"],"zone":"雲嘉南","user":"林寶進","pay_tool":["行動支付"]},{"index":22,"id":30067027,"category":"夜市小吃/市場","city":"臺南市","area":"佳里區","market_name":"中山公有零售市場","market_address":"臺南市佳里區東寧里中山路300號","shop":"中山公有零售市場 114","pay_list":["LINE Pay Money"],"zone":"雲嘉南","user":"康仲淵","pay_tool":["行動支付"]},{"index":23,"id":30067045,"category":"夜市小吃/市場","city":"臺南市","area":"佳里區","market_name":"中山公有零售市場","market_address":"臺南市佳里區東寧里中山路300號","shop":"中山公有零售市場 131","pay_list":["LINE Pay Money"],"zone":"雲嘉南","user":"沈禹均","pay_tool":["行動支付"]},{"index":24,"id":30067047,"category":"夜市小吃/市場","city":"臺南市","area":"佳里區","market_name":"中山公有零售市場","market_address":"臺南市佳里區東寧里中山路300號","shop":"中山公有零售市場 133","pay_list":["LINE Pay Money"],"zone":"雲嘉南","user":"沈禹均","pay_tool":["行動支付"]},{"index":25,"id":30067070,"category":"夜市小吃/市場","city":"臺南市","area":"佳里區","market_name":"中山公有零售市場","market_address":"臺南市佳里區東寧里中山路300號","shop":"中山公有零售市場 154","pay_list":["LINE Pay Money"],"zone":"雲嘉南","user":"陳紀全","pay_tool":["行動支付"]},{"index":26,"id":30067089,"category":"夜市小吃/市場","city":"臺南市","area":"佳里區","market_name":"中山公有零售市場","market_address":"臺南市佳里區東寧里中山路300號","shop":"中山公有零售市場 171","pay_list":["LINE Pay Money"],"zone":"雲嘉南","user":"黃燕玲","pay_tool":["行動支付"]},{"index":27,"id":30067099,"category":"夜市小吃/市場","city":"臺南市","area":"佳里區","market_name":"中山公有零售市場","market_address":"臺南市佳里區東寧里中山路300號","shop":"中山公有零售市場 180","pay_list":["LINE Pay Money"],"zone":"雲嘉南","user":"陳保宏","pay_tool":["行動支付"]},{"index":28,"id":30067201,"category":"夜市小吃/市場","city":"臺南市","area":"佳里區","market_name":"佳里黃昏市場西側","market_address":"臺南市佳里區安西里安西路、新生路交叉口西側","shop":"佳里黃昏市場西側 生魚片","pay_list":["LINE Pay Money"],"zone":"雲嘉南","user":"謝旻余","pay_tool":["行動支付"]},{"index":29,"id":30067205,"category":"夜市小吃/市場","city":"臺南市","area":"佳里區","market_name":"佳里黃昏市場西側","market_address":"臺南市佳里區安西里安西路、新生路交叉口西側","shop":"佳里黃昏市場西側 生魚片","pay_list":["LINE Pay Money"],"zone":"雲嘉南","user":"謝旻余","pay_tool":["行動支付"]}]