[{"index":1,"shop":"第二公有零售市場-聿之坊","zone":"雲嘉南","city":"雲林縣","area":"西螺鎮","market_address":"雲林縣西螺鎮中和里市後街36號","user":"?夙佞","行業代號":null,"market_name":"第二公有零售市場","行業代號1":null,"名稱1":null,"行業代號2":null,"名稱2":null,"行業代號3":null,"名稱3":null,"category":"夜市/市場攤販","id":10004368,"pay_list":"","pay_tool":""},{"index":2,"shop":"第二公有零售市場-世金籐椅","zone":"雲嘉南","city":"雲林縣","area":"西螺鎮","market_address":"雲林縣西螺鎮中和里市後街36號","user":"廖勝典","行業代號":null,"market_name":"第二公有零售市場","行業代號1":null,"名稱1":null,"行業代號2":null,"名稱2":null,"行業代號3":null,"名稱3":null,"category":"夜市/市場攤販","id":10004369,"pay_list":"","pay_tool":""},{"index":3,"shop":"第二公有零售市場-空谷幽蘭","zone":"雲嘉南","city":"雲林縣","area":"西螺鎮","market_address":"雲林縣西螺鎮中和里市後街36號","user":"曾良美","行業代號":null,"market_name":"第二公有零售市場","行業代號1":null,"名稱1":null,"行業代號2":null,"名稱2":null,"行業代號3":null,"名稱3":null,"category":"夜市/市場攤販","id":10004371,"pay_list":"","pay_tool":""},{"index":4,"shop":"第二公有零售市場-樣竹坊","zone":"雲嘉南","city":"雲林縣","area":"西螺鎮","market_address":"雲林縣西螺鎮中和里市後街36號","user":"楊盛輝","行業代號":null,"market_name":"第二公有零售市場","行業代號1":null,"名稱1":null,"行業代號2":null,"名稱2":null,"行業代號3":null,"名稱3":null,"category":"夜市/市場攤販","id":10004372,"pay_list":"","pay_tool":""},{"index":5,"shop":"第二公有零售市場-君容瑄手工皂","zone":"雲嘉南","city":"雲林縣","area":"西螺鎮","market_address":"雲林縣西螺鎮中和里市後街36號","user":"王秋君","行業代號":null,"market_name":"第二公有零售市場","行業代號1":null,"名稱1":null,"行業代號2":null,"名稱2":null,"行業代號3":null,"名稱3":null,"category":"夜市/市場攤販","id":10004373,"pay_list":"","pay_tool":""},{"index":6,"shop":"第二公有零售市場-舒情小站","zone":"雲嘉南","city":"雲林縣","area":"西螺鎮","market_address":"雲林縣西螺鎮中和里市後街36號","user":"蔡若蓁、林盈閑","行業代號":null,"market_name":"第二公有零售市場","行業代號1":null,"名稱1":null,"行業代號2":null,"名稱2":null,"行業代號3":null,"名稱3":null,"category":"夜市/市場攤販","id":10004374,"pay_list":"","pay_tool":""},{"index":7,"shop":"第二公有零售市場-大古鐵壺","zone":"雲嘉南","city":"雲林縣","area":"西螺鎮","market_address":"雲林縣西螺鎮中和里市後街36號","user":"王俊安","行業代號":null,"market_name":"第二公有零售市場","行業代號1":null,"名稱1":null,"行業代號2":null,"名稱2":null,"行業代號3":null,"名稱3":null,"category":"夜市/市場攤販","id":10004375,"pay_list":"","pay_tool":""},{"index":8,"shop":"第二公有零售市場-Shinying拼布手作","zone":"雲嘉南","city":"雲林縣","area":"西螺鎮","market_address":"雲林縣西螺鎮中和里市後街36號","user":"宋欣穎","行業代號":null,"market_name":"第二公有零售市場","行業代號1":null,"名稱1":null,"行業代號2":null,"名稱2":null,"行業代號3":null,"名稱3":null,"category":"夜市/市場攤販","id":10004376,"pay_list":"","pay_tool":""},{"index":9,"shop":"第二公有零售市場-馬哈的盒子","zone":"雲嘉南","city":"雲林縣","area":"西螺鎮","market_address":"雲林縣西螺鎮中和里市後街36號","user":"黃燕照","行業代號":null,"market_name":"第二公有零售市場","行業代號1":null,"名稱1":null,"行業代號2":null,"名稱2":null,"行業代號3":null,"名稱3":null,"category":"夜市/市場攤販","id":10004377,"pay_list":"","pay_tool":""},{"index":10,"shop":"第二公有零售市場-湧林工作坊","zone":"雲嘉南","city":"雲林縣","area":"西螺鎮","market_address":"雲林縣西螺鎮中和里市後街36號","user":"蘇秉宏","行業代號":null,"market_name":"第二公有零售市場","行業代號1":null,"名稱1":null,"行業代號2":null,"名稱2":null,"行業代號3":null,"名稱3":null,"category":"夜市/市場攤販","id":10004378,"pay_list":"","pay_tool":""},{"index":11,"shop":"第二公有零售市場-蓉之石國寶石工作室","zone":"雲嘉南","city":"雲林縣","area":"西螺鎮","market_address":"雲林縣西螺鎮中和里市後街36號","user":"謝幸純","行業代號":null,"market_name":"第二公有零售市場","行業代號1":null,"名稱1":null,"行業代號2":null,"名稱2":null,"行業代號3":null,"名稱3":null,"category":"夜市/市場攤販","id":10004379,"pay_list":"","pay_tool":""},{"index":12,"shop":"第二公有零售市場-賞柏藝藝術坊","zone":"雲嘉南","city":"雲林縣","area":"西螺鎮","market_address":"雲林縣西螺鎮中和里市後街36號","user":"廖振祐","行業代號":null,"market_name":"第二公有零售市場","行業代號1":null,"名稱1":null,"行業代號2":null,"名稱2":null,"行業代號3":null,"名稱3":null,"category":"夜市/市場攤販","id":10004380,"pay_list":"","pay_tool":""},{"index":13,"shop":"第二公有零售市場-夏許金工實驗室","zone":"雲嘉南","city":"雲林縣","area":"西螺鎮","market_address":"雲林縣西螺鎮中和里市後街36號","user":"石旻鑫","行業代號":null,"market_name":"第二公有零售市場","行業代號1":null,"名稱1":null,"行業代號2":null,"名稱2":null,"行業代號3":null,"名稱3":null,"category":"夜市/市場攤販","id":10004383,"pay_list":"","pay_tool":""},{"index":14,"shop":"第二公有零售市場-彰文堂印鋪","zone":"雲嘉南","city":"雲林縣","area":"西螺鎮","market_address":"雲林縣西螺鎮中和里市後街36號","user":"張日彰","行業代號":null,"market_name":"第二公有零售市場","行業代號1":null,"名稱1":null,"行業代號2":null,"名稱2":null,"行業代號3":null,"名稱3":null,"category":"夜市/市場攤販","id":10004384,"pay_list":"","pay_tool":""},{"index":15,"shop":"第二公有零售市場-三指餐飲部","zone":"雲嘉南","city":"雲林縣","area":"西螺鎮","market_address":"雲林縣西螺鎮中和里市後街36號","user":"洪崇朔","行業代號":null,"market_name":"第二公有零售市場","行業代號1":null,"名稱1":null,"行業代號2":null,"名稱2":null,"行業代號3":null,"名稱3":null,"category":"夜市/市場攤販","id":10004385,"pay_list":"","pay_tool":""},{"index":16,"shop":"賞味家","zone":"雲嘉南","city":"雲林縣","area":"西螺鎮","market_address":"雲林縣西螺鎮河南里埔心路１７４號","user":"郭冠廷","行業代號":null,"market_name":["餐食攤販"],"行業代號1":null,"名稱1":null,"行業代號2":null,"名稱2":null,"行業代號3":null,"名稱3":null,"category":["夜市/市場攤販"],"id":20003178,"pay_list":"","pay_tool":""},{"index":17,"shop":"林秋霞小吃店","zone":"雲嘉南","city":"雲林縣","area":"西螺鎮","market_address":"雲林縣西螺鎮正興里中山路１１５號前","user":"林秋霞","行業代號":null,"market_name":["餐食攤販"],"行業代號1":null,"名稱1":null,"行業代號2":null,"名稱2":null,"行業代號3":null,"名稱3":null,"category":["夜市/市場攤販"],"id":20009406,"pay_list":"","pay_tool":""},{"index":18,"shop":"麥而滋","zone":"雲嘉南","city":"雲林縣","area":"西螺鎮","market_address":"雲林縣西螺鎮中興里新興路１２號","user":"王秋前","行業代號":null,"market_name":["餐食攤販"],"行業代號1":null,"名稱1":null,"行業代號2":null,"名稱2":null,"行業代號3":null,"名稱3":null,"category":["夜市/市場攤販"],"id":20011348,"pay_list":"","pay_tool":""},{"index":19,"shop":"寶壽司攤販","zone":"雲嘉南","city":"雲林縣","area":"西螺鎮","market_address":"雲林縣西螺鎮正興里中山路１２７號門前","user":"陳菀縈","行業代號":null,"market_name":["餐食攤販"],"行業代號1":null,"名稱1":null,"行業代號2":null,"名稱2":null,"行業代號3":null,"名稱3":null,"category":["夜市/市場攤販"],"id":20014126,"pay_list":"","pay_tool":""},{"index":20,"shop":"西螺三角大水餃","zone":"雲嘉南","city":"雲林縣","area":"西螺鎮","market_address":"雲林縣西螺鎮永安里７鄰觀音街１２號","user":"李淑鳳","行業代號":null,"market_name":["餐食攤販"],"行業代號1":null,"名稱1":null,"行業代號2":null,"名稱2":null,"行業代號3":null,"名稱3":null,"category":["夜市/市場攤販"],"id":20014135,"pay_list":"","pay_tool":""},{"index":21,"shop":"香雞排","zone":"雲嘉南","city":"雲林縣","area":"西螺鎮","market_address":"雲林縣西螺鎮正興里３鄰文昌路８９號","user":"董新中","行業代號":null,"market_name":["餐食攤販"],"行業代號1":null,"名稱1":null,"行業代號2":null,"名稱2":null,"行業代號3":null,"名稱3":null,"category":["夜市/市場攤販"],"id":20014140,"pay_list":["LINE PAY MONEY"],"pay_tool":["行動支付"]},{"index":22,"shop":"宋子光（北港香菇肉羹）","zone":"雲嘉南","city":"雲林縣","area":"西螺鎮","market_address":"雲林縣西螺鎮正興里光復西路１５７號","user":"宋子光","行業代號":null,"market_name":["餐食攤販"],"行業代號1":null,"名稱1":null,"行業代號2":null,"名稱2":null,"行業代號3":null,"名稱3":null,"category":["夜市/市場攤販"],"id":20018499,"pay_list":"","pay_tool":""},{"index":23,"shop":"賀加麵店","zone":"雲嘉南","city":"雲林縣","area":"西螺鎮","market_address":"雲林縣西螺鎮正興里１３鄰光復西路１５５巷４０號（騎樓）","user":"謝晳明","行業代號":null,"market_name":["餐食攤販","麵店、小吃店"],"行業代號1":null,"名稱1":null,"行業代號2":null,"名稱2":null,"行業代號3":null,"名稱3":null,"category":["夜市/市場攤販","餐飲"],"id":20019120,"pay_list":"","pay_tool":""},{"index":24,"shop":"廖坤淵","zone":"雲嘉南","city":"雲林縣","area":"西螺鎮","market_address":"雲林縣西螺鎮正興里光復西路１３７號","user":"廖坤淵","行業代號":null,"market_name":["餐食攤販"],"行業代號1":null,"名稱1":null,"行業代號2":null,"名稱2":null,"行業代號3":null,"名稱3":null,"category":["夜市/市場攤販"],"id":20019143,"pay_list":"","pay_tool":""},{"index":25,"shop":"大腸郎米糕","zone":"雲嘉南","city":"雲林縣","area":"西螺鎮","market_address":"雲林縣西螺鎮光華里中山路１７６號","user":"李旭淇","行業代號":null,"market_name":["餐食攤販"],"行業代號1":null,"名稱1":null,"行業代號2":null,"名稱2":null,"行業代號3":null,"名稱3":null,"category":["夜市/市場攤販"],"id":20019144,"pay_list":"","pay_tool":""},{"index":26,"shop":"李奕暄","zone":"雲嘉南","city":"雲林縣","area":"西螺鎮","market_address":"雲林縣西螺鎮福興里延平路１８９號前","user":"李奕暄","行業代號":null,"market_name":["餐食攤販"],"行業代號1":null,"名稱1":null,"行業代號2":null,"名稱2":null,"行業代號3":null,"名稱3":null,"category":["夜市/市場攤販"],"id":20026950,"pay_list":"","pay_tool":""},{"index":27,"shop":"Ｇ老大","zone":"雲嘉南","city":"雲林縣","area":"西螺鎮","market_address":"雲林縣西螺鎮漢光里興農西路１５８號","user":"向曉荳","行業代號":null,"market_name":["餐食攤販"],"行業代號1":null,"名稱1":null,"行業代號2":null,"名稱2":null,"行業代號3":null,"名稱3":null,"category":["夜市/市場攤販"],"id":20058050,"pay_list":["愛金卡","一卡通"],"pay_tool":["電子票證"]},{"index":28,"shop":"蕭家油葱粿","zone":"雲嘉南","city":"雲林縣","area":"西螺鎮","market_address":"雲林縣西螺鎮福興里３鄰建興路２７２號","user":"張宜芸","行業代號":"561200","market_name":["餐食攤販"],"行業代號1":"","名稱1":"","行業代號2":"","名稱2":"","行業代號3":"","名稱3":"","category":["夜市/市場攤販"],"id":60043888,"pay_list":null,"pay_tool":null},{"index":29,"shop":"赤甲商行","zone":"雲嘉南","city":"雲林縣","area":"西螺鎮","market_address":"雲林縣西螺鎮光華里延平路２６６號１樓","user":"詹家菁","行業代號":"561200","market_name":["餐食攤販"],"行業代號1":"","名稱1":"","行業代號2":"","名稱2":"","行業代號3":"","名稱3":"","category":["夜市/市場攤販"],"id":60082446,"pay_list":null,"pay_tool":null},{"index":30,"shop":"豐碩商行","zone":"雲嘉南","city":"雲林縣","area":"西螺鎮","market_address":"雲林縣西螺鎮漢光里中山路２９５之３號","user":"胡碩修","行業代號":"561200","market_name":["餐食攤販"],"行業代號1":"","名稱1":"","行業代號2":"","名稱2":"","行業代號3":"","名稱3":"","category":["夜市/市場攤販"],"id":60082455,"pay_list":null,"pay_tool":null},{"index":31,"shop":"木源小吃部","zone":"雲嘉南","city":"雲林縣","area":"西螺鎮","market_address":"雲林縣西螺鎮正興里光明西路１７７巷２９號１Ｆ","user":"黃木源","行業代號":"561200","market_name":["餐食攤販"],"行業代號1":"","名稱1":"","行業代號2":"","名稱2":"","行業代號3":"","名稱3":"","category":["夜市/市場攤販"],"id":60090639,"pay_list":null,"pay_tool":null}]