[{"index":1,"id":20002875,"user":"陳麗瑾","shop":"新美果汁茶飲店","category":["夜市/市場攤販"],"zone":"高屏","city":"高雄市","area":"湖內區","market_name":["調理飲料攤販"],"market_address":"高雄市湖內區湖東里１４鄰中山路１段３０１巷２９號騎樓","pay_list":"","pay_tool":"","行業代號":null,"行業代號1":null,"名稱1":null,"行業代號2":null,"名稱2":null,"行業代號3":null,"名稱3":null},{"index":2,"id":20002886,"user":"林美麗","shop":"天進早餐店","category":["夜市/市場攤販"],"zone":"高屏","city":"高雄市","area":"湖內區","market_name":["餐食攤販"],"market_address":"高雄市湖內區中賢里建國街２１６號１樓","pay_list":"","pay_tool":"","行業代號":null,"行業代號1":null,"名稱1":null,"行業代號2":null,"名稱2":null,"行業代號3":null,"名稱3":null},{"index":3,"id":20015856,"user":"陳玉青","shop":"原味香客家美食館","category":["夜市/市場攤販"],"zone":"高屏","city":"高雄市","area":"湖內區","market_name":["餐食攤販"],"market_address":"高雄市湖內區湖東里東方路６３號１樓","pay_list":"","pay_tool":"","行業代號":null,"行業代號1":null,"名稱1":null,"行業代號2":null,"名稱2":null,"行業代號3":null,"名稱3":null},{"index":4,"id":20017098,"user":"劉水杉","shop":"天下第一刀","category":["夜市/市場攤販"],"zone":"高屏","city":"高雄市","area":"湖內區","market_name":["餐食攤販"],"market_address":"高雄市湖內區公舘里中正路１段１９號１樓","pay_list":["LINE PAY MONEY"],"pay_tool":["行動支付"],"行業代號":null,"行業代號1":null,"名稱1":null,"行業代號2":null,"名稱2":null,"行業代號3":null,"名稱3":null},{"index":5,"id":60092363,"user":"黃鳳群","shop":"東方餐點美食坊","category":["夜市/市場攤販"],"zone":"高屏","city":"高雄市","area":"湖內區","market_name":["餐食攤販"],"market_address":"高雄市湖內區湖東里０１６鄰中山路一段３０１巷６２弄２號７樓之１","pay_list":null,"pay_tool":null,"行業代號":"561200","行業代號1":"","名稱1":"","行業代號2":"","名稱2":"","行業代號3":"","名稱3":""}]