[{"index":1,"shop":"邱呂素英","zone":"雲嘉南","city":"嘉義縣","area":"番路鄉","market_address":"嘉義縣番路鄉觸口村１之１８號前攤販","user":"邱呂素英","行業代號":null,"market_name":["餐食攤販"],"行業代號1":null,"名稱1":null,"行業代號2":null,"名稱2":null,"行業代號3":null,"名稱3":null,"category":["夜市/市場攤販"],"id":20028514,"pay_list":"","pay_tool":""},{"index":2,"shop":"邱嘉誠","zone":"雲嘉南","city":"嘉義縣","area":"番路鄉","market_address":"嘉義縣番路鄉觸口村１號附１９前攤販","user":"邱嘉誠","行業代號":null,"market_name":["餐食攤販"],"行業代號1":null,"名稱1":null,"行業代號2":null,"名稱2":null,"行業代號3":null,"名稱3":null,"category":["夜市/市場攤販"],"id":20028531,"pay_list":"","pay_tool":""},{"index":3,"shop":"李鳳芝","zone":"雲嘉南","city":"嘉義縣","area":"番路鄉","market_address":"嘉義縣番路鄉觸口村１號後攤位","user":"李鳯芝","行業代號":null,"market_name":["水果零售","調理飲料攤販"],"行業代號1":null,"名稱1":null,"行業代號2":null,"名稱2":null,"行業代號3":null,"名稱3":null,"category":["夜市/市場攤販"],"id":20028533,"pay_list":"","pay_tool":""},{"index":4,"shop":"楊純臻","zone":"雲嘉南","city":"嘉義縣","area":"番路鄉","market_address":"嘉義縣番路鄉觸口村梅花一路１號（攤販）","user":"楊純臻","行業代號":null,"market_name":["水果零售","手工藝品零售","調理飲料攤販","蔬菜零售"],"行業代號1":null,"名稱1":null,"行業代號2":null,"名稱2":null,"行業代號3":null,"名稱3":null,"category":["夜市/市場攤販"],"id":20028574,"pay_list":"","pay_tool":""},{"index":5,"shop":"杜慧亭","zone":"雲嘉南","city":"嘉義縣","area":"番路鄉","market_address":"嘉義縣番路鄉觸口村０１８鄰梅花六路２巷１６號","user":"杜慧亭","行業代號":null,"market_name":["餐食攤販"],"行業代號1":null,"名稱1":null,"行業代號2":null,"名稱2":null,"行業代號3":null,"名稱3":null,"category":["夜市/市場攤販"],"id":20036486,"pay_list":["街口支付"],"pay_tool":["行動支付"]},{"index":6,"shop":"汪記轉彎那邊手作坊","zone":"雲嘉南","city":"嘉義縣","area":"番路鄉","market_address":"嘉義縣番路鄉觸口村１８鄰梅花六路二巷６號","user":"汪娟蓉","行業代號":null,"market_name":["餐食攤販"],"行業代號1":null,"名稱1":null,"行業代號2":null,"名稱2":null,"行業代號3":null,"名稱3":null,"category":["夜市/市場攤販"],"id":20052296,"pay_list":"","pay_tool":""},{"index":7,"shop":"翊成甕缸雞","zone":"雲嘉南","city":"嘉義縣","area":"番路鄉","market_address":"嘉義縣番路鄉下坑村菜公店２―１號","user":"呂翊瑄","行業代號":"561200","market_name":["餐食攤販"],"行業代號1":"","名稱1":"","行業代號2":"","名稱2":"","行業代號3":"","名稱3":"","category":["夜市/市場攤販"],"id":60039325,"pay_list":null,"pay_tool":null},{"index":8,"shop":"鄒族阿里山原木烤肉","zone":"雲嘉南","city":"嘉義縣","area":"番路鄉","market_address":"嘉義縣番路鄉觸口村梅花六路２巷２０號","user":"武世忠","行業代號":"561200","market_name":["餐食攤販"],"行業代號1":"","名稱1":"","行業代號2":"","名稱2":"","行業代號3":"","名稱3":"","category":["夜市/市場攤販"],"id":60056136,"pay_list":null,"pay_tool":null}]