[{"index":1,"id":10038214,"user":"許錦富","shop":"第二公有零售市場-原01","category":"夜市/市場攤販","zone":"桃竹苗","city":"苗栗縣","area":"後龍鎮","market_name":"第二公有零售市場","market_address":"苗栗縣後龍鎮北龍里7鄰38號","pay_list":"","pay_tool":"","行業代號":null,"行業代號1":null,"名稱1":null,"行業代號2":null,"名稱2":null,"行業代號3":null,"名稱3":null},{"index":2,"id":10038225,"user":"彭畯豊","shop":"第二公有零售市場-口福香","category":"夜市/市場攤販","zone":"桃竹苗","city":"苗栗縣","area":"後龍鎮","market_name":"第二公有零售市場","market_address":"苗栗縣後龍鎮北龍里7鄰38號","pay_list":"","pay_tool":"","行業代號":null,"行業代號1":null,"名稱1":null,"行業代號2":null,"名稱2":null,"行業代號3":null,"名稱3":null},{"index":3,"id":10038236,"user":"姚懿倫","shop":"第二公有零售市場-姚懿倫","category":"夜市/市場攤販","zone":"桃竹苗","city":"苗栗縣","area":"後龍鎮","market_name":"第二公有零售市場","market_address":"苗栗縣後龍鎮北龍里7鄰38號","pay_list":"","pay_tool":"","行業代號":null,"行業代號1":null,"名稱1":null,"行業代號2":null,"名稱2":null,"行業代號3":null,"名稱3":null},{"index":4,"id":10038247,"user":"葉碧玉","shop":"第二公有零售市場-肉脯田","category":"夜市/市場攤販","zone":"桃竹苗","city":"苗栗縣","area":"後龍鎮","market_name":"第二公有零售市場","market_address":"苗栗縣後龍鎮北龍里7鄰38號","pay_list":"","pay_tool":"","行業代號":null,"行業代號1":null,"名稱1":null,"行業代號2":null,"名稱2":null,"行業代號3":null,"名稱3":null},{"index":5,"id":10038258,"user":"劉霈淳","shop":"第二公有零售市場-原10","category":"夜市/市場攤販","zone":"桃竹苗","city":"苗栗縣","area":"後龍鎮","market_name":"第二公有零售市場","market_address":"苗栗縣後龍鎮北龍里7鄰38號","pay_list":"","pay_tool":"","行業代號":null,"行業代號1":null,"名稱1":null,"行業代號2":null,"名稱2":null,"行業代號3":null,"名稱3":null},{"index":6,"id":10038270,"user":"劉麗珍","shop":"第二公有零售市場-原12","category":"夜市/市場攤販","zone":"桃竹苗","city":"苗栗縣","area":"後龍鎮","market_name":"第二公有零售市場","market_address":"苗栗縣後龍鎮北龍里7鄰38號","pay_list":"","pay_tool":"","行業代號":null,"行業代號1":null,"名稱1":null,"行業代號2":null,"名稱2":null,"行業代號3":null,"名稱3":null},{"index":7,"id":10038281,"user":"黃鳳嬌","shop":"第二公有零售市場-新01","category":"夜市/市場攤販","zone":"桃竹苗","city":"苗栗縣","area":"後龍鎮","market_name":"第二公有零售市場","market_address":"苗栗縣後龍鎮北龍里7鄰38號","pay_list":"","pay_tool":"","行業代號":null,"行業代號1":null,"名稱1":null,"行業代號2":null,"名稱2":null,"行業代號3":null,"名稱3":null},{"index":8,"id":10038292,"user":"杜泰山","shop":"第二公有零售市場-雙蟢堂餅行","category":"夜市/市場攤販","zone":"桃竹苗","city":"苗栗縣","area":"後龍鎮","market_name":"第二公有零售市場","market_address":"苗栗縣後龍鎮北龍里7鄰38號","pay_list":"","pay_tool":"","行業代號":null,"行業代號1":null,"名稱1":null,"行業代號2":null,"名稱2":null,"行業代號3":null,"名稱3":null},{"index":9,"id":10038303,"user":"陳文發","shop":"第二公有零售市場-裕益行","category":"夜市/市場攤販","zone":"桃竹苗","city":"苗栗縣","area":"後龍鎮","market_name":"第二公有零售市場","market_address":"苗栗縣後龍鎮北龍里7鄰38號","pay_list":"","pay_tool":"","行業代號":null,"行業代號1":null,"名稱1":null,"行業代號2":null,"名稱2":null,"行業代號3":null,"名稱3":null},{"index":10,"id":10038314,"user":"洪世傑","shop":"第二公有零售市場-丸洪鮮魚行","category":"夜市/市場攤販","zone":"桃竹苗","city":"苗栗縣","area":"後龍鎮","market_name":"第二公有零售市場","market_address":"苗栗縣後龍鎮北龍里7鄰38號","pay_list":"","pay_tool":"","行業代號":null,"行業代號1":null,"名稱1":null,"行業代號2":null,"名稱2":null,"行業代號3":null,"名稱3":null},{"index":11,"id":10038325,"user":"陳玉蘭","shop":"第二公有零售市場-002","category":"夜市/市場攤販","zone":"桃竹苗","city":"苗栗縣","area":"後龍鎮","market_name":"第二公有零售市場","market_address":"苗栗縣後龍鎮北龍里7鄰38號","pay_list":"","pay_tool":"","行業代號":null,"行業代號1":null,"名稱1":null,"行業代號2":null,"名稱2":null,"行業代號3":null,"名稱3":null},{"index":12,"id":10038336,"user":"黃玉鳳","shop":"第二公有零售市場-004","category":"夜市/市場攤販","zone":"桃竹苗","city":"苗栗縣","area":"後龍鎮","market_name":"第二公有零售市場","market_address":"苗栗縣後龍鎮北龍里7鄰38號","pay_list":"","pay_tool":"","行業代號":null,"行業代號1":null,"名稱1":null,"行業代號2":null,"名稱2":null,"行業代號3":null,"名稱3":null},{"index":13,"id":10038347,"user":"陳嘉豪","shop":"第二公有零售市場-瑞珍漁丸","category":"夜市/市場攤販","zone":"桃竹苗","city":"苗栗縣","area":"後龍鎮","market_name":"第二公有零售市場","market_address":"苗栗縣後龍鎮北龍里7鄰38號","pay_list":"","pay_tool":"","行業代號":null,"行業代號1":null,"名稱1":null,"行業代號2":null,"名稱2":null,"行業代號3":null,"名稱3":null},{"index":14,"id":10038358,"user":"翁志銘","shop":"第二公有零售市場-丸翁鮮魚行","category":"夜市/市場攤販","zone":"桃竹苗","city":"苗栗縣","area":"後龍鎮","market_name":"第二公有零售市場","market_address":"苗栗縣後龍鎮北龍里7鄰38號","pay_list":"","pay_tool":"","行業代號":null,"行業代號1":null,"名稱1":null,"行業代號2":null,"名稱2":null,"行業代號3":null,"名稱3":null},{"index":15,"id":10038369,"user":"吳朱鑾","shop":"第二公有零售市場-010","category":"夜市/市場攤販","zone":"桃竹苗","city":"苗栗縣","area":"後龍鎮","market_name":"第二公有零售市場","market_address":"苗栗縣後龍鎮北龍里7鄰38號","pay_list":"","pay_tool":"","行業代號":null,"行業代號1":null,"名稱1":null,"行業代號2":null,"名稱2":null,"行業代號3":null,"名稱3":null},{"index":16,"id":10038381,"user":"葉文宗","shop":"第二公有零售市場-文宗肉品","category":"夜市/市場攤販","zone":"桃竹苗","city":"苗栗縣","area":"後龍鎮","market_name":"第二公有零售市場","market_address":"苗栗縣後龍鎮北龍里7鄰38號","pay_list":"","pay_tool":"","行業代號":null,"行業代號1":null,"名稱1":null,"行業代號2":null,"名稱2":null,"行業代號3":null,"名稱3":null},{"index":17,"id":10038392,"user":"杜欣瑾","shop":"第二公有零售市場-012","category":"夜市/市場攤販","zone":"桃竹苗","city":"苗栗縣","area":"後龍鎮","market_name":"第二公有零售市場","market_address":"苗栗縣後龍鎮北龍里7鄰38號","pay_list":"","pay_tool":"","行業代號":null,"行業代號1":null,"名稱1":null,"行業代號2":null,"名稱2":null,"行業代號3":null,"名稱3":null},{"index":18,"id":10038403,"user":"陳桶生","shop":"第二公有零售市場-013","category":"夜市/市場攤販","zone":"桃竹苗","city":"苗栗縣","area":"後龍鎮","market_name":"第二公有零售市場","market_address":"苗栗縣後龍鎮北龍里7鄰38號","pay_list":"","pay_tool":"","行業代號":null,"行業代號1":null,"名稱1":null,"行業代號2":null,"名稱2":null,"行業代號3":null,"名稱3":null},{"index":19,"id":10038414,"user":"陳木進","shop":"第二公有零售市場-014","category":"夜市/市場攤販","zone":"桃竹苗","city":"苗栗縣","area":"後龍鎮","market_name":"第二公有零售市場","market_address":"苗栗縣後龍鎮北龍里7鄰38號","pay_list":"","pay_tool":"","行業代號":null,"行業代號1":null,"名稱1":null,"行業代號2":null,"名稱2":null,"行業代號3":null,"名稱3":null},{"index":20,"id":10038425,"user":"蔡松瞱","shop":"第二公有零售市場-016","category":"夜市/市場攤販","zone":"桃竹苗","city":"苗栗縣","area":"後龍鎮","market_name":"第二公有零售市場","market_address":"苗栗縣後龍鎮北龍里7鄰38號","pay_list":"","pay_tool":"","行業代號":null,"行業代號1":null,"名稱1":null,"行業代號2":null,"名稱2":null,"行業代號3":null,"名稱3":null},{"index":21,"id":10038436,"user":"趙素娥","shop":"第二公有零售市場-丸蓮鮮魚行","category":"夜市/市場攤販","zone":"桃竹苗","city":"苗栗縣","area":"後龍鎮","market_name":"第二公有零售市場","market_address":"苗栗縣後龍鎮北龍里7鄰38號","pay_list":"","pay_tool":"","行業代號":null,"行業代號1":null,"名稱1":null,"行業代號2":null,"名稱2":null,"行業代號3":null,"名稱3":null},{"index":22,"id":10038447,"user":"柯智強","shop":"第二公有零售市場-020","category":"夜市/市場攤販","zone":"桃竹苗","city":"苗栗縣","area":"後龍鎮","market_name":"第二公有零售市場","market_address":"苗栗縣後龍鎮北龍里7鄰38號","pay_list":"","pay_tool":"","行業代號":null,"行業代號1":null,"名稱1":null,"行業代號2":null,"名稱2":null,"行業代號3":null,"名稱3":null},{"index":23,"id":10038458,"user":"吳秀雲","shop":"第二公有零售市場-022","category":"夜市/市場攤販","zone":"桃竹苗","city":"苗栗縣","area":"後龍鎮","market_name":"第二公有零售市場","market_address":"苗栗縣後龍鎮北龍里7鄰38號","pay_list":"","pay_tool":"","行業代號":null,"行業代號1":null,"名稱1":null,"行業代號2":null,"名稱2":null,"行業代號3":null,"名稱3":null},{"index":24,"id":10038469,"user":"張李富娥","shop":"第二公有零售市場-阿燦素食","category":"夜市/市場攤販","zone":"桃竹苗","city":"苗栗縣","area":"後龍鎮","market_name":"第二公有零售市場","market_address":"苗栗縣後龍鎮北龍里7鄰38號","pay_list":"","pay_tool":"","行業代號":null,"行業代號1":null,"名稱1":null,"行業代號2":null,"名稱2":null,"行業代號3":null,"名稱3":null},{"index":25,"id":10038480,"user":"林金龍","shop":"第二公有零售市場-阿燦素食","category":"夜市/市場攤販","zone":"桃竹苗","city":"苗栗縣","area":"後龍鎮","market_name":"第二公有零售市場","market_address":"苗栗縣後龍鎮北龍里7鄰38號","pay_list":"","pay_tool":"","行業代號":null,"行業代號1":null,"名稱1":null,"行業代號2":null,"名稱2":null,"行業代號3":null,"名稱3":null},{"index":26,"id":10038492,"user":"郭金國","shop":"第二公有零售市場-宏昌商店","category":"夜市/市場攤販","zone":"桃竹苗","city":"苗栗縣","area":"後龍鎮","market_name":"第二公有零售市場","market_address":"苗栗縣後龍鎮北龍里7鄰38號","pay_list":"","pay_tool":"","行業代號":null,"行業代號1":null,"名稱1":null,"行業代號2":null,"名稱2":null,"行業代號3":null,"名稱3":null},{"index":27,"id":10038503,"user":"陳秀琴","shop":"第二公有零售市場-玉秀獸肉舖","category":"夜市/市場攤販","zone":"桃竹苗","city":"苗栗縣","area":"後龍鎮","market_name":"第二公有零售市場","market_address":"苗栗縣後龍鎮北龍里7鄰38號","pay_list":"","pay_tool":"","行業代號":null,"行業代號1":null,"名稱1":null,"行業代號2":null,"名稱2":null,"行業代號3":null,"名稱3":null},{"index":28,"id":10038514,"user":"李晨瑜","shop":"第二公有零售市場-168","category":"夜市/市場攤販","zone":"桃竹苗","city":"苗栗縣","area":"後龍鎮","market_name":"第二公有零售市場","market_address":"苗栗縣後龍鎮北龍里7鄰38號","pay_list":"","pay_tool":"","行業代號":null,"行業代號1":null,"名稱1":null,"行業代號2":null,"名稱2":null,"行業代號3":null,"名稱3":null},{"index":29,"id":10038525,"user":"余淑美","shop":"第二公有零售市場-032","category":"夜市/市場攤販","zone":"桃竹苗","city":"苗栗縣","area":"後龍鎮","market_name":"第二公有零售市場","market_address":"苗栗縣後龍鎮北龍里7鄰38號","pay_list":"","pay_tool":"","行業代號":null,"行業代號1":null,"名稱1":null,"行業代號2":null,"名稱2":null,"行業代號3":null,"名稱3":null},{"index":30,"id":10038536,"user":"鍾金櫻","shop":"第二公有零售市場-鍾金櫻魚丸店","category":"夜市/市場攤販","zone":"桃竹苗","city":"苗栗縣","area":"後龍鎮","market_name":"第二公有零售市場","market_address":"苗栗縣後龍鎮北龍里7鄰38號","pay_list":"","pay_tool":"","行業代號":null,"行業代號1":null,"名稱1":null,"行業代號2":null,"名稱2":null,"行業代號3":null,"名稱3":null},{"index":31,"id":10038547,"user":"陳富貴","shop":"第二公有零售市場-丸貴鮮魚行","category":"夜市/市場攤販","zone":"桃竹苗","city":"苗栗縣","area":"後龍鎮","market_name":"第二公有零售市場","market_address":"苗栗縣後龍鎮北龍里7鄰38號","pay_list":"","pay_tool":"","行業代號":null,"行業代號1":null,"名稱1":null,"行業代號2":null,"名稱2":null,"行業代號3":null,"名稱3":null},{"index":32,"id":10038558,"user":"林俊源","shop":"第二公有零售市場-038","category":"夜市/市場攤販","zone":"桃竹苗","city":"苗栗縣","area":"後龍鎮","market_name":"第二公有零售市場","market_address":"苗栗縣後龍鎮北龍里7鄰38號","pay_list":"","pay_tool":"","行業代號":null,"行業代號1":null,"名稱1":null,"行業代號2":null,"名稱2":null,"行業代號3":null,"名稱3":null},{"index":33,"id":10038569,"user":"楊添進","shop":"第二公有零售市場-040","category":"夜市/市場攤販","zone":"桃竹苗","city":"苗栗縣","area":"後龍鎮","market_name":"第二公有零售市場","market_address":"苗栗縣後龍鎮北龍里7鄰38號","pay_list":"","pay_tool":"","行業代號":null,"行業代號1":null,"名稱1":null,"行業代號2":null,"名稱2":null,"行業代號3":null,"名稱3":null},{"index":34,"id":10038580,"user":"李徐玉鳳","shop":"第二公有零售市場-042","category":"夜市/市場攤販","zone":"桃竹苗","city":"苗栗縣","area":"後龍鎮","market_name":"第二公有零售市場","market_address":"苗栗縣後龍鎮北龍里7鄰38號","pay_list":"","pay_tool":"","行業代號":null,"行業代號1":null,"名稱1":null,"行業代號2":null,"名稱2":null,"行業代號3":null,"名稱3":null},{"index":35,"id":10038591,"user":"郭景順","shop":"第二公有零售市場-宏昌商店","category":"夜市/市場攤販","zone":"桃竹苗","city":"苗栗縣","area":"後龍鎮","market_name":"第二公有零售市場","market_address":"苗栗縣後龍鎮北龍里7鄰38號","pay_list":"","pay_tool":"","行業代號":null,"行業代號1":null,"名稱1":null,"行業代號2":null,"名稱2":null,"行業代號3":null,"名稱3":null},{"index":36,"id":10038604,"user":"林思穎","shop":"第二公有零售市場-046","category":"夜市/市場攤販","zone":"桃竹苗","city":"苗栗縣","area":"後龍鎮","market_name":"第二公有零售市場","market_address":"苗栗縣後龍鎮北龍里7鄰38號","pay_list":"","pay_tool":"","行業代號":null,"行業代號1":null,"名稱1":null,"行業代號2":null,"名稱2":null,"行業代號3":null,"名稱3":null},{"index":37,"id":10038615,"user":"陳阿惠","shop":"第二公有零售市場-048","category":"夜市/市場攤販","zone":"桃竹苗","city":"苗栗縣","area":"後龍鎮","market_name":"第二公有零售市場","market_address":"苗栗縣後龍鎮北龍里7鄰38號","pay_list":"","pay_tool":"","行業代號":null,"行業代號1":null,"名稱1":null,"行業代號2":null,"名稱2":null,"行業代號3":null,"名稱3":null},{"index":38,"id":10038626,"user":"劉鍾勤英","shop":"第二公有零售市場-050","category":"夜市/市場攤販","zone":"桃竹苗","city":"苗栗縣","area":"後龍鎮","market_name":"第二公有零售市場","market_address":"苗栗縣後龍鎮北龍里7鄰38號","pay_list":"","pay_tool":"","行業代號":null,"行業代號1":null,"名稱1":null,"行業代號2":null,"名稱2":null,"行業代號3":null,"名稱3":null},{"index":39,"id":10038637,"user":"黃三豪","shop":"第二公有零售市場-豪吃豬肉專賣店","category":"夜市/市場攤販","zone":"桃竹苗","city":"苗栗縣","area":"後龍鎮","market_name":"第二公有零售市場","market_address":"苗栗縣後龍鎮北龍里7鄰38號","pay_list":"","pay_tool":"","行業代號":null,"行業代號1":null,"名稱1":null,"行業代號2":null,"名稱2":null,"行業代號3":null,"名稱3":null},{"index":40,"id":10038648,"user":"楊朝祥","shop":"第二公有零售市場-054","category":"夜市/市場攤販","zone":"桃竹苗","city":"苗栗縣","area":"後龍鎮","market_name":"第二公有零售市場","market_address":"苗栗縣後龍鎮北龍里7鄰38號","pay_list":"","pay_tool":"","行業代號":null,"行業代號1":null,"名稱1":null,"行業代號2":null,"名稱2":null,"行業代號3":null,"名稱3":null},{"index":41,"id":10038659,"user":"藍永嘉","shop":"第二公有零售市場-丸鮮鮮魚行","category":"夜市/市場攤販","zone":"桃竹苗","city":"苗栗縣","area":"後龍鎮","market_name":"第二公有零售市場","market_address":"苗栗縣後龍鎮北龍里7鄰38號","pay_list":"","pay_tool":"","行業代號":null,"行業代號1":null,"名稱1":null,"行業代號2":null,"名稱2":null,"行業代號3":null,"名稱3":null},{"index":42,"id":10038670,"user":"王貴","shop":"第二公有零售市場-龍港鮮魚行","category":"夜市/市場攤販","zone":"桃竹苗","city":"苗栗縣","area":"後龍鎮","market_name":"第二公有零售市場","market_address":"苗栗縣後龍鎮北龍里7鄰38號","pay_list":"","pay_tool":"","行業代號":null,"行業代號1":null,"名稱1":null,"行業代號2":null,"名稱2":null,"行業代號3":null,"名稱3":null},{"index":43,"id":10038681,"user":"黃子玲","shop":"第二公有零售市場-豪吃豬肉專賣店","category":"夜市/市場攤販","zone":"桃竹苗","city":"苗栗縣","area":"後龍鎮","market_name":"第二公有零售市場","market_address":"苗栗縣後龍鎮北龍里7鄰38號","pay_list":"","pay_tool":"","行業代號":null,"行業代號1":null,"名稱1":null,"行業代號2":null,"名稱2":null,"行業代號3":null,"名稱3":null},{"index":44,"id":10038692,"user":"許芸瑄","shop":"第二公有零售市場-品香","category":"夜市/市場攤販","zone":"桃竹苗","city":"苗栗縣","area":"後龍鎮","market_name":"第二公有零售市場","market_address":"苗栗縣後龍鎮北龍里7鄰38號","pay_list":"","pay_tool":"","行業代號":null,"行業代號1":null,"名稱1":null,"行業代號2":null,"名稱2":null,"行業代號3":null,"名稱3":null},{"index":45,"id":10038703,"user":"張梅蘭","shop":"第二公有零售市場-064","category":"夜市/市場攤販","zone":"桃竹苗","city":"苗栗縣","area":"後龍鎮","market_name":"第二公有零售市場","market_address":"苗栗縣後龍鎮北龍里7鄰38號","pay_list":"","pay_tool":"","行業代號":null,"行業代號1":null,"名稱1":null,"行業代號2":null,"名稱2":null,"行業代號3":null,"名稱3":null},{"index":46,"id":10038715,"user":"盧麗雪","shop":"第二公有零售市場-066","category":"夜市/市場攤販","zone":"桃竹苗","city":"苗栗縣","area":"後龍鎮","market_name":"第二公有零售市場","market_address":"苗栗縣後龍鎮北龍里7鄰38號","pay_list":"","pay_tool":"","行業代號":null,"行業代號1":null,"名稱1":null,"行業代號2":null,"名稱2":null,"行業代號3":null,"名稱3":null},{"index":47,"id":10038726,"user":"王國強","shop":"第二公有零售市場-丸旗鮮魚行","category":"夜市/市場攤販","zone":"桃竹苗","city":"苗栗縣","area":"後龍鎮","market_name":"第二公有零售市場","market_address":"苗栗縣後龍鎮北龍里7鄰38號","pay_list":"","pay_tool":"","行業代號":null,"行業代號1":null,"名稱1":null,"行業代號2":null,"名稱2":null,"行業代號3":null,"名稱3":null},{"index":48,"id":10038737,"user":"張坤江","shop":"第二公有零售市場-070","category":"夜市/市場攤販","zone":"桃竹苗","city":"苗栗縣","area":"後龍鎮","market_name":"第二公有零售市場","market_address":"苗栗縣後龍鎮北龍里7鄰38號","pay_list":"","pay_tool":"","行業代號":null,"行業代號1":null,"名稱1":null,"行業代號2":null,"名稱2":null,"行業代號3":null,"名稱3":null},{"index":49,"id":10038748,"user":"鄭阿嬌","shop":"第二公有零售市場-073","category":"夜市/市場攤販","zone":"桃竹苗","city":"苗栗縣","area":"後龍鎮","market_name":"第二公有零售市場","market_address":"苗栗縣後龍鎮北龍里7鄰38號","pay_list":"","pay_tool":"","行業代號":null,"行業代號1":null,"名稱1":null,"行業代號2":null,"名稱2":null,"行業代號3":null,"名稱3":null},{"index":50,"id":10038759,"user":"李金妹","shop":"第二公有零售市場-075","category":"夜市/市場攤販","zone":"桃竹苗","city":"苗栗縣","area":"後龍鎮","market_name":"第二公有零售市場","market_address":"苗栗縣後龍鎮北龍里7鄰38號","pay_list":"","pay_tool":"","行業代號":null,"行業代號1":null,"名稱1":null,"行業代號2":null,"名稱2":null,"行業代號3":null,"名稱3":null},{"index":51,"id":10038770,"user":"徐雅芬","shop":"第二公有零售市場-徐家製麵","category":"夜市/市場攤販","zone":"桃竹苗","city":"苗栗縣","area":"後龍鎮","market_name":"第二公有零售市場","market_address":"苗栗縣後龍鎮北龍里7鄰38號","pay_list":"","pay_tool":"","行業代號":null,"行業代號1":null,"名稱1":null,"行業代號2":null,"名稱2":null,"行業代號3":null,"名稱3":null},{"index":52,"id":10038781,"user":"葉謝足","shop":"第二公有零售市場-078","category":"夜市/市場攤販","zone":"桃竹苗","city":"苗栗縣","area":"後龍鎮","market_name":"第二公有零售市場","market_address":"苗栗縣後龍鎮北龍里7鄰38號","pay_list":"","pay_tool":"","行業代號":null,"行業代號1":null,"名稱1":null,"行業代號2":null,"名稱2":null,"行業代號3":null,"名稱3":null},{"index":53,"id":10038792,"user":"劉林秀英","shop":"第二公有零售市場-079","category":"夜市/市場攤販","zone":"桃竹苗","city":"苗栗縣","area":"後龍鎮","market_name":"第二公有零售市場","market_address":"苗栗縣後龍鎮北龍里7鄰38號","pay_list":"","pay_tool":"","行業代號":null,"行業代號1":null,"名稱1":null,"行業代號2":null,"名稱2":null,"行業代號3":null,"名稱3":null},{"index":54,"id":10038803,"user":"林智勝","shop":"第二公有零售市場-武田獸肉店","category":"夜市/市場攤販","zone":"桃竹苗","city":"苗栗縣","area":"後龍鎮","market_name":"第二公有零售市場","market_address":"苗栗縣後龍鎮北龍里7鄰38號","pay_list":"","pay_tool":"","行業代號":null,"行業代號1":null,"名稱1":null,"行業代號2":null,"名稱2":null,"行業代號3":null,"名稱3":null},{"index":55,"id":10038814,"user":"林武田","shop":"第二公有零售市場-武田獸肉店","category":"夜市/市場攤販","zone":"桃竹苗","city":"苗栗縣","area":"後龍鎮","market_name":"第二公有零售市場","market_address":"苗栗縣後龍鎮北龍里7鄰38號","pay_list":"","pay_tool":"","行業代號":null,"行業代號1":null,"名稱1":null,"行業代號2":null,"名稱2":null,"行業代號3":null,"名稱3":null},{"index":56,"id":10038826,"user":"徐紫善","shop":"第二公有零售市場-英豐蔬果行","category":"夜市/市場攤販","zone":"桃竹苗","city":"苗栗縣","area":"後龍鎮","market_name":"第二公有零售市場","market_address":"苗栗縣後龍鎮北龍里7鄰38號","pay_list":"","pay_tool":"","行業代號":null,"行業代號1":null,"名稱1":null,"行業代號2":null,"名稱2":null,"行業代號3":null,"名稱3":null},{"index":57,"id":10038837,"user":"陳盈秀","shop":"第二公有零售市場-086","category":"夜市/市場攤販","zone":"桃竹苗","city":"苗栗縣","area":"後龍鎮","market_name":"第二公有零售市場","market_address":"苗栗縣後龍鎮北龍里7鄰38號","pay_list":"","pay_tool":"","行業代號":null,"行業代號1":null,"名稱1":null,"行業代號2":null,"名稱2":null,"行業代號3":null,"名稱3":null},{"index":58,"id":10038848,"user":"翁文龍","shop":"第二公有零售市場-087","category":"夜市/市場攤販","zone":"桃竹苗","city":"苗栗縣","area":"後龍鎮","market_name":"第二公有零售市場","market_address":"苗栗縣後龍鎮北龍里7鄰38號","pay_list":"","pay_tool":"","行業代號":null,"行業代號1":null,"名稱1":null,"行業代號2":null,"名稱2":null,"行業代號3":null,"名稱3":null},{"index":59,"id":10038859,"user":"郭志強","shop":"第二公有零售市場-冠品豬肉舖","category":"夜市/市場攤販","zone":"桃竹苗","city":"苗栗縣","area":"後龍鎮","market_name":"第二公有零售市場","market_address":"苗栗縣後龍鎮北龍里7鄰38號","pay_list":"","pay_tool":"","行業代號":null,"行業代號1":null,"名稱1":null,"行業代號2":null,"名稱2":null,"行業代號3":null,"名稱3":null},{"index":60,"id":10038870,"user":"徐煌發","shop":"第二公有零售市場-091","category":"夜市/市場攤販","zone":"桃竹苗","city":"苗栗縣","area":"後龍鎮","market_name":"第二公有零售市場","market_address":"苗栗縣後龍鎮北龍里7鄰38號","pay_list":"","pay_tool":"","行業代號":null,"行業代號1":null,"名稱1":null,"行業代號2":null,"名稱2":null,"行業代號3":null,"名稱3":null},{"index":61,"id":10038881,"user":"李昇峻","shop":"第二公有零售市場-丸洪鮮魚行","category":"夜市/市場攤販","zone":"桃竹苗","city":"苗栗縣","area":"後龍鎮","market_name":"第二公有零售市場","market_address":"苗栗縣後龍鎮北龍里7鄰38號","pay_list":"","pay_tool":"","行業代號":null,"行業代號1":null,"名稱1":null,"行業代號2":null,"名稱2":null,"行業代號3":null,"名稱3":null},{"index":62,"id":10038892,"user":"陳易斗","shop":"第二公有零售市場-095","category":"夜市/市場攤販","zone":"桃竹苗","city":"苗栗縣","area":"後龍鎮","market_name":"第二公有零售市場","market_address":"苗栗縣後龍鎮北龍里7鄰38號","pay_list":"","pay_tool":"","行業代號":null,"行業代號1":null,"名稱1":null,"行業代號2":null,"名稱2":null,"行業代號3":null,"名稱3":null},{"index":63,"id":10038903,"user":"洪世傑","shop":"第二公有零售市場-丸洪鮮魚行","category":"夜市/市場攤販","zone":"桃竹苗","city":"苗栗縣","area":"後龍鎮","market_name":"第二公有零售市場","market_address":"苗栗縣後龍鎮北龍里7鄰38號","pay_list":"","pay_tool":"","行業代號":null,"行業代號1":null,"名稱1":null,"行業代號2":null,"名稱2":null,"行業代號3":null,"名稱3":null},{"index":64,"id":10038914,"user":"柯冠菁","shop":"第二公有零售市場-098","category":"夜市/市場攤販","zone":"桃竹苗","city":"苗栗縣","area":"後龍鎮","market_name":"第二公有零售市場","market_address":"苗栗縣後龍鎮北龍里7鄰38號","pay_list":"","pay_tool":"","行業代號":null,"行業代號1":null,"名稱1":null,"行業代號2":null,"名稱2":null,"行業代號3":null,"名稱3":null},{"index":65,"id":10038925,"user":"李秀霞","shop":"第二公有零售市場-100","category":"夜市/市場攤販","zone":"桃竹苗","city":"苗栗縣","area":"後龍鎮","market_name":"第二公有零售市場","market_address":"苗栗縣後龍鎮北龍里7鄰38號","pay_list":"","pay_tool":"","行業代號":null,"行業代號1":null,"名稱1":null,"行業代號2":null,"名稱2":null,"行業代號3":null,"名稱3":null},{"index":66,"id":10038937,"user":"林帟承","shop":"第二公有零售市場-初增獸肉店","category":"夜市/市場攤販","zone":"桃竹苗","city":"苗栗縣","area":"後龍鎮","market_name":"第二公有零售市場","market_address":"苗栗縣後龍鎮北龍里7鄰38號","pay_list":"","pay_tool":"","行業代號":null,"行業代號1":null,"名稱1":null,"行業代號2":null,"名稱2":null,"行業代號3":null,"名稱3":null},{"index":67,"id":10038948,"user":"林徐淑臻","shop":"第二公有零售市場-104","category":"夜市/市場攤販","zone":"桃竹苗","city":"苗栗縣","area":"後龍鎮","market_name":"第二公有零售市場","market_address":"苗栗縣後龍鎮北龍里7鄰38號","pay_list":"","pay_tool":"","行業代號":null,"行業代號1":null,"名稱1":null,"行業代號2":null,"名稱2":null,"行業代號3":null,"名稱3":null},{"index":68,"id":10038959,"user":"洪美昭","shop":"第二公有零售市場-丸洪鮮魚行","category":"夜市/市場攤販","zone":"桃竹苗","city":"苗栗縣","area":"後龍鎮","market_name":"第二公有零售市場","market_address":"苗栗縣後龍鎮北龍里7鄰38號","pay_list":"","pay_tool":"","行業代號":null,"行業代號1":null,"名稱1":null,"行業代號2":null,"名稱2":null,"行業代號3":null,"名稱3":null},{"index":69,"id":10038970,"user":"杜秋梅","shop":"第二公有零售市場-秋梅蔬菜","category":"夜市/市場攤販","zone":"桃竹苗","city":"苗栗縣","area":"後龍鎮","market_name":"第二公有零售市場","market_address":"苗栗縣後龍鎮北龍里7鄰38號","pay_list":"","pay_tool":"","行業代號":null,"行業代號1":null,"名稱1":null,"行業代號2":null,"名稱2":null,"行業代號3":null,"名稱3":null},{"index":70,"id":10038981,"user":"林涼妹","shop":"第二公有零售市場-芯芫","category":"夜市/市場攤販","zone":"桃竹苗","city":"苗栗縣","area":"後龍鎮","market_name":"第二公有零售市場","market_address":"苗栗縣後龍鎮北龍里7鄰38號","pay_list":"","pay_tool":"","行業代號":null,"行業代號1":null,"名稱1":null,"行業代號2":null,"名稱2":null,"行業代號3":null,"名稱3":null},{"index":71,"id":10038992,"user":"張芳珮","shop":"第二公有零售市場-方貝企業社","category":"夜市/市場攤販","zone":"桃竹苗","city":"苗栗縣","area":"後龍鎮","market_name":"第二公有零售市場","market_address":"苗栗縣後龍鎮北龍里7鄰38號","pay_list":"","pay_tool":"","行業代號":null,"行業代號1":null,"名稱1":null,"行業代號2":null,"名稱2":null,"行業代號3":null,"名稱3":null},{"index":72,"id":10039003,"user":"范日威","shop":"第二公有零售市場-112","category":"夜市/市場攤販","zone":"桃竹苗","city":"苗栗縣","area":"後龍鎮","market_name":"第二公有零售市場","market_address":"苗栗縣後龍鎮北龍里7鄰38號","pay_list":"","pay_tool":"","行業代號":null,"行業代號1":null,"名稱1":null,"行業代號2":null,"名稱2":null,"行業代號3":null,"名稱3":null},{"index":73,"id":10039014,"user":"洪美昭","shop":"第二公有零售市場-丸洪鮮魚行","category":"夜市/市場攤販","zone":"桃竹苗","city":"苗栗縣","area":"後龍鎮","market_name":"第二公有零售市場","market_address":"苗栗縣後龍鎮北龍里7鄰38號","pay_list":"","pay_tool":"","行業代號":null,"行業代號1":null,"名稱1":null,"行業代號2":null,"名稱2":null,"行業代號3":null,"名稱3":null},{"index":74,"id":10039025,"user":"葉南輝","shop":"第二公有零售市場-116","category":"夜市/市場攤販","zone":"桃竹苗","city":"苗栗縣","area":"後龍鎮","market_name":"第二公有零售市場","market_address":"苗栗縣後龍鎮北龍里7鄰38號","pay_list":"","pay_tool":"","行業代號":null,"行業代號1":null,"名稱1":null,"行業代號2":null,"名稱2":null,"行業代號3":null,"名稱3":null},{"index":75,"id":10039036,"user":"賴莉媜","shop":"第二公有零售市場-煌利果菜商行","category":"夜市/市場攤販","zone":"桃竹苗","city":"苗栗縣","area":"後龍鎮","market_name":"第二公有零售市場","market_address":"苗栗縣後龍鎮北龍里7鄰38號","pay_list":"","pay_tool":"","行業代號":null,"行業代號1":null,"名稱1":null,"行業代號2":null,"名稱2":null,"行業代號3":null,"名稱3":null},{"index":76,"id":10039048,"user":"蘇林菊","shop":"第二公有零售市場-122","category":"夜市/市場攤販","zone":"桃竹苗","city":"苗栗縣","area":"後龍鎮","market_name":"第二公有零售市場","market_address":"苗栗縣後龍鎮北龍里7鄰38號","pay_list":"","pay_tool":"","行業代號":null,"行業代號1":null,"名稱1":null,"行業代號2":null,"名稱2":null,"行業代號3":null,"名稱3":null},{"index":77,"id":10039059,"user":"王次","shop":"第二公有零售市場-123","category":"夜市/市場攤販","zone":"桃竹苗","city":"苗栗縣","area":"後龍鎮","market_name":"第二公有零售市場","market_address":"苗栗縣後龍鎮北龍里7鄰38號","pay_list":"","pay_tool":"","行業代號":null,"行業代號1":null,"名稱1":null,"行業代號2":null,"名稱2":null,"行業代號3":null,"名稱3":null},{"index":78,"id":10039070,"user":"鄭根陽","shop":"第二公有零售市場-丸雲鮮魚行","category":"夜市/市場攤販","zone":"桃竹苗","city":"苗栗縣","area":"後龍鎮","market_name":"第二公有零售市場","market_address":"苗栗縣後龍鎮北龍里7鄰38號","pay_list":"","pay_tool":"","行業代號":null,"行業代號1":null,"名稱1":null,"行業代號2":null,"名稱2":null,"行業代號3":null,"名稱3":null},{"index":79,"id":10039081,"user":"廖玉玲","shop":"第二公有零售市場-128","category":"夜市/市場攤販","zone":"桃竹苗","city":"苗栗縣","area":"後龍鎮","market_name":"第二公有零售市場","market_address":"苗栗縣後龍鎮北龍里7鄰38號","pay_list":"","pay_tool":"","行業代號":null,"行業代號1":null,"名稱1":null,"行業代號2":null,"名稱2":null,"行業代號3":null,"名稱3":null},{"index":80,"id":10039092,"user":"林胡玉英","shop":"第二公有零售市場-133","category":"夜市/市場攤販","zone":"桃竹苗","city":"苗栗縣","area":"後龍鎮","market_name":"第二公有零售市場","market_address":"苗栗縣後龍鎮北龍里7鄰38號","pay_list":"","pay_tool":"","行業代號":null,"行業代號1":null,"名稱1":null,"行業代號2":null,"名稱2":null,"行業代號3":null,"名稱3":null},{"index":81,"id":10039103,"user":"陳秀絨","shop":"第二公有零售市場-阿嬤的店","category":"夜市/市場攤販","zone":"桃竹苗","city":"苗栗縣","area":"後龍鎮","market_name":"第二公有零售市場","market_address":"苗栗縣後龍鎮北龍里7鄰38號","pay_list":"","pay_tool":"","行業代號":null,"行業代號1":null,"名稱1":null,"行業代號2":null,"名稱2":null,"行業代號3":null,"名稱3":null},{"index":82,"id":10039114,"user":"郭錦盛","shop":"第二公有零售市場-138","category":"夜市/市場攤販","zone":"桃竹苗","city":"苗栗縣","area":"後龍鎮","market_name":"第二公有零售市場","market_address":"苗栗縣後龍鎮北龍里7鄰38號","pay_list":"","pay_tool":"","行業代號":null,"行業代號1":null,"名稱1":null,"行業代號2":null,"名稱2":null,"行業代號3":null,"名稱3":null},{"index":83,"id":10039125,"user":"吳木山","shop":"第二公有零售市場-木山海產","category":"夜市/市場攤販","zone":"桃竹苗","city":"苗栗縣","area":"後龍鎮","market_name":"第二公有零售市場","market_address":"苗栗縣後龍鎮北龍里7鄰38號","pay_list":"","pay_tool":"","行業代號":null,"行業代號1":null,"名稱1":null,"行業代號2":null,"名稱2":null,"行業代號3":null,"名稱3":null},{"index":84,"id":10039136,"user":"魏蓮","shop":"第二公有零售市場-142","category":"夜市/市場攤販","zone":"桃竹苗","city":"苗栗縣","area":"後龍鎮","market_name":"第二公有零售市場","market_address":"苗栗縣後龍鎮北龍里7鄰38號","pay_list":"","pay_tool":"","行業代號":null,"行業代號1":null,"名稱1":null,"行業代號2":null,"名稱2":null,"行業代號3":null,"名稱3":null},{"index":85,"id":10039147,"user":"賴莉媜","shop":"第二公有零售市場-煌利果菜商行","category":"夜市/市場攤販","zone":"桃竹苗","city":"苗栗縣","area":"後龍鎮","market_name":"第二公有零售市場","market_address":"苗栗縣後龍鎮北龍里7鄰38號","pay_list":"","pay_tool":"","行業代號":null,"行業代號1":null,"名稱1":null,"行業代號2":null,"名稱2":null,"行業代號3":null,"名稱3":null},{"index":86,"id":10039159,"user":"趙姿雯","shop":"第二公有零售市場-阿蘭姊妹豬頭肉麵","category":"夜市/市場攤販","zone":"桃竹苗","city":"苗栗縣","area":"後龍鎮","market_name":"第二公有零售市場","market_address":"苗栗縣後龍鎮北龍里7鄰38號","pay_list":"","pay_tool":"","行業代號":null,"行業代號1":null,"名稱1":null,"行業代號2":null,"名稱2":null,"行業代號3":null,"名稱3":null},{"index":87,"id":10039170,"user":"趙淑華","shop":"第二公有零售市場-阿蘭姊妹豬頭肉麵","category":"夜市/市場攤販","zone":"桃竹苗","city":"苗栗縣","area":"後龍鎮","market_name":"第二公有零售市場","market_address":"苗栗縣後龍鎮北龍里7鄰38號","pay_list":"","pay_tool":"","行業代號":null,"行業代號1":null,"名稱1":null,"行業代號2":null,"名稱2":null,"行業代號3":null,"名稱3":null},{"index":88,"id":10039181,"user":"王阿鳳","shop":"第二公有零售市場-佳成果菜行","category":"夜市/市場攤販","zone":"桃竹苗","city":"苗栗縣","area":"後龍鎮","market_name":"第二公有零售市場","market_address":"苗栗縣後龍鎮北龍里7鄰38號","pay_list":"","pay_tool":"","行業代號":null,"行業代號1":null,"名稱1":null,"行業代號2":null,"名稱2":null,"行業代號3":null,"名稱3":null},{"index":89,"id":10039192,"user":"黃桂蘭","shop":"第二公有零售市場-152","category":"夜市/市場攤販","zone":"桃竹苗","city":"苗栗縣","area":"後龍鎮","market_name":"第二公有零售市場","market_address":"苗栗縣後龍鎮北龍里7鄰38號","pay_list":"","pay_tool":"","行業代號":null,"行業代號1":null,"名稱1":null,"行業代號2":null,"名稱2":null,"行業代號3":null,"名稱3":null},{"index":90,"id":10039203,"user":"林勝豪","shop":"第二公有零售市場-勝豪豬肉攤","category":"夜市/市場攤販","zone":"桃竹苗","city":"苗栗縣","area":"後龍鎮","market_name":"第二公有零售市場","market_address":"苗栗縣後龍鎮北龍里7鄰38號","pay_list":"","pay_tool":"","行業代號":null,"行業代號1":null,"名稱1":null,"行業代號2":null,"名稱2":null,"行業代號3":null,"名稱3":null},{"index":91,"id":10039214,"user":"劉春蘭","shop":"第二公有零售市場-赤馬體育用品服裝社","category":"夜市/市場攤販","zone":"桃竹苗","city":"苗栗縣","area":"後龍鎮","market_name":"第二公有零售市場","market_address":"苗栗縣後龍鎮北龍里7鄰38號","pay_list":"","pay_tool":"","行業代號":null,"行業代號1":null,"名稱1":null,"行業代號2":null,"名稱2":null,"行業代號3":null,"名稱3":null},{"index":92,"id":10039225,"user":"陳慶文","shop":"第二公有零售市場-宏信行","category":"夜市/市場攤販","zone":"桃竹苗","city":"苗栗縣","area":"後龍鎮","market_name":"第二公有零售市場","market_address":"苗栗縣後龍鎮北龍里7鄰38號","pay_list":"","pay_tool":"","行業代號":null,"行業代號1":null,"名稱1":null,"行業代號2":null,"名稱2":null,"行業代號3":null,"名稱3":null},{"index":93,"id":10039236,"user":"羅永松","shop":"第二公有零售市場-大興輪胎行","category":"夜市/市場攤販","zone":"桃竹苗","city":"苗栗縣","area":"後龍鎮","market_name":"第二公有零售市場","market_address":"苗栗縣後龍鎮北龍里7鄰38號","pay_list":"","pay_tool":"","行業代號":null,"行業代號1":null,"名稱1":null,"行業代號2":null,"名稱2":null,"行業代號3":null,"名稱3":null},{"index":94,"id":10039247,"user":"鄭櫻凌","shop":"第二公有零售市場-合口味飲食店","category":"夜市/市場攤販","zone":"桃竹苗","city":"苗栗縣","area":"後龍鎮","market_name":"第二公有零售市場","market_address":"苗栗縣後龍鎮北龍里7鄰38號","pay_list":"","pay_tool":"","行業代號":null,"行業代號1":null,"名稱1":null,"行業代號2":null,"名稱2":null,"行業代號3":null,"名稱3":null},{"index":95,"id":10039258,"user":"林貴枝","shop":"第二公有零售市場-寶輪機車行","category":"夜市/市場攤販","zone":"桃竹苗","city":"苗栗縣","area":"後龍鎮","market_name":"第二公有零售市場","market_address":"苗栗縣後龍鎮北龍里7鄰38號","pay_list":"","pay_tool":"","行業代號":null,"行業代號1":null,"名稱1":null,"行業代號2":null,"名稱2":null,"行業代號3":null,"名稱3":null},{"index":96,"id":10039270,"user":"盧並裕","shop":"第二公有零售市場-乙12","category":"夜市/市場攤販","zone":"桃竹苗","city":"苗栗縣","area":"後龍鎮","market_name":"第二公有零售市場","market_address":"苗栗縣後龍鎮北龍里7鄰38號","pay_list":"","pay_tool":"","行業代號":null,"行業代號1":null,"名稱1":null,"行業代號2":null,"名稱2":null,"行業代號3":null,"名稱3":null},{"index":97,"id":10039281,"user":"吳克恆","shop":"第二公有零售市場-乙14","category":"夜市/市場攤販","zone":"桃竹苗","city":"苗栗縣","area":"後龍鎮","market_name":"第二公有零售市場","market_address":"苗栗縣後龍鎮北龍里7鄰38號","pay_list":"","pay_tool":"","行業代號":null,"行業代號1":null,"名稱1":null,"行業代號2":null,"名稱2":null,"行業代號3":null,"名稱3":null},{"index":98,"id":10039292,"user":"鄭阿嬌","shop":"第二公有零售市場-乙16","category":"夜市/市場攤販","zone":"桃竹苗","city":"苗栗縣","area":"後龍鎮","market_name":"第二公有零售市場","market_address":"苗栗縣後龍鎮北龍里7鄰38號","pay_list":"","pay_tool":"","行業代號":null,"行業代號1":null,"名稱1":null,"行業代號2":null,"名稱2":null,"行業代號3":null,"名稱3":null},{"index":99,"id":10039303,"user":"林添茂","shop":"第二公有零售市場-乙18","category":"夜市/市場攤販","zone":"桃竹苗","city":"苗栗縣","area":"後龍鎮","market_name":"第二公有零售市場","market_address":"苗栗縣後龍鎮北龍里7鄰38號","pay_list":"","pay_tool":"","行業代號":null,"行業代號1":null,"名稱1":null,"行業代號2":null,"名稱2":null,"行業代號3":null,"名稱3":null},{"index":100,"id":10039314,"user":"林張玉竹","shop":"第二公有零售市場-乙20","category":"夜市/市場攤販","zone":"桃竹苗","city":"苗栗縣","area":"後龍鎮","market_name":"第二公有零售市場","market_address":"苗栗縣後龍鎮北龍里7鄰38號","pay_list":"","pay_tool":"","行業代號":null,"行業代號1":null,"名稱1":null,"行業代號2":null,"名稱2":null,"行業代號3":null,"名稱3":null},{"index":101,"id":10039325,"user":"蔡吳芳","shop":"第二公有零售市場-乙22","category":"夜市/市場攤販","zone":"桃竹苗","city":"苗栗縣","area":"後龍鎮","market_name":"第二公有零售市場","market_address":"苗栗縣後龍鎮北龍里7鄰38號","pay_list":"","pay_tool":"","行業代號":null,"行業代號1":null,"名稱1":null,"行業代號2":null,"名稱2":null,"行業代號3":null,"名稱3":null},{"index":102,"id":20006952,"user":"黃瑞玉","shop":"新竹肉圓小吃店","category":["夜市/市場攤販"],"zone":"桃竹苗","city":"苗栗縣","area":"後龍鎮","market_name":["餐食攤販"],"market_address":"苗栗縣後龍鎮中龍里１０鄰三民路１２４號","pay_list":"","pay_tool":"","行業代號":null,"行業代號1":null,"名稱1":null,"行業代號2":null,"名稱2":null,"行業代號3":null,"名稱3":null},{"index":103,"id":20008068,"user":"解閔帆","shop":"阿清師海產店","category":["夜市/市場攤販"],"zone":"桃竹苗","city":"苗栗縣","area":"後龍鎮","market_name":["餐食攤販"],"market_address":"苗栗縣後龍鎮中龍里三民路１２０號前空地（慈雲宮前攤販）","pay_list":"","pay_tool":"","行業代號":null,"行業代號1":null,"名稱1":null,"行業代號2":null,"名稱2":null,"行業代號3":null,"名稱3":null},{"index":104,"id":20019076,"user":"邱添丁","shop":"邱家杏仁露","category":["夜市/市場攤販"],"zone":"桃竹苗","city":"苗栗縣","area":"後龍鎮","market_name":["調理飲料攤販"],"market_address":"苗栗縣後龍鎮中龍里１３鄰１９８號旁","pay_list":"","pay_tool":"","行業代號":null,"行業代號1":null,"名稱1":null,"行業代號2":null,"名稱2":null,"行業代號3":null,"名稱3":null},{"index":105,"id":20039586,"user":"謝瑞海","shop":"攤販","category":["夜市/市場攤販"],"zone":"桃竹苗","city":"苗栗縣","area":"後龍鎮","market_name":["餐食攤販"],"market_address":"苗栗縣後龍鎮中龍里１２鄰三民路１２０號","pay_list":"","pay_tool":"","行業代號":null,"行業代號1":null,"名稱1":null,"行業代號2":null,"名稱2":null,"行業代號3":null,"名稱3":null},{"index":106,"id":20039587,"user":"洪澤錄","shop":"攤販","category":["夜市/市場攤販","餐飲"],"zone":"桃竹苗","city":"苗栗縣","area":"後龍鎮","market_name":["餐食攤販","冰果店、冷（熱）飲店"],"market_address":"苗栗縣後龍鎮慈雲宮前攤販集中場","pay_list":"","pay_tool":"","行業代號":null,"行業代號1":null,"名稱1":null,"行業代號2":null,"名稱2":null,"行業代號3":null,"名稱3":null},{"index":107,"id":20045357,"user":"馬月春","shop":"馬月春","category":["夜市/市場攤販"],"zone":"桃竹苗","city":"苗栗縣","area":"後龍鎮","market_name":["餐食攤販"],"market_address":"苗栗縣後龍鎮外埔里１１鄰９１號","pay_list":"","pay_tool":"","行業代號":null,"行業代號1":null,"名稱1":null,"行業代號2":null,"名稱2":null,"行業代號3":null,"名稱3":null},{"index":108,"id":20049962,"user":"解嘉煌","shop":"饗曜小食舖","category":["夜市/市場攤販"],"zone":"桃竹苗","city":"苗栗縣","area":"後龍鎮","market_name":["餐食攤販"],"market_address":"苗栗縣後龍鎮大庄里中山路１５２號前空地（後龍鎮公所前）","pay_list":"","pay_tool":"","行業代號":null,"行業代號1":null,"名稱1":null,"行業代號2":null,"名稱2":null,"行業代號3":null,"名稱3":null},{"index":109,"id":60041362,"user":"繆秀娥","shop":"良米便當","category":["夜市/市場攤販"],"zone":"桃竹苗","city":"苗栗縣","area":"後龍鎮","market_name":["餐食攤販"],"market_address":"苗栗縣後龍鎮大庄里２０鄰中山路１９９號１樓","pay_list":null,"pay_tool":null,"行業代號":"561200","行業代號1":"","名稱1":"","行業代號2":"","名稱2":"","行業代號3":"","名稱3":""},{"index":110,"id":60043311,"user":"陳威武","shop":"鴻興雞排商行","category":["夜市/市場攤販"],"zone":"桃竹苗","city":"苗栗縣","area":"後龍鎮","market_name":["餐食攤販"],"market_address":"苗栗縣後龍鎮北龍里７鄰成功路９號","pay_list":null,"pay_tool":null,"行業代號":"561200","行業代號1":"","名稱1":"","行業代號2":"","名稱2":"","行業代號3":"","名稱3":""}]