[{"index":1,"id":30033907,"category":"夜市小吃/市場","city":"新北市","area":"雙溪區","market_name":"雙溪公有零售市場","market_address":"新北市雙溪區太平路50號","shop":"雙溪公有零售市場 蔡志祥","pay_list":["台灣 PAY"],"zone":"北北基","user":"蔡志祥","pay_tool":["行動支付"]},{"index":2,"id":30033908,"category":"夜市小吃/市場","city":"新北市","area":"雙溪區","market_name":"雙溪公有零售市場","market_address":"新北市雙溪區太平路50號","shop":"雙溪公有零售市場 蔡志祥","pay_list":["台灣 PAY"],"zone":"北北基","user":"蔡志祥","pay_tool":["行動支付"]},{"index":3,"id":30033922,"category":"夜市小吃/市場","city":"新北市","area":"雙溪區","market_name":"雙溪公有零售市場","market_address":"新北市雙溪區太平路50號","shop":"雙溪公有零售市場 蔡冰冰店","pay_list":["台灣 PAY"],"zone":"北北基","user":"蔡志祥","pay_tool":["行動支付"]}]