[{"index":1,"id":10003943,"user":"陳吳月霞","shop":"第一公有零售市場-元福麻油","category":"夜市/市場攤販","zone":"雲嘉南","city":"雲林縣","area":"北港鎮","market_name":"第一公有零售市場","market_address":"雲林縣北港鎮中山路142號","pay_list":"","pay_tool":"","行業代號":null,"行業代號1":null,"名稱1":null,"行業代號2":null,"名稱2":null,"行業代號3":null,"名稱3":null},{"index":2,"id":10003944,"user":"徐光榮","shop":"第一公有零售市場-麻油大王","category":"夜市/市場攤販","zone":"雲嘉南","city":"雲林縣","area":"北港鎮","market_name":"第一公有零售市場","market_address":"雲林縣北港鎮中山路142號","pay_list":"","pay_tool":"","行業代號":null,"行業代號1":null,"名稱1":null,"行業代號2":null,"名稱2":null,"行業代號3":null,"名稱3":null},{"index":3,"id":10003945,"user":"徐光榮","shop":"第一公有零售市場-麻油大王","category":"夜市/市場攤販","zone":"雲嘉南","city":"雲林縣","area":"北港鎮","market_name":"第一公有零售市場","market_address":"雲林縣北港鎮中山路142號","pay_list":"","pay_tool":"","行業代號":null,"行業代號1":null,"名稱1":null,"行業代號2":null,"名稱2":null,"行業代號3":null,"名稱3":null},{"index":4,"id":10003946,"user":"許澄美","shop":"第一公有零售市場-信豐麻油","category":"夜市/市場攤販","zone":"雲嘉南","city":"雲林縣","area":"北港鎮","market_name":"第一公有零售市場","market_address":"雲林縣北港鎮中山路142號","pay_list":"","pay_tool":"","行業代號":null,"行業代號1":null,"名稱1":null,"行業代號2":null,"名稱2":null,"行業代號3":null,"名稱3":null},{"index":5,"id":10003947,"user":"蔡明玲","shop":"第一公有零售市場-大園堂","category":"夜市/市場攤販","zone":"雲嘉南","city":"雲林縣","area":"北港鎮","market_name":"第一公有零售市場","market_address":"雲林縣北港鎮中山路142號","pay_list":"","pay_tool":"","行業代號":null,"行業代號1":null,"名稱1":null,"行業代號2":null,"名稱2":null,"行業代號3":null,"名稱3":null},{"index":6,"id":10003949,"user":"曾萬本","shop":"第一公有零售市場-曾萬本","category":"夜市/市場攤販","zone":"雲嘉南","city":"雲林縣","area":"北港鎮","market_name":"第一公有零售市場","market_address":"雲林縣北港鎮中山路142號","pay_list":"","pay_tool":"","行業代號":null,"行業代號1":null,"名稱1":null,"行業代號2":null,"名稱2":null,"行業代號3":null,"名稱3":null},{"index":7,"id":10003950,"user":"魏伶霏","shop":"第一公有零售市場-魏伶霏","category":"夜市/市場攤販","zone":"雲嘉南","city":"雲林縣","area":"北港鎮","market_name":"第一公有零售市場","market_address":"雲林縣北港鎮中山路142號","pay_list":"","pay_tool":"","行業代號":null,"行業代號1":null,"名稱1":null,"行業代號2":null,"名稱2":null,"行業代號3":null,"名稱3":null},{"index":8,"id":10003951,"user":"魏子翔","shop":"第一公有零售市場-魏子翔","category":"夜市/市場攤販","zone":"雲嘉南","city":"雲林縣","area":"北港鎮","market_name":"第一公有零售市場","market_address":"雲林縣北港鎮中山路142號","pay_list":"","pay_tool":"","行業代號":null,"行業代號1":null,"名稱1":null,"行業代號2":null,"名稱2":null,"行業代號3":null,"名稱3":null},{"index":9,"id":10003952,"user":"王亮人","shop":"第一公有零售市場-王亮人","category":"夜市/市場攤販","zone":"雲嘉南","city":"雲林縣","area":"北港鎮","market_name":"第一公有零售市場","market_address":"雲林縣北港鎮中山路142號","pay_list":"","pay_tool":"","行業代號":null,"行業代號1":null,"名稱1":null,"行業代號2":null,"名稱2":null,"行業代號3":null,"名稱3":null},{"index":10,"id":10003953,"user":"黃明?","shop":"第一公有零售市場-黃明?","category":"夜市/市場攤販","zone":"雲嘉南","city":"雲林縣","area":"北港鎮","market_name":"第一公有零售市場","market_address":"雲林縣北港鎮中山路142號","pay_list":"","pay_tool":"","行業代號":null,"行業代號1":null,"名稱1":null,"行業代號2":null,"名稱2":null,"行業代號3":null,"名稱3":null},{"index":11,"id":10003954,"user":"呂宏傑","shop":"第一公有零售市場-推拿","category":"夜市/市場攤販","zone":"雲嘉南","city":"雲林縣","area":"北港鎮","market_name":"第一公有零售市場","market_address":"雲林縣北港鎮中山路142號","pay_list":"","pay_tool":"","行業代號":null,"行業代號1":null,"名稱1":null,"行業代號2":null,"名稱2":null,"行業代號3":null,"名稱3":null},{"index":12,"id":10003955,"user":"許勝財","shop":"第一公有零售市場-蝦仁","category":"夜市/市場攤販","zone":"雲嘉南","city":"雲林縣","area":"北港鎮","market_name":"第一公有零售市場","market_address":"雲林縣北港鎮中山路142號","pay_list":"","pay_tool":"","行業代號":null,"行業代號1":null,"名稱1":null,"行業代號2":null,"名稱2":null,"行業代號3":null,"名稱3":null},{"index":13,"id":10003956,"user":"許東陽","shop":"第一公有零售市場-雞肉","category":"夜市/市場攤販","zone":"雲嘉南","city":"雲林縣","area":"北港鎮","market_name":"第一公有零售市場","market_address":"雲林縣北港鎮中山路142號","pay_list":"","pay_tool":"","行業代號":null,"行業代號1":null,"名稱1":null,"行業代號2":null,"名稱2":null,"行業代號3":null,"名稱3":null},{"index":14,"id":10003957,"user":"蔡成崇","shop":"第一公有零售市場-串燒","category":"夜市/市場攤販","zone":"雲嘉南","city":"雲林縣","area":"北港鎮","market_name":"第一公有零售市場","market_address":"雲林縣北港鎮中山路142號","pay_list":"","pay_tool":"","行業代號":null,"行業代號1":null,"名稱1":null,"行業代號2":null,"名稱2":null,"行業代號3":null,"名稱3":null},{"index":15,"id":10003958,"user":"黃建銘","shop":"第一公有零售市場-鹹水雞","category":"夜市/市場攤販","zone":"雲嘉南","city":"雲林縣","area":"北港鎮","market_name":"第一公有零售市場","market_address":"雲林縣北港鎮中山路142號","pay_list":"","pay_tool":"","行業代號":null,"行業代號1":null,"名稱1":null,"行業代號2":null,"名稱2":null,"行業代號3":null,"名稱3":null},{"index":16,"id":10003960,"user":"蔡岳祥","shop":"第一公有零售市場-販賣機","category":"夜市/市場攤販","zone":"雲嘉南","city":"雲林縣","area":"北港鎮","market_name":"第一公有零售市場","market_address":"雲林縣北港鎮中山路142號","pay_list":"","pay_tool":"","行業代號":null,"行業代號1":null,"名稱1":null,"行業代號2":null,"名稱2":null,"行業代號3":null,"名稱3":null},{"index":17,"id":10003961,"user":"蔡聖祥","shop":"第一公有零售市場-雞肉","category":"夜市/市場攤販","zone":"雲嘉南","city":"雲林縣","area":"北港鎮","market_name":"第一公有零售市場","market_address":"雲林縣北港鎮中山路142號","pay_list":"","pay_tool":"","行業代號":null,"行業代號1":null,"名稱1":null,"行業代號2":null,"名稱2":null,"行業代號3":null,"名稱3":null},{"index":18,"id":10003962,"user":"蘇采瓊","shop":"第一公有零售市場-豬肉","category":"夜市/市場攤販","zone":"雲嘉南","city":"雲林縣","area":"北港鎮","market_name":"第一公有零售市場","market_address":"雲林縣北港鎮中山路142號","pay_list":"","pay_tool":"","行業代號":null,"行業代號1":null,"名稱1":null,"行業代號2":null,"名稱2":null,"行業代號3":null,"名稱3":null},{"index":19,"id":10003963,"user":"蔡志?","shop":"第一公有零售市場-碗糕","category":"夜市/市場攤販","zone":"雲嘉南","city":"雲林縣","area":"北港鎮","market_name":"第一公有零售市場","market_address":"雲林縣北港鎮中山路142號","pay_list":"","pay_tool":"","行業代號":null,"行業代號1":null,"名稱1":null,"行業代號2":null,"名稱2":null,"行業代號3":null,"名稱3":null},{"index":20,"id":10003964,"user":"陳鴻輝","shop":"第一公有零售市場-塑膠袋","category":"夜市/市場攤販","zone":"雲嘉南","city":"雲林縣","area":"北港鎮","market_name":"第一公有零售市場","market_address":"雲林縣北港鎮中山路142號","pay_list":"","pay_tool":"","行業代號":null,"行業代號1":null,"名稱1":null,"行業代號2":null,"名稱2":null,"行業代號3":null,"名稱3":null},{"index":21,"id":10003965,"user":"陳勝宏","shop":"第一公有零售市場-羊肉","category":"夜市/市場攤販","zone":"雲嘉南","city":"雲林縣","area":"北港鎮","market_name":"第一公有零售市場","market_address":"雲林縣北港鎮中山路142號","pay_list":"","pay_tool":"","行業代號":null,"行業代號1":null,"名稱1":null,"行業代號2":null,"名稱2":null,"行業代號3":null,"名稱3":null},{"index":22,"id":10003966,"user":"蔡啟東","shop":"第一公有零售市場-豬肉","category":"夜市/市場攤販","zone":"雲嘉南","city":"雲林縣","area":"北港鎮","market_name":"第一公有零售市場","market_address":"雲林縣北港鎮中山路142號","pay_list":"","pay_tool":"","行業代號":null,"行業代號1":null,"名稱1":null,"行業代號2":null,"名稱2":null,"行業代號3":null,"名稱3":null},{"index":23,"id":10003967,"user":"劉姜美鴻","shop":"第一公有零售市場-丸公門","category":"夜市/市場攤販","zone":"雲嘉南","city":"雲林縣","area":"北港鎮","market_name":"第一公有零售市場","market_address":"雲林縣北港鎮中山路142號","pay_list":"","pay_tool":"","行業代號":null,"行業代號1":null,"名稱1":null,"行業代號2":null,"名稱2":null,"行業代號3":null,"名稱3":null},{"index":24,"id":10003968,"user":"張簡志豪","shop":"第三公有零售市場-乙棟02號","category":"夜市/市場攤販","zone":"雲嘉南","city":"雲林縣","area":"北港鎮","market_name":"第三公有零售市場","market_address":"雲林縣北港鎮華勝里民有路與民治路之間","pay_list":"","pay_tool":"","行業代號":null,"行業代號1":null,"名稱1":null,"行業代號2":null,"名稱2":null,"行業代號3":null,"名稱3":null},{"index":25,"id":10003969,"user":"蔡青達","shop":"第三公有零售市場-乙棟04號","category":"夜市/市場攤販","zone":"雲嘉南","city":"雲林縣","area":"北港鎮","market_name":"第三公有零售市場","market_address":"雲林縣北港鎮華勝里民有路與民治路之間","pay_list":"","pay_tool":"","行業代號":null,"行業代號1":null,"名稱1":null,"行業代號2":null,"名稱2":null,"行業代號3":null,"名稱3":null},{"index":26,"id":10003971,"user":"鄒淑美","shop":"第三公有零售市場-乙棟08號","category":"夜市/市場攤販","zone":"雲嘉南","city":"雲林縣","area":"北港鎮","market_name":"第三公有零售市場","market_address":"雲林縣北港鎮華勝里民有路與民治路之間","pay_list":"","pay_tool":"","行業代號":null,"行業代號1":null,"名稱1":null,"行業代號2":null,"名稱2":null,"行業代號3":null,"名稱3":null},{"index":27,"id":10003972,"user":"鄒淑美","shop":"第三公有零售市場-乙棟10號","category":"夜市/市場攤販","zone":"雲嘉南","city":"雲林縣","area":"北港鎮","market_name":"第三公有零售市場","market_address":"雲林縣北港鎮華勝里民有路與民治路之間","pay_list":"","pay_tool":"","行業代號":null,"行業代號1":null,"名稱1":null,"行業代號2":null,"名稱2":null,"行業代號3":null,"名稱3":null},{"index":28,"id":10003973,"user":"汪蔡金珠","shop":"第三公有零售市場-乙棟12號","category":"夜市/市場攤販","zone":"雲嘉南","city":"雲林縣","area":"北港鎮","market_name":"第三公有零售市場","market_address":"雲林縣北港鎮華勝里民有路與民治路之間","pay_list":"","pay_tool":"","行業代號":null,"行業代號1":null,"名稱1":null,"行業代號2":null,"名稱2":null,"行業代號3":null,"名稱3":null},{"index":29,"id":10003974,"user":"黃煒祺","shop":"第三公有零售市場-乙棟14號","category":"夜市/市場攤販","zone":"雲嘉南","city":"雲林縣","area":"北港鎮","market_name":"第三公有零售市場","market_address":"雲林縣北港鎮華勝里民有路與民治路之間","pay_list":"","pay_tool":"","行業代號":null,"行業代號1":null,"名稱1":null,"行業代號2":null,"名稱2":null,"行業代號3":null,"名稱3":null},{"index":30,"id":10003975,"user":"陳彥名","shop":"第三公有零售市場-乙棟16號","category":"夜市/市場攤販","zone":"雲嘉南","city":"雲林縣","area":"北港鎮","market_name":"第三公有零售市場","market_address":"雲林縣北港鎮華勝里民有路與民治路之間","pay_list":"","pay_tool":"","行業代號":null,"行業代號1":null,"名稱1":null,"行業代號2":null,"名稱2":null,"行業代號3":null,"名稱3":null},{"index":31,"id":10003976,"user":"陳彥名","shop":"第三公有零售市場-乙棟18號","category":"夜市/市場攤販","zone":"雲嘉南","city":"雲林縣","area":"北港鎮","market_name":"第三公有零售市場","market_address":"雲林縣北港鎮華勝里民有路與民治路之間","pay_list":"","pay_tool":"","行業代號":null,"行業代號1":null,"名稱1":null,"行業代號2":null,"名稱2":null,"行業代號3":null,"名稱3":null},{"index":32,"id":10003977,"user":"陳蔡鳳娥","shop":"第三公有零售市場-乙棟20號","category":"夜市/市場攤販","zone":"雲嘉南","city":"雲林縣","area":"北港鎮","market_name":"第三公有零售市場","market_address":"雲林縣北港鎮華勝里民有路與民治路之間","pay_list":"","pay_tool":"","行業代號":null,"行業代號1":null,"名稱1":null,"行業代號2":null,"名稱2":null,"行業代號3":null,"名稱3":null},{"index":33,"id":10003978,"user":"陳蔡鳳娥","shop":"第三公有零售市場-乙棟22號","category":"夜市/市場攤販","zone":"雲嘉南","city":"雲林縣","area":"北港鎮","market_name":"第三公有零售市場","market_address":"雲林縣北港鎮華勝里民有路與民治路之間","pay_list":"","pay_tool":"","行業代號":null,"行業代號1":null,"名稱1":null,"行業代號2":null,"名稱2":null,"行業代號3":null,"名稱3":null},{"index":34,"id":10003979,"user":"李助茂","shop":"第三公有零售市場-乙棟24號","category":"夜市/市場攤販","zone":"雲嘉南","city":"雲林縣","area":"北港鎮","market_name":"第三公有零售市場","market_address":"雲林縣北港鎮華勝里民有路與民治路之間","pay_list":"","pay_tool":"","行業代號":null,"行業代號1":null,"名稱1":null,"行業代號2":null,"名稱2":null,"行業代號3":null,"名稱3":null},{"index":35,"id":10003980,"user":"李助茂","shop":"第三公有零售市場-乙棟26號","category":"夜市/市場攤販","zone":"雲嘉南","city":"雲林縣","area":"北港鎮","market_name":"第三公有零售市場","market_address":"雲林縣北港鎮華勝里民有路與民治路之間","pay_list":"","pay_tool":"","行業代號":null,"行業代號1":null,"名稱1":null,"行業代號2":null,"名稱2":null,"行業代號3":null,"名稱3":null},{"index":36,"id":10003982,"user":"李阿淑","shop":"第三公有零售市場-乙棟28號","category":"夜市/市場攤販","zone":"雲嘉南","city":"雲林縣","area":"北港鎮","market_name":"第三公有零售市場","market_address":"雲林縣北港鎮華勝里民有路與民治路之間","pay_list":"","pay_tool":"","行業代號":null,"行業代號1":null,"名稱1":null,"行業代號2":null,"名稱2":null,"行業代號3":null,"名稱3":null},{"index":37,"id":10003983,"user":"王明利","shop":"第三公有零售市場-乙棟30號","category":"夜市/市場攤販","zone":"雲嘉南","city":"雲林縣","area":"北港鎮","market_name":"第三公有零售市場","market_address":"雲林縣北港鎮華勝里民有路與民治路之間","pay_list":"","pay_tool":"","行業代號":null,"行業代號1":null,"名稱1":null,"行業代號2":null,"名稱2":null,"行業代號3":null,"名稱3":null},{"index":38,"id":10003984,"user":"李阿淑","shop":"第三公有零售市場-乙棟32號","category":"夜市/市場攤販","zone":"雲嘉南","city":"雲林縣","area":"北港鎮","market_name":"第三公有零售市場","market_address":"雲林縣北港鎮華勝里民有路與民治路之間","pay_list":"","pay_tool":"","行業代號":null,"行業代號1":null,"名稱1":null,"行業代號2":null,"名稱2":null,"行業代號3":null,"名稱3":null},{"index":39,"id":10003985,"user":"陳忠吉","shop":"第三公有零售市場-乙棟34號","category":"夜市/市場攤販","zone":"雲嘉南","city":"雲林縣","area":"北港鎮","market_name":"第三公有零售市場","market_address":"雲林縣北港鎮華勝里民有路與民治路之間","pay_list":"","pay_tool":"","行業代號":null,"行業代號1":null,"名稱1":null,"行業代號2":null,"名稱2":null,"行業代號3":null,"名稱3":null},{"index":40,"id":10003986,"user":"蔡黃碧珠","shop":"第三公有零售市場-乙棟36號","category":"夜市/市場攤販","zone":"雲嘉南","city":"雲林縣","area":"北港鎮","market_name":"第三公有零售市場","market_address":"雲林縣北港鎮華勝里民有路與民治路之間","pay_list":"","pay_tool":"","行業代號":null,"行業代號1":null,"名稱1":null,"行業代號2":null,"名稱2":null,"行業代號3":null,"名稱3":null},{"index":41,"id":10003987,"user":"蔡耀祥","shop":"第三公有零售市場-乙棟38號","category":"夜市/市場攤販","zone":"雲嘉南","city":"雲林縣","area":"北港鎮","market_name":"第三公有零售市場","market_address":"雲林縣北港鎮華勝里民有路與民治路之間","pay_list":"","pay_tool":"","行業代號":null,"行業代號1":null,"名稱1":null,"行業代號2":null,"名稱2":null,"行業代號3":null,"名稱3":null},{"index":42,"id":10003988,"user":"楊瑞豐","shop":"第三公有零售市場-乙棟40號","category":"夜市/市場攤販","zone":"雲嘉南","city":"雲林縣","area":"北港鎮","market_name":"第三公有零售市場","market_address":"雲林縣北港鎮華勝里民有路與民治路之間","pay_list":"","pay_tool":"","行業代號":null,"行業代號1":null,"名稱1":null,"行業代號2":null,"名稱2":null,"行業代號3":null,"名稱3":null},{"index":43,"id":10003989,"user":"賴水清","shop":"第三公有零售市場-乙棟42號","category":"夜市/市場攤販","zone":"雲嘉南","city":"雲林縣","area":"北港鎮","market_name":"第三公有零售市場","market_address":"雲林縣北港鎮華勝里民有路與民治路之間","pay_list":"","pay_tool":"","行業代號":null,"行業代號1":null,"名稱1":null,"行業代號2":null,"名稱2":null,"行業代號3":null,"名稱3":null},{"index":44,"id":10003990,"user":"詹清金","shop":"第三公有零售市場-乙棟44號","category":"夜市/市場攤販","zone":"雲嘉南","city":"雲林縣","area":"北港鎮","market_name":"第三公有零售市場","market_address":"雲林縣北港鎮華勝里民有路與民治路之間","pay_list":"","pay_tool":"","行業代號":null,"行業代號1":null,"名稱1":null,"行業代號2":null,"名稱2":null,"行業代號3":null,"名稱3":null},{"index":45,"id":10003991,"user":"詹清金","shop":"第三公有零售市場-乙棟46號","category":"夜市/市場攤販","zone":"雲嘉南","city":"雲林縣","area":"北港鎮","market_name":"第三公有零售市場","market_address":"雲林縣北港鎮華勝里民有路與民治路之間","pay_list":"","pay_tool":"","行業代號":null,"行業代號1":null,"名稱1":null,"行業代號2":null,"名稱2":null,"行業代號3":null,"名稱3":null},{"index":46,"id":10003993,"user":"張簡志豪","shop":"第三公有零售市場-丙棟01號","category":"夜市/市場攤販","zone":"雲嘉南","city":"雲林縣","area":"北港鎮","market_name":"第三公有零售市場","market_address":"雲林縣北港鎮華勝里民有路與民治路之間","pay_list":"","pay_tool":"","行業代號":null,"行業代號1":null,"名稱1":null,"行業代號2":null,"名稱2":null,"行業代號3":null,"名稱3":null},{"index":47,"id":10003994,"user":"蔡享恭","shop":"第三公有零售市場-丙棟02號","category":"夜市/市場攤販","zone":"雲嘉南","city":"雲林縣","area":"北港鎮","market_name":"第三公有零售市場","market_address":"雲林縣北港鎮華勝里民有路與民治路之間","pay_list":"","pay_tool":"","行業代號":null,"行業代號1":null,"名稱1":null,"行業代號2":null,"名稱2":null,"行業代號3":null,"名稱3":null},{"index":48,"id":10003995,"user":"蔡青達","shop":"第三公有零售市場-丙棟03號","category":"夜市/市場攤販","zone":"雲嘉南","city":"雲林縣","area":"北港鎮","market_name":"第三公有零售市場","market_address":"雲林縣北港鎮華勝里民有路與民治路之間","pay_list":"","pay_tool":"","行業代號":null,"行業代號1":null,"名稱1":null,"行業代號2":null,"名稱2":null,"行業代號3":null,"名稱3":null},{"index":49,"id":10003996,"user":"蔡享恭","shop":"第三公有零售市場-丙棟04號","category":"夜市/市場攤販","zone":"雲嘉南","city":"雲林縣","area":"北港鎮","market_name":"第三公有零售市場","market_address":"雲林縣北港鎮華勝里民有路與民治路之間","pay_list":"","pay_tool":"","行業代號":null,"行業代號1":null,"名稱1":null,"行業代號2":null,"名稱2":null,"行業代號3":null,"名稱3":null},{"index":50,"id":10003997,"user":"陳信承","shop":"第三公有零售市場-丙棟06號","category":"夜市/市場攤販","zone":"雲嘉南","city":"雲林縣","area":"北港鎮","market_name":"第三公有零售市場","market_address":"雲林縣北港鎮華勝里民有路與民治路之間","pay_list":"","pay_tool":"","行業代號":null,"行業代號1":null,"名稱1":null,"行業代號2":null,"名稱2":null,"行業代號3":null,"名稱3":null},{"index":51,"id":10003998,"user":"鄒淑美","shop":"第三公有零售市場-丙棟07號","category":"夜市/市場攤販","zone":"雲嘉南","city":"雲林縣","area":"北港鎮","market_name":"第三公有零售市場","market_address":"雲林縣北港鎮華勝里民有路與民治路之間","pay_list":"","pay_tool":"","行業代號":null,"行業代號1":null,"名稱1":null,"行業代號2":null,"名稱2":null,"行業代號3":null,"名稱3":null},{"index":52,"id":10003999,"user":"陳信承","shop":"第三公有零售市場-丙棟08號","category":"夜市/市場攤販","zone":"雲嘉南","city":"雲林縣","area":"北港鎮","market_name":"第三公有零售市場","market_address":"雲林縣北港鎮華勝里民有路與民治路之間","pay_list":"","pay_tool":"","行業代號":null,"行業代號1":null,"名稱1":null,"行業代號2":null,"名稱2":null,"行業代號3":null,"名稱3":null},{"index":53,"id":10004000,"user":"鄒淑美","shop":"第三公有零售市場-丙棟09號","category":"夜市/市場攤販","zone":"雲嘉南","city":"雲林縣","area":"北港鎮","market_name":"第三公有零售市場","market_address":"雲林縣北港鎮華勝里民有路與民治路之間","pay_list":"","pay_tool":"","行業代號":null,"行業代號1":null,"名稱1":null,"行業代號2":null,"名稱2":null,"行業代號3":null,"名稱3":null},{"index":54,"id":10004001,"user":"陳信承","shop":"第三公有零售市場-丙棟10號","category":"夜市/市場攤販","zone":"雲嘉南","city":"雲林縣","area":"北港鎮","market_name":"第三公有零售市場","market_address":"雲林縣北港鎮華勝里民有路與民治路之間","pay_list":"","pay_tool":"","行業代號":null,"行業代號1":null,"名稱1":null,"行業代號2":null,"名稱2":null,"行業代號3":null,"名稱3":null},{"index":55,"id":10004002,"user":"汪蔡金珠","shop":"第三公有零售市場-丙棟11號","category":"夜市/市場攤販","zone":"雲嘉南","city":"雲林縣","area":"北港鎮","market_name":"第三公有零售市場","market_address":"雲林縣北港鎮華勝里民有路與民治路之間","pay_list":"","pay_tool":"","行業代號":null,"行業代號1":null,"名稱1":null,"行業代號2":null,"名稱2":null,"行業代號3":null,"名稱3":null},{"index":56,"id":10004004,"user":"黃蔡春綢","shop":"第三公有零售市場-丙棟12號","category":"夜市/市場攤販","zone":"雲嘉南","city":"雲林縣","area":"北港鎮","market_name":"第三公有零售市場","market_address":"雲林縣北港鎮華勝里民有路與民治路之間","pay_list":"","pay_tool":"","行業代號":null,"行業代號1":null,"名稱1":null,"行業代號2":null,"名稱2":null,"行業代號3":null,"名稱3":null},{"index":57,"id":10004005,"user":"黃煒祺","shop":"第三公有零售市場-丙棟13號","category":"夜市/市場攤販","zone":"雲嘉南","city":"雲林縣","area":"北港鎮","market_name":"第三公有零售市場","market_address":"雲林縣北港鎮華勝里民有路與民治路之間","pay_list":"","pay_tool":"","行業代號":null,"行業代號1":null,"名稱1":null,"行業代號2":null,"名稱2":null,"行業代號3":null,"名稱3":null},{"index":58,"id":10004006,"user":"黃蔡春綢","shop":"第三公有零售市場-丙棟14號","category":"夜市/市場攤販","zone":"雲嘉南","city":"雲林縣","area":"北港鎮","market_name":"第三公有零售市場","market_address":"雲林縣北港鎮華勝里民有路與民治路之間","pay_list":"","pay_tool":"","行業代號":null,"行業代號1":null,"名稱1":null,"行業代號2":null,"名稱2":null,"行業代號3":null,"名稱3":null},{"index":59,"id":10004007,"user":"何金寶","shop":"第三公有零售市場-丙棟15號","category":"夜市/市場攤販","zone":"雲嘉南","city":"雲林縣","area":"北港鎮","market_name":"第三公有零售市場","market_address":"雲林縣北港鎮華勝里民有路與民治路之間","pay_list":"","pay_tool":"","行業代號":null,"行業代號1":null,"名稱1":null,"行業代號2":null,"名稱2":null,"行業代號3":null,"名稱3":null},{"index":60,"id":10004008,"user":"林桂如","shop":"第三公有零售市場-丙棟16號","category":"夜市/市場攤販","zone":"雲嘉南","city":"雲林縣","area":"北港鎮","market_name":"第三公有零售市場","market_address":"雲林縣北港鎮華勝里民有路與民治路之間","pay_list":"","pay_tool":"","行業代號":null,"行業代號1":null,"名稱1":null,"行業代號2":null,"名稱2":null,"行業代號3":null,"名稱3":null},{"index":61,"id":10004009,"user":"何金寶","shop":"第三公有零售市場-丙棟17號","category":"夜市/市場攤販","zone":"雲嘉南","city":"雲林縣","area":"北港鎮","market_name":"第三公有零售市場","market_address":"雲林縣北港鎮華勝里民有路與民治路之間","pay_list":"","pay_tool":"","行業代號":null,"行業代號1":null,"名稱1":null,"行業代號2":null,"名稱2":null,"行業代號3":null,"名稱3":null},{"index":62,"id":10004010,"user":"林桂如","shop":"第三公有零售市場-丙棟18號","category":"夜市/市場攤販","zone":"雲嘉南","city":"雲林縣","area":"北港鎮","market_name":"第三公有零售市場","market_address":"雲林縣北港鎮華勝里民有路與民治路之間","pay_list":"","pay_tool":"","行業代號":null,"行業代號1":null,"名稱1":null,"行業代號2":null,"名稱2":null,"行業代號3":null,"名稱3":null},{"index":63,"id":10004011,"user":"蘇振文","shop":"第三公有零售市場-丙棟19號","category":"夜市/市場攤販","zone":"雲嘉南","city":"雲林縣","area":"北港鎮","market_name":"第三公有零售市場","market_address":"雲林縣北港鎮華勝里民有路與民治路之間","pay_list":"","pay_tool":"","行業代號":null,"行業代號1":null,"名稱1":null,"行業代號2":null,"名稱2":null,"行業代號3":null,"名稱3":null},{"index":64,"id":10004012,"user":"許李淑婉","shop":"第三公有零售市場-丙棟20號","category":"夜市/市場攤販","zone":"雲嘉南","city":"雲林縣","area":"北港鎮","market_name":"第三公有零售市場","market_address":"雲林縣北港鎮華勝里民有路與民治路之間","pay_list":"","pay_tool":"","行業代號":null,"行業代號1":null,"名稱1":null,"行業代號2":null,"名稱2":null,"行業代號3":null,"名稱3":null},{"index":65,"id":10004013,"user":"蘇振文","shop":"第三公有零售市場-丙棟21號","category":"夜市/市場攤販","zone":"雲嘉南","city":"雲林縣","area":"北港鎮","market_name":"第三公有零售市場","market_address":"雲林縣北港鎮華勝里民有路與民治路之間","pay_list":"","pay_tool":"","行業代號":null,"行業代號1":null,"名稱1":null,"行業代號2":null,"名稱2":null,"行業代號3":null,"名稱3":null},{"index":66,"id":10004015,"user":"許李淑婉","shop":"第三公有零售市場-丙棟22號","category":"夜市/市場攤販","zone":"雲嘉南","city":"雲林縣","area":"北港鎮","market_name":"第三公有零售市場","market_address":"雲林縣北港鎮華勝里民有路與民治路之間","pay_list":"","pay_tool":"","行業代號":null,"行業代號1":null,"名稱1":null,"行業代號2":null,"名稱2":null,"行業代號3":null,"名稱3":null},{"index":67,"id":10004016,"user":"蔡宗潔","shop":"第三公有零售市場-丙棟24號","category":"夜市/市場攤販","zone":"雲嘉南","city":"雲林縣","area":"北港鎮","market_name":"第三公有零售市場","market_address":"雲林縣北港鎮華勝里民有路與民治路之間","pay_list":"","pay_tool":"","行業代號":null,"行業代號1":null,"名稱1":null,"行業代號2":null,"名稱2":null,"行業代號3":null,"名稱3":null},{"index":68,"id":10004017,"user":"蔡黃碧珠","shop":"第三公有零售市場-丙棟26號","category":"夜市/市場攤販","zone":"雲嘉南","city":"雲林縣","area":"北港鎮","market_name":"第三公有零售市場","market_address":"雲林縣北港鎮華勝里民有路與民治路之間","pay_list":"","pay_tool":"","行業代號":null,"行業代號1":null,"名稱1":null,"行業代號2":null,"名稱2":null,"行業代號3":null,"名稱3":null},{"index":69,"id":10004018,"user":"許蘇秋豆","shop":"第三公有零售市場-丙棟27號","category":"夜市/市場攤販","zone":"雲嘉南","city":"雲林縣","area":"北港鎮","market_name":"第三公有零售市場","market_address":"雲林縣北港鎮華勝里民有路與民治路之間","pay_list":"","pay_tool":"","行業代號":null,"行業代號1":null,"名稱1":null,"行業代號2":null,"名稱2":null,"行業代號3":null,"名稱3":null},{"index":70,"id":10004019,"user":"黃崇榮","shop":"第三公有零售市場-丙棟28號","category":"夜市/市場攤販","zone":"雲嘉南","city":"雲林縣","area":"北港鎮","market_name":"第三公有零售市場","market_address":"雲林縣北港鎮華勝里民有路與民治路之間","pay_list":"","pay_tool":"","行業代號":null,"行業代號1":null,"名稱1":null,"行業代號2":null,"名稱2":null,"行業代號3":null,"名稱3":null},{"index":71,"id":10004020,"user":"許蘇秋豆","shop":"第三公有零售市場-丙棟29號","category":"夜市/市場攤販","zone":"雲嘉南","city":"雲林縣","area":"北港鎮","market_name":"第三公有零售市場","market_address":"雲林縣北港鎮華勝里民有路與民治路之間","pay_list":"","pay_tool":"","行業代號":null,"行業代號1":null,"名稱1":null,"行業代號2":null,"名稱2":null,"行業代號3":null,"名稱3":null},{"index":72,"id":10004021,"user":"陳王血","shop":"第三公有零售市場-丙棟30號","category":"夜市/市場攤販","zone":"雲嘉南","city":"雲林縣","area":"北港鎮","market_name":"第三公有零售市場","market_address":"雲林縣北港鎮華勝里民有路與民治路之間","pay_list":"","pay_tool":"","行業代號":null,"行業代號1":null,"名稱1":null,"行業代號2":null,"名稱2":null,"行業代號3":null,"名稱3":null},{"index":73,"id":10004022,"user":"陳忠吉","shop":"第三公有零售市場-丙棟31號","category":"夜市/市場攤販","zone":"雲嘉南","city":"雲林縣","area":"北港鎮","market_name":"第三公有零售市場","market_address":"雲林縣北港鎮華勝里民有路與民治路之間","pay_list":"","pay_tool":"","行業代號":null,"行業代號1":null,"名稱1":null,"行業代號2":null,"名稱2":null,"行業代號3":null,"名稱3":null},{"index":74,"id":10004023,"user":"蔡淑美","shop":"第三公有零售市場-丙棟32號","category":"夜市/市場攤販","zone":"雲嘉南","city":"雲林縣","area":"北港鎮","market_name":"第三公有零售市場","market_address":"雲林縣北港鎮華勝里民有路與民治路之間","pay_list":"","pay_tool":"","行業代號":null,"行業代號1":null,"名稱1":null,"行業代號2":null,"名稱2":null,"行業代號3":null,"名稱3":null},{"index":75,"id":10004024,"user":"黃水波","shop":"第三公有零售市場-丙棟33號","category":"夜市/市場攤販","zone":"雲嘉南","city":"雲林縣","area":"北港鎮","market_name":"第三公有零售市場","market_address":"雲林縣北港鎮華勝里民有路與民治路之間","pay_list":"","pay_tool":"","行業代號":null,"行業代號1":null,"名稱1":null,"行業代號2":null,"名稱2":null,"行業代號3":null,"名稱3":null},{"index":76,"id":10004026,"user":"蔡淑美","shop":"第三公有零售市場-丙棟34號","category":"夜市/市場攤販","zone":"雲嘉南","city":"雲林縣","area":"北港鎮","market_name":"第三公有零售市場","market_address":"雲林縣北港鎮華勝里民有路與民治路之間","pay_list":"","pay_tool":"","行業代號":null,"行業代號1":null,"名稱1":null,"行業代號2":null,"名稱2":null,"行業代號3":null,"名稱3":null},{"index":77,"id":10004027,"user":"洪美杏","shop":"第三公有零售市場-丙棟35號","category":"夜市/市場攤販","zone":"雲嘉南","city":"雲林縣","area":"北港鎮","market_name":"第三公有零售市場","market_address":"雲林縣北港鎮華勝里民有路與民治路之間","pay_list":"","pay_tool":"","行業代號":null,"行業代號1":null,"名稱1":null,"行業代號2":null,"名稱2":null,"行業代號3":null,"名稱3":null},{"index":78,"id":10004028,"user":"李阿淑","shop":"第三公有零售市場-丙棟36號","category":"夜市/市場攤販","zone":"雲嘉南","city":"雲林縣","area":"北港鎮","market_name":"第三公有零售市場","market_address":"雲林縣北港鎮華勝里民有路與民治路之間","pay_list":"","pay_tool":"","行業代號":null,"行業代號1":null,"名稱1":null,"行業代號2":null,"名稱2":null,"行業代號3":null,"名稱3":null},{"index":79,"id":10004029,"user":"洪美杏","shop":"第三公有零售市場-丙棟37號","category":"夜市/市場攤販","zone":"雲嘉南","city":"雲林縣","area":"北港鎮","market_name":"第三公有零售市場","market_address":"雲林縣北港鎮華勝里民有路與民治路之間","pay_list":"","pay_tool":"","行業代號":null,"行業代號1":null,"名稱1":null,"行業代號2":null,"名稱2":null,"行業代號3":null,"名稱3":null},{"index":80,"id":10004030,"user":"王明利","shop":"第三公有零售市場-丙棟38號","category":"夜市/市場攤販","zone":"雲嘉南","city":"雲林縣","area":"北港鎮","market_name":"第三公有零售市場","market_address":"雲林縣北港鎮華勝里民有路與民治路之間","pay_list":"","pay_tool":"","行業代號":null,"行業代號1":null,"名稱1":null,"行業代號2":null,"名稱2":null,"行業代號3":null,"名稱3":null},{"index":81,"id":10004031,"user":"龔義郎","shop":"第三公有零售市場-丙棟39號","category":"夜市/市場攤販","zone":"雲嘉南","city":"雲林縣","area":"北港鎮","market_name":"第三公有零售市場","market_address":"雲林縣北港鎮華勝里民有路與民治路之間","pay_list":"","pay_tool":"","行業代號":null,"行業代號1":null,"名稱1":null,"行業代號2":null,"名稱2":null,"行業代號3":null,"名稱3":null},{"index":82,"id":10004032,"user":"李阿淑","shop":"第三公有零售市場-丙棟40號","category":"夜市/市場攤販","zone":"雲嘉南","city":"雲林縣","area":"北港鎮","market_name":"第三公有零售市場","market_address":"雲林縣北港鎮華勝里民有路與民治路之間","pay_list":"","pay_tool":"","行業代號":null,"行業代號1":null,"名稱1":null,"行業代號2":null,"名稱2":null,"行業代號3":null,"名稱3":null},{"index":83,"id":10004033,"user":"賴水清","shop":"第三公有零售市場-丙棟41號","category":"夜市/市場攤販","zone":"雲嘉南","city":"雲林縣","area":"北港鎮","market_name":"第三公有零售市場","market_address":"雲林縣北港鎮華勝里民有路與民治路之間","pay_list":"","pay_tool":"","行業代號":null,"行業代號1":null,"名稱1":null,"行業代號2":null,"名稱2":null,"行業代號3":null,"名稱3":null},{"index":84,"id":10004034,"user":"王明利","shop":"第三公有零售市場-丙棟42號","category":"夜市/市場攤販","zone":"雲嘉南","city":"雲林縣","area":"北港鎮","market_name":"第三公有零售市場","market_address":"雲林縣北港鎮華勝里民有路與民治路之間","pay_list":"","pay_tool":"","行業代號":null,"行業代號1":null,"名稱1":null,"行業代號2":null,"名稱2":null,"行業代號3":null,"名稱3":null},{"index":85,"id":10004035,"user":"蔡文和","shop":"第三公有零售市場-丙棟43號","category":"夜市/市場攤販","zone":"雲嘉南","city":"雲林縣","area":"北港鎮","market_name":"第三公有零售市場","market_address":"雲林縣北港鎮華勝里民有路與民治路之間","pay_list":"","pay_tool":"","行業代號":null,"行業代號1":null,"名稱1":null,"行業代號2":null,"名稱2":null,"行業代號3":null,"名稱3":null},{"index":86,"id":10004037,"user":"陳錦洲","shop":"第三公有零售市場-丙棟44號","category":"夜市/市場攤販","zone":"雲嘉南","city":"雲林縣","area":"北港鎮","market_name":"第三公有零售市場","market_address":"雲林縣北港鎮華勝里民有路與民治路之間","pay_list":"","pay_tool":"","行業代號":null,"行業代號1":null,"名稱1":null,"行業代號2":null,"名稱2":null,"行業代號3":null,"名稱3":null},{"index":87,"id":10004038,"user":"蔡文和","shop":"第三公有零售市場-丙棟45號","category":"夜市/市場攤販","zone":"雲嘉南","city":"雲林縣","area":"北港鎮","market_name":"第三公有零售市場","market_address":"雲林縣北港鎮華勝里民有路與民治路之間","pay_list":"","pay_tool":"","行業代號":null,"行業代號1":null,"名稱1":null,"行業代號2":null,"名稱2":null,"行業代號3":null,"名稱3":null},{"index":88,"id":10004039,"user":"陳錦洲","shop":"第三公有零售市場-丙棟46號","category":"夜市/市場攤販","zone":"雲嘉南","city":"雲林縣","area":"北港鎮","market_name":"第三公有零售市場","market_address":"雲林縣北港鎮華勝里民有路與民治路之間","pay_list":"","pay_tool":"","行業代號":null,"行業代號1":null,"名稱1":null,"行業代號2":null,"名稱2":null,"行業代號3":null,"名稱3":null},{"index":89,"id":10004040,"user":"蔡享恭","shop":"第三公有零售市場-丁棟01號","category":"夜市/市場攤販","zone":"雲嘉南","city":"雲林縣","area":"北港鎮","market_name":"第三公有零售市場","market_address":"雲林縣北港鎮華勝里民有路與民治路之間","pay_list":"","pay_tool":"","行業代號":null,"行業代號1":null,"名稱1":null,"行業代號2":null,"名稱2":null,"行業代號3":null,"名稱3":null},{"index":90,"id":10004041,"user":"蔡享恭","shop":"第三公有零售市場-丁棟03號","category":"夜市/市場攤販","zone":"雲嘉南","city":"雲林縣","area":"北港鎮","market_name":"第三公有零售市場","market_address":"雲林縣北港鎮華勝里民有路與民治路之間","pay_list":"","pay_tool":"","行業代號":null,"行業代號1":null,"名稱1":null,"行業代號2":null,"名稱2":null,"行業代號3":null,"名稱3":null},{"index":91,"id":10004042,"user":"陳秋香","shop":"第三公有零售市場-丁棟09號","category":"夜市/市場攤販","zone":"雲嘉南","city":"雲林縣","area":"北港鎮","market_name":"第三公有零售市場","market_address":"雲林縣北港鎮華勝里民有路與民治路之間","pay_list":"","pay_tool":"","行業代號":null,"行業代號1":null,"名稱1":null,"行業代號2":null,"名稱2":null,"行業代號3":null,"名稱3":null},{"index":92,"id":10004043,"user":"黃蔡春綢","shop":"第三公有零售市場-丁棟11號","category":"夜市/市場攤販","zone":"雲嘉南","city":"雲林縣","area":"北港鎮","market_name":"第三公有零售市場","market_address":"雲林縣北港鎮華勝里民有路與民治路之間","pay_list":"","pay_tool":"","行業代號":null,"行業代號1":null,"名稱1":null,"行業代號2":null,"名稱2":null,"行業代號3":null,"名稱3":null},{"index":93,"id":10004044,"user":"黃蔡春綢","shop":"第三公有零售市場-丁棟13號","category":"夜市/市場攤販","zone":"雲嘉南","city":"雲林縣","area":"北港鎮","market_name":"第三公有零售市場","market_address":"雲林縣北港鎮華勝里民有路與民治路之間","pay_list":"","pay_tool":"","行業代號":null,"行業代號1":null,"名稱1":null,"行業代號2":null,"名稱2":null,"行業代號3":null,"名稱3":null},{"index":94,"id":10004045,"user":"郭英郎","shop":"第三公有零售市場-丁棟15號","category":"夜市/市場攤販","zone":"雲嘉南","city":"雲林縣","area":"北港鎮","market_name":"第三公有零售市場","market_address":"雲林縣北港鎮華勝里民有路與民治路之間","pay_list":"","pay_tool":"","行業代號":null,"行業代號1":null,"名稱1":null,"行業代號2":null,"名稱2":null,"行業代號3":null,"名稱3":null},{"index":95,"id":10004046,"user":"郭英郎","shop":"第三公有零售市場-丁棟17號","category":"夜市/市場攤販","zone":"雲嘉南","city":"雲林縣","area":"北港鎮","market_name":"第三公有零售市場","market_address":"雲林縣北港鎮華勝里民有路與民治路之間","pay_list":"","pay_tool":"","行業代號":null,"行業代號1":null,"名稱1":null,"行業代號2":null,"名稱2":null,"行業代號3":null,"名稱3":null},{"index":96,"id":10004049,"user":"蔡嘉顯","shop":"第三公有零售市場-丁棟19號","category":"夜市/市場攤販","zone":"雲嘉南","city":"雲林縣","area":"北港鎮","market_name":"第三公有零售市場","market_address":"雲林縣北港鎮華勝里民有路與民治路之間","pay_list":"","pay_tool":"","行業代號":null,"行業代號1":null,"名稱1":null,"行業代號2":null,"名稱2":null,"行業代號3":null,"名稱3":null},{"index":97,"id":10004050,"user":"蔡嘉顯","shop":"第三公有零售市場-丁棟21號","category":"夜市/市場攤販","zone":"雲嘉南","city":"雲林縣","area":"北港鎮","market_name":"第三公有零售市場","market_address":"雲林縣北港鎮華勝里民有路與民治路之間","pay_list":"","pay_tool":"","行業代號":null,"行業代號1":null,"名稱1":null,"行業代號2":null,"名稱2":null,"行業代號3":null,"名稱3":null},{"index":98,"id":10004051,"user":"蔡宗潔","shop":"第三公有零售市場-丁棟23號","category":"夜市/市場攤販","zone":"雲嘉南","city":"雲林縣","area":"北港鎮","market_name":"第三公有零售市場","market_address":"雲林縣北港鎮華勝里民有路與民治路之間","pay_list":"","pay_tool":"","行業代號":null,"行業代號1":null,"名稱1":null,"行業代號2":null,"名稱2":null,"行業代號3":null,"名稱3":null},{"index":99,"id":10004052,"user":"蔡金鏘","shop":"第三公有零售市場-丁棟25號","category":"夜市/市場攤販","zone":"雲嘉南","city":"雲林縣","area":"北港鎮","market_name":"第三公有零售市場","market_address":"雲林縣北港鎮華勝里民有路與民治路之間","pay_list":"","pay_tool":"","行業代號":null,"行業代號1":null,"名稱1":null,"行業代號2":null,"名稱2":null,"行業代號3":null,"名稱3":null},{"index":100,"id":10004053,"user":"黃崇榮","shop":"第三公有零售市場-丁棟27號","category":"夜市/市場攤販","zone":"雲嘉南","city":"雲林縣","area":"北港鎮","market_name":"第三公有零售市場","market_address":"雲林縣北港鎮華勝里民有路與民治路之間","pay_list":"","pay_tool":"","行業代號":null,"行業代號1":null,"名稱1":null,"行業代號2":null,"名稱2":null,"行業代號3":null,"名稱3":null},{"index":101,"id":10004054,"user":"陳建原","shop":"第三公有零售市場-丁棟29號","category":"夜市/市場攤販","zone":"雲嘉南","city":"雲林縣","area":"北港鎮","market_name":"第三公有零售市場","market_address":"雲林縣北港鎮華勝里民有路與民治路之間","pay_list":"","pay_tool":"","行業代號":null,"行業代號1":null,"名稱1":null,"行業代號2":null,"名稱2":null,"行業代號3":null,"名稱3":null},{"index":102,"id":10004055,"user":"陳建原","shop":"第三公有零售市場-丁棟31號","category":"夜市/市場攤販","zone":"雲嘉南","city":"雲林縣","area":"北港鎮","market_name":"第三公有零售市場","market_address":"雲林縣北港鎮華勝里民有路與民治路之間","pay_list":"","pay_tool":"","行業代號":null,"行業代號1":null,"名稱1":null,"行業代號2":null,"名稱2":null,"行業代號3":null,"名稱3":null},{"index":103,"id":10004056,"user":"蔡淑美","shop":"第三公有零售市場-丁棟33號","category":"夜市/市場攤販","zone":"雲嘉南","city":"雲林縣","area":"北港鎮","market_name":"第三公有零售市場","market_address":"雲林縣北港鎮華勝里民有路與民治路之間","pay_list":"","pay_tool":"","行業代號":null,"行業代號1":null,"名稱1":null,"行業代號2":null,"名稱2":null,"行業代號3":null,"名稱3":null},{"index":104,"id":10004057,"user":"蔡文男","shop":"第三公有零售市場-丁棟35號","category":"夜市/市場攤販","zone":"雲嘉南","city":"雲林縣","area":"北港鎮","market_name":"第三公有零售市場","market_address":"雲林縣北港鎮華勝里民有路與民治路之間","pay_list":"","pay_tool":"","行業代號":null,"行業代號1":null,"名稱1":null,"行業代號2":null,"名稱2":null,"行業代號3":null,"名稱3":null},{"index":105,"id":10004058,"user":"蔡文男","shop":"第三公有零售市場-丁棟36號","category":"夜市/市場攤販","zone":"雲嘉南","city":"雲林縣","area":"北港鎮","market_name":"第三公有零售市場","market_address":"雲林縣北港鎮華勝里民有路與民治路之間","pay_list":"","pay_tool":"","行業代號":null,"行業代號1":null,"名稱1":null,"行業代號2":null,"名稱2":null,"行業代號3":null,"名稱3":null},{"index":106,"id":10004060,"user":"蔡文男","shop":"第三公有零售市場-丁棟37號","category":"夜市/市場攤販","zone":"雲嘉南","city":"雲林縣","area":"北港鎮","market_name":"第三公有零售市場","market_address":"雲林縣北港鎮華勝里民有路與民治路之間","pay_list":"","pay_tool":"","行業代號":null,"行業代號1":null,"名稱1":null,"行業代號2":null,"名稱2":null,"行業代號3":null,"名稱3":null},{"index":107,"id":10004061,"user":"蔡文男","shop":"第三公有零售市場-丁棟38號","category":"夜市/市場攤販","zone":"雲嘉南","city":"雲林縣","area":"北港鎮","market_name":"第三公有零售市場","market_address":"雲林縣北港鎮華勝里民有路與民治路之間","pay_list":"","pay_tool":"","行業代號":null,"行業代號1":null,"名稱1":null,"行業代號2":null,"名稱2":null,"行業代號3":null,"名稱3":null},{"index":108,"id":10004062,"user":"蔡文男","shop":"第三公有零售市場-丁棟39號","category":"夜市/市場攤販","zone":"雲嘉南","city":"雲林縣","area":"北港鎮","market_name":"第三公有零售市場","market_address":"雲林縣北港鎮華勝里民有路與民治路之間","pay_list":"","pay_tool":"","行業代號":null,"行業代號1":null,"名稱1":null,"行業代號2":null,"名稱2":null,"行業代號3":null,"名稱3":null},{"index":109,"id":10004063,"user":"蔡文男","shop":"第三公有零售市場-丁棟40號","category":"夜市/市場攤販","zone":"雲嘉南","city":"雲林縣","area":"北港鎮","market_name":"第三公有零售市場","market_address":"雲林縣北港鎮華勝里民有路與民治路之間","pay_list":"","pay_tool":"","行業代號":null,"行業代號1":null,"名稱1":null,"行業代號2":null,"名稱2":null,"行業代號3":null,"名稱3":null},{"index":110,"id":10004064,"user":"蔡文男","shop":"第三公有零售市場-丁棟41號","category":"夜市/市場攤販","zone":"雲嘉南","city":"雲林縣","area":"北港鎮","market_name":"第三公有零售市場","market_address":"雲林縣北港鎮華勝里民有路與民治路之間","pay_list":"","pay_tool":"","行業代號":null,"行業代號1":null,"名稱1":null,"行業代號2":null,"名稱2":null,"行業代號3":null,"名稱3":null},{"index":111,"id":10004065,"user":"蔡文男","shop":"第三公有零售市場-丁棟42號","category":"夜市/市場攤販","zone":"雲嘉南","city":"雲林縣","area":"北港鎮","market_name":"第三公有零售市場","market_address":"雲林縣北港鎮華勝里民有路與民治路之間","pay_list":"","pay_tool":"","行業代號":null,"行業代號1":null,"名稱1":null,"行業代號2":null,"名稱2":null,"行業代號3":null,"名稱3":null},{"index":112,"id":10004066,"user":"蔡文男","shop":"第三公有零售市場-丁棟43號","category":"夜市/市場攤販","zone":"雲嘉南","city":"雲林縣","area":"北港鎮","market_name":"第三公有零售市場","market_address":"雲林縣北港鎮華勝里民有路與民治路之間","pay_list":"","pay_tool":"","行業代號":null,"行業代號1":null,"名稱1":null,"行業代號2":null,"名稱2":null,"行業代號3":null,"名稱3":null},{"index":113,"id":10004067,"user":"蔡文男","shop":"第三公有零售市場-丁棟44號","category":"夜市/市場攤販","zone":"雲嘉南","city":"雲林縣","area":"北港鎮","market_name":"第三公有零售市場","market_address":"雲林縣北港鎮華勝里民有路與民治路之間","pay_list":"","pay_tool":"","行業代號":null,"行業代號1":null,"名稱1":null,"行業代號2":null,"名稱2":null,"行業代號3":null,"名稱3":null},{"index":114,"id":10004068,"user":"蔡文男","shop":"第三公有零售市場-丁棟45號","category":"夜市/市場攤販","zone":"雲嘉南","city":"雲林縣","area":"北港鎮","market_name":"第三公有零售市場","market_address":"雲林縣北港鎮華勝里民有路與民治路之間","pay_list":"","pay_tool":"","行業代號":null,"行業代號1":null,"名稱1":null,"行業代號2":null,"名稱2":null,"行業代號3":null,"名稱3":null},{"index":115,"id":10004069,"user":"蔡文男","shop":"第三公有零售市場-丁棟46號","category":"夜市/市場攤販","zone":"雲嘉南","city":"雲林縣","area":"北港鎮","market_name":"第三公有零售市場","market_address":"雲林縣北港鎮華勝里民有路與民治路之間","pay_list":"","pay_tool":"","行業代號":null,"行業代號1":null,"名稱1":null,"行業代號2":null,"名稱2":null,"行業代號3":null,"名稱3":null},{"index":116,"id":20001516,"user":"陳秀蘭","shop":"紅磚道美食屋","category":["夜市/市場攤販"],"zone":"雲嘉南","city":"雲林縣","area":"北港鎮","market_name":["餐食攤販"],"market_address":"雲林縣北港鎮華勝里公園路２０號","pay_list":"","pay_tool":"","行業代號":null,"行業代號1":null,"名稱1":null,"行業代號2":null,"名稱2":null,"行業代號3":null,"名稱3":null},{"index":117,"id":20003315,"user":"蔡木火","shop":"蔡木火","category":["夜市/市場攤販"],"zone":"雲嘉南","city":"雲林縣","area":"北港鎮","market_name":["餐食攤販"],"market_address":"雲林縣北港鎮東陽里中山路８０號","pay_list":"","pay_tool":"","行業代號":null,"行業代號1":null,"名稱1":null,"行業代號2":null,"名稱2":null,"行業代號3":null,"名稱3":null},{"index":118,"id":20018620,"user":"張明福","shop":"張明福","category":["夜市/市場攤販"],"zone":"雲嘉南","city":"雲林縣","area":"北港鎮","market_name":["餐食攤販"],"market_address":"雲林縣北港鎮華勝里公園臨時攤販區２４、２５號","pay_list":"","pay_tool":"","行業代號":null,"行業代號1":null,"名稱1":null,"行業代號2":null,"名稱2":null,"行業代號3":null,"名稱3":null},{"index":119,"id":20018641,"user":"吳雅雯","shop":"吳雅雯","category":["夜市/市場攤販"],"zone":"雲嘉南","city":"雲林縣","area":"北港鎮","market_name":["餐食攤販"],"market_address":"雲林縣北港鎮華勝里公園臨時攤販區２６、２７號","pay_list":"","pay_tool":"","行業代號":null,"行業代號1":null,"名稱1":null,"行業代號2":null,"名稱2":null,"行業代號3":null,"名稱3":null},{"index":120,"id":20018644,"user":"李和美","shop":"李和美","category":["夜市/市場攤販"],"zone":"雲嘉南","city":"雲林縣","area":"北港鎮","market_name":["餐食攤販"],"market_address":"雲林縣北港鎮華勝里公園臨時攤販區２２、２３號","pay_list":"","pay_tool":"","行業代號":null,"行業代號1":null,"名稱1":null,"行業代號2":null,"名稱2":null,"行業代號3":null,"名稱3":null},{"index":121,"id":20018923,"user":"許石月鳳","shop":"許石月鳳","category":["夜市/市場攤販"],"zone":"雲嘉南","city":"雲林縣","area":"北港鎮","market_name":["餐食攤販"],"market_address":"雲林縣北港鎮華勝里公園臨時攤販區１９號－２０號","pay_list":"","pay_tool":"","行業代號":null,"行業代號1":null,"名稱1":null,"行業代號2":null,"名稱2":null,"行業代號3":null,"名稱3":null},{"index":122,"id":20018924,"user":"楊秋喜","shop":"楊秋喜","category":["夜市/市場攤販"],"zone":"雲嘉南","city":"雲林縣","area":"北港鎮","market_name":["餐食攤販"],"market_address":"雲林縣北港鎮華勝里公園臨時攤販區１６、１７、１８號","pay_list":"","pay_tool":"","行業代號":null,"行業代號1":null,"名稱1":null,"行業代號2":null,"名稱2":null,"行業代號3":null,"名稱3":null},{"index":123,"id":20019112,"user":"黄吳美慧","shop":"黃吳美慧","category":["夜市/市場攤販"],"zone":"雲嘉南","city":"雲林縣","area":"北港鎮","market_name":["餐食攤販"],"market_address":"雲林縣北港鎮華勝里公園路６１號前","pay_list":"","pay_tool":"","行業代號":null,"行業代號1":null,"名稱1":null,"行業代號2":null,"名稱2":null,"行業代號3":null,"名稱3":null},{"index":124,"id":20019139,"user":"沈進財","shop":"沈進財","category":["夜市/市場攤販"],"zone":"雲嘉南","city":"雲林縣","area":"北港鎮","market_name":["餐食攤販"],"market_address":"雲林縣北港鎮華勝里民族路６６號","pay_list":"","pay_tool":"","行業代號":null,"行業代號1":null,"名稱1":null,"行業代號2":null,"名稱2":null,"行業代號3":null,"名稱3":null},{"index":125,"id":20019147,"user":"許珈寧","shop":"許珈寧","category":["夜市/市場攤販"],"zone":"雲嘉南","city":"雲林縣","area":"北港鎮","market_name":["餐食攤販"],"market_address":"雲林縣北港鎮東華里益安路中秋路口","pay_list":"","pay_tool":"","行業代號":null,"行業代號1":null,"名稱1":null,"行業代號2":null,"名稱2":null,"行業代號3":null,"名稱3":null},{"index":126,"id":20026860,"user":"陳正偉","shop":"陳正偉","category":["夜市/市場攤販"],"zone":"雲嘉南","city":"雲林縣","area":"北港鎮","market_name":["餐食攤販"],"market_address":"雲林縣北港鎮共榮里中山路１５７號騎樓前","pay_list":"","pay_tool":"","行業代號":null,"行業代號1":null,"名稱1":null,"行業代號2":null,"名稱2":null,"行業代號3":null,"名稱3":null},{"index":127,"id":20032413,"user":"許美娟","shop":"許美娟","category":["夜市/市場攤販"],"zone":"雲嘉南","city":"雲林縣","area":"北港鎮","market_name":["餐食攤販"],"market_address":"雲林縣北港鎮華勝里０１７鄰民政路５７號","pay_list":"","pay_tool":"","行業代號":null,"行業代號1":null,"名稱1":null,"行業代號2":null,"名稱2":null,"行業代號3":null,"名稱3":null},{"index":128,"id":20040964,"user":"許竣凱","shop":"許竣凱","category":["夜市/市場攤販"],"zone":"雲嘉南","city":"雲林縣","area":"北港鎮","market_name":["餐食攤販"],"market_address":"雲林縣北港鎮華勝里公園路１９號路邊攤","pay_list":"","pay_tool":"","行業代號":null,"行業代號1":null,"名稱1":null,"行業代號2":null,"名稱2":null,"行業代號3":null,"名稱3":null},{"index":129,"id":20049709,"user":"許淑秋","shop":"現炒小吃","category":["夜市/市場攤販"],"zone":"雲嘉南","city":"雲林縣","area":"北港鎮","market_name":["餐食攤販"],"market_address":"雲林縣北港鎮新街里公園路７５號對面","pay_list":"","pay_tool":"","行業代號":null,"行業代號1":null,"名稱1":null,"行業代號2":null,"名稱2":null,"行業代號3":null,"名稱3":null},{"index":130,"id":20049723,"user":"蘇崧模","shop":"蘇崧模","category":["夜市/市場攤販"],"zone":"雲嘉南","city":"雲林縣","area":"北港鎮","market_name":["餐食攤販"],"market_address":"雲林縣北港鎮新街里公園路九龍電器對面","pay_list":"","pay_tool":"","行業代號":null,"行業代號1":null,"名稱1":null,"行業代號2":null,"名稱2":null,"行業代號3":null,"名稱3":null},{"index":131,"id":20049724,"user":"王雅玲","shop":"王雅玲","category":["夜市/市場攤販"],"zone":"雲嘉南","city":"雲林縣","area":"北港鎮","market_name":["餐食攤販"],"market_address":"雲林縣北港鎮新街里公園路九龍電器對面","pay_list":"","pay_tool":"","行業代號":null,"行業代號1":null,"名稱1":null,"行業代號2":null,"名稱2":null,"行業代號3":null,"名稱3":null},{"index":132,"id":20054644,"user":"杜玉玟","shop":"國寶食品","category":["夜市/市場攤販"],"zone":"雲嘉南","city":"雲林縣","area":"北港鎮","market_name":["餐食攤販"],"market_address":"雲林縣北港鎮華勝里民治路４９號路旁","pay_list":"","pay_tool":"","行業代號":null,"行業代號1":null,"名稱1":null,"行業代號2":null,"名稱2":null,"行業代號3":null,"名稱3":null},{"index":133,"id":20060687,"user":"鍾經報","shop":"廣東滷味","category":["夜市/市場攤販"],"zone":"雲嘉南","city":"雲林縣","area":"北港鎮","market_name":["餐食攤販"],"market_address":"雲林縣北港鎮華勝里民享路４１號","pay_list":"","pay_tool":"","行業代號":null,"行業代號1":null,"名稱1":null,"行業代號2":null,"名稱2":null,"行業代號3":null,"名稱3":null},{"index":134,"id":60083631,"user":"劉恒男","shop":"武燕私房料理","category":["餐飲","夜市/市場攤販"],"zone":"雲嘉南","city":"雲林縣","area":"北港鎮","market_name":["其他外燴及團膳承包","外燴（辦桌）承包","餐食攤販"],"market_address":"雲林縣北港鎮新街里華勝路２３１號","pay_list":null,"pay_tool":null,"行業代號":"561200","行業代號1":"562011","名稱1":"外燴（辦桌）承包","行業代號2":"562099","名稱2":"其他外燴及團膳承包","行業代號3":"","名稱3":""},{"index":135,"id":60112024,"user":"蔡東縉","shop":"橋頭肆拾肆號","category":["夜市/市場攤販"],"zone":"雲嘉南","city":"雲林縣","area":"北港鎮","market_name":["餐食攤販"],"market_address":"雲林縣北港鎮義民里義民路４４號","pay_list":null,"pay_tool":null,"行業代號":"561200","行業代號1":"","名稱1":"","行業代號2":"","名稱2":"","行業代號3":"","名稱3":""}]