[{"index":1,"shop":"好朋友小吃店","zone":"台東","city":"臺東縣","area":"長濱鄉","market_address":"臺東縣長濱鄉長濱村７鄰長濱路６９－３號","user":"林陳麗如","行業代號":null,"market_name":["餐食攤販"],"行業代號1":null,"名稱1":null,"行業代號2":null,"名稱2":null,"行業代號3":null,"名稱3":null,"category":["夜市/市場攤販"],"id":20015718,"pay_list":"","pay_tool":""},{"index":2,"shop":"古榕映水生態園","zone":"台東","city":"臺東縣","area":"長濱鄉","market_address":"臺東縣長濱鄉樟原村中溪６８號","user":"李重勲","行業代號":null,"market_name":["餐食攤販","未分類其他個人服務","未分類其他食品、飲料及菸草製品零售","水產品零售"],"行業代號1":null,"名稱1":null,"行業代號2":null,"名稱2":null,"行業代號3":null,"名稱3":null,"category":["夜市/市場攤販"],"id":20058334,"pay_list":"","pay_tool":""},{"index":3,"shop":"彬彬小吃部","zone":"台東","city":"臺東縣","area":"長濱鄉","market_address":"臺東縣長濱鄉寧埔村胆??路１７之１號","user":"田彬花","行業代號":"561200","market_name":["飲料零售","未分類其他食品、飲料及菸草製品零售","菸酒零售","餐食攤販"],"行業代號1":"472913","名稱1":"菸酒零售","行業代號2":"472914","名稱2":"飲料零售","行業代號3":"472999","名稱3":"未分類其他食品、飲料及菸草製品零售","category":["夜市/市場攤販"],"id":60041766,"pay_list":null,"pay_tool":null},{"index":4,"shop":"白娘子商行","zone":"台東","city":"臺東縣","area":"長濱鄉","market_address":"臺東縣長濱鄉長濱村城仔埔路８之１３號","user":"陳白秀妹","行業代號":"561200","market_name":["畜肉零售","蔬菜零售","水產品零售","餐食攤販"],"行業代號1":"472111","名稱1":"蔬菜零售","行業代號2":"472211","名稱2":"畜肉零售","行業代號3":"472311","名稱3":"水產品零售","category":["夜市/市場攤販"],"id":60056238,"pay_list":null,"pay_tool":null},{"index":5,"shop":"麥創意料理","zone":"台東","city":"臺東縣","area":"長濱鄉","market_address":"臺東縣長濱鄉三間村００１鄰真柄路１６―３號","user":"莊巧玲","行業代號":"561200","market_name":["菸酒零售","檳榔零售","餐食攤販"],"行業代號1":"472913","名稱1":"菸酒零售","行業代號2":"472936","名稱2":"檳榔零售","行業代號3":"","名稱3":"","category":["夜市/市場攤販"],"id":60093247,"pay_list":null,"pay_tool":null}]