[{"index":1,"id":10036515,"category":"夜市小吃/市場","city":"苗栗縣","area":"竹南鎮","market_name":"中興公有零售市場","market_address":"苗栗縣竹南鎮忠義街20號","shop":"中興公有零售市場 1","pay_list":["街口支付","LINE Pay Money","台灣 PAY"],"zone":"桃竹苗","user":"黃阿武","pay_tool":["行動支付"]},{"index":2,"id":10036526,"category":"夜市小吃/市場","city":"苗栗縣","area":"竹南鎮","market_name":"中興公有零售市場","market_address":"苗栗縣竹南鎮忠義街20號","shop":"中興公有零售市場 2","pay_list":["街口支付","LINE Pay Money","台灣 PAY"],"zone":"桃竹苗","user":"陳美蓮","pay_tool":["行動支付"]},{"index":3,"id":10036537,"category":"夜市小吃/市場","city":"苗栗縣","area":"竹南鎮","market_name":"中興公有零售市場","market_address":"苗栗縣竹南鎮忠義街20號","shop":"中興公有零售市場 3","pay_list":["街口支付","LINE Pay Money","台灣 PAY"],"zone":"桃竹苗","user":"陳美蓮","pay_tool":["行動支付"]},{"index":4,"id":10036615,"category":"夜市小吃/市場","city":"苗栗縣","area":"竹南鎮","market_name":"中興公有零售市場","market_address":"苗栗縣竹南鎮忠義街20號","shop":"中興公有零售市場 16","pay_list":["街口支付","LINE Pay Money","台灣 PAY"],"zone":"桃竹苗","user":"謝佳君","pay_tool":["行動支付"]},{"index":5,"id":10036715,"category":"夜市小吃/市場","city":"苗栗縣","area":"竹南鎮","market_name":"中興公有零售市場","market_address":"苗栗縣竹南鎮忠義街20號","shop":"中興公有零售市場 54","pay_list":["街口支付","LINE Pay Money","台灣 PAY"],"zone":"桃竹苗","user":"彭國棟","pay_tool":["行動支付"]},{"index":6,"id":10036726,"category":"夜市小吃/市場","city":"苗栗縣","area":"竹南鎮","market_name":"中興公有零售市場","market_address":"苗栗縣竹南鎮忠義街20號","shop":"中興公有零售市場 55","pay_list":["街口支付","LINE Pay Money","台灣 PAY"],"zone":"桃竹苗","user":"彭建坪","pay_tool":["行動支付"]},{"index":7,"id":10036870,"category":"夜市小吃/市場","city":"苗栗縣","area":"竹南鎮","market_name":"中興公有零售市場","market_address":"苗栗縣竹南鎮忠義街20號","shop":"中興公有零售市場 77","pay_list":["街口支付","LINE Pay Money","台灣 PAY"],"zone":"桃竹苗","user":"林藍琪","pay_tool":["行動支付"]},{"index":8,"id":10036881,"category":"夜市小吃/市場","city":"苗栗縣","area":"竹南鎮","market_name":"中興公有零售市場","market_address":"苗栗縣竹南鎮忠義街20號","shop":"中興公有零售市場 78","pay_list":["街口支付","LINE Pay Money","台灣 PAY"],"zone":"桃竹苗","user":"彭梓恩","pay_tool":["行動支付"]},{"index":9,"id":10036892,"category":"夜市小吃/市場","city":"苗栗縣","area":"竹南鎮","market_name":"中興公有零售市場","market_address":"苗栗縣竹南鎮忠義街20號","shop":"中興公有零售市場 79","pay_list":["街口支付","LINE Pay Money","台灣 PAY"],"zone":"桃竹苗","user":"彭建坪","pay_tool":["行動支付"]},{"index":10,"id":10036903,"category":"夜市小吃/市場","city":"苗栗縣","area":"竹南鎮","market_name":"中興公有零售市場","market_address":"苗栗縣竹南鎮忠義街20號","shop":"中興公有零售市場 80","pay_list":["街口支付","LINE Pay Money","台灣 PAY"],"zone":"桃竹苗","user":"彭國棟","pay_tool":["行動支付"]},{"index":11,"id":10036914,"category":"夜市小吃/市場","city":"苗栗縣","area":"竹南鎮","market_name":"中興公有零售市場","market_address":"苗栗縣竹南鎮忠義街20號","shop":"中興公有零售市場 81","pay_list":["街口支付","LINE Pay Money","台灣 PAY"],"zone":"桃竹苗","user":"彭國棟","pay_tool":["行動支付"]},{"index":12,"id":10037225,"category":"夜市小吃/市場","city":"苗栗縣","area":"竹南鎮","market_name":"中興公有零售市場","market_address":"苗栗縣竹南鎮忠義街20號","shop":"中興公有零售市場 1","pay_list":["街口支付","LINE Pay Money","台灣 PAY"],"zone":"桃竹苗","user":"黃阿武","pay_tool":["行動支付"]},{"index":13,"id":10037236,"category":"夜市小吃/市場","city":"苗栗縣","area":"竹南鎮","market_name":"中興公有零售市場","market_address":"苗栗縣竹南鎮忠義街20號","shop":"中興公有零售市場 2","pay_list":["街口支付","LINE Pay Money","台灣 PAY"],"zone":"桃竹苗","user":"陳美蓮","pay_tool":["行動支付"]},{"index":14,"id":10037247,"category":"夜市小吃/市場","city":"苗栗縣","area":"竹南鎮","market_name":"中興公有零售市場","market_address":"苗栗縣竹南鎮忠義街20號","shop":"中興公有零售市場 3","pay_list":["街口支付","LINE Pay Money","台灣 PAY"],"zone":"桃竹苗","user":"陳美蓮","pay_tool":["行動支付"]},{"index":15,"id":10037325,"category":"夜市小吃/市場","city":"苗栗縣","area":"竹南鎮","market_name":"中興公有零售市場","market_address":"苗栗縣竹南鎮忠義街20號","shop":"中興公有零售市場 16","pay_list":["街口支付","LINE Pay Money","台灣 PAY"],"zone":"桃竹苗","user":"謝佳君","pay_tool":["行動支付"]},{"index":16,"id":10037425,"category":"夜市小吃/市場","city":"苗栗縣","area":"竹南鎮","market_name":"中興公有零售市場","market_address":"苗栗縣竹南鎮忠義街20號","shop":"中興公有零售市場 54","pay_list":["街口支付","LINE Pay Money","台灣 PAY"],"zone":"桃竹苗","user":"彭國棟","pay_tool":["行動支付"]},{"index":17,"id":10037436,"category":"夜市小吃/市場","city":"苗栗縣","area":"竹南鎮","market_name":"中興公有零售市場","market_address":"苗栗縣竹南鎮忠義街20號","shop":"中興公有零售市場 55","pay_list":["街口支付","LINE Pay Money","台灣 PAY"],"zone":"桃竹苗","user":"彭建坪","pay_tool":["行動支付"]},{"index":18,"id":10037581,"category":"夜市小吃/市場","city":"苗栗縣","area":"竹南鎮","market_name":"中興公有零售市場","market_address":"苗栗縣竹南鎮忠義街20號","shop":"中興公有零售市場 77","pay_list":["街口支付","LINE Pay Money","台灣 PAY"],"zone":"桃竹苗","user":"林藍琪","pay_tool":["行動支付"]},{"index":19,"id":10037592,"category":"夜市小吃/市場","city":"苗栗縣","area":"竹南鎮","market_name":"中興公有零售市場","market_address":"苗栗縣竹南鎮忠義街20號","shop":"中興公有零售市場 78","pay_list":["街口支付","LINE Pay Money","台灣 PAY"],"zone":"桃竹苗","user":"彭梓恩","pay_tool":["行動支付"]},{"index":20,"id":10037604,"category":"夜市小吃/市場","city":"苗栗縣","area":"竹南鎮","market_name":"中興公有零售市場","market_address":"苗栗縣竹南鎮忠義街20號","shop":"中興公有零售市場 79","pay_list":["街口支付","LINE Pay Money","台灣 PAY"],"zone":"桃竹苗","user":"彭建坪","pay_tool":["行動支付"]},{"index":21,"id":10037615,"category":"夜市小吃/市場","city":"苗栗縣","area":"竹南鎮","market_name":"中興公有零售市場","market_address":"苗栗縣竹南鎮忠義街20號","shop":"中興公有零售市場 80","pay_list":["街口支付","LINE Pay Money","台灣 PAY"],"zone":"桃竹苗","user":"彭國棟","pay_tool":["行動支付"]},{"index":22,"id":10037626,"category":"夜市小吃/市場","city":"苗栗縣","area":"竹南鎮","market_name":"中興公有零售市場","market_address":"苗栗縣竹南鎮忠義街20號","shop":"中興公有零售市場 81","pay_list":["街口支付","LINE Pay Money","台灣 PAY"],"zone":"桃竹苗","user":"彭國棟","pay_tool":["行動支付"]},{"index":23,"id":30001992,"category":"夜市小吃/市場","city":"苗栗縣","area":"竹南鎮","market_name":"中興公有零售市場","market_address":"苗栗縣竹南鎮忠義街20號","shop":"中興公有零售市場 54","pay_list":["台灣 PAY","街口支付","LINE Pay Money"],"zone":"桃竹苗","user":"彭國棟","pay_tool":["行動支付"]},{"index":24,"id":30001993,"category":"夜市小吃/市場","city":"苗栗縣","area":"竹南鎮","market_name":"中興公有零售市場","market_address":"苗栗縣竹南鎮忠義街20號","shop":"中興公有零售市場 55","pay_list":["台灣 PAY","街口支付","LINE Pay Money"],"zone":"桃竹苗","user":"彭建坪","pay_tool":["行動支付"]},{"index":25,"id":30001994,"category":"夜市小吃/市場","city":"苗栗縣","area":"竹南鎮","market_name":"中興公有零售市場","market_address":"苗栗縣竹南鎮忠義街20號","shop":"中興公有零售市場 77","pay_list":["台灣 PAY","街口支付","LINE Pay Money"],"zone":"桃竹苗","user":"林藍琪","pay_tool":["行動支付"]},{"index":26,"id":30001995,"category":"夜市小吃/市場","city":"苗栗縣","area":"竹南鎮","market_name":"中興公有零售市場","market_address":"苗栗縣竹南鎮忠義街20號","shop":"中興公有零售市場 78","pay_list":["台灣 PAY","街口支付","LINE Pay Money"],"zone":"桃竹苗","user":"彭梓恩","pay_tool":["行動支付"]},{"index":27,"id":30001996,"category":"夜市小吃/市場","city":"苗栗縣","area":"竹南鎮","market_name":"中興公有零售市場","market_address":"苗栗縣竹南鎮忠義街20號","shop":"中興公有零售市場 79","pay_list":["台灣 PAY","街口支付","LINE Pay Money"],"zone":"桃竹苗","user":"彭建坪","pay_tool":["行動支付"]},{"index":28,"id":30001997,"category":"夜市小吃/市場","city":"苗栗縣","area":"竹南鎮","market_name":"中興公有零售市場","market_address":"苗栗縣竹南鎮忠義街20號","shop":"中興公有零售市場 80","pay_list":["台灣 PAY","街口支付","LINE Pay Money"],"zone":"桃竹苗","user":"彭國棟","pay_tool":["行動支付"]},{"index":29,"id":30001998,"category":"夜市小吃/市場","city":"苗栗縣","area":"竹南鎮","market_name":"中興公有零售市場","market_address":"苗栗縣竹南鎮忠義街20號","shop":"中興公有零售市場 81","pay_list":["台灣 PAY","街口支付","LINE Pay Money"],"zone":"桃竹苗","user":"彭國棟","pay_tool":["行動支付"]},{"index":30,"id":30055785,"category":"夜市小吃/市場","city":"苗栗縣","area":"竹南鎮","market_name":"中興公有零售市場","market_address":"苗栗縣竹南鎮忠義街20號","shop":"中興公有零售市場 1","pay_list":["台灣 PAY","街口支付","LINE Pay Money"],"zone":"桃竹苗","user":"黃阿武","pay_tool":["行動支付"]},{"index":31,"id":30055796,"category":"夜市小吃/市場","city":"苗栗縣","area":"竹南鎮","market_name":"中興公有零售市場","market_address":"苗栗縣竹南鎮忠義街20號","shop":"中興公有零售市場 2","pay_list":["台灣 PAY","街口支付","LINE Pay Money"],"zone":"桃竹苗","user":"陳美蓮","pay_tool":["行動支付"]},{"index":32,"id":30055807,"category":"夜市小吃/市場","city":"苗栗縣","area":"竹南鎮","market_name":"中興公有零售市場","market_address":"苗栗縣竹南鎮忠義街20號","shop":"中興公有零售市場 3","pay_list":["台灣 PAY","街口支付","LINE Pay Money"],"zone":"桃竹苗","user":"陳美蓮","pay_tool":["行動支付"]},{"index":33,"id":30055865,"category":"夜市小吃/市場","city":"苗栗縣","area":"竹南鎮","market_name":"中興公有零售市場","market_address":"苗栗縣竹南鎮忠義街20號","shop":"中興公有零售市場 16","pay_list":["台灣 PAY","街口支付","LINE Pay Money"],"zone":"桃竹苗","user":"謝佳君","pay_tool":["行動支付"]},{"index":34,"id":30056069,"category":"夜市小吃/市場","city":"苗栗縣","area":"竹南鎮","market_name":"中興公有零售市場","market_address":"苗栗縣竹南鎮忠義街20號","shop":"中興公有零售市場 73","pay_list":["台灣 PAY"],"zone":"桃竹苗","user":"江德政","pay_tool":["行動支付"]},{"index":35,"id":30056080,"category":"夜市小吃/市場","city":"苗栗縣","area":"竹南鎮","market_name":"中興公有零售市場","market_address":"苗栗縣竹南鎮忠義街20號","shop":"中興公有零售市場 74","pay_list":["台灣 PAY"],"zone":"桃竹苗","user":"江德政","pay_tool":["行動支付"]},{"index":36,"id":30056091,"category":"夜市小吃/市場","city":"苗栗縣","area":"竹南鎮","market_name":"中興公有零售市場","market_address":"苗栗縣竹南鎮忠義街20號","shop":"中興公有零售市場 75","pay_list":["台灣 PAY"],"zone":"桃竹苗","user":"江德揚","pay_tool":["行動支付"]},{"index":37,"id":30056102,"category":"夜市小吃/市場","city":"苗栗縣","area":"竹南鎮","market_name":"中興公有零售市場","market_address":"苗栗縣竹南鎮忠義街20號","shop":"中興公有零售市場 76","pay_list":["台灣 PAY"],"zone":"桃竹苗","user":"林淑芬","pay_tool":["行動支付"]}]