[{"index":1,"id":10029824,"category":"夜市小吃/市場","city":"嘉義市","area":"東區","market_name":"東公有零售市場","market_address":"嘉義市東區忠孝路、光彩街、中正路間區塊","shop":"東公有零售市場 店鋪區3號","pay_list":["台灣 PAY"],"zone":"雲嘉南","user":"李素月","pay_tool":["行動支付"]},{"index":2,"id":10029832,"category":"夜市小吃/市場","city":"嘉義市","area":"東區","market_name":"東公有零售市場","market_address":"嘉義市東區忠孝路、光彩街、中正路間區塊","shop":"東公有零售市場 店鋪區9號","pay_list":["台灣 PAY"],"zone":"雲嘉南","user":"蔡政達","pay_tool":["行動支付"]},{"index":3,"id":10029833,"category":"夜市小吃/市場","city":"嘉義市","area":"東區","market_name":"東公有零售市場","market_address":"嘉義市東區忠孝路、光彩街、中正路間區塊","shop":"東公有零售市場 店鋪區10號","pay_list":["台灣 PAY"],"zone":"雲嘉南","user":"盧永杉","pay_tool":["行動支付"]},{"index":4,"id":10029836,"category":"夜市小吃/市場","city":"嘉義市","area":"東區","market_name":"東公有零售市場","market_address":"嘉義市東區忠孝路、光彩街、中正路間區塊","shop":"東公有零售市場 店鋪區13號","pay_list":["台灣 PAY"],"zone":"雲嘉南","user":"胡志湧","pay_tool":["行動支付"]},{"index":5,"id":10029838,"category":"夜市小吃/市場","city":"嘉義市","area":"東區","market_name":"東公有零售市場","market_address":"嘉義市東區忠孝路、光彩街、中正路間區塊","shop":"東公有零售市場 店鋪區14號","pay_list":["台灣 PAY"],"zone":"雲嘉南","user":"何昆蒼","pay_tool":["行動支付"]},{"index":6,"id":10029845,"category":"夜市小吃/市場","city":"嘉義市","area":"東區","market_name":"東公有零售市場","market_address":"嘉義市東區忠孝路、光彩街、中正路間區塊","shop":"東公有零售市場 店鋪區21號","pay_list":["台灣 PAY"],"zone":"雲嘉南","user":"陳士振","pay_tool":["行動支付"]},{"index":7,"id":10029850,"category":"夜市小吃/市場","city":"嘉義市","area":"東區","market_name":"東公有零售市場","market_address":"嘉義市東區忠孝路、光彩街、中正路間區塊","shop":"東公有零售市場 飲食區4號","pay_list":["台灣 PAY"],"zone":"雲嘉南","user":"蔡政哲","pay_tool":["行動支付"]},{"index":8,"id":10029856,"category":"夜市小吃/市場","city":"嘉義市","area":"東區","market_name":"東公有零售市場","market_address":"嘉義市東區忠孝路、光彩街、中正路間區塊","shop":"東公有零售市場 飲食區11號","pay_list":["台灣 PAY"],"zone":"雲嘉南","user":"蕭張碧蓮","pay_tool":["行動支付"]},{"index":9,"id":10029857,"category":"夜市小吃/市場","city":"嘉義市","area":"東區","market_name":"東公有零售市場","market_address":"嘉義市東區忠孝路、光彩街、中正路間區塊","shop":"東公有零售市場 飲食區12號","pay_list":["台灣 PAY"],"zone":"雲嘉南","user":"蕭印廷","pay_tool":["行動支付"]},{"index":10,"id":10029861,"category":"夜市小吃/市場","city":"嘉義市","area":"東區","market_name":"東公有零售市場","market_address":"嘉義市東區忠孝路、光彩街、中正路間區塊","shop":"東公有零售市場 飲食區16號","pay_list":["台灣 PAY"],"zone":"雲嘉南","user":"袁健智","pay_tool":["行動支付"]},{"index":11,"id":10029862,"category":"夜市小吃/市場","city":"嘉義市","area":"東區","market_name":"東公有零售市場","market_address":"嘉義市東區忠孝路、光彩街、中正路間區塊","shop":"東公有零售市場 飲食區17號","pay_list":["台灣 PAY"],"zone":"雲嘉南","user":"林冠男","pay_tool":["行動支付"]},{"index":12,"id":10029863,"category":"夜市小吃/市場","city":"嘉義市","area":"東區","market_name":"東公有零售市場","market_address":"嘉義市東區忠孝路、光彩街、中正路間區塊","shop":"東公有零售市場 飲食區18號","pay_list":["台灣 PAY"],"zone":"雲嘉南","user":"林浚清","pay_tool":["行動支付"]},{"index":13,"id":10029864,"category":"夜市小吃/市場","city":"嘉義市","area":"東區","market_name":"東公有零售市場","market_address":"嘉義市東區忠孝路、光彩街、中正路間區塊","shop":"東公有零售市場 飲食區19號","pay_list":["台灣 PAY"],"zone":"雲嘉南","user":"侯啟文","pay_tool":["行動支付"]},{"index":14,"id":10029865,"category":"夜市小吃/市場","city":"嘉義市","area":"東區","market_name":"東公有零售市場","market_address":"嘉義市東區忠孝路、光彩街、中正路間區塊","shop":"東公有零售市場 飲食區20號","pay_list":["台灣 PAY"],"zone":"雲嘉南","user":"張文馨","pay_tool":["行動支付"]},{"index":15,"id":10029866,"category":"夜市小吃/市場","city":"嘉義市","area":"東區","market_name":"東公有零售市場","market_address":"嘉義市東區忠孝路、光彩街、中正路間區塊","shop":"東公有零售市場 飲食區21號","pay_list":["台灣 PAY"],"zone":"雲嘉南","user":"郭麗珍","pay_tool":["行動支付"]},{"index":16,"id":10029876,"category":"夜市小吃/市場","city":"嘉義市","area":"東區","market_name":"東公有零售市場","market_address":"嘉義市東區忠孝路、光彩街、中正路間區塊","shop":"東公有零售市場 鮮魚區1號","pay_list":["台灣 PAY"],"zone":"雲嘉南","user":"邱朝宗","pay_tool":["行動支付"]},{"index":17,"id":10029884,"category":"夜市小吃/市場","city":"嘉義市","area":"東區","market_name":"東公有零售市場","market_address":"嘉義市東區忠孝路、光彩街、中正路間區塊","shop":"東公有零售市場 鮮魚區19號","pay_list":["台灣 PAY"],"zone":"雲嘉南","user":"黃美月","pay_tool":["行動支付"]},{"index":18,"id":10029898,"category":"夜市小吃/市場","city":"嘉義市","area":"東區","market_name":"東公有零售市場","market_address":"嘉義市東區忠孝路、光彩街、中正路間區塊","shop":"東公有零售市場 日用什貨區3號","pay_list":["台灣 PAY"],"zone":"雲嘉南","user":"蒲金龍","pay_tool":["行動支付"]},{"index":19,"id":10029899,"category":"夜市小吃/市場","city":"嘉義市","area":"東區","market_name":"東公有零售市場","market_address":"嘉義市東區忠孝路、光彩街、中正路間區塊","shop":"東公有零售市場 日用什貨區4號","pay_list":["台灣 PAY"],"zone":"雲嘉南","user":"邱瑞彬","pay_tool":["行動支付"]},{"index":20,"id":10029900,"category":"夜市小吃/市場","city":"嘉義市","area":"東區","market_name":"東公有零售市場","market_address":"嘉義市東區忠孝路、光彩街、中正路間區塊","shop":"東公有零售市場 日用什貨區5號","pay_list":["UberEats"],"zone":"雲嘉南","user":"賴菊","pay_tool":["行動支付"]},{"index":21,"id":10029901,"category":"夜市小吃/市場","city":"嘉義市","area":"東區","market_name":"東公有零售市場","market_address":"嘉義市東區忠孝路、光彩街、中正路間區塊","shop":"東公有零售市場 日用什貨區6號","pay_list":["UberEats"],"zone":"雲嘉南","user":"黃美華","pay_tool":["行動支付"]},{"index":22,"id":10029905,"category":"夜市小吃/市場","city":"嘉義市","area":"東區","market_name":"東公有零售市場","market_address":"嘉義市東區忠孝路、光彩街、中正路間區塊","shop":"東公有零售市場 日用什貨區10號","pay_list":["台灣 PAY"],"zone":"雲嘉南","user":"邱振豪","pay_tool":["行動支付"]},{"index":23,"id":10029906,"category":"夜市小吃/市場","city":"嘉義市","area":"東區","market_name":"東公有零售市場","market_address":"嘉義市東區忠孝路、光彩街、中正路間區塊","shop":"東公有零售市場 日用什貨區11號","pay_list":["台灣 PAY"],"zone":"雲嘉南","user":"邱建樺","pay_tool":["行動支付"]},{"index":24,"id":10029919,"category":"夜市小吃/市場","city":"嘉義市","area":"東區","market_name":"東公有零售市場","market_address":"嘉義市東區忠孝路、光彩街、中正路間區塊","shop":"東公有零售市場 四區18號","pay_list":["台灣 PAY"],"zone":"雲嘉南","user":"魏翠萍","pay_tool":["行動支付"]},{"index":25,"id":10029933,"category":"夜市小吃/市場","city":"嘉義市","area":"東區","market_name":"東公有零售市場","market_address":"嘉義市東區忠孝路、光彩街、中正路間區塊","shop":"東公有零售市場 四區32號","pay_list":["歐付寶"],"zone":"雲嘉南","user":"魏廷勳","pay_tool":["行動支付"]},{"index":26,"id":10029952,"category":"夜市小吃/市場","city":"嘉義市","area":"東區","market_name":"東公有零售市場","market_address":"嘉義市東區忠孝路、光彩街、中正路間區塊","shop":"東公有零售市場 六區18號","pay_list":["台灣 PAY"],"zone":"雲嘉南","user":"黃麟傑","pay_tool":["行動支付"]},{"index":27,"id":10029953,"category":"夜市小吃/市場","city":"嘉義市","area":"東區","market_name":"東公有零售市場","market_address":"嘉義市東區忠孝路、光彩街、中正路間區塊","shop":"東公有零售市場 六區19號","pay_list":["台灣 PAY"],"zone":"雲嘉南","user":"林瑞河","pay_tool":["行動支付"]},{"index":28,"id":10029957,"category":"夜市小吃/市場","city":"嘉義市","area":"東區","market_name":"東公有零售市場","market_address":"嘉義市東區忠孝路、光彩街、中正路間區塊","shop":"東公有零售市場 六區23號","pay_list":["台灣 PAY"],"zone":"雲嘉南","user":"陳麗安","pay_tool":["行動支付"]},{"index":29,"id":10029958,"category":"夜市小吃/市場","city":"嘉義市","area":"東區","market_name":"東公有零售市場","market_address":"嘉義市東區忠孝路、光彩街、中正路間區塊","shop":"東公有零售市場 六區23-1號","pay_list":["台灣 PAY"],"zone":"雲嘉南","user":"陳宗翰","pay_tool":["行動支付"]},{"index":30,"id":10029960,"category":"夜市小吃/市場","city":"嘉義市","area":"東區","market_name":"東公有零售市場","market_address":"嘉義市東區忠孝路、光彩街、中正路間區塊","shop":"東公有零售市場 六區24號","pay_list":["台灣 PAY"],"zone":"雲嘉南","user":"涂素惠","pay_tool":["行動支付"]},{"index":31,"id":10029961,"category":"夜市小吃/市場","city":"嘉義市","area":"東區","market_name":"東公有零售市場","market_address":"嘉義市東區忠孝路、光彩街、中正路間區塊","shop":"東公有零售市場 六區25號","pay_list":["台灣 PAY"],"zone":"雲嘉南","user":"陳嘉賢","pay_tool":["行動支付"]},{"index":32,"id":10029969,"category":"夜市小吃/市場","city":"嘉義市","area":"東區","market_name":"東公有零售市場","market_address":"嘉義市東區忠孝路、光彩街、中正路間區塊","shop":"東公有零售市場 六區33號","pay_list":["台灣 PAY"],"zone":"雲嘉南","user":"李芳楸","pay_tool":["行動支付"]},{"index":33,"id":10029975,"category":"夜市小吃/市場","city":"嘉義市","area":"東區","market_name":"東公有零售市場","market_address":"嘉義市東區忠孝路、光彩街、中正路間區塊","shop":"東公有零售市場 號外區1號","pay_list":["台灣 PAY"],"zone":"雲嘉南","user":"駱金盃","pay_tool":["行動支付"]},{"index":34,"id":10029976,"category":"夜市小吃/市場","city":"嘉義市","area":"東區","market_name":"東公有零售市場","market_address":"嘉義市東區忠孝路、光彩街、中正路間區塊","shop":"東公有零售市場 號外區3號","pay_list":["台灣 PAY"],"zone":"雲嘉南","user":"翁振嘉","pay_tool":["行動支付"]},{"index":35,"id":10029977,"category":"夜市小吃/市場","city":"嘉義市","area":"東區","market_name":"東公有零售市場","market_address":"嘉義市東區忠孝路、光彩街、中正路間區塊","shop":"東公有零售市場 號外區5號","pay_list":["台灣 PAY"],"zone":"雲嘉南","user":"鄭价宏","pay_tool":["行動支付"]},{"index":36,"id":10029979,"category":"夜市小吃/市場","city":"嘉義市","area":"東區","market_name":"東公有零售市場","market_address":"嘉義市東區忠孝路、光彩街、中正路間區塊","shop":"東公有零售市場 號外區8號","pay_list":["台灣 PAY"],"zone":"雲嘉南","user":"賴弘智","pay_tool":["行動支付"]},{"index":37,"id":10029997,"category":"夜市小吃/市場","city":"嘉義市","area":"東區","market_name":"東公有零售市場","market_address":"嘉義市東區忠孝路、光彩街、中正路間區塊","shop":"東公有零售市場 號外區25號","pay_list":["台灣 PAY"],"zone":"雲嘉南","user":"邱建鳴","pay_tool":["行動支付"]},{"index":38,"id":10029998,"category":"夜市小吃/市場","city":"嘉義市","area":"東區","market_name":"東公有零售市場","market_address":"嘉義市東區忠孝路、光彩街、中正路間區塊","shop":"東公有零售市場 號外區26號","pay_list":["台灣 PAY"],"zone":"雲嘉南","user":"邱昱欽","pay_tool":["行動支付"]},{"index":39,"id":10029999,"category":"夜市小吃/市場","city":"嘉義市","area":"東區","market_name":"東公有零售市場","market_address":"嘉義市東區忠孝路、光彩街、中正路間區塊","shop":"東公有零售市場 號外區27號","pay_list":["台灣 PAY"],"zone":"雲嘉南","user":"謝家蓁","pay_tool":["行動支付"]},{"index":40,"id":10030019,"category":"夜市小吃/市場","city":"嘉義市","area":"東區","market_name":"東公有零售市場","market_address":"嘉義市東區忠孝路、光彩街、中正路間區塊","shop":"東公有零售市場 號外區49號","pay_list":["台灣 PAY"],"zone":"雲嘉南","user":"林政逸","pay_tool":["行動支付"]},{"index":41,"id":10030021,"category":"夜市小吃/市場","city":"嘉義市","area":"東區","market_name":"東公有零售市場","market_address":"嘉義市東區忠孝路、光彩街、中正路間區塊","shop":"東公有零售市場 號外區51號","pay_list":["台灣 PAY"],"zone":"雲嘉南","user":"吳芳輝","pay_tool":["行動支付"]},{"index":42,"id":10030033,"category":"夜市小吃/市場","city":"嘉義市","area":"東區","market_name":"嘉義市文化路夜市","market_address":"自中正路口退縮十公尺處起至垂楊路口退縮十公尺處止。各路口紅線區除外","shop":"嘉義市文化路夜市 小上海炸雞塊","pay_list":["街口支付"],"zone":"雲嘉南","user":"王張玉蓮","pay_tool":["行動支付"]},{"index":43,"id":10030035,"category":"夜市小吃/市場","city":"嘉義市","area":"東區","market_name":"嘉義市文化路夜市","market_address":"自中正路口退縮十公尺處起至垂楊路口退縮十公尺處止。各路口紅線區除外","shop":"嘉義市文化路夜市 羅媽媽豆花","pay_list":["街口支付","LINE Pay Money"],"zone":"雲嘉南","user":"胡素英","pay_tool":["行動支付"]},{"index":44,"id":10030039,"category":"夜市小吃/市場","city":"嘉義市","area":"東區","market_name":"嘉義市文化路夜市","market_address":"自中正路口退縮十公尺處起至垂楊路口退縮十公尺處止。各路口紅線區除外","shop":"嘉義市文化路夜市 土城鹽穌雞","pay_list":["LINE Pay Money"],"zone":"雲嘉南","user":"彭秋任","pay_tool":["行動支付"]},{"index":45,"id":10030042,"category":"夜市小吃/市場","city":"嘉義市","area":"東區","market_name":"嘉義市文化路夜市","market_address":"自中正路口退縮十公尺處起至垂楊路口退縮十公尺處止。各路口紅線區除外","shop":"嘉義市文化路夜市 方櫃子魯味","pay_list":["街口支付","LINE Pay Money"],"zone":"雲嘉南","user":"黃昭鍚","pay_tool":["行動支付"]},{"index":46,"id":10030054,"category":"夜市小吃/市場","city":"嘉義市","area":"東區","market_name":"嘉義市文化路夜市","market_address":"自中正路口退縮十公尺處起至垂楊路口退縮十公尺處止。各路口紅線區除外","shop":"嘉義市文化路夜市 麻辣魚蛋","pay_list":["LINE Pay Money"],"zone":"雲嘉南","user":"蘇建霖","pay_tool":["行動支付"]},{"index":47,"id":10030061,"category":"夜市小吃/市場","city":"嘉義市","area":"東區","market_name":"嘉義市文化路夜市","market_address":"自中正路口退縮十公尺處起至垂楊路口退縮十公尺處止。各路口紅線區除外","shop":"嘉義市文化路夜市 文化路鹽酥雞","pay_list":["LINE Pay Money"],"zone":"雲嘉南","user":"陳麗娟","pay_tool":["行動支付"]},{"index":48,"id":10030084,"category":"夜市小吃/市場","city":"嘉義市","area":"東區","market_name":"嘉義市文化路夜市","market_address":"自中正路口退縮十公尺處起至垂楊路口退縮十公尺處止。各路口紅線區除外","shop":"嘉義市文化路夜市 大腸包小腸","pay_list":["LINE Pay Money"],"zone":"雲嘉南","user":"陳文憲","pay_tool":["行動支付"]},{"index":49,"id":10030094,"category":"夜市小吃/市場","city":"嘉義市","area":"東區","market_name":"嘉義市文化路夜市","market_address":"自中正路口退縮十公尺處起至垂楊路口退縮十公尺處止。各路口紅線區除外","shop":"嘉義市文化路夜市 雞蛋糕","pay_list":["街口支付","LINE Pay Money"],"zone":"雲嘉南","user":"林秋綾","pay_tool":["行動支付"]},{"index":50,"id":10030095,"category":"夜市小吃/市場","city":"嘉義市","area":"東區","market_name":"嘉義市文化路夜市","market_address":"自中正路口退縮十公尺處起至垂楊路口退縮十公尺處止。各路口紅線區除外","shop":"嘉義市文化路夜市 烤魷魚","pay_list":["LINE Pay Money"],"zone":"雲嘉南","user":"林建宏","pay_tool":["行動支付"]},{"index":51,"id":10030099,"category":"夜市小吃/市場","city":"嘉義市","area":"東區","market_name":"嘉義市文化路夜市","market_address":"自中正路口退縮十公尺處起至垂楊路口退縮十公尺處止。各路口紅線區除外","shop":"嘉義市文化路夜市 皮鞋","pay_list":["LINE Pay Money"],"zone":"雲嘉南","user":"蔡宗勳","pay_tool":["行動支付"]},{"index":52,"id":30000434,"category":"夜市小吃/市場","city":"嘉義市","area":"東區","market_name":"東公有零售市場","market_address":"嘉義市東區忠孝路、光彩街、中正路間區塊","shop":"東公有零售市場 日用什貨區10號","pay_list":["台灣 PAY"],"zone":"雲嘉南","user":"邱振豪","pay_tool":["行動支付"]},{"index":53,"id":30000435,"category":"夜市小吃/市場","city":"嘉義市","area":"東區","market_name":"東公有零售市場","market_address":"嘉義市東區忠孝路、光彩街、中正路間區塊","shop":"東公有零售市場 日用什貨區11號","pay_list":["台灣 PAY"],"zone":"雲嘉南","user":"邱建樺","pay_tool":["行動支付"]},{"index":54,"id":30000727,"category":"夜市小吃/市場","city":"嘉義市","area":"東區","market_name":"東公有零售市場","market_address":"嘉義市東區忠孝路、光彩街、中正路間區塊","shop":"東公有零售市場 號外區8號","pay_list":["台灣 PAY"],"zone":"雲嘉南","user":"賴弘智","pay_tool":["行動支付"]},{"index":55,"id":30001376,"category":"夜市小吃/市場","city":"嘉義市","area":"東區","market_name":"東公有零售市場","market_address":"嘉義市東區忠孝路、光彩街、中正路間區塊","shop":"東公有零售市場 號外區51號","pay_list":["台灣 PAY"],"zone":"雲嘉南","user":"吳芳輝","pay_tool":["行動支付"]},{"index":56,"id":30001379,"category":"夜市小吃/市場","city":"嘉義市","area":"東區","market_name":"東公有零售市場","market_address":"嘉義市東區忠孝路、光彩街、中正路間區塊","shop":"東公有零售市場 店鋪區13號","pay_list":["台灣 PAY"],"zone":"雲嘉南","user":"胡志湧","pay_tool":["行動支付"]},{"index":57,"id":30001380,"category":"夜市小吃/市場","city":"嘉義市","area":"東區","market_name":"東公有零售市場","market_address":"嘉義市東區忠孝路、光彩街、中正路間區塊","shop":"東公有零售市場 號外區26號","pay_list":["台灣 PAY"],"zone":"雲嘉南","user":"邱昱欽","pay_tool":["行動支付"]},{"index":58,"id":30001381,"category":"夜市小吃/市場","city":"嘉義市","area":"東區","market_name":"東公有零售市場","market_address":"嘉義市東區忠孝路、光彩街、中正路間區塊","shop":"東公有零售市場 店鋪區21號","pay_list":["台灣 PAY"],"zone":"雲嘉南","user":"陳士振","pay_tool":["行動支付"]},{"index":59,"id":30001386,"category":"夜市小吃/市場","city":"嘉義市","area":"東區","market_name":"東公有零售市場","market_address":"嘉義市東區忠孝路、光彩街、中正路間區塊","shop":"東公有零售市場 號外區49號","pay_list":["台灣 PAY"],"zone":"雲嘉南","user":"林政逸","pay_tool":["行動支付"]},{"index":60,"id":30001592,"category":"夜市小吃/市場","city":"嘉義市","area":"東區","market_name":"東公有零售市場","market_address":"嘉義市東區忠孝路、光彩街、中正路間區塊","shop":"東公有零售市場 四區18號","pay_list":["台灣 PAY"],"zone":"雲嘉南","user":"魏翠萍","pay_tool":["行動支付"]},{"index":61,"id":30002027,"category":"夜市小吃/市場","city":"嘉義市","area":"東區","market_name":"東公有零售市場","market_address":"嘉義市東區忠孝路、光彩街、中正路間區塊","shop":"東公有零售市場 四區13號","pay_list":["台灣 PAY"],"zone":"雲嘉南","user":"吳居穎","pay_tool":["行動支付"]},{"index":62,"id":30002355,"category":"夜市小吃/市場","city":"嘉義市","area":"東區","market_name":"東公有零售市場","market_address":"嘉義市東區忠孝路、光彩街、中正路間區塊","shop":"東公有零售市場 鮮魚區14號","pay_list":["台灣 PAY"],"zone":"雲嘉南","user":"陳素玉","pay_tool":["行動支付"]},{"index":63,"id":30002356,"category":"夜市小吃/市場","city":"嘉義市","area":"東區","market_name":"東公有零售市場","market_address":"嘉義市東區忠孝路、光彩街、中正路間區塊","shop":"東公有零售市場 店鋪區10號","pay_list":["台灣 PAY"],"zone":"雲嘉南","user":"盧永杉","pay_tool":["行動支付"]},{"index":64,"id":30037749,"category":"夜市小吃/市場","city":"嘉義市","area":"東區","market_name":"東公有零售市場","market_address":"嘉義市東區忠孝路、光彩街、中正路間區塊","shop":"東公有零售市場 店鋪區3號","pay_list":["台灣 PAY"],"zone":"雲嘉南","user":"李素月","pay_tool":["行動支付"]},{"index":65,"id":30037755,"category":"夜市小吃/市場","city":"嘉義市","area":"東區","market_name":"東公有零售市場","market_address":"嘉義市東區忠孝路、光彩街、中正路間區塊","shop":"東公有零售市場 店鋪區9號","pay_list":["台灣 PAY"],"zone":"雲嘉南","user":"蔡政達","pay_tool":["行動支付"]},{"index":66,"id":30037758,"category":"夜市小吃/市場","city":"嘉義市","area":"東區","market_name":"東公有零售市場","market_address":"嘉義市東區忠孝路、光彩街、中正路間區塊","shop":"東公有零售市場 店鋪區14號","pay_list":["台灣 PAY"],"zone":"雲嘉南","user":"何昆蒼","pay_tool":["行動支付"]},{"index":67,"id":30037767,"category":"夜市小吃/市場","city":"嘉義市","area":"東區","market_name":"東公有零售市場","market_address":"嘉義市東區忠孝路、光彩街、中正路間區塊","shop":"東公有零售市場 飲食區4號","pay_list":["台灣 PAY"],"zone":"雲嘉南","user":"蔡政哲","pay_tool":["行動支付"]},{"index":68,"id":30037773,"category":"夜市小吃/市場","city":"嘉義市","area":"東區","market_name":"東公有零售市場","market_address":"嘉義市東區忠孝路、光彩街、中正路間區塊","shop":"東公有零售市場 飲食區11號","pay_list":["台灣 PAY"],"zone":"雲嘉南","user":"蕭張碧蓮","pay_tool":["行動支付"]},{"index":69,"id":30037774,"category":"夜市小吃/市場","city":"嘉義市","area":"東區","market_name":"東公有零售市場","market_address":"嘉義市東區忠孝路、光彩街、中正路間區塊","shop":"東公有零售市場 飲食區12號","pay_list":["台灣 PAY"],"zone":"雲嘉南","user":"蕭印廷","pay_tool":["行動支付"]},{"index":70,"id":30037778,"category":"夜市小吃/市場","city":"嘉義市","area":"東區","market_name":"東公有零售市場","market_address":"嘉義市東區忠孝路、光彩街、中正路間區塊","shop":"東公有零售市場 飲食區16號","pay_list":["台灣 PAY"],"zone":"雲嘉南","user":"袁健智","pay_tool":["行動支付"]},{"index":71,"id":30037779,"category":"夜市小吃/市場","city":"嘉義市","area":"東區","market_name":"東公有零售市場","market_address":"嘉義市東區忠孝路、光彩街、中正路間區塊","shop":"東公有零售市場 飲食區17號","pay_list":["台灣 PAY"],"zone":"雲嘉南","user":"林冠男","pay_tool":["行動支付"]},{"index":72,"id":30037780,"category":"夜市小吃/市場","city":"嘉義市","area":"東區","market_name":"東公有零售市場","market_address":"嘉義市東區忠孝路、光彩街、中正路間區塊","shop":"東公有零售市場 飲食區18號","pay_list":["台灣 PAY"],"zone":"雲嘉南","user":"林浚清","pay_tool":["行動支付"]},{"index":73,"id":30037781,"category":"夜市小吃/市場","city":"嘉義市","area":"東區","market_name":"東公有零售市場","market_address":"嘉義市東區忠孝路、光彩街、中正路間區塊","shop":"東公有零售市場 飲食區19號","pay_list":["台灣 PAY"],"zone":"雲嘉南","user":"侯啟文","pay_tool":["行動支付"]},{"index":74,"id":30037782,"category":"夜市小吃/市場","city":"嘉義市","area":"東區","market_name":"東公有零售市場","market_address":"嘉義市東區忠孝路、光彩街、中正路間區塊","shop":"東公有零售市場 飲食區20號","pay_list":["台灣 PAY"],"zone":"雲嘉南","user":"張文馨","pay_tool":["行動支付"]},{"index":75,"id":30037783,"category":"夜市小吃/市場","city":"嘉義市","area":"東區","market_name":"東公有零售市場","market_address":"嘉義市東區忠孝路、光彩街、中正路間區塊","shop":"東公有零售市場 飲食區21號","pay_list":["台灣 PAY"],"zone":"雲嘉南","user":"郭麗珍","pay_tool":["行動支付"]},{"index":76,"id":30037791,"category":"夜市小吃/市場","city":"嘉義市","area":"東區","market_name":"東公有零售市場","market_address":"嘉義市東區忠孝路、光彩街、中正路間區塊","shop":"東公有零售市場 飲食區30號","pay_list":["台灣 PAY"],"zone":"雲嘉南","user":"陳喻虹","pay_tool":["行動支付"]},{"index":77,"id":30037792,"category":"夜市小吃/市場","city":"嘉義市","area":"東區","market_name":"東公有零售市場","market_address":"嘉義市東區忠孝路、光彩街、中正路間區塊","shop":"東公有零售市場 鮮魚區1號","pay_list":["台灣 PAY"],"zone":"雲嘉南","user":"邱朝宗","pay_tool":["行動支付"]},{"index":78,"id":30037794,"category":"夜市小吃/市場","city":"嘉義市","area":"東區","market_name":"東公有零售市場","market_address":"嘉義市東區忠孝路、光彩街、中正路間區塊","shop":"東公有零售市場 鮮魚區5號","pay_list":["台灣 PAY"],"zone":"雲嘉南","user":"周材學","pay_tool":["行動支付"]},{"index":79,"id":30037799,"category":"夜市小吃/市場","city":"嘉義市","area":"東區","market_name":"東公有零售市場","market_address":"嘉義市東區忠孝路、光彩街、中正路間區塊","shop":"東公有零售市場 鮮魚區19號","pay_list":["台灣 PAY"],"zone":"雲嘉南","user":"黃美月","pay_tool":["行動支付"]},{"index":80,"id":30037810,"category":"夜市小吃/市場","city":"嘉義市","area":"東區","market_name":"東公有零售市場","market_address":"嘉義市東區忠孝路、光彩街、中正路間區塊","shop":"東公有零售市場 日用什貨區1號","pay_list":["台灣 PAY"],"zone":"雲嘉南","user":"胡楊菊","pay_tool":["行動支付"]},{"index":81,"id":30037811,"category":"夜市小吃/市場","city":"嘉義市","area":"東區","market_name":"東公有零售市場","market_address":"嘉義市東區忠孝路、光彩街、中正路間區塊","shop":"東公有零售市場 日用什貨區3號","pay_list":["台灣 PAY"],"zone":"雲嘉南","user":"蒲金龍","pay_tool":["行動支付"]},{"index":82,"id":30037812,"category":"夜市小吃/市場","city":"嘉義市","area":"東區","market_name":"東公有零售市場","market_address":"嘉義市東區忠孝路、光彩街、中正路間區塊","shop":"東公有零售市場 日用什貨區4號","pay_list":["台灣 PAY"],"zone":"雲嘉南","user":"邱瑞彬","pay_tool":["行動支付"]},{"index":83,"id":30037813,"category":"夜市小吃/市場","city":"嘉義市","area":"東區","market_name":"東公有零售市場","market_address":"嘉義市東區忠孝路、光彩街、中正路間區塊","shop":"東公有零售市場 日用什貨區5號","pay_list":["UberEats","台灣 PAY"],"zone":"雲嘉南","user":"賴菊","pay_tool":["行動支付"]},{"index":84,"id":30037814,"category":"夜市小吃/市場","city":"嘉義市","area":"東區","market_name":"東公有零售市場","market_address":"嘉義市東區忠孝路、光彩街、中正路間區塊","shop":"東公有零售市場 日用什貨區6號","pay_list":["UberEats","台灣 PAY"],"zone":"雲嘉南","user":"黃美華","pay_tool":["行動支付"]},{"index":85,"id":30037818,"category":"夜市小吃/市場","city":"嘉義市","area":"東區","market_name":"東公有零售市場","market_address":"嘉義市東區忠孝路、光彩街、中正路間區塊","shop":"東公有零售市場 日用什貨區12號","pay_list":["台灣 PAY"],"zone":"雲嘉南","user":"闕李智子","pay_tool":["行動支付"]},{"index":86,"id":30037821,"category":"夜市小吃/市場","city":"嘉義市","area":"東區","market_name":"東公有零售市場","market_address":"嘉義市東區忠孝路、光彩街、中正路間區塊","shop":"東公有零售市場 日用什貨區15號","pay_list":["台灣 PAY"],"zone":"雲嘉南","user":"陳冠穎","pay_tool":["行動支付"]},{"index":87,"id":30037827,"category":"夜市小吃/市場","city":"嘉義市","area":"東區","market_name":"東公有零售市場","market_address":"嘉義市東區忠孝路、光彩街、中正路間區塊","shop":"東公有零售市場 四區16號","pay_list":["台灣 PAY"],"zone":"雲嘉南","user":"陳張華玉","pay_tool":["行動支付"]},{"index":88,"id":30037840,"category":"夜市小吃/市場","city":"嘉義市","area":"東區","market_name":"東公有零售市場","market_address":"嘉義市東區忠孝路、光彩街、中正路間區塊","shop":"東公有零售市場 四區27號","pay_list":["台灣 PAY"],"zone":"雲嘉南","user":"潘明權","pay_tool":["行動支付"]},{"index":89,"id":30037841,"category":"夜市小吃/市場","city":"嘉義市","area":"東區","market_name":"東公有零售市場","market_address":"嘉義市東區忠孝路、光彩街、中正路間區塊","shop":"東公有零售市場 四區28號","pay_list":["台灣 PAY"],"zone":"雲嘉南","user":"潘麒宇","pay_tool":["行動支付"]},{"index":90,"id":30037843,"category":"夜市小吃/市場","city":"嘉義市","area":"東區","market_name":"東公有零售市場","market_address":"嘉義市東區忠孝路、光彩街、中正路間區塊","shop":"東公有零售市場 四區30號","pay_list":["台灣 PAY"],"zone":"雲嘉南","user":"張書瑋","pay_tool":["行動支付"]},{"index":91,"id":30037844,"category":"夜市小吃/市場","city":"嘉義市","area":"東區","market_name":"東公有零售市場","market_address":"嘉義市東區忠孝路、光彩街、中正路間區塊","shop":"東公有零售市場 四區32號","pay_list":["歐付寶"],"zone":"雲嘉南","user":"魏廷勳","pay_tool":["行動支付"]},{"index":92,"id":30037849,"category":"夜市小吃/市場","city":"嘉義市","area":"東區","market_name":"東公有零售市場","market_address":"嘉義市東區忠孝路、光彩街、中正路間區塊","shop":"東公有零售市場 六區5號","pay_list":["台灣 PAY"],"zone":"雲嘉南","user":"黃朝祺","pay_tool":["行動支付"]},{"index":93,"id":30037850,"category":"夜市小吃/市場","city":"嘉義市","area":"東區","market_name":"東公有零售市場","market_address":"嘉義市東區忠孝路、光彩街、中正路間區塊","shop":"東公有零售市場 六區7號","pay_list":["台灣 PAY"],"zone":"雲嘉南","user":"黃寶萱","pay_tool":["行動支付"]},{"index":94,"id":30037860,"category":"夜市小吃/市場","city":"嘉義市","area":"東區","market_name":"東公有零售市場","market_address":"嘉義市東區忠孝路、光彩街、中正路間區塊","shop":"東公有零售市場 六區18號","pay_list":["台灣 PAY"],"zone":"雲嘉南","user":"黃麟傑","pay_tool":["行動支付"]},{"index":95,"id":30037861,"category":"夜市小吃/市場","city":"嘉義市","area":"東區","market_name":"東公有零售市場","market_address":"嘉義市東區忠孝路、光彩街、中正路間區塊","shop":"東公有零售市場 六區19號","pay_list":["台灣 PAY"],"zone":"雲嘉南","user":"林瑞河","pay_tool":["行動支付"]},{"index":96,"id":30037865,"category":"夜市小吃/市場","city":"嘉義市","area":"東區","market_name":"東公有零售市場","market_address":"嘉義市東區忠孝路、光彩街、中正路間區塊","shop":"東公有零售市場 六區23號","pay_list":["台灣 PAY"],"zone":"雲嘉南","user":"陳麗安","pay_tool":["行動支付"]},{"index":97,"id":30037866,"category":"夜市小吃/市場","city":"嘉義市","area":"東區","market_name":"東公有零售市場","market_address":"嘉義市東區忠孝路、光彩街、中正路間區塊","shop":"東公有零售市場 六區23-1號","pay_list":["台灣 PAY"],"zone":"雲嘉南","user":"陳宗翰","pay_tool":["行動支付"]},{"index":98,"id":30037867,"category":"夜市小吃/市場","city":"嘉義市","area":"東區","market_name":"東公有零售市場","market_address":"嘉義市東區忠孝路、光彩街、中正路間區塊","shop":"東公有零售市場 六區24號","pay_list":["台灣 PAY"],"zone":"雲嘉南","user":"涂素惠","pay_tool":["行動支付"]},{"index":99,"id":30037869,"category":"夜市小吃/市場","city":"嘉義市","area":"東區","market_name":"東公有零售市場","market_address":"嘉義市東區忠孝路、光彩街、中正路間區塊","shop":"東公有零售市場 六區25號","pay_list":["台灣 PAY"],"zone":"雲嘉南","user":"陳嘉賢","pay_tool":["行動支付"]},{"index":100,"id":30037877,"category":"夜市小吃/市場","city":"嘉義市","area":"東區","market_name":"東公有零售市場","market_address":"嘉義市東區忠孝路、光彩街、中正路間區塊","shop":"東公有零售市場 六區33號","pay_list":["台灣 PAY"],"zone":"雲嘉南","user":"李芳楸","pay_tool":["行動支付"]},{"index":101,"id":30037883,"category":"夜市小吃/市場","city":"嘉義市","area":"東區","market_name":"東公有零售市場","market_address":"嘉義市東區忠孝路、光彩街、中正路間區塊","shop":"東公有零售市場 號外區1號","pay_list":["台灣 PAY"],"zone":"雲嘉南","user":"駱金盃","pay_tool":["行動支付"]},{"index":102,"id":30037884,"category":"夜市小吃/市場","city":"嘉義市","area":"東區","market_name":"東公有零售市場","market_address":"嘉義市東區忠孝路、光彩街、中正路間區塊","shop":"東公有零售市場 號外區3號","pay_list":["台灣 PAY"],"zone":"雲嘉南","user":"翁振嘉","pay_tool":["行動支付"]},{"index":103,"id":30037885,"category":"夜市小吃/市場","city":"嘉義市","area":"東區","market_name":"東公有零售市場","market_address":"嘉義市東區忠孝路、光彩街、中正路間區塊","shop":"東公有零售市場 號外區5號","pay_list":["台灣 PAY"],"zone":"雲嘉南","user":"鄭价宏","pay_tool":["行動支付"]},{"index":104,"id":30037901,"category":"夜市小吃/市場","city":"嘉義市","area":"東區","market_name":"東公有零售市場","market_address":"嘉義市東區忠孝路、光彩街、中正路間區塊","shop":"東公有零售市場 號外區25號","pay_list":["台灣 PAY"],"zone":"雲嘉南","user":"邱建鳴","pay_tool":["行動支付"]},{"index":105,"id":30037902,"category":"夜市小吃/市場","city":"嘉義市","area":"東區","market_name":"東公有零售市場","market_address":"嘉義市東區忠孝路、光彩街、中正路間區塊","shop":"東公有零售市場 號外區27號","pay_list":["台灣 PAY"],"zone":"雲嘉南","user":"謝家蓁","pay_tool":["行動支付"]},{"index":106,"id":30037911,"category":"夜市小吃/市場","city":"嘉義市","area":"東區","market_name":"東公有零售市場","market_address":"嘉義市東區忠孝路、光彩街、中正路間區塊","shop":"東公有零售市場 號外區41-1號","pay_list":["台灣 PAY"],"zone":"雲嘉南","user":"朱恆生","pay_tool":["行動支付"]},{"index":107,"id":30037932,"category":"夜市小吃/市場","city":"嘉義市","area":"東區","market_name":"嘉義市文化路夜市","market_address":"自中正路口退縮十公尺處起至垂楊路口退縮十公尺處止。各路口紅線區除外","shop":"嘉義市文化路夜市 小上海炸雞塊","pay_list":["街口支付","台灣 PAY"],"zone":"雲嘉南","user":"王張玉蓮","pay_tool":["行動支付"]},{"index":108,"id":30037934,"category":"夜市小吃/市場","city":"嘉義市","area":"東區","market_name":"嘉義市文化路夜市","market_address":"自中正路口退縮十公尺處起至垂楊路口退縮十公尺處止。各路口紅線區除外","shop":"嘉義市文化路夜市 羅媽媽豆花","pay_list":["街口支付","LINE Pay Money"],"zone":"雲嘉南","user":"胡素英","pay_tool":["行動支付"]},{"index":109,"id":30037939,"category":"夜市小吃/市場","city":"嘉義市","area":"東區","market_name":"嘉義市文化路夜市","market_address":"自中正路口退縮十公尺處起至垂楊路口退縮十公尺處止。各路口紅線區除外","shop":"嘉義市文化路夜市 土城鹽穌雞","pay_list":["LINE Pay Money"],"zone":"雲嘉南","user":"彭秋任","pay_tool":["行動支付"]},{"index":110,"id":30037942,"category":"夜市小吃/市場","city":"嘉義市","area":"東區","market_name":"嘉義市文化路夜市","market_address":"自中正路口退縮十公尺處起至垂楊路口退縮十公尺處止。各路口紅線區除外","shop":"嘉義市文化路夜市 方櫃子魯味","pay_list":["街口支付","LINE Pay Money"],"zone":"雲嘉南","user":"黃昭鍚","pay_tool":["行動支付"]},{"index":111,"id":30037946,"category":"夜市小吃/市場","city":"嘉義市","area":"東區","market_name":"嘉義市文化路夜市","market_address":"自中正路口退縮十公尺處起至垂楊路口退縮十公尺處止。各路口紅線區除外","shop":"嘉義市文化路夜市 火焱山骰子牛","pay_list":["LINE Pay Money"],"zone":"雲嘉南","user":"蔡汶欽","pay_tool":["行動支付"]},{"index":112,"id":30037953,"category":"夜市小吃/市場","city":"嘉義市","area":"東區","market_name":"嘉義市文化路夜市","market_address":"自中正路口退縮十公尺處起至垂楊路口退縮十公尺處止。各路口紅線區除外","shop":"嘉義市文化路夜市 麻辣魚蛋","pay_list":["LINE Pay Money"],"zone":"雲嘉南","user":"蘇建霖","pay_tool":["行動支付"]},{"index":113,"id":30037955,"category":"夜市小吃/市場","city":"嘉義市","area":"東區","market_name":"嘉義市文化路夜市","market_address":"自中正路口退縮十公尺處起至垂楊路口退縮十公尺處止。各路口紅線區除外","shop":"嘉義市文化路夜市 炸魷魚","pay_list":["LINE Pay Money"],"zone":"雲嘉南","user":"王碧華","pay_tool":["行動支付"]},{"index":114,"id":30037960,"category":"夜市小吃/市場","city":"嘉義市","area":"東區","market_name":"嘉義市文化路夜市","market_address":"自中正路口退縮十公尺處起至垂楊路口退縮十公尺處止。各路口紅線區除外","shop":"嘉義市文化路夜市 文化路鹽酥雞","pay_list":["一卡通","LINE Pay Money"],"zone":"雲嘉南","user":"陳麗娟","pay_tool":["行動支付","電子票證"]},{"index":115,"id":30037983,"category":"夜市小吃/市場","city":"嘉義市","area":"東區","market_name":"嘉義市文化路夜市","market_address":"自中正路口退縮十公尺處起至垂楊路口退縮十公尺處止。各路口紅線區除外","shop":"嘉義市文化路夜市 大腸包小腸","pay_list":["LINE Pay Money"],"zone":"雲嘉南","user":"陳文憲","pay_tool":["行動支付"]},{"index":116,"id":30037993,"category":"夜市小吃/市場","city":"嘉義市","area":"東區","market_name":"嘉義市文化路夜市","market_address":"自中正路口退縮十公尺處起至垂楊路口退縮十公尺處止。各路口紅線區除外","shop":"嘉義市文化路夜市 雞蛋糕","pay_list":["街口支付","LINE Pay Money"],"zone":"雲嘉南","user":"林秋綾","pay_tool":["行動支付"]},{"index":117,"id":30037994,"category":"夜市小吃/市場","city":"嘉義市","area":"東區","market_name":"嘉義市文化路夜市","market_address":"自中正路口退縮十公尺處起至垂楊路口退縮十公尺處止。各路口紅線區除外","shop":"嘉義市文化路夜市 烤魷魚","pay_list":["LINE Pay Money"],"zone":"雲嘉南","user":"林建宏","pay_tool":["行動支付"]},{"index":118,"id":30037998,"category":"夜市小吃/市場","city":"嘉義市","area":"東區","market_name":"嘉義市文化路夜市","market_address":"自中正路口退縮十公尺處起至垂楊路口退縮十公尺處止。各路口紅線區除外","shop":"嘉義市文化路夜市 皮鞋","pay_list":["LINE Pay Money"],"zone":"雲嘉南","user":"蔡宗勳","pay_tool":["行動支付"]}]