[{"index":1,"id":20004094,"user":"魏平沐","shop":"新民早點","category":["夜市/市場攤販"],"zone":"桃竹苗","city":"新竹縣","area":"新埔鎮","market_name":["餐食攤販"],"market_address":"新竹縣新埔鎮新民里中正路７４６號","pay_list":"","pay_tool":""},{"index":2,"id":20039891,"user":"詹秋月","shop":"詹秋月","category":["夜市/市場攤販"],"zone":"桃竹苗","city":"新竹縣","area":"新埔鎮","market_name":["餐食攤販"],"market_address":"新竹縣新埔鎮照門里九芎湖入口下２０公尺","pay_list":"","pay_tool":""}]