[{"index":1,"id":10034851,"user":"王文錦","shop":"東勢第一公有零售市場-翔英肉舖","category":"夜市/市場攤販","zone":"中彰投","city":"臺中市","area":"東勢區","market_name":"東勢第一公有零售市場","market_address":"臺中市東勢區上新里三民街88號","pay_list":"","pay_tool":"","行業代號":null,"行業代號1":null,"名稱1":null,"行業代號2":null,"名稱2":null,"行業代號3":null,"名稱3":null},{"index":2,"id":10034852,"user":"劉治晟","shop":"東勢第一公有零售市場-翔英肉舖","category":"夜市/市場攤販","zone":"中彰投","city":"臺中市","area":"東勢區","market_name":"東勢第一公有零售市場","market_address":"臺中市東勢區上新里三民街88號","pay_list":"","pay_tool":"","行業代號":null,"行業代號1":null,"名稱1":null,"行業代號2":null,"名稱2":null,"行業代號3":null,"名稱3":null},{"index":3,"id":10034853,"user":"陳國雄","shop":"東勢第一公有零售市場-翔英肉舖","category":"夜市/市場攤販","zone":"中彰投","city":"臺中市","area":"東勢區","market_name":"東勢第一公有零售市場","market_address":"臺中市東勢區上新里三民街88號","pay_list":"","pay_tool":"","行業代號":null,"行業代號1":null,"名稱1":null,"行業代號2":null,"名稱2":null,"行業代號3":null,"名稱3":null},{"index":4,"id":10034854,"user":"劉治泓","shop":"東勢第一公有零售市場-台灣本土新鮮牛羊肉","category":"夜市/市場攤販","zone":"中彰投","city":"臺中市","area":"東勢區","market_name":"東勢第一公有零售市場","market_address":"臺中市東勢區上新里三民街88號","pay_list":"","pay_tool":"","行業代號":null,"行業代號1":null,"名稱1":null,"行業代號2":null,"名稱2":null,"行業代號3":null,"名稱3":null},{"index":5,"id":10034855,"user":"張鳳珠","shop":"東勢第一公有零售市場-5號流行服飾","category":"夜市/市場攤販","zone":"中彰投","city":"臺中市","area":"東勢區","market_name":"東勢第一公有零售市場","market_address":"臺中市東勢區上新里三民街88號","pay_list":"","pay_tool":"","行業代號":null,"行業代號1":null,"名稱1":null,"行業代號2":null,"名稱2":null,"行業代號3":null,"名稱3":null},{"index":6,"id":10034856,"user":"曾金生","shop":"東勢第一公有零售市場-清嵐飲品","category":"夜市/市場攤販","zone":"中彰投","city":"臺中市","area":"東勢區","market_name":"東勢第一公有零售市場","market_address":"臺中市東勢區上新里三民街88號","pay_list":"","pay_tool":"","行業代號":null,"行業代號1":null,"名稱1":null,"行業代號2":null,"名稱2":null,"行業代號3":null,"名稱3":null},{"index":7,"id":10034857,"user":"張碧珠","shop":"東勢第一公有零售市場-孟孟飯盒","category":"夜市/市場攤販","zone":"中彰投","city":"臺中市","area":"東勢區","market_name":"東勢第一公有零售市場","market_address":"臺中市東勢區上新里三民街88號","pay_list":"","pay_tool":"","行業代號":null,"行業代號1":null,"名稱1":null,"行業代號2":null,"名稱2":null,"行業代號3":null,"名稱3":null},{"index":8,"id":10034858,"user":"羅文君","shop":"東勢第一公有零售市場-田佳愛玉專賣店","category":"夜市/市場攤販","zone":"中彰投","city":"臺中市","area":"東勢區","market_name":"東勢第一公有零售市場","market_address":"臺中市東勢區上新里三民街88號","pay_list":"","pay_tool":"","行業代號":null,"行業代號1":null,"名稱1":null,"行業代號2":null,"名稱2":null,"行業代號3":null,"名稱3":null},{"index":9,"id":10034860,"user":"邱秋娘","shop":"東勢第一公有零售市場-旭飯團","category":"夜市/市場攤販","zone":"中彰投","city":"臺中市","area":"東勢區","market_name":"東勢第一公有零售市場","market_address":"臺中市東勢區上新里三民街88號","pay_list":"","pay_tool":"","行業代號":null,"行業代號1":null,"名稱1":null,"行業代號2":null,"名稱2":null,"行業代號3":null,"名稱3":null},{"index":10,"id":10034861,"user":"張懷之","shop":"東勢第一公有零售市場-麗童裝","category":"夜市/市場攤販","zone":"中彰投","city":"臺中市","area":"東勢區","market_name":"東勢第一公有零售市場","market_address":"臺中市東勢區上新里三民街88號","pay_list":"","pay_tool":"","行業代號":null,"行業代號1":null,"名稱1":null,"行業代號2":null,"名稱2":null,"行業代號3":null,"名稱3":null},{"index":11,"id":10034862,"user":"張智清","shop":"東勢第一公有零售市場-阿娥美學服飾","category":"夜市/市場攤販","zone":"中彰投","city":"臺中市","area":"東勢區","market_name":"東勢第一公有零售市場","market_address":"臺中市東勢區上新里三民街88號","pay_list":"","pay_tool":"","行業代號":null,"行業代號1":null,"名稱1":null,"行業代號2":null,"名稱2":null,"行業代號3":null,"名稱3":null},{"index":12,"id":10034863,"user":"張智能","shop":"東勢第一公有零售市場-曉十堂飯盒專賣","category":"夜市/市場攤販","zone":"中彰投","city":"臺中市","area":"東勢區","market_name":"東勢第一公有零售市場","market_address":"臺中市東勢區上新里三民街88號","pay_list":"","pay_tool":"","行業代號":null,"行業代號1":null,"名稱1":null,"行業代號2":null,"名稱2":null,"行業代號3":null,"名稱3":null},{"index":13,"id":10034864,"user":"郭政翰","shop":"東勢第一公有零售市場-姐姐數位照相館","category":"夜市/市場攤販","zone":"中彰投","city":"臺中市","area":"東勢區","market_name":"東勢第一公有零售市場","market_address":"臺中市東勢區上新里三民街88號","pay_list":"","pay_tool":"","行業代號":null,"行業代號1":null,"名稱1":null,"行業代號2":null,"名稱2":null,"行業代號3":null,"名稱3":null},{"index":14,"id":10034865,"user":"張瑞梅","shop":"東勢第一公有零售市場-鏢魯味小吃","category":"夜市/市場攤販","zone":"中彰投","city":"臺中市","area":"東勢區","market_name":"東勢第一公有零售市場","market_address":"臺中市東勢區上新里三民街88號","pay_list":"","pay_tool":"","行業代號":null,"行業代號1":null,"名稱1":null,"行業代號2":null,"名稱2":null,"行業代號3":null,"名稱3":null},{"index":15,"id":10034866,"user":"劉孟學","shop":"東勢第一公有零售市場-鏢魯味小吃","category":"夜市/市場攤販","zone":"中彰投","city":"臺中市","area":"東勢區","market_name":"東勢第一公有零售市場","market_address":"臺中市東勢區上新里三民街88號","pay_list":"","pay_tool":"","行業代號":null,"行業代號1":null,"名稱1":null,"行業代號2":null,"名稱2":null,"行業代號3":null,"名稱3":null},{"index":16,"id":10034867,"user":"張文華","shop":"東勢第一公有零售市場-翔英肉舖","category":"夜市/市場攤販","zone":"中彰投","city":"臺中市","area":"東勢區","market_name":"東勢第一公有零售市場","market_address":"臺中市東勢區上新里三民街88號","pay_list":"","pay_tool":"","行業代號":null,"行業代號1":null,"名稱1":null,"行業代號2":null,"名稱2":null,"行業代號3":null,"名稱3":null},{"index":17,"id":10034868,"user":"張竹君","shop":"東勢第一公有零售市場-翔英肉舖","category":"夜市/市場攤販","zone":"中彰投","city":"臺中市","area":"東勢區","market_name":"東勢第一公有零售市場","market_address":"臺中市東勢區上新里三民街88號","pay_list":"","pay_tool":"","行業代號":null,"行業代號1":null,"名稱1":null,"行業代號2":null,"名稱2":null,"行業代號3":null,"名稱3":null},{"index":18,"id":10034869,"user":"童永承","shop":"東勢第一公有零售市場-肉慧佳","category":"夜市/市場攤販","zone":"中彰投","city":"臺中市","area":"東勢區","market_name":"東勢第一公有零售市場","market_address":"臺中市東勢區上新里三民街88號","pay_list":"","pay_tool":"","行業代號":null,"行業代號1":null,"名稱1":null,"行業代號2":null,"名稱2":null,"行業代號3":null,"名稱3":null},{"index":19,"id":10034871,"user":"張添源","shop":"東勢第一公有零售市場-魚漿老店","category":"夜市/市場攤販","zone":"中彰投","city":"臺中市","area":"東勢區","market_name":"東勢第一公有零售市場","market_address":"臺中市東勢區上新里三民街88號","pay_list":"","pay_tool":"","行業代號":null,"行業代號1":null,"名稱1":null,"行業代號2":null,"名稱2":null,"行業代號3":null,"名稱3":null},{"index":20,"id":10034872,"user":"張宸鳳","shop":"東勢第一公有零售市場-倫手作","category":"夜市/市場攤販","zone":"中彰投","city":"臺中市","area":"東勢區","market_name":"東勢第一公有零售市場","market_address":"臺中市東勢區上新里三民街88號","pay_list":"","pay_tool":"","行業代號":null,"行業代號1":null,"名稱1":null,"行業代號2":null,"名稱2":null,"行業代號3":null,"名稱3":null},{"index":21,"id":10034873,"user":"詹憲淼","shop":"東勢第一公有零售市場-東勢越南小吃","category":"夜市/市場攤販","zone":"中彰投","city":"臺中市","area":"東勢區","market_name":"東勢第一公有零售市場","market_address":"臺中市東勢區上新里三民街88號","pay_list":"","pay_tool":"","行業代號":null,"行業代號1":null,"名稱1":null,"行業代號2":null,"名稱2":null,"行業代號3":null,"名稱3":null},{"index":22,"id":10034874,"user":"曾重仁","shop":"東勢第一公有零售市場-東勢越南小吃","category":"夜市/市場攤販","zone":"中彰投","city":"臺中市","area":"東勢區","market_name":"東勢第一公有零售市場","market_address":"臺中市東勢區上新里三民街88號","pay_list":"","pay_tool":"","行業代號":null,"行業代號1":null,"名稱1":null,"行業代號2":null,"名稱2":null,"行業代號3":null,"名稱3":null},{"index":23,"id":10034875,"user":"劉吳玉蘭","shop":"東勢第一公有零售市場-二兄弟肉舖","category":"夜市/市場攤販","zone":"中彰投","city":"臺中市","area":"東勢區","market_name":"東勢第一公有零售市場","market_address":"臺中市東勢區上新里三民街88號","pay_list":"","pay_tool":"","行業代號":null,"行業代號1":null,"名稱1":null,"行業代號2":null,"名稱2":null,"行業代號3":null,"名稱3":null},{"index":24,"id":10034876,"user":"利惠姻","shop":"東勢第一公有零售市場-二兄弟肉舖","category":"夜市/市場攤販","zone":"中彰投","city":"臺中市","area":"東勢區","market_name":"東勢第一公有零售市場","market_address":"臺中市東勢區上新里三民街88號","pay_list":"","pay_tool":"","行業代號":null,"行業代號1":null,"名稱1":null,"行業代號2":null,"名稱2":null,"行業代號3":null,"名稱3":null},{"index":25,"id":10034877,"user":"劉美燕","shop":"東勢第一公有零售市場-二兄弟肉舖","category":"夜市/市場攤販","zone":"中彰投","city":"臺中市","area":"東勢區","market_name":"東勢第一公有零售市場","market_address":"臺中市東勢區上新里三民街88號","pay_list":"","pay_tool":"","行業代號":null,"行業代號1":null,"名稱1":null,"行業代號2":null,"名稱2":null,"行業代號3":null,"名稱3":null},{"index":26,"id":10034878,"user":"傅筱媛","shop":"東勢第一公有零售市場-東勢站推拿工作坊","category":"夜市/市場攤販","zone":"中彰投","city":"臺中市","area":"東勢區","market_name":"東勢第一公有零售市場","market_address":"臺中市東勢區上新里三民街88號","pay_list":"","pay_tool":"","行業代號":null,"行業代號1":null,"名稱1":null,"行業代號2":null,"名稱2":null,"行業代號3":null,"名稱3":null},{"index":27,"id":10034879,"user":"趙鄭桂春","shop":"東勢第一公有零售市場-東勢站推拿工作坊","category":"夜市/市場攤販","zone":"中彰投","city":"臺中市","area":"東勢區","market_name":"東勢第一公有零售市場","market_address":"臺中市東勢區上新里三民街88號","pay_list":"","pay_tool":"","行業代號":null,"行業代號1":null,"名稱1":null,"行業代號2":null,"名稱2":null,"行業代號3":null,"名稱3":null},{"index":28,"id":10034880,"user":"劉欣兒","shop":"東勢第一公有零售市場-東勢站推拿工作坊","category":"夜市/市場攤販","zone":"中彰投","city":"臺中市","area":"東勢區","market_name":"東勢第一公有零售市場","market_address":"臺中市東勢區上新里三民街88號","pay_list":"","pay_tool":"","行業代號":null,"行業代號1":null,"名稱1":null,"行業代號2":null,"名稱2":null,"行業代號3":null,"名稱3":null},{"index":29,"id":10034882,"user":"鐘耀賦","shop":"東勢第一公有零售市場-舞DON食堂","category":"夜市/市場攤販","zone":"中彰投","city":"臺中市","area":"東勢區","market_name":"東勢第一公有零售市場","market_address":"臺中市東勢區上新里三民街88號","pay_list":"","pay_tool":"","行業代號":null,"行業代號1":null,"名稱1":null,"行業代號2":null,"名稱2":null,"行業代號3":null,"名稱3":null},{"index":30,"id":10034883,"user":"王謝色","shop":"東勢第一公有零售市場-王蔬果批發","category":"夜市/市場攤販","zone":"中彰投","city":"臺中市","area":"東勢區","market_name":"東勢第一公有零售市場","market_address":"臺中市東勢區上新里三民街88號","pay_list":"","pay_tool":"","行業代號":null,"行業代號1":null,"名稱1":null,"行業代號2":null,"名稱2":null,"行業代號3":null,"名稱3":null},{"index":31,"id":10034884,"user":"黃淑美","shop":"東勢第一公有零售市場-王蔬果批發","category":"夜市/市場攤販","zone":"中彰投","city":"臺中市","area":"東勢區","market_name":"東勢第一公有零售市場","market_address":"臺中市東勢區上新里三民街88號","pay_list":"","pay_tool":"","行業代號":null,"行業代號1":null,"名稱1":null,"行業代號2":null,"名稱2":null,"行業代號3":null,"名稱3":null},{"index":32,"id":10034885,"user":"許景銘","shop":"東勢第一公有零售市場-越式美甲","category":"夜市/市場攤販","zone":"中彰投","city":"臺中市","area":"東勢區","market_name":"東勢第一公有零售市場","market_address":"臺中市東勢區上新里三民街88號","pay_list":"","pay_tool":"","行業代號":null,"行業代號1":null,"名稱1":null,"行業代號2":null,"名稱2":null,"行業代號3":null,"名稱3":null},{"index":33,"id":10034886,"user":"朱嘉谷","shop":"東勢第一公有零售市場-張魚漿老店","category":"夜市/市場攤販","zone":"中彰投","city":"臺中市","area":"東勢區","market_name":"東勢第一公有零售市場","market_address":"臺中市東勢區上新里三民街88號","pay_list":"","pay_tool":"","行業代號":null,"行業代號1":null,"名稱1":null,"行業代號2":null,"名稱2":null,"行業代號3":null,"名稱3":null},{"index":34,"id":10034887,"user":"彭煇竤","shop":"東勢第一公有零售市場-東勢商行","category":"夜市/市場攤販","zone":"中彰投","city":"臺中市","area":"東勢區","market_name":"東勢第一公有零售市場","market_address":"臺中市東勢區上新里三民街88號","pay_list":"","pay_tool":"","行業代號":null,"行業代號1":null,"名稱1":null,"行業代號2":null,"名稱2":null,"行業代號3":null,"名稱3":null},{"index":35,"id":10034888,"user":"陳昭勳","shop":"東勢第一公有零售市場-東勢商行","category":"夜市/市場攤販","zone":"中彰投","city":"臺中市","area":"東勢區","market_name":"東勢第一公有零售市場","market_address":"臺中市東勢區上新里三民街88號","pay_list":"","pay_tool":"","行業代號":null,"行業代號1":null,"名稱1":null,"行業代號2":null,"名稱2":null,"行業代號3":null,"名稱3":null},{"index":36,"id":10034889,"user":"蔡雅涵","shop":"東勢第一公有零售市場-東勢商行","category":"夜市/市場攤販","zone":"中彰投","city":"臺中市","area":"東勢區","market_name":"東勢第一公有零售市場","market_address":"臺中市東勢區上新里三民街88號","pay_list":"","pay_tool":"","行業代號":null,"行業代號1":null,"名稱1":null,"行業代號2":null,"名稱2":null,"行業代號3":null,"名稱3":null},{"index":37,"id":10034890,"user":"楊雅涵","shop":"東勢第一公有零售市場-東勢商行","category":"夜市/市場攤販","zone":"中彰投","city":"臺中市","area":"東勢區","market_name":"東勢第一公有零售市場","market_address":"臺中市東勢區上新里三民街88號","pay_list":"","pay_tool":"","行業代號":null,"行業代號1":null,"名稱1":null,"行業代號2":null,"名稱2":null,"行業代號3":null,"名稱3":null},{"index":38,"id":10034891,"user":"朱淑琪","shop":"東勢第一公有零售市場-東勢商行","category":"夜市/市場攤販","zone":"中彰投","city":"臺中市","area":"東勢區","market_name":"東勢第一公有零售市場","market_address":"臺中市東勢區上新里三民街88號","pay_list":"","pay_tool":"","行業代號":null,"行業代號1":null,"名稱1":null,"行業代號2":null,"名稱2":null,"行業代號3":null,"名稱3":null},{"index":39,"id":10034893,"user":"張廖萬佳","shop":"東勢第一公有零售市場-東勢商行","category":"夜市/市場攤販","zone":"中彰投","city":"臺中市","area":"東勢區","market_name":"東勢第一公有零售市場","market_address":"臺中市東勢區上新里三民街88號","pay_list":"","pay_tool":"","行業代號":null,"行業代號1":null,"名稱1":null,"行業代號2":null,"名稱2":null,"行業代號3":null,"名稱3":null},{"index":40,"id":10034894,"user":"廖雪珠","shop":"東勢第一公有零售市場-東勢商行","category":"夜市/市場攤販","zone":"中彰投","city":"臺中市","area":"東勢區","market_name":"東勢第一公有零售市場","market_address":"臺中市東勢區上新里三民街88號","pay_list":"","pay_tool":"","行業代號":null,"行業代號1":null,"名稱1":null,"行業代號2":null,"名稱2":null,"行業代號3":null,"名稱3":null},{"index":41,"id":10034895,"user":"蘇秀竹","shop":"東勢第一公有零售市場-東勢商行","category":"夜市/市場攤販","zone":"中彰投","city":"臺中市","area":"東勢區","market_name":"東勢第一公有零售市場","market_address":"臺中市東勢區上新里三民街88號","pay_list":"","pay_tool":"","行業代號":null,"行業代號1":null,"名稱1":null,"行業代號2":null,"名稱2":null,"行業代號3":null,"名稱3":null},{"index":42,"id":10034896,"user":"鄧禮珍","shop":"東勢第一公有零售市場-覓食肉蛋土司","category":"夜市/市場攤販","zone":"中彰投","city":"臺中市","area":"東勢區","market_name":"東勢第一公有零售市場","market_address":"臺中市東勢區上新里三民街88號","pay_list":"","pay_tool":"","行業代號":null,"行業代號1":null,"名稱1":null,"行業代號2":null,"名稱2":null,"行業代號3":null,"名稱3":null},{"index":43,"id":10034897,"user":"劉月秋","shop":"東勢第一公有零售市場-阿秋堅果","category":"夜市/市場攤販","zone":"中彰投","city":"臺中市","area":"東勢區","market_name":"東勢第一公有零售市場","market_address":"臺中市東勢區上新里三民街88號","pay_list":"","pay_tool":"","行業代號":null,"行業代號1":null,"名稱1":null,"行業代號2":null,"名稱2":null,"行業代號3":null,"名稱3":null},{"index":44,"id":10034898,"user":"李廖秀美","shop":"東勢第一公有零售市場-阿美蔬果","category":"夜市/市場攤販","zone":"中彰投","city":"臺中市","area":"東勢區","market_name":"東勢第一公有零售市場","market_address":"臺中市東勢區上新里三民街88號","pay_list":"","pay_tool":"","行業代號":null,"行業代號1":null,"名稱1":null,"行業代號2":null,"名稱2":null,"行業代號3":null,"名稱3":null},{"index":45,"id":10034899,"user":"劉夙晃","shop":"東勢第一公有零售市場-美容用品","category":"夜市/市場攤販","zone":"中彰投","city":"臺中市","area":"東勢區","market_name":"東勢第一公有零售市場","market_address":"臺中市東勢區上新里三民街88號","pay_list":"","pay_tool":"","行業代號":null,"行業代號1":null,"名稱1":null,"行業代號2":null,"名稱2":null,"行業代號3":null,"名稱3":null},{"index":46,"id":10034900,"user":"洪宗煌","shop":"東勢第一公有零售市場-53流行服飾","category":"夜市/市場攤販","zone":"中彰投","city":"臺中市","area":"東勢區","market_name":"東勢第一公有零售市場","market_address":"臺中市東勢區上新里三民街88號","pay_list":"","pay_tool":"","行業代號":null,"行業代號1":null,"名稱1":null,"行業代號2":null,"名稱2":null,"行業代號3":null,"名稱3":null},{"index":47,"id":10034901,"user":"劉威廷","shop":"東勢第一公有零售市場-張魚漿老店","category":"夜市/市場攤販","zone":"中彰投","city":"臺中市","area":"東勢區","market_name":"東勢第一公有零售市場","market_address":"臺中市東勢區上新里三民街88號","pay_list":"","pay_tool":"","行業代號":null,"行業代號1":null,"名稱1":null,"行業代號2":null,"名稱2":null,"行業代號3":null,"名稱3":null},{"index":48,"id":10034902,"user":"黃素娟","shop":"東勢第一公有零售市場-東勢商行","category":"夜市/市場攤販","zone":"中彰投","city":"臺中市","area":"東勢區","market_name":"東勢第一公有零售市場","market_address":"臺中市東勢區上新里三民街88號","pay_list":"","pay_tool":"","行業代號":null,"行業代號1":null,"名稱1":null,"行業代號2":null,"名稱2":null,"行業代號3":null,"名稱3":null},{"index":49,"id":10034904,"user":"羅字彬","shop":"東勢第一公有零售市場-東勢商行","category":"夜市/市場攤販","zone":"中彰投","city":"臺中市","area":"東勢區","market_name":"東勢第一公有零售市場","market_address":"臺中市東勢區上新里三民街88號","pay_list":"","pay_tool":"","行業代號":null,"行業代號1":null,"名稱1":null,"行業代號2":null,"名稱2":null,"行業代號3":null,"名稱3":null},{"index":50,"id":10034905,"user":"王?滿","shop":"東勢第一公有零售市場-東勢商行","category":"夜市/市場攤販","zone":"中彰投","city":"臺中市","area":"東勢區","market_name":"東勢第一公有零售市場","market_address":"臺中市東勢區上新里三民街88號","pay_list":"","pay_tool":"","行業代號":null,"行業代號1":null,"名稱1":null,"行業代號2":null,"名稱2":null,"行業代號3":null,"名稱3":null},{"index":51,"id":10034906,"user":"梁耿豪","shop":"東勢第一公有零售市場-東勢商行","category":"夜市/市場攤販","zone":"中彰投","city":"臺中市","area":"東勢區","market_name":"東勢第一公有零售市場","market_address":"臺中市東勢區上新里三民街88號","pay_list":"","pay_tool":"","行業代號":null,"行業代號1":null,"名稱1":null,"行業代號2":null,"名稱2":null,"行業代號3":null,"名稱3":null},{"index":52,"id":10034907,"user":"蔡淑貞","shop":"東勢第一公有零售市場-東勢商行","category":"夜市/市場攤販","zone":"中彰投","city":"臺中市","area":"東勢區","market_name":"東勢第一公有零售市場","market_address":"臺中市東勢區上新里三民街88號","pay_list":"","pay_tool":"","行業代號":null,"行業代號1":null,"名稱1":null,"行業代號2":null,"名稱2":null,"行業代號3":null,"名稱3":null},{"index":53,"id":10034908,"user":"張嘉瑱","shop":"東勢第一公有零售市場-東勢商行","category":"夜市/市場攤販","zone":"中彰投","city":"臺中市","area":"東勢區","market_name":"東勢第一公有零售市場","market_address":"臺中市東勢區上新里三民街88號","pay_list":"","pay_tool":"","行業代號":null,"行業代號1":null,"名稱1":null,"行業代號2":null,"名稱2":null,"行業代號3":null,"名稱3":null},{"index":54,"id":10034909,"user":"謝宜臻","shop":"東勢第一公有零售市場-東勢商行","category":"夜市/市場攤販","zone":"中彰投","city":"臺中市","area":"東勢區","market_name":"東勢第一公有零售市場","market_address":"臺中市東勢區上新里三民街88號","pay_list":"","pay_tool":"","行業代號":null,"行業代號1":null,"名稱1":null,"行業代號2":null,"名稱2":null,"行業代號3":null,"名稱3":null},{"index":55,"id":10034910,"user":"劉德欣","shop":"東勢第一公有零售市場-喜樂咖啡","category":"夜市/市場攤販","zone":"中彰投","city":"臺中市","area":"東勢區","market_name":"東勢第一公有零售市場","market_address":"臺中市東勢區上新里三民街88號","pay_list":"","pay_tool":"","行業代號":null,"行業代號1":null,"名稱1":null,"行業代號2":null,"名稱2":null,"行業代號3":null,"名稱3":null},{"index":56,"id":10034911,"user":"黃福泉","shop":"東勢第一公有零售市場-阿娥禽肉","category":"夜市/市場攤販","zone":"中彰投","city":"臺中市","area":"東勢區","market_name":"東勢第一公有零售市場","market_address":"臺中市東勢區上新里三民街88號","pay_list":"","pay_tool":"","行業代號":null,"行業代號1":null,"名稱1":null,"行業代號2":null,"名稱2":null,"行業代號3":null,"名稱3":null},{"index":57,"id":10034912,"user":"黃心仁","shop":"東勢第一公有零售市場-阿娥禽肉","category":"夜市/市場攤販","zone":"中彰投","city":"臺中市","area":"東勢區","market_name":"東勢第一公有零售市場","market_address":"臺中市東勢區上新里三民街88號","pay_list":"","pay_tool":"","行業代號":null,"行業代號1":null,"名稱1":null,"行業代號2":null,"名稱2":null,"行業代號3":null,"名稱3":null},{"index":58,"id":10034913,"user":"陳增堅","shop":"東勢第一公有零售市場-珍素食","category":"夜市/市場攤販","zone":"中彰投","city":"臺中市","area":"東勢區","market_name":"東勢第一公有零售市場","market_address":"臺中市東勢區上新里三民街88號","pay_list":"","pay_tool":"","行業代號":null,"行業代號1":null,"名稱1":null,"行業代號2":null,"名稱2":null,"行業代號3":null,"名稱3":null},{"index":59,"id":10034915,"user":"林淑娥","shop":"東勢第一公有零售市場-千卉花坊","category":"夜市/市場攤販","zone":"中彰投","city":"臺中市","area":"東勢區","market_name":"東勢第一公有零售市場","market_address":"臺中市東勢區上新里三民街88號","pay_list":"","pay_tool":"","行業代號":null,"行業代號1":null,"名稱1":null,"行業代號2":null,"名稱2":null,"行業代號3":null,"名稱3":null},{"index":60,"id":10034916,"user":"唐添發","shop":"東勢第一公有零售市場-張魚漿老店","category":"夜市/市場攤販","zone":"中彰投","city":"臺中市","area":"東勢區","market_name":"東勢第一公有零售市場","market_address":"臺中市東勢區上新里三民街88號","pay_list":"","pay_tool":"","行業代號":null,"行業代號1":null,"名稱1":null,"行業代號2":null,"名稱2":null,"行業代號3":null,"名稱3":null},{"index":61,"id":10034917,"user":"劉中界","shop":"東勢第一公有零售市場-幸福飲品","category":"夜市/市場攤販","zone":"中彰投","city":"臺中市","area":"東勢區","market_name":"東勢第一公有零售市場","market_address":"臺中市東勢區上新里三民街88號","pay_list":"","pay_tool":"","行業代號":null,"行業代號1":null,"名稱1":null,"行業代號2":null,"名稱2":null,"行業代號3":null,"名稱3":null},{"index":62,"id":10034918,"user":"李秀均","shop":"東勢第一公有零售市場-十方緣咖啡茶貨舖","category":"夜市/市場攤販","zone":"中彰投","city":"臺中市","area":"東勢區","market_name":"東勢第一公有零售市場","market_address":"臺中市東勢區上新里三民街88號","pay_list":"","pay_tool":"","行業代號":null,"行業代號1":null,"名稱1":null,"行業代號2":null,"名稱2":null,"行業代號3":null,"名稱3":null},{"index":63,"id":10034919,"user":"李曜辰","shop":"東勢第一公有零售市場-鮮饌小館熗鍋麵","category":"夜市/市場攤販","zone":"中彰投","city":"臺中市","area":"東勢區","market_name":"東勢第一公有零售市場","market_address":"臺中市東勢區上新里三民街88號","pay_list":"","pay_tool":"","行業代號":null,"行業代號1":null,"名稱1":null,"行業代號2":null,"名稱2":null,"行業代號3":null,"名稱3":null},{"index":64,"id":10034920,"user":"李曜辰","shop":"東勢第一公有零售市場-鮮饌小館熗鍋麵","category":"夜市/市場攤販","zone":"中彰投","city":"臺中市","area":"東勢區","market_name":"東勢第一公有零售市場","market_address":"臺中市東勢區上新里三民街88號","pay_list":"","pay_tool":"","行業代號":null,"行業代號1":null,"名稱1":null,"行業代號2":null,"名稱2":null,"行業代號3":null,"名稱3":null},{"index":65,"id":10034921,"user":"朱屯雲","shop":"東勢第一公有零售市場-向日葵服飾","category":"夜市/市場攤販","zone":"中彰投","city":"臺中市","area":"東勢區","market_name":"東勢第一公有零售市場","market_address":"臺中市東勢區上新里三民街88號","pay_list":"","pay_tool":"","行業代號":null,"行業代號1":null,"名稱1":null,"行業代號2":null,"名稱2":null,"行業代號3":null,"名稱3":null},{"index":66,"id":10034922,"user":"李曜辰","shop":"東勢第一公有零售市場-鮮饌小館熗鍋麵","category":"夜市/市場攤販","zone":"中彰投","city":"臺中市","area":"東勢區","market_name":"東勢第一公有零售市場","market_address":"臺中市東勢區上新里三民街88號","pay_list":"","pay_tool":"","行業代號":null,"行業代號1":null,"名稱1":null,"行業代號2":null,"名稱2":null,"行業代號3":null,"名稱3":null},{"index":67,"id":10034923,"user":"朱鏡云","shop":"東勢第一公有零售市場-小公主美妍沙龍","category":"夜市/市場攤販","zone":"中彰投","city":"臺中市","area":"東勢區","market_name":"東勢第一公有零售市場","market_address":"臺中市東勢區上新里三民街88號","pay_list":"","pay_tool":"","行業代號":null,"行業代號1":null,"名稱1":null,"行業代號2":null,"名稱2":null,"行業代號3":null,"名稱3":null},{"index":68,"id":10034924,"user":"林宥宏","shop":"東勢第一公有零售市場-宏蔬果行","category":"夜市/市場攤販","zone":"中彰投","city":"臺中市","area":"東勢區","market_name":"東勢第一公有零售市場","market_address":"臺中市東勢區上新里三民街88號","pay_list":"","pay_tool":"","行業代號":null,"行業代號1":null,"名稱1":null,"行業代號2":null,"名稱2":null,"行業代號3":null,"名稱3":null},{"index":69,"id":10034926,"user":"詹惠文","shop":"東勢第一公有零售市場-午食日式燒烤","category":"夜市/市場攤販","zone":"中彰投","city":"臺中市","area":"東勢區","market_name":"東勢第一公有零售市場","market_address":"臺中市東勢區上新里三民街88號","pay_list":"","pay_tool":"","行業代號":null,"行業代號1":null,"名稱1":null,"行業代號2":null,"名稱2":null,"行業代號3":null,"名稱3":null},{"index":70,"id":10034927,"user":"劉清桂","shop":"東勢第一公有零售市場-阿桂農產","category":"夜市/市場攤販","zone":"中彰投","city":"臺中市","area":"東勢區","market_name":"東勢第一公有零售市場","market_address":"臺中市東勢區上新里三民街88號","pay_list":"","pay_tool":"","行業代號":null,"行業代號1":null,"名稱1":null,"行業代號2":null,"名稱2":null,"行業代號3":null,"名稱3":null},{"index":71,"id":10034928,"user":"劉雪香","shop":"東勢第一公有零售市場-kitty專業美學","category":"夜市/市場攤販","zone":"中彰投","city":"臺中市","area":"東勢區","market_name":"東勢第一公有零售市場","market_address":"臺中市東勢區上新里三民街88號","pay_list":"","pay_tool":"","行業代號":null,"行業代號1":null,"名稱1":null,"行業代號2":null,"名稱2":null,"行業代號3":null,"名稱3":null},{"index":72,"id":10034929,"user":"羅文燉","shop":"東勢第一公有零售市場-阿秋越南雜貨店","category":"夜市/市場攤販","zone":"中彰投","city":"臺中市","area":"東勢區","market_name":"東勢第一公有零售市場","market_address":"臺中市東勢區上新里三民街88號","pay_list":"","pay_tool":"","行業代號":null,"行業代號1":null,"名稱1":null,"行業代號2":null,"名稱2":null,"行業代號3":null,"名稱3":null},{"index":73,"id":10034930,"user":"阮夢秋","shop":"東勢第一公有零售市場-阿秋越南雜貨店","category":"夜市/市場攤販","zone":"中彰投","city":"臺中市","area":"東勢區","market_name":"東勢第一公有零售市場","market_address":"臺中市東勢區上新里三民街88號","pay_list":"","pay_tool":"","行業代號":null,"行業代號1":null,"名稱1":null,"行業代號2":null,"名稱2":null,"行業代號3":null,"名稱3":null},{"index":74,"id":10034931,"user":"李曜辰","shop":"東勢第一公有零售市場-鮮饌小館熗鍋麵","category":"夜市/市場攤販","zone":"中彰投","city":"臺中市","area":"東勢區","market_name":"東勢第一公有零售市場","market_address":"臺中市東勢區上新里三民街88號","pay_list":"","pay_tool":"","行業代號":null,"行業代號1":null,"名稱1":null,"行業代號2":null,"名稱2":null,"行業代號3":null,"名稱3":null},{"index":75,"id":10034932,"user":"李曜辰","shop":"東勢第一公有零售市場-鮮饌小館熗鍋麵","category":"夜市/市場攤販","zone":"中彰投","city":"臺中市","area":"東勢區","market_name":"東勢第一公有零售市場","market_address":"臺中市東勢區上新里三民街88號","pay_list":"","pay_tool":"","行業代號":null,"行業代號1":null,"名稱1":null,"行業代號2":null,"名稱2":null,"行業代號3":null,"名稱3":null},{"index":76,"id":10034933,"user":"顏雅婷","shop":"東勢第一公有零售市場-向日葵服飾","category":"夜市/市場攤販","zone":"中彰投","city":"臺中市","area":"東勢區","market_name":"東勢第一公有零售市場","market_address":"臺中市東勢區上新里三民街88號","pay_list":"","pay_tool":"","行業代號":null,"行業代號1":null,"名稱1":null,"行業代號2":null,"名稱2":null,"行業代號3":null,"名稱3":null},{"index":77,"id":10034934,"user":"張劉春美","shop":"東勢第一公有零售市場-向日葵服飾","category":"夜市/市場攤販","zone":"中彰投","city":"臺中市","area":"東勢區","market_name":"東勢第一公有零售市場","market_address":"臺中市東勢區上新里三民街88號","pay_list":"","pay_tool":"","行業代號":null,"行業代號1":null,"名稱1":null,"行業代號2":null,"名稱2":null,"行業代號3":null,"名稱3":null},{"index":78,"id":10034935,"user":"張永昌","shop":"東勢第一公有零售市場-向日葵服飾","category":"夜市/市場攤販","zone":"中彰投","city":"臺中市","area":"東勢區","market_name":"東勢第一公有零售市場","market_address":"臺中市東勢區上新里三民街88號","pay_list":"","pay_tool":"","行業代號":null,"行業代號1":null,"名稱1":null,"行業代號2":null,"名稱2":null,"行業代號3":null,"名稱3":null},{"index":79,"id":10034938,"user":"曾陳秀戀","shop":"東勢第一公有零售市場-ATU越式小館","category":"夜市/市場攤販","zone":"中彰投","city":"臺中市","area":"東勢區","market_name":"東勢第一公有零售市場","market_address":"臺中市東勢區上新里三民街88號","pay_list":"","pay_tool":"","行業代號":null,"行業代號1":null,"名稱1":null,"行業代號2":null,"名稱2":null,"行業代號3":null,"名稱3":null},{"index":80,"id":10034939,"user":"林清海","shop":"東勢第一公有零售市場-ATU越式小館","category":"夜市/市場攤販","zone":"中彰投","city":"臺中市","area":"東勢區","market_name":"東勢第一公有零售市場","market_address":"臺中市東勢區上新里三民街88號","pay_list":"","pay_tool":"","行業代號":null,"行業代號1":null,"名稱1":null,"行業代號2":null,"名稱2":null,"行業代號3":null,"名稱3":null},{"index":81,"id":10034940,"user":"孫六英","shop":"東勢第一公有零售市場-ATU越式小館","category":"夜市/市場攤販","zone":"中彰投","city":"臺中市","area":"東勢區","market_name":"東勢第一公有零售市場","market_address":"臺中市東勢區上新里三民街88號","pay_list":"","pay_tool":"","行業代號":null,"行業代號1":null,"名稱1":null,"行業代號2":null,"名稱2":null,"行業代號3":null,"名稱3":null},{"index":82,"id":10034941,"user":"吳秀琴","shop":"東勢第一公有零售市場-ATU越式小館","category":"夜市/市場攤販","zone":"中彰投","city":"臺中市","area":"東勢區","market_name":"東勢第一公有零售市場","market_address":"臺中市東勢區上新里三民街88號","pay_list":"","pay_tool":"","行業代號":null,"行業代號1":null,"名稱1":null,"行業代號2":null,"名稱2":null,"行業代號3":null,"名稱3":null},{"index":83,"id":10034942,"user":"羅鳳甘","shop":"東勢第一公有零售市場-東勢高山茶","category":"夜市/市場攤販","zone":"中彰投","city":"臺中市","area":"東勢區","market_name":"東勢第一公有零售市場","market_address":"臺中市東勢區上新里三民街88號","pay_list":"","pay_tool":"","行業代號":null,"行業代號1":null,"名稱1":null,"行業代號2":null,"名稱2":null,"行業代號3":null,"名稱3":null},{"index":84,"id":10034943,"user":"林竹茂","shop":"東勢第一公有零售市場-丸三鮮魚行","category":"夜市/市場攤販","zone":"中彰投","city":"臺中市","area":"東勢區","market_name":"東勢第一公有零售市場","market_address":"臺中市東勢區上新里三民街88號","pay_list":"","pay_tool":"","行業代號":null,"行業代號1":null,"名稱1":null,"行業代號2":null,"名稱2":null,"行業代號3":null,"名稱3":null},{"index":85,"id":10034944,"user":"張海?","shop":"東勢第一公有零售市場-玉?美容用品零售","category":"夜市/市場攤販","zone":"中彰投","city":"臺中市","area":"東勢區","market_name":"東勢第一公有零售市場","market_address":"臺中市東勢區上新里三民街88號","pay_list":"","pay_tool":"","行業代號":null,"行業代號1":null,"名稱1":null,"行業代號2":null,"名稱2":null,"行業代號3":null,"名稱3":null},{"index":86,"id":10034945,"user":"王秀英","shop":"東勢第一公有零售市場-阿秋越南雜貨店","category":"夜市/市場攤販","zone":"中彰投","city":"臺中市","area":"東勢區","market_name":"東勢第一公有零售市場","market_address":"臺中市東勢區上新里三民街88號","pay_list":"","pay_tool":"","行業代號":null,"行業代號1":null,"名稱1":null,"行業代號2":null,"名稱2":null,"行業代號3":null,"名稱3":null},{"index":87,"id":10034946,"user":"湯國華","shop":"東勢第一公有零售市場-阿秋越南雜貨店","category":"夜市/市場攤販","zone":"中彰投","city":"臺中市","area":"東勢區","market_name":"東勢第一公有零售市場","market_address":"臺中市東勢區上新里三民街88號","pay_list":"","pay_tool":"","行業代號":null,"行業代號1":null,"名稱1":null,"行業代號2":null,"名稱2":null,"行業代號3":null,"名稱3":null},{"index":88,"id":10034947,"user":"許清源","shop":"東勢第一公有零售市場-心緣館","category":"夜市/市場攤販","zone":"中彰投","city":"臺中市","area":"東勢區","market_name":"東勢第一公有零售市場","market_address":"臺中市東勢區上新里三民街88號","pay_list":"","pay_tool":"","行業代號":null,"行業代號1":null,"名稱1":null,"行業代號2":null,"名稱2":null,"行業代號3":null,"名稱3":null},{"index":89,"id":10034949,"user":"林管男","shop":"東勢第一公有零售市場-丸三鮮魚行","category":"夜市/市場攤販","zone":"中彰投","city":"臺中市","area":"東勢區","market_name":"東勢第一公有零售市場","market_address":"臺中市東勢區上新里三民街88號","pay_list":"","pay_tool":"","行業代號":null,"行業代號1":null,"名稱1":null,"行業代號2":null,"名稱2":null,"行業代號3":null,"名稱3":null},{"index":90,"id":10034950,"user":"詹淑霞","shop":"東勢第一公有零售市場-60年阿婆三角圓","category":"夜市/市場攤販","zone":"中彰投","city":"臺中市","area":"東勢區","market_name":"東勢第一公有零售市場","market_address":"臺中市東勢區上新里三民街88號","pay_list":"","pay_tool":"","行業代號":null,"行業代號1":null,"名稱1":null,"行業代號2":null,"名稱2":null,"行業代號3":null,"名稱3":null},{"index":91,"id":10034951,"user":"謝五娘","shop":"東勢第一公有零售市場-五娘肉品","category":"夜市/市場攤販","zone":"中彰投","city":"臺中市","area":"東勢區","market_name":"東勢第一公有零售市場","market_address":"臺中市東勢區上新里三民街88號","pay_list":"","pay_tool":"","行業代號":null,"行業代號1":null,"名稱1":null,"行業代號2":null,"名稱2":null,"行業代號3":null,"名稱3":null},{"index":92,"id":10034952,"user":"郭秀蓮","shop":"東勢第一公有零售市場-阿?仔禽肉","category":"夜市/市場攤販","zone":"中彰投","city":"臺中市","area":"東勢區","market_name":"東勢第一公有零售市場","market_address":"臺中市東勢區上新里三民街88號","pay_list":"","pay_tool":"","行業代號":null,"行業代號1":null,"名稱1":null,"行業代號2":null,"名稱2":null,"行業代號3":null,"名稱3":null},{"index":93,"id":10034953,"user":"劉明峰","shop":"東勢第一公有零售市場-阿?仔禽肉","category":"夜市/市場攤販","zone":"中彰投","city":"臺中市","area":"東勢區","market_name":"東勢第一公有零售市場","market_address":"臺中市東勢區上新里三民街88號","pay_list":"","pay_tool":"","行業代號":null,"行業代號1":null,"名稱1":null,"行業代號2":null,"名稱2":null,"行業代號3":null,"名稱3":null},{"index":94,"id":10034954,"user":"宋永鑾","shop":"東勢第一公有零售市場-阿蓮服飾修改","category":"夜市/市場攤販","zone":"中彰投","city":"臺中市","area":"東勢區","market_name":"東勢第一公有零售市場","market_address":"臺中市東勢區上新里三民街88號","pay_list":"","pay_tool":"","行業代號":null,"行業代號1":null,"名稱1":null,"行業代號2":null,"名稱2":null,"行業代號3":null,"名稱3":null},{"index":95,"id":10034955,"user":"陳米","shop":"東勢第一公有零售市場-手工肉包","category":"夜市/市場攤販","zone":"中彰投","city":"臺中市","area":"東勢區","market_name":"東勢第一公有零售市場","market_address":"臺中市東勢區上新里三民街88號","pay_list":"","pay_tool":"","行業代號":null,"行業代號1":null,"名稱1":null,"行業代號2":null,"名稱2":null,"行業代號3":null,"名稱3":null},{"index":96,"id":10034956,"user":"林勝三","shop":"東勢第一公有零售市場-丸三鮮魚行","category":"夜市/市場攤販","zone":"中彰投","city":"臺中市","area":"東勢區","market_name":"東勢第一公有零售市場","market_address":"臺中市東勢區上新里三民街88號","pay_list":"","pay_tool":"","行業代號":null,"行業代號1":null,"名稱1":null,"行業代號2":null,"名稱2":null,"行業代號3":null,"名稱3":null},{"index":97,"id":10034957,"user":"黃玉鳳","shop":"東勢第一公有零售市場-玉?美容用品零售","category":"夜市/市場攤販","zone":"中彰投","city":"臺中市","area":"東勢區","market_name":"東勢第一公有零售市場","market_address":"臺中市東勢區上新里三民街88號","pay_list":"","pay_tool":"","行業代號":null,"行業代號1":null,"名稱1":null,"行業代號2":null,"名稱2":null,"行業代號3":null,"名稱3":null},{"index":98,"id":10034958,"user":"陳翠蓮","shop":"東勢第一公有零售市場-恩恩幸福手作","category":"夜市/市場攤販","zone":"中彰投","city":"臺中市","area":"東勢區","market_name":"東勢第一公有零售市場","market_address":"臺中市東勢區上新里三民街88號","pay_list":"","pay_tool":"","行業代號":null,"行業代號1":null,"名稱1":null,"行業代號2":null,"名稱2":null,"行業代號3":null,"名稱3":null},{"index":99,"id":10034960,"user":"黃海松","shop":"東勢第一公有零售市場-桑妮美學工作室","category":"夜市/市場攤販","zone":"中彰投","city":"臺中市","area":"東勢區","market_name":"東勢第一公有零售市場","market_address":"臺中市東勢區上新里三民街88號","pay_list":"","pay_tool":"","行業代號":null,"行業代號1":null,"名稱1":null,"行業代號2":null,"名稱2":null,"行業代號3":null,"名稱3":null},{"index":100,"id":10034961,"user":"張惠涵","shop":"東勢第一公有零售市場-阿嬤工作室","category":"夜市/市場攤販","zone":"中彰投","city":"臺中市","area":"東勢區","market_name":"東勢第一公有零售市場","market_address":"臺中市東勢區上新里三民街88號","pay_list":"","pay_tool":"","行業代號":null,"行業代號1":null,"名稱1":null,"行業代號2":null,"名稱2":null,"行業代號3":null,"名稱3":null},{"index":101,"id":10034962,"user":"蔡佩君","shop":"東勢第一公有零售市場-山線團購","category":"夜市/市場攤販","zone":"中彰投","city":"臺中市","area":"東勢區","market_name":"東勢第一公有零售市場","market_address":"臺中市東勢區上新里三民街88號","pay_list":"","pay_tool":"","行業代號":null,"行業代號1":null,"名稱1":null,"行業代號2":null,"名稱2":null,"行業代號3":null,"名稱3":null},{"index":102,"id":10034963,"user":"唐錫映","shop":"東勢第一公有零售市場-山線團購","category":"夜市/市場攤販","zone":"中彰投","city":"臺中市","area":"東勢區","market_name":"東勢第一公有零售市場","market_address":"臺中市東勢區上新里三民街88號","pay_list":"","pay_tool":"","行業代號":null,"行業代號1":null,"名稱1":null,"行業代號2":null,"名稱2":null,"行業代號3":null,"名稱3":null},{"index":103,"id":20001391,"user":"蔡來進","shop":"郵局肉丸店","category":["夜市/市場攤販"],"zone":"中彰投","city":"臺中市","area":"東勢區","market_name":["餐食攤販"],"market_address":"臺中市東勢區東新里１２鄰東蘭路３７－２８號","pay_list":"","pay_tool":"","行業代號":null,"行業代號1":null,"名稱1":null,"行業代號2":null,"名稱2":null,"行業代號3":null,"名稱3":null},{"index":104,"id":20002197,"user":"林建羽","shop":"早安早餐店","category":["夜市/市場攤販"],"zone":"中彰投","city":"臺中市","area":"東勢區","market_name":["餐食攤販"],"market_address":"臺中市東勢區北興里３鄰豐勢路４９７號","pay_list":"","pay_tool":"","行業代號":null,"行業代號1":null,"名稱1":null,"行業代號2":null,"名稱2":null,"行業代號3":null,"名稱3":null},{"index":105,"id":20002228,"user":"林萬順","shop":"東勢阿婆炒麵","category":["夜市/市場攤販"],"zone":"中彰投","city":"臺中市","area":"東勢區","market_name":["餐食攤販"],"market_address":"臺中市東勢區南平里５鄰忠孝街２５號","pay_list":"","pay_tool":"","行業代號":null,"行業代號1":null,"名稱1":null,"行業代號2":null,"名稱2":null,"行業代號3":null,"名稱3":null},{"index":106,"id":20003152,"user":"劉楊碧媚","shop":"美佳早點","category":["夜市/市場攤販","餐飲"],"zone":"中彰投","city":"臺中市","area":"東勢區","market_name":["餐食攤販","調理飲料攤販"],"market_address":"臺中市東勢區泰昌里３鄰東崎路五段３８９號","pay_list":"","pay_tool":"","行業代號":null,"行業代號1":null,"名稱1":null,"行業代號2":null,"名稱2":null,"行業代號3":null,"名稱3":null},{"index":107,"id":20003335,"user":"岳中城","shop":"山城餐飲","category":["夜市/市場攤販","餐飲"],"zone":"中彰投","city":"臺中市","area":"東勢區","market_name":["餐食攤販","調理飲料攤販"],"market_address":"臺中市東勢區泰昌里東崎街３７９號","pay_list":"","pay_tool":"","行業代號":null,"行業代號1":null,"名稱1":null,"行業代號2":null,"名稱2":null,"行業代號3":null,"名稱3":null},{"index":108,"id":20003404,"user":"何明達","shop":"津爌肉飯","category":["夜市/市場攤販"],"zone":"中彰投","city":"臺中市","area":"東勢區","market_name":["餐食攤販"],"market_address":"臺中市東勢區北興里東關路７段６３８號","pay_list":"","pay_tool":"","行業代號":null,"行業代號1":null,"名稱1":null,"行業代號2":null,"名稱2":null,"行業代號3":null,"名稱3":null},{"index":109,"id":20003405,"user":"石素霞","shop":"石素霞","category":["夜市/市場攤販"],"zone":"中彰投","city":"臺中市","area":"東勢區","market_name":["餐食攤販"],"market_address":"臺中市東勢區新盛里１９鄰東坑路１３５號前面騎樓","pay_list":"","pay_tool":"","行業代號":null,"行業代號1":null,"名稱1":null,"行業代號2":null,"名稱2":null,"行業代號3":null,"名稱3":null},{"index":110,"id":20003514,"user":"徐吳秀滿","shop":"風味早餐店","category":["夜市/市場攤販","餐飲"],"zone":"中彰投","city":"臺中市","area":"東勢區","market_name":["餐食攤販","調理飲料攤販"],"market_address":"臺中市東勢區上新里１０鄰第一橫街２１６號","pay_list":"","pay_tool":"","行業代號":null,"行業代號1":null,"名稱1":null,"行業代號2":null,"名稱2":null,"行業代號3":null,"名稱3":null},{"index":111,"id":20003525,"user":"鄭丁秋香","shop":"鄭丁秋香","category":["夜市/市場攤販"],"zone":"中彰投","city":"臺中市","area":"東勢區","market_name":["餐食攤販"],"market_address":"臺中市東勢區南平里第二橫街６號","pay_list":"","pay_tool":"","行業代號":null,"行業代號1":null,"名稱1":null,"行業代號2":null,"名稱2":null,"行業代號3":null,"名稱3":null},{"index":112,"id":20014124,"user":"詹樹淡","shop":"阿玉早餐店","category":["夜市/市場攤販","餐飲"],"zone":"中彰投","city":"臺中市","area":"東勢區","market_name":["餐食攤販","調理飲料攤販"],"market_address":"臺中市東勢區廣興里９鄰三民街２４８號","pay_list":"","pay_tool":"","行業代號":null,"行業代號1":null,"名稱1":null,"行業代號2":null,"名稱2":null,"行業代號3":null,"名稱3":null},{"index":113,"id":20031723,"user":"洪淑貞","shop":"洪淑貞","category":["夜市/市場攤販"],"zone":"中彰投","city":"臺中市","area":"東勢區","market_name":["餐食攤販"],"market_address":"臺中市東勢區延平里９鄰忠孝街３０號１樓","pay_list":["LINE PAY MONEY"],"pay_tool":["行動支付"],"行業代號":null,"行業代號1":null,"名稱1":null,"行業代號2":null,"名稱2":null,"行業代號3":null,"名稱3":null},{"index":114,"id":20031900,"user":"張麗香","shop":"古早味碳烤地瓜","category":["夜市/市場攤販"],"zone":"中彰投","city":"臺中市","area":"東勢區","market_name":["餐食攤販"],"market_address":"臺中市東勢區延平里豐勢路１３２號前面","pay_list":"","pay_tool":"","行業代號":null,"行業代號1":null,"名稱1":null,"行業代號2":null,"名稱2":null,"行業代號3":null,"名稱3":null},{"index":115,"id":20032446,"user":"鍾智鈞","shop":"雞樂炸雞連鎖專賣店","category":["夜市/市場攤販","餐飲"],"zone":"中彰投","city":"臺中市","area":"東勢區","market_name":["餐食攤販","調理飲料攤販"],"market_address":"臺中市東勢區上新里１０鄰第一橫街２１２號１樓","pay_list":"","pay_tool":"","行業代號":null,"行業代號1":null,"名稱1":null,"行業代號2":null,"名稱2":null,"行業代號3":null,"名稱3":null},{"index":116,"id":20041387,"user":"彭友怡","shop":"品味美食屋","category":["夜市/市場攤販"],"zone":"中彰投","city":"臺中市","area":"東勢區","market_name":["餐食攤販","經營網路購物"],"market_address":"臺中市東勢區南平里豐勢路３６２號","pay_list":["LINE PAY MONEY"],"pay_tool":["行動支付"],"行業代號":null,"行業代號1":null,"名稱1":null,"行業代號2":null,"名稱2":null,"行業代號3":null,"名稱3":null},{"index":117,"id":20041497,"user":"陳嘉棋","shop":"陳嘉棋","category":["夜市/市場攤販","餐飲"],"zone":"中彰投","city":"臺中市","area":"東勢區","market_name":["餐食攤販","調理飲料攤販"],"market_address":"臺中市東勢區廣興里中山路１號（假日黃金市集）","pay_list":["LINE PAY MONEY"],"pay_tool":["行動支付"],"行業代號":null,"行業代號1":null,"名稱1":null,"行業代號2":null,"名稱2":null,"行業代號3":null,"名稱3":null},{"index":118,"id":20041501,"user":"伍貴英","shop":"伍貴英","category":["夜市/市場攤販"],"zone":"中彰投","city":"臺中市","area":"東勢區","market_name":["餐食攤販"],"market_address":"臺中市東勢區廣興里中山路１號（館外左側攤販）","pay_list":"","pay_tool":"","行業代號":null,"行業代號1":null,"名稱1":null,"行業代號2":null,"名稱2":null,"行業代號3":null,"名稱3":null},{"index":119,"id":20041502,"user":"顏淑芬","shop":"顏淑芬","category":["夜市/市場攤販","餐飲"],"zone":"中彰投","city":"臺中市","area":"東勢區","market_name":["餐食攤販","調理飲料攤販"],"market_address":"臺中市東勢區廣興里中山路１號（館外左側攤販）","pay_list":["LINE PAY MONEY"],"pay_tool":["行動支付"],"行業代號":null,"行業代號1":null,"名稱1":null,"行業代號2":null,"名稱2":null,"行業代號3":null,"名稱3":null},{"index":120,"id":20041503,"user":"詹春錫","shop":"詹春錫","category":["夜市/市場攤販"],"zone":"中彰投","city":"臺中市","area":"東勢區","market_name":["餐食攤販"],"market_address":"臺中市東勢區廣興里中山路１號（館外左側攤販）","pay_list":"","pay_tool":"","行業代號":null,"行業代號1":null,"名稱1":null,"行業代號2":null,"名稱2":null,"行業代號3":null,"名稱3":null},{"index":121,"id":20041504,"user":"張誌宸","shop":"張誌宸","category":["夜市/市場攤販"],"zone":"中彰投","city":"臺中市","area":"東勢區","market_name":["餐食攤販"],"market_address":"臺中市東勢區廣興里中山路１號（館外左側攤販）","pay_list":"","pay_tool":"","行業代號":null,"行業代號1":null,"名稱1":null,"行業代號2":null,"名稱2":null,"行業代號3":null,"名稱3":null},{"index":122,"id":20060736,"user":"楊碧玲","shop":"早安美芝城","category":["夜市/市場攤販","餐飲"],"zone":"中彰投","city":"臺中市","area":"東勢區","market_name":["餐食攤販","調理飲料攤販"],"market_address":"臺中市東勢區廣興里三民街１１８號左側","pay_list":"","pay_tool":"","行業代號":null,"行業代號1":null,"名稱1":null,"行業代號2":null,"名稱2":null,"行業代號3":null,"名稱3":null},{"index":123,"id":20060866,"user":"管玉霞","shop":"佳品小吃店","category":["夜市/市場攤販","餐飲"],"zone":"中彰投","city":"臺中市","area":"東勢區","market_name":["餐食攤販","調理飲料攤販"],"market_address":"臺中市東勢區東安里第五橫街５４號１樓","pay_list":"","pay_tool":"","行業代號":null,"行業代號1":null,"名稱1":null,"行業代號2":null,"名稱2":null,"行業代號3":null,"名稱3":null},{"index":124,"id":20061413,"user":"詹娟容","shop":"好鄰居早點","category":["夜市/市場攤販"],"zone":"中彰投","city":"臺中市","area":"東勢區","market_name":["餐食攤販"],"market_address":"臺中市東勢區中寧里三民街１８３號","pay_list":"","pay_tool":"","行業代號":null,"行業代號1":null,"名稱1":null,"行業代號2":null,"名稱2":null,"行業代號3":null,"名稱3":null},{"index":125,"id":60060435,"user":"吳偉雄","shop":"小王子滷味店","category":["夜市/市場攤販"],"zone":"中彰投","city":"臺中市","area":"東勢區","market_name":["餐食攤販"],"market_address":"臺中市東勢區廣興里５鄰三民街１６０號","pay_list":null,"pay_tool":null,"行業代號":"561200","行業代號1":"","名稱1":"","行業代號2":"","名稱2":"","行業代號3":"","名稱3":""},{"index":126,"id":60079124,"user":"葉秋貴","shop":"味味香庭園餐廳","category":["夜市/市場攤販"],"zone":"中彰投","city":"臺中市","area":"東勢區","market_name":["餐食攤販"],"market_address":"臺中市東勢區埤頭里石城街石山巷１１號之１","pay_list":null,"pay_tool":null,"行業代號":"561200","行業代號1":"","名稱1":"","行業代號2":"","名稱2":"","行業代號3":"","名稱3":""},{"index":127,"id":60082596,"user":"鄧文峰","shop":"大肥鴨東山鴨頭","category":["夜市/市場攤販"],"zone":"中彰投","city":"臺中市","area":"東勢區","market_name":["餐食攤販"],"market_address":"臺中市東勢區新盛里新盛街１７９號","pay_list":null,"pay_tool":null,"行業代號":"561200","行業代號1":"","名稱1":"","行業代號2":"","名稱2":"","行業代號3":"","名稱3":""},{"index":128,"id":60113031,"user":"古芷菱","shop":"艸止日央製餅舖","category":["夜市/市場攤販"],"zone":"中彰投","city":"臺中市","area":"東勢區","market_name":["餐食攤販"],"market_address":"臺中市東勢區新盛里豐勢路１２號１樓","pay_list":null,"pay_tool":null,"行業代號":"561200","行業代號1":"","名稱1":"","行業代號2":"","名稱2":"","行業代號3":"","名稱3":""},{"index":129,"id":60114025,"user":"陳志戭","shop":"彪哥商行","category":["夜市/市場攤販"],"zone":"中彰投","city":"臺中市","area":"東勢區","market_name":["餐食攤販"],"market_address":"臺中市東勢區南平里第三橫街８號１樓","pay_list":null,"pay_tool":null,"行業代號":"561200","行業代號1":"","名稱1":"","行業代號2":"","名稱2":"","行業代號3":"","名稱3":""}]