[{"index":1,"shop":"三星公有零售市場-1","zone":"宜蘭","city":"宜蘭縣","area":"三星鄉","market_address":"宜蘭縣三星鄉中山路一段181號","user":"李文樑","行業代號":null,"market_name":"三星公有零售市場","行業代號1":null,"名稱1":null,"行業代號2":null,"名稱2":null,"行業代號3":null,"名稱3":null,"category":"夜市/市場攤販","id":10001233,"pay_list":"","pay_tool":""},{"index":2,"shop":"三星公有零售市場-10","zone":"宜蘭","city":"宜蘭縣","area":"三星鄉","market_address":"宜蘭縣三星鄉中山路一段181號","user":"張文昌","行業代號":null,"market_name":"三星公有零售市場","行業代號1":null,"名稱1":null,"行業代號2":null,"名稱2":null,"行業代號3":null,"名稱3":null,"category":"夜市/市場攤販","id":10001234,"pay_list":"","pay_tool":""},{"index":3,"shop":"三星公有零售市場-11","zone":"宜蘭","city":"宜蘭縣","area":"三星鄉","market_address":"宜蘭縣三星鄉中山路一段181號","user":"吳讚義","行業代號":null,"market_name":"三星公有零售市場","行業代號1":null,"名稱1":null,"行業代號2":null,"名稱2":null,"行業代號3":null,"名稱3":null,"category":"夜市/市場攤販","id":10002345,"pay_list":"","pay_tool":""},{"index":4,"shop":"三星公有零售市場-12","zone":"宜蘭","city":"宜蘭縣","area":"三星鄉","market_address":"宜蘭縣三星鄉中山路一段181號","user":"蔡阿綢","行業代號":null,"market_name":"三星公有零售市場","行業代號1":null,"名稱1":null,"行業代號2":null,"名稱2":null,"行業代號3":null,"名稱3":null,"category":"夜市/市場攤販","id":10003456,"pay_list":"","pay_tool":""},{"index":5,"shop":"三星公有零售市場-13","zone":"宜蘭","city":"宜蘭縣","area":"三星鄉","market_address":"宜蘭縣三星鄉中山路一段181號","user":"林月花","行業代號":null,"market_name":"三星公有零售市場","行業代號1":null,"名稱1":null,"行業代號2":null,"名稱2":null,"行業代號3":null,"名稱3":null,"category":"夜市/市場攤販","id":10004158,"pay_list":"","pay_tool":""},{"index":6,"shop":"三星公有零售市場-14","zone":"宜蘭","city":"宜蘭縣","area":"三星鄉","market_address":"宜蘭縣三星鄉中山路一段181號","user":"無","行業代號":null,"market_name":"三星公有零售市場","行業代號1":null,"名稱1":null,"行業代號2":null,"名稱2":null,"行業代號3":null,"名稱3":null,"category":"夜市/市場攤販","id":10005269,"pay_list":"","pay_tool":""},{"index":7,"shop":"三星公有零售市場-15","zone":"宜蘭","city":"宜蘭縣","area":"三星鄉","market_address":"宜蘭縣三星鄉中山路一段181號","user":"吳兆竣","行業代號":null,"market_name":"三星公有零售市場","行業代號1":null,"名稱1":null,"行業代號2":null,"名稱2":null,"行業代號3":null,"名稱3":null,"category":"夜市/市場攤販","id":10006380,"pay_list":"","pay_tool":""},{"index":8,"shop":"三星公有零售市場-16","zone":"宜蘭","city":"宜蘭縣","area":"三星鄉","market_address":"宜蘭縣三星鄉中山路一段181號","user":"林邁","行業代號":null,"market_name":"三星公有零售市場","行業代號1":null,"名稱1":null,"行業代號2":null,"名稱2":null,"行業代號3":null,"名稱3":null,"category":"夜市/市場攤販","id":10007491,"pay_list":"","pay_tool":""},{"index":9,"shop":"三星公有零售市場-17","zone":"宜蘭","city":"宜蘭縣","area":"三星鄉","market_address":"宜蘭縣三星鄉中山路一段181號","user":"許瑞美","行業代號":null,"market_name":"三星公有零售市場","行業代號1":null,"名稱1":null,"行業代號2":null,"名稱2":null,"行業代號3":null,"名稱3":null,"category":"夜市/市場攤販","id":10008602,"pay_list":"","pay_tool":""},{"index":10,"shop":"三星公有零售市場-18","zone":"宜蘭","city":"宜蘭縣","area":"三星鄉","market_address":"宜蘭縣三星鄉中山路一段181號","user":"吳讚義","行業代號":null,"market_name":"三星公有零售市場","行業代號1":null,"名稱1":null,"行業代號2":null,"名稱2":null,"行業代號3":null,"名稱3":null,"category":"夜市/市場攤販","id":10009713,"pay_list":"","pay_tool":""},{"index":11,"shop":"三星公有零售市場-19","zone":"宜蘭","city":"宜蘭縣","area":"三星鄉","market_address":"宜蘭縣三星鄉中山路一段181號","user":"黃美玲","行業代號":null,"market_name":"三星公有零售市場","行業代號1":null,"名稱1":null,"行業代號2":null,"名稱2":null,"行業代號3":null,"名稱3":null,"category":"夜市/市場攤販","id":10010824,"pay_list":"","pay_tool":""},{"index":12,"shop":"三星公有零售市場-2","zone":"宜蘭","city":"宜蘭縣","area":"三星鄉","market_address":"宜蘭縣三星鄉中山路一段181號","user":"官孝擇","行業代號":null,"market_name":"三星公有零售市場","行業代號1":null,"名稱1":null,"行業代號2":null,"名稱2":null,"行業代號3":null,"名稱3":null,"category":"夜市/市場攤販","id":10011935,"pay_list":"","pay_tool":""},{"index":13,"shop":"三星公有零售市場-20","zone":"宜蘭","city":"宜蘭縣","area":"三星鄉","market_address":"宜蘭縣三星鄉中山路一段181號","user":"施繻芳","行業代號":null,"market_name":"三星公有零售市場","行業代號1":null,"名稱1":null,"行業代號2":null,"名稱2":null,"行業代號3":null,"名稱3":null,"category":"夜市/市場攤販","id":10011936,"pay_list":"","pay_tool":""},{"index":14,"shop":"三星公有零售市場-21","zone":"宜蘭","city":"宜蘭縣","area":"三星鄉","market_address":"宜蘭縣三星鄉中山路一段181號","user":"廖宇涵","行業代號":null,"market_name":"三星公有零售市場","行業代號1":null,"名稱1":null,"行業代號2":null,"名稱2":null,"行業代號3":null,"名稱3":null,"category":"夜市/市場攤販","id":10013047,"pay_list":"","pay_tool":""},{"index":15,"shop":"三星公有零售市場-22","zone":"宜蘭","city":"宜蘭縣","area":"三星鄉","market_address":"宜蘭縣三星鄉中山路一段181號","user":"林薇","行業代號":null,"market_name":"三星公有零售市場","行業代號1":null,"名稱1":null,"行業代號2":null,"名稱2":null,"行業代號3":null,"名稱3":null,"category":"夜市/市場攤販","id":10014158,"pay_list":"","pay_tool":""},{"index":16,"shop":"三星公有零售市場-23","zone":"宜蘭","city":"宜蘭縣","area":"三星鄉","market_address":"宜蘭縣三星鄉中山路一段181號","user":"徐永芸","行業代號":null,"market_name":"三星公有零售市場","行業代號1":null,"名稱1":null,"行業代號2":null,"名稱2":null,"行業代號3":null,"名稱3":null,"category":"夜市/市場攤販","id":10015269,"pay_list":"","pay_tool":""},{"index":17,"shop":"三星公有零售市場-24","zone":"宜蘭","city":"宜蘭縣","area":"三星鄉","market_address":"宜蘭縣三星鄉中山路一段181號","user":"張文昌","行業代號":null,"market_name":"三星公有零售市場","行業代號1":null,"名稱1":null,"行業代號2":null,"名稱2":null,"行業代號3":null,"名稱3":null,"category":"夜市/市場攤販","id":10016380,"pay_list":"","pay_tool":""},{"index":18,"shop":"三星公有零售市場-25","zone":"宜蘭","city":"宜蘭縣","area":"三星鄉","market_address":"宜蘭縣三星鄉中山路一段181號","user":"翁秀清","行業代號":null,"market_name":"三星公有零售市場","行業代號1":null,"名稱1":null,"行業代號2":null,"名稱2":null,"行業代號3":null,"名稱3":null,"category":"夜市/市場攤販","id":10017491,"pay_list":"","pay_tool":""},{"index":19,"shop":"三星公有零售市場-26","zone":"宜蘭","city":"宜蘭縣","area":"三星鄉","market_address":"宜蘭縣三星鄉中山路一段181號","user":"胡?富","行業代號":null,"market_name":"三星公有零售市場","行業代號1":null,"名稱1":null,"行業代號2":null,"名稱2":null,"行業代號3":null,"名稱3":null,"category":"夜市/市場攤販","id":10018602,"pay_list":"","pay_tool":""},{"index":20,"shop":"三星公有零售市場-27","zone":"宜蘭","city":"宜蘭縣","area":"三星鄉","market_address":"宜蘭縣三星鄉中山路一段181號","user":"黃秀英","行業代號":null,"market_name":"三星公有零售市場","行業代號1":null,"名稱1":null,"行業代號2":null,"名稱2":null,"行業代號3":null,"名稱3":null,"category":"夜市/市場攤販","id":10019713,"pay_list":"","pay_tool":""},{"index":21,"shop":"三星公有零售市場-28","zone":"宜蘭","city":"宜蘭縣","area":"三星鄉","market_address":"宜蘭縣三星鄉中山路一段181號","user":"陳建華","行業代號":null,"market_name":"三星公有零售市場","行業代號1":null,"名稱1":null,"行業代號2":null,"名稱2":null,"行業代號3":null,"名稱3":null,"category":"夜市/市場攤販","id":10020824,"pay_list":"","pay_tool":""},{"index":22,"shop":"三星公有零售市場-29","zone":"宜蘭","city":"宜蘭縣","area":"三星鄉","market_address":"宜蘭縣三星鄉中山路一段181號","user":"林本業","行業代號":null,"market_name":"三星公有零售市場","行業代號1":null,"名稱1":null,"行業代號2":null,"名稱2":null,"行業代號3":null,"名稱3":null,"category":"夜市/市場攤販","id":10021935,"pay_list":"","pay_tool":""},{"index":23,"shop":"三星公有零售市場-3","zone":"宜蘭","city":"宜蘭縣","area":"三星鄉","market_address":"宜蘭縣三星鄉中山路一段181號","user":"李慶灶","行業代號":null,"market_name":"三星公有零售市場","行業代號1":null,"名稱1":null,"行業代號2":null,"名稱2":null,"行業代號3":null,"名稱3":null,"category":"夜市/市場攤販","id":10023046,"pay_list":"","pay_tool":""},{"index":24,"shop":"三星公有零售市場-30","zone":"宜蘭","city":"宜蘭縣","area":"三星鄉","market_address":"宜蘭縣三星鄉中山路一段181號","user":"李月如","行業代號":null,"market_name":"三星公有零售市場","行業代號1":null,"名稱1":null,"行業代號2":null,"名稱2":null,"行業代號3":null,"名稱3":null,"category":"夜市/市場攤販","id":10023047,"pay_list":"","pay_tool":""},{"index":25,"shop":"三星公有零售市場-31","zone":"宜蘭","city":"宜蘭縣","area":"三星鄉","market_address":"宜蘭縣三星鄉中山路一段181號","user":"張文昌","行業代號":null,"market_name":"三星公有零售市場","行業代號1":null,"名稱1":null,"行業代號2":null,"名稱2":null,"行業代號3":null,"名稱3":null,"category":"夜市/市場攤販","id":10024158,"pay_list":"","pay_tool":""},{"index":26,"shop":"三星公有零售市場-32","zone":"宜蘭","city":"宜蘭縣","area":"三星鄉","market_address":"宜蘭縣三星鄉中山路一段181號","user":"張寶鳳","行業代號":null,"market_name":"三星公有零售市場","行業代號1":null,"名稱1":null,"行業代號2":null,"名稱2":null,"行業代號3":null,"名稱3":null,"category":"夜市/市場攤販","id":10025269,"pay_list":"","pay_tool":""},{"index":27,"shop":"三星公有零售市場-33","zone":"宜蘭","city":"宜蘭縣","area":"三星鄉","market_address":"宜蘭縣三星鄉中山路一段181號","user":"張文昌","行業代號":null,"market_name":"三星公有零售市場","行業代號1":null,"名稱1":null,"行業代號2":null,"名稱2":null,"行業代號3":null,"名稱3":null,"category":"夜市/市場攤販","id":10026380,"pay_list":"","pay_tool":""},{"index":28,"shop":"三星公有零售市場-34","zone":"宜蘭","city":"宜蘭縣","area":"三星鄉","market_address":"宜蘭縣三星鄉中山路一段181號","user":"張文昌","行業代號":null,"market_name":"三星公有零售市場","行業代號1":null,"名稱1":null,"行業代號2":null,"名稱2":null,"行業代號3":null,"名稱3":null,"category":"夜市/市場攤販","id":10027491,"pay_list":"","pay_tool":""},{"index":29,"shop":"三星公有零售市場-35","zone":"宜蘭","city":"宜蘭縣","area":"三星鄉","market_address":"宜蘭縣三星鄉中山路一段181號","user":"張文昌","行業代號":null,"market_name":"三星公有零售市場","行業代號1":null,"名稱1":null,"行業代號2":null,"名稱2":null,"行業代號3":null,"名稱3":null,"category":"夜市/市場攤販","id":10028602,"pay_list":"","pay_tool":""},{"index":30,"shop":"三星公有零售市場-36","zone":"宜蘭","city":"宜蘭縣","area":"三星鄉","market_address":"宜蘭縣三星鄉中山路一段181號","user":"楊少廷","行業代號":null,"market_name":"三星公有零售市場","行業代號1":null,"名稱1":null,"行業代號2":null,"名稱2":null,"行業代號3":null,"名稱3":null,"category":"夜市/市場攤販","id":10029713,"pay_list":"","pay_tool":""},{"index":31,"shop":"三星公有零售市場-37","zone":"宜蘭","city":"宜蘭縣","area":"三星鄉","market_address":"宜蘭縣三星鄉中山路一段181號","user":"張文昌","行業代號":null,"market_name":"三星公有零售市場","行業代號1":null,"名稱1":null,"行業代號2":null,"名稱2":null,"行業代號3":null,"名稱3":null,"category":"夜市/市場攤販","id":10030824,"pay_list":"","pay_tool":""},{"index":32,"shop":"三星公有零售市場-38","zone":"宜蘭","city":"宜蘭縣","area":"三星鄉","market_address":"宜蘭縣三星鄉中山路一段181號","user":"陳秀純","行業代號":null,"market_name":"三星公有零售市場","行業代號1":null,"名稱1":null,"行業代號2":null,"名稱2":null,"行業代號3":null,"名稱3":null,"category":"夜市/市場攤販","id":10031935,"pay_list":"","pay_tool":""},{"index":33,"shop":"三星公有零售市場-4","zone":"宜蘭","city":"宜蘭縣","area":"三星鄉","market_address":"宜蘭縣三星鄉中山路一段181號","user":"翁寶鳳","行業代號":null,"market_name":"三星公有零售市場","行業代號1":null,"名稱1":null,"行業代號2":null,"名稱2":null,"行業代號3":null,"名稱3":null,"category":"夜市/市場攤販","id":10034157,"pay_list":"","pay_tool":""},{"index":34,"shop":"三星公有零售市場-5","zone":"宜蘭","city":"宜蘭縣","area":"三星鄉","market_address":"宜蘭縣三星鄉中山路一段181號","user":"翁秀清","行業代號":null,"market_name":"三星公有零售市場","行業代號1":null,"名稱1":null,"行業代號2":null,"名稱2":null,"行業代號3":null,"名稱3":null,"category":"夜市/市場攤販","id":10045268,"pay_list":"","pay_tool":""},{"index":35,"shop":"三星公有零售市場-6","zone":"宜蘭","city":"宜蘭縣","area":"三星鄉","market_address":"宜蘭縣三星鄉中山路一段181號","user":"楊少廷","行業代號":null,"market_name":"三星公有零售市場","行業代號1":null,"名稱1":null,"行業代號2":null,"名稱2":null,"行業代號3":null,"名稱3":null,"category":"夜市/市場攤販","id":10055434,"pay_list":"","pay_tool":""},{"index":36,"shop":"三星公有零售市場-7","zone":"宜蘭","city":"宜蘭縣","area":"三星鄉","market_address":"宜蘭縣三星鄉中山路一段181號","user":"楊少廷","行業代號":null,"market_name":"三星公有零售市場","行業代號1":null,"名稱1":null,"行業代號2":null,"名稱2":null,"行業代號3":null,"名稱3":null,"category":"夜市/市場攤販","id":10060959,"pay_list":"","pay_tool":""},{"index":37,"shop":"三星公有零售市場-8","zone":"宜蘭","city":"宜蘭縣","area":"三星鄉","market_address":"宜蘭縣三星鄉中山路一段181號","user":"林文通","行業代號":null,"market_name":"三星公有零售市場","行業代號1":null,"名稱1":null,"行業代號2":null,"名稱2":null,"行業代號3":null,"名稱3":null,"category":"夜市/市場攤販","id":10062070,"pay_list":"","pay_tool":""},{"index":38,"shop":"三星公有零售市場-9","zone":"宜蘭","city":"宜蘭縣","area":"三星鄉","market_address":"宜蘭縣三星鄉中山路一段181號","user":"林碧兒","行業代號":null,"market_name":"三星公有零售市場","行業代號1":null,"名稱1":null,"行業代號2":null,"名稱2":null,"行業代號3":null,"名稱3":null,"category":"夜市/市場攤販","id":10062885,"pay_list":"","pay_tool":""},{"index":39,"shop":"二阿姨冷飲","zone":"宜蘭","city":"宜蘭縣","area":"三星鄉","market_address":"宜蘭縣三星鄉天山村三星路七段３０５號騎樓","user":"尤秀玉","行業代號":null,"market_name":["調理飲料攤販"],"行業代號1":null,"名稱1":null,"行業代號2":null,"名稱2":null,"行業代號3":null,"名稱3":null,"category":["夜市/市場攤販"],"id":20029217,"pay_list":"","pay_tool":""},{"index":40,"shop":"正三星蔥油餅","zone":"宜蘭","city":"宜蘭縣","area":"三星鄉","market_address":"宜蘭縣三星鄉天山村三星路七段３０５號騎樓","user":"龔德義","行業代號":null,"market_name":["餐食攤販"],"行業代號1":null,"名稱1":null,"行業代號2":null,"名稱2":null,"行業代號3":null,"名稱3":null,"category":["夜市/市場攤販"],"id":20029218,"pay_list":"","pay_tool":""},{"index":41,"shop":"何家三星蔥餡餅","zone":"宜蘭","city":"宜蘭縣","area":"三星鄉","market_address":"宜蘭縣三星鄉天山村０１３鄰三星路八段２號外","user":"何清安","行業代號":null,"market_name":["餐食攤販"],"行業代號1":null,"名稱1":null,"行業代號2":null,"名稱2":null,"行業代號3":null,"名稱3":null,"category":["夜市/市場攤販"],"id":20029252,"pay_list":"","pay_tool":""},{"index":42,"shop":"芯恩商行","zone":"宜蘭","city":"宜蘭縣","area":"三星鄉","market_address":"宜蘭縣三星鄉雙賢村三星路六段４２號","user":"張筱羚","行業代號":"561200","market_name":["餐食攤販"],"行業代號1":"","名稱1":"","行業代號2":"","名稱2":"","行業代號3":"","名稱3":"","category":["夜市/市場攤販"],"id":60098684,"pay_list":null,"pay_tool":null},{"index":43,"shop":"喜悅商行","zone":"宜蘭","city":"宜蘭縣","area":"三星鄉","market_address":"宜蘭縣三星鄉大隱村大埔中路２６５巷１８弄８號１樓","user":"何泳珏","行業代號":"563200","market_name":["調理飲料攤販"],"行業代號1":"","名稱1":"","行業代號2":"","名稱2":"","行業代號3":"","名稱3":"","category":["夜市/市場攤販"],"id":60105122,"pay_list":null,"pay_tool":null}]