[{"index":1,"id":10029401,"category":"夜市/市場攤販","city":"新竹縣","area":"五峰鄉","market_name":"峰市集","market_address":"新竹縣五峰鄉15鄰243號(清泉風景特定區內原住民族館旁)","shop":"峰市集-1號攤","pay_list":"","zone":"桃竹苗","user":"無","pay_tool":""},{"index":2,"id":10029402,"category":"夜市/市場攤販","city":"新竹縣","area":"五峰鄉","market_name":"峰市集","market_address":"新竹縣五峰鄉15鄰243號(清泉風景特定區內原住民族館旁)","shop":"峰市集-2號攤","pay_list":"","zone":"桃竹苗","user":"無","pay_tool":""},{"index":3,"id":10029404,"category":"夜市/市場攤販","city":"新竹縣","area":"五峰鄉","market_name":"峰市集","market_address":"新竹縣五峰鄉15鄰243號(清泉風景特定區內原住民族館旁)","shop":"峰市集-3號攤","pay_list":"","zone":"桃竹苗","user":"無","pay_tool":""},{"index":4,"id":10029405,"category":"夜市/市場攤販","city":"新竹縣","area":"五峰鄉","market_name":"峰市集","market_address":"新竹縣五峰鄉15鄰243號(清泉風景特定區內原住民族館旁)","shop":"峰市集-4號攤","pay_list":"","zone":"桃竹苗","user":"無","pay_tool":""},{"index":5,"id":10029406,"category":"夜市/市場攤販","city":"新竹縣","area":"五峰鄉","market_name":"峰市集","market_address":"新竹縣五峰鄉15鄰243號(清泉風景特定區內原住民族館旁)","shop":"峰市集-5號攤","pay_list":"","zone":"桃竹苗","user":"無","pay_tool":""},{"index":6,"id":10029407,"category":"夜市/市場攤販","city":"新竹縣","area":"五峰鄉","market_name":"峰市集","market_address":"新竹縣五峰鄉15鄰243號(清泉風景特定區內原住民族館旁)","shop":"峰市集-6號攤","pay_list":"","zone":"桃竹苗","user":"無","pay_tool":""},{"index":7,"id":10029408,"category":"夜市/市場攤販","city":"新竹縣","area":"五峰鄉","market_name":"峰市集","market_address":"新竹縣五峰鄉15鄰243號(清泉風景特定區內原住民族館旁)","shop":"峰市集-7號攤","pay_list":"","zone":"桃竹苗","user":"無","pay_tool":""},{"index":8,"id":10029409,"category":"夜市/市場攤販","city":"新竹縣","area":"五峰鄉","market_name":"峰市集","market_address":"新竹縣五峰鄉15鄰243號(清泉風景特定區內原住民族館旁)","shop":"峰市集-傳統手搗小米麻糬","pay_list":"","zone":"桃竹苗","user":"無","pay_tool":""},{"index":9,"id":10029410,"category":"夜市/市場攤販","city":"新竹縣","area":"五峰鄉","market_name":"峰市集","market_address":"新竹縣五峰鄉15鄰243號(清泉風景特定區內原住民族館旁)","shop":"峰市集-9號攤","pay_list":"","zone":"桃竹苗","user":"無","pay_tool":""},{"index":10,"id":10029411,"category":"夜市/市場攤販","city":"新竹縣","area":"五峰鄉","market_name":"峰市集","market_address":"新竹縣五峰鄉15鄰243號(清泉風景特定區內原住民族館旁)","shop":"峰市集-茅圃小吃","pay_list":"","zone":"桃竹苗","user":"無","pay_tool":""}]