[{"index":1,"id":20039249,"user":"王英傑","shop":"海辣餐廳","category":["夜市/市場攤販"],"zone":"高屏","city":"屏東縣","area":"車城鄉","market_name":["餐食攤販"],"market_address":"屏東縣車城鄉溫泉村１３鄰溫泉路２１５號","pay_list":"","pay_tool":""},{"index":2,"id":20045444,"user":"林陳秀品","shop":"攤販","category":["夜市/市場攤販"],"zone":"高屏","city":"屏東縣","area":"車城鄉","market_name":["餐食攤販"],"market_address":"屏東縣車城鄉福興村中山路２９巷５號","pay_list":"","pay_tool":""}]