[{"index":1,"id":10036116,"user":"簡薆馨","shop":"龍泉公有零售市場-來日美SPA美妍坊","category":"夜市/市場攤販","zone":"中彰投","city":"臺中市","area":"龍井區","market_name":"龍泉公有零售市場","market_address":"臺中市龍井區龍泉里沙田路5段30巷50-2弄1號","pay_list":"","pay_tool":""},{"index":2,"id":10036117,"user":"謝明文","shop":"龍泉公有零售市場-明文澎湖海產","category":"夜市/市場攤販","zone":"中彰投","city":"臺中市","area":"龍井區","market_name":"龍泉公有零售市場","market_address":"臺中市龍井區龍泉里沙田路5段30巷50-2弄1號","pay_list":"","pay_tool":""},{"index":3,"id":10036118,"user":"陳厚吟","shop":"龍泉公有零售市場-創意生活館","category":"夜市/市場攤販","zone":"中彰投","city":"臺中市","area":"龍井區","market_name":"龍泉公有零售市場","market_address":"臺中市龍井區龍泉里沙田路5段30巷50-2弄1號","pay_list":"","pay_tool":""},{"index":4,"id":10036119,"user":"蔡世鴻","shop":"龍泉公有零售市場-豐安玻璃工程行","category":"夜市/市場攤販","zone":"中彰投","city":"臺中市","area":"龍井區","market_name":"龍泉公有零售市場","market_address":"臺中市龍井區龍泉里沙田路5段30巷50-2弄1號","pay_list":"","pay_tool":""},{"index":5,"id":10036120,"user":"彭金連","shop":"龍泉公有零售市場-吉利養生食品商行","category":"夜市/市場攤販","zone":"中彰投","city":"臺中市","area":"龍井區","market_name":"龍泉公有零售市場","market_address":"臺中市龍井區龍泉里沙田路5段30巷50-2弄1號","pay_list":"","pay_tool":""},{"index":6,"id":10036121,"user":"陳冠之","shop":"龍泉公有零售市場-雅芳?家","category":"夜市/市場攤販","zone":"中彰投","city":"臺中市","area":"龍井區","market_name":"龍泉公有零售市場","market_address":"臺中市龍井區龍泉里沙田路5段30巷50-2弄1號","pay_list":"","pay_tool":""},{"index":7,"id":10036122,"user":"林佳臻","shop":"龍泉公有零售市場-至觀圖書事業","category":"夜市/市場攤販","zone":"中彰投","city":"臺中市","area":"龍井區","market_name":"龍泉公有零售市場","market_address":"臺中市龍井區龍泉里沙田路5段30巷50-2弄1號","pay_list":"","pay_tool":""},{"index":8,"id":10036123,"user":"李貴美","shop":"龍泉公有零售市場-宜加窗簾寢飾","category":"夜市/市場攤販","zone":"中彰投","city":"臺中市","area":"龍井區","market_name":"龍泉公有零售市場","market_address":"臺中市龍井區龍泉里沙田路5段30巷50-2弄1號","pay_list":"","pay_tool":""},{"index":9,"id":10036124,"user":"紀美文","shop":"龍泉公有零售市場-龍泉豬肉舖","category":"夜市/市場攤販","zone":"中彰投","city":"臺中市","area":"龍井區","market_name":"龍泉公有零售市場","market_address":"臺中市龍井區龍泉里沙田路5段30巷50-2弄1號","pay_list":"","pay_tool":""},{"index":10,"id":10036126,"user":"劉淑鈴","shop":"龍泉公有零售市場-美美?店","category":"夜市/市場攤販","zone":"中彰投","city":"臺中市","area":"龍井區","market_name":"龍泉公有零售市場","market_address":"臺中市龍井區龍泉里沙田路5段30巷50-2弄1號","pay_list":"","pay_tool":""},{"index":11,"id":10036127,"user":"林惠雯","shop":"龍泉公有零售市場-美美2店","category":"夜市/市場攤販","zone":"中彰投","city":"臺中市","area":"龍井區","market_name":"龍泉公有零售市場","market_address":"臺中市龍井區龍泉里沙田路5段30巷50-2弄1號","pay_list":"","pay_tool":""},{"index":12,"id":10036128,"user":"廖武泉","shop":"龍泉公有零售市場-榮泉鮮肉湯圓","category":"夜市/市場攤販","zone":"中彰投","city":"臺中市","area":"龍井區","market_name":"龍泉公有零售市場","market_address":"臺中市龍井區龍泉里沙田路5段30巷50-2弄1號","pay_list":"","pay_tool":""},{"index":13,"id":10036129,"user":"王  甚","shop":"龍泉公有零售市場-小趙早點","category":"夜市/市場攤販","zone":"中彰投","city":"臺中市","area":"龍井區","market_name":"龍泉公有零售市場","market_address":"臺中市龍井區龍泉里沙田路5段30巷50-2弄1號","pay_list":"","pay_tool":""},{"index":14,"id":10036130,"user":"李駿綸","shop":"龍泉公有零售市場-阿福油雞","category":"夜市/市場攤販","zone":"中彰投","city":"臺中市","area":"龍井區","market_name":"龍泉公有零售市場","market_address":"臺中市龍井區龍泉里沙田路5段30巷50-2弄1號","pay_list":"","pay_tool":""},{"index":15,"id":10036131,"user":"王譽雯","shop":"龍泉公有零售市場-清粥小菜","category":"夜市/市場攤販","zone":"中彰投","city":"臺中市","area":"龍井區","market_name":"龍泉公有零售市場","market_address":"臺中市龍井區龍泉里沙田路5段30巷50-2弄1號","pay_list":"","pay_tool":""},{"index":16,"id":10036132,"user":"陳成銘","shop":"龍泉公有零售市場-黑豬肉","category":"夜市/市場攤販","zone":"中彰投","city":"臺中市","area":"龍井區","market_name":"龍泉公有零售市場","market_address":"臺中市龍井區龍泉里沙田路5段30巷50-2弄1號","pay_list":"","pay_tool":""},{"index":17,"id":10036133,"user":"朱秀香","shop":"龍泉公有零售市場-龍承商號","category":"夜市/市場攤販","zone":"中彰投","city":"臺中市","area":"龍井區","market_name":"龍泉公有零售市場","market_address":"臺中市龍井區龍泉里沙田路5段30巷50-2弄1號","pay_list":"","pay_tool":""},{"index":18,"id":20014423,"user":"黃心玲","shop":"正宗傳統福州包","category":["夜市/市場攤販"],"zone":"中彰投","city":"臺中市","area":"龍井區","market_name":["餐食攤販"],"market_address":"臺中市龍井區新東里５鄰新興路東興巷１號前","pay_list":"","pay_tool":""},{"index":19,"id":20014514,"user":"陳振明","shop":"東海刈包大王","category":["夜市/市場攤販"],"zone":"中彰投","city":"臺中市","area":"龍井區","market_name":["餐食攤販"],"market_address":"臺中市龍井區新東里１６鄰臺灣大道５段３巷４９號旁","pay_list":"","pay_tool":""},{"index":20,"id":20027274,"user":"黎美蓮","shop":"府城藥燉排骨","category":["夜市/市場攤販"],"zone":"中彰投","city":"臺中市","area":"龍井區","market_name":["餐食攤販"],"market_address":"臺中市龍井區新東里１４鄰新興路９６―２２號１樓","pay_list":"","pay_tool":""},{"index":21,"id":20031938,"user":"王迎羽","shop":"東海東山鴨頭","category":["夜市/市場攤販"],"zone":"中彰投","city":"臺中市","area":"龍井區","market_name":["餐食攤販"],"market_address":"臺中市龍井區新東里２鄰臺灣大道５段３巷３２號","pay_list":"","pay_tool":""},{"index":22,"id":20032167,"user":"紀吳保蓮","shop":"紀吳保蓮","category":["夜市/市場攤販"],"zone":"中彰投","city":"臺中市","area":"龍井區","market_name":["餐食攤販","菸酒零售","飲料零售","檳榔零售"],"market_address":"臺中市龍井區龍津里中央南路６６３號旁","pay_list":"","pay_tool":""},{"index":23,"id":20032714,"user":"黃小玲","shop":"黃小玲","category":["夜市/市場攤販"],"zone":"中彰投","city":"臺中市","area":"龍井區","market_name":["餐食攤販"],"market_address":"臺中市龍井區竹坑里８鄰竹師路１段１００巷４弄２號１樓（流動攤販）","pay_list":"","pay_tool":""},{"index":24,"id":20033000,"user":"陳明煌","shop":"黑肉圓小吃","category":["夜市/市場攤販"],"zone":"中彰投","city":"臺中市","area":"龍井區","market_name":["餐食攤販"],"market_address":"臺中市龍井區新東里２鄰臺灣大道５段３巷６０號旁","pay_list":"","pay_tool":""},{"index":25,"id":20035099,"user":"陳香綾","shop":"陳香綾","category":["夜市/市場攤販"],"zone":"中彰投","city":"臺中市","area":"龍井區","market_name":["餐食攤販"],"market_address":"臺中市龍井區新東里新興路１９號前","pay_list":"","pay_tool":""},{"index":26,"id":20060764,"user":"呂李鴻","shop":"呂成","category":["夜市/市場攤販"],"zone":"中彰投","city":"臺中市","area":"龍井區","market_name":["餐食攤販"],"market_address":"臺中市龍井區三德里７鄰中央路２段１３４號１樓","pay_list":"","pay_tool":""},{"index":27,"id":20060793,"user":"吳武郎","shop":"七里香??酥雞","category":["夜市/市場攤販"],"zone":"中彰投","city":"臺中市","area":"龍井區","market_name":["餐食攤販"],"market_address":"臺中市龍井區三德里中央路二段１９９號右側","pay_list":"","pay_tool":""},{"index":28,"id":20060794,"user":"陳守吉","shop":"一條龍餃子館","category":["夜市/市場攤販"],"zone":"中彰投","city":"臺中市","area":"龍井區","market_name":["餐食攤販"],"market_address":"臺中市龍井區三德里中央路２段９２號","pay_list":"","pay_tool":""},{"index":29,"id":20060795,"user":"李樹誼","shop":"李記港式燒腊","category":["夜市/市場攤販"],"zone":"中彰投","city":"臺中市","area":"龍井區","market_name":["餐食攤販"],"market_address":"臺中市龍井區三德里９鄰中央路２段３號","pay_list":"","pay_tool":""},{"index":30,"id":20060815,"user":"蔡幸沅","shop":"叮噹早餐廚房","category":["夜市/市場攤販"],"zone":"中彰投","city":"臺中市","area":"龍井區","market_name":["餐食攤販"],"market_address":"臺中市龍井區龍泉里沙田路５段１１２－５號","pay_list":"","pay_tool":""},{"index":31,"id":20060847,"user":"楊雅竹","shop":"鄉村早點","category":["夜市/市場攤販"],"zone":"中彰投","city":"臺中市","area":"龍井區","market_name":["餐食攤販"],"market_address":"臺中市龍井區山腳里１１鄰沙田路６段８６號","pay_list":"","pay_tool":""},{"index":32,"id":20062557,"user":"周炳源","shop":"尚好自助餐","category":["夜市/市場攤販"],"zone":"中彰投","city":"臺中市","area":"龍井區","market_name":["餐食攤販"],"market_address":"臺中市龍井區山腳里７鄰沙田路６段３３７號","pay_list":"","pay_tool":""}]