[{"index":1,"id":10056970,"category":"夜市小吃/市場","city":"臺南市","area":"麻豆區","market_name":"市五公有零售市場","market_address":"臺南市麻豆區中正路80號","shop":"市五公有零售市場 食品","pay_list":["台灣 PAY"],"zone":"雲嘉南","user":"郭怡君","pay_tool":["行動支付"]},{"index":2,"id":10056971,"category":"夜市小吃/市場","city":"臺南市","area":"麻豆區","market_name":"市五公有零售市場","market_address":"臺南市麻豆區中正路80號","shop":"市五公有零售市場 食品","pay_list":["台灣 PAY"],"zone":"雲嘉南","user":"周士傑","pay_tool":["行動支付"]},{"index":3,"id":10056973,"category":"夜市小吃/市場","city":"臺南市","area":"麻豆區","market_name":"市五公有零售市場","market_address":"臺南市麻豆區中正路80號","shop":"市五公有零售市場 食品","pay_list":["LINE Pay Money"],"zone":"雲嘉南","user":"莊閔惠","pay_tool":["行動支付"]},{"index":4,"id":10056982,"category":"夜市小吃/市場","city":"臺南市","area":"麻豆區","market_name":"市五公有零售市場","market_address":"臺南市麻豆區中正路80號","shop":"市五公有零售市場 食品","pay_list":["街口支付","LINE Pay Money","台灣 PAY"],"zone":"雲嘉南","user":"陳瑞忠","pay_tool":["行動支付"]},{"index":5,"id":10057096,"category":"夜市小吃/市場","city":"臺南市","area":"麻豆區","market_name":"市五公有零售市場","market_address":"臺南市麻豆區中正路80號","shop":"市五公有零售市場 食品","pay_list":["街口支付","LINE Pay Money","台灣 PAY"],"zone":"雲嘉南","user":"陳吳美華","pay_tool":["行動支付"]},{"index":6,"id":10057129,"category":"夜市小吃/市場","city":"臺南市","area":"麻豆區","market_name":"市五公有零售市場","market_address":"臺南市麻豆區中正路80號","shop":"市五公有零售市場 水產","pay_list":["LINE Pay Money"],"zone":"雲嘉南","user":"陳芳蜜","pay_tool":["行動支付"]},{"index":7,"id":30068093,"category":"夜市小吃/市場","city":"臺南市","area":"麻豆區","market_name":"市五公有零售市場","market_address":"臺南市麻豆區中正路80號","shop":"市五公有零售市場 食品","pay_list":["台灣 PAY"],"zone":"雲嘉南","user":"郭怡君","pay_tool":["行動支付"]},{"index":8,"id":30068094,"category":"夜市小吃/市場","city":"臺南市","area":"麻豆區","market_name":"市五公有零售市場","market_address":"臺南市麻豆區中正路80號","shop":"市五公有零售市場 食品","pay_list":["台灣 PAY"],"zone":"雲嘉南","user":"周士傑","pay_tool":["行動支付"]},{"index":9,"id":30068096,"category":"夜市小吃/市場","city":"臺南市","area":"麻豆區","market_name":"市五公有零售市場","market_address":"臺南市麻豆區中正路80號","shop":"市五公有零售市場 食品","pay_list":["LINE Pay Money"],"zone":"雲嘉南","user":"莊閔惠","pay_tool":["行動支付"]},{"index":10,"id":30068105,"category":"夜市小吃/市場","city":"臺南市","area":"麻豆區","market_name":"市五公有零售市場","market_address":"臺南市麻豆區中正路80號","shop":"市五公有零售市場 食品","pay_list":["台灣 PAY","街口支付","LINE Pay Money"],"zone":"雲嘉南","user":"陳瑞忠","pay_tool":["行動支付"]},{"index":11,"id":30068219,"category":"夜市小吃/市場","city":"臺南市","area":"麻豆區","market_name":"市五公有零售市場","market_address":"臺南市麻豆區中正路80號","shop":"市五公有零售市場 食品","pay_list":["台灣 PAY","街口支付","LINE Pay Money"],"zone":"雲嘉南","user":"陳吳美華","pay_tool":["行動支付"]},{"index":12,"id":30068251,"category":"夜市小吃/市場","city":"臺南市","area":"麻豆區","market_name":"市五公有零售市場","market_address":"臺南市麻豆區中正路80號","shop":"市五公有零售市場 水產","pay_list":["LINE Pay Money"],"zone":"雲嘉南","user":"陳芳蜜","pay_tool":["行動支付"]}]