[{"index":1,"id":20001972,"user":"李玉琚","shop":"佳佳小吃","category":["夜市/市場攤販"],"zone":"花蓮","city":"花蓮縣","area":"富里鄉","market_name":["餐食攤販"],"market_address":"花蓮縣富里鄉富里村２１鄰中山路３７號","pay_list":"","pay_tool":"","行業代號":null,"行業代號1":null,"名稱1":null,"行業代號2":null,"名稱2":null,"行業代號3":null,"名稱3":null},{"index":2,"id":20001974,"user":"吳正信","shop":"吳正信飲食","category":["夜市/市場攤販"],"zone":"花蓮","city":"花蓮縣","area":"富里鄉","market_name":["餐食攤販"],"market_address":"花蓮縣富里鄉東里村大莊８０號","pay_list":"","pay_tool":"","行業代號":null,"行業代號1":null,"名稱1":null,"行業代號2":null,"名稱2":null,"行業代號3":null,"名稱3":null},{"index":3,"id":20001976,"user":"潘玉珍","shop":"潘玉珍攤位","category":["夜市/市場攤販"],"zone":"花蓮","city":"花蓮縣","area":"富里鄉","market_name":["餐食攤販"],"market_address":"花蓮縣富里鄉東里村大庄１２７號","pay_list":"","pay_tool":"","行業代號":null,"行業代號1":null,"名稱1":null,"行業代號2":null,"名稱2":null,"行業代號3":null,"名稱3":null},{"index":4,"id":20001977,"user":"林清恵","shop":"林清恵攤位","category":["夜市/市場攤販"],"zone":"花蓮","city":"花蓮縣","area":"富里鄉","market_name":["調理飲料攤販"],"market_address":"花蓮縣富里鄉東里村大庄１３９號","pay_list":"","pay_tool":"","行業代號":null,"行業代號1":null,"名稱1":null,"行業代號2":null,"名稱2":null,"行業代號3":null,"名稱3":null},{"index":5,"id":20007907,"user":"陳金玉","shop":"八八九羊肉爐","category":["夜市/市場攤販"],"zone":"花蓮","city":"花蓮縣","area":"富里鄉","market_name":["餐食攤販","視唱中心（ＫＴＶ）"],"market_address":"花蓮縣富里鄉東里村２６鄰新莊３４號","pay_list":"","pay_tool":"","行業代號":null,"行業代號1":null,"名稱1":null,"行業代號2":null,"名稱2":null,"行業代號3":null,"名稱3":null},{"index":6,"id":20039831,"user":"林慧芳","shop":"客家小吃","category":["夜市/市場攤販"],"zone":"花蓮","city":"花蓮縣","area":"富里鄉","market_name":["餐食攤販"],"market_address":"花蓮縣富里鄉富里村３１鄰中山路１９５號","pay_list":"","pay_tool":"","行業代號":null,"行業代號1":null,"名稱1":null,"行業代號2":null,"名稱2":null,"行業代號3":null,"名稱3":null},{"index":7,"id":20048173,"user":"陳摘","shop":"久巴山紅豆餅","category":["夜市/市場攤販"],"zone":"花蓮","city":"花蓮縣","area":"富里鄉","market_name":["餐食攤販"],"market_address":"花蓮縣富里鄉富里村０１８鄰中山路９７‧９９號","pay_list":"","pay_tool":"","行業代號":null,"行業代號1":null,"名稱1":null,"行業代號2":null,"名稱2":null,"行業代號3":null,"名稱3":null},{"index":8,"id":60032932,"user":"葉黃阿甘","shop":"竹田麵店","category":["夜市/市場攤販"],"zone":"花蓮","city":"花蓮縣","area":"富里鄉","market_name":["餐食攤販"],"market_address":"花蓮縣富里鄉竹田村１９鄰富田４之３號","pay_list":null,"pay_tool":null,"行業代號":"561200","行業代號1":"","名稱1":"","行業代號2":"","名稱2":"","行業代號3":"","名稱3":""},{"index":9,"id":60034039,"user":"蔡鳳珠","shop":"山水合小吃館","category":["餐飲","夜市/市場攤販"],"zone":"花蓮","city":"花蓮縣","area":"富里鄉","market_name":["飲料零售","菸酒零售","麵店、小吃店","餐食攤販"],"market_address":"花蓮縣富里鄉東里村１１鄰福安路２５號","pay_list":null,"pay_tool":null,"行業代號":"561113","行業代號1":"561200","名稱1":"餐食攤販","行業代號2":"472913","名稱2":"菸酒零售","行業代號3":"472914","名稱3":"飲料零售"},{"index":10,"id":60115652,"user":"洪國祥","shop":"台九線二九三小吃店","category":["餐飲","夜市/市場攤販"],"zone":"花蓮","city":"花蓮縣","area":"富里鄉","market_name":["便當、自助餐店","菸酒零售","飲料零售","餐食攤販"],"market_address":"花蓮縣富里鄉新興村東興４５號","pay_list":null,"pay_tool":null,"行業代號":"561112","行業代號1":"561200","名稱1":"餐食攤販","行業代號2":"472913","名稱2":"菸酒零售","行業代號3":"472914","名稱3":"飲料零售"},{"index":11,"id":70001628,"user":"馬淑娟","shop":"富里公有零售市場-A1","category":"夜市/市場攤販","zone":"花蓮","city":"花蓮縣","area":"富里鄉","market_name":"富里公有零售市場","market_address":"花蓮縣富里鄉中山路376號","pay_list":null,"pay_tool":null,"行業代號":null,"行業代號1":null,"名稱1":null,"行業代號2":null,"名稱2":null,"行業代號3":null,"名稱3":null},{"index":12,"id":70001629,"user":"阮美安","shop":"富里公有零售市場-A2","category":"夜市/市場攤販","zone":"花蓮","city":"花蓮縣","area":"富里鄉","market_name":"富里公有零售市場","market_address":"花蓮縣富里鄉中山路376號","pay_list":null,"pay_tool":null,"行業代號":null,"行業代號1":null,"名稱1":null,"行業代號2":null,"名稱2":null,"行業代號3":null,"名稱3":null},{"index":13,"id":70001630,"user":"潘麗琴","shop":"富里公有零售市場-A3","category":"夜市/市場攤販","zone":"花蓮","city":"花蓮縣","area":"富里鄉","market_name":"富里公有零售市場","market_address":"花蓮縣富里鄉中山路376號","pay_list":null,"pay_tool":null,"行業代號":null,"行業代號1":null,"名稱1":null,"行業代號2":null,"名稱2":null,"行業代號3":null,"名稱3":null},{"index":14,"id":70001631,"user":"林文誠","shop":"富里公有零售市場-B1","category":"夜市/市場攤販","zone":"花蓮","city":"花蓮縣","area":"富里鄉","market_name":"富里公有零售市場","market_address":"花蓮縣富里鄉中山路376號","pay_list":null,"pay_tool":null,"行業代號":null,"行業代號1":null,"名稱1":null,"行業代號2":null,"名稱2":null,"行業代號3":null,"名稱3":null},{"index":15,"id":70001632,"user":"杜林綉琴","shop":"富里公有零售市場-B2","category":"夜市/市場攤販","zone":"花蓮","city":"花蓮縣","area":"富里鄉","market_name":"富里公有零售市場","market_address":"花蓮縣富里鄉中山路376號","pay_list":null,"pay_tool":null,"行業代號":null,"行業代號1":null,"名稱1":null,"行業代號2":null,"名稱2":null,"行業代號3":null,"名稱3":null},{"index":16,"id":70001633,"user":"黃羿晏","shop":"富里公有零售市場-B3","category":"夜市/市場攤販","zone":"花蓮","city":"花蓮縣","area":"富里鄉","market_name":"富里公有零售市場","market_address":"花蓮縣富里鄉中山路376號","pay_list":null,"pay_tool":null,"行業代號":null,"行業代號1":null,"名稱1":null,"行業代號2":null,"名稱2":null,"行業代號3":null,"名稱3":null},{"index":17,"id":70001634,"user":"張心柔","shop":"富里公有零售市場-B4","category":"夜市/市場攤販","zone":"花蓮","city":"花蓮縣","area":"富里鄉","market_name":"富里公有零售市場","market_address":"花蓮縣富里鄉中山路376號","pay_list":null,"pay_tool":null,"行業代號":null,"行業代號1":null,"名稱1":null,"行業代號2":null,"名稱2":null,"行業代號3":null,"名稱3":null},{"index":18,"id":70001635,"user":"楊子嫻","shop":"富里公有零售市場-B6","category":"夜市/市場攤販","zone":"花蓮","city":"花蓮縣","area":"富里鄉","market_name":"富里公有零售市場","market_address":"花蓮縣富里鄉中山路376號","pay_list":null,"pay_tool":null,"行業代號":null,"行業代號1":null,"名稱1":null,"行業代號2":null,"名稱2":null,"行業代號3":null,"名稱3":null},{"index":19,"id":70001636,"user":"梅玉芬","shop":"富里公有零售市場-C1","category":"夜市/市場攤販","zone":"花蓮","city":"花蓮縣","area":"富里鄉","market_name":"富里公有零售市場","market_address":"花蓮縣富里鄉中山路376號","pay_list":null,"pay_tool":null,"行業代號":null,"行業代號1":null,"名稱1":null,"行業代號2":null,"名稱2":null,"行業代號3":null,"名稱3":null},{"index":20,"id":70001637,"user":"余政勳","shop":"富里公有零售市場-C2","category":"夜市/市場攤販","zone":"花蓮","city":"花蓮縣","area":"富里鄉","market_name":"富里公有零售市場","market_address":"花蓮縣富里鄉中山路376號","pay_list":null,"pay_tool":null,"行業代號":null,"行業代號1":null,"名稱1":null,"行業代號2":null,"名稱2":null,"行業代號3":null,"名稱3":null},{"index":21,"id":70001638,"user":"姜禮欣","shop":"富里公有零售市場-C3","category":"夜市/市場攤販","zone":"花蓮","city":"花蓮縣","area":"富里鄉","market_name":"富里公有零售市場","market_address":"花蓮縣富里鄉中山路376號","pay_list":null,"pay_tool":null,"行業代號":null,"行業代號1":null,"名稱1":null,"行業代號2":null,"名稱2":null,"行業代號3":null,"名稱3":null}]