[{"index":1,"id":30032073,"category":"夜市小吃/市場","city":"新北市","area":"萬里區","market_name":"野柳攤販集中場(賣店區)","market_address":"萬里區野柳里港東路攤販街2號","shop":"野柳攤販集中場(賣店區) 東港魚乾行","pay_list":["LINE Pay Money"],"zone":"北北基","user":"許文鐘","pay_tool":["行動支付"]},{"index":2,"id":30032108,"category":"夜市小吃/市場","city":"新北市","area":"萬里區","market_name":"野柳攤販集中場(賣店區)","market_address":"萬里區野柳里港東路攤販街2號","shop":"野柳攤販集中場(賣店區) 女王牧場","pay_list":["LINE Pay Money"],"zone":"北北基","user":"楊李素卿","pay_tool":["行動支付"]},{"index":3,"id":30032119,"category":"夜市小吃/市場","city":"新北市","area":"萬里區","market_name":"野柳攤販集中場(賣店區)","market_address":"萬里區野柳里港東路攤販街2號","shop":"野柳攤販集中場(賣店區) 富品特產行","pay_list":["LINE Pay Money"],"zone":"北北基","user":"簡秀桂","pay_tool":["行動支付"]},{"index":4,"id":30032123,"category":"夜市小吃/市場","city":"新北市","area":"萬里區","market_name":"野柳攤販集中場(賣店區)","market_address":"萬里區野柳里港東路攤販街2號","shop":"野柳攤販集中場(賣店區) 葛德特產行","pay_list":["LINE Pay Money"],"zone":"北北基","user":"陳美秀","pay_tool":["行動支付"]},{"index":5,"id":30032132,"category":"夜市小吃/市場","city":"新北市","area":"萬里區","market_name":"野柳攤販集中場(賣店區)","market_address":"萬里區野柳里港東路攤販街2號","shop":"野柳攤販集中場(賣店區) 明貴特產行","pay_list":["LINE Pay Money"],"zone":"北北基","user":"洪月霞","pay_tool":["行動支付"]}]