[{"index":1,"id":20007395,"user":"賴張罕","shop":"尚好佳牛肉麵","category":["夜市/市場攤販"],"zone":"宜蘭","city":"宜蘭縣","area":"壯圍鄉","market_name":["餐食攤販"],"market_address":"宜蘭縣壯圍鄉大福村５鄰壯濱路６段２２３號","pay_list":"","pay_tool":"","行業代號":null,"行業代號1":null,"名稱1":null,"行業代號2":null,"名稱2":null,"行業代號3":null,"名稱3":null},{"index":2,"id":20009190,"user":"李文章","shop":"李文章攤販","category":["夜市/市場攤販"],"zone":"宜蘭","city":"宜蘭縣","area":"壯圍鄉","market_name":["餐食攤販"],"market_address":"宜蘭縣壯圍鄉吉祥村莊敬路２３巷８號","pay_list":"","pay_tool":"","行業代號":null,"行業代號1":null,"名稱1":null,"行業代號2":null,"名稱2":null,"行業代號3":null,"名稱3":null},{"index":3,"id":20009206,"user":"林麗雪","shop":"林麗雪攤販","category":["夜市/市場攤販"],"zone":"宜蘭","city":"宜蘭縣","area":"壯圍鄉","market_name":["餐食攤販"],"market_address":"宜蘭縣壯圍鄉美城村土圍路５９－１２號（東門夜市）","pay_list":"","pay_tool":"","行業代號":null,"行業代號1":null,"名稱1":null,"行業代號2":null,"名稱2":null,"行業代號3":null,"名稱3":null},{"index":4,"id":20040354,"user":"張有得","shop":"喝一杯小吃部","category":["夜市/市場攤販"],"zone":"宜蘭","city":"宜蘭縣","area":"壯圍鄉","market_name":["餐食攤販"],"market_address":"宜蘭縣壯圍鄉吉祥村１９鄰壯五路３３３號","pay_list":"","pay_tool":"","行業代號":null,"行業代號1":null,"名稱1":null,"行業代號2":null,"名稱2":null,"行業代號3":null,"名稱3":null},{"index":5,"id":60115780,"user":"陳沂汝","shop":"丸莫工作室","category":["夜市/市場攤販"],"zone":"宜蘭","city":"宜蘭縣","area":"壯圍鄉","market_name":["餐食攤販"],"market_address":"宜蘭縣壯圍鄉過嶺村００７鄰壯濱路三段２２９巷３號１樓","pay_list":null,"pay_tool":null,"行業代號":"561200","行業代號1":"","名稱1":"","行業代號2":"","名稱2":"","行業代號3":"","名稱3":""},{"index":6,"id":60121850,"user":"李佳怡","shop":"小金商行","category":["夜市/市場攤販"],"zone":"宜蘭","city":"宜蘭縣","area":"壯圍鄉","market_name":["餐食攤販"],"market_address":"宜蘭縣壯圍鄉吉祥村０１６鄰壯志路２之１號１樓","pay_list":null,"pay_tool":null,"行業代號":"561200","行業代號1":"","名稱1":"","行業代號2":"","名稱2":"","行業代號3":"","名稱3":""}]