[{"index":1,"shop":"文華公有零售市場-1","zone":"雲嘉南","city":"臺南市","area":"南區","market_address":"臺南市建南路154號","user":"林智宏","行業代號":null,"market_name":"文華公有零售市場","行業代號1":null,"名稱1":null,"行業代號2":null,"名稱2":null,"行業代號3":null,"名稱3":null,"category":"夜市/市場攤販","id":10056549,"pay_list":"","pay_tool":""},{"index":2,"shop":"文華公有零售市場-2","zone":"雲嘉南","city":"臺南市","area":"南區","market_address":"臺南市建南路154號","user":"林映嫻","行業代號":null,"market_name":"文華公有零售市場","行業代號1":null,"名稱1":null,"行業代號2":null,"名稱2":null,"行業代號3":null,"名稱3":null,"category":"夜市/市場攤販","id":10056550,"pay_list":"","pay_tool":""},{"index":3,"shop":"文華公有零售市場-3","zone":"雲嘉南","city":"臺南市","area":"南區","market_address":"臺南市建南路154號","user":"鄭張媛雪","行業代號":null,"market_name":"文華公有零售市場","行業代號1":null,"名稱1":null,"行業代號2":null,"名稱2":null,"行業代號3":null,"名稱3":null,"category":"夜市/市場攤販","id":10056551,"pay_list":"","pay_tool":""},{"index":4,"shop":"文華公有零售市場-4","zone":"雲嘉南","city":"臺南市","area":"南區","market_address":"臺南市建南路154號","user":"洪福祥","行業代號":null,"market_name":"文華公有零售市場","行業代號1":null,"名稱1":null,"行業代號2":null,"名稱2":null,"行業代號3":null,"名稱3":null,"category":"夜市/市場攤販","id":10056552,"pay_list":"","pay_tool":""},{"index":5,"shop":"文華公有零售市場-5","zone":"雲嘉南","city":"臺南市","area":"南區","market_address":"臺南市建南路154號","user":"葉和鳴","行業代號":null,"market_name":"文華公有零售市場","行業代號1":null,"名稱1":null,"行業代號2":null,"名稱2":null,"行業代號3":null,"名稱3":null,"category":"夜市/市場攤販","id":10056553,"pay_list":"","pay_tool":""},{"index":6,"shop":"文華公有零售市場-6","zone":"雲嘉南","city":"臺南市","area":"南區","market_address":"臺南市建南路154號","user":"黃國豪","行業代號":null,"market_name":"文華公有零售市場","行業代號1":null,"名稱1":null,"行業代號2":null,"名稱2":null,"行業代號3":null,"名稱3":null,"category":"夜市/市場攤販","id":10056554,"pay_list":"","pay_tool":""},{"index":7,"shop":"文華公有零售市場-7","zone":"雲嘉南","city":"臺南市","area":"南區","market_address":"臺南市建南路154號","user":"李萱","行業代號":null,"market_name":"文華公有零售市場","行業代號1":null,"名稱1":null,"行業代號2":null,"名稱2":null,"行業代號3":null,"名稱3":null,"category":"夜市/市場攤販","id":10056555,"pay_list":"","pay_tool":""},{"index":8,"shop":"文華公有零售市場-8","zone":"雲嘉南","city":"臺南市","area":"南區","market_address":"臺南市建南路154號","user":"王振榮","行業代號":null,"market_name":"文華公有零售市場","行業代號1":null,"名稱1":null,"行業代號2":null,"名稱2":null,"行業代號3":null,"名稱3":null,"category":"夜市/市場攤販","id":10056556,"pay_list":"","pay_tool":""},{"index":9,"shop":"文華公有零售市場-9","zone":"雲嘉南","city":"臺南市","area":"南區","market_address":"臺南市建南路154號","user":"李信勳","行業代號":null,"market_name":"文華公有零售市場","行業代號1":null,"名稱1":null,"行業代號2":null,"名稱2":null,"行業代號3":null,"名稱3":null,"category":"夜市/市場攤販","id":10056557,"pay_list":"","pay_tool":""},{"index":10,"shop":"文華公有零售市場-11","zone":"雲嘉南","city":"臺南市","area":"南區","market_address":"臺南市建南路154號","user":"陳許敏","行業代號":null,"market_name":"文華公有零售市場","行業代號1":null,"名稱1":null,"行業代號2":null,"名稱2":null,"行業代號3":null,"名稱3":null,"category":"夜市/市場攤販","id":10056558,"pay_list":"","pay_tool":""},{"index":11,"shop":"文華公有零售市場-12","zone":"雲嘉南","city":"臺南市","area":"南區","market_address":"臺南市建南路154號","user":"楊鳳翔","行業代號":null,"market_name":"文華公有零售市場","行業代號1":null,"名稱1":null,"行業代號2":null,"名稱2":null,"行業代號3":null,"名稱3":null,"category":"夜市/市場攤販","id":10056560,"pay_list":"","pay_tool":""},{"index":12,"shop":"文華公有零售市場-13","zone":"雲嘉南","city":"臺南市","area":"南區","market_address":"臺南市建南路154號","user":"陳梅惠","行業代號":null,"market_name":"文華公有零售市場","行業代號1":null,"名稱1":null,"行業代號2":null,"名稱2":null,"行業代號3":null,"名稱3":null,"category":"夜市/市場攤販","id":10056561,"pay_list":"","pay_tool":""},{"index":13,"shop":"文華公有零售市場-14","zone":"雲嘉南","city":"臺南市","area":"南區","market_address":"臺南市建南路154號","user":"施錦鋒","行業代號":null,"market_name":"文華公有零售市場","行業代號1":null,"名稱1":null,"行業代號2":null,"名稱2":null,"行業代號3":null,"名稱3":null,"category":"夜市/市場攤販","id":10056562,"pay_list":"","pay_tool":""},{"index":14,"shop":"文華公有零售市場-15","zone":"雲嘉南","city":"臺南市","area":"南區","market_address":"臺南市建南路154號","user":"蔡海樹","行業代號":null,"market_name":"文華公有零售市場","行業代號1":null,"名稱1":null,"行業代號2":null,"名稱2":null,"行業代號3":null,"名稱3":null,"category":"夜市/市場攤販","id":10056563,"pay_list":"","pay_tool":""},{"index":15,"shop":"文華公有零售市場-16","zone":"雲嘉南","city":"臺南市","area":"南區","market_address":"臺南市建南路154號","user":"陳義成","行業代號":null,"market_name":"文華公有零售市場","行業代號1":null,"名稱1":null,"行業代號2":null,"名稱2":null,"行業代號3":null,"名稱3":null,"category":"夜市/市場攤販","id":10056564,"pay_list":"","pay_tool":""},{"index":16,"shop":"文華公有零售市場-17","zone":"雲嘉南","city":"臺南市","area":"南區","market_address":"臺南市建南路154號","user":"莊育霖","行業代號":null,"market_name":"文華公有零售市場","行業代號1":null,"名稱1":null,"行業代號2":null,"名稱2":null,"行業代號3":null,"名稱3":null,"category":"夜市/市場攤販","id":10056565,"pay_list":["LINE PAY MONEY"],"pay_tool":["行動支付"]},{"index":17,"shop":"文華公有零售市場-18","zone":"雲嘉南","city":"臺南市","area":"南區","market_address":"臺南市建南路154號","user":"林素巧","行業代號":null,"market_name":"文華公有零售市場","行業代號1":null,"名稱1":null,"行業代號2":null,"名稱2":null,"行業代號3":null,"名稱3":null,"category":"夜市/市場攤販","id":10056566,"pay_list":"","pay_tool":""},{"index":18,"shop":"文華公有零售市場-19","zone":"雲嘉南","city":"臺南市","area":"南區","market_address":"臺南市建南路154號","user":"王麗華","行業代號":null,"market_name":"文華公有零售市場","行業代號1":null,"名稱1":null,"行業代號2":null,"名稱2":null,"行業代號3":null,"名稱3":null,"category":"夜市/市場攤販","id":10056567,"pay_list":"","pay_tool":""},{"index":19,"shop":"文華公有零售市場-20","zone":"雲嘉南","city":"臺南市","area":"南區","market_address":"臺南市建南路154號","user":"張清俊","行業代號":null,"market_name":"文華公有零售市場","行業代號1":null,"名稱1":null,"行業代號2":null,"名稱2":null,"行業代號3":null,"名稱3":null,"category":"夜市/市場攤販","id":10056568,"pay_list":"","pay_tool":""},{"index":20,"shop":"文華公有零售市場-21","zone":"雲嘉南","city":"臺南市","area":"南區","market_address":"臺南市建南路154號","user":"蔡峻維","行業代號":null,"market_name":"文華公有零售市場","行業代號1":null,"名稱1":null,"行業代號2":null,"名稱2":null,"行業代號3":null,"名稱3":null,"category":"夜市/市場攤販","id":10056569,"pay_list":"","pay_tool":""},{"index":21,"shop":"文華公有零售市場-22","zone":"雲嘉南","city":"臺南市","area":"南區","market_address":"臺南市建南路154號","user":"吳瑞雲","行業代號":null,"market_name":"文華公有零售市場","行業代號1":null,"名稱1":null,"行業代號2":null,"名稱2":null,"行業代號3":null,"名稱3":null,"category":"夜市/市場攤販","id":10056571,"pay_list":"","pay_tool":""},{"index":22,"shop":"文華公有零售市場-23","zone":"雲嘉南","city":"臺南市","area":"南區","market_address":"臺南市建南路154號","user":"蔡美秀","行業代號":null,"market_name":"文華公有零售市場","行業代號1":null,"名稱1":null,"行業代號2":null,"名稱2":null,"行業代號3":null,"名稱3":null,"category":"夜市/市場攤販","id":10056572,"pay_list":"","pay_tool":""},{"index":23,"shop":"文華公有零售市場-24","zone":"雲嘉南","city":"臺南市","area":"南區","market_address":"臺南市建南路154號","user":"蔡佩珍","行業代號":null,"market_name":"文華公有零售市場","行業代號1":null,"名稱1":null,"行業代號2":null,"名稱2":null,"行業代號3":null,"名稱3":null,"category":"夜市/市場攤販","id":10056573,"pay_list":"","pay_tool":""},{"index":24,"shop":"文華公有零售市場-25","zone":"雲嘉南","city":"臺南市","area":"南區","market_address":"臺南市建南路154號","user":"吳瑞枝","行業代號":null,"market_name":"文華公有零售市場","行業代號1":null,"名稱1":null,"行業代號2":null,"名稱2":null,"行業代號3":null,"名稱3":null,"category":"夜市/市場攤販","id":10056574,"pay_list":"","pay_tool":""},{"index":25,"shop":"文華公有零售市場-26","zone":"雲嘉南","city":"臺南市","area":"南區","market_address":"臺南市建南路154號","user":"黃佑銘","行業代號":null,"market_name":"文華公有零售市場","行業代號1":null,"名稱1":null,"行業代號2":null,"名稱2":null,"行業代號3":null,"名稱3":null,"category":"夜市/市場攤販","id":10056575,"pay_list":"","pay_tool":""},{"index":26,"shop":"文華公有零售市場-27","zone":"雲嘉南","city":"臺南市","area":"南區","market_address":"臺南市建南路154號","user":"許榕芳","行業代號":null,"market_name":"文華公有零售市場","行業代號1":null,"名稱1":null,"行業代號2":null,"名稱2":null,"行業代號3":null,"名稱3":null,"category":"夜市/市場攤販","id":10056576,"pay_list":"","pay_tool":""},{"index":27,"shop":"文華公有零售市場-28","zone":"雲嘉南","city":"臺南市","area":"南區","market_address":"臺南市建南路154號","user":"黃家祥","行業代號":null,"market_name":"文華公有零售市場","行業代號1":null,"名稱1":null,"行業代號2":null,"名稱2":null,"行業代號3":null,"名稱3":null,"category":"夜市/市場攤販","id":10056577,"pay_list":"","pay_tool":""},{"index":28,"shop":"文華公有零售市場-29","zone":"雲嘉南","city":"臺南市","area":"南區","market_address":"臺南市建南路154號","user":"蔡嘉祐","行業代號":null,"market_name":"文華公有零售市場","行業代號1":null,"名稱1":null,"行業代號2":null,"名稱2":null,"行業代號3":null,"名稱3":null,"category":"夜市/市場攤販","id":10056578,"pay_list":"","pay_tool":""},{"index":29,"shop":"文華公有零售市場-30","zone":"雲嘉南","city":"臺南市","area":"南區","market_address":"臺南市建南路154號","user":"方俊益","行業代號":null,"market_name":"文華公有零售市場","行業代號1":null,"名稱1":null,"行業代號2":null,"名稱2":null,"行業代號3":null,"名稱3":null,"category":"夜市/市場攤販","id":10056579,"pay_list":"","pay_tool":""},{"index":30,"shop":"文華公有零售市場-31","zone":"雲嘉南","city":"臺南市","area":"南區","market_address":"臺南市建南路154號","user":"施順評","行業代號":null,"market_name":"文華公有零售市場","行業代號1":null,"名稱1":null,"行業代號2":null,"名稱2":null,"行業代號3":null,"名稱3":null,"category":"夜市/市場攤販","id":10056580,"pay_list":"","pay_tool":""},{"index":31,"shop":"文華公有零售市場-32","zone":"雲嘉南","city":"臺南市","area":"南區","market_address":"臺南市建南路154號","user":"方正雄","行業代號":null,"market_name":"文華公有零售市場","行業代號1":null,"名稱1":null,"行業代號2":null,"名稱2":null,"行業代號3":null,"名稱3":null,"category":"夜市/市場攤販","id":10056582,"pay_list":"","pay_tool":""},{"index":32,"shop":"文華公有零售市場-33","zone":"雲嘉南","city":"臺南市","area":"南區","market_address":"臺南市建南路154號","user":"邱秀華","行業代號":null,"market_name":"文華公有零售市場","行業代號1":null,"名稱1":null,"行業代號2":null,"名稱2":null,"行業代號3":null,"名稱3":null,"category":"夜市/市場攤販","id":10056583,"pay_list":"","pay_tool":""},{"index":33,"shop":"文華公有零售市場-34","zone":"雲嘉南","city":"臺南市","area":"南區","market_address":"臺南市建南路154號","user":"楊淑芳","行業代號":null,"market_name":"文華公有零售市場","行業代號1":null,"名稱1":null,"行業代號2":null,"名稱2":null,"行業代號3":null,"名稱3":null,"category":"夜市/市場攤販","id":10056584,"pay_list":"","pay_tool":""},{"index":34,"shop":"文華公有零售市場-35","zone":"雲嘉南","city":"臺南市","area":"南區","market_address":"臺南市建南路154號","user":"楊姜玉英","行業代號":null,"market_name":"文華公有零售市場","行業代號1":null,"名稱1":null,"行業代號2":null,"名稱2":null,"行業代號3":null,"名稱3":null,"category":"夜市/市場攤販","id":10056585,"pay_list":"","pay_tool":""},{"index":35,"shop":"文華公有零售市場-36","zone":"雲嘉南","city":"臺南市","area":"南區","market_address":"臺南市建南路154號","user":"陳慧娟","行業代號":null,"market_name":"文華公有零售市場","行業代號1":null,"名稱1":null,"行業代號2":null,"名稱2":null,"行業代號3":null,"名稱3":null,"category":"夜市/市場攤販","id":10056586,"pay_list":"","pay_tool":""},{"index":36,"shop":"文華公有零售市場-37","zone":"雲嘉南","city":"臺南市","area":"南區","market_address":"臺南市建南路154號","user":"葉麗美","行業代號":null,"market_name":"文華公有零售市場","行業代號1":null,"名稱1":null,"行業代號2":null,"名稱2":null,"行業代號3":null,"名稱3":null,"category":"夜市/市場攤販","id":10056587,"pay_list":"","pay_tool":""},{"index":37,"shop":"文華公有零售市場-38","zone":"雲嘉南","city":"臺南市","area":"南區","market_address":"臺南市建南路154號","user":"吳惠珠","行業代號":null,"market_name":"文華公有零售市場","行業代號1":null,"名稱1":null,"行業代號2":null,"名稱2":null,"行業代號3":null,"名稱3":null,"category":"夜市/市場攤販","id":10056588,"pay_list":"","pay_tool":""},{"index":38,"shop":"文華公有零售市場-39","zone":"雲嘉南","city":"臺南市","area":"南區","market_address":"臺南市建南路154號","user":"蘇美花","行業代號":null,"market_name":"文華公有零售市場","行業代號1":null,"名稱1":null,"行業代號2":null,"名稱2":null,"行業代號3":null,"名稱3":null,"category":"夜市/市場攤販","id":10056589,"pay_list":"","pay_tool":""},{"index":39,"shop":"文華公有零售市場-40","zone":"雲嘉南","city":"臺南市","area":"南區","market_address":"臺南市建南路154號","user":"馮麗美","行業代號":null,"market_name":"文華公有零售市場","行業代號1":null,"名稱1":null,"行業代號2":null,"名稱2":null,"行業代號3":null,"名稱3":null,"category":"夜市/市場攤販","id":10056590,"pay_list":"","pay_tool":""},{"index":40,"shop":"文華公有零售市場-41","zone":"雲嘉南","city":"臺南市","area":"南區","market_address":"臺南市建南路154號","user":"楊龍山","行業代號":null,"market_name":"文華公有零售市場","行業代號1":null,"名稱1":null,"行業代號2":null,"名稱2":null,"行業代號3":null,"名稱3":null,"category":"夜市/市場攤販","id":10056591,"pay_list":"","pay_tool":""},{"index":41,"shop":"文華公有零售市場-42","zone":"雲嘉南","city":"臺南市","area":"南區","market_address":"臺南市建南路154號","user":"林志民","行業代號":null,"market_name":"文華公有零售市場","行業代號1":null,"名稱1":null,"行業代號2":null,"名稱2":null,"行業代號3":null,"名稱3":null,"category":"夜市/市場攤販","id":10056593,"pay_list":["LINE PAY MONEY"],"pay_tool":["行動支付"]},{"index":42,"shop":"文華公有零售市場-43","zone":"雲嘉南","city":"臺南市","area":"南區","market_address":"臺南市建南路154號","user":"楊家豪","行業代號":null,"market_name":"文華公有零售市場","行業代號1":null,"名稱1":null,"行業代號2":null,"名稱2":null,"行業代號3":null,"名稱3":null,"category":"夜市/市場攤販","id":10056594,"pay_list":"","pay_tool":""},{"index":43,"shop":"文華公有零售市場-44","zone":"雲嘉南","city":"臺南市","area":"南區","market_address":"臺南市建南路154號","user":"黃聰明","行業代號":null,"market_name":"文華公有零售市場","行業代號1":null,"名稱1":null,"行業代號2":null,"名稱2":null,"行業代號3":null,"名稱3":null,"category":"夜市/市場攤販","id":10056595,"pay_list":"","pay_tool":""},{"index":44,"shop":"文華公有零售市場-45","zone":"雲嘉南","city":"臺南市","area":"南區","market_address":"臺南市建南路154號","user":"蔡美珠","行業代號":null,"market_name":"文華公有零售市場","行業代號1":null,"名稱1":null,"行業代號2":null,"名稱2":null,"行業代號3":null,"名稱3":null,"category":"夜市/市場攤販","id":10056596,"pay_list":"","pay_tool":""},{"index":45,"shop":"文華公有零售市場-46","zone":"雲嘉南","city":"臺南市","area":"南區","market_address":"臺南市建南路154號","user":"薛進生","行業代號":null,"market_name":"文華公有零售市場","行業代號1":null,"名稱1":null,"行業代號2":null,"名稱2":null,"行業代號3":null,"名稱3":null,"category":"夜市/市場攤販","id":10056597,"pay_list":"","pay_tool":""},{"index":46,"shop":"文華公有零售市場-47","zone":"雲嘉南","city":"臺南市","area":"南區","market_address":"臺南市建南路154號","user":"黃玉英","行業代號":null,"market_name":"文華公有零售市場","行業代號1":null,"名稱1":null,"行業代號2":null,"名稱2":null,"行業代號3":null,"名稱3":null,"category":"夜市/市場攤販","id":10056598,"pay_list":"","pay_tool":""},{"index":47,"shop":"文華公有零售市場-48","zone":"雲嘉南","city":"臺南市","area":"南區","market_address":"臺南市建南路154號","user":"戴秀英","行業代號":null,"market_name":"文華公有零售市場","行業代號1":null,"名稱1":null,"行業代號2":null,"名稱2":null,"行業代號3":null,"名稱3":null,"category":"夜市/市場攤販","id":10056599,"pay_list":"","pay_tool":""},{"index":48,"shop":"文華公有零售市場-49","zone":"雲嘉南","city":"臺南市","area":"南區","market_address":"臺南市建南路154號","user":"戴幗慧","行業代號":null,"market_name":"文華公有零售市場","行業代號1":null,"名稱1":null,"行業代號2":null,"名稱2":null,"行業代號3":null,"名稱3":null,"category":"夜市/市場攤販","id":10056600,"pay_list":"","pay_tool":""},{"index":49,"shop":"金華公有零售市場-飲食","zone":"雲嘉南","city":"臺南市","area":"南區","market_address":"臺南市南區金華路2段33巷79號","user":"楊美琴","行業代號":null,"market_name":"金華公有零售市場","行業代號1":null,"名稱1":null,"行業代號2":null,"名稱2":null,"行業代號3":null,"名稱3":null,"category":"夜市/市場攤販","id":10056601,"pay_list":"","pay_tool":""},{"index":50,"shop":"金華公有零售市場-飲食","zone":"雲嘉南","city":"臺南市","area":"南區","market_address":"臺南市南區金華路2段33巷79號","user":"施明山","行業代號":null,"market_name":"金華公有零售市場","行業代號1":null,"名稱1":null,"行業代號2":null,"名稱2":null,"行業代號3":null,"名稱3":null,"category":"夜市/市場攤販","id":10056602,"pay_list":"","pay_tool":""},{"index":51,"shop":"金華公有零售市場-百貨","zone":"雲嘉南","city":"臺南市","area":"南區","market_address":"臺南市南區金華路2段33巷79號","user":"黃文芳","行業代號":null,"market_name":"金華公有零售市場","行業代號1":null,"名稱1":null,"行業代號2":null,"名稱2":null,"行業代號3":null,"名稱3":null,"category":"夜市/市場攤販","id":10056604,"pay_list":"","pay_tool":""},{"index":52,"shop":"金華公有零售市場-百貨","zone":"雲嘉南","city":"臺南市","area":"南區","market_address":"臺南市南區金華路2段33巷79號","user":"曾麗榛","行業代號":null,"market_name":"金華公有零售市場","行業代號1":null,"名稱1":null,"行業代號2":null,"名稱2":null,"行業代號3":null,"名稱3":null,"category":"夜市/市場攤販","id":10056605,"pay_list":"","pay_tool":""},{"index":53,"shop":"金華公有零售市場-百貨","zone":"雲嘉南","city":"臺南市","area":"南區","market_address":"臺南市南區金華路2段33巷79號","user":"侯政亨","行業代號":null,"market_name":"金華公有零售市場","行業代號1":null,"名稱1":null,"行業代號2":null,"名稱2":null,"行業代號3":null,"名稱3":null,"category":"夜市/市場攤販","id":10056606,"pay_list":"","pay_tool":""},{"index":54,"shop":"金華公有零售市場-飲食","zone":"雲嘉南","city":"臺南市","area":"南區","market_address":"臺南市南區金華路2段33巷79號","user":"劉淑芳","行業代號":null,"market_name":"金華公有零售市場","行業代號1":null,"名稱1":null,"行業代號2":null,"名稱2":null,"行業代號3":null,"名稱3":null,"category":"夜市/市場攤販","id":10056607,"pay_list":"","pay_tool":""},{"index":55,"shop":"金華公有零售市場-服飾","zone":"雲嘉南","city":"臺南市","area":"南區","market_address":"臺南市南區金華路2段33巷79號","user":"方翊家","行業代號":null,"market_name":"金華公有零售市場","行業代號1":null,"名稱1":null,"行業代號2":null,"名稱2":null,"行業代號3":null,"名稱3":null,"category":"夜市/市場攤販","id":10056608,"pay_list":"","pay_tool":""},{"index":56,"shop":"金華公有零售市場-百貨","zone":"雲嘉南","city":"臺南市","area":"南區","market_address":"臺南市南區金華路2段33巷79號","user":"邱子凌","行業代號":null,"market_name":"金華公有零售市場","行業代號1":null,"名稱1":null,"行業代號2":null,"名稱2":null,"行業代號3":null,"名稱3":null,"category":"夜市/市場攤販","id":10056609,"pay_list":"","pay_tool":""},{"index":57,"shop":"金華公有零售市場-百貨","zone":"雲嘉南","city":"臺南市","area":"南區","market_address":"臺南市南區金華路2段33巷79號","user":"陳秀花","行業代號":null,"market_name":"金華公有零售市場","行業代號1":null,"名稱1":null,"行業代號2":null,"名稱2":null,"行業代號3":null,"名稱3":null,"category":"夜市/市場攤販","id":10056610,"pay_list":"","pay_tool":""},{"index":58,"shop":"金華公有零售市場-百貨","zone":"雲嘉南","city":"臺南市","area":"南區","market_address":"臺南市南區金華路2段33巷79號","user":"陳潘玉仙","行業代號":null,"market_name":"金華公有零售市場","行業代號1":null,"名稱1":null,"行業代號2":null,"名稱2":null,"行業代號3":null,"名稱3":null,"category":"夜市/市場攤販","id":10056611,"pay_list":"","pay_tool":""},{"index":59,"shop":"金華公有零售市場-百貨","zone":"雲嘉南","city":"臺南市","area":"南區","market_address":"臺南市南區金華路2段33巷79號","user":"羅彩鳳","行業代號":null,"market_name":"金華公有零售市場","行業代號1":null,"名稱1":null,"行業代號2":null,"名稱2":null,"行業代號3":null,"名稱3":null,"category":"夜市/市場攤販","id":10056612,"pay_list":"","pay_tool":""},{"index":60,"shop":"金華公有零售市場-百貨","zone":"雲嘉南","city":"臺南市","area":"南區","market_address":"臺南市南區金華路2段33巷79號","user":"黃進聰","行業代號":null,"market_name":"金華公有零售市場","行業代號1":null,"名稱1":null,"行業代號2":null,"名稱2":null,"行業代號3":null,"名稱3":null,"category":"夜市/市場攤販","id":10056613,"pay_list":"","pay_tool":""},{"index":61,"shop":"金華公有零售市場-百貨","zone":"雲嘉南","city":"臺南市","area":"南區","market_address":"臺南市南區金華路2段33巷79號","user":"林溫秋雲","行業代號":null,"market_name":"金華公有零售市場","行業代號1":null,"名稱1":null,"行業代號2":null,"名稱2":null,"行業代號3":null,"名稱3":null,"category":"夜市/市場攤販","id":10056615,"pay_list":"","pay_tool":""},{"index":62,"shop":"金華公有零售市場-百貨","zone":"雲嘉南","city":"臺南市","area":"南區","market_address":"臺南市南區金華路2段33巷79號","user":"林王寶美","行業代號":null,"market_name":"金華公有零售市場","行業代號1":null,"名稱1":null,"行業代號2":null,"名稱2":null,"行業代號3":null,"名稱3":null,"category":"夜市/市場攤販","id":10056616,"pay_list":"","pay_tool":""},{"index":63,"shop":"金華公有零售市場-百貨","zone":"雲嘉南","city":"臺南市","area":"南區","market_address":"臺南市南區金華路2段33巷79號","user":"蔡蘇秋玉","行業代號":null,"market_name":"金華公有零售市場","行業代號1":null,"名稱1":null,"行業代號2":null,"名稱2":null,"行業代號3":null,"名稱3":null,"category":"夜市/市場攤販","id":10056617,"pay_list":"","pay_tool":""},{"index":64,"shop":"金華公有零售市場-百貨","zone":"雲嘉南","city":"臺南市","area":"南區","market_address":"臺南市南區金華路2段33巷79號","user":"莊涵淳","行業代號":null,"market_name":"金華公有零售市場","行業代號1":null,"名稱1":null,"行業代號2":null,"名稱2":null,"行業代號3":null,"名稱3":null,"category":"夜市/市場攤販","id":10056618,"pay_list":"","pay_tool":""},{"index":65,"shop":"金華公有零售市場-百貨","zone":"雲嘉南","city":"臺南市","area":"南區","market_address":"臺南市南區金華路2段33巷79號","user":"歐許金鈴","行業代號":null,"market_name":"金華公有零售市場","行業代號1":null,"名稱1":null,"行業代號2":null,"名稱2":null,"行業代號3":null,"名稱3":null,"category":"夜市/市場攤販","id":10056619,"pay_list":"","pay_tool":""},{"index":66,"shop":"金華公有零售市場-百貨","zone":"雲嘉南","city":"臺南市","area":"南區","market_address":"臺南市南區金華路2段33巷79號","user":"蘇美花","行業代號":null,"market_name":"金華公有零售市場","行業代號1":null,"名稱1":null,"行業代號2":null,"名稱2":null,"行業代號3":null,"名稱3":null,"category":"夜市/市場攤販","id":10056620,"pay_list":"","pay_tool":""},{"index":67,"shop":"金華公有零售市場-百貨","zone":"雲嘉南","city":"臺南市","area":"南區","market_address":"臺南市南區金華路2段33巷79號","user":"簡慶壽","行業代號":null,"market_name":"金華公有零售市場","行業代號1":null,"名稱1":null,"行業代號2":null,"名稱2":null,"行業代號3":null,"名稱3":null,"category":"夜市/市場攤販","id":10056621,"pay_list":"","pay_tool":""},{"index":68,"shop":"金華公有零售市場-百貨","zone":"雲嘉南","city":"臺南市","area":"南區","market_address":"臺南市南區金華路2段33巷79號","user":"葉張緩英","行業代號":null,"market_name":"金華公有零售市場","行業代號1":null,"名稱1":null,"行業代號2":null,"名稱2":null,"行業代號3":null,"名稱3":null,"category":"夜市/市場攤販","id":10056622,"pay_list":"","pay_tool":""},{"index":69,"shop":"金華公有零售市場-食品","zone":"雲嘉南","city":"臺南市","area":"南區","market_address":"臺南市南區金華路2段33巷79號","user":"黃陳麗碧","行業代號":null,"market_name":"金華公有零售市場","行業代號1":null,"名稱1":null,"行業代號2":null,"名稱2":null,"行業代號3":null,"名稱3":null,"category":"夜市/市場攤販","id":10056623,"pay_list":"","pay_tool":""},{"index":70,"shop":"金華公有零售市場-百貨","zone":"雲嘉南","city":"臺南市","area":"南區","market_address":"臺南市南區金華路2段33巷79號","user":"蔡國明","行業代號":null,"market_name":"金華公有零售市場","行業代號1":null,"名稱1":null,"行業代號2":null,"名稱2":null,"行業代號3":null,"名稱3":null,"category":"夜市/市場攤販","id":10056624,"pay_list":"","pay_tool":""},{"index":71,"shop":"金華公有零售市場-百貨","zone":"雲嘉南","city":"臺南市","area":"南區","market_address":"臺南市南區金華路2段33巷79號","user":"杜陳英月","行業代號":null,"market_name":"金華公有零售市場","行業代號1":null,"名稱1":null,"行業代號2":null,"名稱2":null,"行業代號3":null,"名稱3":null,"category":"夜市/市場攤販","id":10056626,"pay_list":"","pay_tool":""},{"index":72,"shop":"金華公有零售市場-百貨","zone":"雲嘉南","city":"臺南市","area":"南區","market_address":"臺南市南區金華路2段33巷79號","user":"朱巧雲","行業代號":null,"market_name":"金華公有零售市場","行業代號1":null,"名稱1":null,"行業代號2":null,"名稱2":null,"行業代號3":null,"名稱3":null,"category":"夜市/市場攤販","id":10056627,"pay_list":"","pay_tool":""},{"index":73,"shop":"金華公有零售市場-服飾","zone":"雲嘉南","city":"臺南市","area":"南區","market_address":"臺南市南區金華路2段33巷79號","user":"陳永芳","行業代號":null,"market_name":"金華公有零售市場","行業代號1":null,"名稱1":null,"行業代號2":null,"名稱2":null,"行業代號3":null,"名稱3":null,"category":"夜市/市場攤販","id":10056628,"pay_list":"","pay_tool":""},{"index":74,"shop":"金華公有零售市場-百貨","zone":"雲嘉南","city":"臺南市","area":"南區","market_address":"臺南市南區金華路2段33巷79號","user":"蘇靜蓉","行業代號":null,"market_name":"金華公有零售市場","行業代號1":null,"名稱1":null,"行業代號2":null,"名稱2":null,"行業代號3":null,"名稱3":null,"category":"夜市/市場攤販","id":10056629,"pay_list":"","pay_tool":""},{"index":75,"shop":"金華公有零售市場-其他","zone":"雲嘉南","city":"臺南市","area":"南區","market_address":"臺南市南區金華路2段33巷79號","user":"李誌霖","行業代號":null,"market_name":"金華公有零售市場","行業代號1":null,"名稱1":null,"行業代號2":null,"名稱2":null,"行業代號3":null,"名稱3":null,"category":"夜市/市場攤販","id":10056630,"pay_list":"","pay_tool":""},{"index":76,"shop":"金華公有零售市場-飲食","zone":"雲嘉南","city":"臺南市","area":"南區","market_address":"臺南市南區金華路2段33巷79號","user":"洪秋香","行業代號":null,"market_name":"金華公有零售市場","行業代號1":null,"名稱1":null,"行業代號2":null,"名稱2":null,"行業代號3":null,"名稱3":null,"category":"夜市/市場攤販","id":10056631,"pay_list":"","pay_tool":""},{"index":77,"shop":"金華公有零售市場-飲食","zone":"雲嘉南","city":"臺南市","area":"南區","market_address":"臺南市南區金華路2段33巷79號","user":"李雅玲","行業代號":null,"market_name":"金華公有零售市場","行業代號1":null,"名稱1":null,"行業代號2":null,"名稱2":null,"行業代號3":null,"名稱3":null,"category":"夜市/市場攤販","id":10056632,"pay_list":"","pay_tool":""},{"index":78,"shop":"金華公有零售市場-百貨","zone":"雲嘉南","city":"臺南市","area":"南區","market_address":"臺南市南區金華路2段33巷79號","user":"謝孟佳","行業代號":null,"market_name":"金華公有零售市場","行業代號1":null,"名稱1":null,"行業代號2":null,"名稱2":null,"行業代號3":null,"名稱3":null,"category":"夜市/市場攤販","id":10056633,"pay_list":"","pay_tool":""},{"index":79,"shop":"金華公有零售市場-禽肉","zone":"雲嘉南","city":"臺南市","area":"南區","market_address":"臺南市南區金華路2段33巷79號","user":"劉鄭麗真","行業代號":null,"market_name":"金華公有零售市場","行業代號1":null,"名稱1":null,"行業代號2":null,"名稱2":null,"行業代號3":null,"名稱3":null,"category":"夜市/市場攤販","id":10056634,"pay_list":"","pay_tool":""},{"index":80,"shop":"金華公有零售市場-畜肉","zone":"雲嘉南","city":"臺南市","area":"南區","market_address":"臺南市南區金華路2段33巷79號","user":"李金成","行業代號":null,"market_name":"金華公有零售市場","行業代號1":null,"名稱1":null,"行業代號2":null,"名稱2":null,"行業代號3":null,"名稱3":null,"category":"夜市/市場攤販","id":10056635,"pay_list":"","pay_tool":""},{"index":81,"shop":"金華公有零售市場-花卉","zone":"雲嘉南","city":"臺南市","area":"南區","market_address":"臺南市南區金華路2段33巷79號","user":"謝若梅","行業代號":null,"market_name":"金華公有零售市場","行業代號1":null,"名稱1":null,"行業代號2":null,"名稱2":null,"行業代號3":null,"名稱3":null,"category":"夜市/市場攤販","id":10056637,"pay_list":"","pay_tool":""},{"index":82,"shop":"金華公有零售市場-花卉","zone":"雲嘉南","city":"臺南市","area":"南區","market_address":"臺南市南區金華路2段33巷79號","user":"黃明旺","行業代號":null,"market_name":"金華公有零售市場","行業代號1":null,"名稱1":null,"行業代號2":null,"名稱2":null,"行業代號3":null,"名稱3":null,"category":"夜市/市場攤販","id":10056638,"pay_list":"","pay_tool":""},{"index":83,"shop":"金華公有零售市場-百貨","zone":"雲嘉南","city":"臺南市","area":"南區","market_address":"臺南市南區金華路2段33巷79號","user":"方耀毅","行業代號":null,"market_name":"金華公有零售市場","行業代號1":null,"名稱1":null,"行業代號2":null,"名稱2":null,"行業代號3":null,"名稱3":null,"category":"夜市/市場攤販","id":10056639,"pay_list":"","pay_tool":""},{"index":84,"shop":"金華公有零售市場-百貨","zone":"雲嘉南","city":"臺南市","area":"南區","market_address":"臺南市南區金華路2段33巷79號","user":"曹靜雯","行業代號":null,"market_name":"金華公有零售市場","行業代號1":null,"名稱1":null,"行業代號2":null,"名稱2":null,"行業代號3":null,"名稱3":null,"category":"夜市/市場攤販","id":10056640,"pay_list":"","pay_tool":""},{"index":85,"shop":"金華公有零售市場-百貨","zone":"雲嘉南","city":"臺南市","area":"南區","market_address":"臺南市南區金華路2段33巷79號","user":"薛陳麗娟","行業代號":null,"market_name":"金華公有零售市場","行業代號1":null,"名稱1":null,"行業代號2":null,"名稱2":null,"行業代號3":null,"名稱3":null,"category":"夜市/市場攤販","id":10056641,"pay_list":"","pay_tool":""},{"index":86,"shop":"金華公有零售市場-百貨","zone":"雲嘉南","city":"臺南市","area":"南區","market_address":"臺南市南區金華路2段33巷79號","user":"施忠志","行業代號":null,"market_name":"金華公有零售市場","行業代號1":null,"名稱1":null,"行業代號2":null,"名稱2":null,"行業代號3":null,"名稱3":null,"category":"夜市/市場攤販","id":10056642,"pay_list":"","pay_tool":""},{"index":87,"shop":"金華公有零售市場-食品","zone":"雲嘉南","city":"臺南市","area":"南區","market_address":"臺南市南區金華路2段33巷79號","user":"吳柏成","行業代號":null,"market_name":"金華公有零售市場","行業代號1":null,"名稱1":null,"行業代號2":null,"名稱2":null,"行業代號3":null,"名稱3":null,"category":"夜市/市場攤販","id":10056643,"pay_list":"","pay_tool":""},{"index":88,"shop":"金華公有零售市場-水產","zone":"雲嘉南","city":"臺南市","area":"南區","market_address":"臺南市南區金華路2段33巷79號","user":"陳木發","行業代號":null,"market_name":"金華公有零售市場","行業代號1":null,"名稱1":null,"行業代號2":null,"名稱2":null,"行業代號3":null,"名稱3":null,"category":"夜市/市場攤販","id":10056644,"pay_list":"","pay_tool":""},{"index":89,"shop":"金華公有零售市場-百貨","zone":"雲嘉南","city":"臺南市","area":"南區","market_address":"臺南市南區金華路2段33巷79號","user":"陳忠緯","行業代號":null,"market_name":"金華公有零售市場","行業代號1":null,"名稱1":null,"行業代號2":null,"名稱2":null,"行業代號3":null,"名稱3":null,"category":"夜市/市場攤販","id":10056645,"pay_list":"","pay_tool":""},{"index":90,"shop":"金華公有零售市場-青果","zone":"雲嘉南","city":"臺南市","area":"南區","market_address":"臺南市南區金華路2段33巷79號","user":"方茂春","行業代號":null,"market_name":"金華公有零售市場","行業代號1":null,"名稱1":null,"行業代號2":null,"名稱2":null,"行業代號3":null,"名稱3":null,"category":"夜市/市場攤販","id":10056646,"pay_list":"","pay_tool":""},{"index":91,"shop":"金華公有零售市場-水產","zone":"雲嘉南","city":"臺南市","area":"南區","market_address":"臺南市南區金華路2段33巷79號","user":"陳鄭房子","行業代號":null,"market_name":"金華公有零售市場","行業代號1":null,"名稱1":null,"行業代號2":null,"名稱2":null,"行業代號3":null,"名稱3":null,"category":"夜市/市場攤販","id":10056648,"pay_list":"","pay_tool":""},{"index":92,"shop":"金華公有零售市場-食品","zone":"雲嘉南","city":"臺南市","area":"南區","market_address":"臺南市南區金華路2段33巷79號","user":"杜旻禹","行業代號":null,"market_name":"金華公有零售市場","行業代號1":null,"名稱1":null,"行業代號2":null,"名稱2":null,"行業代號3":null,"名稱3":null,"category":"夜市/市場攤販","id":10056649,"pay_list":"","pay_tool":""},{"index":93,"shop":"金華公有零售市場-食品","zone":"雲嘉南","city":"臺南市","area":"南區","market_address":"臺南市南區金華路2段33巷79號","user":"陳吳麗瑾","行業代號":null,"market_name":"金華公有零售市場","行業代號1":null,"名稱1":null,"行業代號2":null,"名稱2":null,"行業代號3":null,"名稱3":null,"category":"夜市/市場攤販","id":10056650,"pay_list":"","pay_tool":""},{"index":94,"shop":"金華公有零售市場-百貨","zone":"雲嘉南","city":"臺南市","area":"南區","market_address":"臺南市南區金華路2段33巷79號","user":"王秀菁","行業代號":null,"market_name":"金華公有零售市場","行業代號1":null,"名稱1":null,"行業代號2":null,"名稱2":null,"行業代號3":null,"名稱3":null,"category":"夜市/市場攤販","id":10056651,"pay_list":"","pay_tool":""},{"index":95,"shop":"金華公有零售市場-魚蝦","zone":"雲嘉南","city":"臺南市","area":"南區","market_address":"臺南市南區金華路2段33巷79號","user":"吳美華","行業代號":null,"market_name":"金華公有零售市場","行業代號1":null,"名稱1":null,"行業代號2":null,"名稱2":null,"行業代號3":null,"名稱3":null,"category":"夜市/市場攤販","id":10056652,"pay_list":"","pay_tool":""},{"index":96,"shop":"金華公有零售市場-百貨","zone":"雲嘉南","city":"臺南市","area":"南區","market_address":"臺南市南區金華路2段33巷79號","user":"黃婉妮","行業代號":null,"market_name":"金華公有零售市場","行業代號1":null,"名稱1":null,"行業代號2":null,"名稱2":null,"行業代號3":null,"名稱3":null,"category":"夜市/市場攤販","id":10056653,"pay_list":"","pay_tool":""},{"index":97,"shop":"金華公有零售市場-百貨","zone":"雲嘉南","city":"臺南市","area":"南區","market_address":"臺南市南區金華路2段33巷79號","user":"陳麗月","行業代號":null,"market_name":"金華公有零售市場","行業代號1":null,"名稱1":null,"行業代號2":null,"名稱2":null,"行業代號3":null,"名稱3":null,"category":"夜市/市場攤販","id":10056654,"pay_list":"","pay_tool":""},{"index":98,"shop":"金華公有零售市場-百貨","zone":"雲嘉南","city":"臺南市","area":"南區","market_address":"臺南市南區金華路2段33巷79號","user":"施黃玉花","行業代號":null,"market_name":"金華公有零售市場","行業代號1":null,"名稱1":null,"行業代號2":null,"名稱2":null,"行業代號3":null,"名稱3":null,"category":"夜市/市場攤販","id":10056655,"pay_list":"","pay_tool":""},{"index":99,"shop":"金華公有零售市場-青果","zone":"雲嘉南","city":"臺南市","area":"南區","market_address":"臺南市南區金華路2段33巷79號","user":"蔡享听","行業代號":null,"market_name":"金華公有零售市場","行業代號1":null,"名稱1":null,"行業代號2":null,"名稱2":null,"行業代號3":null,"名稱3":null,"category":"夜市/市場攤販","id":10056656,"pay_list":"","pay_tool":""},{"index":100,"shop":"金華公有零售市場-食品","zone":"雲嘉南","city":"臺南市","area":"南區","market_address":"臺南市南區金華路2段33巷79號","user":"李吳惠玉","行業代號":null,"market_name":"金華公有零售市場","行業代號1":null,"名稱1":null,"行業代號2":null,"名稱2":null,"行業代號3":null,"名稱3":null,"category":"夜市/市場攤販","id":10056657,"pay_list":"","pay_tool":""},{"index":101,"shop":"金華公有零售市場-水產","zone":"雲嘉南","city":"臺南市","area":"南區","market_address":"臺南市南區金華路2段33巷79號","user":"陳慶漳","行業代號":null,"market_name":"金華公有零售市場","行業代號1":null,"名稱1":null,"行業代號2":null,"名稱2":null,"行業代號3":null,"名稱3":null,"category":"夜市/市場攤販","id":10056660,"pay_list":"","pay_tool":""},{"index":102,"shop":"金華公有零售市場-水產","zone":"雲嘉南","city":"臺南市","area":"南區","market_address":"臺南市南區金華路2段33巷79號","user":"李秋源","行業代號":null,"market_name":"金華公有零售市場","行業代號1":null,"名稱1":null,"行業代號2":null,"名稱2":null,"行業代號3":null,"名稱3":null,"category":"夜市/市場攤販","id":10056661,"pay_list":"","pay_tool":""},{"index":103,"shop":"金華公有零售市場-蔬菜","zone":"雲嘉南","city":"臺南市","area":"南區","market_address":"臺南市南區金華路2段33巷79號","user":"何美霞","行業代號":null,"market_name":"金華公有零售市場","行業代號1":null,"名稱1":null,"行業代號2":null,"名稱2":null,"行業代號3":null,"名稱3":null,"category":"夜市/市場攤販","id":10056662,"pay_list":"","pay_tool":""},{"index":104,"shop":"金華公有零售市場-花卉","zone":"雲嘉南","city":"臺南市","area":"南區","market_address":"臺南市南區金華路2段33巷79號","user":"杜正德","行業代號":null,"market_name":"金華公有零售市場","行業代號1":null,"名稱1":null,"行業代號2":null,"名稱2":null,"行業代號3":null,"名稱3":null,"category":"夜市/市場攤販","id":10056663,"pay_list":"","pay_tool":""},{"index":105,"shop":"金華公有零售市場-魚蝦","zone":"雲嘉南","city":"臺南市","area":"南區","market_address":"臺南市南區金華路2段33巷79號","user":"劉水益","行業代號":null,"market_name":"金華公有零售市場","行業代號1":null,"名稱1":null,"行業代號2":null,"名稱2":null,"行業代號3":null,"名稱3":null,"category":"夜市/市場攤販","id":10056664,"pay_list":"","pay_tool":""},{"index":106,"shop":"金華公有零售市場-水產","zone":"雲嘉南","city":"臺南市","area":"南區","market_address":"臺南市南區金華路2段33巷79號","user":"黃清誥","行業代號":null,"market_name":"金華公有零售市場","行業代號1":null,"名稱1":null,"行業代號2":null,"名稱2":null,"行業代號3":null,"名稱3":null,"category":"夜市/市場攤販","id":10056665,"pay_list":"","pay_tool":""},{"index":107,"shop":"金華公有零售市場-水產","zone":"雲嘉南","city":"臺南市","area":"南區","market_address":"臺南市南區金華路2段33巷79號","user":"蔡蕙蘭","行業代號":null,"market_name":"金華公有零售市場","行業代號1":null,"名稱1":null,"行業代號2":null,"名稱2":null,"行業代號3":null,"名稱3":null,"category":"夜市/市場攤販","id":10056666,"pay_list":"","pay_tool":""},{"index":108,"shop":"金華公有零售市場-青果","zone":"雲嘉南","city":"臺南市","area":"南區","market_address":"臺南市南區金華路2段33巷79號","user":"張雅韻","行業代號":null,"market_name":"金華公有零售市場","行業代號1":null,"名稱1":null,"行業代號2":null,"名稱2":null,"行業代號3":null,"名稱3":null,"category":"夜市/市場攤販","id":10056667,"pay_list":"","pay_tool":""},{"index":109,"shop":"金華公有零售市場-水產","zone":"雲嘉南","city":"臺南市","area":"南區","market_address":"臺南市南區金華路2段33巷79號","user":"陳鐘錦玉","行業代號":null,"market_name":"金華公有零售市場","行業代號1":null,"名稱1":null,"行業代號2":null,"名稱2":null,"行業代號3":null,"名稱3":null,"category":"夜市/市場攤販","id":10056668,"pay_list":"","pay_tool":""},{"index":110,"shop":"金華公有零售市場-水產","zone":"雲嘉南","city":"臺南市","area":"南區","market_address":"臺南市南區金華路2段33巷79號","user":"陳文欣","行業代號":null,"market_name":"金華公有零售市場","行業代號1":null,"名稱1":null,"行業代號2":null,"名稱2":null,"行業代號3":null,"名稱3":null,"category":"夜市/市場攤販","id":10056669,"pay_list":"","pay_tool":""},{"index":111,"shop":"金華公有零售市場-食品","zone":"雲嘉南","city":"臺南市","area":"南區","market_address":"臺南市南區金華路2段33巷79號","user":"王博義","行業代號":null,"market_name":"金華公有零售市場","行業代號1":null,"名稱1":null,"行業代號2":null,"名稱2":null,"行業代號3":null,"名稱3":null,"category":"夜市/市場攤販","id":10056671,"pay_list":"","pay_tool":""},{"index":112,"shop":"金華公有零售市場-百貨","zone":"雲嘉南","city":"臺南市","area":"南區","market_address":"臺南市南區金華路2段33巷79號","user":"章麗琴","行業代號":null,"market_name":"金華公有零售市場","行業代號1":null,"名稱1":null,"行業代號2":null,"名稱2":null,"行業代號3":null,"名稱3":null,"category":"夜市/市場攤販","id":10056672,"pay_list":"","pay_tool":""},{"index":113,"shop":"金華公有零售市場-食品","zone":"雲嘉南","city":"臺南市","area":"南區","market_address":"臺南市南區金華路2段33巷79號","user":"蔡忻吟","行業代號":null,"market_name":"金華公有零售市場","行業代號1":null,"名稱1":null,"行業代號2":null,"名稱2":null,"行業代號3":null,"名稱3":null,"category":"夜市/市場攤販","id":10056673,"pay_list":"","pay_tool":""},{"index":114,"shop":"金華公有零售市場-畜肉","zone":"雲嘉南","city":"臺南市","area":"南區","market_address":"臺南市南區金華路2段33巷79號","user":"陳博陽","行業代號":null,"market_name":"金華公有零售市場","行業代號1":null,"名稱1":null,"行業代號2":null,"名稱2":null,"行業代號3":null,"名稱3":null,"category":"夜市/市場攤販","id":10056674,"pay_list":"","pay_tool":""},{"index":115,"shop":"金華公有零售市場-畜肉","zone":"雲嘉南","city":"臺南市","area":"南區","market_address":"臺南市南區金華路2段33巷79號","user":"陳建豪","行業代號":null,"market_name":"金華公有零售市場","行業代號1":null,"名稱1":null,"行業代號2":null,"名稱2":null,"行業代號3":null,"名稱3":null,"category":"夜市/市場攤販","id":10056675,"pay_list":"","pay_tool":""},{"index":116,"shop":"金華公有零售市場-農產加工品","zone":"雲嘉南","city":"臺南市","area":"南區","market_address":"臺南市南區金華路2段33巷79號","user":"蘇圭市","行業代號":null,"market_name":"金華公有零售市場","行業代號1":null,"名稱1":null,"行業代號2":null,"名稱2":null,"行業代號3":null,"名稱3":null,"category":"夜市/市場攤販","id":10056676,"pay_list":"","pay_tool":""},{"index":117,"shop":"金華公有零售市場-百貨","zone":"雲嘉南","city":"臺南市","area":"南區","market_address":"臺南市南區金華路2段33巷79號","user":"陳洪素珍","行業代號":null,"market_name":"金華公有零售市場","行業代號1":null,"名稱1":null,"行業代號2":null,"名稱2":null,"行業代號3":null,"名稱3":null,"category":"夜市/市場攤販","id":10056677,"pay_list":"","pay_tool":""},{"index":118,"shop":"金華公有零售市場-百貨","zone":"雲嘉南","city":"臺南市","area":"南區","market_address":"臺南市南區金華路2段33巷79號","user":"曾于芬","行業代號":null,"market_name":"金華公有零售市場","行業代號1":null,"名稱1":null,"行業代號2":null,"名稱2":null,"行業代號3":null,"名稱3":null,"category":"夜市/市場攤販","id":10056678,"pay_list":"","pay_tool":""},{"index":119,"shop":"金華公有零售市場-百貨","zone":"雲嘉南","city":"臺南市","area":"南區","market_address":"臺南市南區金華路2段33巷79號","user":"邱銘傑","行業代號":null,"market_name":"金華公有零售市場","行業代號1":null,"名稱1":null,"行業代號2":null,"名稱2":null,"行業代號3":null,"名稱3":null,"category":"夜市/市場攤販","id":10056679,"pay_list":"","pay_tool":""},{"index":120,"shop":"金華公有零售市場-百貨","zone":"雲嘉南","city":"臺南市","area":"南區","market_address":"臺南市南區金華路2段33巷79號","user":"邱陳阿銀","行業代號":null,"market_name":"金華公有零售市場","行業代號1":null,"名稱1":null,"行業代號2":null,"名稱2":null,"行業代號3":null,"名稱3":null,"category":"夜市/市場攤販","id":10056680,"pay_list":"","pay_tool":""},{"index":121,"shop":"金華公有零售市場-食品","zone":"雲嘉南","city":"臺南市","area":"南區","market_address":"臺南市南區金華路2段33巷79號","user":"林友信","行業代號":null,"market_name":"金華公有零售市場","行業代號1":null,"名稱1":null,"行業代號2":null,"名稱2":null,"行業代號3":null,"名稱3":null,"category":"夜市/市場攤販","id":10056682,"pay_list":"","pay_tool":""},{"index":122,"shop":"金華公有零售市場-禽肉","zone":"雲嘉南","city":"臺南市","area":"南區","market_address":"臺南市南區金華路2段33巷79號","user":"蘇榮哲","行業代號":null,"market_name":"金華公有零售市場","行業代號1":null,"名稱1":null,"行業代號2":null,"名稱2":null,"行業代號3":null,"名稱3":null,"category":"夜市/市場攤販","id":10056683,"pay_list":"","pay_tool":""},{"index":123,"shop":"金華公有零售市場-水產","zone":"雲嘉南","city":"臺南市","area":"南區","market_address":"臺南市南區金華路2段33巷79號","user":"黃薽玉","行業代號":null,"market_name":"金華公有零售市場","行業代號1":null,"名稱1":null,"行業代號2":null,"名稱2":null,"行業代號3":null,"名稱3":null,"category":"夜市/市場攤販","id":10056684,"pay_list":"","pay_tool":""},{"index":124,"shop":"金華公有零售市場-青果","zone":"雲嘉南","city":"臺南市","area":"南區","market_address":"臺南市南區金華路2段33巷79號","user":"鄭月紅","行業代號":null,"market_name":"金華公有零售市場","行業代號1":null,"名稱1":null,"行業代號2":null,"名稱2":null,"行業代號3":null,"名稱3":null,"category":"夜市/市場攤販","id":10056685,"pay_list":"","pay_tool":""},{"index":125,"shop":"金華公有零售市場-其他","zone":"雲嘉南","city":"臺南市","area":"南區","market_address":"臺南市南區金華路2段33巷79號","user":"石佳錞","行業代號":null,"market_name":"金華公有零售市場","行業代號1":null,"名稱1":null,"行業代號2":null,"名稱2":null,"行業代號3":null,"名稱3":null,"category":"夜市/市場攤販","id":10056686,"pay_list":"","pay_tool":""},{"index":126,"shop":"金華公有零售市場-蔬菜","zone":"雲嘉南","city":"臺南市","area":"南區","market_address":"臺南市南區金華路2段33巷79號","user":"葉國發","行業代號":null,"market_name":"金華公有零售市場","行業代號1":null,"名稱1":null,"行業代號2":null,"名稱2":null,"行業代號3":null,"名稱3":null,"category":"夜市/市場攤販","id":10056687,"pay_list":"","pay_tool":""},{"index":127,"shop":"金華公有零售市場-花卉","zone":"雲嘉南","city":"臺南市","area":"南區","market_address":"臺南市南區金華路2段33巷79號","user":"林黃來好","行業代號":null,"market_name":"金華公有零售市場","行業代號1":null,"名稱1":null,"行業代號2":null,"名稱2":null,"行業代號3":null,"名稱3":null,"category":"夜市/市場攤販","id":10056688,"pay_list":"","pay_tool":""},{"index":128,"shop":"金華公有零售市場-青果","zone":"雲嘉南","city":"臺南市","area":"南區","market_address":"臺南市南區金華路2段33巷79號","user":"林黃金蓮","行業代號":null,"market_name":"金華公有零售市場","行業代號1":null,"名稱1":null,"行業代號2":null,"名稱2":null,"行業代號3":null,"名稱3":null,"category":"夜市/市場攤販","id":10056689,"pay_list":"","pay_tool":""},{"index":129,"shop":"金華公有零售市場-食品","zone":"雲嘉南","city":"臺南市","area":"南區","market_address":"臺南市南區金華路2段33巷79號","user":"吳麗美","行業代號":null,"market_name":"金華公有零售市場","行業代號1":null,"名稱1":null,"行業代號2":null,"名稱2":null,"行業代號3":null,"名稱3":null,"category":"夜市/市場攤販","id":10056690,"pay_list":"","pay_tool":""},{"index":130,"shop":"金華公有零售市場-蔬菜","zone":"雲嘉南","city":"臺南市","area":"南區","market_address":"臺南市南區金華路2段33巷79號","user":"戴徐金枝","行業代號":null,"market_name":"金華公有零售市場","行業代號1":null,"名稱1":null,"行業代號2":null,"名稱2":null,"行業代號3":null,"名稱3":null,"category":"夜市/市場攤販","id":10056691,"pay_list":"","pay_tool":""},{"index":131,"shop":"金華公有零售市場-水產","zone":"雲嘉南","city":"臺南市","area":"南區","market_address":"臺南市南區金華路2段33巷79號","user":"馬湘華","行業代號":null,"market_name":"金華公有零售市場","行業代號1":null,"名稱1":null,"行業代號2":null,"名稱2":null,"行業代號3":null,"名稱3":null,"category":"夜市/市場攤販","id":10056693,"pay_list":"","pay_tool":""},{"index":132,"shop":"金華公有零售市場-百貨","zone":"雲嘉南","city":"臺南市","area":"南區","market_address":"臺南市南區金華路2段33巷79號","user":"方怡文","行業代號":null,"market_name":"金華公有零售市場","行業代號1":null,"名稱1":null,"行業代號2":null,"名稱2":null,"行業代號3":null,"名稱3":null,"category":"夜市/市場攤販","id":10056694,"pay_list":"","pay_tool":""},{"index":133,"shop":"金華公有零售市場-其他","zone":"雲嘉南","city":"臺南市","area":"南區","market_address":"臺南市南區金華路2段33巷79號","user":"林素珍","行業代號":null,"market_name":"金華公有零售市場","行業代號1":null,"名稱1":null,"行業代號2":null,"名稱2":null,"行業代號3":null,"名稱3":null,"category":"夜市/市場攤販","id":10056695,"pay_list":"","pay_tool":""},{"index":134,"shop":"金華公有零售市場-食品","zone":"雲嘉南","city":"臺南市","area":"南區","market_address":"臺南市南區金華路2段33巷79號","user":"許燕雪","行業代號":null,"market_name":"金華公有零售市場","行業代號1":null,"名稱1":null,"行業代號2":null,"名稱2":null,"行業代號3":null,"名稱3":null,"category":"夜市/市場攤販","id":10056696,"pay_list":"","pay_tool":""},{"index":135,"shop":"金華公有零售市場-食品","zone":"雲嘉南","city":"臺南市","area":"南區","market_address":"臺南市南區金華路2段33巷79號","user":"徐美惠","行業代號":null,"market_name":"金華公有零售市場","行業代號1":null,"名稱1":null,"行業代號2":null,"名稱2":null,"行業代號3":null,"名稱3":null,"category":"夜市/市場攤販","id":10056697,"pay_list":"","pay_tool":""},{"index":136,"shop":"金華公有零售市場-蔬菜","zone":"雲嘉南","city":"臺南市","area":"南區","market_address":"臺南市南區金華路2段33巷79號","user":"曹順財","行業代號":null,"market_name":"金華公有零售市場","行業代號1":null,"名稱1":null,"行業代號2":null,"名稱2":null,"行業代號3":null,"名稱3":null,"category":"夜市/市場攤販","id":10056698,"pay_list":"","pay_tool":""},{"index":137,"shop":"金華公有零售市場-禽肉","zone":"雲嘉南","city":"臺南市","area":"南區","market_address":"臺南市南區金華路2段33巷79號","user":"薛沈雨","行業代號":null,"market_name":"金華公有零售市場","行業代號1":null,"名稱1":null,"行業代號2":null,"名稱2":null,"行業代號3":null,"名稱3":null,"category":"夜市/市場攤販","id":10056699,"pay_list":"","pay_tool":""},{"index":138,"shop":"金華公有零售市場-其他","zone":"雲嘉南","city":"臺南市","area":"南區","market_address":"臺南市南區金華路2段33巷79號","user":"薛惠如","行業代號":null,"market_name":"金華公有零售市場","行業代號1":null,"名稱1":null,"行業代號2":null,"名稱2":null,"行業代號3":null,"名稱3":null,"category":"夜市/市場攤販","id":10056700,"pay_list":"","pay_tool":""},{"index":139,"shop":"金華公有零售市場-食品","zone":"雲嘉南","city":"臺南市","area":"南區","market_address":"臺南市南區金華路2段33巷79號","user":"王秋好","行業代號":null,"market_name":"金華公有零售市場","行業代號1":null,"名稱1":null,"行業代號2":null,"名稱2":null,"行業代號3":null,"名稱3":null,"category":"夜市/市場攤販","id":10056701,"pay_list":"","pay_tool":""},{"index":140,"shop":"金華公有零售市場-飲食","zone":"雲嘉南","city":"臺南市","area":"南區","market_address":"臺南市南區金華路2段33巷79號","user":"曾靖婷","行業代號":null,"market_name":"金華公有零售市場","行業代號1":null,"名稱1":null,"行業代號2":null,"名稱2":null,"行業代號3":null,"名稱3":null,"category":"夜市/市場攤販","id":10056702,"pay_list":"","pay_tool":""},{"index":141,"shop":"金華公有零售市場-食品","zone":"雲嘉南","city":"臺南市","area":"南區","market_address":"臺南市南區金華路2段33巷79號","user":"林孇潓","行業代號":null,"market_name":"金華公有零售市場","行業代號1":null,"名稱1":null,"行業代號2":null,"名稱2":null,"行業代號3":null,"名稱3":null,"category":"夜市/市場攤販","id":10056704,"pay_list":"","pay_tool":""},{"index":142,"shop":"金華公有零售市場-食品","zone":"雲嘉南","city":"臺南市","area":"南區","market_address":"臺南市南區金華路2段33巷79號","user":"許琄琄","行業代號":null,"market_name":"金華公有零售市場","行業代號1":null,"名稱1":null,"行業代號2":null,"名稱2":null,"行業代號3":null,"名稱3":null,"category":"夜市/市場攤販","id":10056705,"pay_list":"","pay_tool":""},{"index":143,"shop":"金華公有零售市場-食品","zone":"雲嘉南","city":"臺南市","area":"南區","market_address":"臺南市南區金華路2段33巷79號","user":"許玲婉","行業代號":null,"market_name":"金華公有零售市場","行業代號1":null,"名稱1":null,"行業代號2":null,"名稱2":null,"行業代號3":null,"名稱3":null,"category":"夜市/市場攤販","id":10056706,"pay_list":"","pay_tool":""},{"index":144,"shop":"金華公有零售市場-蔬菜","zone":"雲嘉南","city":"臺南市","area":"南區","market_address":"臺南市南區金華路2段33巷79號","user":"郭妃鳳","行業代號":null,"market_name":"金華公有零售市場","行業代號1":null,"名稱1":null,"行業代號2":null,"名稱2":null,"行業代號3":null,"名稱3":null,"category":"夜市/市場攤販","id":10056707,"pay_list":"","pay_tool":""},{"index":145,"shop":"金華公有零售市場-雜貨","zone":"雲嘉南","city":"臺南市","area":"南區","market_address":"臺南市南區金華路2段33巷79號","user":"石源泰","行業代號":null,"market_name":"金華公有零售市場","行業代號1":null,"名稱1":null,"行業代號2":null,"名稱2":null,"行業代號3":null,"名稱3":null,"category":"夜市/市場攤販","id":10056708,"pay_list":"","pay_tool":""},{"index":146,"shop":"金華公有零售市場-百貨","zone":"雲嘉南","city":"臺南市","area":"南區","market_address":"臺南市南區金華路2段33巷79號","user":"鄭國焜","行業代號":null,"market_name":"金華公有零售市場","行業代號1":null,"名稱1":null,"行業代號2":null,"名稱2":null,"行業代號3":null,"名稱3":null,"category":"夜市/市場攤販","id":10056709,"pay_list":"","pay_tool":""},{"index":147,"shop":"金華公有零售市場-畜肉","zone":"雲嘉南","city":"臺南市","area":"南區","market_address":"臺南市南區金華路2段33巷79號","user":"駱女妹","行業代號":null,"market_name":"金華公有零售市場","行業代號1":null,"名稱1":null,"行業代號2":null,"名稱2":null,"行業代號3":null,"名稱3":null,"category":"夜市/市場攤販","id":10056710,"pay_list":"","pay_tool":""},{"index":148,"shop":"金華公有零售市場-畜肉","zone":"雲嘉南","city":"臺南市","area":"南區","market_address":"臺南市南區金華路2段33巷79號","user":"楊菁惠","行業代號":null,"market_name":"金華公有零售市場","行業代號1":null,"名稱1":null,"行業代號2":null,"名稱2":null,"行業代號3":null,"名稱3":null,"category":"夜市/市場攤販","id":10056711,"pay_list":"","pay_tool":""},{"index":149,"shop":"金華公有零售市場-畜肉","zone":"雲嘉南","city":"臺南市","area":"南區","market_address":"臺南市南區金華路2段33巷79號","user":"林明星","行業代號":null,"market_name":"金華公有零售市場","行業代號1":null,"名稱1":null,"行業代號2":null,"名稱2":null,"行業代號3":null,"名稱3":null,"category":"夜市/市場攤販","id":10056712,"pay_list":"","pay_tool":""},{"index":150,"shop":"金華公有零售市場-百貨","zone":"雲嘉南","city":"臺南市","area":"南區","market_address":"臺南市南區金華路2段33巷79號","user":"饒碧霞","行業代號":null,"market_name":"金華公有零售市場","行業代號1":null,"名稱1":null,"行業代號2":null,"名稱2":null,"行業代號3":null,"名稱3":null,"category":"夜市/市場攤販","id":10056713,"pay_list":"","pay_tool":""},{"index":151,"shop":"金華公有零售市場-其他","zone":"雲嘉南","city":"臺南市","area":"南區","market_address":"臺南市南區金華路2段33巷79號","user":"陳全霖","行業代號":null,"market_name":"金華公有零售市場","行業代號1":null,"名稱1":null,"行業代號2":null,"名稱2":null,"行業代號3":null,"名稱3":null,"category":"夜市/市場攤販","id":10056715,"pay_list":"","pay_tool":""},{"index":152,"shop":"金華公有零售市場-青果","zone":"雲嘉南","city":"臺南市","area":"南區","market_address":"臺南市南區金華路2段33巷79號","user":"陳清琴","行業代號":null,"market_name":"金華公有零售市場","行業代號1":null,"名稱1":null,"行業代號2":null,"名稱2":null,"行業代號3":null,"名稱3":null,"category":"夜市/市場攤販","id":10056716,"pay_list":"","pay_tool":""},{"index":153,"shop":"金華公有零售市場-青果","zone":"雲嘉南","city":"臺南市","area":"南區","market_address":"臺南市南區金華路2段33巷79號","user":"葉東晟","行業代號":null,"market_name":"金華公有零售市場","行業代號1":null,"名稱1":null,"行業代號2":null,"名稱2":null,"行業代號3":null,"名稱3":null,"category":"夜市/市場攤販","id":10056717,"pay_list":"","pay_tool":""},{"index":154,"shop":"金華公有零售市場-其他","zone":"雲嘉南","city":"臺南市","area":"南區","market_address":"臺南市南區金華路2段33巷79號","user":"鄧黃梅","行業代號":null,"market_name":"金華公有零售市場","行業代號1":null,"名稱1":null,"行業代號2":null,"名稱2":null,"行業代號3":null,"名稱3":null,"category":"夜市/市場攤販","id":10056718,"pay_list":"","pay_tool":""},{"index":155,"shop":"金華公有零售市場-食品","zone":"雲嘉南","city":"臺南市","area":"南區","market_address":"臺南市南區金華路2段33巷79號","user":"劉曜甄","行業代號":null,"market_name":"金華公有零售市場","行業代號1":null,"名稱1":null,"行業代號2":null,"名稱2":null,"行業代號3":null,"名稱3":null,"category":"夜市/市場攤販","id":10056719,"pay_list":"","pay_tool":""},{"index":156,"shop":"金華公有零售市場-其他","zone":"雲嘉南","city":"臺南市","area":"南區","market_address":"臺南市南區金華路2段33巷79號","user":"葉麗青","行業代號":null,"market_name":"金華公有零售市場","行業代號1":null,"名稱1":null,"行業代號2":null,"名稱2":null,"行業代號3":null,"名稱3":null,"category":"夜市/市場攤販","id":10056720,"pay_list":"","pay_tool":""},{"index":157,"shop":"金華公有零售市場-蔬菜","zone":"雲嘉南","city":"臺南市","area":"南區","market_address":"臺南市南區金華路2段33巷79號","user":"郭黃秀珠","行業代號":null,"market_name":"金華公有零售市場","行業代號1":null,"名稱1":null,"行業代號2":null,"名稱2":null,"行業代號3":null,"名稱3":null,"category":"夜市/市場攤販","id":10056721,"pay_list":"","pay_tool":""},{"index":158,"shop":"金華公有零售市場-果菜","zone":"雲嘉南","city":"臺南市","area":"南區","market_address":"臺南市南區金華路2段33巷79號","user":"陳金鳳","行業代號":null,"market_name":"金華公有零售市場","行業代號1":null,"名稱1":null,"行業代號2":null,"名稱2":null,"行業代號3":null,"名稱3":null,"category":"夜市/市場攤販","id":10056722,"pay_list":"","pay_tool":""},{"index":159,"shop":"金華公有零售市場-禽肉","zone":"雲嘉南","city":"臺南市","area":"南區","market_address":"臺南市南區金華路2段33巷79號","user":"黃琮壹","行業代號":null,"market_name":"金華公有零售市場","行業代號1":null,"名稱1":null,"行業代號2":null,"名稱2":null,"行業代號3":null,"名稱3":null,"category":"夜市/市場攤販","id":10056723,"pay_list":"","pay_tool":""},{"index":160,"shop":"金華公有零售市場-水產","zone":"雲嘉南","city":"臺南市","area":"南區","market_address":"臺南市南區金華路2段33巷79號","user":"陳正南","行業代號":null,"market_name":"金華公有零售市場","行業代號1":null,"名稱1":null,"行業代號2":null,"名稱2":null,"行業代號3":null,"名稱3":null,"category":"夜市/市場攤販","id":10056724,"pay_list":"","pay_tool":""},{"index":161,"shop":"金華公有零售市場-水產","zone":"雲嘉南","city":"臺南市","area":"南區","market_address":"臺南市南區金華路2段33巷79號","user":"郭峰志","行業代號":null,"market_name":"金華公有零售市場","行業代號1":null,"名稱1":null,"行業代號2":null,"名稱2":null,"行業代號3":null,"名稱3":null,"category":"夜市/市場攤販","id":10056726,"pay_list":"","pay_tool":""},{"index":162,"shop":"金華公有零售市場-水產","zone":"雲嘉南","city":"臺南市","area":"南區","market_address":"臺南市南區金華路2段33巷79號","user":"郭史麗香","行業代號":null,"market_name":"金華公有零售市場","行業代號1":null,"名稱1":null,"行業代號2":null,"名稱2":null,"行業代號3":null,"名稱3":null,"category":"夜市/市場攤販","id":10056727,"pay_list":"","pay_tool":""},{"index":163,"shop":"金華公有零售市場-其他","zone":"雲嘉南","city":"臺南市","area":"南區","market_address":"臺南市南區金華路2段33巷79號","user":"黃素娟","行業代號":null,"market_name":"金華公有零售市場","行業代號1":null,"名稱1":null,"行業代號2":null,"名稱2":null,"行業代號3":null,"名稱3":null,"category":"夜市/市場攤販","id":10056728,"pay_list":"","pay_tool":""},{"index":164,"shop":"金華公有零售市場-水產","zone":"雲嘉南","city":"臺南市","area":"南區","market_address":"臺南市南區金華路2段33巷79號","user":"龔孟震","行業代號":null,"market_name":"金華公有零售市場","行業代號1":null,"名稱1":null,"行業代號2":null,"名稱2":null,"行業代號3":null,"名稱3":null,"category":"夜市/市場攤販","id":10056729,"pay_list":"","pay_tool":""},{"index":165,"shop":"金華公有零售市場-食品","zone":"雲嘉南","city":"臺南市","area":"南區","market_address":"臺南市南區金華路2段33巷79號","user":"龔建仁","行業代號":null,"market_name":"金華公有零售市場","行業代號1":null,"名稱1":null,"行業代號2":null,"名稱2":null,"行業代號3":null,"名稱3":null,"category":"夜市/市場攤販","id":10056730,"pay_list":"","pay_tool":""},{"index":166,"shop":"金華公有零售市場-魚蝦","zone":"雲嘉南","city":"臺南市","area":"南區","market_address":"臺南市南區金華路2段33巷79號","user":"莊凱勝","行業代號":null,"market_name":"金華公有零售市場","行業代號1":null,"名稱1":null,"行業代號2":null,"名稱2":null,"行業代號3":null,"名稱3":null,"category":"夜市/市場攤販","id":10056731,"pay_list":"","pay_tool":""},{"index":167,"shop":"金華公有零售市場-食品","zone":"雲嘉南","city":"臺南市","area":"南區","market_address":"臺南市南區金華路2段33巷79號","user":"黃榮財","行業代號":null,"market_name":"金華公有零售市場","行業代號1":null,"名稱1":null,"行業代號2":null,"名稱2":null,"行業代號3":null,"名稱3":null,"category":"夜市/市場攤販","id":10056732,"pay_list":"","pay_tool":""},{"index":168,"shop":"金華公有零售市場-水產","zone":"雲嘉南","city":"臺南市","area":"南區","market_address":"臺南市南區金華路2段33巷79號","user":"蔡文祥","行業代號":null,"market_name":"金華公有零售市場","行業代號1":null,"名稱1":null,"行業代號2":null,"名稱2":null,"行業代號3":null,"名稱3":null,"category":"夜市/市場攤販","id":10056733,"pay_list":"","pay_tool":""},{"index":169,"shop":"金華公有零售市場-水產","zone":"雲嘉南","city":"臺南市","area":"南區","market_address":"臺南市南區金華路2段33巷79號","user":"林?朝","行業代號":null,"market_name":"金華公有零售市場","行業代號1":null,"名稱1":null,"行業代號2":null,"名稱2":null,"行業代號3":null,"名稱3":null,"category":"夜市/市場攤販","id":10056734,"pay_list":"","pay_tool":""},{"index":170,"shop":"金華公有零售市場-食品","zone":"雲嘉南","city":"臺南市","area":"南區","market_address":"臺南市南區金華路2段33巷79號","user":"林玲慧","行業代號":null,"market_name":"金華公有零售市場","行業代號1":null,"名稱1":null,"行業代號2":null,"名稱2":null,"行業代號3":null,"名稱3":null,"category":"夜市/市場攤販","id":10056735,"pay_list":"","pay_tool":""},{"index":171,"shop":"金華公有零售市場-食品","zone":"雲嘉南","city":"臺南市","area":"南區","market_address":"臺南市南區金華路2段33巷79號","user":"林秀燕","行業代號":null,"market_name":"金華公有零售市場","行業代號1":null,"名稱1":null,"行業代號2":null,"名稱2":null,"行業代號3":null,"名稱3":null,"category":"夜市/市場攤販","id":10056737,"pay_list":"","pay_tool":""},{"index":172,"shop":"金華公有零售市場-其他","zone":"雲嘉南","city":"臺南市","area":"南區","market_address":"臺南市南區金華路2段33巷79號","user":"莊瑞泰","行業代號":null,"market_name":"金華公有零售市場","行業代號1":null,"名稱1":null,"行業代號2":null,"名稱2":null,"行業代號3":null,"名稱3":null,"category":"夜市/市場攤販","id":10056738,"pay_list":"","pay_tool":""},{"index":173,"shop":"金華公有零售市場-食品","zone":"雲嘉南","city":"臺南市","area":"南區","market_address":"臺南市南區金華路2段33巷79號","user":"倪振德","行業代號":null,"market_name":"金華公有零售市場","行業代號1":null,"名稱1":null,"行業代號2":null,"名稱2":null,"行業代號3":null,"名稱3":null,"category":"夜市/市場攤販","id":10056739,"pay_list":"","pay_tool":""},{"index":174,"shop":"金華公有零售市場-食品","zone":"雲嘉南","city":"臺南市","area":"南區","market_address":"臺南市南區金華路2段33巷79號","user":"吳麗珠","行業代號":null,"market_name":"金華公有零售市場","行業代號1":null,"名稱1":null,"行業代號2":null,"名稱2":null,"行業代號3":null,"名稱3":null,"category":"夜市/市場攤販","id":10056740,"pay_list":"","pay_tool":""},{"index":175,"shop":"金華公有零售市場-其他","zone":"雲嘉南","city":"臺南市","area":"南區","market_address":"臺南市南區金華路2段33巷79號","user":"許崇輝","行業代號":null,"market_name":"金華公有零售市場","行業代號1":null,"名稱1":null,"行業代號2":null,"名稱2":null,"行業代號3":null,"名稱3":null,"category":"夜市/市場攤販","id":10056741,"pay_list":"","pay_tool":""},{"index":176,"shop":"金華公有零售市場-水產","zone":"雲嘉南","city":"臺南市","area":"南區","market_address":"臺南市南區金華路2段33巷79號","user":"林花香","行業代號":null,"market_name":"金華公有零售市場","行業代號1":null,"名稱1":null,"行業代號2":null,"名稱2":null,"行業代號3":null,"名稱3":null,"category":"夜市/市場攤販","id":10056742,"pay_list":"","pay_tool":""},{"index":177,"shop":"金華公有零售市場-食品","zone":"雲嘉南","city":"臺南市","area":"南區","market_address":"臺南市南區金華路2段33巷79號","user":"李烽西","行業代號":null,"market_name":"金華公有零售市場","行業代號1":null,"名稱1":null,"行業代號2":null,"名稱2":null,"行業代號3":null,"名稱3":null,"category":"夜市/市場攤販","id":10056743,"pay_list":"","pay_tool":""},{"index":178,"shop":"金華公有零售市場-蔬菜","zone":"雲嘉南","city":"臺南市","area":"南區","market_address":"臺南市南區金華路2段33巷79號","user":"許明訓","行業代號":null,"market_name":"金華公有零售市場","行業代號1":null,"名稱1":null,"行業代號2":null,"名稱2":null,"行業代號3":null,"名稱3":null,"category":"夜市/市場攤販","id":10056744,"pay_list":"","pay_tool":""},{"index":179,"shop":"金華公有零售市場-水產","zone":"雲嘉南","city":"臺南市","area":"南區","market_address":"臺南市南區金華路2段33巷79號","user":"郭錦鳳","行業代號":null,"market_name":"金華公有零售市場","行業代號1":null,"名稱1":null,"行業代號2":null,"名稱2":null,"行業代號3":null,"名稱3":null,"category":"夜市/市場攤販","id":10056745,"pay_list":"","pay_tool":""},{"index":180,"shop":"金華公有零售市場-畜肉","zone":"雲嘉南","city":"臺南市","area":"南區","market_address":"臺南市南區金華路2段33巷79號","user":"陳李素霞","行業代號":null,"market_name":"金華公有零售市場","行業代號1":null,"名稱1":null,"行業代號2":null,"名稱2":null,"行業代號3":null,"名稱3":null,"category":"夜市/市場攤販","id":10056746,"pay_list":"","pay_tool":""},{"index":181,"shop":"金華公有零售市場-畜肉","zone":"雲嘉南","city":"臺南市","area":"南區","market_address":"臺南市南區金華路2段33巷79號","user":"蔡葉金蓮","行業代號":null,"market_name":"金華公有零售市場","行業代號1":null,"名稱1":null,"行業代號2":null,"名稱2":null,"行業代號3":null,"名稱3":null,"category":"夜市/市場攤販","id":10056748,"pay_list":"","pay_tool":""},{"index":182,"shop":"金華公有零售市場-畜肉","zone":"雲嘉南","city":"臺南市","area":"南區","market_address":"臺南市南區金華路2段33巷79號","user":"蔡葉金蓮","行業代號":null,"market_name":"金華公有零售市場","行業代號1":null,"名稱1":null,"行業代號2":null,"名稱2":null,"行業代號3":null,"名稱3":null,"category":"夜市/市場攤販","id":10056749,"pay_list":"","pay_tool":""},{"index":183,"shop":"金華公有零售市場-禽肉","zone":"雲嘉南","city":"臺南市","area":"南區","market_address":"臺南市南區金華路2段33巷79號","user":"朱舒鷰","行業代號":null,"market_name":"金華公有零售市場","行業代號1":null,"名稱1":null,"行業代號2":null,"名稱2":null,"行業代號3":null,"名稱3":null,"category":"夜市/市場攤販","id":10056750,"pay_list":"","pay_tool":""},{"index":184,"shop":"金華公有零售市場-畜肉","zone":"雲嘉南","city":"臺南市","area":"南區","market_address":"臺南市南區金華路2段33巷79號","user":"黃鈺翔","行業代號":null,"market_name":"金華公有零售市場","行業代號1":null,"名稱1":null,"行業代號2":null,"名稱2":null,"行業代號3":null,"名稱3":null,"category":"夜市/市場攤販","id":10056751,"pay_list":"","pay_tool":""},{"index":185,"shop":"金華公有零售市場-食品","zone":"雲嘉南","city":"臺南市","area":"南區","market_address":"臺南市南區金華路2段33巷79號","user":"張晴程","行業代號":null,"market_name":"金華公有零售市場","行業代號1":null,"名稱1":null,"行業代號2":null,"名稱2":null,"行業代號3":null,"名稱3":null,"category":"夜市/市場攤販","id":10056752,"pay_list":"","pay_tool":""},{"index":186,"shop":"金華公有零售市場-蔬菜","zone":"雲嘉南","city":"臺南市","area":"南區","market_address":"臺南市南區金華路2段33巷79號","user":"曾見喜","行業代號":null,"market_name":"金華公有零售市場","行業代號1":null,"名稱1":null,"行業代號2":null,"名稱2":null,"行業代號3":null,"名稱3":null,"category":"夜市/市場攤販","id":10056753,"pay_list":"","pay_tool":""},{"index":187,"shop":"金華公有零售市場-青果","zone":"雲嘉南","city":"臺南市","area":"南區","market_address":"臺南市南區金華路2段33巷79號","user":"郭秀鳳","行業代號":null,"market_name":"金華公有零售市場","行業代號1":null,"名稱1":null,"行業代號2":null,"名稱2":null,"行業代號3":null,"名稱3":null,"category":"夜市/市場攤販","id":10056754,"pay_list":"","pay_tool":""},{"index":188,"shop":"金華公有零售市場-百貨","zone":"雲嘉南","city":"臺南市","area":"南區","market_address":"臺南市南區金華路2段33巷79號","user":"曾許金珠","行業代號":null,"market_name":"金華公有零售市場","行業代號1":null,"名稱1":null,"行業代號2":null,"名稱2":null,"行業代號3":null,"名稱3":null,"category":"夜市/市場攤販","id":10056755,"pay_list":"","pay_tool":""},{"index":189,"shop":"金華公有零售市場-百貨","zone":"雲嘉南","city":"臺南市","area":"南區","market_address":"臺南市南區金華路2段33巷79號","user":"吳仲豪","行業代號":null,"market_name":"金華公有零售市場","行業代號1":null,"名稱1":null,"行業代號2":null,"名稱2":null,"行業代號3":null,"名稱3":null,"category":"夜市/市場攤販","id":10056756,"pay_list":"","pay_tool":""},{"index":190,"shop":"金華公有零售市場-蔬菜","zone":"雲嘉南","city":"臺南市","area":"南區","market_address":"臺南市南區金華路2段33巷79號","user":"黃慈慧","行業代號":null,"market_name":"金華公有零售市場","行業代號1":null,"名稱1":null,"行業代號2":null,"名稱2":null,"行業代號3":null,"名稱3":null,"category":"夜市/市場攤販","id":10056757,"pay_list":"","pay_tool":""},{"index":191,"shop":"吳秋燕攤販","zone":"雲嘉南","city":"臺南市","area":"南區","market_address":"臺南市南　區體育公園販賣部６號","user":"吳秋燕","行業代號":null,"market_name":["餐食攤販"],"行業代號1":null,"名稱1":null,"行業代號2":null,"名稱2":null,"行業代號3":null,"名稱3":null,"category":["夜市/市場攤販"],"id":20001565,"pay_list":"","pay_tool":""},{"index":192,"shop":"淨心清涼地","zone":"雲嘉南","city":"臺南市","area":"南區","market_address":"臺南市南　區國宅里金華路２段２１巷２９號","user":"蘇明正","行業代號":null,"market_name":["調理飲料攤販"],"行業代號1":null,"名稱1":null,"行業代號2":null,"名稱2":null,"行業代號3":null,"名稱3":null,"category":["夜市/市場攤販"],"id":20002856,"pay_list":"","pay_tool":""},{"index":193,"shop":"鮮魚湯","zone":"雲嘉南","city":"臺南市","area":"南區","market_address":"臺南市南　區府南里金華路１段２４５號","user":"葉秀美","行業代號":null,"market_name":["餐食攤販"],"行業代號1":null,"名稱1":null,"行業代號2":null,"名稱2":null,"行業代號3":null,"名稱3":null,"category":["夜市/市場攤販"],"id":20002874,"pay_list":"","pay_tool":""},{"index":194,"shop":"蔡秀華","zone":"雲嘉南","city":"臺南市","area":"南區","market_address":"臺南市南　區大忠里公英一街４１號１樓","user":"蔡秀華","行業代號":null,"market_name":["餐食攤販"],"行業代號1":null,"名稱1":null,"行業代號2":null,"名稱2":null,"行業代號3":null,"名稱3":null,"category":["夜市/市場攤販"],"id":20002888,"pay_list":"","pay_tool":""},{"index":195,"shop":"薛美惠","zone":"雲嘉南","city":"臺南市","area":"南區","market_address":"臺南市南　區文華里文華里文南路２９５號","user":"薛美惠","行業代號":null,"market_name":["餐食攤販"],"行業代號1":null,"名稱1":null,"行業代號2":null,"名稱2":null,"行業代號3":null,"名稱3":null,"category":["夜市/市場攤販"],"id":20002914,"pay_list":"","pay_tool":""},{"index":196,"shop":"冰坊","zone":"雲嘉南","city":"臺南市","area":"南區","market_address":"臺南市南　區大林里大林路９號１樓","user":"陳盈州","行業代號":null,"market_name":["調理飲料攤販"],"行業代號1":null,"名稱1":null,"行業代號2":null,"名稱2":null,"行業代號3":null,"名稱3":null,"category":["夜市/市場攤販"],"id":20003865,"pay_list":"","pay_tool":""},{"index":197,"shop":"美月鴨肉飯","zone":"雲嘉南","city":"臺南市","area":"南區","market_address":"臺南市南　區興南街６１號","user":"蔡美月","行業代號":null,"market_name":["餐食攤販"],"行業代號1":null,"名稱1":null,"行業代號2":null,"名稱2":null,"行業代號3":null,"名稱3":null,"category":["夜市/市場攤販"],"id":20004867,"pay_list":"","pay_tool":""},{"index":198,"shop":"杜閔淵","zone":"雲嘉南","city":"臺南市","area":"南區","market_address":"臺南市南　區永寧里灣裡路２８２巷６號１樓","user":"杜閔淵","行業代號":null,"market_name":["餐食攤販"],"行業代號1":null,"名稱1":null,"行業代號2":null,"名稱2":null,"行業代號3":null,"名稱3":null,"category":["夜市/市場攤販"],"id":20004907,"pay_list":"","pay_tool":""},{"index":199,"shop":"灣裡市場丙４６號攤位","zone":"雲嘉南","city":"臺南市","area":"南區","market_address":"臺南市南　區灣裡路２０９號","user":"林美滿","行業代號":null,"market_name":["餐食攤販"],"行業代號1":null,"名稱1":null,"行業代號2":null,"名稱2":null,"行業代號3":null,"名稱3":null,"category":["夜市/市場攤販"],"id":20005311,"pay_list":"","pay_tool":""},{"index":200,"shop":"灣裡市場丙２９號攤位","zone":"雲嘉南","city":"臺南市","area":"南區","market_address":"臺南市南　區灣裡路２０９號","user":"林高女","行業代號":null,"market_name":["餐食攤販"],"行業代號1":null,"名稱1":null,"行業代號2":null,"名稱2":null,"行業代號3":null,"名稱3":null,"category":["夜市/市場攤販"],"id":20005312,"pay_list":"","pay_tool":""}]