[{"index":1,"id":10031782,"user":"王哲仁","shop":"中華路觀光夜市攤販集中區-王哲仁","category":"夜市/市場攤販","zone":"中彰投","city":"臺中市","area":"中區","market_name":"中華路觀光夜市攤販集中區","market_address":"臺中市中區中華路一段、公園路、大誠街、大鵬路、長安路二段","pay_list":"","pay_tool":""},{"index":2,"id":10031783,"user":"林鈺倫","shop":"中華路觀光夜市攤販集中區-林鈺倫","category":"夜市/市場攤販","zone":"中彰投","city":"臺中市","area":"中區","market_name":"中華路觀光夜市攤販集中區","market_address":"臺中市中區中華路一段、公園路、大誠街、大鵬路、長安路二段","pay_list":"","pay_tool":""},{"index":3,"id":10031784,"user":"林婉琪","shop":"中華路觀光夜市攤販集中區-林婉琪","category":"夜市/市場攤販","zone":"中彰投","city":"臺中市","area":"中區","market_name":"中華路觀光夜市攤販集中區","market_address":"臺中市中區中華路一段、公園路、大誠街、大鵬路、長安路二段","pay_list":"","pay_tool":""},{"index":4,"id":10031785,"user":"林沛辰","shop":"中華路觀光夜市攤販集中區-林沛辰","category":"夜市/市場攤販","zone":"中彰投","city":"臺中市","area":"中區","market_name":"中華路觀光夜市攤販集中區","market_address":"臺中市中區中華路一段、公園路、大誠街、大鵬路、長安路二段","pay_list":"","pay_tool":""},{"index":5,"id":10031786,"user":"胡淑滿","shop":"中華路觀光夜市攤販集中區-胡淑滿","category":"夜市/市場攤販","zone":"中彰投","city":"臺中市","area":"中區","market_name":"中華路觀光夜市攤販集中區","market_address":"臺中市中區中華路一段、公園路、大誠街、大鵬路、長安路二段","pay_list":"","pay_tool":""},{"index":6,"id":10031787,"user":"李宛洳","shop":"中華路觀光夜市攤販集中區-李宛洳","category":"夜市/市場攤販","zone":"中彰投","city":"臺中市","area":"中區","market_name":"中華路觀光夜市攤販集中區","market_address":"臺中市中區中華路一段、公園路、大誠街、大鵬路、長安路二段","pay_list":"","pay_tool":""},{"index":7,"id":10031788,"user":"廖林淑女","shop":"中華路觀光夜市攤販集中區-廖林淑女","category":"夜市/市場攤販","zone":"中彰投","city":"臺中市","area":"中區","market_name":"中華路觀光夜市攤販集中區","market_address":"臺中市中區中華路一段、公園路、大誠街、大鵬路、長安路二段","pay_list":"","pay_tool":""},{"index":8,"id":10031789,"user":"陳淑芳","shop":"中華路觀光夜市攤販集中區-陳淑芳","category":"夜市/市場攤販","zone":"中彰投","city":"臺中市","area":"中區","market_name":"中華路觀光夜市攤販集中區","market_address":"臺中市中區中華路一段、公園路、大誠街、大鵬路、長安路二段","pay_list":"","pay_tool":""},{"index":9,"id":10031790,"user":"黃文長","shop":"中華路觀光夜市攤販集中區-黃文長","category":"夜市/市場攤販","zone":"中彰投","city":"臺中市","area":"中區","market_name":"中華路觀光夜市攤販集中區","market_address":"臺中市中區中華路一段、公園路、大誠街、大鵬路、長安路二段","pay_list":"","pay_tool":""},{"index":10,"id":10031792,"user":"林王月娥","shop":"中華路觀光夜市攤販集中區-林王月娥","category":"夜市/市場攤販","zone":"中彰投","city":"臺中市","area":"中區","market_name":"中華路觀光夜市攤販集中區","market_address":"臺中市中區中華路一段、公園路、大誠街、大鵬路、長安路二段","pay_list":"","pay_tool":""},{"index":11,"id":10031793,"user":"謝榮唐","shop":"中華路觀光夜市攤販集中區-謝榮唐","category":"夜市/市場攤販","zone":"中彰投","city":"臺中市","area":"中區","market_name":"中華路觀光夜市攤販集中區","market_address":"臺中市中區中華路一段、公園路、大誠街、大鵬路、長安路二段","pay_list":"","pay_tool":""},{"index":12,"id":10031794,"user":"陳中權","shop":"中華路觀光夜市攤販集中區-陳中權","category":"夜市/市場攤販","zone":"中彰投","city":"臺中市","area":"中區","market_name":"中華路觀光夜市攤販集中區","market_address":"臺中市中區中華路一段、公園路、大誠街、大鵬路、長安路二段","pay_list":"","pay_tool":""},{"index":13,"id":10031795,"user":"羅偉謙","shop":"中華路觀光夜市攤販集中區-羅偉謙","category":"夜市/市場攤販","zone":"中彰投","city":"臺中市","area":"中區","market_name":"中華路觀光夜市攤販集中區","market_address":"臺中市中區中華路一段、公園路、大誠街、大鵬路、長安路二段","pay_list":"","pay_tool":""},{"index":14,"id":10031796,"user":"王瑞山","shop":"中華路觀光夜市攤販集中區-王瑞山","category":"夜市/市場攤販","zone":"中彰投","city":"臺中市","area":"中區","market_name":"中華路觀光夜市攤販集中區","market_address":"臺中市中區中華路一段、公園路、大誠街、大鵬路、長安路二段","pay_list":"","pay_tool":""},{"index":15,"id":10031797,"user":"張馨芸","shop":"中華路觀光夜市攤販集中區-張馨芸","category":"夜市/市場攤販","zone":"中彰投","city":"臺中市","area":"中區","market_name":"中華路觀光夜市攤販集中區","market_address":"臺中市中區中華路一段、公園路、大誠街、大鵬路、長安路二段","pay_list":"","pay_tool":""},{"index":16,"id":10031798,"user":"郭明倫","shop":"中華路觀光夜市攤販集中區-郭明倫","category":"夜市/市場攤販","zone":"中彰投","city":"臺中市","area":"中區","market_name":"中華路觀光夜市攤販集中區","market_address":"臺中市中區中華路一段、公園路、大誠街、大鵬路、長安路二段","pay_list":"","pay_tool":""},{"index":17,"id":10031799,"user":"梁三桂","shop":"中華路觀光夜市攤販集中區-梁三桂","category":"夜市/市場攤販","zone":"中彰投","city":"臺中市","area":"中區","market_name":"中華路觀光夜市攤販集中區","market_address":"臺中市中區中華路一段、公園路、大誠街、大鵬路、長安路二段","pay_list":"","pay_tool":""},{"index":18,"id":10031800,"user":"楊淑雰","shop":"中華路觀光夜市攤販集中區-楊淑雰","category":"夜市/市場攤販","zone":"中彰投","city":"臺中市","area":"中區","market_name":"中華路觀光夜市攤販集中區","market_address":"臺中市中區中華路一段、公園路、大誠街、大鵬路、長安路二段","pay_list":"","pay_tool":""},{"index":19,"id":10031801,"user":"林玉瓊","shop":"中華路觀光夜市攤販集中區-林玉瓊","category":"夜市/市場攤販","zone":"中彰投","city":"臺中市","area":"中區","market_name":"中華路觀光夜市攤販集中區","market_address":"臺中市中區中華路一段、公園路、大誠街、大鵬路、長安路二段","pay_list":"","pay_tool":""},{"index":20,"id":10031803,"user":"趙俊銘","shop":"中華路觀光夜市攤販集中區-趙俊銘","category":"夜市/市場攤販","zone":"中彰投","city":"臺中市","area":"中區","market_name":"中華路觀光夜市攤販集中區","market_address":"臺中市中區中華路一段、公園路、大誠街、大鵬路、長安路二段","pay_list":"","pay_tool":""},{"index":21,"id":10031804,"user":"蔡承杰","shop":"中華路觀光夜市攤販集中區-蔡承杰","category":"夜市/市場攤販","zone":"中彰投","city":"臺中市","area":"中區","market_name":"中華路觀光夜市攤販集中區","market_address":"臺中市中區中華路一段、公園路、大誠街、大鵬路、長安路二段","pay_list":"","pay_tool":""},{"index":22,"id":10031805,"user":"陳素梅","shop":"中華路觀光夜市攤販集中區-陳素梅","category":"夜市/市場攤販","zone":"中彰投","city":"臺中市","area":"中區","market_name":"中華路觀光夜市攤販集中區","market_address":"臺中市中區中華路一段、公園路、大誠街、大鵬路、長安路二段","pay_list":"","pay_tool":""},{"index":23,"id":10031806,"user":"蔡文勇","shop":"中華路觀光夜市攤販集中區-蔡文勇","category":"夜市/市場攤販","zone":"中彰投","city":"臺中市","area":"中區","market_name":"中華路觀光夜市攤販集中區","market_address":"臺中市中區中華路一段、公園路、大誠街、大鵬路、長安路二段","pay_list":"","pay_tool":""},{"index":24,"id":10031807,"user":"林君霞","shop":"中華路觀光夜市攤販集中區-林君霞","category":"夜市/市場攤販","zone":"中彰投","city":"臺中市","area":"中區","market_name":"中華路觀光夜市攤販集中區","market_address":"臺中市中區中華路一段、公園路、大誠街、大鵬路、長安路二段","pay_list":"","pay_tool":""},{"index":25,"id":10031808,"user":"陳仕昕","shop":"中華路觀光夜市攤販集中區-陳仕昕","category":"夜市/市場攤販","zone":"中彰投","city":"臺中市","area":"中區","market_name":"中華路觀光夜市攤販集中區","market_address":"臺中市中區中華路一段、公園路、大誠街、大鵬路、長安路二段","pay_list":"","pay_tool":""},{"index":26,"id":10031809,"user":"陳煥堯","shop":"中華路觀光夜市攤販集中區-陳煥堯","category":"夜市/市場攤販","zone":"中彰投","city":"臺中市","area":"中區","market_name":"中華路觀光夜市攤販集中區","market_address":"臺中市中區中華路一段、公園路、大誠街、大鵬路、長安路二段","pay_list":"","pay_tool":""},{"index":27,"id":10031810,"user":"曾美慧","shop":"中華路觀光夜市攤販集中區-曾美慧","category":"夜市/市場攤販","zone":"中彰投","city":"臺中市","area":"中區","market_name":"中華路觀光夜市攤販集中區","market_address":"臺中市中區中華路一段、公園路、大誠街、大鵬路、長安路二段","pay_list":"","pay_tool":""},{"index":28,"id":10031811,"user":"王定邦","shop":"中華路觀光夜市攤販集中區-王定邦","category":"夜市/市場攤販","zone":"中彰投","city":"臺中市","area":"中區","market_name":"中華路觀光夜市攤販集中區","market_address":"臺中市中區中華路一段、公園路、大誠街、大鵬路、長安路二段","pay_list":"","pay_tool":""},{"index":29,"id":10031812,"user":"陳淑齡","shop":"中華路觀光夜市攤販集中區-陳淑齡","category":"夜市/市場攤販","zone":"中彰投","city":"臺中市","area":"中區","market_name":"中華路觀光夜市攤販集中區","market_address":"臺中市中區中華路一段、公園路、大誠街、大鵬路、長安路二段","pay_list":"","pay_tool":""},{"index":30,"id":10031814,"user":"黃賴阿市","shop":"中華路觀光夜市攤販集中區-黃賴阿市","category":"夜市/市場攤販","zone":"中彰投","city":"臺中市","area":"中區","market_name":"中華路觀光夜市攤販集中區","market_address":"臺中市中區中華路一段、公園路、大誠街、大鵬路、長安路二段","pay_list":"","pay_tool":""},{"index":31,"id":10031815,"user":"莊祐銓","shop":"中華路觀光夜市攤販集中區-莊祐銓","category":"夜市/市場攤販","zone":"中彰投","city":"臺中市","area":"中區","market_name":"中華路觀光夜市攤販集中區","market_address":"臺中市中區中華路一段、公園路、大誠街、大鵬路、長安路二段","pay_list":"","pay_tool":""},{"index":32,"id":10031816,"user":"張淑美","shop":"中華路觀光夜市攤販集中區-張淑美","category":"夜市/市場攤販","zone":"中彰投","city":"臺中市","area":"中區","market_name":"中華路觀光夜市攤販集中區","market_address":"臺中市中區中華路一段、公園路、大誠街、大鵬路、長安路二段","pay_list":"","pay_tool":""},{"index":33,"id":10031817,"user":"林幸原","shop":"中華路觀光夜市攤販集中區-林幸原","category":"夜市/市場攤販","zone":"中彰投","city":"臺中市","area":"中區","market_name":"中華路觀光夜市攤販集中區","market_address":"臺中市中區中華路一段、公園路、大誠街、大鵬路、長安路二段","pay_list":"","pay_tool":""},{"index":34,"id":10031818,"user":"黃彥仁","shop":"中華路觀光夜市攤販集中區-黃彥仁","category":"夜市/市場攤販","zone":"中彰投","city":"臺中市","area":"中區","market_name":"中華路觀光夜市攤販集中區","market_address":"臺中市中區中華路一段、公園路、大誠街、大鵬路、長安路二段","pay_list":"","pay_tool":""},{"index":35,"id":10031819,"user":"曾國川","shop":"中華路觀光夜市攤販集中區-曾國川","category":"夜市/市場攤販","zone":"中彰投","city":"臺中市","area":"中區","market_name":"中華路觀光夜市攤販集中區","market_address":"臺中市中區中華路一段、公園路、大誠街、大鵬路、長安路二段","pay_list":"","pay_tool":""},{"index":36,"id":10031820,"user":"陳泓佐","shop":"中華路觀光夜市攤販集中區-陳泓佐","category":"夜市/市場攤販","zone":"中彰投","city":"臺中市","area":"中區","market_name":"中華路觀光夜市攤販集中區","market_address":"臺中市中區中華路一段、公園路、大誠街、大鵬路、長安路二段","pay_list":"","pay_tool":""},{"index":37,"id":10031821,"user":"陳坤銘","shop":"中華路觀光夜市攤販集中區-陳坤銘","category":"夜市/市場攤販","zone":"中彰投","city":"臺中市","area":"中區","market_name":"中華路觀光夜市攤販集中區","market_address":"臺中市中區中華路一段、公園路、大誠街、大鵬路、長安路二段","pay_list":"","pay_tool":""},{"index":38,"id":10031822,"user":"楊陳梨花","shop":"中華路觀光夜市攤販集中區-楊陳梨花","category":"夜市/市場攤販","zone":"中彰投","city":"臺中市","area":"中區","market_name":"中華路觀光夜市攤販集中區","market_address":"臺中市中區中華路一段、公園路、大誠街、大鵬路、長安路二段","pay_list":"","pay_tool":""},{"index":39,"id":10031823,"user":"陳國輝","shop":"中華路觀光夜市攤販集中區-陳國輝","category":"夜市/市場攤販","zone":"中彰投","city":"臺中市","area":"中區","market_name":"中華路觀光夜市攤販集中區","market_address":"臺中市中區中華路一段、公園路、大誠街、大鵬路、長安路二段","pay_list":"","pay_tool":""},{"index":40,"id":10031826,"user":"蕭樹蕊","shop":"中華路觀光夜市攤販集中區-蕭樹蕊","category":"夜市/市場攤販","zone":"中彰投","city":"臺中市","area":"中區","market_name":"中華路觀光夜市攤販集中區","market_address":"臺中市中區中華路一段、公園路、大誠街、大鵬路、長安路二段","pay_list":"","pay_tool":""},{"index":41,"id":10031827,"user":"洪詠富","shop":"中華路觀光夜市攤販集中區-洪詠富","category":"夜市/市場攤販","zone":"中彰投","city":"臺中市","area":"中區","market_name":"中華路觀光夜市攤販集中區","market_address":"臺中市中區中華路一段、公園路、大誠街、大鵬路、長安路二段","pay_list":"","pay_tool":""},{"index":42,"id":10031828,"user":"洪瑞林","shop":"中華路觀光夜市攤販集中區-洪瑞林","category":"夜市/市場攤販","zone":"中彰投","city":"臺中市","area":"中區","market_name":"中華路觀光夜市攤販集中區","market_address":"臺中市中區中華路一段、公園路、大誠街、大鵬路、長安路二段","pay_list":"","pay_tool":""},{"index":43,"id":10031829,"user":"林美麗","shop":"中華路觀光夜市攤販集中區-林美麗","category":"夜市/市場攤販","zone":"中彰投","city":"臺中市","area":"中區","market_name":"中華路觀光夜市攤販集中區","market_address":"臺中市中區中華路一段、公園路、大誠街、大鵬路、長安路二段","pay_list":"","pay_tool":""},{"index":44,"id":10031830,"user":"王月娥","shop":"中華路觀光夜市攤販集中區-王月娥","category":"夜市/市場攤販","zone":"中彰投","city":"臺中市","area":"中區","market_name":"中華路觀光夜市攤販集中區","market_address":"臺中市中區中華路一段、公園路、大誠街、大鵬路、長安路二段","pay_list":"","pay_tool":""},{"index":45,"id":10031831,"user":"鄭張秀枝","shop":"中華路觀光夜市攤販集中區-鄭張秀枝","category":"夜市/市場攤販","zone":"中彰投","city":"臺中市","area":"中區","market_name":"中華路觀光夜市攤販集中區","market_address":"臺中市中區中華路一段、公園路、大誠街、大鵬路、長安路二段","pay_list":"","pay_tool":""},{"index":46,"id":10031832,"user":"姚冠如","shop":"中華路觀光夜市攤販集中區-姚冠如","category":"夜市/市場攤販","zone":"中彰投","city":"臺中市","area":"中區","market_name":"中華路觀光夜市攤販集中區","market_address":"臺中市中區中華路一段、公園路、大誠街、大鵬路、長安路二段","pay_list":"","pay_tool":""},{"index":47,"id":10031833,"user":"陳品儒","shop":"中華路觀光夜市攤販集中區-陳品儒","category":"夜市/市場攤販","zone":"中彰投","city":"臺中市","area":"中區","market_name":"中華路觀光夜市攤販集中區","market_address":"臺中市中區中華路一段、公園路、大誠街、大鵬路、長安路二段","pay_list":"","pay_tool":""},{"index":48,"id":10031834,"user":"簡琰宸","shop":"中華路觀光夜市攤販集中區-簡琰宸","category":"夜市/市場攤販","zone":"中彰投","city":"臺中市","area":"中區","market_name":"中華路觀光夜市攤販集中區","market_address":"臺中市中區中華路一段、公園路、大誠街、大鵬路、長安路二段","pay_list":"","pay_tool":""},{"index":49,"id":10031835,"user":"余秋紅","shop":"中華路觀光夜市攤販集中區-余秋紅","category":"夜市/市場攤販","zone":"中彰投","city":"臺中市","area":"中區","market_name":"中華路觀光夜市攤販集中區","market_address":"臺中市中區中華路一段、公園路、大誠街、大鵬路、長安路二段","pay_list":"","pay_tool":""},{"index":50,"id":10031837,"user":"武永雄","shop":"中華路觀光夜市攤販集中區-武永雄","category":"夜市/市場攤販","zone":"中彰投","city":"臺中市","area":"中區","market_name":"中華路觀光夜市攤販集中區","market_address":"臺中市中區中華路一段、公園路、大誠街、大鵬路、長安路二段","pay_list":"","pay_tool":""},{"index":51,"id":10031838,"user":"武宗樺","shop":"中華路觀光夜市攤販集中區-武宗樺","category":"夜市/市場攤販","zone":"中彰投","city":"臺中市","area":"中區","market_name":"中華路觀光夜市攤販集中區","market_address":"臺中市中區中華路一段、公園路、大誠街、大鵬路、長安路二段","pay_list":"","pay_tool":""},{"index":52,"id":10031839,"user":"洪芃羚","shop":"中華路觀光夜市攤販集中區-洪芃羚","category":"夜市/市場攤販","zone":"中彰投","city":"臺中市","area":"中區","market_name":"中華路觀光夜市攤販集中區","market_address":"臺中市中區中華路一段、公園路、大誠街、大鵬路、長安路二段","pay_list":"","pay_tool":""},{"index":53,"id":10031840,"user":"黃秀玲","shop":"中華路觀光夜市攤販集中區-黃秀玲","category":"夜市/市場攤販","zone":"中彰投","city":"臺中市","area":"中區","market_name":"中華路觀光夜市攤販集中區","market_address":"臺中市中區中華路一段、公園路、大誠街、大鵬路、長安路二段","pay_list":"","pay_tool":""},{"index":54,"id":10031841,"user":"楊青汾","shop":"中華路觀光夜市攤販集中區-楊青汾","category":"夜市/市場攤販","zone":"中彰投","city":"臺中市","area":"中區","market_name":"中華路觀光夜市攤販集中區","market_address":"臺中市中區中華路一段、公園路、大誠街、大鵬路、長安路二段","pay_list":"","pay_tool":""},{"index":55,"id":10031842,"user":"李曉雯","shop":"中華路觀光夜市攤販集中區-李曉雯","category":"夜市/市場攤販","zone":"中彰投","city":"臺中市","area":"中區","market_name":"中華路觀光夜市攤販集中區","market_address":"臺中市中區中華路一段、公園路、大誠街、大鵬路、長安路二段","pay_list":"","pay_tool":""},{"index":56,"id":10031843,"user":"陳守益","shop":"中華路觀光夜市攤販集中區-陳守益","category":"夜市/市場攤販","zone":"中彰投","city":"臺中市","area":"中區","market_name":"中華路觀光夜市攤販集中區","market_address":"臺中市中區中華路一段、公園路、大誠街、大鵬路、長安路二段","pay_list":"","pay_tool":""},{"index":57,"id":10031844,"user":"廖禹樹","shop":"中華路觀光夜市攤販集中區-廖禹樹","category":"夜市/市場攤販","zone":"中彰投","city":"臺中市","area":"中區","market_name":"中華路觀光夜市攤販集中區","market_address":"臺中市中區中華路一段、公園路、大誠街、大鵬路、長安路二段","pay_list":"","pay_tool":""},{"index":58,"id":10031845,"user":"江宇紘","shop":"中華路觀光夜市攤販集中區-江宇紘","category":"夜市/市場攤販","zone":"中彰投","city":"臺中市","area":"中區","market_name":"中華路觀光夜市攤販集中區","market_address":"臺中市中區中華路一段、公園路、大誠街、大鵬路、長安路二段","pay_list":"","pay_tool":""},{"index":59,"id":10031846,"user":"張錦豐","shop":"中華路觀光夜市攤販集中區-張錦豐","category":"夜市/市場攤販","zone":"中彰投","city":"臺中市","area":"中區","market_name":"中華路觀光夜市攤販集中區","market_address":"臺中市中區中華路一段、公園路、大誠街、大鵬路、長安路二段","pay_list":"","pay_tool":""},{"index":60,"id":10031848,"user":"林王省雙","shop":"中華路觀光夜市攤販集中區-林王省雙","category":"夜市/市場攤販","zone":"中彰投","city":"臺中市","area":"中區","market_name":"中華路觀光夜市攤販集中區","market_address":"臺中市中區中華路一段、公園路、大誠街、大鵬路、長安路二段","pay_list":"","pay_tool":""},{"index":61,"id":10031849,"user":"林俊宏","shop":"中華路觀光夜市攤販集中區-林俊宏","category":"夜市/市場攤販","zone":"中彰投","city":"臺中市","area":"中區","market_name":"中華路觀光夜市攤販集中區","market_address":"臺中市中區中華路一段、公園路、大誠街、大鵬路、長安路二段","pay_list":"","pay_tool":""},{"index":62,"id":10031850,"user":"曾金永","shop":"中華路觀光夜市攤販集中區-曾金永","category":"夜市/市場攤販","zone":"中彰投","city":"臺中市","area":"中區","market_name":"中華路觀光夜市攤販集中區","market_address":"臺中市中區中華路一段、公園路、大誠街、大鵬路、長安路二段","pay_list":"","pay_tool":""},{"index":63,"id":10031851,"user":"蔡文娟","shop":"中華路觀光夜市攤販集中區-蔡文娟","category":"夜市/市場攤販","zone":"中彰投","city":"臺中市","area":"中區","market_name":"中華路觀光夜市攤販集中區","market_address":"臺中市中區中華路一段、公園路、大誠街、大鵬路、長安路二段","pay_list":"","pay_tool":""},{"index":64,"id":10031852,"user":"吳許麗","shop":"中華路觀光夜市攤販集中區-吳許麗","category":"夜市/市場攤販","zone":"中彰投","city":"臺中市","area":"中區","market_name":"中華路觀光夜市攤販集中區","market_address":"臺中市中區中華路一段、公園路、大誠街、大鵬路、長安路二段","pay_list":"","pay_tool":""},{"index":65,"id":10031853,"user":"劉翠虹","shop":"中華路觀光夜市攤販集中區-劉翠虹","category":"夜市/市場攤販","zone":"中彰投","city":"臺中市","area":"中區","market_name":"中華路觀光夜市攤販集中區","market_address":"臺中市中區中華路一段、公園路、大誠街、大鵬路、長安路二段","pay_list":"","pay_tool":""},{"index":66,"id":10031854,"user":"洪茂?","shop":"中華路觀光夜市攤販集中區-洪茂?","category":"夜市/市場攤販","zone":"中彰投","city":"臺中市","area":"中區","market_name":"中華路觀光夜市攤販集中區","market_address":"臺中市中區中華路一段、公園路、大誠街、大鵬路、長安路二段","pay_list":"","pay_tool":""},{"index":67,"id":10031855,"user":"施明建","shop":"中華路觀光夜市攤販集中區-施明建","category":"夜市/市場攤販","zone":"中彰投","city":"臺中市","area":"中區","market_name":"中華路觀光夜市攤販集中區","market_address":"臺中市中區中華路一段、公園路、大誠街、大鵬路、長安路二段","pay_list":"","pay_tool":""},{"index":68,"id":10031856,"user":"施志佳","shop":"中華路觀光夜市攤販集中區-施志佳","category":"夜市/市場攤販","zone":"中彰投","city":"臺中市","area":"中區","market_name":"中華路觀光夜市攤販集中區","market_address":"臺中市中區中華路一段、公園路、大誠街、大鵬路、長安路二段","pay_list":"","pay_tool":""},{"index":69,"id":10031857,"user":"江易達","shop":"中華路觀光夜市攤販集中區-江易達","category":"夜市/市場攤販","zone":"中彰投","city":"臺中市","area":"中區","market_name":"中華路觀光夜市攤販集中區","market_address":"臺中市中區中華路一段、公園路、大誠街、大鵬路、長安路二段","pay_list":"","pay_tool":""},{"index":70,"id":10031859,"user":"陳春生","shop":"中華路觀光夜市攤販集中區-陳春生","category":"夜市/市場攤販","zone":"中彰投","city":"臺中市","area":"中區","market_name":"中華路觀光夜市攤販集中區","market_address":"臺中市中區中華路一段、公園路、大誠街、大鵬路、長安路二段","pay_list":"","pay_tool":""},{"index":71,"id":10031860,"user":"楊黃勉","shop":"中華路觀光夜市攤販集中區-楊黃勉","category":"夜市/市場攤販","zone":"中彰投","city":"臺中市","area":"中區","market_name":"中華路觀光夜市攤販集中區","market_address":"臺中市中區中華路一段、公園路、大誠街、大鵬路、長安路二段","pay_list":"","pay_tool":""},{"index":72,"id":10031861,"user":"楊雅靜","shop":"中華路觀光夜市攤販集中區-楊雅靜","category":"夜市/市場攤販","zone":"中彰投","city":"臺中市","area":"中區","market_name":"中華路觀光夜市攤販集中區","market_address":"臺中市中區中華路一段、公園路、大誠街、大鵬路、長安路二段","pay_list":"","pay_tool":""},{"index":73,"id":10031862,"user":"盧雀","shop":"中華路觀光夜市攤販集中區-盧雀","category":"夜市/市場攤販","zone":"中彰投","city":"臺中市","area":"中區","market_name":"中華路觀光夜市攤販集中區","market_address":"臺中市中區中華路一段、公園路、大誠街、大鵬路、長安路二段","pay_list":"","pay_tool":""},{"index":74,"id":10031863,"user":"盧定權","shop":"中華路觀光夜市攤販集中區-盧定權","category":"夜市/市場攤販","zone":"中彰投","city":"臺中市","area":"中區","market_name":"中華路觀光夜市攤販集中區","market_address":"臺中市中區中華路一段、公園路、大誠街、大鵬路、長安路二段","pay_list":"","pay_tool":""},{"index":75,"id":10031864,"user":"陳信宏","shop":"中華路觀光夜市攤販集中區-陳信宏","category":"夜市/市場攤販","zone":"中彰投","city":"臺中市","area":"中區","market_name":"中華路觀光夜市攤販集中區","market_address":"臺中市中區中華路一段、公園路、大誠街、大鵬路、長安路二段","pay_list":"","pay_tool":""},{"index":76,"id":10031865,"user":"廖春玉","shop":"中華路觀光夜市攤販集中區-廖春玉","category":"夜市/市場攤販","zone":"中彰投","city":"臺中市","area":"中區","market_name":"中華路觀光夜市攤販集中區","market_address":"臺中市中區中華路一段、公園路、大誠街、大鵬路、長安路二段","pay_list":"","pay_tool":""},{"index":77,"id":10031866,"user":"吳美虹","shop":"中華路觀光夜市攤販集中區-吳美虹","category":"夜市/市場攤販","zone":"中彰投","city":"臺中市","area":"中區","market_name":"中華路觀光夜市攤販集中區","market_address":"臺中市中區中華路一段、公園路、大誠街、大鵬路、長安路二段","pay_list":"","pay_tool":""},{"index":78,"id":10031867,"user":"葉梅英","shop":"中華路觀光夜市攤販集中區-葉梅英","category":"夜市/市場攤販","zone":"中彰投","city":"臺中市","area":"中區","market_name":"中華路觀光夜市攤販集中區","market_address":"臺中市中區中華路一段、公園路、大誠街、大鵬路、長安路二段","pay_list":"","pay_tool":""},{"index":79,"id":10031868,"user":"吳仁隆","shop":"中華路觀光夜市攤販集中區-吳仁隆","category":"夜市/市場攤販","zone":"中彰投","city":"臺中市","area":"中區","market_name":"中華路觀光夜市攤販集中區","market_address":"臺中市中區中華路一段、公園路、大誠街、大鵬路、長安路二段","pay_list":"","pay_tool":""},{"index":80,"id":10031870,"user":"許志松","shop":"中華路觀光夜市攤販集中區-許志松","category":"夜市/市場攤販","zone":"中彰投","city":"臺中市","area":"中區","market_name":"中華路觀光夜市攤販集中區","market_address":"臺中市中區中華路一段、公園路、大誠街、大鵬路、長安路二段","pay_list":"","pay_tool":""},{"index":81,"id":10031871,"user":"張秀滿","shop":"中華路觀光夜市攤販集中區-張秀滿","category":"夜市/市場攤販","zone":"中彰投","city":"臺中市","area":"中區","market_name":"中華路觀光夜市攤販集中區","market_address":"臺中市中區中華路一段、公園路、大誠街、大鵬路、長安路二段","pay_list":"","pay_tool":""},{"index":82,"id":10031872,"user":"劉進隆","shop":"中華路觀光夜市攤販集中區-劉進隆","category":"夜市/市場攤販","zone":"中彰投","city":"臺中市","area":"中區","market_name":"中華路觀光夜市攤販集中區","market_address":"臺中市中區中華路一段、公園路、大誠街、大鵬路、長安路二段","pay_list":"","pay_tool":""},{"index":83,"id":10031873,"user":"顏惠君","shop":"中華路觀光夜市攤販集中區-顏惠君","category":"夜市/市場攤販","zone":"中彰投","city":"臺中市","area":"中區","market_name":"中華路觀光夜市攤販集中區","market_address":"臺中市中區中華路一段、公園路、大誠街、大鵬路、長安路二段","pay_list":"","pay_tool":""},{"index":84,"id":10031874,"user":"許婷婷","shop":"中華路觀光夜市攤販集中區-許婷婷","category":"夜市/市場攤販","zone":"中彰投","city":"臺中市","area":"中區","market_name":"中華路觀光夜市攤販集中區","market_address":"臺中市中區中華路一段、公園路、大誠街、大鵬路、長安路二段","pay_list":"","pay_tool":""},{"index":85,"id":10031875,"user":"陳榮權","shop":"中華路觀光夜市攤販集中區-陳榮權","category":"夜市/市場攤販","zone":"中彰投","city":"臺中市","area":"中區","market_name":"中華路觀光夜市攤販集中區","market_address":"臺中市中區中華路一段、公園路、大誠街、大鵬路、長安路二段","pay_list":"","pay_tool":""},{"index":86,"id":10031876,"user":"余尚樺","shop":"中華路觀光夜市攤販集中區-余尚樺","category":"夜市/市場攤販","zone":"中彰投","city":"臺中市","area":"中區","market_name":"中華路觀光夜市攤販集中區","market_address":"臺中市中區中華路一段、公園路、大誠街、大鵬路、長安路二段","pay_list":"","pay_tool":""},{"index":87,"id":10031877,"user":"張錦珍","shop":"中華路觀光夜市攤販集中區-張錦珍","category":"夜市/市場攤販","zone":"中彰投","city":"臺中市","area":"中區","market_name":"中華路觀光夜市攤販集中區","market_address":"臺中市中區中華路一段、公園路、大誠街、大鵬路、長安路二段","pay_list":"","pay_tool":""},{"index":88,"id":10031878,"user":"王添義","shop":"中華路觀光夜市攤販集中區-王添義","category":"夜市/市場攤販","zone":"中彰投","city":"臺中市","area":"中區","market_name":"中華路觀光夜市攤販集中區","market_address":"臺中市中區中華路一段、公園路、大誠街、大鵬路、長安路二段","pay_list":"","pay_tool":""},{"index":89,"id":10031879,"user":"王金燕","shop":"中華路觀光夜市攤販集中區-王金燕","category":"夜市/市場攤販","zone":"中彰投","city":"臺中市","area":"中區","market_name":"中華路觀光夜市攤販集中區","market_address":"臺中市中區中華路一段、公園路、大誠街、大鵬路、長安路二段","pay_list":"","pay_tool":""},{"index":90,"id":10031881,"user":"陳秀範","shop":"中華路觀光夜市攤販集中區-陳秀範","category":"夜市/市場攤販","zone":"中彰投","city":"臺中市","area":"中區","market_name":"中華路觀光夜市攤販集中區","market_address":"臺中市中區中華路一段、公園路、大誠街、大鵬路、長安路二段","pay_list":"","pay_tool":""},{"index":91,"id":10031882,"user":"紀永信","shop":"中華路觀光夜市攤販集中區-紀永信","category":"夜市/市場攤販","zone":"中彰投","city":"臺中市","area":"中區","market_name":"中華路觀光夜市攤販集中區","market_address":"臺中市中區中華路一段、公園路、大誠街、大鵬路、長安路二段","pay_list":"","pay_tool":""},{"index":92,"id":10031883,"user":"劉慶樹","shop":"中華路觀光夜市攤販集中區-劉慶樹","category":"夜市/市場攤販","zone":"中彰投","city":"臺中市","area":"中區","market_name":"中華路觀光夜市攤販集中區","market_address":"臺中市中區中華路一段、公園路、大誠街、大鵬路、長安路二段","pay_list":"","pay_tool":""},{"index":93,"id":10031884,"user":"呂月琴","shop":"中華路觀光夜市攤販集中區-呂月琴","category":"夜市/市場攤販","zone":"中彰投","city":"臺中市","area":"中區","market_name":"中華路觀光夜市攤販集中區","market_address":"臺中市中區中華路一段、公園路、大誠街、大鵬路、長安路二段","pay_list":"","pay_tool":""},{"index":94,"id":10031885,"user":"陳江玉花","shop":"中華路觀光夜市攤販集中區-陳江玉花","category":"夜市/市場攤販","zone":"中彰投","city":"臺中市","area":"中區","market_name":"中華路觀光夜市攤販集中區","market_address":"臺中市中區中華路一段、公園路、大誠街、大鵬路、長安路二段","pay_list":"","pay_tool":""},{"index":95,"id":10031886,"user":"吳忠勇","shop":"中華路觀光夜市攤販集中區-吳忠勇","category":"夜市/市場攤販","zone":"中彰投","city":"臺中市","area":"中區","market_name":"中華路觀光夜市攤販集中區","market_address":"臺中市中區中華路一段、公園路、大誠街、大鵬路、長安路二段","pay_list":"","pay_tool":""},{"index":96,"id":10031887,"user":"何瑞章","shop":"中華路觀光夜市攤販集中區-何瑞章","category":"夜市/市場攤販","zone":"中彰投","city":"臺中市","area":"中區","market_name":"中華路觀光夜市攤販集中區","market_address":"臺中市中區中華路一段、公園路、大誠街、大鵬路、長安路二段","pay_list":"","pay_tool":""},{"index":97,"id":10031888,"user":"王威東","shop":"中華路觀光夜市攤販集中區-王威東","category":"夜市/市場攤販","zone":"中彰投","city":"臺中市","area":"中區","market_name":"中華路觀光夜市攤販集中區","market_address":"臺中市中區中華路一段、公園路、大誠街、大鵬路、長安路二段","pay_list":"","pay_tool":""},{"index":98,"id":10031889,"user":"陳秀鳳","shop":"中華路觀光夜市攤販集中區-陳秀鳳","category":"夜市/市場攤販","zone":"中彰投","city":"臺中市","area":"中區","market_name":"中華路觀光夜市攤販集中區","market_address":"臺中市中區中華路一段、公園路、大誠街、大鵬路、長安路二段","pay_list":"","pay_tool":""},{"index":99,"id":10031890,"user":"毛盛立","shop":"第一公有零售市場-美光商行","category":"夜市/市場攤販","zone":"中彰投","city":"臺中市","area":"中區","market_name":"第一公有零售市場","market_address":"臺中市中區綠川西街135號","pay_list":"","pay_tool":""},{"index":100,"id":10031892,"user":"陳?東","shop":"第一公有零售市場-崑倫珠寶銀樓","category":"夜市/市場攤販","zone":"中彰投","city":"臺中市","area":"中區","market_name":"第一公有零售市場","market_address":"臺中市中區綠川西街135號","pay_list":"","pay_tool":""},{"index":101,"id":10031893,"user":"陳俊隆","shop":"第一公有零售市場-崑倫珠寶銀樓","category":"夜市/市場攤販","zone":"中彰投","city":"臺中市","area":"中區","market_name":"第一公有零售市場","market_address":"臺中市中區綠川西街135號","pay_list":"","pay_tool":""},{"index":102,"id":10031894,"user":"柯奕銘","shop":"第一公有零售市場-中榮行","category":"夜市/市場攤販","zone":"中彰投","city":"臺中市","area":"中區","market_name":"第一公有零售市場","market_address":"臺中市中區綠川西街135號","pay_list":"","pay_tool":""},{"index":103,"id":10031895,"user":"陳慶雲","shop":"第一公有零售市場-榮泰服飾彩卷行","category":"夜市/市場攤販","zone":"中彰投","city":"臺中市","area":"中區","market_name":"第一公有零售市場","market_address":"臺中市中區綠川西街135號","pay_list":"","pay_tool":""},{"index":104,"id":10031896,"user":"趙世為","shop":"第一公有零售市場-天京商行","category":"夜市/市場攤販","zone":"中彰投","city":"臺中市","area":"中區","market_name":"第一公有零售市場","market_address":"臺中市中區綠川西街135號","pay_list":"","pay_tool":""},{"index":105,"id":10031897,"user":"黃天甫","shop":"第一公有零售市場-大新百貨行","category":"夜市/市場攤販","zone":"中彰投","city":"臺中市","area":"中區","market_name":"第一公有零售市場","market_address":"臺中市中區綠川西街135號","pay_list":"","pay_tool":""},{"index":106,"id":10031898,"user":"陳永隆","shop":"第一公有零售市場-HOAI  THU","category":"夜市/市場攤販","zone":"中彰投","city":"臺中市","area":"中區","market_name":"第一公有零售市場","market_address":"臺中市中區綠川西街135號","pay_list":"","pay_tool":""},{"index":107,"id":10031899,"user":"何俊德","shop":"第一公有零售市場-祐成服飾店","category":"夜市/市場攤販","zone":"中彰投","city":"臺中市","area":"中區","market_name":"第一公有零售市場","market_address":"臺中市中區綠川西街135號","pay_list":"","pay_tool":""},{"index":108,"id":10031900,"user":"邱明煌","shop":"第一公有零售市場-華成商行","category":"夜市/市場攤販","zone":"中彰投","city":"臺中市","area":"中區","market_name":"第一公有零售市場","market_address":"臺中市中區綠川西街135號","pay_list":"","pay_tool":""},{"index":109,"id":10031901,"user":"連朝文","shop":"第一公有零售市場-彌敦道連成商號","category":"夜市/市場攤販","zone":"中彰投","city":"臺中市","area":"中區","market_name":"第一公有零售市場","market_address":"臺中市中區綠川西街135號","pay_list":"","pay_tool":""},{"index":110,"id":10031903,"user":"楊淑朱","shop":"第一公有零售市場-吉莉思冰果室","category":"夜市/市場攤販","zone":"中彰投","city":"臺中市","area":"中區","market_name":"第一公有零售市場","market_address":"臺中市中區綠川西街135號","pay_list":"","pay_tool":""},{"index":111,"id":10031904,"user":"柯美玲","shop":"第一公有零售市場-中榮行第一分行","category":"夜市/市場攤販","zone":"中彰投","city":"臺中市","area":"中區","market_name":"第一公有零售市場","market_address":"臺中市中區綠川西街135號","pay_list":"","pay_tool":""},{"index":112,"id":10031905,"user":"楊其瑞","shop":"第一公有零售市場-新光百貨","category":"夜市/市場攤販","zone":"中彰投","city":"臺中市","area":"中區","market_name":"第一公有零售市場","market_address":"臺中市中區綠川西街135號","pay_list":"","pay_tool":""},{"index":113,"id":10031906,"user":"廖于萱","shop":"第一公有零售市場-源大百貨行","category":"夜市/市場攤販","zone":"中彰投","city":"臺中市","area":"中區","market_name":"第一公有零售市場","market_address":"臺中市中區綠川西街135號","pay_list":"","pay_tool":""},{"index":114,"id":10031907,"user":"林春枚","shop":"第一公有零售市場-伸益行","category":"夜市/市場攤販","zone":"中彰投","city":"臺中市","area":"中區","market_name":"第一公有零售市場","market_address":"臺中市中區綠川西街135號","pay_list":"","pay_tool":""},{"index":115,"id":10031908,"user":"謝永焜","shop":"第一公有零售市場-森太國際-綠川營業所","category":"夜市/市場攤販","zone":"中彰投","city":"臺中市","area":"中區","market_name":"第一公有零售市場","market_address":"臺中市中區綠川西街135號","pay_list":"","pay_tool":""},{"index":116,"id":10031909,"user":"何孟芳","shop":"第一公有零售市場-宜靜美容坊","category":"夜市/市場攤販","zone":"中彰投","city":"臺中市","area":"中區","market_name":"第一公有零售市場","market_address":"臺中市中區綠川西街135號","pay_list":"","pay_tool":""},{"index":117,"id":10031910,"user":"陳威宏","shop":"第一公有零售市場-雲昇皮件行","category":"夜市/市場攤販","zone":"中彰投","city":"臺中市","area":"中區","market_name":"第一公有零售市場","market_address":"臺中市中區綠川西街135號","pay_list":"","pay_tool":""},{"index":118,"id":10031911,"user":"孫榮順","shop":"第一公有零售市場-孫榮順","category":"夜市/市場攤販","zone":"中彰投","city":"臺中市","area":"中區","market_name":"第一公有零售市場","market_address":"臺中市中區綠川西街135號","pay_list":"","pay_tool":""},{"index":119,"id":10031912,"user":"鍾羽晴","shop":"第一公有零售市場-統一服飾名店","category":"夜市/市場攤販","zone":"中彰投","city":"臺中市","area":"中區","market_name":"第一公有零售市場","market_address":"臺中市中區綠川西街135號","pay_list":"","pay_tool":""},{"index":120,"id":10031914,"user":"雲永鑫","shop":"第一公有零售市場-雲星皮件","category":"夜市/市場攤販","zone":"中彰投","city":"臺中市","area":"中區","market_name":"第一公有零售市場","market_address":"臺中市中區綠川西街135號","pay_list":"","pay_tool":""},{"index":121,"id":10031915,"user":"徐林瑞玉","shop":"第一公有零售市場-福和百貨行","category":"夜市/市場攤販","zone":"中彰投","city":"臺中市","area":"中區","market_name":"第一公有零售市場","market_address":"臺中市中區綠川西街135號","pay_list":"","pay_tool":""},{"index":122,"id":10031916,"user":"周慧雯","shop":"第一公有零售市場-鴻源服飾行","category":"夜市/市場攤販","zone":"中彰投","city":"臺中市","area":"中區","market_name":"第一公有零售市場","market_address":"臺中市中區綠川西街135號","pay_list":"","pay_tool":""},{"index":123,"id":10031917,"user":"潘璿宇","shop":"第一公有零售市場-皇姿服飾行","category":"夜市/市場攤販","zone":"中彰投","city":"臺中市","area":"中區","market_name":"第一公有零售市場","market_address":"臺中市中區綠川西街135號","pay_list":"","pay_tool":""},{"index":124,"id":10031918,"user":"徐林滿里","shop":"第一公有零售市場-安匠專業修鞋","category":"夜市/市場攤販","zone":"中彰投","city":"臺中市","area":"中區","market_name":"第一公有零售市場","market_address":"臺中市中區綠川西街135號","pay_list":"","pay_tool":""},{"index":125,"id":10031919,"user":"邱林王孟珠","shop":"第一公有零售市場-燕燕商行","category":"夜市/市場攤販","zone":"中彰投","city":"臺中市","area":"中區","market_name":"第一公有零售市場","market_address":"臺中市中區綠川西街135號","pay_list":"","pay_tool":""},{"index":126,"id":10031920,"user":"王文煥","shop":"第一公有零售市場-猗妮服飾店","category":"夜市/市場攤販","zone":"中彰投","city":"臺中市","area":"中區","market_name":"第一公有零售市場","market_address":"臺中市中區綠川西街135號","pay_list":"","pay_tool":""},{"index":127,"id":10031921,"user":"潘宜靜","shop":"第一公有零售市場-洋洋商號","category":"夜市/市場攤販","zone":"中彰投","city":"臺中市","area":"中區","market_name":"第一公有零售市場","market_address":"臺中市中區綠川西街135號","pay_list":"","pay_tool":""},{"index":128,"id":10031922,"user":"林錝裕","shop":"第一公有零售市場-主將服飾","category":"夜市/市場攤販","zone":"中彰投","city":"臺中市","area":"中區","market_name":"第一公有零售市場","market_address":"臺中市中區綠川西街135號","pay_list":"","pay_tool":""},{"index":129,"id":10031923,"user":"葉佳蕙","shop":"第一公有零售市場-大樹布莊","category":"夜市/市場攤販","zone":"中彰投","city":"臺中市","area":"中區","market_name":"第一公有零售市場","market_address":"臺中市中區綠川西街135號","pay_list":"","pay_tool":""},{"index":130,"id":10031925,"user":"曾聖夫","shop":"第一公有零售市場-華山玩具","category":"夜市/市場攤販","zone":"中彰投","city":"臺中市","area":"中區","market_name":"第一公有零售市場","market_address":"臺中市中區綠川西街135號","pay_list":"","pay_tool":""},{"index":131,"id":10031926,"user":"林淑麗","shop":"第一公有零售市場-幸發亭冰果店","category":"夜市/市場攤販","zone":"中彰投","city":"臺中市","area":"中區","market_name":"第一公有零售市場","market_address":"臺中市中區綠川西街135號","pay_list":"","pay_tool":""},{"index":132,"id":10031927,"user":"葉婉蕙","shop":"第一公有零售市場-大林布莊","category":"夜市/市場攤販","zone":"中彰投","city":"臺中市","area":"中區","market_name":"第一公有零售市場","market_address":"臺中市中區綠川西街135號","pay_list":"","pay_tool":""},{"index":133,"id":10031928,"user":"郭美秀","shop":"第一公有零售市場-金金皮件","category":"夜市/市場攤販","zone":"中彰投","city":"臺中市","area":"中區","market_name":"第一公有零售市場","market_address":"臺中市中區綠川西街135號","pay_list":"","pay_tool":""},{"index":134,"id":10031929,"user":"許家銥","shop":"第一公有零售市場-帥公子男飾店","category":"夜市/市場攤販","zone":"中彰投","city":"臺中市","area":"中區","market_name":"第一公有零售市場","market_address":"臺中市中區綠川西街135號","pay_list":"","pay_tool":""},{"index":135,"id":10031930,"user":"蔡奇全","shop":"第一公有零售市場-永和藥局","category":"夜市/市場攤販","zone":"中彰投","city":"臺中市","area":"中區","market_name":"第一公有零售市場","market_address":"臺中市中區綠川西街135號","pay_list":"","pay_tool":""},{"index":136,"id":10031931,"user":"張舜傑","shop":"第一公有零售市場-第一口味飲料店","category":"夜市/市場攤販","zone":"中彰投","city":"臺中市","area":"中區","market_name":"第一公有零售市場","market_address":"臺中市中區綠川西街135號","pay_list":"","pay_tool":""},{"index":137,"id":10031932,"user":"施純均","shop":"第一公有零售市場-南北商號","category":"夜市/市場攤販","zone":"中彰投","city":"臺中市","area":"中區","market_name":"第一公有零售市場","market_address":"臺中市中區綠川西街135號","pay_list":"","pay_tool":""},{"index":138,"id":10031933,"user":"梁榮輝","shop":"第一公有零售市場-佳澤通訊行","category":"夜市/市場攤販","zone":"中彰投","city":"臺中市","area":"中區","market_name":"第一公有零售市場","market_address":"臺中市中區綠川西街135號","pay_list":"","pay_tool":""},{"index":139,"id":10031934,"user":"顏熊男","shop":"第一公有零售市場-慧燕服飾店","category":"夜市/市場攤販","zone":"中彰投","city":"臺中市","area":"中區","market_name":"第一公有零售市場","market_address":"臺中市中區綠川西街135號","pay_list":"","pay_tool":""},{"index":140,"id":10031938,"user":"許欽靜","shop":"第一公有零售市場-佳澤通訊行","category":"夜市/市場攤販","zone":"中彰投","city":"臺中市","area":"中區","market_name":"第一公有零售市場","market_address":"臺中市中區綠川西街135號","pay_list":"","pay_tool":""},{"index":141,"id":10031939,"user":"陳玫伶","shop":"第一公有零售市場-文榮西服店","category":"夜市/市場攤販","zone":"中彰投","city":"臺中市","area":"中區","market_name":"第一公有零售市場","market_address":"臺中市中區綠川西街135號","pay_list":"","pay_tool":""},{"index":142,"id":10031940,"user":"茆清秀","shop":"第一公有零售市場-長春精品店","category":"夜市/市場攤販","zone":"中彰投","city":"臺中市","area":"中區","market_name":"第一公有零售市場","market_address":"臺中市中區綠川西街135號","pay_list":"","pay_tool":""},{"index":143,"id":10031941,"user":"陳政裕","shop":"第一公有零售市場-阿舍烏龍茶","category":"夜市/市場攤販","zone":"中彰投","city":"臺中市","area":"中區","market_name":"第一公有零售市場","market_address":"臺中市中區綠川西街135號","pay_list":"","pay_tool":""},{"index":144,"id":10031942,"user":"楊吳奈美","shop":"第一公有零售市場-得盈商行","category":"夜市/市場攤販","zone":"中彰投","city":"臺中市","area":"中區","market_name":"第一公有零售市場","market_address":"臺中市中區綠川西街135號","pay_list":"","pay_tool":""},{"index":145,"id":10031943,"user":"周明誼","shop":"第一公有零售市場-九又九通訊量販店","category":"夜市/市場攤販","zone":"中彰投","city":"臺中市","area":"中區","market_name":"第一公有零售市場","market_address":"臺中市中區綠川西街135號","pay_list":"","pay_tool":""},{"index":146,"id":10031944,"user":"李盈萱","shop":"第一公有零售市場-李盈萱","category":"夜市/市場攤販","zone":"中彰投","city":"臺中市","area":"中區","market_name":"第一公有零售市場","market_address":"臺中市中區綠川西街135號","pay_list":"","pay_tool":""},{"index":147,"id":10031945,"user":"蔡金珠","shop":"第一公有零售市場-成品商行","category":"夜市/市場攤販","zone":"中彰投","city":"臺中市","area":"中區","market_name":"第一公有零售市場","market_address":"臺中市中區綠川西街135號","pay_list":"","pay_tool":""},{"index":148,"id":10031946,"user":"林前好","shop":"第一公有零售市場-冠都流行男飾","category":"夜市/市場攤販","zone":"中彰投","city":"臺中市","area":"中區","market_name":"第一公有零售市場","market_address":"臺中市中區綠川西街135號","pay_list":"","pay_tool":""},{"index":149,"id":10031947,"user":"蔡岳霖","shop":"第一公有零售市場-成果商行","category":"夜市/市場攤販","zone":"中彰投","city":"臺中市","area":"中區","market_name":"第一公有零售市場","market_address":"臺中市中區綠川西街135號","pay_list":"","pay_tool":""},{"index":150,"id":10031949,"user":"陳茂雄","shop":"第一公有零售市場-協益布莊","category":"夜市/市場攤販","zone":"中彰投","city":"臺中市","area":"中區","market_name":"第一公有零售市場","market_address":"臺中市中區綠川西街135號","pay_list":"","pay_tool":""},{"index":151,"id":10031950,"user":"朱立先","shop":"第一公有零售市場-綠野茶園","category":"夜市/市場攤販","zone":"中彰投","city":"臺中市","area":"中區","market_name":"第一公有零售市場","market_address":"臺中市中區綠川西街135號","pay_list":"","pay_tool":""},{"index":152,"id":10031951,"user":"蔡奇全","shop":"第一公有零售市場-永和藥局","category":"夜市/市場攤販","zone":"中彰投","city":"臺中市","area":"中區","market_name":"第一公有零售市場","market_address":"臺中市中區綠川西街135號","pay_list":"","pay_tool":""},{"index":153,"id":10031952,"user":"朱淑櫻","shop":"第一公有零售市場-鑫儀商行","category":"夜市/市場攤販","zone":"中彰投","city":"臺中市","area":"中區","market_name":"第一公有零售市場","market_address":"臺中市中區綠川西街135號","pay_list":"","pay_tool":""},{"index":154,"id":10031953,"user":"茆清雄","shop":"第一公有零售市場-長青精品行","category":"夜市/市場攤販","zone":"中彰投","city":"臺中市","area":"中區","market_name":"第一公有零售市場","market_address":"臺中市中區綠川西街135號","pay_list":"","pay_tool":""},{"index":155,"id":10031954,"user":"陳麗菁","shop":"第一公有零售市場-隆友洋服店","category":"夜市/市場攤販","zone":"中彰投","city":"臺中市","area":"中區","market_name":"第一公有零售市場","market_address":"臺中市中區綠川西街135號","pay_list":"","pay_tool":""},{"index":156,"id":10031955,"user":"黃勻祐","shop":"第一公有零售市場-駿榮名店","category":"夜市/市場攤販","zone":"中彰投","city":"臺中市","area":"中區","market_name":"第一公有零售市場","market_address":"臺中市中區綠川西街135號","pay_list":"","pay_tool":""},{"index":157,"id":10031956,"user":"江志昇","shop":"第一公有零售市場-小敏童裝","category":"夜市/市場攤販","zone":"中彰投","city":"臺中市","area":"中區","market_name":"第一公有零售市場","market_address":"臺中市中區綠川西街135號","pay_list":"","pay_tool":""},{"index":158,"id":10031957,"user":"江進哲","shop":"第一公有零售市場-小敏童裝","category":"夜市/市場攤販","zone":"中彰投","city":"臺中市","area":"中區","market_name":"第一公有零售市場","market_address":"臺中市中區綠川西街135號","pay_list":"","pay_tool":""},{"index":159,"id":10031958,"user":"張樹旺","shop":"第一公有零售市場-牛博士","category":"夜市/市場攤販","zone":"中彰投","city":"臺中市","area":"中區","market_name":"第一公有零售市場","market_address":"臺中市中區綠川西街135號","pay_list":"","pay_tool":""},{"index":160,"id":10031960,"user":"曾弘奇","shop":"第一公有零售市場-929通訊行","category":"夜市/市場攤販","zone":"中彰投","city":"臺中市","area":"中區","market_name":"第一公有零售市場","market_address":"臺中市中區綠川西街135號","pay_list":"","pay_tool":""},{"index":161,"id":10031961,"user":"鄭周美月","shop":"第一公有零售市場-929通訊行","category":"夜市/市場攤販","zone":"中彰投","city":"臺中市","area":"中區","market_name":"第一公有零售市場","market_address":"臺中市中區綠川西街135號","pay_list":"","pay_tool":""},{"index":162,"id":10031962,"user":"許彩鳳","shop":"第一公有零售市場-MOMO服飾","category":"夜市/市場攤販","zone":"中彰投","city":"臺中市","area":"中區","market_name":"第一公有零售市場","market_address":"臺中市中區綠川西街135號","pay_list":"","pay_tool":""},{"index":163,"id":10031963,"user":"許靜宜","shop":"第一公有零售市場-許靜宜","category":"夜市/市場攤販","zone":"中彰投","city":"臺中市","area":"中區","market_name":"第一公有零售市場","market_address":"臺中市中區綠川西街135號","pay_list":"","pay_tool":""},{"index":164,"id":10031964,"user":"盧永山","shop":"第一公有零售市場-彫政紋身","category":"夜市/市場攤販","zone":"中彰投","city":"臺中市","area":"中區","market_name":"第一公有零售市場","market_address":"臺中市中區綠川西街135號","pay_list":"","pay_tool":""},{"index":165,"id":10031965,"user":"姚文祥","shop":"第一公有零售市場-和合商行","category":"夜市/市場攤販","zone":"中彰投","city":"臺中市","area":"中區","market_name":"第一公有零售市場","market_address":"臺中市中區綠川西街135號","pay_list":"","pay_tool":""},{"index":166,"id":10031966,"user":"姚篔溱","shop":"第一公有零售市場-后化妝品店","category":"夜市/市場攤販","zone":"中彰投","city":"臺中市","area":"中區","market_name":"第一公有零售市場","market_address":"臺中市中區綠川西街135號","pay_list":"","pay_tool":""},{"index":167,"id":10031967,"user":"宋明註","shop":"第一公有零售市場-富柔商店","category":"夜市/市場攤販","zone":"中彰投","city":"臺中市","area":"中區","market_name":"第一公有零售市場","market_address":"臺中市中區綠川西街135號","pay_list":"","pay_tool":""},{"index":168,"id":10031968,"user":"施建全","shop":"第一公有零售市場-施建全","category":"夜市/市場攤販","zone":"中彰投","city":"臺中市","area":"中區","market_name":"第一公有零售市場","market_address":"臺中市中區綠川西街135號","pay_list":"","pay_tool":""},{"index":169,"id":10031969,"user":"劉月桂","shop":"第一公有零售市場-景新行","category":"夜市/市場攤販","zone":"中彰投","city":"臺中市","area":"中區","market_name":"第一公有零售市場","market_address":"臺中市中區綠川西街135號","pay_list":"","pay_tool":""},{"index":170,"id":10031971,"user":"陳麗絲","shop":"第一公有零售市場-石城西服店","category":"夜市/市場攤販","zone":"中彰投","city":"臺中市","area":"中區","market_name":"第一公有零售市場","market_address":"臺中市中區綠川西街135號","pay_list":"","pay_tool":""},{"index":171,"id":10031972,"user":"謝珮伶","shop":"第一公有零售市場-石城西服店","category":"夜市/市場攤販","zone":"中彰投","city":"臺中市","area":"中區","market_name":"第一公有零售市場","market_address":"臺中市中區綠川西街135號","pay_list":"","pay_tool":""},{"index":172,"id":10031973,"user":"許正存","shop":"第一公有零售市場-宜靜美容坊","category":"夜市/市場攤販","zone":"中彰投","city":"臺中市","area":"中區","market_name":"第一公有零售市場","market_address":"臺中市中區綠川西街135號","pay_list":"","pay_tool":""},{"index":173,"id":10031974,"user":"藍煜翔","shop":"第一公有零售市場-藍煜翔","category":"夜市/市場攤販","zone":"中彰投","city":"臺中市","area":"中區","market_name":"第一公有零售市場","market_address":"臺中市中區綠川西街135號","pay_list":"","pay_tool":""},{"index":174,"id":10031975,"user":"洪邱英","shop":"第一公有零售市場-衣之屋","category":"夜市/市場攤販","zone":"中彰投","city":"臺中市","area":"中區","market_name":"第一公有零售市場","market_address":"臺中市中區綠川西街135號","pay_list":"","pay_tool":""},{"index":175,"id":10031976,"user":"洪文燦","shop":"第一公有零售市場-衣之屋","category":"夜市/市場攤販","zone":"中彰投","city":"臺中市","area":"中區","market_name":"第一公有零售市場","market_address":"臺中市中區綠川西街135號","pay_list":"","pay_tool":""},{"index":176,"id":10031977,"user":"陳月霞","shop":"第一公有零售市場-越南店","category":"夜市/市場攤販","zone":"中彰投","city":"臺中市","area":"中區","market_name":"第一公有零售市場","market_address":"臺中市中區綠川西街135號","pay_list":"","pay_tool":""},{"index":177,"id":10031978,"user":"何?章","shop":"第一公有零售市場-瑞煌雜貨店","category":"夜市/市場攤販","zone":"中彰投","city":"臺中市","area":"中區","market_name":"第一公有零售市場","market_address":"臺中市中區綠川西街135號","pay_list":"","pay_tool":""},{"index":178,"id":10031979,"user":"劉艷秋","shop":"第一公有零售市場-虹光行","category":"夜市/市場攤販","zone":"中彰投","city":"臺中市","area":"中區","market_name":"第一公有零售市場","market_address":"臺中市中區綠川西街135號","pay_list":"","pay_tool":""},{"index":179,"id":10031980,"user":"陳琪惠","shop":"第一公有零售市場-陳琪惠","category":"夜市/市場攤販","zone":"中彰投","city":"臺中市","area":"中區","market_name":"第一公有零售市場","market_address":"臺中市中區綠川西街135號","pay_list":"","pay_tool":""},{"index":180,"id":10031982,"user":"謝榮昌","shop":"第一公有零售市場-永山服飾","category":"夜市/市場攤販","zone":"中彰投","city":"臺中市","area":"中區","market_name":"第一公有零售市場","market_address":"臺中市中區綠川西街135號","pay_list":"","pay_tool":""},{"index":181,"id":10031983,"user":"何東佶","shop":"第一公有零售市場-永達國際","category":"夜市/市場攤販","zone":"中彰投","city":"臺中市","area":"中區","market_name":"第一公有零售市場","market_address":"臺中市中區綠川西街135號","pay_list":"","pay_tool":""},{"index":182,"id":10031984,"user":"張坤金","shop":"第一公有零售市場-大方服飾","category":"夜市/市場攤販","zone":"中彰投","city":"臺中市","area":"中區","market_name":"第一公有零售市場","market_address":"臺中市中區綠川西街135號","pay_list":"","pay_tool":""},{"index":183,"id":10031985,"user":"張鴻良","shop":"第一公有零售市場-嘉成西服號","category":"夜市/市場攤販","zone":"中彰投","city":"臺中市","area":"中區","market_name":"第一公有零售市場","market_address":"臺中市中區綠川西街135號","pay_list":"","pay_tool":""},{"index":184,"id":10031986,"user":"張添成","shop":"第一公有零售市場-娜莉雅服裝店","category":"夜市/市場攤販","zone":"中彰投","city":"臺中市","area":"中區","market_name":"第一公有零售市場","market_address":"臺中市中區綠川西街135號","pay_list":"","pay_tool":""},{"index":185,"id":10031987,"user":"游淑美","shop":"第一公有零售市場-松葉西服號","category":"夜市/市場攤販","zone":"中彰投","city":"臺中市","area":"中區","market_name":"第一公有零售市場","market_address":"臺中市中區綠川西街135號","pay_list":"","pay_tool":""},{"index":186,"id":10031988,"user":"林建忠","shop":"第一公有零售市場-方玉美容保養品","category":"夜市/市場攤販","zone":"中彰投","city":"臺中市","area":"中區","market_name":"第一公有零售市場","market_address":"臺中市中區綠川西街135號","pay_list":"","pay_tool":""},{"index":187,"id":10031989,"user":"陳冠溢","shop":"第一公有零售市場-晶贊精品坊","category":"夜市/市場攤販","zone":"中彰投","city":"臺中市","area":"中區","market_name":"第一公有零售市場","market_address":"臺中市中區綠川西街135號","pay_list":"","pay_tool":""},{"index":188,"id":10031990,"user":"林富英","shop":"第一公有零售市場-晶贊精品坊","category":"夜市/市場攤販","zone":"中彰投","city":"臺中市","area":"中區","market_name":"第一公有零售市場","market_address":"臺中市中區綠川西街135號","pay_list":"","pay_tool":""},{"index":189,"id":10031991,"user":"陳宗嘉","shop":"第一公有零售市場-吉鴻皮件","category":"夜市/市場攤販","zone":"中彰投","city":"臺中市","area":"中區","market_name":"第一公有零售市場","market_address":"臺中市中區綠川西街135號","pay_list":"","pay_tool":""},{"index":190,"id":10031993,"user":"陳昶成","shop":"第一公有零售市場-吉鴻皮件","category":"夜市/市場攤販","zone":"中彰投","city":"臺中市","area":"中區","market_name":"第一公有零售市場","market_address":"臺中市中區綠川西街135號","pay_list":"","pay_tool":""},{"index":191,"id":10031994,"user":"林麗娟","shop":"第一公有零售市場-?格西服店","category":"夜市/市場攤販","zone":"中彰投","city":"臺中市","area":"中區","market_name":"第一公有零售市場","market_address":"臺中市中區綠川西街135號","pay_list":"","pay_tool":""},{"index":192,"id":10031995,"user":"陳楷昀","shop":"第一公有零售市場-尚格西服店","category":"夜市/市場攤販","zone":"中彰投","city":"臺中市","area":"中區","market_name":"第一公有零售市場","market_address":"臺中市中區綠川西街135號","pay_list":"","pay_tool":""},{"index":193,"id":10031996,"user":"李清祥","shop":"第一公有零售市場-京都西服店","category":"夜市/市場攤販","zone":"中彰投","city":"臺中市","area":"中區","market_name":"第一公有零售市場","market_address":"臺中市中區綠川西街135號","pay_list":"","pay_tool":""},{"index":194,"id":10031997,"user":"蘇哲功","shop":"第一公有零售市場-慶山商號","category":"夜市/市場攤販","zone":"中彰投","city":"臺中市","area":"中區","market_name":"第一公有零售市場","market_address":"臺中市中區綠川西街135號","pay_list":"","pay_tool":""},{"index":195,"id":10031998,"user":"林暉國","shop":"第一公有零售市場-小萍美容美甲","category":"夜市/市場攤販","zone":"中彰投","city":"臺中市","area":"中區","market_name":"第一公有零售市場","market_address":"臺中市中區綠川西街135號","pay_list":"","pay_tool":""},{"index":196,"id":10031999,"user":"詹秀枝","shop":"第一公有零售市場-巨匠鐘錶店","category":"夜市/市場攤販","zone":"中彰投","city":"臺中市","area":"中區","market_name":"第一公有零售市場","market_address":"臺中市中區綠川西街135號","pay_list":"","pay_tool":""},{"index":197,"id":10032000,"user":"黃國榮","shop":"第一公有零售市場-尚帥服飾店","category":"夜市/市場攤販","zone":"中彰投","city":"臺中市","area":"中區","market_name":"第一公有零售市場","market_address":"臺中市中區綠川西街135號","pay_list":"","pay_tool":""},{"index":198,"id":10032001,"user":"何永鑫","shop":"第一公有零售市場-益廣通訊行","category":"夜市/市場攤販","zone":"中彰投","city":"臺中市","area":"中區","market_name":"第一公有零售市場","market_address":"臺中市中區綠川西街135號","pay_list":"","pay_tool":""},{"index":199,"id":10032002,"user":"陳麗雅","shop":"第一公有零售市場-益廣通訊行","category":"夜市/市場攤販","zone":"中彰投","city":"臺中市","area":"中區","market_name":"第一公有零售市場","market_address":"臺中市中區綠川西街135號","pay_list":"","pay_tool":""},{"index":200,"id":10032004,"user":"陳正棋","shop":"第一公有零售市場-姐妹通訊行","category":"夜市/市場攤販","zone":"中彰投","city":"臺中市","area":"中區","market_name":"第一公有零售市場","market_address":"臺中市中區綠川西街135號","pay_list":"","pay_tool":""}]