[{"index":1,"id":20014412,"user":"丁林美玉","shop":"阿秋鵝肉店","category":["夜市/市場攤販"],"zone":"雲嘉南","city":"雲林縣","area":"東勢鄉","market_name":["餐食攤販"],"market_address":"雲林縣東勢鄉東南村東勢東路１４０號","pay_list":"","pay_tool":"","行業代號":null,"行業代號1":null,"名稱1":null,"行業代號2":null,"名稱2":null,"行業代號3":null,"名稱3":null},{"index":2,"id":20014554,"user":"吳杏素","shop":"銘銓炸粿","category":["夜市/市場攤販"],"zone":"雲嘉南","city":"雲林縣","area":"東勢鄉","market_name":["餐食攤販"],"market_address":"雲林縣東勢鄉東南村東榮路２４號前面","pay_list":"","pay_tool":"","行業代號":null,"行業代號1":null,"名稱1":null,"行業代號2":null,"名稱2":null,"行業代號3":null,"名稱3":null},{"index":3,"id":20019098,"user":"林鳳婷","shop":"林家牛肉麵","category":["夜市/市場攤販","餐飲"],"zone":"雲嘉南","city":"雲林縣","area":"東勢鄉","market_name":["餐食攤販","麵店、小吃店"],"market_address":"雲林縣東勢鄉東南村１４鄰東勢東路２４號","pay_list":"","pay_tool":"","行業代號":null,"行業代號1":null,"名稱1":null,"行業代號2":null,"名稱2":null,"行業代號3":null,"名稱3":null},{"index":4,"id":60125383,"user":"朱武志","shop":"品味美食坊","category":["餐飲","夜市/市場攤販"],"zone":"雲嘉南","city":"雲林縣","area":"東勢鄉","market_name":["冰果店、冷（熱）飲店","餐食攤販"],"market_address":"雲林縣東勢鄉嘉隆村２８鄰東榮路５５號","pay_list":null,"pay_tool":null,"行業代號":"561200","行業代號1":"563111","名稱1":"冰果店、冷（熱）飲店","行業代號2":"","名稱2":"","行業代號3":"","名稱3":""}]