[{"index":1,"id":10016147,"user":"曾國郎","shop":"名間鄉公有零售市場-禽肉","category":"夜市/市場攤販","zone":"中彰投","city":"南投縣","area":"名間鄉","market_name":"名間鄉公有零售市場","market_address":"南投縣名間鄉市場巷20-2號","pay_list":"","pay_tool":"","行業代號":null,"行業代號1":null,"名稱1":null,"行業代號2":null,"名稱2":null,"行業代號3":null,"名稱3":null},{"index":2,"id":10016159,"user":"李旺樹","shop":"名間鄉公有零售市場-禽肉","category":"夜市/市場攤販","zone":"中彰投","city":"南投縣","area":"名間鄉","market_name":"名間鄉公有零售市場","market_address":"南投縣名間鄉市場巷20-2號","pay_list":"","pay_tool":"","行業代號":null,"行業代號1":null,"名稱1":null,"行業代號2":null,"名稱2":null,"行業代號3":null,"名稱3":null},{"index":3,"id":10016170,"user":"黃文洲","shop":"名間鄉公有零售市場-獸肉","category":"夜市/市場攤販","zone":"中彰投","city":"南投縣","area":"名間鄉","market_name":"名間鄉公有零售市場","market_address":"南投縣名間鄉市場巷20-2號","pay_list":"","pay_tool":"","行業代號":null,"行業代號1":null,"名稱1":null,"行業代號2":null,"名稱2":null,"行業代號3":null,"名稱3":null},{"index":4,"id":10016181,"user":"張素霞","shop":"名間鄉公有零售市場-蔬菜","category":"夜市/市場攤販","zone":"中彰投","city":"南投縣","area":"名間鄉","market_name":"名間鄉公有零售市場","market_address":"南投縣名間鄉市場巷20-2號","pay_list":"","pay_tool":"","行業代號":null,"行業代號1":null,"名稱1":null,"行業代號2":null,"名稱2":null,"行業代號3":null,"名稱3":null},{"index":5,"id":10016192,"user":"吳莊美惠","shop":"名間鄉公有零售市場-海產","category":"夜市/市場攤販","zone":"中彰投","city":"南投縣","area":"名間鄉","market_name":"名間鄉公有零售市場","market_address":"南投縣名間鄉市場巷20-2號","pay_list":"","pay_tool":"","行業代號":null,"行業代號1":null,"名稱1":null,"行業代號2":null,"名稱2":null,"行業代號3":null,"名稱3":null},{"index":6,"id":10016203,"user":"莊焱賀","shop":"名間鄉公有零售市場-海產","category":"夜市/市場攤販","zone":"中彰投","city":"南投縣","area":"名間鄉","market_name":"名間鄉公有零售市場","market_address":"南投縣名間鄉市場巷20-2號","pay_list":"","pay_tool":"","行業代號":null,"行業代號1":null,"名稱1":null,"行業代號2":null,"名稱2":null,"行業代號3":null,"名稱3":null},{"index":7,"id":10016214,"user":"邱蔡玉葉","shop":"名間鄉公有零售市場-禽肉","category":"夜市/市場攤販","zone":"中彰投","city":"南投縣","area":"名間鄉","market_name":"名間鄉公有零售市場","market_address":"南投縣名間鄉市場巷20-2號","pay_list":"","pay_tool":"","行業代號":null,"行業代號1":null,"名稱1":null,"行業代號2":null,"名稱2":null,"行業代號3":null,"名稱3":null},{"index":8,"id":10016225,"user":"莊宗晃","shop":"名間鄉公有零售市場-豆腐","category":"夜市/市場攤販","zone":"中彰投","city":"南投縣","area":"名間鄉","market_name":"名間鄉公有零售市場","market_address":"南投縣名間鄉市場巷20-2號","pay_list":"","pay_tool":"","行業代號":null,"行業代號1":null,"名稱1":null,"行業代號2":null,"名稱2":null,"行業代號3":null,"名稱3":null},{"index":9,"id":10016236,"user":"莊魏秀麗","shop":"名間鄉公有零售市場-豆腐","category":"夜市/市場攤販","zone":"中彰投","city":"南投縣","area":"名間鄉","market_name":"名間鄉公有零售市場","market_address":"南投縣名間鄉市場巷20-2號","pay_list":"","pay_tool":"","行業代號":null,"行業代號1":null,"名稱1":null,"行業代號2":null,"名稱2":null,"行業代號3":null,"名稱3":null},{"index":10,"id":10016247,"user":"陳昭章","shop":"名間鄉公有零售市場-海產","category":"夜市/市場攤販","zone":"中彰投","city":"南投縣","area":"名間鄉","market_name":"名間鄉公有零售市場","market_address":"南投縣名間鄉市場巷20-2號","pay_list":"","pay_tool":"","行業代號":null,"行業代號1":null,"名稱1":null,"行業代號2":null,"名稱2":null,"行業代號3":null,"名稱3":null},{"index":11,"id":10016258,"user":"林東謀","shop":"名間鄉公有零售市場-獸肉","category":"夜市/市場攤販","zone":"中彰投","city":"南投縣","area":"名間鄉","market_name":"名間鄉公有零售市場","market_address":"南投縣名間鄉市場巷20-2號","pay_list":"","pay_tool":"","行業代號":null,"行業代號1":null,"名稱1":null,"行業代號2":null,"名稱2":null,"行業代號3":null,"名稱3":null},{"index":12,"id":10016270,"user":"吳韋勳","shop":"名間鄉公有零售市場-獸肉","category":"夜市/市場攤販","zone":"中彰投","city":"南投縣","area":"名間鄉","market_name":"名間鄉公有零售市場","market_address":"南投縣名間鄉市場巷20-2號","pay_list":"","pay_tool":"","行業代號":null,"行業代號1":null,"名稱1":null,"行業代號2":null,"名稱2":null,"行業代號3":null,"名稱3":null},{"index":13,"id":10016281,"user":"吳元弘","shop":"名間鄉公有零售市場-糕餅","category":"夜市/市場攤販","zone":"中彰投","city":"南投縣","area":"名間鄉","market_name":"名間鄉公有零售市場","market_address":"南投縣名間鄉市場巷20-2號","pay_list":"","pay_tool":"","行業代號":null,"行業代號1":null,"名稱1":null,"行業代號2":null,"名稱2":null,"行業代號3":null,"名稱3":null},{"index":14,"id":10016292,"user":"曾甚","shop":"名間鄉公有零售市場-雜貨","category":"夜市/市場攤販","zone":"中彰投","city":"南投縣","area":"名間鄉","market_name":"名間鄉公有零售市場","market_address":"南投縣名間鄉市場巷20-2號","pay_list":"","pay_tool":"","行業代號":null,"行業代號1":null,"名稱1":null,"行業代號2":null,"名稱2":null,"行業代號3":null,"名稱3":null},{"index":15,"id":10016303,"user":"王素華","shop":"名間鄉公有零售市場-雜貨","category":"夜市/市場攤販","zone":"中彰投","city":"南投縣","area":"名間鄉","market_name":"名間鄉公有零售市場","market_address":"南投縣名間鄉市場巷20-2號","pay_list":"","pay_tool":"","行業代號":null,"行業代號1":null,"名稱1":null,"行業代號2":null,"名稱2":null,"行業代號3":null,"名稱3":null},{"index":16,"id":10016314,"user":"吳陳明華","shop":"名間鄉公有零售市場-獸肉","category":"夜市/市場攤販","zone":"中彰投","city":"南投縣","area":"名間鄉","market_name":"名間鄉公有零售市場","market_address":"南投縣名間鄉市場巷20-2號","pay_list":"","pay_tool":"","行業代號":null,"行業代號1":null,"名稱1":null,"行業代號2":null,"名稱2":null,"行業代號3":null,"名稱3":null},{"index":17,"id":10016325,"user":"陳林秀字","shop":"名間鄉公有零售市場-海產","category":"夜市/市場攤販","zone":"中彰投","city":"南投縣","area":"名間鄉","market_name":"名間鄉公有零售市場","market_address":"南投縣名間鄉市場巷20-2號","pay_list":"","pay_tool":"","行業代號":null,"行業代號1":null,"名稱1":null,"行業代號2":null,"名稱2":null,"行業代號3":null,"名稱3":null},{"index":18,"id":20011131,"user":"李彩微","shop":"世傳魷魚??名間店","category":["夜市/市場攤販"],"zone":"中彰投","city":"南投縣","area":"名間鄉","market_name":["餐食攤販"],"market_address":"南投縣名間鄉南雅村員集路１３３號旁空地","pay_list":"","pay_tool":"","行業代號":null,"行業代號1":null,"名稱1":null,"行業代號2":null,"名稱2":null,"行業代號3":null,"名稱3":null},{"index":19,"id":20018785,"user":"林國楨","shop":"林國楨","category":["夜市/市場攤販"],"zone":"中彰投","city":"南投縣","area":"名間鄉","market_name":["餐食攤販"],"market_address":"南投縣名間鄉南雅村南雅街４５―８號（騎樓前）","pay_list":"","pay_tool":"","行業代號":null,"行業代號1":null,"名稱1":null,"行業代號2":null,"名稱2":null,"行業代號3":null,"名稱3":null},{"index":20,"id":20018867,"user":"張珠協","shop":"張珠協","category":["夜市/市場攤販"],"zone":"中彰投","city":"南投縣","area":"名間鄉","market_name":["餐食攤販"],"market_address":"南投縣名間鄉新街村８鄰彰南路４８１－７號","pay_list":"","pay_tool":"","行業代號":null,"行業代號1":null,"名稱1":null,"行業代號2":null,"名稱2":null,"行業代號3":null,"名稱3":null},{"index":21,"id":20031715,"user":"羅吳麟","shop":"妙妙小吃店","category":["夜市/市場攤販"],"zone":"中彰投","city":"南投縣","area":"名間鄉","market_name":["餐食攤販"],"market_address":"南投縣名間鄉中正村董門巷８－５號","pay_list":"","pay_tool":"","行業代號":null,"行業代號1":null,"名稱1":null,"行業代號2":null,"名稱2":null,"行業代號3":null,"名稱3":null},{"index":22,"id":20032622,"user":"陳月桂","shop":"陳月桂","category":["夜市/市場攤販"],"zone":"中彰投","city":"南投縣","area":"名間鄉","market_name":["餐食攤販"],"market_address":"南投縣名間鄉南雅村市場巷１１－８號","pay_list":"","pay_tool":"","行業代號":null,"行業代號1":null,"名稱1":null,"行業代號2":null,"名稱2":null,"行業代號3":null,"名稱3":null},{"index":23,"id":20041865,"user":"陳懿亭","shop":"陳懿亭","category":["夜市/市場攤販"],"zone":"中彰投","city":"南投縣","area":"名間鄉","market_name":["餐食攤販"],"market_address":"南投縣名間鄉松柏村０１１鄰松柏街５號","pay_list":"","pay_tool":"","行業代號":null,"行業代號1":null,"名稱1":null,"行業代號2":null,"名稱2":null,"行業代號3":null,"名稱3":null},{"index":24,"id":60059994,"user":"歐力權","shop":"小歐咖啡本舖","category":["夜市/市場攤販"],"zone":"中彰投","city":"南投縣","area":"名間鄉","market_name":["調理飲料攤販"],"market_address":"南投縣名間鄉松山村９鄰松山街１１７號１樓","pay_list":null,"pay_tool":null,"行業代號":"563200","行業代號1":"","名稱1":"","行業代號2":"","名稱2":"","行業代號3":"","名稱3":""}]