[{"index":1,"id":30000167,"category":"夜市小吃/市場","city":"臺北市","area":"萬華區","market_name":"西門商場","market_address":"臺北市萬華區成都路10巷33號","shop":"西門商場 045","pay_list":["台灣 PAY"],"zone":"北北基","user":"林季妍","pay_tool":["行動支付"]},{"index":2,"id":30000315,"category":"夜市小吃/市場","city":"臺北市","area":"萬華區","market_name":"直興市場","market_address":"臺北市萬華區康定路172巷1號","shop":"直興市場 臨固0041","pay_list":["台灣 PAY"],"zone":"北北基","user":"鄭于君","pay_tool":["行動支付"]},{"index":3,"id":30000316,"category":"夜市小吃/市場","city":"臺北市","area":"萬華區","market_name":"直興市場","market_address":"臺北市萬華區康定路172巷1號","shop":"直興市場 臨固0010","pay_list":["台灣 PAY"],"zone":"北北基","user":"林蕭月秀","pay_tool":["行動支付"]},{"index":4,"id":30000330,"category":"夜市小吃/市場","city":"臺北市","area":"萬華區","market_name":"西昌街攤販集中場","market_address":"臺北市萬華區西昌街（廣州街至桂林路間）","shop":"西昌街攤販集中場 0048","pay_list":["台灣 PAY"],"zone":"北北基","user":"許耀允","pay_tool":["行動支付"]},{"index":5,"id":30000331,"category":"夜市小吃/市場","city":"臺北市","area":"萬華區","market_name":"西昌街攤販集中場","market_address":"臺北市萬華區西昌街（廣州街至桂林路間）","shop":"西昌街攤販集中場 0048","pay_list":["台灣 PAY"],"zone":"北北基","user":"許耀允","pay_tool":["行動支付"]},{"index":6,"id":30000332,"category":"夜市小吃/市場","city":"臺北市","area":"萬華區","market_name":"直興市場","market_address":"臺北市萬華區康定路172巷1號","shop":"直興市場 臨固0043","pay_list":["台灣 PAY"],"zone":"北北基","user":"林聖峰","pay_tool":["行動支付"]},{"index":7,"id":30000333,"category":"夜市小吃/市場","city":"臺北市","area":"萬華區","market_name":"直興市場","market_address":"臺北市萬華區康定路172巷1號","shop":"直興市場 本館0008","pay_list":["台灣 PAY"],"zone":"北北基","user":"石明德","pay_tool":["行動支付"]},{"index":8,"id":30000334,"category":"夜市小吃/市場","city":"臺北市","area":"萬華區","market_name":"直興市場","market_address":"臺北市萬華區康定路172巷1號","shop":"直興市場 本館0009","pay_list":["台灣 PAY"],"zone":"北北基","user":"周陳玉燕","pay_tool":["行動支付"]},{"index":9,"id":30000335,"category":"夜市小吃/市場","city":"臺北市","area":"萬華區","market_name":"直興市場","market_address":"臺北市萬華區康定路172巷1號","shop":"直興市場 本館0013","pay_list":["台灣 PAY"],"zone":"北北基","user":"李金根","pay_tool":["行動支付"]},{"index":10,"id":30000336,"category":"夜市小吃/市場","city":"臺北市","area":"萬華區","market_name":"直興市場","market_address":"臺北市萬華區康定路172巷1號","shop":"直興市場 本館0014","pay_list":["LINE Pay Money"],"zone":"北北基","user":"謝錦雲","pay_tool":["行動支付"]},{"index":11,"id":30000337,"category":"夜市小吃/市場","city":"臺北市","area":"萬華區","market_name":"直興市場","market_address":"臺北市萬華區康定路172巷1號","shop":"直興市場 本館0023","pay_list":["台灣 PAY"],"zone":"北北基","user":"呂聰明","pay_tool":["行動支付"]},{"index":12,"id":30000338,"category":"夜市小吃/市場","city":"臺北市","area":"萬華區","market_name":"直興市場","market_address":"臺北市萬華區康定路172巷1號","shop":"直興市場 本館0024","pay_list":["台灣 PAY"],"zone":"北北基","user":"邱吳美惠","pay_tool":["行動支付"]},{"index":13,"id":30000339,"category":"夜市小吃/市場","city":"臺北市","area":"萬華區","market_name":"直興市場","market_address":"臺北市萬華區康定路172巷1號","shop":"直興市場 本館0025","pay_list":["台灣 PAY"],"zone":"北北基","user":"陳周說","pay_tool":["行動支付"]},{"index":14,"id":30000340,"category":"夜市小吃/市場","city":"臺北市","area":"萬華區","market_name":"直興市場","market_address":"臺北市萬華區康定路172巷1號","shop":"直興市場 本館0032","pay_list":["台灣 PAY"],"zone":"北北基","user":"呂明聰","pay_tool":["行動支付"]},{"index":15,"id":30000341,"category":"夜市小吃/市場","city":"臺北市","area":"萬華區","market_name":"直興市場","market_address":"臺北市萬華區康定路172巷1號","shop":"直興市場 本館0033","pay_list":["台灣 PAY"],"zone":"北北基","user":"江仲仁","pay_tool":["行動支付"]},{"index":16,"id":30000342,"category":"夜市小吃/市場","city":"臺北市","area":"萬華區","market_name":"直興市場","market_address":"臺北市萬華區康定路172巷1號","shop":"直興市場 本館0038","pay_list":["台灣 PAY"],"zone":"北北基","user":"陳彥安","pay_tool":["行動支付"]},{"index":17,"id":30000343,"category":"夜市小吃/市場","city":"臺北市","area":"萬華區","market_name":"直興市場","market_address":"臺北市萬華區康定路172巷1號","shop":"直興市場 本館0039","pay_list":["台灣 PAY"],"zone":"北北基","user":"林樺汾","pay_tool":["行動支付"]},{"index":18,"id":30000344,"category":"夜市小吃/市場","city":"臺北市","area":"萬華區","market_name":"直興市場","market_address":"臺北市萬華區康定路172巷1號","shop":"直興市場 一賣店0003","pay_list":["台灣 PAY"],"zone":"北北基","user":"呂佳潔","pay_tool":["行動支付"]},{"index":19,"id":30000345,"category":"夜市小吃/市場","city":"臺北市","area":"萬華區","market_name":"直興市場","market_address":"臺北市萬華區康定路172巷1號","shop":"直興市場 一賣店0014","pay_list":["台灣 PAY"],"zone":"北北基","user":"林劉寶玉","pay_tool":["行動支付"]},{"index":20,"id":30000346,"category":"夜市小吃/市場","city":"臺北市","area":"萬華區","market_name":"直興市場","market_address":"臺北市萬華區康定路172巷1號","shop":"直興市場 一賣店0018","pay_list":["台灣 PAY"],"zone":"北北基","user":"呂佳臻","pay_tool":["行動支付"]},{"index":21,"id":30000347,"category":"夜市小吃/市場","city":"臺北市","area":"萬華區","market_name":"直興市場","market_address":"臺北市萬華區康定路172巷1號","shop":"直興市場 一賣店0019","pay_list":["台灣 PAY"],"zone":"北北基","user":"呂培元","pay_tool":["行動支付"]},{"index":22,"id":30000348,"category":"夜市小吃/市場","city":"臺北市","area":"萬華區","market_name":"直興市場","market_address":"臺北市萬華區康定路172巷1號","shop":"直興市場 一賣店0004","pay_list":["台灣 PAY"],"zone":"北北基","user":"駱怡偉","pay_tool":["行動支付"]},{"index":23,"id":30000349,"category":"夜市小吃/市場","city":"臺北市","area":"萬華區","market_name":"直興市場","market_address":"臺北市萬華區康定路172巷1號","shop":"直興市場 一賣店0007","pay_list":["台灣 PAY"],"zone":"北北基","user":"劉典諧","pay_tool":["行動支付"]},{"index":24,"id":30000350,"category":"夜市小吃/市場","city":"臺北市","area":"萬華區","market_name":"直興市場","market_address":"臺北市萬華區康定路172巷1號","shop":"直興市場 一賣店0008","pay_list":["台灣 PAY"],"zone":"北北基","user":"呂簡秋主","pay_tool":["行動支付"]},{"index":25,"id":30000351,"category":"夜市小吃/市場","city":"臺北市","area":"萬華區","market_name":"直興市場","market_address":"臺北市萬華區康定路172巷1號","shop":"直興市場 一賣店0012","pay_list":["台灣 PAY"],"zone":"北北基","user":"呂明璋","pay_tool":["行動支付"]},{"index":26,"id":30000352,"category":"夜市小吃/市場","city":"臺北市","area":"萬華區","market_name":"直興市場","market_address":"臺北市萬華區康定路172巷1號","shop":"直興市場 一賣店0013","pay_list":["台灣 PAY"],"zone":"北北基","user":"呂慧珍","pay_tool":["行動支付"]},{"index":27,"id":30000353,"category":"夜市小吃/市場","city":"臺北市","area":"萬華區","market_name":"直興市場","market_address":"臺北市萬華區康定路172巷1號","shop":"直興市場 一賣店0017","pay_list":["台灣 PAY"],"zone":"北北基","user":"陳淑麗","pay_tool":["行動支付"]},{"index":28,"id":30000354,"category":"夜市小吃/市場","city":"臺北市","area":"萬華區","market_name":"直興市場","market_address":"臺北市萬華區康定路172巷1號","shop":"直興市場 二賣店0001","pay_list":["台灣 PAY"],"zone":"北北基","user":"李賴西","pay_tool":["行動支付"]},{"index":29,"id":30000355,"category":"夜市小吃/市場","city":"臺北市","area":"萬華區","market_name":"直興市場","market_address":"臺北市萬華區康定路172巷1號","shop":"直興市場 二賣店0002","pay_list":["台灣 PAY"],"zone":"北北基","user":"李?貴","pay_tool":["行動支付"]},{"index":30,"id":30000356,"category":"夜市小吃/市場","city":"臺北市","area":"萬華區","market_name":"直興市場","market_address":"臺北市萬華區康定路172巷1號","shop":"直興市場 二賣店0003","pay_list":["台灣 PAY"],"zone":"北北基","user":"黃榮華","pay_tool":["行動支付"]},{"index":31,"id":30000357,"category":"夜市小吃/市場","city":"臺北市","area":"萬華區","market_name":"直興市場","market_address":"臺北市萬華區康定路172巷1號","shop":"直興市場 二賣店0004","pay_list":["台灣 PAY"],"zone":"北北基","user":"林進興","pay_tool":["行動支付"]},{"index":32,"id":30000358,"category":"夜市小吃/市場","city":"臺北市","area":"萬華區","market_name":"直興市場","market_address":"臺北市萬華區康定路172巷1號","shop":"直興市場 二賣店0007","pay_list":["台灣 PAY"],"zone":"北北基","user":"林紅甘","pay_tool":["行動支付"]},{"index":33,"id":30000359,"category":"夜市小吃/市場","city":"臺北市","area":"萬華區","market_name":"直興市場","market_address":"臺北市萬華區康定路172巷1號","shop":"直興市場 二賣店0009","pay_list":["台灣 PAY"],"zone":"北北基","user":"林宥羭","pay_tool":["行動支付"]},{"index":34,"id":30000360,"category":"夜市小吃/市場","city":"臺北市","area":"萬華區","market_name":"直興市場","market_address":"臺北市萬華區康定路172巷1號","shop":"直興市場 二賣店0010","pay_list":["台灣 PAY"],"zone":"北北基","user":"李雪","pay_tool":["行動支付"]},{"index":35,"id":30000361,"category":"夜市小吃/市場","city":"臺北市","area":"萬華區","market_name":"直興市場","market_address":"臺北市萬華區康定路172巷1號","shop":"直興市場 臨固0004","pay_list":["台灣 PAY"],"zone":"北北基","user":"黃錦樹","pay_tool":["行動支付"]},{"index":36,"id":30000362,"category":"夜市小吃/市場","city":"臺北市","area":"萬華區","market_name":"直興市場","market_address":"臺北市萬華區康定路172巷1號","shop":"直興市場 臨固0008","pay_list":["台灣 PAY"],"zone":"北北基","user":"李寬一","pay_tool":["行動支付"]},{"index":37,"id":30000363,"category":"夜市小吃/市場","city":"臺北市","area":"萬華區","market_name":"直興市場","market_address":"臺北市萬華區康定路172巷1號","shop":"直興市場 臨固0011","pay_list":["台灣 PAY"],"zone":"北北基","user":"江楊麗華","pay_tool":["行動支付"]},{"index":38,"id":30000364,"category":"夜市小吃/市場","city":"臺北市","area":"萬華區","market_name":"直興市場","market_address":"臺北市萬華區康定路172巷1號","shop":"直興市場 臨固0012","pay_list":["台灣 PAY"],"zone":"北北基","user":"顏芳雄","pay_tool":["行動支付"]},{"index":39,"id":30000365,"category":"夜市小吃/市場","city":"臺北市","area":"萬華區","market_name":"直興市場","market_address":"臺北市萬華區康定路172巷1號","shop":"直興市場 臨固0013","pay_list":["台灣 PAY"],"zone":"北北基","user":"柯玉英","pay_tool":["行動支付"]},{"index":40,"id":30000366,"category":"夜市小吃/市場","city":"臺北市","area":"萬華區","market_name":"直興市場","market_address":"臺北市萬華區康定路172巷1號","shop":"直興市場 臨固0015","pay_list":["台灣 PAY"],"zone":"北北基","user":"李長貴","pay_tool":["行動支付"]},{"index":41,"id":30000367,"category":"夜市小吃/市場","city":"臺北市","area":"萬華區","market_name":"直興市場","market_address":"臺北市萬華區康定路172巷1號","shop":"直興市場 臨固0016","pay_list":["台灣 PAY"],"zone":"北北基","user":"蔡昀彤","pay_tool":["行動支付"]},{"index":42,"id":30000368,"category":"夜市小吃/市場","city":"臺北市","area":"萬華區","market_name":"直興市場","market_address":"臺北市萬華區康定路172巷1號","shop":"直興市場 臨固0019","pay_list":["台灣 PAY"],"zone":"北北基","user":"劉昱君","pay_tool":["行動支付"]},{"index":43,"id":30000369,"category":"夜市小吃/市場","city":"臺北市","area":"萬華區","market_name":"直興市場","market_address":"臺北市萬華區康定路172巷1號","shop":"直興市場 臨固0030","pay_list":["台灣 PAY"],"zone":"北北基","user":"王春花","pay_tool":["行動支付"]},{"index":44,"id":30000370,"category":"夜市小吃/市場","city":"臺北市","area":"萬華區","market_name":"直興市場","market_address":"臺北市萬華區康定路172巷1號","shop":"直興市場 臨固0032","pay_list":["台灣 PAY"],"zone":"北北基","user":"王水生","pay_tool":["行動支付"]},{"index":45,"id":30000371,"category":"夜市小吃/市場","city":"臺北市","area":"萬華區","market_name":"直興市場","market_address":"臺北市萬華區康定路172巷1號","shop":"直興市場 臨固0033","pay_list":["台灣 PAY"],"zone":"北北基","user":"蔡王素雲","pay_tool":["行動支付"]},{"index":46,"id":30000372,"category":"夜市小吃/市場","city":"臺北市","area":"萬華區","market_name":"直興市場","market_address":"臺北市萬華區康定路172巷1號","shop":"直興市場 臨固0034","pay_list":["台灣 PAY"],"zone":"北北基","user":"蔡春花","pay_tool":["行動支付"]},{"index":47,"id":30000373,"category":"夜市小吃/市場","city":"臺北市","area":"萬華區","market_name":"直興市場","market_address":"臺北市萬華區康定路172巷1號","shop":"直興市場 臨固0035","pay_list":["台灣 PAY"],"zone":"北北基","user":"林晴萍","pay_tool":["行動支付"]},{"index":48,"id":30000374,"category":"夜市小吃/市場","city":"臺北市","area":"萬華區","market_name":"直興市場","market_address":"臺北市萬華區康定路172巷1號","shop":"直興市場 臨固0037","pay_list":["台灣 PAY"],"zone":"北北基","user":"陳秀治","pay_tool":["行動支付"]},{"index":49,"id":30000375,"category":"夜市小吃/市場","city":"臺北市","area":"萬華區","market_name":"直興市場","market_address":"臺北市萬華區康定路172巷1號","shop":"直興市場 臨固0038","pay_list":["台灣 PAY"],"zone":"北北基","user":"林學松.袁洲明","pay_tool":["行動支付"]},{"index":50,"id":30000376,"category":"夜市小吃/市場","city":"臺北市","area":"萬華區","market_name":"直興市場","market_address":"臺北市萬華區康定路172巷1號","shop":"直興市場 臨固0040","pay_list":["台灣 PAY"],"zone":"北北基","user":"鄭黃彩卿","pay_tool":["行動支付"]},{"index":51,"id":30000377,"category":"夜市小吃/市場","city":"臺北市","area":"萬華區","market_name":"直興市場","market_address":"臺北市萬華區康定路172巷1號","shop":"直興市場 臨固0042","pay_list":["台灣 PAY"],"zone":"北北基","user":"李丹桂","pay_tool":["行動支付"]},{"index":52,"id":30000378,"category":"夜市小吃/市場","city":"臺北市","area":"萬華區","market_name":"直興市場","market_address":"臺北市萬華區康定路172巷1號","shop":"直興市場 臨固0044","pay_list":["台灣 PAY"],"zone":"北北基","user":"鄭寬和","pay_tool":["行動支付"]},{"index":53,"id":30000379,"category":"夜市小吃/市場","city":"臺北市","area":"萬華區","market_name":"直興市場","market_address":"臺北市萬華區康定路172巷1號","shop":"直興市場 臨固0045","pay_list":["台灣 PAY"],"zone":"北北基","user":"吳楨祥","pay_tool":["行動支付"]},{"index":54,"id":30000380,"category":"夜市小吃/市場","city":"臺北市","area":"萬華區","market_name":"直興市場","market_address":"臺北市萬華區康定路172巷1號","shop":"直興市場 臨固0046","pay_list":["台灣 PAY"],"zone":"北北基","user":"陳桂婉","pay_tool":["行動支付"]},{"index":55,"id":30000381,"category":"夜市小吃/市場","city":"臺北市","area":"萬華區","market_name":"直興市場","market_address":"臺北市萬華區康定路172巷1號","shop":"直興市場 臨固0039","pay_list":["台灣 PAY"],"zone":"北北基","user":"蕭潘玉英","pay_tool":["行動支付"]},{"index":56,"id":30000382,"category":"夜市小吃/市場","city":"臺北市","area":"萬華區","market_name":"直興市場","market_address":"臺北市萬華區康定路172巷1號","shop":"直興市場 二賣店0008","pay_list":["台灣 PAY"],"zone":"北北基","user":"林陳珠","pay_tool":["行動支付"]},{"index":57,"id":30000383,"category":"夜市小吃/市場","city":"臺北市","area":"萬華區","market_name":"直興市場","market_address":"臺北市萬華區康定路172巷1號","shop":"直興市場 一賣店0006","pay_list":["台灣 PAY"],"zone":"北北基","user":"顏慧如","pay_tool":["行動支付"]},{"index":58,"id":30000384,"category":"夜市小吃/市場","city":"臺北市","area":"萬華區","market_name":"直興市場","market_address":"臺北市萬華區康定路172巷1號","shop":"直興市場 一賣店0015","pay_list":["台灣 PAY"],"zone":"北北基","user":"陳衍碩","pay_tool":["行動支付"]},{"index":59,"id":30000385,"category":"夜市小吃/市場","city":"臺北市","area":"萬華區","market_name":"直興市場","market_address":"臺北市萬華區康定路172巷1號","shop":"直興市場 一賣店0020","pay_list":["台灣 PAY"],"zone":"北北基","user":"康禧妙","pay_tool":["行動支付"]},{"index":60,"id":30000386,"category":"夜市小吃/市場","city":"臺北市","area":"萬華區","market_name":"直興市場","market_address":"臺北市萬華區康定路172巷1號","shop":"直興市場 臨固0006","pay_list":["台灣 PAY"],"zone":"北北基","user":"張恬嘉","pay_tool":["行動支付"]},{"index":61,"id":30000387,"category":"夜市小吃/市場","city":"臺北市","area":"萬華區","market_name":"直興市場","market_address":"臺北市萬華區康定路172巷1號","shop":"直興市場 臨固0007","pay_list":["台灣 PAY"],"zone":"北北基","user":"張桂香","pay_tool":["行動支付"]},{"index":62,"id":30000388,"category":"夜市小吃/市場","city":"臺北市","area":"萬華區","market_name":"直興市場","market_address":"臺北市萬華區康定路172巷1號","shop":"直興市場 二賣店0005","pay_list":["台灣 PAY"],"zone":"北北基","user":"潘俊良","pay_tool":["行動支付"]},{"index":63,"id":30000389,"category":"夜市小吃/市場","city":"臺北市","area":"萬華區","market_name":"直興市場","market_address":"臺北市萬華區康定路172巷1號","shop":"直興市場 二賣店0006","pay_list":["台灣 PAY"],"zone":"北北基","user":"潘同意","pay_tool":["行動支付"]},{"index":64,"id":30000390,"category":"夜市小吃/市場","city":"臺北市","area":"萬華區","market_name":"直興市場","market_address":"臺北市萬華區康定路172巷1號","shop":"直興市場 本館0021","pay_list":["LINE Pay Money"],"zone":"北北基","user":"宋添炎","pay_tool":["行動支付"]},{"index":65,"id":30000391,"category":"夜市小吃/市場","city":"臺北市","area":"萬華區","market_name":"直興市場","market_address":"臺北市萬華區康定路172巷1號","shop":"直興市場 本館0028","pay_list":["台灣 PAY"],"zone":"北北基","user":"高淑貞","pay_tool":["行動支付"]},{"index":66,"id":30000392,"category":"夜市小吃/市場","city":"臺北市","area":"萬華區","market_name":"直興市場","market_address":"臺北市萬華區康定路172巷1號","shop":"直興市場 本館0036","pay_list":["台灣 PAY"],"zone":"北北基","user":"王仙麟","pay_tool":["行動支付"]},{"index":67,"id":30000393,"category":"夜市小吃/市場","city":"臺北市","area":"萬華區","market_name":"直興市場","market_address":"臺北市萬華區康定路172巷1號","shop":"直興市場 一賣店0011","pay_list":["LINE Pay Money"],"zone":"北北基","user":"林敏茹","pay_tool":["行動支付"]},{"index":68,"id":30000394,"category":"夜市小吃/市場","city":"臺北市","area":"萬華區","market_name":"直興市場","market_address":"臺北市萬華區康定路172巷1號","shop":"直興市場 臨固0002","pay_list":["台灣 PAY"],"zone":"北北基","user":"范世清","pay_tool":["行動支付"]},{"index":69,"id":30000395,"category":"夜市小吃/市場","city":"臺北市","area":"萬華區","market_name":"直興市場","market_address":"臺北市萬華區康定路172巷1號","shop":"直興市場 臨固0001","pay_list":["台灣 PAY"],"zone":"北北基","user":"張智豪","pay_tool":["行動支付"]},{"index":70,"id":30000396,"category":"夜市小吃/市場","city":"臺北市","area":"萬華區","market_name":"直興市場","market_address":"臺北市萬華區康定路172巷1號","shop":"直興市場 臨固0018","pay_list":["台灣 PAY"],"zone":"北北基","user":"丁世凰","pay_tool":["行動支付"]},{"index":71,"id":30000397,"category":"夜市小吃/市場","city":"臺北市","area":"萬華區","market_name":"直興市場","market_address":"臺北市萬華區康定路172巷1號","shop":"直興市場 本館0031","pay_list":["LINE Pay Money"],"zone":"北北基","user":"林淑芬","pay_tool":["行動支付"]},{"index":72,"id":30000398,"category":"夜市小吃/市場","city":"臺北市","area":"萬華區","market_name":"直興市場","market_address":"臺北市萬華區康定路172巷1號","shop":"直興市場 本館0015","pay_list":["台灣 PAY"],"zone":"北北基","user":"邱水勇","pay_tool":["行動支付"]},{"index":73,"id":30000424,"category":"夜市小吃/市場","city":"臺北市","area":"萬華區","market_name":"直興市場","market_address":"臺北市萬華區康定路172巷1號","shop":"直興市場 本館0019","pay_list":["台灣 PAY"],"zone":"北北基","user":"林洋園","pay_tool":["行動支付"]},{"index":74,"id":30000598,"category":"夜市小吃/市場","city":"臺北市","area":"萬華區","market_name":"直興市場","market_address":"臺北市萬華區康定路172巷1號","shop":"直興市場 臨時康008","pay_list":["台灣 PAY"],"zone":"北北基","user":"李雪萍","pay_tool":["行動支付"]},{"index":75,"id":30000600,"category":"夜市小吃/市場","city":"臺北市","area":"萬華區","market_name":"直興市場","market_address":"臺北市萬華區康定路172巷1號","shop":"直興市場 臨時貴018","pay_list":["台灣 PAY"],"zone":"北北基","user":"黃子娟","pay_tool":["行動支付"]},{"index":76,"id":30000603,"category":"夜市小吃/市場","city":"臺北市","area":"萬華區","market_name":"直興市場","market_address":"臺北市萬華區康定路172巷1號","shop":"直興市場 本館0018","pay_list":["台灣 PAY"],"zone":"北北基","user":"游皇元","pay_tool":["行動支付"]},{"index":77,"id":30000604,"category":"夜市小吃/市場","city":"臺北市","area":"萬華區","market_name":"直興市場","market_address":"臺北市萬華區康定路172巷1號","shop":"直興市場 本館0030","pay_list":["台灣 PAY"],"zone":"北北基","user":"鄒陳邀?(有證配攤)","pay_tool":["行動支付"]},{"index":78,"id":30000663,"category":"夜市小吃/市場","city":"臺北市","area":"萬華區","market_name":"直興市場","market_address":"臺北市萬華區康定路172巷1號","shop":"直興市場 臨時康027","pay_list":["台灣 PAY"],"zone":"北北基","user":"黃明煌","pay_tool":["行動支付"]},{"index":79,"id":30000670,"category":"夜市小吃/市場","city":"臺北市","area":"萬華區","market_name":"直興市場","market_address":"臺北市萬華區康定路172巷1號","shop":"直興市場 本館0022","pay_list":["LINE Pay Money"],"zone":"北北基","user":"黃信元","pay_tool":["行動支付"]},{"index":80,"id":30000895,"category":"夜市小吃/市場","city":"臺北市","area":"萬華區","market_name":"直興市場","market_address":"臺北市萬華區康定路172巷1號","shop":"直興市場 臨時康004","pay_list":["台灣 PAY"],"zone":"北北基","user":"呂理榮","pay_tool":["行動支付"]},{"index":81,"id":30000902,"category":"夜市小吃/市場","city":"臺北市","area":"萬華區","market_name":"直興市場","market_address":"臺北市萬華區康定路172巷1號","shop":"直興市場 本館0035","pay_list":["台灣 PAY"],"zone":"北北基","user":"楊美英","pay_tool":["行動支付"]},{"index":82,"id":30000909,"category":"夜市小吃/市場","city":"臺北市","area":"萬華區","market_name":"直興市場","market_address":"臺北市萬華區康定路172巷1號","shop":"直興市場 本館0040","pay_list":["台灣 PAY"],"zone":"北北基","user":"呂國光","pay_tool":["行動支付"]},{"index":83,"id":30000971,"category":"夜市小吃/市場","city":"臺北市","area":"萬華區","market_name":"直興市場","market_address":"臺北市萬華區康定路172巷1號","shop":"直興市場 本館0003","pay_list":["台灣 PAY"],"zone":"北北基","user":"康振興","pay_tool":["行動支付"]},{"index":84,"id":30000972,"category":"夜市小吃/市場","city":"臺北市","area":"萬華區","market_name":"直興市場","market_address":"臺北市萬華區康定路172巷1號","shop":"直興市場 本館0020","pay_list":["LINE Pay Money"],"zone":"北北基","user":"劉昌煥","pay_tool":["行動支付"]},{"index":85,"id":30000977,"category":"夜市小吃/市場","city":"臺北市","area":"萬華區","market_name":"直興市場","market_address":"臺北市萬華區康定路172巷1號","shop":"直興市場 臨時康003","pay_list":["台灣 PAY"],"zone":"北北基","user":"江榡卿","pay_tool":["行動支付"]},{"index":86,"id":30000978,"category":"夜市小吃/市場","city":"臺北市","area":"萬華區","market_name":"直興市場","market_address":"臺北市萬華區康定路172巷1號","shop":"直興市場 臨時貴012","pay_list":["台灣 PAY"],"zone":"北北基","user":"吳健和","pay_tool":["行動支付"]},{"index":87,"id":30000979,"category":"夜市小吃/市場","city":"臺北市","area":"萬華區","market_name":"直興市場","market_address":"臺北市萬華區康定路172巷1號","shop":"直興市場 臨時貴013","pay_list":["台灣 PAY"],"zone":"北北基","user":"王建和","pay_tool":["行動支付"]},{"index":88,"id":30001593,"category":"夜市小吃/市場","city":"臺北市","area":"萬華區","market_name":"直興市場","market_address":"臺北市萬華區康定路172巷1號","shop":"直興市場 臨固0031","pay_list":["台灣 PAY","LINE Pay Money"],"zone":"北北基","user":"蕭炳炬","pay_tool":["行動支付"]},{"index":89,"id":30001594,"category":"夜市小吃/市場","city":"臺北市","area":"萬華區","market_name":"直興市場","market_address":"臺北市萬華區康定路172巷1號","shop":"直興市場 本館0001","pay_list":["台灣 PAY"],"zone":"北北基","user":"林游阿呅","pay_tool":["行動支付"]},{"index":90,"id":30001595,"category":"夜市小吃/市場","city":"臺北市","area":"萬華區","market_name":"直興市場","market_address":"臺北市萬華區康定路172巷1號","shop":"直興市場 一賣店0009","pay_list":["台灣 PAY"],"zone":"北北基","user":"呂嘉珍","pay_tool":["行動支付"]},{"index":91,"id":30002004,"category":"夜市小吃/市場","city":"臺北市","area":"萬華區","market_name":"直興市場","market_address":"臺北市萬華區康定路172巷1號","shop":"直興市場 臨固0014","pay_list":["LINE Pay Money"],"zone":"北北基","user":"劉宜益","pay_tool":["行動支付"]},{"index":92,"id":30002005,"category":"夜市小吃/市場","city":"臺北市","area":"萬華區","market_name":"直興市場","market_address":"臺北市萬華區康定路172巷1號","shop":"直興市場 一賣店0002","pay_list":["台灣 PAY"],"zone":"北北基","user":"謝慧樺","pay_tool":["行動支付"]},{"index":93,"id":30002132,"category":"夜市小吃/市場","city":"臺北市","area":"萬華區","market_name":"直興市場","market_address":"臺北市萬華區康定路172巷1號","shop":"直興市場 本館0004","pay_list":["台灣 PAY"],"zone":"北北基","user":"駱怡寧","pay_tool":["行動支付"]},{"index":94,"id":30002135,"category":"夜市小吃/市場","city":"臺北市","area":"萬華區","market_name":"直興市場","market_address":"臺北市萬華區康定路172巷1號","shop":"直興市場 一賣店0001","pay_list":["台灣 PAY"],"zone":"北北基","user":"潘浩明","pay_tool":["行動支付"]},{"index":95,"id":30002148,"category":"夜市小吃/市場","city":"臺北市","area":"萬華區","market_name":"龍山商場","market_address":"臺北市萬華區和平西路三段120號 (萬華區行政中心內 )","shop":"龍山商場 地上一樓09號","pay_list":["街口支付","台灣 PAY"],"zone":"北北基","user":"邱雅筑標租","pay_tool":["行動支付"]},{"index":96,"id":30002457,"category":"夜市小吃/市場","city":"臺北市","area":"萬華區","market_name":"河濱二商場","market_address":"臺北市萬華區環河南路一段328號(286至340號)","shop":"河濱二商場 0021","pay_list":["台灣 PAY"],"zone":"北北基","user":"蕭隆盛","pay_tool":["行動支付"]},{"index":97,"id":30002458,"category":"夜市小吃/市場","city":"臺北市","area":"萬華區","market_name":"河濱二商場","market_address":"臺北市萬華區環河南路一段328號(286至340號)","shop":"河濱二商場 0022","pay_list":["台灣 PAY"],"zone":"北北基","user":"蕭煌錡","pay_tool":["行動支付"]},{"index":98,"id":30057407,"category":"夜市小吃/市場","city":"臺北市","area":"萬華區","market_name":"西門商場","market_address":"臺北市萬華區成都路10巷33號","shop":"西門商場 001","pay_list":["台灣 PAY"],"zone":"北北基","user":"趙久慧","pay_tool":["行動支付"]},{"index":99,"id":30057408,"category":"夜市小吃/市場","city":"臺北市","area":"萬華區","market_name":"西門商場","market_address":"臺北市萬華區成都路10巷33號","shop":"西門商場 002","pay_list":["台灣 PAY","街口支付","LINE Pay Money"],"zone":"北北基","user":"趙錦惠","pay_tool":["行動支付"]},{"index":100,"id":30057409,"category":"夜市小吃/市場","city":"臺北市","area":"萬華區","market_name":"西門商場","market_address":"臺北市萬華區成都路10巷33號","shop":"西門商場 003","pay_list":["街口支付","(悠遊卡)","LINE Pay Money"],"zone":"北北基","user":"呂美華","pay_tool":["行動支付"]},{"index":101,"id":30057410,"category":"夜市小吃/市場","city":"臺北市","area":"萬華區","market_name":"西門商場","market_address":"臺北市萬華區成都路10巷33號","shop":"西門商場 004","pay_list":["台灣 PAY"],"zone":"北北基","user":"沈耀宗","pay_tool":["行動支付"]},{"index":102,"id":30057411,"category":"夜市小吃/市場","city":"臺北市","area":"萬華區","market_name":"西門商場","market_address":"臺北市萬華區成都路10巷33號","shop":"西門商場 005","pay_list":["台灣 PAY"],"zone":"北北基","user":"林長安","pay_tool":["行動支付"]},{"index":103,"id":30057412,"category":"夜市小吃/市場","city":"臺北市","area":"萬華區","market_name":"西門商場","market_address":"臺北市萬華區成都路10巷33號","shop":"西門商場 006","pay_list":["台灣 PAY"],"zone":"北北基","user":"羅陳桂月","pay_tool":["行動支付"]},{"index":104,"id":30057413,"category":"夜市小吃/市場","city":"臺北市","area":"萬華區","market_name":"西門商場","market_address":"臺北市萬華區成都路10巷33號","shop":"西門商場 007","pay_list":["(APPLEPAY)","街口支付","台灣 PAY"],"zone":"北北基","user":"吳秀鳳","pay_tool":["行動支付"]},{"index":105,"id":30057414,"category":"夜市小吃/市場","city":"臺北市","area":"萬華區","market_name":"西門商場","market_address":"臺北市萬華區成都路10巷33號","shop":"西門商場 008","pay_list":["台灣 PAY"],"zone":"北北基","user":"李守德","pay_tool":["行動支付"]},{"index":106,"id":30057415,"category":"夜市小吃/市場","city":"臺北市","area":"萬華區","market_name":"西門商場","market_address":"臺北市萬華區成都路10巷33號","shop":"西門商場 009","pay_list":["台灣 PAY"],"zone":"北北基","user":"游子航","pay_tool":["行動支付"]},{"index":107,"id":30057418,"category":"夜市小吃/市場","city":"臺北市","area":"萬華區","market_name":"西門商場","market_address":"臺北市萬華區成都路10巷33號","shop":"西門商場 010","pay_list":["(APPLEPAY)","街口支付","台灣 PAY"],"zone":"北北基","user":"林秀玉","pay_tool":["行動支付"]},{"index":108,"id":30057419,"category":"夜市小吃/市場","city":"臺北市","area":"萬華區","market_name":"西門商場","market_address":"臺北市萬華區成都路10巷33號","shop":"西門商場 011","pay_list":["台灣 PAY"],"zone":"北北基","user":"林慶長","pay_tool":["行動支付"]},{"index":109,"id":30057420,"category":"夜市小吃/市場","city":"臺北市","area":"萬華區","market_name":"西門商場","market_address":"臺北市萬華區成都路10巷33號","shop":"西門商場 012","pay_list":["台灣 PAY"],"zone":"北北基","user":"張聰海","pay_tool":["行動支付"]},{"index":110,"id":30057421,"category":"夜市小吃/市場","city":"臺北市","area":"萬華區","market_name":"西門商場","market_address":"臺北市萬華區成都路10巷33號","shop":"西門商場 013","pay_list":["台灣 PAY","LINE Pay Money"],"zone":"北北基","user":"余錦銘","pay_tool":["行動支付"]},{"index":111,"id":30057422,"category":"夜市小吃/市場","city":"臺北市","area":"萬華區","market_name":"西門商場","market_address":"臺北市萬華區成都路10巷33號","shop":"西門商場 014","pay_list":["LINE Pay Money"],"zone":"北北基","user":"黃永銓","pay_tool":["行動支付"]},{"index":112,"id":30057423,"category":"夜市小吃/市場","city":"臺北市","area":"萬華區","market_name":"西門商場","market_address":"臺北市萬華區成都路10巷33號","shop":"西門商場 015","pay_list":["台灣 PAY","街口支付","LINE Pay Money"],"zone":"北北基","user":"蘇怡文","pay_tool":["行動支付"]},{"index":113,"id":30057424,"category":"夜市小吃/市場","city":"臺北市","area":"萬華區","market_name":"西門商場","market_address":"臺北市萬華區成都路10巷33號","shop":"西門商場 016","pay_list":["台灣 PAY","街口支付","LINE Pay Money"],"zone":"北北基","user":"鐘珮瑜","pay_tool":["行動支付"]},{"index":114,"id":30057425,"category":"夜市小吃/市場","city":"臺北市","area":"萬華區","market_name":"西門商場","market_address":"臺北市萬華區成都路10巷33號","shop":"西門商場 017","pay_list":["台灣 PAY"],"zone":"北北基","user":"高麗芳","pay_tool":["行動支付"]},{"index":115,"id":30057426,"category":"夜市小吃/市場","city":"臺北市","area":"萬華區","market_name":"西門商場","market_address":"臺北市萬華區成都路10巷33號","shop":"西門商場 018","pay_list":["台灣 PAY"],"zone":"北北基","user":"林明月","pay_tool":["行動支付"]},{"index":116,"id":30057427,"category":"夜市小吃/市場","city":"臺北市","area":"萬華區","market_name":"西門商場","market_address":"臺北市萬華區成都路10巷33號","shop":"西門商場 019","pay_list":["台灣 PAY"],"zone":"北北基","user":"洪會","pay_tool":["行動支付"]},{"index":117,"id":30057429,"category":"夜市小吃/市場","city":"臺北市","area":"萬華區","market_name":"西門商場","market_address":"臺北市萬華區成都路10巷33號","shop":"西門商場 020","pay_list":["台灣 PAY"],"zone":"北北基","user":"龔秀卿","pay_tool":["行動支付"]},{"index":118,"id":30057430,"category":"夜市小吃/市場","city":"臺北市","area":"萬華區","market_name":"西門商場","market_address":"臺北市萬華區成都路10巷33號","shop":"西門商場 021","pay_list":["台灣 PAY"],"zone":"北北基","user":"陳民雄","pay_tool":["行動支付"]},{"index":119,"id":30057431,"category":"夜市小吃/市場","city":"臺北市","area":"萬華區","market_name":"西門商場","market_address":"臺北市萬華區成都路10巷33號","shop":"西門商場 022","pay_list":["台灣 PAY"],"zone":"北北基","user":"蘇玉盆","pay_tool":["行動支付"]},{"index":120,"id":30057432,"category":"夜市小吃/市場","city":"臺北市","area":"萬華區","market_name":"西門商場","market_address":"臺北市萬華區成都路10巷33號","shop":"西門商場 023","pay_list":["台灣 PAY"],"zone":"北北基","user":"黃彥箖","pay_tool":["行動支付"]},{"index":121,"id":30057433,"category":"夜市小吃/市場","city":"臺北市","area":"萬華區","market_name":"西門商場","market_address":"臺北市萬華區成都路10巷33號","shop":"西門商場 024","pay_list":["台灣 PAY"],"zone":"北北基","user":"范書豪","pay_tool":["行動支付"]},{"index":122,"id":30057434,"category":"夜市小吃/市場","city":"臺北市","area":"萬華區","market_name":"西門商場","market_address":"臺北市萬華區成都路10巷33號","shop":"西門商場 025","pay_list":["台灣 PAY"],"zone":"北北基","user":"陳賽玉","pay_tool":["行動支付"]},{"index":123,"id":30057435,"category":"夜市小吃/市場","city":"臺北市","area":"萬華區","market_name":"西門商場","market_address":"臺北市萬華區成都路10巷33號","shop":"西門商場 026","pay_list":["台灣 PAY"],"zone":"北北基","user":"陳國文","pay_tool":["行動支付"]},{"index":124,"id":30057436,"category":"夜市小吃/市場","city":"臺北市","area":"萬華區","market_name":"西門商場","market_address":"臺北市萬華區成都路10巷33號","shop":"西門商場 027","pay_list":["台灣 PAY"],"zone":"北北基","user":"周慧琳","pay_tool":["行動支付"]},{"index":125,"id":30057437,"category":"夜市小吃/市場","city":"臺北市","area":"萬華區","market_name":"西門商場","market_address":"臺北市萬華區成都路10巷33號","shop":"西門商場 028","pay_list":["台灣 PAY"],"zone":"北北基","user":"周慧芝","pay_tool":["行動支付"]},{"index":126,"id":30057438,"category":"夜市小吃/市場","city":"臺北市","area":"萬華區","market_name":"西門商場","market_address":"臺北市萬華區成都路10巷33號","shop":"西門商場 029","pay_list":["台灣 PAY"],"zone":"北北基","user":"陳智清","pay_tool":["行動支付"]},{"index":127,"id":30057440,"category":"夜市小吃/市場","city":"臺北市","area":"萬華區","market_name":"西門商場","market_address":"臺北市萬華區成都路10巷33號","shop":"西門商場 030","pay_list":["台灣 PAY"],"zone":"北北基","user":"吳建輝","pay_tool":["行動支付"]},{"index":128,"id":30057441,"category":"夜市小吃/市場","city":"臺北市","area":"萬華區","market_name":"西門商場","market_address":"臺北市萬華區成都路10巷33號","shop":"西門商場 031","pay_list":["台灣 PAY"],"zone":"北北基","user":"蘇俊賢","pay_tool":["行動支付"]},{"index":129,"id":30057442,"category":"夜市小吃/市場","city":"臺北市","area":"萬華區","market_name":"西門商場","market_address":"臺北市萬華區成都路10巷33號","shop":"西門商場 032","pay_list":["台灣 PAY","(APPLEPAY)","街口支付","LINE Pay Money"],"zone":"北北基","user":"蘇李錦蘭","pay_tool":["行動支付"]},{"index":130,"id":30057443,"category":"夜市小吃/市場","city":"臺北市","area":"萬華區","market_name":"西門商場","market_address":"臺北市萬華區成都路10巷33號","shop":"西門商場 033","pay_list":["台灣 PAY"],"zone":"北北基","user":"連萬龍","pay_tool":["行動支付"]},{"index":131,"id":30057444,"category":"夜市小吃/市場","city":"臺北市","area":"萬華區","market_name":"西門商場","market_address":"臺北市萬華區成都路10巷33號","shop":"西門商場 034","pay_list":["台灣 PAY"],"zone":"北北基","user":"蔡佩珍","pay_tool":["行動支付"]},{"index":132,"id":30057445,"category":"夜市小吃/市場","city":"臺北市","area":"萬華區","market_name":"西門商場","market_address":"臺北市萬華區成都路10巷33號","shop":"西門商場 035","pay_list":["(APPLYPAY、支付寶)","街口支付","台灣 PAY"],"zone":"北北基","user":"鍾佳翰","pay_tool":["行動支付"]},{"index":133,"id":30057446,"category":"夜市小吃/市場","city":"臺北市","area":"萬華區","market_name":"西門商場","market_address":"臺北市萬華區成都路10巷33號","shop":"西門商場 036","pay_list":["台灣 PAY"],"zone":"北北基","user":"張棕","pay_tool":["行動支付"]},{"index":134,"id":30057447,"category":"夜市小吃/市場","city":"臺北市","area":"萬華區","market_name":"西門商場","market_address":"臺北市萬華區成都路10巷33號","shop":"西門商場 037","pay_list":["台灣 PAY"],"zone":"北北基","user":"余冠龍","pay_tool":["行動支付"]},{"index":135,"id":30057448,"category":"夜市小吃/市場","city":"臺北市","area":"萬華區","market_name":"西門商場","market_address":"臺北市萬華區成都路10巷33號","shop":"西門商場 038","pay_list":["台灣 PAY"],"zone":"北北基","user":"余曉苹","pay_tool":["行動支付"]},{"index":136,"id":30057449,"category":"夜市小吃/市場","city":"臺北市","area":"萬華區","market_name":"西門商場","market_address":"臺北市萬華區成都路10巷33號","shop":"西門商場 039","pay_list":["街口支付","(悠遊卡)","台灣 PAY"],"zone":"北北基","user":"方紹楨","pay_tool":["行動支付"]},{"index":137,"id":30057451,"category":"夜市小吃/市場","city":"臺北市","area":"萬華區","market_name":"西門商場","market_address":"臺北市萬華區成都路10巷33號","shop":"西門商場 040","pay_list":["台灣 PAY"],"zone":"北北基","user":"簡鍾阿芽","pay_tool":["行動支付"]},{"index":138,"id":30057452,"category":"夜市小吃/市場","city":"臺北市","area":"萬華區","market_name":"西門商場","market_address":"臺北市萬華區成都路10巷33號","shop":"西門商場 041","pay_list":["台灣 PAY","街口支付","(APPLEPAY、支付寶)","LINE Pay Money"],"zone":"北北基","user":"黃雅穎","pay_tool":["行動支付"]},{"index":139,"id":30057453,"category":"夜市小吃/市場","city":"臺北市","area":"萬華區","market_name":"西門商場","market_address":"臺北市萬華區成都路10巷33號","shop":"西門商場 042","pay_list":["(APPLEPAY)","街口支付","台灣 PAY"],"zone":"北北基","user":"蘇柏樹","pay_tool":["行動支付"]},{"index":140,"id":30057454,"category":"夜市小吃/市場","city":"臺北市","area":"萬華區","market_name":"西門商場","market_address":"臺北市萬華區成都路10巷33號","shop":"西門商場 043","pay_list":["台灣 PAY"],"zone":"北北基","user":"周湘羚","pay_tool":["行動支付"]},{"index":141,"id":30057455,"category":"夜市小吃/市場","city":"臺北市","area":"萬華區","market_name":"西門商場","market_address":"臺北市萬華區成都路10巷33號","shop":"西門商場 044","pay_list":["台灣 PAY"],"zone":"北北基","user":"汪欣怡","pay_tool":["行動支付"]},{"index":142,"id":30057456,"category":"夜市小吃/市場","city":"臺北市","area":"萬華區","market_name":"西門商場","market_address":"臺北市萬華區成都路10巷33號","shop":"西門商場 046","pay_list":["台灣 PAY"],"zone":"北北基","user":"楊張嘉玲","pay_tool":["行動支付"]},{"index":143,"id":30057457,"category":"夜市小吃/市場","city":"臺北市","area":"萬華區","market_name":"西門商場","market_address":"臺北市萬華區成都路10巷33號","shop":"西門商場 047","pay_list":["台灣 PAY","街口支付","LINE Pay Money"],"zone":"北北基","user":"吳欣燕","pay_tool":["行動支付"]},{"index":144,"id":30057458,"category":"夜市小吃/市場","city":"臺北市","area":"萬華區","market_name":"西門商場","market_address":"臺北市萬華區成都路10巷33號","shop":"西門商場 048","pay_list":["台灣 PAY","街口支付","LINE Pay Money"],"zone":"北北基","user":"余木通","pay_tool":["行動支付"]},{"index":145,"id":30057459,"category":"夜市小吃/市場","city":"臺北市","area":"萬華區","market_name":"西門商場","market_address":"臺北市萬華區成都路10巷33號","shop":"西門商場 049","pay_list":["台灣 PAY"],"zone":"北北基","user":"趙淑惠","pay_tool":["行動支付"]},{"index":146,"id":30057461,"category":"夜市小吃/市場","city":"臺北市","area":"萬華區","market_name":"西門商場","market_address":"臺北市萬華區成都路10巷33號","shop":"西門商場 050","pay_list":["台灣 PAY"],"zone":"北北基","user":"陳武弘","pay_tool":["行動支付"]},{"index":147,"id":30057462,"category":"夜市小吃/市場","city":"臺北市","area":"萬華區","market_name":"西門商場","market_address":"臺北市萬華區成都路10巷33號","shop":"西門商場 051","pay_list":["台灣 PAY","街口支付","LINE Pay Money"],"zone":"北北基","user":"石清秀","pay_tool":["行動支付"]},{"index":148,"id":30057463,"category":"夜市小吃/市場","city":"臺北市","area":"萬華區","market_name":"西門商場","market_address":"臺北市萬華區成都路10巷33號","shop":"西門商場 052","pay_list":["台灣 PAY"],"zone":"北北基","user":"張瑋玲","pay_tool":["行動支付"]},{"index":149,"id":30057464,"category":"夜市小吃/市場","city":"臺北市","area":"萬華區","market_name":"西門商場","market_address":"臺北市萬華區成都路10巷33號","shop":"西門商場 053","pay_list":["台灣 PAY"],"zone":"北北基","user":"傅瓊慧","pay_tool":["行動支付"]},{"index":150,"id":30057465,"category":"夜市小吃/市場","city":"臺北市","area":"萬華區","market_name":"西門商場","market_address":"臺北市萬華區成都路10巷33號","shop":"西門商場 054","pay_list":["台灣 PAY"],"zone":"北北基","user":"吳玫慧","pay_tool":["行動支付"]},{"index":151,"id":30057466,"category":"夜市小吃/市場","city":"臺北市","area":"萬華區","market_name":"西門商場","market_address":"臺北市萬華區成都路10巷33號","shop":"西門商場 055","pay_list":["街口支付","台灣 PAY"],"zone":"北北基","user":"于牟春香","pay_tool":["行動支付"]},{"index":152,"id":30057467,"category":"夜市小吃/市場","city":"臺北市","area":"萬華區","market_name":"西門商場","market_address":"臺北市萬華區成都路10巷33號","shop":"西門商場 056","pay_list":["台灣 PAY"],"zone":"北北基","user":"王國雄","pay_tool":["行動支付"]},{"index":153,"id":30057468,"category":"夜市小吃/市場","city":"臺北市","area":"萬華區","market_name":"西門商場","market_address":"臺北市萬華區成都路10巷33號","shop":"西門商場 057","pay_list":["台灣 PAY"],"zone":"北北基","user":"王姚秀鸞","pay_tool":["行動支付"]},{"index":154,"id":30057505,"category":"夜市小吃/市場","city":"臺北市","area":"萬華區","market_name":"西寧市場","market_address":"臺北市萬華區西寧南路4號","shop":"西寧市場 一樓1001","pay_list":["台灣 PAY"],"zone":"北北基","user":"林昭安","pay_tool":["行動支付"]},{"index":155,"id":30057506,"category":"夜市小吃/市場","city":"臺北市","area":"萬華區","market_name":"西寧市場","market_address":"臺北市萬華區西寧南路4號","shop":"西寧市場 一樓1002","pay_list":["台灣 PAY"],"zone":"北北基","user":"李品萱","pay_tool":["行動支付"]},{"index":156,"id":30057507,"category":"夜市小吃/市場","city":"臺北市","area":"萬華區","market_name":"西寧市場","market_address":"臺北市萬華區西寧南路4號","shop":"西寧市場 一樓1003","pay_list":["台灣 PAY"],"zone":"北北基","user":"李川龍","pay_tool":["行動支付"]},{"index":157,"id":30057508,"category":"夜市小吃/市場","city":"臺北市","area":"萬華區","market_name":"西寧市場","market_address":"臺北市萬華區西寧南路4號","shop":"西寧市場 一樓1004","pay_list":["台灣 PAY"],"zone":"北北基","user":"李王秀英","pay_tool":["行動支付"]},{"index":158,"id":30057509,"category":"夜市小吃/市場","city":"臺北市","area":"萬華區","market_name":"西寧市場","market_address":"臺北市萬華區西寧南路4號","shop":"西寧市場 一樓1005","pay_list":["台灣 PAY"],"zone":"北北基","user":"張雅婷","pay_tool":["行動支付"]},{"index":159,"id":30057510,"category":"夜市小吃/市場","city":"臺北市","area":"萬華區","market_name":"西寧市場","market_address":"臺北市萬華區西寧南路4號","shop":"西寧市場 一樓1006","pay_list":["台灣 PAY"],"zone":"北北基","user":"楊健章","pay_tool":["行動支付"]},{"index":160,"id":30057511,"category":"夜市小吃/市場","city":"臺北市","area":"萬華區","market_name":"西寧市場","market_address":"臺北市萬華區西寧南路4號","shop":"西寧市場 一樓1007","pay_list":["台灣 PAY"],"zone":"北北基","user":"范梨杏","pay_tool":["行動支付"]},{"index":161,"id":30057512,"category":"夜市小吃/市場","city":"臺北市","area":"萬華區","market_name":"西寧市場","market_address":"臺北市萬華區西寧南路4號","shop":"西寧市場 一樓1008","pay_list":["台灣 PAY"],"zone":"北北基","user":"蔡順昌","pay_tool":["行動支付"]},{"index":162,"id":30057513,"category":"夜市小吃/市場","city":"臺北市","area":"萬華區","market_name":"西寧市場","market_address":"臺北市萬華區西寧南路4號","shop":"西寧市場 一樓1009","pay_list":["台灣 PAY"],"zone":"北北基","user":"丁美鳳","pay_tool":["行動支付"]},{"index":163,"id":30057514,"category":"夜市小吃/市場","city":"臺北市","area":"萬華區","market_name":"西寧市場","market_address":"臺北市萬華區西寧南路4號","shop":"西寧市場 一樓1010","pay_list":["台灣 PAY"],"zone":"北北基","user":"戴月裡","pay_tool":["行動支付"]},{"index":164,"id":30057516,"category":"夜市小吃/市場","city":"臺北市","area":"萬華區","market_name":"西寧市場","market_address":"臺北市萬華區西寧南路4號","shop":"西寧市場 一樓1011","pay_list":["台灣 PAY"],"zone":"北北基","user":"余智淵","pay_tool":["行動支付"]},{"index":165,"id":30057517,"category":"夜市小吃/市場","city":"臺北市","area":"萬華區","market_name":"西寧市場","market_address":"臺北市萬華區西寧南路4號","shop":"西寧市場 一樓1012","pay_list":["台灣 PAY"],"zone":"北北基","user":"方美鳳","pay_tool":["行動支付"]},{"index":166,"id":30057518,"category":"夜市小吃/市場","city":"臺北市","area":"萬華區","market_name":"西寧市場","market_address":"臺北市萬華區西寧南路4號","shop":"西寧市場 一樓1013","pay_list":["台灣 PAY"],"zone":"北北基","user":"方美香","pay_tool":["行動支付"]},{"index":167,"id":30057519,"category":"夜市小吃/市場","city":"臺北市","area":"萬華區","market_name":"西寧市場","market_address":"臺北市萬華區西寧南路4號","shop":"西寧市場 一樓1014","pay_list":["台灣 PAY"],"zone":"北北基","user":"李林卉婷","pay_tool":["行動支付"]},{"index":168,"id":30057520,"category":"夜市小吃/市場","city":"臺北市","area":"萬華區","market_name":"西寧市場","market_address":"臺北市萬華區西寧南路4號","shop":"西寧市場 一樓1014-1","pay_list":["台灣 PAY"],"zone":"北北基","user":"張世興","pay_tool":["行動支付"]},{"index":169,"id":30057521,"category":"夜市小吃/市場","city":"臺北市","area":"萬華區","market_name":"西寧市場","market_address":"臺北市萬華區西寧南路4號","shop":"西寧市場 一樓1014-2","pay_list":["台灣 PAY"],"zone":"北北基","user":"楊美桂","pay_tool":["行動支付"]},{"index":170,"id":30057522,"category":"夜市小吃/市場","city":"臺北市","area":"萬華區","market_name":"西寧市場","market_address":"臺北市萬華區西寧南路4號","shop":"西寧市場 一樓1014-3","pay_list":["台灣 PAY"],"zone":"北北基","user":"陳樹煌","pay_tool":["行動支付"]},{"index":171,"id":30057523,"category":"夜市小吃/市場","city":"臺北市","area":"萬華區","market_name":"西寧市場","market_address":"臺北市萬華區西寧南路4號","shop":"西寧市場 一樓1015","pay_list":["台灣 PAY"],"zone":"北北基","user":"黃志銘","pay_tool":["行動支付"]},{"index":172,"id":30057524,"category":"夜市小吃/市場","city":"臺北市","area":"萬華區","market_name":"西寧市場","market_address":"臺北市萬華區西寧南路4號","shop":"西寧市場 一樓1016","pay_list":["台灣 PAY"],"zone":"北北基","user":"尹姿人","pay_tool":["行動支付"]},{"index":173,"id":30057525,"category":"夜市小吃/市場","city":"臺北市","area":"萬華區","market_name":"西寧市場","market_address":"臺北市萬華區西寧南路4號","shop":"西寧市場 一樓1017","pay_list":["台灣 PAY"],"zone":"北北基","user":"陳淑貞","pay_tool":["行動支付"]},{"index":174,"id":30057528,"category":"夜市小吃/市場","city":"臺北市","area":"萬華區","market_name":"西寧市場","market_address":"臺北市萬華區西寧南路4號","shop":"西寧市場 一樓1018","pay_list":["台灣 PAY"],"zone":"北北基","user":"李永吉","pay_tool":["行動支付"]},{"index":175,"id":30057529,"category":"夜市小吃/市場","city":"臺北市","area":"萬華區","market_name":"西寧市場","market_address":"臺北市萬華區西寧南路4號","shop":"西寧市場 一樓1019","pay_list":["台灣 PAY"],"zone":"北北基","user":"黃連興","pay_tool":["行動支付"]},{"index":176,"id":30057530,"category":"夜市小吃/市場","city":"臺北市","area":"萬華區","market_name":"西寧市場","market_address":"臺北市萬華區西寧南路4號","shop":"西寧市場 一樓1020","pay_list":["台灣 PAY"],"zone":"北北基","user":"楊梅琴","pay_tool":["行動支付"]},{"index":177,"id":30057531,"category":"夜市小吃/市場","city":"臺北市","area":"萬華區","market_name":"西寧市場","market_address":"臺北市萬華區西寧南路4號","shop":"西寧市場 一樓1021","pay_list":["台灣 PAY"],"zone":"北北基","user":"李黃菊","pay_tool":["行動支付"]},{"index":178,"id":30057532,"category":"夜市小吃/市場","city":"臺北市","area":"萬華區","market_name":"西寧市場","market_address":"臺北市萬華區西寧南路4號","shop":"西寧市場 一樓1022","pay_list":["台灣 PAY"],"zone":"北北基","user":"黃思翰","pay_tool":["行動支付"]},{"index":179,"id":30057533,"category":"夜市小吃/市場","city":"臺北市","area":"萬華區","market_name":"西寧市場","market_address":"臺北市萬華區西寧南路4號","shop":"西寧市場 一樓1023","pay_list":["台灣 PAY"],"zone":"北北基","user":"李九女","pay_tool":["行動支付"]},{"index":180,"id":30057534,"category":"夜市小吃/市場","city":"臺北市","area":"萬華區","market_name":"西寧市場","market_address":"臺北市萬華區西寧南路4號","shop":"西寧市場 一樓1024","pay_list":["台灣 PAY"],"zone":"北北基","user":"柯金玉","pay_tool":["行動支付"]},{"index":181,"id":30057535,"category":"夜市小吃/市場","city":"臺北市","area":"萬華區","market_name":"西寧市場","market_address":"臺北市萬華區西寧南路4號","shop":"西寧市場 一樓1025","pay_list":["台灣 PAY"],"zone":"北北基","user":"李美珠","pay_tool":["行動支付"]},{"index":182,"id":30057536,"category":"夜市小吃/市場","city":"臺北市","area":"萬華區","market_name":"西寧市場","market_address":"臺北市萬華區西寧南路4號","shop":"西寧市場 一樓1026","pay_list":["台灣 PAY"],"zone":"北北基","user":"邱明宏","pay_tool":["行動支付"]},{"index":183,"id":30057537,"category":"夜市小吃/市場","city":"臺北市","area":"萬華區","market_name":"西寧市場","market_address":"臺北市萬華區西寧南路4號","shop":"西寧市場 一樓1027","pay_list":["台灣 PAY"],"zone":"北北基","user":"方均忠","pay_tool":["行動支付"]},{"index":184,"id":30057539,"category":"夜市小吃/市場","city":"臺北市","area":"萬華區","market_name":"西寧市場","market_address":"臺北市萬華區西寧南路4號","shop":"西寧市場 一樓1028","pay_list":["台灣 PAY"],"zone":"北北基","user":"張良信","pay_tool":["行動支付"]},{"index":185,"id":30057540,"category":"夜市小吃/市場","city":"臺北市","area":"萬華區","market_name":"西寧市場","market_address":"臺北市萬華區西寧南路4號","shop":"西寧市場 一樓1029","pay_list":["台灣 PAY"],"zone":"北北基","user":"李士亮","pay_tool":["行動支付"]},{"index":186,"id":30057541,"category":"夜市小吃/市場","city":"臺北市","area":"萬華區","market_name":"西寧市場","market_address":"臺北市萬華區西寧南路4號","shop":"西寧市場 一樓1030","pay_list":["台灣 PAY"],"zone":"北北基","user":"謝麗玉","pay_tool":["行動支付"]},{"index":187,"id":30057542,"category":"夜市小吃/市場","city":"臺北市","area":"萬華區","market_name":"西寧市場","market_address":"臺北市萬華區西寧南路4號","shop":"西寧市場 一樓1031","pay_list":["台灣 PAY"],"zone":"北北基","user":"李後榮","pay_tool":["行動支付"]},{"index":188,"id":30057543,"category":"夜市小吃/市場","city":"臺北市","area":"萬華區","market_name":"西寧市場","market_address":"臺北市萬華區西寧南路4號","shop":"西寧市場 一樓1032","pay_list":["台灣 PAY"],"zone":"北北基","user":"李珮玲","pay_tool":["行動支付"]},{"index":189,"id":30057544,"category":"夜市小吃/市場","city":"臺北市","area":"萬華區","market_name":"西寧市場","market_address":"臺北市萬華區西寧南路4號","shop":"西寧市場 一樓1033","pay_list":["台灣 PAY"],"zone":"北北基","user":"陳耀文","pay_tool":["行動支付"]},{"index":190,"id":30057545,"category":"夜市小吃/市場","city":"臺北市","area":"萬華區","market_name":"西寧市場","market_address":"臺北市萬華區西寧南路4號","shop":"西寧市場 一樓1034","pay_list":["台灣 PAY"],"zone":"北北基","user":"詹政雄","pay_tool":["行動支付"]},{"index":191,"id":30057546,"category":"夜市小吃/市場","city":"臺北市","area":"萬華區","market_name":"西寧市場","market_address":"臺北市萬華區西寧南路4號","shop":"西寧市場 一樓1035","pay_list":["台灣 PAY"],"zone":"北北基","user":"李品寬","pay_tool":["行動支付"]},{"index":192,"id":30057547,"category":"夜市小吃/市場","city":"臺北市","area":"萬華區","market_name":"西寧市場","market_address":"臺北市萬華區西寧南路4號","shop":"西寧市場 一樓1036","pay_list":["台灣 PAY"],"zone":"北北基","user":"楊欽圳","pay_tool":["行動支付"]},{"index":193,"id":30057548,"category":"夜市小吃/市場","city":"臺北市","area":"萬華區","market_name":"西寧市場","market_address":"臺北市萬華區西寧南路4號","shop":"西寧市場 一樓1037","pay_list":["台灣 PAY"],"zone":"北北基","user":"李士元","pay_tool":["行動支付"]},{"index":194,"id":30057550,"category":"夜市小吃/市場","city":"臺北市","area":"萬華區","market_name":"西寧市場","market_address":"臺北市萬華區西寧南路4號","shop":"西寧市場 一樓1038","pay_list":["台灣 PAY"],"zone":"北北基","user":"李士虹","pay_tool":["行動支付"]},{"index":195,"id":30057551,"category":"夜市小吃/市場","city":"臺北市","area":"萬華區","market_name":"西寧市場","market_address":"臺北市萬華區西寧南路4號","shop":"西寧市場 一樓1039","pay_list":["台灣 PAY"],"zone":"北北基","user":"陳俊榮","pay_tool":["行動支付"]},{"index":196,"id":30057553,"category":"夜市小吃/市場","city":"臺北市","area":"萬華區","market_name":"西寧市場","market_address":"臺北市萬華區西寧南路4號","shop":"西寧市場 一樓1041","pay_list":["台灣 PAY"],"zone":"北北基","user":"陳玟臻","pay_tool":["行動支付"]},{"index":197,"id":30057554,"category":"夜市小吃/市場","city":"臺北市","area":"萬華區","market_name":"西寧市場","market_address":"臺北市萬華區西寧南路4號","shop":"西寧市場 一樓1042","pay_list":["台灣 PAY"],"zone":"北北基","user":"李順芳","pay_tool":["行動支付"]},{"index":198,"id":30057555,"category":"夜市小吃/市場","city":"臺北市","area":"萬華區","market_name":"西寧市場","market_address":"臺北市萬華區西寧南路4號","shop":"西寧市場 一樓1043","pay_list":["台灣 PAY"],"zone":"北北基","user":"周秀珍","pay_tool":["行動支付"]},{"index":199,"id":30057556,"category":"夜市小吃/市場","city":"臺北市","area":"萬華區","market_name":"西寧市場","market_address":"臺北市萬華區西寧南路4號","shop":"西寧市場 一樓1044","pay_list":["台灣 PAY"],"zone":"北北基","user":"洪福裕","pay_tool":["行動支付"]},{"index":200,"id":30057557,"category":"夜市小吃/市場","city":"臺北市","area":"萬華區","market_name":"西寧市場","market_address":"臺北市萬華區西寧南路4號","shop":"西寧市場 一樓1045","pay_list":["台灣 PAY"],"zone":"北北基","user":"藍福來","pay_tool":["行動支付"]}]