[{"index":1,"id":10053685,"category":"夜市小吃/市場","city":"臺南市","area":"北區","market_name":"開元公有零售市場","market_address":"臺南市北區開元路124號","shop":"開元公有零售市場 1025","pay_list":["街口支付"],"zone":"雲嘉南","user":"賴慧冠","pay_tool":["行動支付"]},{"index":2,"id":10053701,"category":"夜市小吃/市場","city":"臺南市","area":"北區","market_name":"開元公有零售市場","market_address":"臺南市北區開元路124號","shop":"開元公有零售市場 1044","pay_list":["LINE Pay Money"],"zone":"雲嘉南","user":"盧宥萲","pay_tool":["行動支付"]},{"index":3,"id":10053742,"category":"夜市小吃/市場","city":"臺南市","area":"北區","market_name":"開元公有零售市場","market_address":"臺南市北區開元路124號","shop":"開元公有零售市場 2030","pay_list":["街口支付"],"zone":"雲嘉南","user":"郭全祿","pay_tool":["行動支付"]},{"index":4,"id":10053748,"category":"夜市小吃/市場","city":"臺南市","area":"北區","market_name":"開元公有零售市場","market_address":"臺南市北區開元路124號","shop":"開元公有零售市場 2035","pay_list":["街口支付"],"zone":"雲嘉南","user":"李郭還","pay_tool":["行動支付"]},{"index":5,"id":10053750,"category":"夜市小吃/市場","city":"臺南市","area":"北區","market_name":"開元公有零售市場","market_address":"臺南市北區開元路124號","shop":"開元公有零售市場 2037","pay_list":["街口支付"],"zone":"雲嘉南","user":"高伯煒","pay_tool":["行動支付"]},{"index":6,"id":10053756,"category":"夜市小吃/市場","city":"臺南市","area":"北區","market_name":"開元公有零售市場","market_address":"臺南市北區開元路124號","shop":"開元公有零售市場 2047","pay_list":["街口支付"],"zone":"雲嘉南","user":"王秀琴","pay_tool":["行動支付"]},{"index":7,"id":10053784,"category":"夜市小吃/市場","city":"臺南市","area":"北區","market_name":"開元公有零售市場","market_address":"臺南市北區開元路124號","shop":"開元公有零售市場 2099","pay_list":["街口支付"],"zone":"雲嘉南","user":"莊森全","pay_tool":["行動支付"]},{"index":8,"id":30064293,"category":"夜市小吃/市場","city":"臺南市","area":"北區","market_name":"開元公有零售市場","market_address":"臺南市北區開元路124號","shop":"開元公有零售市場 1025","pay_list":["街口支付"],"zone":"雲嘉南","user":"賴慧冠","pay_tool":["行動支付"]},{"index":9,"id":30064309,"category":"夜市小吃/市場","city":"臺南市","area":"北區","market_name":"開元公有零售市場","market_address":"臺南市北區開元路124號","shop":"開元公有零售市場 1044","pay_list":["LINE Pay Money"],"zone":"雲嘉南","user":"盧宥萲","pay_tool":["行動支付"]},{"index":10,"id":30064351,"category":"夜市小吃/市場","city":"臺南市","area":"北區","market_name":"開元公有零售市場","market_address":"臺南市北區開元路124號","shop":"開元公有零售市場 2030","pay_list":["街口支付"],"zone":"雲嘉南","user":"郭全祿","pay_tool":["行動支付"]},{"index":11,"id":30064357,"category":"夜市小吃/市場","city":"臺南市","area":"北區","market_name":"開元公有零售市場","market_address":"臺南市北區開元路124號","shop":"開元公有零售市場 2035","pay_list":["街口支付"],"zone":"雲嘉南","user":"李郭還","pay_tool":["行動支付"]},{"index":12,"id":30064359,"category":"夜市小吃/市場","city":"臺南市","area":"北區","market_name":"開元公有零售市場","market_address":"臺南市北區開元路124號","shop":"開元公有零售市場 2037","pay_list":["街口支付"],"zone":"雲嘉南","user":"高伯煒","pay_tool":["行動支付"]},{"index":13,"id":30064365,"category":"夜市小吃/市場","city":"臺南市","area":"北區","market_name":"開元公有零售市場","market_address":"臺南市北區開元路124號","shop":"開元公有零售市場 2047","pay_list":["街口支付"],"zone":"雲嘉南","user":"王秀琴","pay_tool":["行動支付"]},{"index":14,"id":30064392,"category":"夜市小吃/市場","city":"臺南市","area":"北區","market_name":"開元公有零售市場","market_address":"臺南市北區開元路124號","shop":"開元公有零售市場 2099","pay_list":["街口支付"],"zone":"雲嘉南","user":"莊森全","pay_tool":["行動支付"]}]