[{"index":1,"id":20003210,"user":"彭粉嬌","shop":"彭粉嬌","category":["夜市/市場攤販","餐飲"],"zone":"桃竹苗","city":"苗栗縣","area":"苗栗市","market_name":["餐食攤販","未分類其他食品、飲料及菸草製品零售","調理飲料攤販"],"market_address":"苗栗縣苗栗市福麗里１鄰至公路１２０號","pay_list":"","pay_tool":"","行業代號":null,"行業代號1":null,"名稱1":null,"行業代號2":null,"名稱2":null,"行業代號3":null,"名稱3":null},{"index":2,"id":20018589,"user":"江應麟","shop":"１吃店","category":["夜市/市場攤販"],"zone":"桃竹苗","city":"苗栗縣","area":"苗栗市","market_name":["餐食攤販"],"market_address":"苗栗縣苗栗市高苗里４鄰光復路５２號","pay_list":"","pay_tool":"","行業代號":null,"行業代號1":null,"名稱1":null,"行業代號2":null,"名稱2":null,"行業代號3":null,"名稱3":null},{"index":3,"id":20018630,"user":"劉菊香","shop":"七號方舟","category":["夜市/市場攤販"],"zone":"桃竹苗","city":"苗栗縣","area":"苗栗市","market_name":["調理飲料攤販"],"market_address":"苗栗縣苗栗市高苗里天雲街２４－１號左側","pay_list":"","pay_tool":"","行業代號":null,"行業代號1":null,"名稱1":null,"行業代號2":null,"名稱2":null,"行業代號3":null,"名稱3":null},{"index":4,"id":20019075,"user":"詹徐阿有","shop":"老牌肉粽","category":["夜市/市場攤販"],"zone":"桃竹苗","city":"苗栗縣","area":"苗栗市","market_name":["餐食攤販"],"market_address":"苗栗縣苗栗市新苗里５鄰新苗街６３號","pay_list":"","pay_tool":"","行業代號":null,"行業代號1":null,"名稱1":null,"行業代號2":null,"名稱2":null,"行業代號3":null,"名稱3":null},{"index":5,"id":20026824,"user":"陳姿潔","shop":"古早味魯肉飯","category":["夜市/市場攤販"],"zone":"桃竹苗","city":"苗栗縣","area":"苗栗市","market_name":["餐食攤販"],"market_address":"苗栗縣苗栗市嘉盛里爲公路７１８號１樓","pay_list":"","pay_tool":"","行業代號":null,"行業代號1":null,"名稱1":null,"行業代號2":null,"名稱2":null,"行業代號3":null,"名稱3":null},{"index":6,"id":20033943,"user":"徐國坤","shop":"阿坤雞排","category":["夜市/市場攤販"],"zone":"桃竹苗","city":"苗栗縣","area":"苗栗市","market_name":["餐食攤販"],"market_address":"苗栗縣苗栗市恭敬里中正路９２０號前","pay_list":"","pay_tool":"","行業代號":null,"行業代號1":null,"名稱1":null,"行業代號2":null,"名稱2":null,"行業代號3":null,"名稱3":null},{"index":7,"id":20039579,"user":"劉鳳蓮","shop":"苗栗早餐店","category":["夜市/市場攤販","餐飲"],"zone":"桃竹苗","city":"苗栗縣","area":"苗栗市","market_name":["餐食攤販","調理飲料攤販"],"market_address":"苗栗縣苗栗市青苗里２０鄰至公路７９號","pay_list":"","pay_tool":"","行業代號":null,"行業代號1":null,"名稱1":null,"行業代號2":null,"名稱2":null,"行業代號3":null,"名稱3":null},{"index":8,"id":20039581,"user":"林李阿梅","shop":"阿梅飲食店","category":["夜市/市場攤販","餐飲"],"zone":"桃竹苗","city":"苗栗縣","area":"苗栗市","market_name":["餐食攤販","調理飲料攤販"],"market_address":"苗栗縣苗栗市上苗里社寮街１２１號","pay_list":"","pay_tool":"","行業代號":null,"行業代號1":null,"名稱1":null,"行業代號2":null,"名稱2":null,"行業代號3":null,"名稱3":null},{"index":9,"id":20048731,"user":"李瑞菊","shop":"林肯香雞排","category":["夜市/市場攤販"],"zone":"桃竹苗","city":"苗栗縣","area":"苗栗市","market_name":["餐食攤販"],"market_address":"苗栗縣苗栗市恭敬里中正路９４６號騎樓","pay_list":"","pay_tool":"","行業代號":null,"行業代號1":null,"名稱1":null,"行業代號2":null,"名稱2":null,"行業代號3":null,"名稱3":null},{"index":10,"id":20049198,"user":"李宜璟","shop":"６好飯糰","category":["夜市/市場攤販"],"zone":"桃竹苗","city":"苗栗縣","area":"苗栗市","market_name":["餐食攤販"],"market_address":"苗栗縣苗栗市福麗里至公路２０８號","pay_list":"","pay_tool":"","行業代號":null,"行業代號1":null,"名稱1":null,"行業代號2":null,"名稱2":null,"行業代號3":null,"名稱3":null},{"index":11,"id":20050605,"user":"陳慶義","shop":"陳記魯味","category":["夜市/市場攤販","餐飲"],"zone":"桃竹苗","city":"苗栗縣","area":"苗栗市","market_name":["餐食攤販","調理飲料攤販"],"market_address":"苗栗縣苗栗市建功里中正路３６０之１號","pay_list":"","pay_tool":"","行業代號":null,"行業代號1":null,"名稱1":null,"行業代號2":null,"名稱2":null,"行業代號3":null,"名稱3":null},{"index":12,"id":20054142,"user":"黃俊鴻","shop":"來點茶","category":["夜市/市場攤販"],"zone":"桃竹苗","city":"苗栗縣","area":"苗栗市","market_name":["餐食攤販"],"market_address":"苗栗縣苗栗市福麗里０３４鄰府前路１５６號騎樓","pay_list":"","pay_tool":"","行業代號":null,"行業代號1":null,"名稱1":null,"行業代號2":null,"名稱2":null,"行業代號3":null,"名稱3":null},{"index":13,"id":20057917,"user":"陳怡如","shop":"無限可能","category":["夜市/市場攤販"],"zone":"桃竹苗","city":"苗栗縣","area":"苗栗市","market_name":["餐食攤販"],"market_address":"苗栗縣苗栗市福麗里新都街高架橋商場飲食類Ｂ０３攤舖","pay_list":"","pay_tool":"","行業代號":null,"行業代號1":null,"名稱1":null,"行業代號2":null,"名稱2":null,"行業代號3":null,"名稱3":null},{"index":14,"id":20057926,"user":"汪宥逵","shop":"瑞來餐飲店高架橋店","category":["夜市/市場攤販","餐飲"],"zone":"桃竹苗","city":"苗栗縣","area":"苗栗市","market_name":["餐食攤販","調理飲料攤販"],"market_address":"苗栗縣苗栗市福麗里高架橋Ｃ０５號攤舖","pay_list":"","pay_tool":"","行業代號":null,"行業代號1":null,"名稱1":null,"行業代號2":null,"名稱2":null,"行業代號3":null,"名稱3":null},{"index":15,"id":20058068,"user":"柯致賢","shop":"國王的茶金鳳店","category":["夜市/市場攤販"],"zone":"桃竹苗","city":"苗栗縣","area":"苗栗市","market_name":["調理飲料攤販"],"market_address":"苗栗縣苗栗市水源里２１鄰金鳳街５３號１樓","pay_list":"","pay_tool":"","行業代號":null,"行業代號1":null,"名稱1":null,"行業代號2":null,"名稱2":null,"行業代號3":null,"名稱3":null},{"index":16,"id":20063005,"user":"湯秋桃","shop":"新東小吃","category":["夜市/市場攤販","餐飲"],"zone":"桃竹苗","city":"苗栗縣","area":"苗栗市","market_name":["餐食攤販","調理飲料攤販"],"market_address":"苗栗縣苗栗市嘉盛里１６鄰爲公路５５５號","pay_list":"","pay_tool":"","行業代號":null,"行業代號1":null,"名稱1":null,"行業代號2":null,"名稱2":null,"行業代號3":null,"名稱3":null},{"index":17,"id":60008305,"user":"黃緯民","shop":"薩瑟吉實業社","category":["夜市/市場攤販"],"zone":"桃竹苗","city":"苗栗縣","area":"苗栗市","market_name":["餐食攤販"],"market_address":"苗栗縣苗栗市上苗里７鄰長安街１８號１樓","pay_list":null,"pay_tool":null,"行業代號":"561200","行業代號1":"","名稱1":"","行業代號2":"","名稱2":"","行業代號3":"","名稱3":""},{"index":18,"id":60043324,"user":"鍾緯辰","shop":"芫元雞排店","category":["夜市/市場攤販"],"zone":"桃竹苗","city":"苗栗縣","area":"苗栗市","market_name":["餐食攤販"],"market_address":"苗栗縣苗栗市高苗里００７鄰天雲街３２號","pay_list":null,"pay_tool":null,"行業代號":"561200","行業代號1":"","名稱1":"","行業代號2":"","名稱2":"","行業代號3":"","名稱3":""},{"index":19,"id":60059722,"user":"吳浚瑀","shop":"翔飛冷飲","category":["夜市/市場攤販"],"zone":"桃竹苗","city":"苗栗縣","area":"苗栗市","market_name":["調理飲料攤販"],"market_address":"苗栗縣苗栗市北苗里３７鄰英才路５７號","pay_list":null,"pay_tool":null,"行業代號":"563200","行業代號1":"","名稱1":"","行業代號2":"","名稱2":"","行業代號3":"","名稱3":""},{"index":20,"id":60072430,"user":"彭玄宏","shop":"玄賦商行","category":["夜市/市場攤販"],"zone":"桃竹苗","city":"苗栗縣","area":"苗栗市","market_name":["餐食攤販"],"market_address":"苗栗縣苗栗市勝利里０２２鄰中正路１０８１號","pay_list":null,"pay_tool":null,"行業代號":"561200","行業代號1":"","名稱1":"","行業代號2":"","名稱2":"","行業代號3":"","名稱3":""},{"index":21,"id":60072444,"user":"羅偉","shop":"醬元雞排","category":["夜市/市場攤販"],"zone":"桃竹苗","city":"苗栗縣","area":"苗栗市","market_name":["餐食攤販"],"market_address":"苗栗縣苗栗市福安里中華路５６１號","pay_list":null,"pay_tool":null,"行業代號":"561200","行業代號1":"","名稱1":"","行業代號2":"","名稱2":"","行業代號3":"","名稱3":""},{"index":22,"id":60076887,"user":"李慧華","shop":"東興牛肉麵小吃","category":["餐飲","夜市/市場攤販"],"zone":"桃竹苗","city":"苗栗縣","area":"苗栗市","market_name":["調理飲料攤販","餐食攤販"],"market_address":"苗栗縣苗栗市青苗里９鄰中山路５９４號","pay_list":null,"pay_tool":null,"行業代號":"561200","行業代號1":"563200","名稱1":"調理飲料攤販","行業代號2":"","名稱2":"","行業代號3":"","名稱3":""},{"index":23,"id":60076913,"user":"湯明偉","shop":"品園冷熱飲食店","category":["餐飲","夜市/市場攤販"],"zone":"桃竹苗","city":"苗栗縣","area":"苗栗市","market_name":["調理飲料攤販","餐食攤販"],"market_address":"苗栗縣苗栗市建功里１６鄰府東路１４號","pay_list":null,"pay_tool":null,"行業代號":"561200","行業代號1":"563200","名稱1":"調理飲料攤販","行業代號2":"","名稱2":"","行業代號3":"","名稱3":""},{"index":24,"id":60076923,"user":"邱國盛","shop":"新榕園冷熱飲室","category":["餐飲","夜市/市場攤販"],"zone":"桃竹苗","city":"苗栗縣","area":"苗栗市","market_name":["調理飲料攤販","餐食攤販"],"market_address":"苗栗縣苗栗市建功里成功路１６號１樓","pay_list":null,"pay_tool":null,"行業代號":"561200","行業代號1":"563200","名稱1":"調理飲料攤販","行業代號2":"","名稱2":"","行業代號3":"","名稱3":""},{"index":25,"id":60076985,"user":"楊貴華","shop":"大遠東豆漿大王","category":["餐飲","夜市/市場攤販"],"zone":"桃竹苗","city":"苗栗縣","area":"苗栗市","market_name":["調理飲料攤販","餐食攤販"],"market_address":"苗栗縣苗栗市清華里７鄰爲公路２０３號","pay_list":null,"pay_tool":null,"行業代號":"561200","行業代號1":"563200","名稱1":"調理飲料攤販","行業代號2":"","名稱2":"","行業代號3":"","名稱3":""},{"index":26,"id":60080104,"user":"陳雪美","shop":"美吉商行","category":["餐飲","夜市/市場攤販"],"zone":"桃竹苗","city":"苗栗縣","area":"苗栗市","market_name":["調理飲料攤販","餐食攤販"],"market_address":"苗栗縣苗栗市玉華里４鄰玉清街８０號","pay_list":null,"pay_tool":null,"行業代號":"561200","行業代號1":"563200","名稱1":"調理飲料攤販","行業代號2":"","名稱2":"","行業代號3":"","名稱3":""},{"index":27,"id":60113654,"user":"汪宥逵","shop":"瑞來餐飲店","category":["餐飲","夜市/市場攤販"],"zone":"桃竹苗","city":"苗栗縣","area":"苗栗市","market_name":["調理飲料攤販","餐食攤販"],"market_address":"苗栗縣苗栗市北苗里北苗公有零售市場飲食類店第３７號攤舖位","pay_list":null,"pay_tool":null,"行業代號":"561200","行業代號1":"563200","名稱1":"調理飲料攤販","行業代號2":"","名稱2":"","行業代號3":"","名稱3":""},{"index":28,"id":60124322,"user":"張文誠","shop":"小香港麵店","category":["餐飲","夜市/市場攤販"],"zone":"桃竹苗","city":"苗栗縣","area":"苗栗市","market_name":["調理飲料攤販","餐食攤販"],"market_address":"苗栗縣苗栗市建功里１０鄰中山路２７３號","pay_list":null,"pay_tool":null,"行業代號":"561200","行業代號1":"563200","名稱1":"調理飲料攤販","行業代號2":"","名稱2":"","行業代號3":"","名稱3":""},{"index":29,"id":60125391,"user":"劉孟慈","shop":"醉一醉啤酒屋","category":["餐飲","夜市/市場攤販"],"zone":"桃竹苗","city":"苗栗縣","area":"苗栗市","market_name":["飲酒店","調理飲料攤販","餐食攤販"],"market_address":"苗栗縣苗栗市嘉盛里２６鄰橋頭南１號２樓","pay_list":null,"pay_tool":null,"行業代號":"563114","行業代號1":"561200","名稱1":"餐食攤販","行業代號2":"563200","名稱2":"調理飲料攤販","行業代號3":"","名稱3":""},{"index":30,"id":70001648,"user":"鄭玉廷","shop":"北苗公有零售市場-1","category":"夜市/市場攤販","zone":"桃竹苗","city":"苗栗縣","area":"苗栗市","market_name":"北苗公有零售市場","market_address":"苗栗市中華路45號","pay_list":null,"pay_tool":null,"行業代號":null,"行業代號1":null,"名稱1":null,"行業代號2":null,"名稱2":null,"行業代號3":null,"名稱3":null},{"index":31,"id":70001649,"user":"郭全臻","shop":"北苗公有零售市場-2","category":"夜市/市場攤販","zone":"桃竹苗","city":"苗栗縣","area":"苗栗市","market_name":"北苗公有零售市場","market_address":"苗栗市中華路45號","pay_list":null,"pay_tool":null,"行業代號":null,"行業代號1":null,"名稱1":null,"行業代號2":null,"名稱2":null,"行業代號3":null,"名稱3":null},{"index":32,"id":70001650,"user":"范雲珍","shop":"北苗公有零售市場-3","category":"夜市/市場攤販","zone":"桃竹苗","city":"苗栗縣","area":"苗栗市","market_name":"北苗公有零售市場","market_address":"苗栗市中華路45號","pay_list":null,"pay_tool":null,"行業代號":null,"行業代號1":null,"名稱1":null,"行業代號2":null,"名稱2":null,"行業代號3":null,"名稱3":null},{"index":33,"id":70001651,"user":"江范喜美","shop":"北苗公有零售市場-5","category":"夜市/市場攤販","zone":"桃竹苗","city":"苗栗縣","area":"苗栗市","market_name":"北苗公有零售市場","market_address":"苗栗市中華路45號","pay_list":null,"pay_tool":null,"行業代號":null,"行業代號1":null,"名稱1":null,"行業代號2":null,"名稱2":null,"行業代號3":null,"名稱3":null},{"index":34,"id":70001652,"user":"周依婷","shop":"北苗公有零售市場-6","category":"夜市/市場攤販","zone":"桃竹苗","city":"苗栗縣","area":"苗栗市","market_name":"北苗公有零售市場","market_address":"苗栗市中華路45號","pay_list":null,"pay_tool":null,"行業代號":null,"行業代號1":null,"名稱1":null,"行業代號2":null,"名稱2":null,"行業代號3":null,"名稱3":null},{"index":35,"id":70001653,"user":"張惠玲","shop":"北苗公有零售市場-7","category":"夜市/市場攤販","zone":"桃竹苗","city":"苗栗縣","area":"苗栗市","market_name":"北苗公有零售市場","market_address":"苗栗市中華路45號","pay_list":null,"pay_tool":null,"行業代號":null,"行業代號1":null,"名稱1":null,"行業代號2":null,"名稱2":null,"行業代號3":null,"名稱3":null},{"index":36,"id":70001654,"user":"彭黃善英","shop":"北苗公有零售市場-8","category":"夜市/市場攤販","zone":"桃竹苗","city":"苗栗縣","area":"苗栗市","market_name":"北苗公有零售市場","market_address":"苗栗市中華路45號","pay_list":null,"pay_tool":null,"行業代號":null,"行業代號1":null,"名稱1":null,"行業代號2":null,"名稱2":null,"行業代號3":null,"名稱3":null},{"index":37,"id":70001655,"user":"吳毓爐","shop":"北苗公有零售市場-9","category":"夜市/市場攤販","zone":"桃竹苗","city":"苗栗縣","area":"苗栗市","market_name":"北苗公有零售市場","market_address":"苗栗市中華路45號","pay_list":null,"pay_tool":null,"行業代號":null,"行業代號1":null,"名稱1":null,"行業代號2":null,"名稱2":null,"行業代號3":null,"名稱3":null},{"index":38,"id":70001656,"user":"謝秀琴","shop":"北苗公有零售市場-11","category":"夜市/市場攤販","zone":"桃竹苗","city":"苗栗縣","area":"苗栗市","market_name":"北苗公有零售市場","market_address":"苗栗市中華路45號","pay_list":null,"pay_tool":null,"行業代號":null,"行業代號1":null,"名稱1":null,"行業代號2":null,"名稱2":null,"行業代號3":null,"名稱3":null},{"index":39,"id":70001657,"user":"黃國益","shop":"北苗公有零售市場-12","category":"夜市/市場攤販","zone":"桃竹苗","city":"苗栗縣","area":"苗栗市","market_name":"北苗公有零售市場","market_address":"苗栗市中華路45號","pay_list":null,"pay_tool":null,"行業代號":null,"行業代號1":null,"名稱1":null,"行業代號2":null,"名稱2":null,"行業代號3":null,"名稱3":null},{"index":40,"id":70001658,"user":"施金花","shop":"北苗公有零售市場-13","category":"夜市/市場攤販","zone":"桃竹苗","city":"苗栗縣","area":"苗栗市","market_name":"北苗公有零售市場","market_address":"苗栗市中華路45號","pay_list":null,"pay_tool":null,"行業代號":null,"行業代號1":null,"名稱1":null,"行業代號2":null,"名稱2":null,"行業代號3":null,"名稱3":null},{"index":41,"id":70001659,"user":"劉鶯橋","shop":"北苗公有零售市場-15","category":"夜市/市場攤販","zone":"桃竹苗","city":"苗栗縣","area":"苗栗市","market_name":"北苗公有零售市場","market_address":"苗栗市中華路45號","pay_list":null,"pay_tool":null,"行業代號":null,"行業代號1":null,"名稱1":null,"行業代號2":null,"名稱2":null,"行業代號3":null,"名稱3":null},{"index":42,"id":70001660,"user":"林志鴻","shop":"北苗公有零售市場-16","category":"夜市/市場攤販","zone":"桃竹苗","city":"苗栗縣","area":"苗栗市","market_name":"北苗公有零售市場","market_address":"苗栗市中華路45號","pay_list":null,"pay_tool":null,"行業代號":null,"行業代號1":null,"名稱1":null,"行業代號2":null,"名稱2":null,"行業代號3":null,"名稱3":null},{"index":43,"id":70001661,"user":"蕭淑惠","shop":"北苗公有零售市場-17","category":"夜市/市場攤販","zone":"桃竹苗","city":"苗栗縣","area":"苗栗市","market_name":"北苗公有零售市場","market_address":"苗栗市中華路45號","pay_list":null,"pay_tool":null,"行業代號":null,"行業代號1":null,"名稱1":null,"行業代號2":null,"名稱2":null,"行業代號3":null,"名稱3":null},{"index":44,"id":70001662,"user":"黃蕭錦玉","shop":"北苗公有零售市場-18","category":"夜市/市場攤販","zone":"桃竹苗","city":"苗栗縣","area":"苗栗市","market_name":"北苗公有零售市場","market_address":"苗栗市中華路45號","pay_list":null,"pay_tool":null,"行業代號":null,"行業代號1":null,"名稱1":null,"行業代號2":null,"名稱2":null,"行業代號3":null,"名稱3":null},{"index":45,"id":70001663,"user":"林玉蓮","shop":"北苗公有零售市場-19","category":"夜市/市場攤販","zone":"桃竹苗","city":"苗栗縣","area":"苗栗市","market_name":"北苗公有零售市場","market_address":"苗栗市中華路45號","pay_list":null,"pay_tool":null,"行業代號":null,"行業代號1":null,"名稱1":null,"行業代號2":null,"名稱2":null,"行業代號3":null,"名稱3":null},{"index":46,"id":70001664,"user":"徐雅萍","shop":"北苗公有零售市場-20","category":"夜市/市場攤販","zone":"桃竹苗","city":"苗栗縣","area":"苗栗市","market_name":"北苗公有零售市場","market_address":"苗栗市中華路45號","pay_list":null,"pay_tool":null,"行業代號":null,"行業代號1":null,"名稱1":null,"行業代號2":null,"名稱2":null,"行業代號3":null,"名稱3":null},{"index":47,"id":70001665,"user":"林張玉竹","shop":"北苗公有零售市場-21","category":"夜市/市場攤販","zone":"桃竹苗","city":"苗栗縣","area":"苗栗市","market_name":"北苗公有零售市場","market_address":"苗栗市中華路45號","pay_list":null,"pay_tool":null,"行業代號":null,"行業代號1":null,"名稱1":null,"行業代號2":null,"名稱2":null,"行業代號3":null,"名稱3":null},{"index":48,"id":70001666,"user":"張碧蓮","shop":"北苗公有零售市場-22","category":"夜市/市場攤販","zone":"桃竹苗","city":"苗栗縣","area":"苗栗市","market_name":"北苗公有零售市場","market_address":"苗栗市中華路45號","pay_list":null,"pay_tool":null,"行業代號":null,"行業代號1":null,"名稱1":null,"行業代號2":null,"名稱2":null,"行業代號3":null,"名稱3":null},{"index":49,"id":70001667,"user":"陳秋香","shop":"北苗公有零售市場-23","category":"夜市/市場攤販","zone":"桃竹苗","city":"苗栗縣","area":"苗栗市","market_name":"北苗公有零售市場","market_address":"苗栗市中華路45號","pay_list":null,"pay_tool":null,"行業代號":null,"行業代號1":null,"名稱1":null,"行業代號2":null,"名稱2":null,"行業代號3":null,"名稱3":null},{"index":50,"id":70001668,"user":"黃傅玉蘭","shop":"北苗公有零售市場-25","category":"夜市/市場攤販","zone":"桃竹苗","city":"苗栗縣","area":"苗栗市","market_name":"北苗公有零售市場","market_address":"苗栗市中華路45號","pay_list":null,"pay_tool":null,"行業代號":null,"行業代號1":null,"名稱1":null,"行業代號2":null,"名稱2":null,"行業代號3":null,"名稱3":null},{"index":51,"id":70001669,"user":"呂孟蓉","shop":"北苗公有零售市場-26","category":"夜市/市場攤販","zone":"桃竹苗","city":"苗栗縣","area":"苗栗市","market_name":"北苗公有零售市場","market_address":"苗栗市中華路45號","pay_list":null,"pay_tool":null,"行業代號":null,"行業代號1":null,"名稱1":null,"行業代號2":null,"名稱2":null,"行業代號3":null,"名稱3":null},{"index":52,"id":70001670,"user":"陳國宏","shop":"北苗公有零售市場-27","category":"夜市/市場攤販","zone":"桃竹苗","city":"苗栗縣","area":"苗栗市","market_name":"北苗公有零售市場","market_address":"苗栗市中華路45號","pay_list":null,"pay_tool":null,"行業代號":null,"行業代號1":null,"名稱1":null,"行業代號2":null,"名稱2":null,"行業代號3":null,"名稱3":null},{"index":53,"id":70001671,"user":"陳瑞櫻","shop":"北苗公有零售市場-28","category":"夜市/市場攤販","zone":"桃竹苗","city":"苗栗縣","area":"苗栗市","market_name":"北苗公有零售市場","market_address":"苗栗市中華路45號","pay_list":null,"pay_tool":null,"行業代號":null,"行業代號1":null,"名稱1":null,"行業代號2":null,"名稱2":null,"行業代號3":null,"名稱3":null},{"index":54,"id":70001672,"user":"黃廷美","shop":"北苗公有零售市場-29","category":"夜市/市場攤販","zone":"桃竹苗","city":"苗栗縣","area":"苗栗市","market_name":"北苗公有零售市場","market_address":"苗栗市中華路45號","pay_list":null,"pay_tool":null,"行業代號":null,"行業代號1":null,"名稱1":null,"行業代號2":null,"名稱2":null,"行業代號3":null,"名稱3":null},{"index":55,"id":70001673,"user":"朱倪玉英","shop":"北苗公有零售市場-30","category":"夜市/市場攤販","zone":"桃竹苗","city":"苗栗縣","area":"苗栗市","market_name":"北苗公有零售市場","market_address":"苗栗市中華路45號","pay_list":null,"pay_tool":null,"行業代號":null,"行業代號1":null,"名稱1":null,"行業代號2":null,"名稱2":null,"行業代號3":null,"名稱3":null},{"index":56,"id":70001674,"user":"蕭渙儒","shop":"北苗公有零售市場-31","category":"夜市/市場攤販","zone":"桃竹苗","city":"苗栗縣","area":"苗栗市","market_name":"北苗公有零售市場","market_address":"苗栗市中華路45號","pay_list":null,"pay_tool":null,"行業代號":null,"行業代號1":null,"名稱1":null,"行業代號2":null,"名稱2":null,"行業代號3":null,"名稱3":null},{"index":57,"id":70001675,"user":"江東祥","shop":"北苗公有零售市場-32","category":"夜市/市場攤販","zone":"桃竹苗","city":"苗栗縣","area":"苗栗市","market_name":"北苗公有零售市場","market_address":"苗栗市中華路45號","pay_list":null,"pay_tool":null,"行業代號":null,"行業代號1":null,"名稱1":null,"行業代號2":null,"名稱2":null,"行業代號3":null,"名稱3":null},{"index":58,"id":70001676,"user":"王美香","shop":"北苗公有零售市場-33","category":"夜市/市場攤販","zone":"桃竹苗","city":"苗栗縣","area":"苗栗市","market_name":"北苗公有零售市場","market_address":"苗栗市中華路45號","pay_list":null,"pay_tool":null,"行業代號":null,"行業代號1":null,"名稱1":null,"行業代號2":null,"名稱2":null,"行業代號3":null,"名稱3":null},{"index":59,"id":70001677,"user":"吳佳芳","shop":"北苗公有零售市場-35","category":"夜市/市場攤販","zone":"桃竹苗","city":"苗栗縣","area":"苗栗市","market_name":"北苗公有零售市場","market_address":"苗栗市中華路45號","pay_list":null,"pay_tool":null,"行業代號":null,"行業代號1":null,"名稱1":null,"行業代號2":null,"名稱2":null,"行業代號3":null,"名稱3":null},{"index":60,"id":70001678,"user":"傅黃彩榮","shop":"北苗公有零售市場-39","category":"夜市/市場攤販","zone":"桃竹苗","city":"苗栗縣","area":"苗栗市","market_name":"北苗公有零售市場","market_address":"苗栗市中華路45號","pay_list":null,"pay_tool":null,"行業代號":null,"行業代號1":null,"名稱1":null,"行業代號2":null,"名稱2":null,"行業代號3":null,"名稱3":null},{"index":61,"id":70001679,"user":"邱新時","shop":"北苗公有零售市場-40","category":"夜市/市場攤販","zone":"桃竹苗","city":"苗栗縣","area":"苗栗市","market_name":"北苗公有零售市場","market_address":"苗栗市中華路45號","pay_list":null,"pay_tool":null,"行業代號":null,"行業代號1":null,"名稱1":null,"行業代號2":null,"名稱2":null,"行業代號3":null,"名稱3":null},{"index":62,"id":70001680,"user":"徐美梅","shop":"北苗公有零售市場-41","category":"夜市/市場攤販","zone":"桃竹苗","city":"苗栗縣","area":"苗栗市","market_name":"北苗公有零售市場","market_address":"苗栗市中華路45號","pay_list":null,"pay_tool":null,"行業代號":null,"行業代號1":null,"名稱1":null,"行業代號2":null,"名稱2":null,"行業代號3":null,"名稱3":null},{"index":63,"id":70001681,"user":"彭詹秀雲","shop":"北苗公有零售市場-42","category":"夜市/市場攤販","zone":"桃竹苗","city":"苗栗縣","area":"苗栗市","market_name":"北苗公有零售市場","market_address":"苗栗市中華路45號","pay_list":null,"pay_tool":null,"行業代號":null,"行業代號1":null,"名稱1":null,"行業代號2":null,"名稱2":null,"行業代號3":null,"名稱3":null},{"index":64,"id":70001682,"user":"湯碧玉","shop":"北苗公有零售市場-43","category":"夜市/市場攤販","zone":"桃竹苗","city":"苗栗縣","area":"苗栗市","market_name":"北苗公有零售市場","market_address":"苗栗市中華路45號","pay_list":null,"pay_tool":null,"行業代號":null,"行業代號1":null,"名稱1":null,"行業代號2":null,"名稱2":null,"行業代號3":null,"名稱3":null},{"index":65,"id":70001683,"user":"羅徐月蘭","shop":"北苗公有零售市場-45","category":"夜市/市場攤販","zone":"桃竹苗","city":"苗栗縣","area":"苗栗市","market_name":"北苗公有零售市場","market_address":"苗栗市中華路45號","pay_list":null,"pay_tool":null,"行業代號":null,"行業代號1":null,"名稱1":null,"行業代號2":null,"名稱2":null,"行業代號3":null,"名稱3":null},{"index":66,"id":70001684,"user":"梁梅英","shop":"北苗公有零售市場-46","category":"夜市/市場攤販","zone":"桃竹苗","city":"苗栗縣","area":"苗栗市","market_name":"北苗公有零售市場","market_address":"苗栗市中華路45號","pay_list":null,"pay_tool":null,"行業代號":null,"行業代號1":null,"名稱1":null,"行業代號2":null,"名稱2":null,"行業代號3":null,"名稱3":null},{"index":67,"id":70001685,"user":"陳張壬英","shop":"北苗公有零售市場-47","category":"夜市/市場攤販","zone":"桃竹苗","city":"苗栗縣","area":"苗栗市","market_name":"北苗公有零售市場","market_address":"苗栗市中華路45號","pay_list":null,"pay_tool":null,"行業代號":null,"行業代號1":null,"名稱1":null,"行業代號2":null,"名稱2":null,"行業代號3":null,"名稱3":null},{"index":68,"id":70001686,"user":"黃陳秋妹","shop":"北苗公有零售市場-48","category":"夜市/市場攤販","zone":"桃竹苗","city":"苗栗縣","area":"苗栗市","market_name":"北苗公有零售市場","market_address":"苗栗市中華路45號","pay_list":null,"pay_tool":null,"行業代號":null,"行業代號1":null,"名稱1":null,"行業代號2":null,"名稱2":null,"行業代號3":null,"名稱3":null},{"index":69,"id":70001687,"user":"陳紹琳","shop":"北苗公有零售市場-49","category":"夜市/市場攤販","zone":"桃竹苗","city":"苗栗縣","area":"苗栗市","market_name":"北苗公有零售市場","market_address":"苗栗市中華路45號","pay_list":null,"pay_tool":null,"行業代號":null,"行業代號1":null,"名稱1":null,"行業代號2":null,"名稱2":null,"行業代號3":null,"名稱3":null},{"index":70,"id":70001688,"user":"劉奕成","shop":"北苗公有零售市場-50","category":"夜市/市場攤販","zone":"桃竹苗","city":"苗栗縣","area":"苗栗市","market_name":"北苗公有零售市場","market_address":"苗栗市中華路45號","pay_list":null,"pay_tool":null,"行業代號":null,"行業代號1":null,"名稱1":null,"行業代號2":null,"名稱2":null,"行業代號3":null,"名稱3":null},{"index":71,"id":70001689,"user":"賴萬枝","shop":"北苗公有零售市場-51","category":"夜市/市場攤販","zone":"桃竹苗","city":"苗栗縣","area":"苗栗市","market_name":"北苗公有零售市場","market_address":"苗栗市中華路45號","pay_list":null,"pay_tool":null,"行業代號":null,"行業代號1":null,"名稱1":null,"行業代號2":null,"名稱2":null,"行業代號3":null,"名稱3":null},{"index":72,"id":70001690,"user":"陳郎騰","shop":"北苗公有零售市場-52","category":"夜市/市場攤販","zone":"桃竹苗","city":"苗栗縣","area":"苗栗市","market_name":"北苗公有零售市場","market_address":"苗栗市中華路45號","pay_list":null,"pay_tool":null,"行業代號":null,"行業代號1":null,"名稱1":null,"行業代號2":null,"名稱2":null,"行業代號3":null,"名稱3":null},{"index":73,"id":70001691,"user":"黃秀珠","shop":"北苗公有零售市場-53","category":"夜市/市場攤販","zone":"桃竹苗","city":"苗栗縣","area":"苗栗市","market_name":"北苗公有零售市場","market_address":"苗栗市中華路45號","pay_list":null,"pay_tool":null,"行業代號":null,"行業代號1":null,"名稱1":null,"行業代號2":null,"名稱2":null,"行業代號3":null,"名稱3":null},{"index":74,"id":70001692,"user":"賴春明","shop":"北苗公有零售市場-56","category":"夜市/市場攤販","zone":"桃竹苗","city":"苗栗縣","area":"苗栗市","market_name":"北苗公有零售市場","market_address":"苗栗市中華路45號","pay_list":null,"pay_tool":null,"行業代號":null,"行業代號1":null,"名稱1":null,"行業代號2":null,"名稱2":null,"行業代號3":null,"名稱3":null},{"index":75,"id":70001693,"user":"劉廷炎","shop":"北苗公有零售市場-57","category":"夜市/市場攤販","zone":"桃竹苗","city":"苗栗縣","area":"苗栗市","market_name":"北苗公有零售市場","market_address":"苗栗市中華路45號","pay_list":null,"pay_tool":null,"行業代號":null,"行業代號1":null,"名稱1":null,"行業代號2":null,"名稱2":null,"行業代號3":null,"名稱3":null},{"index":76,"id":70001694,"user":"林月裡","shop":"北苗公有零售市場-58","category":"夜市/市場攤販","zone":"桃竹苗","city":"苗栗縣","area":"苗栗市","market_name":"北苗公有零售市場","market_address":"苗栗市中華路45號","pay_list":null,"pay_tool":null,"行業代號":null,"行業代號1":null,"名稱1":null,"行業代號2":null,"名稱2":null,"行業代號3":null,"名稱3":null},{"index":77,"id":70001695,"user":"郭秀梅","shop":"北苗公有零售市場-59","category":"夜市/市場攤販","zone":"桃竹苗","city":"苗栗縣","area":"苗栗市","market_name":"北苗公有零售市場","market_address":"苗栗市中華路45號","pay_list":null,"pay_tool":null,"行業代號":null,"行業代號1":null,"名稱1":null,"行業代號2":null,"名稱2":null,"行業代號3":null,"名稱3":null},{"index":78,"id":70001696,"user":"陳玉娟","shop":"北苗公有零售市場-60","category":"夜市/市場攤販","zone":"桃竹苗","city":"苗栗縣","area":"苗栗市","market_name":"北苗公有零售市場","market_address":"苗栗市中華路45號","pay_list":null,"pay_tool":null,"行業代號":null,"行業代號1":null,"名稱1":null,"行業代號2":null,"名稱2":null,"行業代號3":null,"名稱3":null},{"index":79,"id":70001697,"user":"黃水聰","shop":"北苗公有零售市場-61","category":"夜市/市場攤販","zone":"桃竹苗","city":"苗栗縣","area":"苗栗市","market_name":"北苗公有零售市場","market_address":"苗栗市中華路45號","pay_list":null,"pay_tool":null,"行業代號":null,"行業代號1":null,"名稱1":null,"行業代號2":null,"名稱2":null,"行業代號3":null,"名稱3":null},{"index":80,"id":70001698,"user":"黃賴貴","shop":"北苗公有零售市場-62","category":"夜市/市場攤販","zone":"桃竹苗","city":"苗栗縣","area":"苗栗市","market_name":"北苗公有零售市場","market_address":"苗栗市中華路45號","pay_list":null,"pay_tool":null,"行業代號":null,"行業代號1":null,"名稱1":null,"行業代號2":null,"名稱2":null,"行業代號3":null,"名稱3":null},{"index":81,"id":70001699,"user":"王君嶧","shop":"北苗公有零售市場-63","category":"夜市/市場攤販","zone":"桃竹苗","city":"苗栗縣","area":"苗栗市","market_name":"北苗公有零售市場","market_address":"苗栗市中華路45號","pay_list":null,"pay_tool":null,"行業代號":null,"行業代號1":null,"名稱1":null,"行業代號2":null,"名稱2":null,"行業代號3":null,"名稱3":null},{"index":82,"id":70001700,"user":"黃麗月","shop":"北苗公有零售市場-65","category":"夜市/市場攤販","zone":"桃竹苗","city":"苗栗縣","area":"苗栗市","market_name":"北苗公有零售市場","market_address":"苗栗市中華路45號","pay_list":null,"pay_tool":null,"行業代號":null,"行業代號1":null,"名稱1":null,"行業代號2":null,"名稱2":null,"行業代號3":null,"名稱3":null},{"index":83,"id":70001701,"user":"羅國勇","shop":"北苗公有零售市場-66","category":"夜市/市場攤販","zone":"桃竹苗","city":"苗栗縣","area":"苗栗市","market_name":"北苗公有零售市場","market_address":"苗栗市中華路45號","pay_list":null,"pay_tool":null,"行業代號":null,"行業代號1":null,"名稱1":null,"行業代號2":null,"名稱2":null,"行業代號3":null,"名稱3":null},{"index":84,"id":70001702,"user":"劉秀蘭","shop":"北苗公有零售市場-67","category":"夜市/市場攤販","zone":"桃竹苗","city":"苗栗縣","area":"苗栗市","market_name":"北苗公有零售市場","market_address":"苗栗市中華路45號","pay_list":null,"pay_tool":null,"行業代號":null,"行業代號1":null,"名稱1":null,"行業代號2":null,"名稱2":null,"行業代號3":null,"名稱3":null},{"index":85,"id":70001703,"user":"戴凱莉","shop":"北苗公有零售市場-68","category":"夜市/市場攤販","zone":"桃竹苗","city":"苗栗縣","area":"苗栗市","market_name":"北苗公有零售市場","market_address":"苗栗市中華路45號","pay_list":null,"pay_tool":null,"行業代號":null,"行業代號1":null,"名稱1":null,"行業代號2":null,"名稱2":null,"行業代號3":null,"名稱3":null},{"index":86,"id":70001704,"user":"范碧鳳","shop":"北苗公有零售市場-69","category":"夜市/市場攤販","zone":"桃竹苗","city":"苗栗縣","area":"苗栗市","market_name":"北苗公有零售市場","market_address":"苗栗市中華路45號","pay_list":null,"pay_tool":null,"行業代號":null,"行業代號1":null,"名稱1":null,"行業代號2":null,"名稱2":null,"行業代號3":null,"名稱3":null},{"index":87,"id":70001705,"user":"楊國憲","shop":"北苗公有零售市場-70","category":"夜市/市場攤販","zone":"桃竹苗","city":"苗栗縣","area":"苗栗市","market_name":"北苗公有零售市場","market_address":"苗栗市中華路45號","pay_list":null,"pay_tool":null,"行業代號":null,"行業代號1":null,"名稱1":null,"行業代號2":null,"名稱2":null,"行業代號3":null,"名稱3":null},{"index":88,"id":70001706,"user":"鍾佳均","shop":"北苗公有零售市場-71","category":"夜市/市場攤販","zone":"桃竹苗","city":"苗栗縣","area":"苗栗市","market_name":"北苗公有零售市場","market_address":"苗栗市中華路45號","pay_list":null,"pay_tool":null,"行業代號":null,"行業代號1":null,"名稱1":null,"行業代號2":null,"名稱2":null,"行業代號3":null,"名稱3":null},{"index":89,"id":70001707,"user":"傅吳秀娥","shop":"北苗公有零售市場-72","category":"夜市/市場攤販","zone":"桃竹苗","city":"苗栗縣","area":"苗栗市","market_name":"北苗公有零售市場","market_address":"苗栗市中華路45號","pay_list":null,"pay_tool":null,"行業代號":null,"行業代號1":null,"名稱1":null,"行業代號2":null,"名稱2":null,"行業代號3":null,"名稱3":null},{"index":90,"id":70001708,"user":"羅劉春妹","shop":"北苗公有零售市場-73","category":"夜市/市場攤販","zone":"桃竹苗","city":"苗栗縣","area":"苗栗市","market_name":"北苗公有零售市場","market_address":"苗栗市中華路45號","pay_list":null,"pay_tool":null,"行業代號":null,"行業代號1":null,"名稱1":null,"行業代號2":null,"名稱2":null,"行業代號3":null,"名稱3":null},{"index":91,"id":70001709,"user":"葉秀宏","shop":"北苗公有零售市場-75","category":"夜市/市場攤販","zone":"桃竹苗","city":"苗栗縣","area":"苗栗市","market_name":"北苗公有零售市場","market_address":"苗栗市中華路45號","pay_list":null,"pay_tool":null,"行業代號":null,"行業代號1":null,"名稱1":null,"行業代號2":null,"名稱2":null,"行業代號3":null,"名稱3":null},{"index":92,"id":70001710,"user":"謝錦輝","shop":"北苗公有零售市場-76","category":"夜市/市場攤販","zone":"桃竹苗","city":"苗栗縣","area":"苗栗市","market_name":"北苗公有零售市場","market_address":"苗栗市中華路45號","pay_list":null,"pay_tool":null,"行業代號":null,"行業代號1":null,"名稱1":null,"行業代號2":null,"名稱2":null,"行業代號3":null,"名稱3":null},{"index":93,"id":70001711,"user":"林李金里","shop":"北苗公有零售市場-77","category":"夜市/市場攤販","zone":"桃竹苗","city":"苗栗縣","area":"苗栗市","market_name":"北苗公有零售市場","market_address":"苗栗市中華路45號","pay_list":null,"pay_tool":null,"行業代號":null,"行業代號1":null,"名稱1":null,"行業代號2":null,"名稱2":null,"行業代號3":null,"名稱3":null},{"index":94,"id":70001712,"user":"李秋雲","shop":"北苗公有零售市場-78","category":"夜市/市場攤販","zone":"桃竹苗","city":"苗栗縣","area":"苗栗市","market_name":"北苗公有零售市場","market_address":"苗栗市中華路45號","pay_list":null,"pay_tool":null,"行業代號":null,"行業代號1":null,"名稱1":null,"行業代號2":null,"名稱2":null,"行業代號3":null,"名稱3":null},{"index":95,"id":70001713,"user":"謝秋龍","shop":"北苗公有零售市場-79","category":"夜市/市場攤販","zone":"桃竹苗","city":"苗栗縣","area":"苗栗市","market_name":"北苗公有零售市場","market_address":"苗栗市中華路45號","pay_list":null,"pay_tool":null,"行業代號":null,"行業代號1":null,"名稱1":null,"行業代號2":null,"名稱2":null,"行業代號3":null,"名稱3":null},{"index":96,"id":70001714,"user":"劉詹秋香","shop":"北苗公有零售市場-80","category":"夜市/市場攤販","zone":"桃竹苗","city":"苗栗縣","area":"苗栗市","market_name":"北苗公有零售市場","market_address":"苗栗市中華路45號","pay_list":null,"pay_tool":null,"行業代號":null,"行業代號1":null,"名稱1":null,"行業代號2":null,"名稱2":null,"行業代號3":null,"名稱3":null},{"index":97,"id":70001715,"user":"吳張秀霞","shop":"北苗公有零售市場-81","category":"夜市/市場攤販","zone":"桃竹苗","city":"苗栗縣","area":"苗栗市","market_name":"北苗公有零售市場","market_address":"苗栗市中華路45號","pay_list":null,"pay_tool":null,"行業代號":null,"行業代號1":null,"名稱1":null,"行業代號2":null,"名稱2":null,"行業代號3":null,"名稱3":null},{"index":98,"id":70001716,"user":"徐文雄","shop":"北苗公有零售市場-82","category":"夜市/市場攤販","zone":"桃竹苗","city":"苗栗縣","area":"苗栗市","market_name":"北苗公有零售市場","market_address":"苗栗市中華路45號","pay_list":null,"pay_tool":null,"行業代號":null,"行業代號1":null,"名稱1":null,"行業代號2":null,"名稱2":null,"行業代號3":null,"名稱3":null},{"index":99,"id":70001717,"user":"邱士銘","shop":"北苗公有零售市場-83","category":"夜市/市場攤販","zone":"桃竹苗","city":"苗栗縣","area":"苗栗市","market_name":"北苗公有零售市場","market_address":"苗栗市中華路45號","pay_list":null,"pay_tool":null,"行業代號":null,"行業代號1":null,"名稱1":null,"行業代號2":null,"名稱2":null,"行業代號3":null,"名稱3":null},{"index":100,"id":70001718,"user":"鍾凱雯","shop":"北苗公有零售市場-85","category":"夜市/市場攤販","zone":"桃竹苗","city":"苗栗縣","area":"苗栗市","market_name":"北苗公有零售市場","market_address":"苗栗市中華路45號","pay_list":null,"pay_tool":null,"行業代號":null,"行業代號1":null,"名稱1":null,"行業代號2":null,"名稱2":null,"行業代號3":null,"名稱3":null},{"index":101,"id":70001719,"user":"羅秀美","shop":"北苗公有零售市場-86","category":"夜市/市場攤販","zone":"桃竹苗","city":"苗栗縣","area":"苗栗市","market_name":"北苗公有零售市場","market_address":"苗栗市中華路45號","pay_list":null,"pay_tool":null,"行業代號":null,"行業代號1":null,"名稱1":null,"行業代號2":null,"名稱2":null,"行業代號3":null,"名稱3":null},{"index":102,"id":70001720,"user":"邱添財","shop":"北苗公有零售市場-87","category":"夜市/市場攤販","zone":"桃竹苗","city":"苗栗縣","area":"苗栗市","market_name":"北苗公有零售市場","market_address":"苗栗市中華路45號","pay_list":null,"pay_tool":null,"行業代號":null,"行業代號1":null,"名稱1":null,"行業代號2":null,"名稱2":null,"行業代號3":null,"名稱3":null},{"index":103,"id":70001721,"user":"黃光偉","shop":"北苗公有零售市場-88","category":"夜市/市場攤販","zone":"桃竹苗","city":"苗栗縣","area":"苗栗市","market_name":"北苗公有零售市場","market_address":"苗栗市中華路45號","pay_list":null,"pay_tool":null,"行業代號":null,"行業代號1":null,"名稱1":null,"行業代號2":null,"名稱2":null,"行業代號3":null,"名稱3":null},{"index":104,"id":70001722,"user":"曾喜德","shop":"北苗公有零售市場-89","category":"夜市/市場攤販","zone":"桃竹苗","city":"苗栗縣","area":"苗栗市","market_name":"北苗公有零售市場","market_address":"苗栗市中華路45號","pay_list":null,"pay_tool":null,"行業代號":null,"行業代號1":null,"名稱1":null,"行業代號2":null,"名稱2":null,"行業代號3":null,"名稱3":null},{"index":105,"id":70001723,"user":"李香蘭","shop":"北苗公有零售市場-90","category":"夜市/市場攤販","zone":"桃竹苗","city":"苗栗縣","area":"苗栗市","market_name":"北苗公有零售市場","market_address":"苗栗市中華路45號","pay_list":null,"pay_tool":null,"行業代號":null,"行業代號1":null,"名稱1":null,"行業代號2":null,"名稱2":null,"行業代號3":null,"名稱3":null},{"index":106,"id":70001724,"user":"邱瑞祥","shop":"北苗公有零售市場-93","category":"夜市/市場攤販","zone":"桃竹苗","city":"苗栗縣","area":"苗栗市","market_name":"北苗公有零售市場","market_address":"苗栗市中華路45號","pay_list":null,"pay_tool":null,"行業代號":null,"行業代號1":null,"名稱1":null,"行業代號2":null,"名稱2":null,"行業代號3":null,"名稱3":null},{"index":107,"id":70001725,"user":"羅國基","shop":"北苗公有零售市場-95","category":"夜市/市場攤販","zone":"桃竹苗","city":"苗栗縣","area":"苗栗市","market_name":"北苗公有零售市場","market_address":"苗栗市中華路45號","pay_list":null,"pay_tool":null,"行業代號":null,"行業代號1":null,"名稱1":null,"行業代號2":null,"名稱2":null,"行業代號3":null,"名稱3":null},{"index":108,"id":70001726,"user":"范文?","shop":"北苗公有零售市場-97","category":"夜市/市場攤販","zone":"桃竹苗","city":"苗栗縣","area":"苗栗市","market_name":"北苗公有零售市場","market_address":"苗栗市中華路45號","pay_list":null,"pay_tool":null,"行業代號":null,"行業代號1":null,"名稱1":null,"行業代號2":null,"名稱2":null,"行業代號3":null,"名稱3":null},{"index":109,"id":70001727,"user":"黃福全","shop":"北苗公有零售市場-99","category":"夜市/市場攤販","zone":"桃竹苗","city":"苗栗縣","area":"苗栗市","market_name":"北苗公有零售市場","market_address":"苗栗市中華路45號","pay_list":null,"pay_tool":null,"行業代號":null,"行業代號1":null,"名稱1":null,"行業代號2":null,"名稱2":null,"行業代號3":null,"名稱3":null},{"index":110,"id":70001728,"user":"葉瑞蓉","shop":"北苗公有零售市場-100","category":"夜市/市場攤販","zone":"桃竹苗","city":"苗栗縣","area":"苗栗市","market_name":"北苗公有零售市場","market_address":"苗栗市中華路45號","pay_list":null,"pay_tool":null,"行業代號":null,"行業代號1":null,"名稱1":null,"行業代號2":null,"名稱2":null,"行業代號3":null,"名稱3":null},{"index":111,"id":70001729,"user":"黃麗君","shop":"北苗公有零售市場-101","category":"夜市/市場攤販","zone":"桃竹苗","city":"苗栗縣","area":"苗栗市","market_name":"北苗公有零售市場","market_address":"苗栗市中華路45號","pay_list":null,"pay_tool":null,"行業代號":null,"行業代號1":null,"名稱1":null,"行業代號2":null,"名稱2":null,"行業代號3":null,"名稱3":null},{"index":112,"id":70001730,"user":"劉蔭棠","shop":"北苗公有零售市場-102","category":"夜市/市場攤販","zone":"桃竹苗","city":"苗栗縣","area":"苗栗市","market_name":"北苗公有零售市場","market_address":"苗栗市中華路45號","pay_list":null,"pay_tool":null,"行業代號":null,"行業代號1":null,"名稱1":null,"行業代號2":null,"名稱2":null,"行業代號3":null,"名稱3":null},{"index":113,"id":70001731,"user":"陳周玉","shop":"北苗公有零售市場-103","category":"夜市/市場攤販","zone":"桃竹苗","city":"苗栗縣","area":"苗栗市","market_name":"北苗公有零售市場","market_address":"苗栗市中華路45號","pay_list":null,"pay_tool":null,"行業代號":null,"行業代號1":null,"名稱1":null,"行業代號2":null,"名稱2":null,"行業代號3":null,"名稱3":null},{"index":114,"id":70001732,"user":"邱鳳珍","shop":"北苗公有零售市場-105","category":"夜市/市場攤販","zone":"桃竹苗","city":"苗栗縣","area":"苗栗市","market_name":"北苗公有零售市場","market_address":"苗栗市中華路45號","pay_list":null,"pay_tool":null,"行業代號":null,"行業代號1":null,"名稱1":null,"行業代號2":null,"名稱2":null,"行業代號3":null,"名稱3":null},{"index":115,"id":70001733,"user":"彭美香","shop":"北苗公有零售市場-106","category":"夜市/市場攤販","zone":"桃竹苗","city":"苗栗縣","area":"苗栗市","market_name":"北苗公有零售市場","market_address":"苗栗市中華路45號","pay_list":null,"pay_tool":null,"行業代號":null,"行業代號1":null,"名稱1":null,"行業代號2":null,"名稱2":null,"行業代號3":null,"名稱3":null},{"index":116,"id":70001734,"user":"黃月君","shop":"北苗公有零售市場-107","category":"夜市/市場攤販","zone":"桃竹苗","city":"苗栗縣","area":"苗栗市","market_name":"北苗公有零售市場","market_address":"苗栗市中華路45號","pay_list":null,"pay_tool":null,"行業代號":null,"行業代號1":null,"名稱1":null,"行業代號2":null,"名稱2":null,"行業代號3":null,"名稱3":null},{"index":117,"id":70001735,"user":"何榮秀","shop":"北苗公有零售市場-109","category":"夜市/市場攤販","zone":"桃竹苗","city":"苗栗縣","area":"苗栗市","market_name":"北苗公有零售市場","market_address":"苗栗市中華路45號","pay_list":null,"pay_tool":null,"行業代號":null,"行業代號1":null,"名稱1":null,"行業代號2":null,"名稱2":null,"行業代號3":null,"名稱3":null},{"index":118,"id":70001736,"user":"鍾玉嬌","shop":"北苗公有零售市場-110","category":"夜市/市場攤販","zone":"桃竹苗","city":"苗栗縣","area":"苗栗市","market_name":"北苗公有零售市場","market_address":"苗栗市中華路45號","pay_list":null,"pay_tool":null,"行業代號":null,"行業代號1":null,"名稱1":null,"行業代號2":null,"名稱2":null,"行業代號3":null,"名稱3":null},{"index":119,"id":70001737,"user":"林靜妹","shop":"北苗公有零售市場-111","category":"夜市/市場攤販","zone":"桃竹苗","city":"苗栗縣","area":"苗栗市","market_name":"北苗公有零售市場","market_address":"苗栗市中華路45號","pay_list":null,"pay_tool":null,"行業代號":null,"行業代號1":null,"名稱1":null,"行業代號2":null,"名稱2":null,"行業代號3":null,"名稱3":null},{"index":120,"id":70001738,"user":"莊鳳珍","shop":"北苗公有零售市場-113","category":"夜市/市場攤販","zone":"桃竹苗","city":"苗栗縣","area":"苗栗市","market_name":"北苗公有零售市場","market_address":"苗栗市中華路45號","pay_list":null,"pay_tool":null,"行業代號":null,"行業代號1":null,"名稱1":null,"行業代號2":null,"名稱2":null,"行業代號3":null,"名稱3":null},{"index":121,"id":70001739,"user":"羅佩青","shop":"北苗公有零售市場-115","category":"夜市/市場攤販","zone":"桃竹苗","city":"苗栗縣","area":"苗栗市","market_name":"北苗公有零售市場","market_address":"苗栗市中華路45號","pay_list":null,"pay_tool":null,"行業代號":null,"行業代號1":null,"名稱1":null,"行業代號2":null,"名稱2":null,"行業代號3":null,"名稱3":null},{"index":122,"id":70001740,"user":"顏俊溢","shop":"北苗公有零售市場-120","category":"夜市/市場攤販","zone":"桃竹苗","city":"苗栗縣","area":"苗栗市","market_name":"北苗公有零售市場","market_address":"苗栗市中華路45號","pay_list":null,"pay_tool":null,"行業代號":null,"行業代號1":null,"名稱1":null,"行業代號2":null,"名稱2":null,"行業代號3":null,"名稱3":null},{"index":123,"id":70001741,"user":"孫國珠","shop":"北苗公有零售市場-121","category":"夜市/市場攤販","zone":"桃竹苗","city":"苗栗縣","area":"苗栗市","market_name":"北苗公有零售市場","market_address":"苗栗市中華路45號","pay_list":null,"pay_tool":null,"行業代號":null,"行業代號1":null,"名稱1":null,"行業代號2":null,"名稱2":null,"行業代號3":null,"名稱3":null},{"index":124,"id":70001742,"user":"劉玉珍","shop":"北苗公有零售市場-122","category":"夜市/市場攤販","zone":"桃竹苗","city":"苗栗縣","area":"苗栗市","market_name":"北苗公有零售市場","market_address":"苗栗市中華路45號","pay_list":null,"pay_tool":null,"行業代號":null,"行業代號1":null,"名稱1":null,"行業代號2":null,"名稱2":null,"行業代號3":null,"名稱3":null},{"index":125,"id":70001743,"user":"江詹阿菊","shop":"北苗公有零售市場-123","category":"夜市/市場攤販","zone":"桃竹苗","city":"苗栗縣","area":"苗栗市","market_name":"北苗公有零售市場","market_address":"苗栗市中華路45號","pay_list":null,"pay_tool":null,"行業代號":null,"行業代號1":null,"名稱1":null,"行業代號2":null,"名稱2":null,"行業代號3":null,"名稱3":null},{"index":126,"id":70001744,"user":"詹永全","shop":"北苗公有零售市場-125","category":"夜市/市場攤販","zone":"桃竹苗","city":"苗栗縣","area":"苗栗市","market_name":"北苗公有零售市場","market_address":"苗栗市中華路45號","pay_list":null,"pay_tool":null,"行業代號":null,"行業代號1":null,"名稱1":null,"行業代號2":null,"名稱2":null,"行業代號3":null,"名稱3":null},{"index":127,"id":70001745,"user":"賴月嬌","shop":"北苗公有零售市場-126","category":"夜市/市場攤販","zone":"桃竹苗","city":"苗栗縣","area":"苗栗市","market_name":"北苗公有零售市場","market_address":"苗栗市中華路45號","pay_list":null,"pay_tool":null,"行業代號":null,"行業代號1":null,"名稱1":null,"行業代號2":null,"名稱2":null,"行業代號3":null,"名稱3":null},{"index":128,"id":70001746,"user":"朱正雄","shop":"北苗公有零售市場-127","category":"夜市/市場攤販","zone":"桃竹苗","city":"苗栗縣","area":"苗栗市","market_name":"北苗公有零售市場","market_address":"苗栗市中華路45號","pay_list":null,"pay_tool":null,"行業代號":null,"行業代號1":null,"名稱1":null,"行業代號2":null,"名稱2":null,"行業代號3":null,"名稱3":null},{"index":129,"id":70001747,"user":"何智裕","shop":"北苗公有零售市場-128","category":"夜市/市場攤販","zone":"桃竹苗","city":"苗栗縣","area":"苗栗市","market_name":"北苗公有零售市場","market_address":"苗栗市中華路45號","pay_list":null,"pay_tool":null,"行業代號":null,"行業代號1":null,"名稱1":null,"行業代號2":null,"名稱2":null,"行業代號3":null,"名稱3":null},{"index":130,"id":70001748,"user":"鍾芹娣","shop":"北苗公有零售市場-129","category":"夜市/市場攤販","zone":"桃竹苗","city":"苗栗縣","area":"苗栗市","market_name":"北苗公有零售市場","market_address":"苗栗市中華路45號","pay_list":null,"pay_tool":null,"行業代號":null,"行業代號1":null,"名稱1":null,"行業代號2":null,"名稱2":null,"行業代號3":null,"名稱3":null},{"index":131,"id":70001749,"user":"劉美蘭","shop":"北苗公有零售市場-130","category":"夜市/市場攤販","zone":"桃竹苗","city":"苗栗縣","area":"苗栗市","market_name":"北苗公有零售市場","market_address":"苗栗市中華路45號","pay_list":null,"pay_tool":null,"行業代號":null,"行業代號1":null,"名稱1":null,"行業代號2":null,"名稱2":null,"行業代號3":null,"名稱3":null},{"index":132,"id":70001750,"user":"林棋逢","shop":"北苗公有零售市場-131","category":"夜市/市場攤販","zone":"桃竹苗","city":"苗栗縣","area":"苗栗市","market_name":"北苗公有零售市場","market_address":"苗栗市中華路45號","pay_list":null,"pay_tool":null,"行業代號":null,"行業代號1":null,"名稱1":null,"行業代號2":null,"名稱2":null,"行業代號3":null,"名稱3":null},{"index":133,"id":70001751,"user":"李志瑩","shop":"北苗公有零售市場-132","category":"夜市/市場攤販","zone":"桃竹苗","city":"苗栗縣","area":"苗栗市","market_name":"北苗公有零售市場","market_address":"苗栗市中華路45號","pay_list":null,"pay_tool":null,"行業代號":null,"行業代號1":null,"名稱1":null,"行業代號2":null,"名稱2":null,"行業代號3":null,"名稱3":null},{"index":134,"id":70001752,"user":"劉發慶","shop":"北苗公有零售市場-133","category":"夜市/市場攤販","zone":"桃竹苗","city":"苗栗縣","area":"苗栗市","market_name":"北苗公有零售市場","market_address":"苗栗市中華路45號","pay_list":null,"pay_tool":null,"行業代號":null,"行業代號1":null,"名稱1":null,"行業代號2":null,"名稱2":null,"行業代號3":null,"名稱3":null},{"index":135,"id":70001753,"user":"謝彭菊英","shop":"北苗公有零售市場-135","category":"夜市/市場攤販","zone":"桃竹苗","city":"苗栗縣","area":"苗栗市","market_name":"北苗公有零售市場","market_address":"苗栗市中華路45號","pay_list":null,"pay_tool":null,"行業代號":null,"行業代號1":null,"名稱1":null,"行業代號2":null,"名稱2":null,"行業代號3":null,"名稱3":null},{"index":136,"id":70001754,"user":"紀美櫻","shop":"北苗公有零售市場-137","category":"夜市/市場攤販","zone":"桃竹苗","city":"苗栗縣","area":"苗栗市","market_name":"北苗公有零售市場","market_address":"苗栗市中華路45號","pay_list":null,"pay_tool":null,"行業代號":null,"行業代號1":null,"名稱1":null,"行業代號2":null,"名稱2":null,"行業代號3":null,"名稱3":null},{"index":137,"id":70001755,"user":"紀采騏","shop":"北苗公有零售市場-138","category":"夜市/市場攤販","zone":"桃竹苗","city":"苗栗縣","area":"苗栗市","market_name":"北苗公有零售市場","market_address":"苗栗市中華路45號","pay_list":null,"pay_tool":null,"行業代號":null,"行業代號1":null,"名稱1":null,"行業代號2":null,"名稱2":null,"行業代號3":null,"名稱3":null},{"index":138,"id":70001756,"user":"林進發","shop":"北苗公有零售市場-139","category":"夜市/市場攤販","zone":"桃竹苗","city":"苗栗縣","area":"苗栗市","market_name":"北苗公有零售市場","market_address":"苗栗市中華路45號","pay_list":null,"pay_tool":null,"行業代號":null,"行業代號1":null,"名稱1":null,"行業代號2":null,"名稱2":null,"行業代號3":null,"名稱3":null},{"index":139,"id":70001757,"user":"杜李秋妹","shop":"北苗公有零售市場-140","category":"夜市/市場攤販","zone":"桃竹苗","city":"苗栗縣","area":"苗栗市","market_name":"北苗公有零售市場","market_address":"苗栗市中華路45號","pay_list":null,"pay_tool":null,"行業代號":null,"行業代號1":null,"名稱1":null,"行業代號2":null,"名稱2":null,"行業代號3":null,"名稱3":null},{"index":140,"id":70001758,"user":"鄭林恭","shop":"北苗公有零售市場-141","category":"夜市/市場攤販","zone":"桃竹苗","city":"苗栗縣","area":"苗栗市","market_name":"北苗公有零售市場","market_address":"苗栗市中華路45號","pay_list":null,"pay_tool":null,"行業代號":null,"行業代號1":null,"名稱1":null,"行業代號2":null,"名稱2":null,"行業代號3":null,"名稱3":null},{"index":141,"id":70001759,"user":"李莉","shop":"北苗公有零售市場-142","category":"夜市/市場攤販","zone":"桃竹苗","city":"苗栗縣","area":"苗栗市","market_name":"北苗公有零售市場","market_address":"苗栗市中華路45號","pay_list":null,"pay_tool":null,"行業代號":null,"行業代號1":null,"名稱1":null,"行業代號2":null,"名稱2":null,"行業代號3":null,"名稱3":null},{"index":142,"id":70001760,"user":"張吟芳","shop":"北苗公有零售市場-143","category":"夜市/市場攤販","zone":"桃竹苗","city":"苗栗縣","area":"苗栗市","market_name":"北苗公有零售市場","market_address":"苗栗市中華路45號","pay_list":null,"pay_tool":null,"行業代號":null,"行業代號1":null,"名稱1":null,"行業代號2":null,"名稱2":null,"行業代號3":null,"名稱3":null},{"index":143,"id":70001761,"user":"彭新興","shop":"北苗公有零售市場-145","category":"夜市/市場攤販","zone":"桃竹苗","city":"苗栗縣","area":"苗栗市","market_name":"北苗公有零售市場","market_address":"苗栗市中華路45號","pay_list":null,"pay_tool":null,"行業代號":null,"行業代號1":null,"名稱1":null,"行業代號2":null,"名稱2":null,"行業代號3":null,"名稱3":null},{"index":144,"id":70001762,"user":"黃秀琴","shop":"北苗公有零售市場-146","category":"夜市/市場攤販","zone":"桃竹苗","city":"苗栗縣","area":"苗栗市","market_name":"北苗公有零售市場","market_address":"苗栗市中華路45號","pay_list":null,"pay_tool":null,"行業代號":null,"行業代號1":null,"名稱1":null,"行業代號2":null,"名稱2":null,"行業代號3":null,"名稱3":null},{"index":145,"id":70001763,"user":"董劉瑞蓮","shop":"北苗公有零售市場-147","category":"夜市/市場攤販","zone":"桃竹苗","city":"苗栗縣","area":"苗栗市","market_name":"北苗公有零售市場","market_address":"苗栗市中華路45號","pay_list":null,"pay_tool":null,"行業代號":null,"行業代號1":null,"名稱1":null,"行業代號2":null,"名稱2":null,"行業代號3":null,"名稱3":null},{"index":146,"id":70001764,"user":"陳銀金","shop":"北苗公有零售市場-148","category":"夜市/市場攤販","zone":"桃竹苗","city":"苗栗縣","area":"苗栗市","market_name":"北苗公有零售市場","market_address":"苗栗市中華路45號","pay_list":null,"pay_tool":null,"行業代號":null,"行業代號1":null,"名稱1":null,"行業代號2":null,"名稱2":null,"行業代號3":null,"名稱3":null},{"index":147,"id":70001765,"user":"徐祥紫","shop":"北苗公有零售市場-149","category":"夜市/市場攤販","zone":"桃竹苗","city":"苗栗縣","area":"苗栗市","market_name":"北苗公有零售市場","market_address":"苗栗市中華路45號","pay_list":null,"pay_tool":null,"行業代號":null,"行業代號1":null,"名稱1":null,"行業代號2":null,"名稱2":null,"行業代號3":null,"名稱3":null},{"index":148,"id":70001766,"user":"劉昭蘭","shop":"北苗公有零售市場-150","category":"夜市/市場攤販","zone":"桃竹苗","city":"苗栗縣","area":"苗栗市","market_name":"北苗公有零售市場","market_address":"苗栗市中華路45號","pay_list":null,"pay_tool":null,"行業代號":null,"行業代號1":null,"名稱1":null,"行業代號2":null,"名稱2":null,"行業代號3":null,"名稱3":null},{"index":149,"id":70001767,"user":"曾秋蘭","shop":"北苗公有零售市場-151","category":"夜市/市場攤販","zone":"桃竹苗","city":"苗栗縣","area":"苗栗市","market_name":"北苗公有零售市場","market_address":"苗栗市中華路45號","pay_list":null,"pay_tool":null,"行業代號":null,"行業代號1":null,"名稱1":null,"行業代號2":null,"名稱2":null,"行業代號3":null,"名稱3":null},{"index":150,"id":70001768,"user":"楊喜亮","shop":"北苗公有零售市場-152","category":"夜市/市場攤販","zone":"桃竹苗","city":"苗栗縣","area":"苗栗市","market_name":"北苗公有零售市場","market_address":"苗栗市中華路45號","pay_list":null,"pay_tool":null,"行業代號":null,"行業代號1":null,"名稱1":null,"行業代號2":null,"名稱2":null,"行業代號3":null,"名稱3":null},{"index":151,"id":70001769,"user":"胡碧如","shop":"北苗公有零售市場-155","category":"夜市/市場攤販","zone":"桃竹苗","city":"苗栗縣","area":"苗栗市","market_name":"北苗公有零售市場","market_address":"苗栗市中華路45號","pay_list":null,"pay_tool":null,"行業代號":null,"行業代號1":null,"名稱1":null,"行業代號2":null,"名稱2":null,"行業代號3":null,"名稱3":null},{"index":152,"id":70001770,"user":"葉康全","shop":"北苗公有零售市場-156","category":"夜市/市場攤販","zone":"桃竹苗","city":"苗栗縣","area":"苗栗市","market_name":"北苗公有零售市場","market_address":"苗栗市中華路45號","pay_list":null,"pay_tool":null,"行業代號":null,"行業代號1":null,"名稱1":null,"行業代號2":null,"名稱2":null,"行業代號3":null,"名稱3":null},{"index":153,"id":70001771,"user":"楊劉蘭英","shop":"北苗公有零售市場-157","category":"夜市/市場攤販","zone":"桃竹苗","city":"苗栗縣","area":"苗栗市","market_name":"北苗公有零售市場","market_address":"苗栗市中華路45號","pay_list":null,"pay_tool":null,"行業代號":null,"行業代號1":null,"名稱1":null,"行業代號2":null,"名稱2":null,"行業代號3":null,"名稱3":null},{"index":154,"id":70001772,"user":"劉金貴","shop":"北苗公有零售市場-158","category":"夜市/市場攤販","zone":"桃竹苗","city":"苗栗縣","area":"苗栗市","market_name":"北苗公有零售市場","market_address":"苗栗市中華路45號","pay_list":null,"pay_tool":null,"行業代號":null,"行業代號1":null,"名稱1":null,"行業代號2":null,"名稱2":null,"行業代號3":null,"名稱3":null},{"index":155,"id":70001773,"user":"賴玉璣","shop":"北苗公有零售市場-159","category":"夜市/市場攤販","zone":"桃竹苗","city":"苗栗縣","area":"苗栗市","market_name":"北苗公有零售市場","market_address":"苗栗市中華路45號","pay_list":null,"pay_tool":null,"行業代號":null,"行業代號1":null,"名稱1":null,"行業代號2":null,"名稱2":null,"行業代號3":null,"名稱3":null},{"index":156,"id":70001774,"user":"陳文正","shop":"北苗公有零售市場-161","category":"夜市/市場攤販","zone":"桃竹苗","city":"苗栗縣","area":"苗栗市","market_name":"北苗公有零售市場","market_address":"苗栗市中華路45號","pay_list":null,"pay_tool":null,"行業代號":null,"行業代號1":null,"名稱1":null,"行業代號2":null,"名稱2":null,"行業代號3":null,"名稱3":null},{"index":157,"id":70001775,"user":"賴葉","shop":"北苗公有零售市場-162","category":"夜市/市場攤販","zone":"桃竹苗","city":"苗栗縣","area":"苗栗市","market_name":"北苗公有零售市場","market_address":"苗栗市中華路45號","pay_list":null,"pay_tool":null,"行業代號":null,"行業代號1":null,"名稱1":null,"行業代號2":null,"名稱2":null,"行業代號3":null,"名稱3":null},{"index":158,"id":70001776,"user":"郭秀玉","shop":"北苗公有零售市場-163","category":"夜市/市場攤販","zone":"桃竹苗","city":"苗栗縣","area":"苗栗市","market_name":"北苗公有零售市場","market_address":"苗栗市中華路45號","pay_list":null,"pay_tool":null,"行業代號":null,"行業代號1":null,"名稱1":null,"行業代號2":null,"名稱2":null,"行業代號3":null,"名稱3":null},{"index":159,"id":70001777,"user":"萬金托","shop":"北苗公有零售市場-165","category":"夜市/市場攤販","zone":"桃竹苗","city":"苗栗縣","area":"苗栗市","market_name":"北苗公有零售市場","market_address":"苗栗市中華路45號","pay_list":null,"pay_tool":null,"行業代號":null,"行業代號1":null,"名稱1":null,"行業代號2":null,"名稱2":null,"行業代號3":null,"名稱3":null},{"index":160,"id":70001778,"user":"陳紹鈞","shop":"北苗公有零售市場-店1","category":"夜市/市場攤販","zone":"桃竹苗","city":"苗栗縣","area":"苗栗市","market_name":"北苗公有零售市場","market_address":"苗栗市中華路45號","pay_list":null,"pay_tool":null,"行業代號":null,"行業代號1":null,"名稱1":null,"行業代號2":null,"名稱2":null,"行業代號3":null,"名稱3":null},{"index":161,"id":70001779,"user":"葉范燕珍","shop":"北苗公有零售市場-兩姊妹水晶餃","category":"夜市/市場攤販","zone":"桃竹苗","city":"苗栗縣","area":"苗栗市","market_name":"北苗公有零售市場","market_address":"苗栗市中華路45號","pay_list":null,"pay_tool":null,"行業代號":null,"行業代號1":null,"名稱1":null,"行業代號2":null,"名稱2":null,"行業代號3":null,"名稱3":null},{"index":162,"id":70001780,"user":"詹曉雯","shop":"北苗公有零售市場-店3","category":"夜市/市場攤販","zone":"桃竹苗","city":"苗栗縣","area":"苗栗市","market_name":"北苗公有零售市場","market_address":"苗栗市中華路45號","pay_list":null,"pay_tool":null,"行業代號":null,"行業代號1":null,"名稱1":null,"行業代號2":null,"名稱2":null,"行業代號3":null,"名稱3":null},{"index":163,"id":70001781,"user":"胡管鳳嬌","shop":"北苗公有零售市場-素食","category":"夜市/市場攤販","zone":"桃竹苗","city":"苗栗縣","area":"苗栗市","market_name":"北苗公有零售市場","market_address":"苗栗市中華路45號","pay_list":null,"pay_tool":null,"行業代號":null,"行業代號1":null,"名稱1":null,"行業代號2":null,"名稱2":null,"行業代號3":null,"名稱3":null},{"index":164,"id":70001782,"user":"李文煥","shop":"北苗公有零售市場-店8","category":"夜市/市場攤販","zone":"桃竹苗","city":"苗栗縣","area":"苗栗市","market_name":"北苗公有零售市場","market_address":"苗栗市中華路45號","pay_list":null,"pay_tool":null,"行業代號":null,"行業代號1":null,"名稱1":null,"行業代號2":null,"名稱2":null,"行業代號3":null,"名稱3":null},{"index":165,"id":70001783,"user":"劉盈盈","shop":"北苗公有零售市場-店9","category":"夜市/市場攤販","zone":"桃竹苗","city":"苗栗縣","area":"苗栗市","market_name":"北苗公有零售市場","market_address":"苗栗市中華路45號","pay_list":null,"pay_tool":null,"行業代號":null,"行業代號1":null,"名稱1":null,"行業代號2":null,"名稱2":null,"行業代號3":null,"名稱3":null},{"index":166,"id":70001784,"user":"李國仲","shop":"北苗公有零售市場-店10","category":"夜市/市場攤販","zone":"桃竹苗","city":"苗栗縣","area":"苗栗市","market_name":"北苗公有零售市場","market_address":"苗栗市中華路45號","pay_list":null,"pay_tool":null,"行業代號":null,"行業代號1":null,"名稱1":null,"行業代號2":null,"名稱2":null,"行業代號3":null,"名稱3":null},{"index":167,"id":70001785,"user":"林雲山","shop":"北苗公有零售市場-店11","category":"夜市/市場攤販","zone":"桃竹苗","city":"苗栗縣","area":"苗栗市","market_name":"北苗公有零售市場","market_address":"苗栗市中華路45號","pay_list":null,"pay_tool":null,"行業代號":null,"行業代號1":null,"名稱1":null,"行業代號2":null,"名稱2":null,"行業代號3":null,"名稱3":null},{"index":168,"id":70001786,"user":"施巧恬","shop":"北苗公有零售市場-2F","category":"夜市/市場攤販","zone":"桃竹苗","city":"苗栗縣","area":"苗栗市","market_name":"北苗公有零售市場","market_address":"苗栗市中華路45號","pay_list":null,"pay_tool":null,"行業代號":null,"行業代號1":null,"名稱1":null,"行業代號2":null,"名稱2":null,"行業代號3":null,"名稱3":null},{"index":169,"id":70001787,"user":"李國俊","shop":"北苗公有零售市場-李國俊麵店","category":"夜市/市場攤販","zone":"桃竹苗","city":"苗栗縣","area":"苗栗市","market_name":"北苗公有零售市場","market_address":"苗栗市中華路45號","pay_list":null,"pay_tool":null,"行業代號":null,"行業代號1":null,"名稱1":null,"行業代號2":null,"名稱2":null,"行業代號3":null,"名稱3":null},{"index":170,"id":70001788,"user":"陳啟永","shop":"北苗公有零售市場-店15","category":"夜市/市場攤販","zone":"桃竹苗","city":"苗栗縣","area":"苗栗市","market_name":"北苗公有零售市場","market_address":"苗栗市中華路45號","pay_list":null,"pay_tool":null,"行業代號":null,"行業代號1":null,"名稱1":null,"行業代號2":null,"名稱2":null,"行業代號3":null,"名稱3":null},{"index":171,"id":70001789,"user":"黃麗涔","shop":"北苗公有零售市場-店16","category":"夜市/市場攤販","zone":"桃竹苗","city":"苗栗縣","area":"苗栗市","market_name":"北苗公有零售市場","market_address":"苗栗市中華路45號","pay_list":null,"pay_tool":null,"行業代號":null,"行業代號1":null,"名稱1":null,"行業代號2":null,"名稱2":null,"行業代號3":null,"名稱3":null}]