[{"index":1,"shop":"霧峰公有零售市場-來福百貨行","zone":"中彰投","city":"臺中市","area":"霧峰區","market_address":"臺中市霧峰區中正路958-6號","user":"陳品亦","行業代號":null,"market_name":"霧峰公有零售市場","行業代號1":null,"名稱1":null,"行業代號2":null,"名稱2":null,"行業代號3":null,"名稱3":null,"category":"夜市/市場攤販","id":10036438,"pay_list":"","pay_tool":""},{"index":2,"shop":"霧峰公有零售市場-服飾店","zone":"中彰投","city":"臺中市","area":"霧峰區","market_address":"臺中市霧峰區中正路958-6號","user":"賴昭呈","行業代號":null,"market_name":"霧峰公有零售市場","行業代號1":null,"名稱1":null,"行業代號2":null,"名稱2":null,"行業代號3":null,"名稱3":null,"category":"夜市/市場攤販","id":10036439,"pay_list":"","pay_tool":""},{"index":3,"shop":"霧峰公有零售市場-楊記蔬菜行","zone":"中彰投","city":"臺中市","area":"霧峰區","market_address":"臺中市霧峰區中正路958-6號","user":"楊基發","行業代號":null,"market_name":"霧峰公有零售市場","行業代號1":null,"名稱1":null,"行業代號2":null,"名稱2":null,"行業代號3":null,"名稱3":null,"category":"夜市/市場攤販","id":10036440,"pay_list":"","pay_tool":""},{"index":4,"shop":"霧峰公有零售市場-謝家香肉鬆行","zone":"中彰投","city":"臺中市","area":"霧峰區","market_address":"臺中市霧峰區中正路958-6號","user":"傅盟淑","行業代號":null,"market_name":"霧峰公有零售市場","行業代號1":null,"名稱1":null,"行業代號2":null,"名稱2":null,"行業代號3":null,"名稱3":null,"category":"夜市/市場攤販","id":10036441,"pay_list":"","pay_tool":""},{"index":5,"shop":"霧峰公有零售市場-楊記正宗鵝肉店","zone":"中彰投","city":"臺中市","area":"霧峰區","market_address":"臺中市霧峰區中正路958-6號","user":"楊金太","行業代號":null,"market_name":"霧峰公有零售市場","行業代號1":null,"名稱1":null,"行業代號2":null,"名稱2":null,"行業代號3":null,"名稱3":null,"category":"夜市/市場攤販","id":10036442,"pay_list":"","pay_tool":""},{"index":6,"shop":"霧峰公有零售市場-胡建芳佛俱禮品店","zone":"中彰投","city":"臺中市","area":"霧峰區","market_address":"臺中市霧峰區中正路958-6號","user":"胡秀青","行業代號":null,"market_name":"霧峰公有零售市場","行業代號1":null,"名稱1":null,"行業代號2":null,"名稱2":null,"行業代號3":null,"名稱3":null,"category":"夜市/市場攤販","id":10036443,"pay_list":"","pay_tool":""},{"index":7,"shop":"霧峰公有零售市場-修改衣服店","zone":"中彰投","city":"臺中市","area":"霧峰區","market_address":"臺中市霧峰區中正路958-6號","user":"傅秀貞","行業代號":null,"market_name":"霧峰公有零售市場","行業代號1":null,"名稱1":null,"行業代號2":null,"名稱2":null,"行業代號3":null,"名稱3":null,"category":"夜市/市場攤販","id":10036444,"pay_list":"","pay_tool":""},{"index":8,"shop":"霧峰公有零售市場-富春百貨","zone":"中彰投","city":"臺中市","area":"霧峰區","market_address":"臺中市霧峰區中正路958-6號","user":"黃瓊玉","行業代號":null,"market_name":"霧峰公有零售市場","行業代號1":null,"名稱1":null,"行業代號2":null,"名稱2":null,"行業代號3":null,"名稱3":null,"category":"夜市/市場攤販","id":10036445,"pay_list":"","pay_tool":""},{"index":9,"shop":"霧峰公有零售市場-田町服飾配件屋","zone":"中彰投","city":"臺中市","area":"霧峰區","market_address":"臺中市霧峰區中正路958-6號","user":"曾勝吉","行業代號":null,"market_name":"霧峰公有零售市場","行業代號1":null,"名稱1":null,"行業代號2":null,"名稱2":null,"行業代號3":null,"名稱3":null,"category":"夜市/市場攤販","id":10036446,"pay_list":"","pay_tool":""},{"index":10,"shop":"霧峰公有零售市場-華容生鮮肉鋪","zone":"中彰投","city":"臺中市","area":"霧峰區","market_address":"臺中市霧峰區中正路958-6號","user":"曹英琴","行業代號":null,"market_name":"霧峰公有零售市場","行業代號1":null,"名稱1":null,"行業代號2":null,"名稱2":null,"行業代號3":null,"名稱3":null,"category":"夜市/市場攤販","id":10036447,"pay_list":"","pay_tool":""},{"index":11,"shop":"霧峰公有零售市場-唯力香肉鬆行","zone":"中彰投","city":"臺中市","area":"霧峰區","market_address":"臺中市霧峰區中正路958-6號","user":"黃明德","行業代號":null,"market_name":"霧峰公有零售市場","行業代號1":null,"名稱1":null,"行業代號2":null,"名稱2":null,"行業代號3":null,"名稱3":null,"category":"夜市/市場攤販","id":10036449,"pay_list":"","pay_tool":""},{"index":12,"shop":"霧峰公有零售市場-峰秋商行","zone":"中彰投","city":"臺中市","area":"霧峰區","market_address":"臺中市霧峰區中正路958-6號","user":"許美珠","行業代號":null,"market_name":"霧峰公有零售市場","行業代號1":null,"名稱1":null,"行業代號2":null,"名稱2":null,"行業代號3":null,"名稱3":null,"category":"夜市/市場攤販","id":10036450,"pay_list":"","pay_tool":""},{"index":13,"shop":"霧峰公有零售市場-金記肉鬆行","zone":"中彰投","city":"臺中市","area":"霧峰區","market_address":"臺中市霧峰區中正路958-6號","user":"周麗娟","行業代號":null,"market_name":"霧峰公有零售市場","行業代號1":null,"名稱1":null,"行業代號2":null,"名稱2":null,"行業代號3":null,"名稱3":null,"category":"夜市/市場攤販","id":10036451,"pay_list":"","pay_tool":""},{"index":14,"shop":"霧峰公有零售市場-蕭壽司專賣店","zone":"中彰投","city":"臺中市","area":"霧峰區","market_address":"臺中市霧峰區中正路958-6號","user":"施坤昌","行業代號":null,"market_name":"霧峰公有零售市場","行業代號1":null,"名稱1":null,"行業代號2":null,"名稱2":null,"行業代號3":null,"名稱3":null,"category":"夜市/市場攤販","id":10036452,"pay_list":"","pay_tool":""},{"index":15,"shop":"霧峰公有零售市場-琦琦百貨","zone":"中彰投","city":"臺中市","area":"霧峰區","market_address":"臺中市霧峰區中正路958-6號","user":"施坤德","行業代號":null,"market_name":"霧峰公有零售市場","行業代號1":null,"名稱1":null,"行業代號2":null,"名稱2":null,"行業代號3":null,"名稱3":null,"category":"夜市/市場攤販","id":10036453,"pay_list":"","pay_tool":""},{"index":16,"shop":"霧峰公有零售市場-四知堂手作包子饅頭店","zone":"中彰投","city":"臺中市","area":"霧峰區","market_address":"臺中市霧峰區中正路958-6號","user":"賴夢秋","行業代號":null,"market_name":"霧峰公有零售市場","行業代號1":null,"名稱1":null,"行業代號2":null,"名稱2":null,"行業代號3":null,"名稱3":null,"category":"夜市/市場攤販","id":10036454,"pay_list":"","pay_tool":""},{"index":17,"shop":"霧峰公有零售市場-美而香食品行","zone":"中彰投","city":"臺中市","area":"霧峰區","market_address":"臺中市霧峰區中正路958-6號","user":"黃玉露","行業代號":null,"market_name":"霧峰公有零售市場","行業代號1":null,"名稱1":null,"行業代號2":null,"名稱2":null,"行業代號3":null,"名稱3":null,"category":"夜市/市場攤販","id":10036455,"pay_list":"","pay_tool":""},{"index":18,"shop":"霧峰公有零售市場-台灣黃金雞","zone":"中彰投","city":"臺中市","area":"霧峰區","market_address":"臺中市霧峰區中正路958-6號","user":"林志彥","行業代號":null,"market_name":"霧峰公有零售市場","行業代號1":null,"名稱1":null,"行業代號2":null,"名稱2":null,"行業代號3":null,"名稱3":null,"category":"夜市/市場攤販","id":10036456,"pay_list":"","pay_tool":""},{"index":19,"shop":"霧峰公有零售市場-霧峰阿貞美味健康素食","zone":"中彰投","city":"臺中市","area":"霧峰區","market_address":"臺中市霧峰區中正路958-6號","user":"宋金海","行業代號":null,"market_name":"霧峰公有零售市場","行業代號1":null,"名稱1":null,"行業代號2":null,"名稱2":null,"行業代號3":null,"名稱3":null,"category":"夜市/市場攤販","id":10036457,"pay_list":"","pay_tool":""},{"index":20,"shop":"霧峰公有零售市場-QQ大師菇類蔬菜","zone":"中彰投","city":"臺中市","area":"霧峰區","market_address":"臺中市霧峰區中正路958-6號","user":"曾良杰","行業代號":null,"market_name":"霧峰公有零售市場","行業代號1":null,"名稱1":null,"行業代號2":null,"名稱2":null,"行業代號3":null,"名稱3":null,"category":"夜市/市場攤販","id":10036458,"pay_list":"","pay_tool":""},{"index":21,"shop":"霧峰公有零售市場-霧峰詹鮮魚行","zone":"中彰投","city":"臺中市","area":"霧峰區","market_address":"臺中市霧峰區中正路958-6號","user":"詹瑞全","行業代號":null,"market_name":"霧峰公有零售市場","行業代號1":null,"名稱1":null,"行業代號2":null,"名稱2":null,"行業代號3":null,"名稱3":null,"category":"夜市/市場攤販","id":10036460,"pay_list":"","pay_tool":""},{"index":22,"shop":"霧峰公有零售市場-萬利豬肉商行","zone":"中彰投","city":"臺中市","area":"霧峰區","market_address":"臺中市霧峰區中正路958-6號","user":"阮輝欽","行業代號":null,"market_name":"霧峰公有零售市場","行業代號1":null,"名稱1":null,"行業代號2":null,"名稱2":null,"行業代號3":null,"名稱3":null,"category":"夜市/市場攤販","id":10036461,"pay_list":"","pay_tool":""},{"index":23,"shop":"霧峰公有零售市場-來福百貨行","zone":"中彰投","city":"臺中市","area":"霧峰區","market_address":"臺中市霧峰區中正路958-6號","user":"陳明遠","行業代號":null,"market_name":"霧峰公有零售市場","行業代號1":null,"名稱1":null,"行業代號2":null,"名稱2":null,"行業代號3":null,"名稱3":null,"category":"夜市/市場攤販","id":10036462,"pay_list":"","pay_tool":""},{"index":24,"shop":"霧峰公有零售市場-華田壽司","zone":"中彰投","city":"臺中市","area":"霧峰區","market_address":"臺中市霧峰區中正路958-6號","user":"張源育","行業代號":null,"market_name":"霧峰公有零售市場","行業代號1":null,"名稱1":null,"行業代號2":null,"名稱2":null,"行業代號3":null,"名稱3":null,"category":"夜市/市場攤販","id":10036463,"pay_list":"","pay_tool":""},{"index":25,"shop":"霧峰公有零售市場-張美紅","zone":"中彰投","city":"臺中市","area":"霧峰區","market_address":"臺中市霧峰區中正路958-6號","user":"張美紅","行業代號":null,"market_name":"霧峰公有零售市場","行業代號1":null,"名稱1":null,"行業代號2":null,"名稱2":null,"行業代號3":null,"名稱3":null,"category":"夜市/市場攤販","id":10036464,"pay_list":"","pay_tool":""},{"index":26,"shop":"霧峰公有零售市場-來福百貨行","zone":"中彰投","city":"臺中市","area":"霧峰區","market_address":"臺中市霧峰區中正路958-6號","user":"賴銘政","行業代號":null,"market_name":"霧峰公有零售市場","行業代號1":null,"名稱1":null,"行業代號2":null,"名稱2":null,"行業代號3":null,"名稱3":null,"category":"夜市/市場攤販","id":10036465,"pay_list":"","pay_tool":""},{"index":27,"shop":"霧峰公有零售市場-阿祥鮮魚行","zone":"中彰投","city":"臺中市","area":"霧峰區","market_address":"臺中市霧峰區中正路958-6號","user":"謝緗妘","行業代號":null,"market_name":"霧峰公有零售市場","行業代號1":null,"名稱1":null,"行業代號2":null,"名稱2":null,"行業代號3":null,"名稱3":null,"category":"夜市/市場攤販","id":10036466,"pay_list":"","pay_tool":""},{"index":28,"shop":"霧峰公有零售市場-阿祥鮮魚行","zone":"中彰投","city":"臺中市","area":"霧峰區","market_address":"臺中市霧峰區中正路958-6號","user":"林子鴻","行業代號":null,"market_name":"霧峰公有零售市場","行業代號1":null,"名稱1":null,"行業代號2":null,"名稱2":null,"行業代號3":null,"名稱3":null,"category":"夜市/市場攤販","id":10036467,"pay_list":"","pay_tool":""},{"index":29,"shop":"霧峰公有零售市場-來福百貨行","zone":"中彰投","city":"臺中市","area":"霧峰區","market_address":"臺中市霧峰區中正路958-6號","user":"王士銓","行業代號":null,"market_name":"霧峰公有零售市場","行業代號1":null,"名稱1":null,"行業代號2":null,"名稱2":null,"行業代號3":null,"名稱3":null,"category":"夜市/市場攤販","id":10036468,"pay_list":"","pay_tool":""},{"index":30,"shop":"霧峰公有零售市場-阿祥鮮魚行","zone":"中彰投","city":"臺中市","area":"霧峰區","market_address":"臺中市霧峰區中正路958-6號","user":"張謹琇","行業代號":null,"market_name":"霧峰公有零售市場","行業代號1":null,"名稱1":null,"行業代號2":null,"名稱2":null,"行業代號3":null,"名稱3":null,"category":"夜市/市場攤販","id":10036469,"pay_list":"","pay_tool":""},{"index":31,"shop":"霧峰公有零售市場-阿祥鮮魚行","zone":"中彰投","city":"臺中市","area":"霧峰區","market_address":"臺中市霧峰區中正路958-6號","user":"郭鳳華","行業代號":null,"market_name":"霧峰公有零售市場","行業代號1":null,"名稱1":null,"行業代號2":null,"名稱2":null,"行業代號3":null,"名稱3":null,"category":"夜市/市場攤販","id":10036471,"pay_list":"","pay_tool":""},{"index":32,"shop":"霧峰公有零售市場-來福百貨行","zone":"中彰投","city":"臺中市","area":"霧峰區","market_address":"臺中市霧峰區中正路958-6號","user":"陳乙慈","行業代號":null,"market_name":"霧峰公有零售市場","行業代號1":null,"名稱1":null,"行業代號2":null,"名稱2":null,"行業代號3":null,"名稱3":null,"category":"夜市/市場攤販","id":10036472,"pay_list":"","pay_tool":""},{"index":33,"shop":"霧峰公有零售市場-洽益吳麵店","zone":"中彰投","city":"臺中市","area":"霧峰區","market_address":"臺中市霧峰區中正路958-6號","user":"吳金龍","行業代號":null,"market_name":"霧峰公有零售市場","行業代號1":null,"名稱1":null,"行業代號2":null,"名稱2":null,"行業代號3":null,"名稱3":null,"category":"夜市/市場攤販","id":10036473,"pay_list":"","pay_tool":""},{"index":34,"shop":"霧峰公有零售市場-阿賢竹筍行","zone":"中彰投","city":"臺中市","area":"霧峰區","market_address":"臺中市霧峰區中正路958-6號","user":"李俊賢","行業代號":null,"market_name":"霧峰公有零售市場","行業代號1":null,"名稱1":null,"行業代號2":null,"名稱2":null,"行業代號3":null,"名稱3":null,"category":"夜市/市場攤販","id":10036474,"pay_list":"","pay_tool":""},{"index":35,"shop":"霧峰公有零售市場-古早丸","zone":"中彰投","city":"臺中市","area":"霧峰區","market_address":"臺中市霧峰區中正路958-6號","user":"陳黃累","行業代號":null,"market_name":"霧峰公有零售市場","行業代號1":null,"名稱1":null,"行業代號2":null,"名稱2":null,"行業代號3":null,"名稱3":null,"category":"夜市/市場攤販","id":10036475,"pay_list":"","pay_tool":""},{"index":36,"shop":"霧峰公有零售市場-吳黃滿蔬菜行","zone":"中彰投","city":"臺中市","area":"霧峰區","market_address":"臺中市霧峰區中正路958-6號","user":"吳黃滿","行業代號":null,"market_name":"霧峰公有零售市場","行業代號1":null,"名稱1":null,"行業代號2":null,"名稱2":null,"行業代號3":null,"名稱3":null,"category":"夜市/市場攤販","id":10036476,"pay_list":"","pay_tool":""},{"index":37,"shop":"霧峰公有零售市場-豐泰農產行","zone":"中彰投","city":"臺中市","area":"霧峰區","market_address":"臺中市霧峰區中正路958-6號","user":"林美惠","行業代號":null,"market_name":"霧峰公有零售市場","行業代號1":null,"名稱1":null,"行業代號2":null,"名稱2":null,"行業代號3":null,"名稱3":null,"category":"夜市/市場攤販","id":10036477,"pay_list":"","pay_tool":""},{"index":38,"shop":"霧峰公有零售市場-明德素料行","zone":"中彰投","city":"臺中市","area":"霧峰區","market_address":"臺中市霧峰區中正路958-6號","user":"黃鈺婷","行業代號":null,"market_name":"霧峰公有零售市場","行業代號1":null,"名稱1":null,"行業代號2":null,"名稱2":null,"行業代號3":null,"名稱3":null,"category":"夜市/市場攤販","id":10036478,"pay_list":"","pay_tool":""},{"index":39,"shop":"霧峰公有零售市場-明德素料行","zone":"中彰投","city":"臺中市","area":"霧峰區","market_address":"臺中市霧峰區中正路958-6號","user":"黃石木","行業代號":null,"market_name":"霧峰公有零售市場","行業代號1":null,"名稱1":null,"行業代號2":null,"名稱2":null,"行業代號3":null,"名稱3":null,"category":"夜市/市場攤販","id":10036479,"pay_list":"","pay_tool":""},{"index":40,"shop":"霧峰公有零售市場-鹿谷農產行","zone":"中彰投","city":"臺中市","area":"霧峰區","market_address":"臺中市霧峰區中正路958-6號","user":"陳素華","行業代號":null,"market_name":"霧峰公有零售市場","行業代號1":null,"名稱1":null,"行業代號2":null,"名稱2":null,"行業代號3":null,"名稱3":null,"category":"夜市/市場攤販","id":10036480,"pay_list":"","pay_tool":""},{"index":41,"shop":"霧峰公有零售市場-復春南北商店","zone":"中彰投","city":"臺中市","area":"霧峰區","market_address":"臺中市霧峰區中正路958-6號","user":"李玉煌","行業代號":null,"market_name":"霧峰公有零售市場","行業代號1":null,"名稱1":null,"行業代號2":null,"名稱2":null,"行業代號3":null,"名稱3":null,"category":"夜市/市場攤販","id":10036482,"pay_list":"","pay_tool":""},{"index":42,"shop":"霧峰公有零售市場-霧峰牛羊肉舖","zone":"中彰投","city":"臺中市","area":"霧峰區","market_address":"臺中市霧峰區中正路958-6號","user":"王麗美","行業代號":null,"market_name":"霧峰公有零售市場","行業代號1":null,"名稱1":null,"行業代號2":null,"名稱2":null,"行業代號3":null,"名稱3":null,"category":"夜市/市場攤販","id":10036483,"pay_list":"","pay_tool":""},{"index":43,"shop":"霧峰公有零售市場-洽益吳麵店","zone":"中彰投","city":"臺中市","area":"霧峰區","market_address":"臺中市霧峰區中正路958-6號","user":"吳芝安","行業代號":null,"market_name":"霧峰公有零售市場","行業代號1":null,"名稱1":null,"行業代號2":null,"名稱2":null,"行業代號3":null,"名稱3":null,"category":"夜市/市場攤販","id":10036484,"pay_list":"","pay_tool":""},{"index":44,"shop":"霧峰公有零售市場-添發商行","zone":"中彰投","city":"臺中市","area":"霧峰區","market_address":"臺中市霧峰區中正路958-6號","user":"楊美華","行業代號":null,"market_name":"霧峰公有零售市場","行業代號1":null,"名稱1":null,"行業代號2":null,"名稱2":null,"行業代號3":null,"名稱3":null,"category":"夜市/市場攤販","id":10036485,"pay_list":"","pay_tool":""},{"index":45,"shop":"霧峰公有零售市場-古早味早點","zone":"中彰投","city":"臺中市","area":"霧峰區","market_address":"臺中市霧峰區中正路958-6號","user":"魏熊廷","行業代號":null,"market_name":"霧峰公有零售市場","行業代號1":null,"名稱1":null,"行業代號2":null,"名稱2":null,"行業代號3":null,"名稱3":null,"category":"夜市/市場攤販","id":10036486,"pay_list":"","pay_tool":""},{"index":46,"shop":"霧峰公有零售市場-金順發商號","zone":"中彰投","city":"臺中市","area":"霧峰區","market_address":"臺中市霧峰區中正路958-6號","user":"何瑟綾","行業代號":null,"market_name":"霧峰公有零售市場","行業代號1":null,"名稱1":null,"行業代號2":null,"名稱2":null,"行業代號3":null,"名稱3":null,"category":"夜市/市場攤販","id":10036487,"pay_list":"","pay_tool":""},{"index":47,"shop":"霧峰公有零售市場-勝義利肉商行","zone":"中彰投","city":"臺中市","area":"霧峰區","market_address":"臺中市霧峰區中正路958-6號","user":"曾顏玉葉","行業代號":null,"market_name":"霧峰公有零售市場","行業代號1":null,"名稱1":null,"行業代號2":null,"名稱2":null,"行業代號3":null,"名稱3":null,"category":"夜市/市場攤販","id":10036488,"pay_list":"","pay_tool":""},{"index":48,"shop":"霧峰公有零售市場-阿琴蔬菜行","zone":"中彰投","city":"臺中市","area":"霧峰區","market_address":"臺中市霧峰區中正路958-6號","user":"林盧秀琴","行業代號":null,"market_name":"霧峰公有零售市場","行業代號1":null,"名稱1":null,"行業代號2":null,"名稱2":null,"行業代號3":null,"名稱3":null,"category":"夜市/市場攤販","id":10036489,"pay_list":"","pay_tool":""},{"index":49,"shop":"霧峰公有零售市場-雲林海產攤","zone":"中彰投","city":"臺中市","area":"霧峰區","market_address":"臺中市霧峰區中正路958-6號","user":"林美玉","行業代號":null,"market_name":"霧峰公有零售市場","行業代號1":null,"名稱1":null,"行業代號2":null,"名稱2":null,"行業代號3":null,"名稱3":null,"category":"夜市/市場攤販","id":10036490,"pay_list":"","pay_tool":""},{"index":50,"shop":"霧峰公有零售市場-鮮魚行","zone":"中彰投","city":"臺中市","area":"霧峰區","market_address":"臺中市霧峰區中正路958-6號","user":"吳素珍","行業代號":null,"market_name":"霧峰公有零售市場","行業代號1":null,"名稱1":null,"行業代號2":null,"名稱2":null,"行業代號3":null,"名稱3":null,"category":"夜市/市場攤販","id":10036491,"pay_list":"","pay_tool":""},{"index":51,"shop":"霧峰公有零售市場-專業牛羊肉","zone":"中彰投","city":"臺中市","area":"霧峰區","market_address":"臺中市霧峰區中正路958-6號","user":"李春美","行業代號":null,"market_name":"霧峰公有零售市場","行業代號1":null,"名稱1":null,"行業代號2":null,"名稱2":null,"行業代號3":null,"名稱3":null,"category":"夜市/市場攤販","id":10036494,"pay_list":"","pay_tool":""},{"index":52,"shop":"霧峰公有零售市場-文發商號","zone":"中彰投","city":"臺中市","area":"霧峰區","market_address":"臺中市霧峰區中正路958-6號","user":"魏正祈","行業代號":null,"market_name":"霧峰公有零售市場","行業代號1":null,"名稱1":null,"行業代號2":null,"名稱2":null,"行業代號3":null,"名稱3":null,"category":"夜市/市場攤販","id":10036495,"pay_list":"","pay_tool":""},{"index":53,"shop":"霧峰公有零售市場-宏裕號獸肉商","zone":"中彰投","city":"臺中市","area":"霧峰區","market_address":"臺中市霧峰區中正路958-6號","user":"林耀卿","行業代號":null,"market_name":"霧峰公有零售市場","行業代號1":null,"名稱1":null,"行業代號2":null,"名稱2":null,"行業代號3":null,"名稱3":null,"category":"夜市/市場攤販","id":10036496,"pay_list":"","pay_tool":""},{"index":54,"shop":"霧峰公有零售市場-賴家黑豬肉","zone":"中彰投","city":"臺中市","area":"霧峰區","market_address":"臺中市霧峰區中正路958-6號","user":"林育英","行業代號":null,"market_name":"霧峰公有零售市場","行業代號1":null,"名稱1":null,"行業代號2":null,"名稱2":null,"行業代號3":null,"名稱3":null,"category":"夜市/市場攤販","id":10036497,"pay_list":"","pay_tool":""},{"index":55,"shop":"霧峰公有零售市場-賴家黑豬肉","zone":"中彰投","city":"臺中市","area":"霧峰區","market_address":"臺中市霧峰區中正路958-6號","user":"賴崑地","行業代號":null,"market_name":"霧峰公有零售市場","行業代號1":null,"名稱1":null,"行業代號2":null,"名稱2":null,"行業代號3":null,"名稱3":null,"category":"夜市/市場攤販","id":10036498,"pay_list":"","pay_tool":""},{"index":56,"shop":"霧峰公有零售市場-富蛤專業海產","zone":"中彰投","city":"臺中市","area":"霧峰區","market_address":"臺中市霧峰區中正路958-6號","user":"魏品昭","行業代號":null,"market_name":"霧峰公有零售市場","行業代號1":null,"名稱1":null,"行業代號2":null,"名稱2":null,"行業代號3":null,"名稱3":null,"category":"夜市/市場攤販","id":10036499,"pay_list":"","pay_tool":""},{"index":57,"shop":"霧峰公有零售市場-峰珠獸肉號","zone":"中彰投","city":"臺中市","area":"霧峰區","market_address":"臺中市霧峰區中正路958-6號","user":"魏月禎","行業代號":null,"market_name":"霧峰公有零售市場","行業代號1":null,"名稱1":null,"行業代號2":null,"名稱2":null,"行業代號3":null,"名稱3":null,"category":"夜市/市場攤販","id":10036500,"pay_list":"","pay_tool":""},{"index":58,"shop":"霧峰公有零售市場-青菜水果自產自銷","zone":"中彰投","city":"臺中市","area":"霧峰區","market_address":"臺中市霧峰區中正路958-6號","user":"魏金生","行業代號":null,"market_name":"霧峰公有零售市場","行業代號1":null,"名稱1":null,"行業代號2":null,"名稱2":null,"行業代號3":null,"名稱3":null,"category":"夜市/市場攤販","id":10036501,"pay_list":"","pay_tool":""},{"index":59,"shop":"霧峰公有零售市場-阿琴蔬菜行","zone":"中彰投","city":"臺中市","area":"霧峰區","market_address":"臺中市霧峰區中正路958-6號","user":"林坤松","行業代號":null,"market_name":"霧峰公有零售市場","行業代號1":null,"名稱1":null,"行業代號2":null,"名稱2":null,"行業代號3":null,"名稱3":null,"category":"夜市/市場攤販","id":10036502,"pay_list":"","pay_tool":""},{"index":60,"shop":"霧峰公有零售市場-陳亭云","zone":"中彰投","city":"臺中市","area":"霧峰區","market_address":"臺中市霧峰區中正路958-6號","user":"陳亭云","行業代號":null,"market_name":"霧峰公有零售市場","行業代號1":null,"名稱1":null,"行業代號2":null,"名稱2":null,"行業代號3":null,"名稱3":null,"category":"夜市/市場攤販","id":10036503,"pay_list":"","pay_tool":""},{"index":61,"shop":"霧峰公有零售市場-黃?儀","zone":"中彰投","city":"臺中市","area":"霧峰區","market_address":"臺中市霧峰區中正路958-6號","user":"黃?儀","行業代號":null,"market_name":"霧峰公有零售市場","行業代號1":null,"名稱1":null,"行業代號2":null,"名稱2":null,"行業代號3":null,"名稱3":null,"category":"夜市/市場攤販","id":10036505,"pay_list":"","pay_tool":""},{"index":62,"shop":"霧峰公有零售市場-洪永裕商行","zone":"中彰投","city":"臺中市","area":"霧峰區","market_address":"臺中市霧峰區中正路958-6號","user":"洪允鈴","行業代號":null,"market_name":"霧峰公有零售市場","行業代號1":null,"名稱1":null,"行業代號2":null,"名稱2":null,"行業代號3":null,"名稱3":null,"category":"夜市/市場攤販","id":10036506,"pay_list":"","pay_tool":""},{"index":63,"shop":"霧峰公有零售市場-阿仁鮮肉店","zone":"中彰投","city":"臺中市","area":"霧峰區","market_address":"臺中市霧峰區中正路958-6號","user":"胡士仁","行業代號":null,"market_name":"霧峰公有零售市場","行業代號1":null,"名稱1":null,"行業代號2":null,"名稱2":null,"行業代號3":null,"名稱3":null,"category":"夜市/市場攤販","id":10036507,"pay_list":"","pay_tool":""},{"index":64,"shop":"霧峰公有零售市場-台新土雞肉舖","zone":"中彰投","city":"臺中市","area":"霧峰區","market_address":"臺中市霧峰區中正路958-6號","user":"孫素蓁","行業代號":null,"market_name":"霧峰公有零售市場","行業代號1":null,"名稱1":null,"行業代號2":null,"名稱2":null,"行業代號3":null,"名稱3":null,"category":"夜市/市場攤販","id":10036508,"pay_list":"","pay_tool":""},{"index":65,"shop":"霧峰公有零售市場-金順發商號","zone":"中彰投","city":"臺中市","area":"霧峰區","market_address":"臺中市霧峰區中正路958-6號","user":"林芳蘭","行業代號":null,"market_name":"霧峰公有零售市場","行業代號1":null,"名稱1":null,"行業代號2":null,"名稱2":null,"行業代號3":null,"名稱3":null,"category":"夜市/市場攤販","id":10036509,"pay_list":"","pay_tool":""},{"index":66,"shop":"霧峰公有零售市場-吳記鵝肉","zone":"中彰投","city":"臺中市","area":"霧峰區","market_address":"臺中市霧峰區中正路958-6號","user":"林忠義","行業代號":null,"market_name":"霧峰公有零售市場","行業代號1":null,"名稱1":null,"行業代號2":null,"名稱2":null,"行業代號3":null,"名稱3":null,"category":"夜市/市場攤販","id":10036510,"pay_list":"","pay_tool":""},{"index":67,"shop":"霧峰公有零售市場-林曾德宜","zone":"中彰投","city":"臺中市","area":"霧峰區","market_address":"臺中市霧峰區中正路958-6號","user":"林曾德宜","行業代號":null,"market_name":"霧峰公有零售市場","行業代號1":null,"名稱1":null,"行業代號2":null,"名稱2":null,"行業代號3":null,"名稱3":null,"category":"夜市/市場攤販","id":10036511,"pay_list":"","pay_tool":""},{"index":68,"shop":"霧峰公有零售市場-鴨肉扁外燴","zone":"中彰投","city":"臺中市","area":"霧峰區","market_address":"臺中市霧峰區中正路958-6號","user":"林永祥","行業代號":null,"market_name":"霧峰公有零售市場","行業代號1":null,"名稱1":null,"行業代號2":null,"名稱2":null,"行業代號3":null,"名稱3":null,"category":"夜市/市場攤販","id":10036512,"pay_list":"","pay_tool":""},{"index":69,"shop":"霧峰公有零售市場-大坑麻竹筍","zone":"中彰投","city":"臺中市","area":"霧峰區","market_address":"臺中市霧峰區中正路958-6號","user":"魏東杰","行業代號":null,"market_name":"霧峰公有零售市場","行業代號1":null,"名稱1":null,"行業代號2":null,"名稱2":null,"行業代號3":null,"名稱3":null,"category":"夜市/市場攤販","id":10036513,"pay_list":"","pay_tool":""},{"index":70,"shop":"霧峰公有零售市場-阿霜台灣小吃","zone":"中彰投","city":"臺中市","area":"霧峰區","market_address":"臺中市霧峰區中正路958-6號","user":"林玉霜","行業代號":null,"market_name":"霧峰公有零售市場","行業代號1":null,"名稱1":null,"行業代號2":null,"名稱2":null,"行業代號3":null,"名稱3":null,"category":"夜市/市場攤販","id":10036514,"pay_list":"","pay_tool":""},{"index":71,"shop":"霧峰公有零售市場-王凱宜","zone":"中彰投","city":"臺中市","area":"霧峰區","market_address":"臺中市霧峰區中正路958-6號","user":"王凱宜","行業代號":null,"market_name":"霧峰公有零售市場","行業代號1":null,"名稱1":null,"行業代號2":null,"名稱2":null,"行業代號3":null,"名稱3":null,"category":"夜市/市場攤販","id":10036516,"pay_list":"","pay_tool":""},{"index":72,"shop":"霧峰公有零售市場-復春南北商店","zone":"中彰投","city":"臺中市","area":"霧峰區","market_address":"臺中市霧峰區中正路958-6號","user":"李麗香","行業代號":null,"market_name":"霧峰公有零售市場","行業代號1":null,"名稱1":null,"行業代號2":null,"名稱2":null,"行業代號3":null,"名稱3":null,"category":"夜市/市場攤販","id":10036517,"pay_list":"","pay_tool":""},{"index":73,"shop":"霧峰公有零售市場-金星海鮮行","zone":"中彰投","city":"臺中市","area":"霧峰區","market_address":"臺中市霧峰區中正路958-6號","user":"蔡寶蓮","行業代號":null,"market_name":"霧峰公有零售市場","行業代號1":null,"名稱1":null,"行業代號2":null,"名稱2":null,"行業代號3":null,"名稱3":null,"category":"夜市/市場攤販","id":10036518,"pay_list":"","pay_tool":""},{"index":74,"shop":"霧峰公有零售市場-許金蓮","zone":"中彰投","city":"臺中市","area":"霧峰區","market_address":"臺中市霧峰區中正路958-6號","user":"許金蓮","行業代號":null,"market_name":"霧峰公有零售市場","行業代號1":null,"名稱1":null,"行業代號2":null,"名稱2":null,"行業代號3":null,"名稱3":null,"category":"夜市/市場攤販","id":10036519,"pay_list":"","pay_tool":""},{"index":75,"shop":"霧峰公有零售市場-謝滿香","zone":"中彰投","city":"臺中市","area":"霧峰區","market_address":"臺中市霧峰區中正路958-6號","user":"謝滿香","行業代號":null,"market_name":"霧峰公有零售市場","行業代號1":null,"名稱1":null,"行業代號2":null,"名稱2":null,"行業代號3":null,"名稱3":null,"category":"夜市/市場攤販","id":10036520,"pay_list":"","pay_tool":""},{"index":76,"shop":"霧峰公有零售市場-洪永裕商行","zone":"中彰投","city":"臺中市","area":"霧峰區","market_address":"臺中市霧峰區中正路958-6號","user":"阮陳素玉","行業代號":null,"market_name":"霧峰公有零售市場","行業代號1":null,"名稱1":null,"行業代號2":null,"名稱2":null,"行業代號3":null,"名稱3":null,"category":"夜市/市場攤販","id":10036521,"pay_list":"","pay_tool":""},{"index":77,"shop":"霧峰公有零售市場-勝豐製麵店","zone":"中彰投","city":"臺中市","area":"霧峰區","market_address":"臺中市霧峰區中正路958-6號","user":"簡綿","行業代號":null,"market_name":"霧峰公有零售市場","行業代號1":null,"名稱1":null,"行業代號2":null,"名稱2":null,"行業代號3":null,"名稱3":null,"category":"夜市/市場攤販","id":10036522,"pay_list":"","pay_tool":""},{"index":78,"shop":"霧峰公有零售市場-勝豐製麵店","zone":"中彰投","city":"臺中市","area":"霧峰區","market_address":"臺中市霧峰區中正路958-6號","user":"王振洲","行業代號":null,"market_name":"霧峰公有零售市場","行業代號1":null,"名稱1":null,"行業代號2":null,"名稱2":null,"行業代號3":null,"名稱3":null,"category":"夜市/市場攤販","id":10036523,"pay_list":"","pay_tool":""},{"index":79,"shop":"霧峰公有零售市場-勝豐製麵店","zone":"中彰投","city":"臺中市","area":"霧峰區","market_address":"臺中市霧峰區中正路958-6號","user":"陳蘭妮","行業代號":null,"market_name":"霧峰公有零售市場","行業代號1":null,"名稱1":null,"行業代號2":null,"名稱2":null,"行業代號3":null,"名稱3":null,"category":"夜市/市場攤販","id":10036524,"pay_list":"","pay_tool":""},{"index":80,"shop":"霧峰公有零售市場-富吉製麵場","zone":"中彰投","city":"臺中市","area":"霧峰區","market_address":"臺中市霧峰區中正路958-6號","user":"劉柏男","行業代號":null,"market_name":"霧峰公有零售市場","行業代號1":null,"名稱1":null,"行業代號2":null,"名稱2":null,"行業代號3":null,"名稱3":null,"category":"夜市/市場攤販","id":10036525,"pay_list":"","pay_tool":""},{"index":81,"shop":"霧峰公有零售市場-富吉製麵場","zone":"中彰投","city":"臺中市","area":"霧峰區","market_address":"臺中市霧峰區中正路958-6號","user":"劉建成","行業代號":null,"market_name":"霧峰公有零售市場","行業代號1":null,"名稱1":null,"行業代號2":null,"名稱2":null,"行業代號3":null,"名稱3":null,"category":"夜市/市場攤販","id":10036527,"pay_list":"","pay_tool":""},{"index":82,"shop":"霧峰公有零售市場-勝豐製麵店","zone":"中彰投","city":"臺中市","area":"霧峰區","market_address":"臺中市霧峰區中正路958-6號","user":"王淑靜","行業代號":null,"market_name":"霧峰公有零售市場","行業代號1":null,"名稱1":null,"行業代號2":null,"名稱2":null,"行業代號3":null,"名稱3":null,"category":"夜市/市場攤販","id":10036528,"pay_list":"","pay_tool":""},{"index":83,"shop":"霧峰公有零售市場-新鮮蔬菜行","zone":"中彰投","city":"臺中市","area":"霧峰區","market_address":"臺中市霧峰區中正路958-6號","user":"張峻誠","行業代號":null,"market_name":"霧峰公有零售市場","行業代號1":null,"名稱1":null,"行業代號2":null,"名稱2":null,"行業代號3":null,"名稱3":null,"category":"夜市/市場攤販","id":10036529,"pay_list":"","pay_tool":""},{"index":84,"shop":"霧峰公有零售市場-鑫寶山土雞","zone":"中彰投","city":"臺中市","area":"霧峰區","market_address":"臺中市霧峰區中正路958-6號","user":"黃玉美","行業代號":null,"market_name":"霧峰公有零售市場","行業代號1":null,"名稱1":null,"行業代號2":null,"名稱2":null,"行業代號3":null,"名稱3":null,"category":"夜市/市場攤販","id":10036530,"pay_list":"","pay_tool":""},{"index":85,"shop":"霧峰公有零售市場-鑫寶山土雞","zone":"中彰投","city":"臺中市","area":"霧峰區","market_address":"臺中市霧峰區中正路958-6號","user":"楊東都","行業代號":null,"market_name":"霧峰公有零售市場","行業代號1":null,"名稱1":null,"行業代號2":null,"名稱2":null,"行業代號3":null,"名稱3":null,"category":"夜市/市場攤販","id":10036531,"pay_list":"","pay_tool":""},{"index":86,"shop":"霧峰公有零售市場-楊勝坤","zone":"中彰投","city":"臺中市","area":"霧峰區","market_address":"臺中市霧峰區中正路958-6號","user":"楊勝坤","行業代號":null,"market_name":"霧峰公有零售市場","行業代號1":null,"名稱1":null,"行業代號2":null,"名稱2":null,"行業代號3":null,"名稱3":null,"category":"夜市/市場攤販","id":10036532,"pay_list":"","pay_tool":""},{"index":87,"shop":"霧峰公有零售市場-香港蔡記燒臘","zone":"中彰投","city":"臺中市","area":"霧峰區","market_address":"臺中市霧峰區中正路958-6號","user":"吳連英","行業代號":null,"market_name":"霧峰公有零售市場","行業代號1":null,"名稱1":null,"行業代號2":null,"名稱2":null,"行業代號3":null,"名稱3":null,"category":"夜市/市場攤販","id":10036533,"pay_list":"","pay_tool":""},{"index":88,"shop":"霧峰公有零售市場-丸峰鮮魚行","zone":"中彰投","city":"臺中市","area":"霧峰區","market_address":"臺中市霧峰區中正路958-6號","user":"陳月娥","行業代號":null,"market_name":"霧峰公有零售市場","行業代號1":null,"名稱1":null,"行業代號2":null,"名稱2":null,"行業代號3":null,"名稱3":null,"category":"夜市/市場攤販","id":10036534,"pay_list":"","pay_tool":""},{"index":89,"shop":"霧峰公有零售市場-鮮力蛋","zone":"中彰投","city":"臺中市","area":"霧峰區","market_address":"臺中市霧峰區中正路958-6號","user":"江永祥","行業代號":null,"market_name":"霧峰公有零售市場","行業代號1":null,"名稱1":null,"行業代號2":null,"名稱2":null,"行業代號3":null,"名稱3":null,"category":"夜市/市場攤販","id":10036535,"pay_list":"","pay_tool":""},{"index":90,"shop":"霧峰公有零售市場-大里好吃?菜","zone":"中彰投","city":"臺中市","area":"霧峰區","market_address":"臺中市霧峰區中正路958-6號","user":"王碧娥","行業代號":null,"market_name":"霧峰公有零售市場","行業代號1":null,"名稱1":null,"行業代號2":null,"名稱2":null,"行業代號3":null,"名稱3":null,"category":"夜市/市場攤販","id":10036536,"pay_list":"","pay_tool":""},{"index":91,"shop":"霧峰公有零售市場-大禹嶺高山蔬果","zone":"中彰投","city":"臺中市","area":"霧峰區","market_address":"臺中市霧峰區中正路958-6號","user":"黃瑞芳","行業代號":null,"market_name":"霧峰公有零售市場","行業代號1":null,"名稱1":null,"行業代號2":null,"名稱2":null,"行業代號3":null,"名稱3":null,"category":"夜市/市場攤販","id":10036538,"pay_list":"","pay_tool":""},{"index":92,"shop":"霧峰公有零售市場-阿來海鮮行","zone":"中彰投","city":"臺中市","area":"霧峰區","market_address":"臺中市霧峰區中正路958-6號","user":"賴繼成","行業代號":null,"market_name":"霧峰公有零售市場","行業代號1":null,"名稱1":null,"行業代號2":null,"名稱2":null,"行業代號3":null,"名稱3":null,"category":"夜市/市場攤販","id":10036539,"pay_list":"","pay_tool":""},{"index":93,"shop":"霧峰公有零售市場-阿貞山土雞","zone":"中彰投","city":"臺中市","area":"霧峰區","market_address":"臺中市霧峰區中正路958-6號","user":"洪林媛貞","行業代號":null,"market_name":"霧峰公有零售市場","行業代號1":null,"名稱1":null,"行業代號2":null,"名稱2":null,"行業代號3":null,"名稱3":null,"category":"夜市/市場攤販","id":10036540,"pay_list":"","pay_tool":""},{"index":94,"shop":"霧峰公有零售市場-惠貞豬肉商行","zone":"中彰投","city":"臺中市","area":"霧峰區","market_address":"臺中市霧峰區中正路958-6號","user":"林李秀貞","行業代號":null,"market_name":"霧峰公有零售市場","行業代號1":null,"名稱1":null,"行業代號2":null,"名稱2":null,"行業代號3":null,"名稱3":null,"category":"夜市/市場攤販","id":10036541,"pay_list":"","pay_tool":""},{"index":95,"shop":"霧峰公有零售市場-月春麵食店","zone":"中彰投","city":"臺中市","area":"霧峰區","market_address":"臺中市霧峰區中正路958-6號","user":"張詩青","行業代號":null,"market_name":"霧峰公有零售市場","行業代號1":null,"名稱1":null,"行業代號2":null,"名稱2":null,"行業代號3":null,"名稱3":null,"category":"夜市/市場攤販","id":10036542,"pay_list":"","pay_tool":""},{"index":96,"shop":"霧峰公有零售市場-文發商號","zone":"中彰投","city":"臺中市","area":"霧峰區","market_address":"臺中市霧峰區中正路958-6號","user":"魏正祈","行業代號":null,"market_name":"霧峰公有零售市場","行業代號1":null,"名稱1":null,"行業代號2":null,"名稱2":null,"行業代號3":null,"名稱3":null,"category":"夜市/市場攤販","id":10036543,"pay_list":"","pay_tool":""},{"index":97,"shop":"霧峰公有零售市場-宏裕號獸肉商","zone":"中彰投","city":"臺中市","area":"霧峰區","market_address":"臺中市霧峰區中正路958-6號","user":"林耀卿","行業代號":null,"market_name":"霧峰公有零售市場","行業代號1":null,"名稱1":null,"行業代號2":null,"名稱2":null,"行業代號3":null,"名稱3":null,"category":"夜市/市場攤販","id":10036544,"pay_list":"","pay_tool":""},{"index":98,"shop":"霧峰公有零售市場-賴家黑豬肉","zone":"中彰投","city":"臺中市","area":"霧峰區","market_address":"臺中市霧峰區中正路958-6號","user":"賴崑地","行業代號":null,"market_name":"霧峰公有零售市場","行業代號1":null,"名稱1":null,"行業代號2":null,"名稱2":null,"行業代號3":null,"名稱3":null,"category":"夜市/市場攤販","id":10036545,"pay_list":"","pay_tool":""},{"index":99,"shop":"霧峰公有零售市場-賴家黑豬肉","zone":"中彰投","city":"臺中市","area":"霧峰區","market_address":"臺中市霧峰區中正路958-6號","user":"賴崑地","行業代號":null,"market_name":"霧峰公有零售市場","行業代號1":null,"名稱1":null,"行業代號2":null,"名稱2":null,"行業代號3":null,"名稱3":null,"category":"夜市/市場攤販","id":10036546,"pay_list":"","pay_tool":""},{"index":100,"shop":"霧峰公有零售市場-台新土雞肉舖","zone":"中彰投","city":"臺中市","area":"霧峰區","market_address":"臺中市霧峰區中正路958-6號","user":"孫素蓁","行業代號":null,"market_name":"霧峰公有零售市場","行業代號1":null,"名稱1":null,"行業代號2":null,"名稱2":null,"行業代號3":null,"名稱3":null,"category":"夜市/市場攤販","id":10036547,"pay_list":"","pay_tool":""},{"index":101,"shop":"霧峰公有零售市場-鴨肉扁外燴","zone":"中彰投","city":"臺中市","area":"霧峰區","market_address":"臺中市霧峰區中正路958-6號","user":"李柳枝","行業代號":null,"market_name":"霧峰公有零售市場","行業代號1":null,"名稱1":null,"行業代號2":null,"名稱2":null,"行業代號3":null,"名稱3":null,"category":"夜市/市場攤販","id":10036549,"pay_list":"","pay_tool":""},{"index":102,"shop":"霧峰公有零售市場-鴨肉扁外燴","zone":"中彰投","city":"臺中市","area":"霧峰區","market_address":"臺中市霧峰區中正路958-6號","user":"李柳枝","行業代號":null,"market_name":"霧峰公有零售市場","行業代號1":null,"名稱1":null,"行業代號2":null,"名稱2":null,"行業代號3":null,"名稱3":null,"category":"夜市/市場攤販","id":10036550,"pay_list":"","pay_tool":""},{"index":103,"shop":"霧峰公有零售市場-吳記鵝肉","zone":"中彰投","city":"臺中市","area":"霧峰區","market_address":"臺中市霧峰區中正路958-6號","user":"吳淑琴","行業代號":null,"market_name":"霧峰公有零售市場","行業代號1":null,"名稱1":null,"行業代號2":null,"名稱2":null,"行業代號3":null,"名稱3":null,"category":"夜市/市場攤販","id":10036551,"pay_list":"","pay_tool":""},{"index":104,"shop":"霧峰公有零售市場-阿蓮蔬菜","zone":"中彰投","city":"臺中市","area":"霧峰區","market_address":"臺中市霧峰區中正路958-6號","user":"陳阿蓮","行業代號":null,"market_name":"霧峰公有零售市場","行業代號1":null,"名稱1":null,"行業代號2":null,"名稱2":null,"行業代號3":null,"名稱3":null,"category":"夜市/市場攤販","id":10036552,"pay_list":"","pay_tool":""},{"index":105,"shop":"霧峰公有零售市場-潘永華","zone":"中彰投","city":"臺中市","area":"霧峰區","market_address":"臺中市霧峰區中正路958-6號","user":"潘永華","行業代號":null,"market_name":"霧峰公有零售市場","行業代號1":null,"名稱1":null,"行業代號2":null,"名稱2":null,"行業代號3":null,"名稱3":null,"category":"夜市/市場攤販","id":10036553,"pay_list":"","pay_tool":""},{"index":106,"shop":"霧峰公有零售市場-阿霜台灣小吃","zone":"中彰投","city":"臺中市","area":"霧峰區","market_address":"臺中市霧峰區中正路958-6號","user":"林玉霜","行業代號":null,"market_name":"霧峰公有零售市場","行業代號1":null,"名稱1":null,"行業代號2":null,"名稱2":null,"行業代號3":null,"名稱3":null,"category":"夜市/市場攤販","id":10036554,"pay_list":"","pay_tool":""},{"index":107,"shop":"霧峰公有零售市場-陳欣鴻","zone":"中彰投","city":"臺中市","area":"霧峰區","market_address":"臺中市霧峰區中正路958-6號","user":"陳欣鴻","行業代號":null,"market_name":"霧峰公有零售市場","行業代號1":null,"名稱1":null,"行業代號2":null,"名稱2":null,"行業代號3":null,"名稱3":null,"category":"夜市/市場攤販","id":10036555,"pay_list":"","pay_tool":""},{"index":108,"shop":"霧峰公有零售市場-越南料理","zone":"中彰投","city":"臺中市","area":"霧峰區","market_address":"臺中市霧峰區中正路958-6號","user":"林瑞卿","行業代號":null,"market_name":"霧峰公有零售市場","行業代號1":null,"名稱1":null,"行業代號2":null,"名稱2":null,"行業代號3":null,"名稱3":null,"category":"夜市/市場攤販","id":10036556,"pay_list":"","pay_tool":""},{"index":109,"shop":"霧峰公有零售市場-越南料理","zone":"中彰投","city":"臺中市","area":"霧峰區","market_address":"臺中市霧峰區中正路958-6號","user":"郭孟華","行業代號":null,"market_name":"霧峰公有零售市場","行業代號1":null,"名稱1":null,"行業代號2":null,"名稱2":null,"行業代號3":null,"名稱3":null,"category":"夜市/市場攤販","id":10036557,"pay_list":"","pay_tool":""},{"index":110,"shop":"霧峰公有零售市場-素食甜甜圈","zone":"中彰投","city":"臺中市","area":"霧峰區","market_address":"臺中市霧峰區中正路958-6號","user":"何朝旺","行業代號":null,"market_name":"霧峰公有零售市場","行業代號1":null,"名稱1":null,"行業代號2":null,"名稱2":null,"行業代號3":null,"名稱3":null,"category":"夜市/市場攤販","id":10036558,"pay_list":"","pay_tool":""},{"index":111,"shop":"霧峰公有零售市場-洪永裕商行","zone":"中彰投","city":"臺中市","area":"霧峰區","market_address":"臺中市霧峰區中正路958-6號","user":"洪允鈴","行業代號":null,"market_name":"霧峰公有零售市場","行業代號1":null,"名稱1":null,"行業代號2":null,"名稱2":null,"行業代號3":null,"名稱3":null,"category":"夜市/市場攤販","id":10036560,"pay_list":"","pay_tool":""},{"index":112,"shop":"霧峰公有零售市場-吳辰華","zone":"中彰投","city":"臺中市","area":"霧峰區","market_address":"臺中市霧峰區中正路958-6號","user":"吳辰華","行業代號":null,"market_name":"霧峰公有零售市場","行業代號1":null,"名稱1":null,"行業代號2":null,"名稱2":null,"行業代號3":null,"名稱3":null,"category":"夜市/市場攤販","id":10036561,"pay_list":"","pay_tool":""},{"index":113,"shop":"霧峰公有零售市場-盛杰豬肉攤","zone":"中彰投","city":"臺中市","area":"霧峰區","market_address":"臺中市霧峰區中正路958-6號","user":"賴正杰","行業代號":null,"market_name":"霧峰公有零售市場","行業代號1":null,"名稱1":null,"行業代號2":null,"名稱2":null,"行業代號3":null,"名稱3":null,"category":"夜市/市場攤販","id":10036562,"pay_list":"","pay_tool":""},{"index":114,"shop":"霧峰公有零售市場-富蛤專業海產","zone":"中彰投","city":"臺中市","area":"霧峰區","market_address":"臺中市霧峰區中正路958-6號","user":"劉麗玉","行業代號":null,"market_name":"霧峰公有零售市場","行業代號1":null,"名稱1":null,"行業代號2":null,"名稱2":null,"行業代號3":null,"名稱3":null,"category":"夜市/市場攤販","id":10036563,"pay_list":"","pay_tool":""},{"index":115,"shop":"霧峰公有零售市場-豐泰農產行","zone":"中彰投","city":"臺中市","area":"霧峰區","market_address":"臺中市霧峰區中正路958-6號","user":"張宗雄","行業代號":null,"market_name":"霧峰公有零售市場","行業代號1":null,"名稱1":null,"行業代號2":null,"名稱2":null,"行業代號3":null,"名稱3":null,"category":"夜市/市場攤販","id":10036564,"pay_list":"","pay_tool":""},{"index":116,"shop":"霧峰公有零售市場-鴨肉扁外燴","zone":"中彰投","city":"臺中市","area":"霧峰區","market_address":"臺中市霧峰區中正路958-6號","user":"林永祥","行業代號":null,"market_name":"霧峰公有零售市場","行業代號1":null,"名稱1":null,"行業代號2":null,"名稱2":null,"行業代號3":null,"名稱3":null,"category":"夜市/市場攤販","id":10036565,"pay_list":"","pay_tool":""},{"index":117,"shop":"霧峰公有零售市場-豐泰農產行","zone":"中彰投","city":"臺中市","area":"霧峰區","market_address":"臺中市霧峰區中正路958-6號","user":"張宗雄","行業代號":null,"market_name":"霧峰公有零售市場","行業代號1":null,"名稱1":null,"行業代號2":null,"名稱2":null,"行業代號3":null,"名稱3":null,"category":"夜市/市場攤販","id":10036566,"pay_list":"","pay_tool":""},{"index":118,"shop":"霧峰公有零售市場-霧峰幸福小吃","zone":"中彰投","city":"臺中市","area":"霧峰區","market_address":"臺中市霧峰區中正路958-6號","user":"謝飛潭","行業代號":null,"market_name":"霧峰公有零售市場","行業代號1":null,"名稱1":null,"行業代號2":null,"名稱2":null,"行業代號3":null,"名稱3":null,"category":"夜市/市場攤販","id":10036567,"pay_list":"","pay_tool":""},{"index":119,"shop":"霧峰公有零售市場-霧峰幸福小吃","zone":"中彰投","city":"臺中市","area":"霧峰區","market_address":"臺中市霧峰區中正路958-6號","user":"謝飛潭","行業代號":null,"market_name":"霧峰公有零售市場","行業代號1":null,"名稱1":null,"行業代號2":null,"名稱2":null,"行業代號3":null,"名稱3":null,"category":"夜市/市場攤販","id":10036568,"pay_list":"","pay_tool":""},{"index":120,"shop":"霧峰公有零售市場-盛杰豬肉攤","zone":"中彰投","city":"臺中市","area":"霧峰區","market_address":"臺中市霧峰區中正路958-6號","user":"賴正杰","行業代號":null,"market_name":"霧峰公有零售市場","行業代號1":null,"名稱1":null,"行業代號2":null,"名稱2":null,"行業代號3":null,"名稱3":null,"category":"夜市/市場攤販","id":10036569,"pay_list":"","pay_tool":""},{"index":121,"shop":"霧峰公有零售市場-霧峰幸福小吃","zone":"中彰投","city":"臺中市","area":"霧峰區","market_address":"臺中市霧峰區中正路958-6號","user":"謝飛潭","行業代號":null,"market_name":"霧峰公有零售市場","行業代號1":null,"名稱1":null,"行業代號2":null,"名稱2":null,"行業代號3":null,"名稱3":null,"category":"夜市/市場攤販","id":10036571,"pay_list":"","pay_tool":""},{"index":122,"shop":"霧峰公有零售市場-霧峰幸福小吃","zone":"中彰投","city":"臺中市","area":"霧峰區","market_address":"臺中市霧峰區中正路958-6號","user":"謝飛潭","行業代號":null,"market_name":"霧峰公有零售市場","行業代號1":null,"名稱1":null,"行業代號2":null,"名稱2":null,"行業代號3":null,"名稱3":null,"category":"夜市/市場攤販","id":10036572,"pay_list":"","pay_tool":""},{"index":123,"shop":"霧峰公有零售市場-霧峰幸福小吃","zone":"中彰投","city":"臺中市","area":"霧峰區","market_address":"臺中市霧峰區中正路958-6號","user":"謝飛潭","行業代號":null,"market_name":"霧峰公有零售市場","行業代號1":null,"名稱1":null,"行業代號2":null,"名稱2":null,"行業代號3":null,"名稱3":null,"category":"夜市/市場攤販","id":10036573,"pay_list":"","pay_tool":""},{"index":124,"shop":"霧峰公有零售市場-盛杰豬肉攤","zone":"中彰投","city":"臺中市","area":"霧峰區","market_address":"臺中市霧峰區中正路958-6號","user":"施秀娟","行業代號":null,"market_name":"霧峰公有零售市場","行業代號1":null,"名稱1":null,"行業代號2":null,"名稱2":null,"行業代號3":null,"名稱3":null,"category":"夜市/市場攤販","id":10036574,"pay_list":"","pay_tool":""},{"index":125,"shop":"霧峰公有零售市場-阿綢小吃部","zone":"中彰投","city":"臺中市","area":"霧峰區","market_address":"臺中市霧峰區中正路958-6號","user":"黃玉綢","行業代號":null,"market_name":"霧峰公有零售市場","行業代號1":null,"名稱1":null,"行業代號2":null,"名稱2":null,"行業代號3":null,"名稱3":null,"category":"夜市/市場攤販","id":10036575,"pay_list":"","pay_tool":""},{"index":126,"shop":"霧峰公有零售市場-阿綢小吃部","zone":"中彰投","city":"臺中市","area":"霧峰區","market_address":"臺中市霧峰區中正路958-6號","user":"黃玉綢","行業代號":null,"market_name":"霧峰公有零售市場","行業代號1":null,"名稱1":null,"行業代號2":null,"名稱2":null,"行業代號3":null,"名稱3":null,"category":"夜市/市場攤販","id":10036576,"pay_list":"","pay_tool":""},{"index":127,"shop":"霧峰公有零售市場-阿綢小吃部","zone":"中彰投","city":"臺中市","area":"霧峰區","market_address":"臺中市霧峰區中正路958-6號","user":"黃玉綢","行業代號":null,"market_name":"霧峰公有零售市場","行業代號1":null,"名稱1":null,"行業代號2":null,"名稱2":null,"行業代號3":null,"名稱3":null,"category":"夜市/市場攤販","id":10036577,"pay_list":"","pay_tool":""},{"index":128,"shop":"霧峰公有零售市場-阿綢小吃部","zone":"中彰投","city":"臺中市","area":"霧峰區","market_address":"臺中市霧峰區中正路958-6號","user":"黃玉綢","行業代號":null,"market_name":"霧峰公有零售市場","行業代號1":null,"名稱1":null,"行業代號2":null,"名稱2":null,"行業代號3":null,"名稱3":null,"category":"夜市/市場攤販","id":10036578,"pay_list":"","pay_tool":""},{"index":129,"shop":"霧峰公有零售市場-霧峰幸福小吃","zone":"中彰投","city":"臺中市","area":"霧峰區","market_address":"臺中市霧峰區中正路958-6號","user":"謝飛潭","行業代號":null,"market_name":"霧峰公有零售市場","行業代號1":null,"名稱1":null,"行業代號2":null,"名稱2":null,"行業代號3":null,"名稱3":null,"category":"夜市/市場攤販","id":10036579,"pay_list":"","pay_tool":""},{"index":130,"shop":"霧峰公有零售市場-鴨肉扁外燴","zone":"中彰投","city":"臺中市","area":"霧峰區","market_address":"臺中市霧峰區中正路958-6號","user":"林永祥","行業代號":null,"market_name":"霧峰公有零售市場","行業代號1":null,"名稱1":null,"行業代號2":null,"名稱2":null,"行業代號3":null,"名稱3":null,"category":"夜市/市場攤販","id":10036580,"pay_list":"","pay_tool":""},{"index":131,"shop":"霧峰公有零售市場-洪永裕商行","zone":"中彰投","city":"臺中市","area":"霧峰區","market_address":"臺中市霧峰區中正路958-6號","user":"阮陳素玉","行業代號":null,"market_name":"霧峰公有零售市場","行業代號1":null,"名稱1":null,"行業代號2":null,"名稱2":null,"行業代號3":null,"名稱3":null,"category":"夜市/市場攤販","id":10036582,"pay_list":"","pay_tool":""},{"index":132,"shop":"霧峰公有零售市場-阿貞山土雞","zone":"中彰投","city":"臺中市","area":"霧峰區","market_address":"臺中市霧峰區中正路958-6號","user":"黃宣維洪林嬡貞","行業代號":null,"market_name":"霧峰公有零售市場","行業代號1":null,"名稱1":null,"行業代號2":null,"名稱2":null,"行業代號3":null,"名稱3":null,"category":"夜市/市場攤販","id":10036583,"pay_list":"","pay_tool":""},{"index":133,"shop":"霧峰公有零售市場-惠貞豬肉商行","zone":"中彰投","city":"臺中市","area":"霧峰區","market_address":"臺中市霧峰區中正路958-6號","user":"林承鈞","行業代號":null,"market_name":"霧峰公有零售市場","行業代號1":null,"名稱1":null,"行業代號2":null,"名稱2":null,"行業代號3":null,"名稱3":null,"category":"夜市/市場攤販","id":10036584,"pay_list":"","pay_tool":""},{"index":134,"shop":"霧峰公有零售市場-月春麵食店","zone":"中彰投","city":"臺中市","area":"霧峰區","market_address":"臺中市霧峰區中正路958-6號","user":"古碧貴","行業代號":null,"market_name":"霧峰公有零售市場","行業代號1":null,"名稱1":null,"行業代號2":null,"名稱2":null,"行業代號3":null,"名稱3":null,"category":"夜市/市場攤販","id":10036585,"pay_list":"","pay_tool":""},{"index":135,"shop":"霧峰公有零售市場-阿祥鮮魚行","zone":"中彰投","city":"臺中市","area":"霧峰區","market_address":"臺中市霧峰區中正路958-6號","user":"林茂祥","行業代號":null,"market_name":"霧峰公有零售市場","行業代號1":null,"名稱1":null,"行業代號2":null,"名稱2":null,"行業代號3":null,"名稱3":null,"category":"夜市/市場攤販","id":10036586,"pay_list":"","pay_tool":""},{"index":136,"shop":"霧峰公有零售市場-香港蔡記燒臘","zone":"中彰投","city":"臺中市","area":"霧峰區","market_address":"臺中市霧峰區中正路958-6號","user":"黃雅靖","行業代號":null,"market_name":"霧峰公有零售市場","行業代號1":null,"名稱1":null,"行業代號2":null,"名稱2":null,"行業代號3":null,"名稱3":null,"category":"夜市/市場攤販","id":10036587,"pay_list":"","pay_tool":""},{"index":137,"shop":"霧峰公有零售市場-九峰鮮魚行","zone":"中彰投","city":"臺中市","area":"霧峰區","market_address":"臺中市霧峰區中正路958-6號","user":"林裕豐","行業代號":null,"market_name":"霧峰公有零售市場","行業代號1":null,"名稱1":null,"行業代號2":null,"名稱2":null,"行業代號3":null,"名稱3":null,"category":"夜市/市場攤販","id":10036588,"pay_list":"","pay_tool":""},{"index":138,"shop":"霧峰公有零售市場-阿祥鮮魚行","zone":"中彰投","city":"臺中市","area":"霧峰區","market_address":"臺中市霧峰區中正路958-6號","user":"林茂祥","行業代號":null,"market_name":"霧峰公有零售市場","行業代號1":null,"名稱1":null,"行業代號2":null,"名稱2":null,"行業代號3":null,"名稱3":null,"category":"夜市/市場攤販","id":10036589,"pay_list":"","pay_tool":""},{"index":139,"shop":"霧峰公有零售市場-阿祥鮮魚行","zone":"中彰投","city":"臺中市","area":"霧峰區","market_address":"臺中市霧峰區中正路958-6號","user":"林子鴻","行業代號":null,"market_name":"霧峰公有零售市場","行業代號1":null,"名稱1":null,"行業代號2":null,"名稱2":null,"行業代號3":null,"名稱3":null,"category":"夜市/市場攤販","id":10036590,"pay_list":"","pay_tool":""},{"index":140,"shop":"霧峰公有零售市場-九峰鮮魚行","zone":"中彰投","city":"臺中市","area":"霧峰區","market_address":"臺中市霧峰區中正路958-6號","user":"林裕豐","行業代號":null,"market_name":"霧峰公有零售市場","行業代號1":null,"名稱1":null,"行業代號2":null,"名稱2":null,"行業代號3":null,"名稱3":null,"category":"夜市/市場攤販","id":10036591,"pay_list":"","pay_tool":""},{"index":141,"shop":"霧峰公有零售市場-熟玉米","zone":"中彰投","city":"臺中市","area":"霧峰區","market_address":"臺中市霧峰區中正路958-6號","user":"江茂星、賴敬雄","行業代號":null,"market_name":"霧峰公有零售市場","行業代號1":null,"名稱1":null,"行業代號2":null,"名稱2":null,"行業代號3":null,"名稱3":null,"category":"夜市/市場攤販","id":10036593,"pay_list":"","pay_tool":""},{"index":142,"shop":"霧峰公有零售市場-曾瑞郎","zone":"中彰投","city":"臺中市","area":"霧峰區","market_address":"臺中市霧峰區中正路958-6號","user":"曾瑞郎","行業代號":null,"market_name":"霧峰公有零售市場","行業代號1":null,"名稱1":null,"行業代號2":null,"名稱2":null,"行業代號3":null,"名稱3":null,"category":"夜市/市場攤販","id":10036594,"pay_list":"","pay_tool":""},{"index":143,"shop":"霧峰公有零售市場-鍋貼煎包水餃","zone":"中彰投","city":"臺中市","area":"霧峰區","market_address":"臺中市霧峰區中正路958-6號","user":"林郡儀","行業代號":null,"market_name":"霧峰公有零售市場","行業代號1":null,"名稱1":null,"行業代號2":null,"名稱2":null,"行業代號3":null,"名稱3":null,"category":"夜市/市場攤販","id":10036595,"pay_list":"","pay_tool":""},{"index":144,"shop":"中投萬巒豬腳","zone":"中彰投","city":"臺中市","area":"霧峰區","market_address":"臺中市霧峰區南勢里８鄰豐正路４５５巷１８號１樓","user":"林海樹","行業代號":null,"market_name":["餐食攤販"],"行業代號1":null,"名稱1":null,"行業代號2":null,"名稱2":null,"行業代號3":null,"名稱3":null,"category":["夜市/市場攤販"],"id":20003544,"pay_list":"","pay_tool":""},{"index":145,"shop":"阿興鵝肉","zone":"中彰投","city":"臺中市","area":"霧峰區","market_address":"臺中市霧峰區北柳里１０鄰四德路４３３號","user":"林麗珍","行業代號":null,"market_name":["餐食攤販"],"行業代號1":null,"名稱1":null,"行業代號2":null,"名稱2":null,"行業代號3":null,"名稱3":null,"category":["夜市/市場攤販"],"id":20013089,"pay_list":"","pay_tool":""},{"index":146,"shop":"霧峰賴家包子","zone":"中彰投","city":"臺中市","area":"霧峰區","market_address":"臺中市霧峰區中正里中正路９６４號","user":"陳湘娥","行業代號":null,"market_name":["餐食攤販"],"行業代號1":null,"名稱1":null,"行業代號2":null,"名稱2":null,"行業代號3":null,"名稱3":null,"category":["夜市/市場攤販"],"id":20026878,"pay_list":["街口支付","LINE PAY MONEY"],"pay_tool":["行動支付"]},{"index":147,"shop":"王哥滷味店","zone":"中彰投","city":"臺中市","area":"霧峰區","market_address":"臺中市霧峰區吉峰里吉峰東路１６８號（朝陽科技大學第二餐廳）","user":"沈錦綢","行業代號":null,"market_name":["餐食攤販"],"行業代號1":null,"名稱1":null,"行業代號2":null,"名稱2":null,"行業代號3":null,"名稱3":null,"category":["夜市/市場攤販"],"id":20031934,"pay_list":"","pay_tool":""},{"index":148,"shop":"紅帥麵館","zone":"中彰投","city":"臺中市","area":"霧峰區","market_address":"臺中市霧峰區吉峰里１１鄰吉峰東路１６８號","user":"林川景","行業代號":null,"market_name":["餐食攤販"],"行業代號1":null,"名稱1":null,"行業代號2":null,"名稱2":null,"行業代號3":null,"名稱3":null,"category":["夜市/市場攤販"],"id":20031935,"pay_list":["LINE PAY MONEY"],"pay_tool":["行動支付"]},{"index":149,"shop":"橋頭小吃部","zone":"中彰投","city":"臺中市","area":"霧峰區","market_address":"臺中市霧峰區坑口里中正路５３８巷１號","user":"李德明","行業代號":null,"market_name":["餐食攤販"],"行業代號1":null,"名稱1":null,"行業代號2":null,"名稱2":null,"行業代號3":null,"名稱3":null,"category":["夜市/市場攤販"],"id":20032455,"pay_list":"","pay_tool":""},{"index":150,"shop":"四德早店","zone":"中彰投","city":"臺中市","area":"霧峰區","market_address":"臺中市霧峰區四德里四德路５７７號","user":"黃俊淯","行業代號":null,"market_name":["餐食攤販"],"行業代號1":null,"名稱1":null,"行業代號2":null,"名稱2":null,"行業代號3":null,"名稱3":null,"category":["夜市/市場攤販"],"id":20039839,"pay_list":"","pay_tool":""},{"index":151,"shop":"李歐披薩","zone":"中彰投","city":"臺中市","area":"霧峰區","market_address":"臺中市霧峰區本堂里樹仁路９１號１樓（騎樓）","user":"陳珮潔","行業代號":null,"market_name":["餐食攤販"],"行業代號1":null,"名稱1":null,"行業代號2":null,"名稱2":null,"行業代號3":null,"名稱3":null,"category":["夜市/市場攤販"],"id":20048957,"pay_list":"","pay_tool":""},{"index":152,"shop":"張世介","zone":"中彰投","city":"臺中市","area":"霧峰區","market_address":"臺中市霧峰區本鄉里民主街２０號前面","user":"張世介","行業代號":null,"market_name":["餐食攤販"],"行業代號1":null,"名稱1":null,"行業代號2":null,"名稱2":null,"行業代號3":null,"名稱3":null,"category":["夜市/市場攤販"],"id":20057741,"pay_list":"","pay_tool":""},{"index":153,"shop":"豪香麻辣批發專賣店","zone":"中彰投","city":"臺中市","area":"霧峰區","market_address":"臺中市霧峰區本堂里９鄰林森路４１０巷２０號１樓","user":"劉文豪","行業代號":"561200","market_name":["餐食攤販"],"行業代號1":"","名稱1":"","行業代號2":"","名稱2":"","行業代號3":"","名稱3":"","category":["夜市/市場攤販"],"id":60049145,"pay_list":null,"pay_tool":null},{"index":154,"shop":"家園快炒店","zone":"中彰投","city":"臺中市","area":"霧峰區","market_address":"臺中市霧峰區萊園里仁德巷３０－１號","user":"王阿鳳","行業代號":"561200","market_name":["視唱中心（ＫＴＶ）","餐食攤販"],"行業代號1":"932211","名稱1":"視唱中心（ＫＴＶ）","行業代號2":"","名稱2":"","行業代號3":"","名稱3":"","category":["夜市/市場攤販"],"id":60060014,"pay_list":null,"pay_tool":null},{"index":155,"shop":"成威商行","zone":"中彰投","city":"臺中市","area":"霧峰區","market_address":"臺中市霧峰區本鄉里民權街５６號","user":"何維訓","行業代號":"561200","market_name":["清潔用品零售","西點麵包零售","餐食攤販"],"行業代號1":"472922","名稱1":"西點麵包零售","行業代號2":"474917","名稱2":"清潔用品零售","行業代號3":"","名稱3":"","category":["糕餅","夜市/市場攤販"],"id":60069614,"pay_list":null,"pay_tool":null},{"index":156,"shop":"美茹泰式餐館","zone":"中彰投","city":"臺中市","area":"霧峰區","market_address":"臺中市霧峰區吉峰里吉峰路１２４－２號","user":"陳大任","行業代號":"561200","market_name":["餐食攤販"],"行業代號1":"","名稱1":"","行業代號2":"","名稱2":"","行業代號3":"","名稱3":"","category":["夜市/市場攤販"],"id":60069756,"pay_list":null,"pay_tool":null},{"index":157,"shop":"就是愛鬆餅咖啡","zone":"中彰投","city":"臺中市","area":"霧峰區","market_address":"臺中市霧峰區吉峰里民生路２２１－５號１樓","user":"何煥文","行業代號":"561200","market_name":["餐食攤販"],"行業代號1":"","名稱1":"","行業代號2":"","名稱2":"","行業代號3":"","名稱3":"","category":["夜市/市場攤販"],"id":60112375,"pay_list":null,"pay_tool":null}]