[{"index":1,"shop":"添財有限公司","zone":"北北基","city":"臺北市","area":"中正區","market_address":"臺北市中正區開封街１段３８號１、２樓","user":"林志宏","行業代號":"561200","market_name":["餐食攤販"],"行業代號1":"","名稱1":"","行業代號2":"","名稱2":"","行業代號3":"","名稱3":"","category":["夜市/市場攤販"],"id":60010017},{"index":2,"shop":"圓理想事業有限公司","zone":"北北基","city":"臺北市","area":"中正區","market_address":"臺北市中正區師大路１７７號１樓","user":"姚添富","行業代號":"561200","market_name":["外燴（辦桌）承包","餐食攤販"],"行業代號1":"562011","名稱1":"外燴（辦桌）承包","行業代號2":"","名稱2":"","行業代號3":"","名稱3":"","category":["餐飲","夜市/市場攤販"],"id":60019043},{"index":3,"shop":"新永和豆漿店","zone":"北北基","city":"臺北市","area":"中正區","market_address":"臺北市中正區羅斯福路３段２４４巷２號１樓","user":"邱仕龍","行業代號":"561200","market_name":["餐食攤販"],"行業代號1":"","名稱1":"","行業代號2":"","名稱2":"","行業代號3":"","名稱3":"","category":["夜市/市場攤販"],"id":60032379},{"index":4,"shop":"海銘商行","zone":"北北基","city":"臺北市","area":"中正區","market_address":"臺北市中正區黎明里忠孝西路１段３８號","user":"李駿屏","行業代號":"561200","market_name":["餐食攤販"],"行業代號1":"","名稱1":"","行業代號2":"","名稱2":"","行業代號3":"","名稱3":"","category":["夜市/市場攤販"],"id":60036284},{"index":5,"shop":"海銘商行","zone":"北北基","city":"臺北市","area":"中正區","market_address":"臺北市中正區黎明里忠孝西路１段３８號","user":"鍾麗美","行業代號":"561200","market_name":["餐食攤販"],"行業代號1":"","名稱1":"","行業代號2":"","名稱2":"","行業代號3":"","名稱3":"","category":["夜市/市場攤販"],"id":60036285},{"index":6,"shop":"中樺豆漿店","zone":"北北基","city":"臺北市","area":"中正區","market_address":"臺北市中正區中華路２段１０９巷１號１樓","user":"石飛煌","行業代號":"561200","market_name":["餐食攤販"],"行業代號1":"","名稱1":"","行業代號2":"","名稱2":"","行業代號3":"","名稱3":"","category":["夜市/市場攤販"],"id":60049314},{"index":7,"shop":"披薩阿姨的屋","zone":"北北基","city":"臺北市","area":"中正區","market_address":"臺北市中正區幸市里濟南路２段４８巷５－５號１樓","user":"黃淑貞","行業代號":"561200","market_name":["餐食攤販"],"行業代號1":"","名稱1":"","行業代號2":"","名稱2":"","行業代號3":"","名稱3":"","category":["夜市/市場攤販"],"id":60052215}]