[{"index":1,"shop":"吉香無骨炸雞店","zone":"北北基","city":"基隆市","area":"中山區","market_address":"基隆市中山區德和里復興路１１３號","user":"許書宏","行業代號":"561200","market_name":["餐食攤販"],"行業代號1":"","名稱1":"","行業代號2":"","名稱2":"","行業代號3":"","名稱3":"","category":["夜市/市場攤販"],"id":60045886},{"index":2,"shop":"西定煎包店","zone":"北北基","city":"基隆市","area":"中山區","market_address":"基隆市中山區西華里西定路１１２號","user":"陳三棋","行業代號":"561200","market_name":["餐食攤販"],"行業代號1":"","名稱1":"","行業代號2":"","名稱2":"","行業代號3":"","名稱3":"","category":["夜市/市場攤販"],"id":60087814},{"index":3,"shop":"基隆鐵路邊胡椒餅","zone":"北北基","city":"基隆市","area":"中山區","market_address":"基隆市中山區新建里新生路１００號","user":"連勝彥","行業代號":"561200","market_name":["餐食攤販"],"行業代號1":"","名稱1":"","行業代號2":"","名稱2":"","行業代號3":"","名稱3":"","category":["夜市/市場攤販"],"id":60104922},{"index":4,"shop":"洪佳豆花店","zone":"北北基","city":"基隆市","area":"中山區","market_address":"基隆市中山區西康里復興路３７－１號","user":"洪得元","行業代號":"561200","market_name":["餐食攤販"],"行業代號1":"","名稱1":"","行業代號2":"","名稱2":"","行業代號3":"","名稱3":"","category":["夜市/市場攤販"],"id":60125626}]