[{"index":1,"id":10053370,"user":"李張美來","shop":"六甲公有零售市場-A01","category":"夜市/市場攤販","zone":"雲嘉南","city":"臺南市","area":"六甲區","market_name":"六甲公有零售市場","market_address":"臺南市六甲區中正路522號","pay_list":"","pay_tool":"","行業代號":null,"行業代號1":null,"名稱1":null,"行業代號2":null,"名稱2":null,"行業代號3":null,"名稱3":null},{"index":2,"id":10053371,"user":"徐林麗雲","shop":"六甲公有零售市場-A02","category":"夜市/市場攤販","zone":"雲嘉南","city":"臺南市","area":"六甲區","market_name":"六甲公有零售市場","market_address":"臺南市六甲區中正路522號","pay_list":"","pay_tool":"","行業代號":null,"行業代號1":null,"名稱1":null,"行業代號2":null,"名稱2":null,"行業代號3":null,"名稱3":null},{"index":3,"id":10053372,"user":"李亮儒","shop":"六甲公有零售市場-A03","category":"夜市/市場攤販","zone":"雲嘉南","city":"臺南市","area":"六甲區","market_name":"六甲公有零售市場","market_address":"臺南市六甲區中正路522號","pay_list":"","pay_tool":"","行業代號":null,"行業代號1":null,"名稱1":null,"行業代號2":null,"名稱2":null,"行業代號3":null,"名稱3":null},{"index":4,"id":10053373,"user":"黃敦滿","shop":"六甲公有零售市場-A04","category":"夜市/市場攤販","zone":"雲嘉南","city":"臺南市","area":"六甲區","market_name":"六甲公有零售市場","market_address":"臺南市六甲區中正路522號","pay_list":"","pay_tool":"","行業代號":null,"行業代號1":null,"名稱1":null,"行業代號2":null,"名稱2":null,"行業代號3":null,"名稱3":null},{"index":5,"id":10053374,"user":"黃敦滿","shop":"六甲公有零售市場-A05","category":"夜市/市場攤販","zone":"雲嘉南","city":"臺南市","area":"六甲區","market_name":"六甲公有零售市場","market_address":"臺南市六甲區中正路522號","pay_list":"","pay_tool":"","行業代號":null,"行業代號1":null,"名稱1":null,"行業代號2":null,"名稱2":null,"行業代號3":null,"名稱3":null},{"index":6,"id":10053375,"user":"黃劉玉秀","shop":"六甲公有零售市場-A06","category":"夜市/市場攤販","zone":"雲嘉南","city":"臺南市","area":"六甲區","market_name":"六甲公有零售市場","market_address":"臺南市六甲區中正路522號","pay_list":"","pay_tool":"","行業代號":null,"行業代號1":null,"名稱1":null,"行業代號2":null,"名稱2":null,"行業代號3":null,"名稱3":null},{"index":7,"id":10053376,"user":"陳許美玉","shop":"六甲公有零售市場-A07","category":"夜市/市場攤販","zone":"雲嘉南","city":"臺南市","area":"六甲區","market_name":"六甲公有零售市場","market_address":"臺南市六甲區中正路522號","pay_list":"","pay_tool":"","行業代號":null,"行業代號1":null,"名稱1":null,"行業代號2":null,"名稱2":null,"行業代號3":null,"名稱3":null},{"index":8,"id":10053377,"user":"蘇明珠","shop":"六甲公有零售市場-A08","category":"夜市/市場攤販","zone":"雲嘉南","city":"臺南市","area":"六甲區","market_name":"六甲公有零售市場","market_address":"臺南市六甲區中正路522號","pay_list":"","pay_tool":"","行業代號":null,"行業代號1":null,"名稱1":null,"行業代號2":null,"名稱2":null,"行業代號3":null,"名稱3":null},{"index":9,"id":10053378,"user":"陳昭榮","shop":"六甲公有零售市場-A09","category":"夜市/市場攤販","zone":"雲嘉南","city":"臺南市","area":"六甲區","market_name":"六甲公有零售市場","market_address":"臺南市六甲區中正路522號","pay_list":"","pay_tool":"","行業代號":null,"行業代號1":null,"名稱1":null,"行業代號2":null,"名稱2":null,"行業代號3":null,"名稱3":null},{"index":10,"id":10053379,"user":"洪黃秋英","shop":"六甲公有零售市場-A10","category":"夜市/市場攤販","zone":"雲嘉南","city":"臺南市","area":"六甲區","market_name":"六甲公有零售市場","market_address":"臺南市六甲區中正路522號","pay_list":"","pay_tool":"","行業代號":null,"行業代號1":null,"名稱1":null,"行業代號2":null,"名稱2":null,"行業代號3":null,"名稱3":null},{"index":11,"id":10053381,"user":"洪嘉祥","shop":"六甲公有零售市場-A11","category":"夜市/市場攤販","zone":"雲嘉南","city":"臺南市","area":"六甲區","market_name":"六甲公有零售市場","market_address":"臺南市六甲區中正路522號","pay_list":"","pay_tool":"","行業代號":null,"行業代號1":null,"名稱1":null,"行業代號2":null,"名稱2":null,"行業代號3":null,"名稱3":null},{"index":12,"id":10053382,"user":"林陳阿月","shop":"六甲公有零售市場-A12","category":"夜市/市場攤販","zone":"雲嘉南","city":"臺南市","area":"六甲區","market_name":"六甲公有零售市場","market_address":"臺南市六甲區中正路522號","pay_list":"","pay_tool":"","行業代號":null,"行業代號1":null,"名稱1":null,"行業代號2":null,"名稱2":null,"行業代號3":null,"名稱3":null},{"index":13,"id":10053383,"user":"洪偉耀","shop":"六甲公有零售市場-A13","category":"夜市/市場攤販","zone":"雲嘉南","city":"臺南市","area":"六甲區","market_name":"六甲公有零售市場","market_address":"臺南市六甲區中正路522號","pay_list":"","pay_tool":"","行業代號":null,"行業代號1":null,"名稱1":null,"行業代號2":null,"名稱2":null,"行業代號3":null,"名稱3":null},{"index":14,"id":10053384,"user":"洪嘉隆","shop":"六甲公有零售市場-A14","category":"夜市/市場攤販","zone":"雲嘉南","city":"臺南市","area":"六甲區","market_name":"六甲公有零售市場","market_address":"臺南市六甲區中正路522號","pay_list":"","pay_tool":"","行業代號":null,"行業代號1":null,"名稱1":null,"行業代號2":null,"名稱2":null,"行業代號3":null,"名稱3":null},{"index":15,"id":10053385,"user":"何芃綾","shop":"六甲公有零售市場-A15","category":"夜市/市場攤販","zone":"雲嘉南","city":"臺南市","area":"六甲區","market_name":"六甲公有零售市場","market_address":"臺南市六甲區中正路522號","pay_list":"","pay_tool":"","行業代號":null,"行業代號1":null,"名稱1":null,"行業代號2":null,"名稱2":null,"行業代號3":null,"名稱3":null},{"index":16,"id":10053386,"user":"郭雪瑜","shop":"六甲公有零售市場-A16","category":"夜市/市場攤販","zone":"雲嘉南","city":"臺南市","area":"六甲區","market_name":"六甲公有零售市場","market_address":"臺南市六甲區中正路522號","pay_list":"","pay_tool":"","行業代號":null,"行業代號1":null,"名稱1":null,"行業代號2":null,"名稱2":null,"行業代號3":null,"名稱3":null},{"index":17,"id":10053387,"user":"蔡阿薇","shop":"六甲公有零售市場-A17","category":"夜市/市場攤販","zone":"雲嘉南","city":"臺南市","area":"六甲區","market_name":"六甲公有零售市場","market_address":"臺南市六甲區中正路522號","pay_list":"","pay_tool":"","行業代號":null,"行業代號1":null,"名稱1":null,"行業代號2":null,"名稱2":null,"行業代號3":null,"名稱3":null},{"index":18,"id":10053388,"user":"胡麗絲","shop":"六甲公有零售市場-A18","category":"夜市/市場攤販","zone":"雲嘉南","city":"臺南市","area":"六甲區","market_name":"六甲公有零售市場","market_address":"臺南市六甲區中正路522號","pay_list":"","pay_tool":"","行業代號":null,"行業代號1":null,"名稱1":null,"行業代號2":null,"名稱2":null,"行業代號3":null,"名稱3":null},{"index":19,"id":10053389,"user":"李佶蒼","shop":"六甲公有零售市場-A19","category":"夜市/市場攤販","zone":"雲嘉南","city":"臺南市","area":"六甲區","market_name":"六甲公有零售市場","market_address":"臺南市六甲區中正路522號","pay_list":"","pay_tool":"","行業代號":null,"行業代號1":null,"名稱1":null,"行業代號2":null,"名稱2":null,"行業代號3":null,"名稱3":null},{"index":20,"id":10053390,"user":"陳明宏","shop":"六甲公有零售市場-A20","category":"夜市/市場攤販","zone":"雲嘉南","city":"臺南市","area":"六甲區","market_name":"六甲公有零售市場","market_address":"臺南市六甲區中正路522號","pay_list":"","pay_tool":"","行業代號":null,"行業代號1":null,"名稱1":null,"行業代號2":null,"名稱2":null,"行業代號3":null,"名稱3":null},{"index":21,"id":10053392,"user":"黃采潓","shop":"六甲公有零售市場-A21","category":"夜市/市場攤販","zone":"雲嘉南","city":"臺南市","area":"六甲區","market_name":"六甲公有零售市場","market_address":"臺南市六甲區中正路522號","pay_list":"","pay_tool":"","行業代號":null,"行業代號1":null,"名稱1":null,"行業代號2":null,"名稱2":null,"行業代號3":null,"名稱3":null},{"index":22,"id":10053393,"user":"孫慶利","shop":"六甲公有零售市場-A22","category":"夜市/市場攤販","zone":"雲嘉南","city":"臺南市","area":"六甲區","market_name":"六甲公有零售市場","market_address":"臺南市六甲區中正路522號","pay_list":"","pay_tool":"","行業代號":null,"行業代號1":null,"名稱1":null,"行業代號2":null,"名稱2":null,"行業代號3":null,"名稱3":null},{"index":23,"id":10053394,"user":"郭麗錦","shop":"六甲公有零售市場-A23","category":"夜市/市場攤販","zone":"雲嘉南","city":"臺南市","area":"六甲區","market_name":"六甲公有零售市場","market_address":"臺南市六甲區中正路522號","pay_list":"","pay_tool":"","行業代號":null,"行業代號1":null,"名稱1":null,"行業代號2":null,"名稱2":null,"行業代號3":null,"名稱3":null},{"index":24,"id":10053395,"user":"洪寶如","shop":"六甲公有零售市場-A24","category":"夜市/市場攤販","zone":"雲嘉南","city":"臺南市","area":"六甲區","market_name":"六甲公有零售市場","market_address":"臺南市六甲區中正路522號","pay_list":"","pay_tool":"","行業代號":null,"行業代號1":null,"名稱1":null,"行業代號2":null,"名稱2":null,"行業代號3":null,"名稱3":null},{"index":25,"id":10053396,"user":"方阿盛","shop":"六甲公有零售市場-A25","category":"夜市/市場攤販","zone":"雲嘉南","city":"臺南市","area":"六甲區","market_name":"六甲公有零售市場","market_address":"臺南市六甲區中正路522號","pay_list":"","pay_tool":"","行業代號":null,"行業代號1":null,"名稱1":null,"行業代號2":null,"名稱2":null,"行業代號3":null,"名稱3":null},{"index":26,"id":10053397,"user":"劉蔡枝珍","shop":"六甲公有零售市場-A26","category":"夜市/市場攤販","zone":"雲嘉南","city":"臺南市","area":"六甲區","market_name":"六甲公有零售市場","market_address":"臺南市六甲區中正路522號","pay_list":"","pay_tool":"","行業代號":null,"行業代號1":null,"名稱1":null,"行業代號2":null,"名稱2":null,"行業代號3":null,"名稱3":null},{"index":27,"id":10053398,"user":"簡麗卿","shop":"六甲公有零售市場-A27","category":"夜市/市場攤販","zone":"雲嘉南","city":"臺南市","area":"六甲區","market_name":"六甲公有零售市場","market_address":"臺南市六甲區中正路522號","pay_list":"","pay_tool":"","行業代號":null,"行業代號1":null,"名稱1":null,"行業代號2":null,"名稱2":null,"行業代號3":null,"名稱3":null},{"index":28,"id":10053399,"user":"簡麗華","shop":"六甲公有零售市場-A28","category":"夜市/市場攤販","zone":"雲嘉南","city":"臺南市","area":"六甲區","market_name":"六甲公有零售市場","market_address":"臺南市六甲區中正路522號","pay_list":"","pay_tool":"","行業代號":null,"行業代號1":null,"名稱1":null,"行業代號2":null,"名稱2":null,"行業代號3":null,"名稱3":null},{"index":29,"id":10053400,"user":"沈耀珍","shop":"六甲公有零售市場-A29","category":"夜市/市場攤販","zone":"雲嘉南","city":"臺南市","area":"六甲區","market_name":"六甲公有零售市場","market_address":"臺南市六甲區中正路522號","pay_list":"","pay_tool":"","行業代號":null,"行業代號1":null,"名稱1":null,"行業代號2":null,"名稱2":null,"行業代號3":null,"名稱3":null},{"index":30,"id":10053401,"user":"鐘惠卿","shop":"六甲公有零售市場-A30","category":"夜市/市場攤販","zone":"雲嘉南","city":"臺南市","area":"六甲區","market_name":"六甲公有零售市場","market_address":"臺南市六甲區中正路522號","pay_list":"","pay_tool":"","行業代號":null,"行業代號1":null,"名稱1":null,"行業代號2":null,"名稱2":null,"行業代號3":null,"名稱3":null},{"index":31,"id":10053403,"user":"張國祥","shop":"六甲公有零售市場-A31","category":"夜市/市場攤販","zone":"雲嘉南","city":"臺南市","area":"六甲區","market_name":"六甲公有零售市場","market_address":"臺南市六甲區中正路522號","pay_list":"","pay_tool":"","行業代號":null,"行業代號1":null,"名稱1":null,"行業代號2":null,"名稱2":null,"行業代號3":null,"名稱3":null},{"index":32,"id":10053404,"user":"毛燕輝","shop":"六甲公有零售市場-A32","category":"夜市/市場攤販","zone":"雲嘉南","city":"臺南市","area":"六甲區","market_name":"六甲公有零售市場","market_address":"臺南市六甲區中正路522號","pay_list":"","pay_tool":"","行業代號":null,"行業代號1":null,"名稱1":null,"行業代號2":null,"名稱2":null,"行業代號3":null,"名稱3":null},{"index":33,"id":10053405,"user":"顏士傑","shop":"六甲公有零售市場-A33","category":"夜市/市場攤販","zone":"雲嘉南","city":"臺南市","area":"六甲區","market_name":"六甲公有零售市場","market_address":"臺南市六甲區中正路522號","pay_list":"","pay_tool":"","行業代號":null,"行業代號1":null,"名稱1":null,"行業代號2":null,"名稱2":null,"行業代號3":null,"名稱3":null},{"index":34,"id":10053406,"user":"黃中信","shop":"六甲公有零售市場-A34","category":"夜市/市場攤販","zone":"雲嘉南","city":"臺南市","area":"六甲區","market_name":"六甲公有零售市場","market_address":"臺南市六甲區中正路522號","pay_list":"","pay_tool":"","行業代號":null,"行業代號1":null,"名稱1":null,"行業代號2":null,"名稱2":null,"行業代號3":null,"名稱3":null},{"index":35,"id":10053407,"user":"黃中信","shop":"六甲公有零售市場-A35","category":"夜市/市場攤販","zone":"雲嘉南","city":"臺南市","area":"六甲區","market_name":"六甲公有零售市場","market_address":"臺南市六甲區中正路522號","pay_list":"","pay_tool":"","行業代號":null,"行業代號1":null,"名稱1":null,"行業代號2":null,"名稱2":null,"行業代號3":null,"名稱3":null},{"index":36,"id":10053408,"user":"林本旺","shop":"六甲公有零售市場-B01","category":"夜市/市場攤販","zone":"雲嘉南","city":"臺南市","area":"六甲區","market_name":"六甲公有零售市場","market_address":"臺南市六甲區中正路522號","pay_list":"","pay_tool":"","行業代號":null,"行業代號1":null,"名稱1":null,"行業代號2":null,"名稱2":null,"行業代號3":null,"名稱3":null},{"index":37,"id":10053409,"user":"黃吳美玉","shop":"六甲公有零售市場-B02","category":"夜市/市場攤販","zone":"雲嘉南","city":"臺南市","area":"六甲區","market_name":"六甲公有零售市場","market_address":"臺南市六甲區中正路522號","pay_list":"","pay_tool":"","行業代號":null,"行業代號1":null,"名稱1":null,"行業代號2":null,"名稱2":null,"行業代號3":null,"名稱3":null},{"index":38,"id":10053410,"user":"朱恒峰","shop":"六甲公有零售市場-B03","category":"夜市/市場攤販","zone":"雲嘉南","city":"臺南市","area":"六甲區","market_name":"六甲公有零售市場","market_address":"臺南市六甲區中正路522號","pay_list":"","pay_tool":"","行業代號":null,"行業代號1":null,"名稱1":null,"行業代號2":null,"名稱2":null,"行業代號3":null,"名稱3":null},{"index":39,"id":10053411,"user":"翁勝茂","shop":"六甲公有零售市場-B04","category":"夜市/市場攤販","zone":"雲嘉南","city":"臺南市","area":"六甲區","market_name":"六甲公有零售市場","market_address":"臺南市六甲區中正路522號","pay_list":"","pay_tool":"","行業代號":null,"行業代號1":null,"名稱1":null,"行業代號2":null,"名稱2":null,"行業代號3":null,"名稱3":null},{"index":40,"id":10053412,"user":"沈秀美","shop":"六甲公有零售市場-B05","category":"夜市/市場攤販","zone":"雲嘉南","city":"臺南市","area":"六甲區","market_name":"六甲公有零售市場","market_address":"臺南市六甲區中正路522號","pay_list":"","pay_tool":"","行業代號":null,"行業代號1":null,"名稱1":null,"行業代號2":null,"名稱2":null,"行業代號3":null,"名稱3":null},{"index":41,"id":10053414,"user":"胡馨文","shop":"六甲公有零售市場-B06","category":"夜市/市場攤販","zone":"雲嘉南","city":"臺南市","area":"六甲區","market_name":"六甲公有零售市場","market_address":"臺南市六甲區中正路522號","pay_list":"","pay_tool":"","行業代號":null,"行業代號1":null,"名稱1":null,"行業代號2":null,"名稱2":null,"行業代號3":null,"名稱3":null},{"index":42,"id":10053415,"user":"胡黃秀惠","shop":"六甲公有零售市場-B07","category":"夜市/市場攤販","zone":"雲嘉南","city":"臺南市","area":"六甲區","market_name":"六甲公有零售市場","market_address":"臺南市六甲區中正路522號","pay_list":"","pay_tool":"","行業代號":null,"行業代號1":null,"名稱1":null,"行業代號2":null,"名稱2":null,"行業代號3":null,"名稱3":null},{"index":43,"id":10053416,"user":"田賜川","shop":"六甲公有零售市場-B08","category":"夜市/市場攤販","zone":"雲嘉南","city":"臺南市","area":"六甲區","market_name":"六甲公有零售市場","market_address":"臺南市六甲區中正路522號","pay_list":"","pay_tool":"","行業代號":null,"行業代號1":null,"名稱1":null,"行業代號2":null,"名稱2":null,"行業代號3":null,"名稱3":null},{"index":44,"id":10053417,"user":"田秀玲","shop":"六甲公有零售市場-B09","category":"夜市/市場攤販","zone":"雲嘉南","city":"臺南市","area":"六甲區","market_name":"六甲公有零售市場","market_address":"臺南市六甲區中正路522號","pay_list":"","pay_tool":"","行業代號":null,"行業代號1":null,"名稱1":null,"行業代號2":null,"名稱2":null,"行業代號3":null,"名稱3":null},{"index":45,"id":10053418,"user":"陳妙慧","shop":"六甲公有零售市場-B10","category":"夜市/市場攤販","zone":"雲嘉南","city":"臺南市","area":"六甲區","market_name":"六甲公有零售市場","market_address":"臺南市六甲區中正路522號","pay_list":"","pay_tool":"","行業代號":null,"行業代號1":null,"名稱1":null,"行業代號2":null,"名稱2":null,"行業代號3":null,"名稱3":null},{"index":46,"id":10053419,"user":"吳秀鑾","shop":"六甲公有零售市場-B11","category":"夜市/市場攤販","zone":"雲嘉南","city":"臺南市","area":"六甲區","market_name":"六甲公有零售市場","market_address":"臺南市六甲區中正路522號","pay_list":"","pay_tool":"","行業代號":null,"行業代號1":null,"名稱1":null,"行業代號2":null,"名稱2":null,"行業代號3":null,"名稱3":null},{"index":47,"id":10053420,"user":"黃文志","shop":"六甲公有零售市場-B12","category":"夜市/市場攤販","zone":"雲嘉南","city":"臺南市","area":"六甲區","market_name":"六甲公有零售市場","market_address":"臺南市六甲區中正路522號","pay_list":"","pay_tool":"","行業代號":null,"行業代號1":null,"名稱1":null,"行業代號2":null,"名稱2":null,"行業代號3":null,"名稱3":null},{"index":48,"id":10053421,"user":"李錦田","shop":"六甲公有零售市場-B13","category":"夜市/市場攤販","zone":"雲嘉南","city":"臺南市","area":"六甲區","market_name":"六甲公有零售市場","market_address":"臺南市六甲區中正路522號","pay_list":"","pay_tool":"","行業代號":null,"行業代號1":null,"名稱1":null,"行業代號2":null,"名稱2":null,"行業代號3":null,"名稱3":null},{"index":49,"id":10053422,"user":"張陳美枝","shop":"六甲公有零售市場-B14","category":"夜市/市場攤販","zone":"雲嘉南","city":"臺南市","area":"六甲區","market_name":"六甲公有零售市場","market_address":"臺南市六甲區中正路522號","pay_list":"","pay_tool":"","行業代號":null,"行業代號1":null,"名稱1":null,"行業代號2":null,"名稱2":null,"行業代號3":null,"名稱3":null},{"index":50,"id":10053423,"user":"曾寶賢","shop":"六甲公有零售市場-C01","category":"夜市/市場攤販","zone":"雲嘉南","city":"臺南市","area":"六甲區","market_name":"六甲公有零售市場","market_address":"臺南市六甲區中正路522號","pay_list":"","pay_tool":"","行業代號":null,"行業代號1":null,"名稱1":null,"行業代號2":null,"名稱2":null,"行業代號3":null,"名稱3":null},{"index":51,"id":10053425,"user":"沈春美","shop":"六甲公有零售市場-C02","category":"夜市/市場攤販","zone":"雲嘉南","city":"臺南市","area":"六甲區","market_name":"六甲公有零售市場","market_address":"臺南市六甲區中正路522號","pay_list":"","pay_tool":"","行業代號":null,"行業代號1":null,"名稱1":null,"行業代號2":null,"名稱2":null,"行業代號3":null,"名稱3":null},{"index":52,"id":10053426,"user":"沈清忠","shop":"六甲公有零售市場-C03","category":"夜市/市場攤販","zone":"雲嘉南","city":"臺南市","area":"六甲區","market_name":"六甲公有零售市場","market_address":"臺南市六甲區中正路522號","pay_list":"","pay_tool":"","行業代號":null,"行業代號1":null,"名稱1":null,"行業代號2":null,"名稱2":null,"行業代號3":null,"名稱3":null},{"index":53,"id":10053427,"user":"陳胡金月","shop":"六甲公有零售市場-C04","category":"夜市/市場攤販","zone":"雲嘉南","city":"臺南市","area":"六甲區","market_name":"六甲公有零售市場","market_address":"臺南市六甲區中正路522號","pay_list":"","pay_tool":"","行業代號":null,"行業代號1":null,"名稱1":null,"行業代號2":null,"名稱2":null,"行業代號3":null,"名稱3":null},{"index":54,"id":10053428,"user":"楊黃盞","shop":"六甲公有零售市場-C05","category":"夜市/市場攤販","zone":"雲嘉南","city":"臺南市","area":"六甲區","market_name":"六甲公有零售市場","market_address":"臺南市六甲區中正路522號","pay_list":"","pay_tool":"","行業代號":null,"行業代號1":null,"名稱1":null,"行業代號2":null,"名稱2":null,"行業代號3":null,"名稱3":null},{"index":55,"id":10053429,"user":"李鴻明","shop":"六甲公有零售市場-C06","category":"夜市/市場攤販","zone":"雲嘉南","city":"臺南市","area":"六甲區","market_name":"六甲公有零售市場","market_address":"臺南市六甲區中正路522號","pay_list":"","pay_tool":"","行業代號":null,"行業代號1":null,"名稱1":null,"行業代號2":null,"名稱2":null,"行業代號3":null,"名稱3":null},{"index":56,"id":10053430,"user":"黃瓊瑩","shop":"六甲公有零售市場-C07","category":"夜市/市場攤販","zone":"雲嘉南","city":"臺南市","area":"六甲區","market_name":"六甲公有零售市場","market_address":"臺南市六甲區中正路522號","pay_list":"","pay_tool":"","行業代號":null,"行業代號1":null,"名稱1":null,"行業代號2":null,"名稱2":null,"行業代號3":null,"名稱3":null},{"index":57,"id":10053431,"user":"吳王素增","shop":"六甲公有零售市場-C08","category":"夜市/市場攤販","zone":"雲嘉南","city":"臺南市","area":"六甲區","market_name":"六甲公有零售市場","market_address":"臺南市六甲區中正路522號","pay_list":"","pay_tool":"","行業代號":null,"行業代號1":null,"名稱1":null,"行業代號2":null,"名稱2":null,"行業代號3":null,"名稱3":null},{"index":58,"id":10053432,"user":"黃何麗華","shop":"六甲公有零售市場-C09","category":"夜市/市場攤販","zone":"雲嘉南","city":"臺南市","area":"六甲區","market_name":"六甲公有零售市場","market_address":"臺南市六甲區中正路522號","pay_list":"","pay_tool":"","行業代號":null,"行業代號1":null,"名稱1":null,"行業代號2":null,"名稱2":null,"行業代號3":null,"名稱3":null},{"index":59,"id":10053433,"user":"蔡邱水里","shop":"六甲公有零售市場-C10","category":"夜市/市場攤販","zone":"雲嘉南","city":"臺南市","area":"六甲區","market_name":"六甲公有零售市場","market_address":"臺南市六甲區中正路522號","pay_list":"","pay_tool":"","行業代號":null,"行業代號1":null,"名稱1":null,"行業代號2":null,"名稱2":null,"行業代號3":null,"名稱3":null},{"index":60,"id":10053434,"user":"張崑全","shop":"六甲公有零售市場-C11","category":"夜市/市場攤販","zone":"雲嘉南","city":"臺南市","area":"六甲區","market_name":"六甲公有零售市場","market_address":"臺南市六甲區中正路522號","pay_list":"","pay_tool":"","行業代號":null,"行業代號1":null,"名稱1":null,"行業代號2":null,"名稱2":null,"行業代號3":null,"名稱3":null},{"index":61,"id":10053437,"user":"林李瓊芬","shop":"六甲公有零售市場-C12","category":"夜市/市場攤販","zone":"雲嘉南","city":"臺南市","area":"六甲區","market_name":"六甲公有零售市場","market_address":"臺南市六甲區中正路522號","pay_list":"","pay_tool":"","行業代號":null,"行業代號1":null,"名稱1":null,"行業代號2":null,"名稱2":null,"行業代號3":null,"名稱3":null},{"index":62,"id":10053438,"user":"邱秋容","shop":"六甲公有零售市場-C13","category":"夜市/市場攤販","zone":"雲嘉南","city":"臺南市","area":"六甲區","market_name":"六甲公有零售市場","market_address":"臺南市六甲區中正路522號","pay_list":"","pay_tool":"","行業代號":null,"行業代號1":null,"名稱1":null,"行業代號2":null,"名稱2":null,"行業代號3":null,"名稱3":null},{"index":63,"id":10053439,"user":"吳佳玲","shop":"六甲公有零售市場-C14","category":"夜市/市場攤販","zone":"雲嘉南","city":"臺南市","area":"六甲區","market_name":"六甲公有零售市場","market_address":"臺南市六甲區中正路522號","pay_list":"","pay_tool":"","行業代號":null,"行業代號1":null,"名稱1":null,"行業代號2":null,"名稱2":null,"行業代號3":null,"名稱3":null},{"index":64,"id":10053440,"user":"陳淑美","shop":"六甲公有零售市場-C15","category":"夜市/市場攤販","zone":"雲嘉南","city":"臺南市","area":"六甲區","market_name":"六甲公有零售市場","market_address":"臺南市六甲區中正路522號","pay_list":"","pay_tool":"","行業代號":null,"行業代號1":null,"名稱1":null,"行業代號2":null,"名稱2":null,"行業代號3":null,"名稱3":null},{"index":65,"id":10053441,"user":"吳政憲","shop":"六甲公有零售市場-C16","category":"夜市/市場攤販","zone":"雲嘉南","city":"臺南市","area":"六甲區","market_name":"六甲公有零售市場","market_address":"臺南市六甲區中正路522號","pay_list":"","pay_tool":"","行業代號":null,"行業代號1":null,"名稱1":null,"行業代號2":null,"名稱2":null,"行業代號3":null,"名稱3":null},{"index":66,"id":10053442,"user":"黃郁晴","shop":"六甲公有零售市場-C17","category":"夜市/市場攤販","zone":"雲嘉南","city":"臺南市","area":"六甲區","market_name":"六甲公有零售市場","market_address":"臺南市六甲區中正路522號","pay_list":"","pay_tool":"","行業代號":null,"行業代號1":null,"名稱1":null,"行業代號2":null,"名稱2":null,"行業代號3":null,"名稱3":null},{"index":67,"id":10053443,"user":"吳政憲","shop":"六甲公有零售市場-C18","category":"夜市/市場攤販","zone":"雲嘉南","city":"臺南市","area":"六甲區","market_name":"六甲公有零售市場","market_address":"臺南市六甲區中正路522號","pay_list":"","pay_tool":"","行業代號":null,"行業代號1":null,"名稱1":null,"行業代號2":null,"名稱2":null,"行業代號3":null,"名稱3":null},{"index":68,"id":10053444,"user":"黃耀慶","shop":"六甲公有零售市場-C19","category":"夜市/市場攤販","zone":"雲嘉南","city":"臺南市","area":"六甲區","market_name":"六甲公有零售市場","market_address":"臺南市六甲區中正路522號","pay_list":"","pay_tool":"","行業代號":null,"行業代號1":null,"名稱1":null,"行業代號2":null,"名稱2":null,"行業代號3":null,"名稱3":null},{"index":69,"id":10053445,"user":"沈金輝","shop":"六甲公有零售市場-C20","category":"夜市/市場攤販","zone":"雲嘉南","city":"臺南市","area":"六甲區","market_name":"六甲公有零售市場","market_address":"臺南市六甲區中正路522號","pay_list":"","pay_tool":"","行業代號":null,"行業代號1":null,"名稱1":null,"行業代號2":null,"名稱2":null,"行業代號3":null,"名稱3":null},{"index":70,"id":10053446,"user":"張蔡鳳琴","shop":"六甲公有零售市場-C21","category":"夜市/市場攤販","zone":"雲嘉南","city":"臺南市","area":"六甲區","market_name":"六甲公有零售市場","market_address":"臺南市六甲區中正路522號","pay_list":"","pay_tool":"","行業代號":null,"行業代號1":null,"名稱1":null,"行業代號2":null,"名稱2":null,"行業代號3":null,"名稱3":null},{"index":71,"id":10053448,"user":"尹陳美霞","shop":"六甲公有零售市場-C22","category":"夜市/市場攤販","zone":"雲嘉南","city":"臺南市","area":"六甲區","market_name":"六甲公有零售市場","market_address":"臺南市六甲區中正路522號","pay_list":"","pay_tool":"","行業代號":null,"行業代號1":null,"名稱1":null,"行業代號2":null,"名稱2":null,"行業代號3":null,"名稱3":null},{"index":72,"id":10053449,"user":"賴羅純","shop":"六甲公有零售市場-C23","category":"夜市/市場攤販","zone":"雲嘉南","city":"臺南市","area":"六甲區","market_name":"六甲公有零售市場","market_address":"臺南市六甲區中正路522號","pay_list":"","pay_tool":"","行業代號":null,"行業代號1":null,"名稱1":null,"行業代號2":null,"名稱2":null,"行業代號3":null,"名稱3":null},{"index":73,"id":10053450,"user":"江劉貴花","shop":"六甲公有零售市場-C24","category":"夜市/市場攤販","zone":"雲嘉南","city":"臺南市","area":"六甲區","market_name":"六甲公有零售市場","market_address":"臺南市六甲區中正路522號","pay_list":"","pay_tool":"","行業代號":null,"行業代號1":null,"名稱1":null,"行業代號2":null,"名稱2":null,"行業代號3":null,"名稱3":null},{"index":74,"id":10053451,"user":"黃永濬","shop":"六甲公有零售市場-D01","category":"夜市/市場攤販","zone":"雲嘉南","city":"臺南市","area":"六甲區","market_name":"六甲公有零售市場","market_address":"臺南市六甲區中正路522號","pay_list":"","pay_tool":"","行業代號":null,"行業代號1":null,"名稱1":null,"行業代號2":null,"名稱2":null,"行業代號3":null,"名稱3":null},{"index":75,"id":10053452,"user":"陳秀霞","shop":"六甲公有零售市場-D02","category":"夜市/市場攤販","zone":"雲嘉南","city":"臺南市","area":"六甲區","market_name":"六甲公有零售市場","market_address":"臺南市六甲區中正路522號","pay_list":"","pay_tool":"","行業代號":null,"行業代號1":null,"名稱1":null,"行業代號2":null,"名稱2":null,"行業代號3":null,"名稱3":null},{"index":76,"id":10053453,"user":"陳建成","shop":"六甲公有零售市場-D03","category":"夜市/市場攤販","zone":"雲嘉南","city":"臺南市","area":"六甲區","market_name":"六甲公有零售市場","market_address":"臺南市六甲區中正路522號","pay_list":"","pay_tool":"","行業代號":null,"行業代號1":null,"名稱1":null,"行業代號2":null,"名稱2":null,"行業代號3":null,"名稱3":null},{"index":77,"id":10053454,"user":"林永貴","shop":"六甲公有零售市場-D04","category":"夜市/市場攤販","zone":"雲嘉南","city":"臺南市","area":"六甲區","market_name":"六甲公有零售市場","market_address":"臺南市六甲區中正路522號","pay_list":"","pay_tool":"","行業代號":null,"行業代號1":null,"名稱1":null,"行業代號2":null,"名稱2":null,"行業代號3":null,"名稱3":null},{"index":78,"id":10053455,"user":"李文貴","shop":"六甲公有零售市場-D05","category":"夜市/市場攤販","zone":"雲嘉南","city":"臺南市","area":"六甲區","market_name":"六甲公有零售市場","market_address":"臺南市六甲區中正路522號","pay_list":"","pay_tool":"","行業代號":null,"行業代號1":null,"名稱1":null,"行業代號2":null,"名稱2":null,"行業代號3":null,"名稱3":null},{"index":79,"id":10053456,"user":"李張美來","shop":"六甲公有零售市場-D06","category":"夜市/市場攤販","zone":"雲嘉南","city":"臺南市","area":"六甲區","market_name":"六甲公有零售市場","market_address":"臺南市六甲區中正路522號","pay_list":"","pay_tool":"","行業代號":null,"行業代號1":null,"名稱1":null,"行業代號2":null,"名稱2":null,"行業代號3":null,"名稱3":null},{"index":80,"id":10053457,"user":"李鈺裎","shop":"六甲公有零售市場-D07","category":"夜市/市場攤販","zone":"雲嘉南","city":"臺南市","area":"六甲區","market_name":"六甲公有零售市場","market_address":"臺南市六甲區中正路522號","pay_list":"","pay_tool":"","行業代號":null,"行業代號1":null,"名稱1":null,"行業代號2":null,"名稱2":null,"行業代號3":null,"名稱3":null},{"index":81,"id":10053459,"user":"尤薛惠珍","shop":"六甲公有零售市場-D08","category":"夜市/市場攤販","zone":"雲嘉南","city":"臺南市","area":"六甲區","market_name":"六甲公有零售市場","market_address":"臺南市六甲區中正路522號","pay_list":"","pay_tool":"","行業代號":null,"行業代號1":null,"名稱1":null,"行業代號2":null,"名稱2":null,"行業代號3":null,"名稱3":null},{"index":82,"id":10053460,"user":"秦素惠","shop":"六甲公有零售市場-D09","category":"夜市/市場攤販","zone":"雲嘉南","city":"臺南市","area":"六甲區","market_name":"六甲公有零售市場","market_address":"臺南市六甲區中正路522號","pay_list":"","pay_tool":"","行業代號":null,"行業代號1":null,"名稱1":null,"行業代號2":null,"名稱2":null,"行業代號3":null,"名稱3":null},{"index":83,"id":10053461,"user":"秦蔡幸汝","shop":"六甲公有零售市場-D10","category":"夜市/市場攤販","zone":"雲嘉南","city":"臺南市","area":"六甲區","market_name":"六甲公有零售市場","market_address":"臺南市六甲區中正路522號","pay_list":"","pay_tool":"","行業代號":null,"行業代號1":null,"名稱1":null,"行業代號2":null,"名稱2":null,"行業代號3":null,"名稱3":null},{"index":84,"id":10053462,"user":"何麗雪","shop":"六甲公有零售市場-D11","category":"夜市/市場攤販","zone":"雲嘉南","city":"臺南市","area":"六甲區","market_name":"六甲公有零售市場","market_address":"臺南市六甲區中正路522號","pay_list":"","pay_tool":"","行業代號":null,"行業代號1":null,"名稱1":null,"行業代號2":null,"名稱2":null,"行業代號3":null,"名稱3":null},{"index":85,"id":10053463,"user":"蘇德軒","shop":"六甲公有零售市場-D12","category":"夜市/市場攤販","zone":"雲嘉南","city":"臺南市","area":"六甲區","market_name":"六甲公有零售市場","market_address":"臺南市六甲區中正路522號","pay_list":"","pay_tool":"","行業代號":null,"行業代號1":null,"名稱1":null,"行業代號2":null,"名稱2":null,"行業代號3":null,"名稱3":null},{"index":86,"id":10053464,"user":"蘇明群","shop":"六甲公有零售市場-D13","category":"夜市/市場攤販","zone":"雲嘉南","city":"臺南市","area":"六甲區","market_name":"六甲公有零售市場","market_address":"臺南市六甲區中正路522號","pay_list":"","pay_tool":"","行業代號":null,"行業代號1":null,"名稱1":null,"行業代號2":null,"名稱2":null,"行業代號3":null,"名稱3":null},{"index":87,"id":10053465,"user":"吳淑宜","shop":"六甲公有零售市場-D14","category":"夜市/市場攤販","zone":"雲嘉南","city":"臺南市","area":"六甲區","market_name":"六甲公有零售市場","market_address":"臺南市六甲區中正路522號","pay_list":"","pay_tool":"","行業代號":null,"行業代號1":null,"名稱1":null,"行業代號2":null,"名稱2":null,"行業代號3":null,"名稱3":null},{"index":88,"id":10053466,"user":"劉柯輝","shop":"六甲公有零售市場-D15","category":"夜市/市場攤販","zone":"雲嘉南","city":"臺南市","area":"六甲區","market_name":"六甲公有零售市場","market_address":"臺南市六甲區中正路522號","pay_list":"","pay_tool":"","行業代號":null,"行業代號1":null,"名稱1":null,"行業代號2":null,"名稱2":null,"行業代號3":null,"名稱3":null},{"index":89,"id":10053467,"user":"蘇吳淑雅","shop":"六甲公有零售市場-D16","category":"夜市/市場攤販","zone":"雲嘉南","city":"臺南市","area":"六甲區","market_name":"六甲公有零售市場","market_address":"臺南市六甲區中正路522號","pay_list":"","pay_tool":"","行業代號":null,"行業代號1":null,"名稱1":null,"行業代號2":null,"名稱2":null,"行業代號3":null,"名稱3":null},{"index":90,"id":10053468,"user":"蘇英淳","shop":"六甲公有零售市場-D17","category":"夜市/市場攤販","zone":"雲嘉南","city":"臺南市","area":"六甲區","market_name":"六甲公有零售市場","market_address":"臺南市六甲區中正路522號","pay_list":"","pay_tool":"","行業代號":null,"行業代號1":null,"名稱1":null,"行業代號2":null,"名稱2":null,"行業代號3":null,"名稱3":null},{"index":91,"id":10053470,"user":"楊家妮","shop":"六甲公有零售市場-D18","category":"夜市/市場攤販","zone":"雲嘉南","city":"臺南市","area":"六甲區","market_name":"六甲公有零售市場","market_address":"臺南市六甲區中正路522號","pay_list":"","pay_tool":"","行業代號":null,"行業代號1":null,"名稱1":null,"行業代號2":null,"名稱2":null,"行業代號3":null,"名稱3":null},{"index":92,"id":10053471,"user":"蘇高永","shop":"六甲公有零售市場-D19","category":"夜市/市場攤販","zone":"雲嘉南","city":"臺南市","area":"六甲區","market_name":"六甲公有零售市場","market_address":"臺南市六甲區中正路522號","pay_list":"","pay_tool":"","行業代號":null,"行業代號1":null,"名稱1":null,"行業代號2":null,"名稱2":null,"行業代號3":null,"名稱3":null},{"index":93,"id":10053472,"user":"蘇李季瑩","shop":"六甲公有零售市場-D20","category":"夜市/市場攤販","zone":"雲嘉南","city":"臺南市","area":"六甲區","market_name":"六甲公有零售市場","market_address":"臺南市六甲區中正路522號","pay_list":"","pay_tool":"","行業代號":null,"行業代號1":null,"名稱1":null,"行業代號2":null,"名稱2":null,"行業代號3":null,"名稱3":null},{"index":94,"id":10053473,"user":"蘇品樺","shop":"六甲公有零售市場-D21","category":"夜市/市場攤販","zone":"雲嘉南","city":"臺南市","area":"六甲區","market_name":"六甲公有零售市場","market_address":"臺南市六甲區中正路522號","pay_list":"","pay_tool":"","行業代號":null,"行業代號1":null,"名稱1":null,"行業代號2":null,"名稱2":null,"行業代號3":null,"名稱3":null},{"index":95,"id":10053474,"user":"馮憶慈","shop":"六甲公有零售市場-D22","category":"夜市/市場攤販","zone":"雲嘉南","city":"臺南市","area":"六甲區","market_name":"六甲公有零售市場","market_address":"臺南市六甲區中正路522號","pay_list":"","pay_tool":"","行業代號":null,"行業代號1":null,"名稱1":null,"行業代號2":null,"名稱2":null,"行業代號3":null,"名稱3":null},{"index":96,"id":10053475,"user":"盧郁斌","shop":"六甲公有零售市場-D23","category":"夜市/市場攤販","zone":"雲嘉南","city":"臺南市","area":"六甲區","market_name":"六甲公有零售市場","market_address":"臺南市六甲區中正路522號","pay_list":"","pay_tool":"","行業代號":null,"行業代號1":null,"名稱1":null,"行業代號2":null,"名稱2":null,"行業代號3":null,"名稱3":null},{"index":97,"id":10053476,"user":"袁麗如","shop":"六甲公有零售市場-D24","category":"夜市/市場攤販","zone":"雲嘉南","city":"臺南市","area":"六甲區","market_name":"六甲公有零售市場","market_address":"臺南市六甲區中正路522號","pay_list":"","pay_tool":"","行業代號":null,"行業代號1":null,"名稱1":null,"行業代號2":null,"名稱2":null,"行業代號3":null,"名稱3":null},{"index":98,"id":10053477,"user":"蔡佳真","shop":"六甲公有零售市場-D25","category":"夜市/市場攤販","zone":"雲嘉南","city":"臺南市","area":"六甲區","market_name":"六甲公有零售市場","market_address":"臺南市六甲區中正路522號","pay_list":"","pay_tool":"","行業代號":null,"行業代號1":null,"名稱1":null,"行業代號2":null,"名稱2":null,"行業代號3":null,"名稱3":null},{"index":99,"id":10053478,"user":"鄭陳碧?","shop":"六甲公有零售市場-D26","category":"夜市/市場攤販","zone":"雲嘉南","city":"臺南市","area":"六甲區","market_name":"六甲公有零售市場","market_address":"臺南市六甲區中正路522號","pay_list":"","pay_tool":"","行業代號":null,"行業代號1":null,"名稱1":null,"行業代號2":null,"名稱2":null,"行業代號3":null,"名稱3":null},{"index":100,"id":10053479,"user":"鄭陳碧?","shop":"六甲公有零售市場-D27","category":"夜市/市場攤販","zone":"雲嘉南","city":"臺南市","area":"六甲區","market_name":"六甲公有零售市場","market_address":"臺南市六甲區中正路522號","pay_list":"","pay_tool":"","行業代號":null,"行業代號1":null,"名稱1":null,"行業代號2":null,"名稱2":null,"行業代號3":null,"名稱3":null},{"index":101,"id":10053481,"user":"陳天送","shop":"六甲公有零售市場-D28","category":"夜市/市場攤販","zone":"雲嘉南","city":"臺南市","area":"六甲區","market_name":"六甲公有零售市場","market_address":"臺南市六甲區中正路522號","pay_list":"","pay_tool":"","行業代號":null,"行業代號1":null,"名稱1":null,"行業代號2":null,"名稱2":null,"行業代號3":null,"名稱3":null},{"index":102,"id":10053482,"user":"柴運娟","shop":"六甲公有零售市場-D29","category":"夜市/市場攤販","zone":"雲嘉南","city":"臺南市","area":"六甲區","market_name":"六甲公有零售市場","market_address":"臺南市六甲區中正路522號","pay_list":"","pay_tool":"","行業代號":null,"行業代號1":null,"名稱1":null,"行業代號2":null,"名稱2":null,"行業代號3":null,"名稱3":null},{"index":103,"id":10053483,"user":"郭俊良","shop":"六甲公有零售市場-D30","category":"夜市/市場攤販","zone":"雲嘉南","city":"臺南市","area":"六甲區","market_name":"六甲公有零售市場","market_address":"臺南市六甲區中正路522號","pay_list":"","pay_tool":"","行業代號":null,"行業代號1":null,"名稱1":null,"行業代號2":null,"名稱2":null,"行業代號3":null,"名稱3":null},{"index":104,"id":10053484,"user":"陳林不纏","shop":"六甲公有零售市場-E01","category":"夜市/市場攤販","zone":"雲嘉南","city":"臺南市","area":"六甲區","market_name":"六甲公有零售市場","market_address":"臺南市六甲區中正路522號","pay_list":"","pay_tool":"","行業代號":null,"行業代號1":null,"名稱1":null,"行業代號2":null,"名稱2":null,"行業代號3":null,"名稱3":null},{"index":105,"id":10053485,"user":"林建瑋","shop":"六甲公有零售市場-E02","category":"夜市/市場攤販","zone":"雲嘉南","city":"臺南市","area":"六甲區","market_name":"六甲公有零售市場","market_address":"臺南市六甲區中正路522號","pay_list":"","pay_tool":"","行業代號":null,"行業代號1":null,"名稱1":null,"行業代號2":null,"名稱2":null,"行業代號3":null,"名稱3":null},{"index":106,"id":10053486,"user":"陳榮陸","shop":"六甲公有零售市場-E03","category":"夜市/市場攤販","zone":"雲嘉南","city":"臺南市","area":"六甲區","market_name":"六甲公有零售市場","market_address":"臺南市六甲區中正路522號","pay_list":"","pay_tool":"","行業代號":null,"行業代號1":null,"名稱1":null,"行業代號2":null,"名稱2":null,"行業代號3":null,"名稱3":null},{"index":107,"id":10053487,"user":"黃玉惠","shop":"六甲公有零售市場-E04","category":"夜市/市場攤販","zone":"雲嘉南","city":"臺南市","area":"六甲區","market_name":"六甲公有零售市場","market_address":"臺南市六甲區中正路522號","pay_list":"","pay_tool":"","行業代號":null,"行業代號1":null,"名稱1":null,"行業代號2":null,"名稱2":null,"行業代號3":null,"名稱3":null},{"index":108,"id":10053488,"user":"孫麗芬","shop":"六甲公有零售市場-E05","category":"夜市/市場攤販","zone":"雲嘉南","city":"臺南市","area":"六甲區","market_name":"六甲公有零售市場","market_address":"臺南市六甲區中正路522號","pay_list":"","pay_tool":"","行業代號":null,"行業代號1":null,"名稱1":null,"行業代號2":null,"名稱2":null,"行業代號3":null,"名稱3":null},{"index":109,"id":10053489,"user":"黃錦溢","shop":"六甲公有零售市場-E06","category":"夜市/市場攤販","zone":"雲嘉南","city":"臺南市","area":"六甲區","market_name":"六甲公有零售市場","market_address":"臺南市六甲區中正路522號","pay_list":"","pay_tool":"","行業代號":null,"行業代號1":null,"名稱1":null,"行業代號2":null,"名稱2":null,"行業代號3":null,"名稱3":null},{"index":110,"id":10053490,"user":"陳明宏","shop":"六甲公有零售市場-E07","category":"夜市/市場攤販","zone":"雲嘉南","city":"臺南市","area":"六甲區","market_name":"六甲公有零售市場","market_address":"臺南市六甲區中正路522號","pay_list":"","pay_tool":"","行業代號":null,"行業代號1":null,"名稱1":null,"行業代號2":null,"名稱2":null,"行業代號3":null,"名稱3":null},{"index":111,"id":10053492,"user":"謝永鈴","shop":"六甲公有零售市場-E08","category":"夜市/市場攤販","zone":"雲嘉南","city":"臺南市","area":"六甲區","market_name":"六甲公有零售市場","market_address":"臺南市六甲區中正路522號","pay_list":"","pay_tool":"","行業代號":null,"行業代號1":null,"名稱1":null,"行業代號2":null,"名稱2":null,"行業代號3":null,"名稱3":null},{"index":112,"id":10053493,"user":"莊天億","shop":"六甲公有零售市場-E09","category":"夜市/市場攤販","zone":"雲嘉南","city":"臺南市","area":"六甲區","market_name":"六甲公有零售市場","market_address":"臺南市六甲區中正路522號","pay_list":"","pay_tool":"","行業代號":null,"行業代號1":null,"名稱1":null,"行業代號2":null,"名稱2":null,"行業代號3":null,"名稱3":null},{"index":113,"id":10053494,"user":"黃來發","shop":"六甲公有零售市場-E10","category":"夜市/市場攤販","zone":"雲嘉南","city":"臺南市","area":"六甲區","market_name":"六甲公有零售市場","market_address":"臺南市六甲區中正路522號","pay_list":"","pay_tool":"","行業代號":null,"行業代號1":null,"名稱1":null,"行業代號2":null,"名稱2":null,"行業代號3":null,"名稱3":null},{"index":114,"id":10053495,"user":"何陳秋錦","shop":"六甲公有零售市場-E11","category":"夜市/市場攤販","zone":"雲嘉南","city":"臺南市","area":"六甲區","market_name":"六甲公有零售市場","market_address":"臺南市六甲區中正路522號","pay_list":"","pay_tool":"","行業代號":null,"行業代號1":null,"名稱1":null,"行業代號2":null,"名稱2":null,"行業代號3":null,"名稱3":null},{"index":115,"id":10053496,"user":"張朝清","shop":"六甲公有零售市場-E12","category":"夜市/市場攤販","zone":"雲嘉南","city":"臺南市","area":"六甲區","market_name":"六甲公有零售市場","market_address":"臺南市六甲區中正路522號","pay_list":"","pay_tool":"","行業代號":null,"行業代號1":null,"名稱1":null,"行業代號2":null,"名稱2":null,"行業代號3":null,"名稱3":null},{"index":116,"id":10053497,"user":"陳胡珠","shop":"六甲公有零售市場-E13","category":"夜市/市場攤販","zone":"雲嘉南","city":"臺南市","area":"六甲區","market_name":"六甲公有零售市場","market_address":"臺南市六甲區中正路522號","pay_list":"","pay_tool":"","行業代號":null,"行業代號1":null,"名稱1":null,"行業代號2":null,"名稱2":null,"行業代號3":null,"名稱3":null},{"index":117,"id":10053498,"user":"黃秀珍","shop":"六甲公有零售市場-E14","category":"夜市/市場攤販","zone":"雲嘉南","city":"臺南市","area":"六甲區","market_name":"六甲公有零售市場","market_address":"臺南市六甲區中正路522號","pay_list":"","pay_tool":"","行業代號":null,"行業代號1":null,"名稱1":null,"行業代號2":null,"名稱2":null,"行業代號3":null,"名稱3":null},{"index":118,"id":10053499,"user":"陳林明笑","shop":"六甲公有零售市場-E15","category":"夜市/市場攤販","zone":"雲嘉南","city":"臺南市","area":"六甲區","market_name":"六甲公有零售市場","market_address":"臺南市六甲區中正路522號","pay_list":"","pay_tool":"","行業代號":null,"行業代號1":null,"名稱1":null,"行業代號2":null,"名稱2":null,"行業代號3":null,"名稱3":null},{"index":119,"id":10053500,"user":"陳盈伶","shop":"六甲公有零售市場-E16","category":"夜市/市場攤販","zone":"雲嘉南","city":"臺南市","area":"六甲區","market_name":"六甲公有零售市場","market_address":"臺南市六甲區中正路522號","pay_list":"","pay_tool":"","行業代號":null,"行業代號1":null,"名稱1":null,"行業代號2":null,"名稱2":null,"行業代號3":null,"名稱3":null},{"index":120,"id":10053501,"user":"尤清雄","shop":"六甲公有零售市場-E17","category":"夜市/市場攤販","zone":"雲嘉南","city":"臺南市","area":"六甲區","market_name":"六甲公有零售市場","market_address":"臺南市六甲區中正路522號","pay_list":"","pay_tool":"","行業代號":null,"行業代號1":null,"名稱1":null,"行業代號2":null,"名稱2":null,"行業代號3":null,"名稱3":null},{"index":121,"id":10053503,"user":"顏良裕","shop":"六甲公有零售市場-E18","category":"夜市/市場攤販","zone":"雲嘉南","city":"臺南市","area":"六甲區","market_name":"六甲公有零售市場","market_address":"臺南市六甲區中正路522號","pay_list":"","pay_tool":"","行業代號":null,"行業代號1":null,"名稱1":null,"行業代號2":null,"名稱2":null,"行業代號3":null,"名稱3":null},{"index":122,"id":10053504,"user":"許芳齊","shop":"六甲公有零售市場-E19","category":"夜市/市場攤販","zone":"雲嘉南","city":"臺南市","area":"六甲區","market_name":"六甲公有零售市場","market_address":"臺南市六甲區中正路522號","pay_list":"","pay_tool":"","行業代號":null,"行業代號1":null,"名稱1":null,"行業代號2":null,"名稱2":null,"行業代號3":null,"名稱3":null},{"index":123,"id":10053505,"user":"林張桃","shop":"六甲公有零售市場-E20","category":"夜市/市場攤販","zone":"雲嘉南","city":"臺南市","area":"六甲區","market_name":"六甲公有零售市場","market_address":"臺南市六甲區中正路522號","pay_list":"","pay_tool":"","行業代號":null,"行業代號1":null,"名稱1":null,"行業代號2":null,"名稱2":null,"行業代號3":null,"名稱3":null},{"index":124,"id":10053506,"user":"陳和南","shop":"六甲公有零售市場-E21","category":"夜市/市場攤販","zone":"雲嘉南","city":"臺南市","area":"六甲區","market_name":"六甲公有零售市場","market_address":"臺南市六甲區中正路522號","pay_list":"","pay_tool":"","行業代號":null,"行業代號1":null,"名稱1":null,"行業代號2":null,"名稱2":null,"行業代號3":null,"名稱3":null},{"index":125,"id":10053507,"user":"蕭美珍","shop":"六甲公有零售市場-E22","category":"夜市/市場攤販","zone":"雲嘉南","city":"臺南市","area":"六甲區","market_name":"六甲公有零售市場","market_address":"臺南市六甲區中正路522號","pay_list":"","pay_tool":"","行業代號":null,"行業代號1":null,"名稱1":null,"行業代號2":null,"名稱2":null,"行業代號3":null,"名稱3":null},{"index":126,"id":10053508,"user":"陳沛喻","shop":"六甲公有零售市場-E23","category":"夜市/市場攤販","zone":"雲嘉南","city":"臺南市","area":"六甲區","market_name":"六甲公有零售市場","market_address":"臺南市六甲區中正路522號","pay_list":"","pay_tool":"","行業代號":null,"行業代號1":null,"名稱1":null,"行業代號2":null,"名稱2":null,"行業代號3":null,"名稱3":null},{"index":127,"id":10053509,"user":"毛昭仁","shop":"六甲公有零售市場-E24","category":"夜市/市場攤販","zone":"雲嘉南","city":"臺南市","area":"六甲區","market_name":"六甲公有零售市場","market_address":"臺南市六甲區中正路522號","pay_list":"","pay_tool":"","行業代號":null,"行業代號1":null,"名稱1":null,"行業代號2":null,"名稱2":null,"行業代號3":null,"名稱3":null},{"index":128,"id":10053510,"user":"陳鄭阿仁","shop":"六甲公有零售市場-E25","category":"夜市/市場攤販","zone":"雲嘉南","city":"臺南市","area":"六甲區","market_name":"六甲公有零售市場","market_address":"臺南市六甲區中正路522號","pay_list":"","pay_tool":"","行業代號":null,"行業代號1":null,"名稱1":null,"行業代號2":null,"名稱2":null,"行業代號3":null,"名稱3":null},{"index":129,"id":10053511,"user":"李俊雄","shop":"六甲公有零售市場-E26","category":"夜市/市場攤販","zone":"雲嘉南","city":"臺南市","area":"六甲區","market_name":"六甲公有零售市場","market_address":"臺南市六甲區中正路522號","pay_list":"","pay_tool":"","行業代號":null,"行業代號1":null,"名稱1":null,"行業代號2":null,"名稱2":null,"行業代號3":null,"名稱3":null},{"index":130,"id":10053512,"user":"陳林月","shop":"六甲公有零售市場-E27","category":"夜市/市場攤販","zone":"雲嘉南","city":"臺南市","area":"六甲區","market_name":"六甲公有零售市場","market_address":"臺南市六甲區中正路522號","pay_list":"","pay_tool":"","行業代號":null,"行業代號1":null,"名稱1":null,"行業代號2":null,"名稱2":null,"行業代號3":null,"名稱3":null},{"index":131,"id":10053514,"user":"蔡文祺","shop":"六甲公有零售市場-E28","category":"夜市/市場攤販","zone":"雲嘉南","city":"臺南市","area":"六甲區","market_name":"六甲公有零售市場","market_address":"臺南市六甲區中正路522號","pay_list":"","pay_tool":"","行業代號":null,"行業代號1":null,"名稱1":null,"行業代號2":null,"名稱2":null,"行業代號3":null,"名稱3":null},{"index":132,"id":10053515,"user":"謝錦月","shop":"六甲公有零售市場-E29","category":"夜市/市場攤販","zone":"雲嘉南","city":"臺南市","area":"六甲區","market_name":"六甲公有零售市場","market_address":"臺南市六甲區中正路522號","pay_list":"","pay_tool":"","行業代號":null,"行業代號1":null,"名稱1":null,"行業代號2":null,"名稱2":null,"行業代號3":null,"名稱3":null},{"index":133,"id":10053516,"user":"陳明超","shop":"六甲公有零售市場-E30","category":"夜市/市場攤販","zone":"雲嘉南","city":"臺南市","area":"六甲區","market_name":"六甲公有零售市場","market_address":"臺南市六甲區中正路522號","pay_list":"","pay_tool":"","行業代號":null,"行業代號1":null,"名稱1":null,"行業代號2":null,"名稱2":null,"行業代號3":null,"名稱3":null},{"index":134,"id":10053517,"user":"陳淑娟","shop":"六甲公有零售市場-E31","category":"夜市/市場攤販","zone":"雲嘉南","city":"臺南市","area":"六甲區","market_name":"六甲公有零售市場","market_address":"臺南市六甲區中正路522號","pay_list":"","pay_tool":"","行業代號":null,"行業代號1":null,"名稱1":null,"行業代號2":null,"名稱2":null,"行業代號3":null,"名稱3":null},{"index":135,"id":10053518,"user":"顏閎勝","shop":"六甲公有零售市場-E32","category":"夜市/市場攤販","zone":"雲嘉南","city":"臺南市","area":"六甲區","market_name":"六甲公有零售市場","market_address":"臺南市六甲區中正路522號","pay_list":"","pay_tool":"","行業代號":null,"行業代號1":null,"名稱1":null,"行業代號2":null,"名稱2":null,"行業代號3":null,"名稱3":null},{"index":136,"id":10053519,"user":"馮憶慈","shop":"六甲公有零售市場-E33","category":"夜市/市場攤販","zone":"雲嘉南","city":"臺南市","area":"六甲區","market_name":"六甲公有零售市場","market_address":"臺南市六甲區中正路522號","pay_list":"","pay_tool":"","行業代號":null,"行業代號1":null,"名稱1":null,"行業代號2":null,"名稱2":null,"行業代號3":null,"名稱3":null},{"index":137,"id":10053520,"user":"謝永鈴","shop":"六甲公有零售市場-E34","category":"夜市/市場攤販","zone":"雲嘉南","city":"臺南市","area":"六甲區","market_name":"六甲公有零售市場","market_address":"臺南市六甲區中正路522號","pay_list":"","pay_tool":"","行業代號":null,"行業代號1":null,"名稱1":null,"行業代號2":null,"名稱2":null,"行業代號3":null,"名稱3":null},{"index":138,"id":10053521,"user":"郭淑幼","shop":"六甲公有零售市場-E35","category":"夜市/市場攤販","zone":"雲嘉南","city":"臺南市","area":"六甲區","market_name":"六甲公有零售市場","market_address":"臺南市六甲區中正路522號","pay_list":"","pay_tool":"","行業代號":null,"行業代號1":null,"名稱1":null,"行業代號2":null,"名稱2":null,"行業代號3":null,"名稱3":null},{"index":139,"id":10053522,"user":"莊天億","shop":"六甲公有零售市場-E36","category":"夜市/市場攤販","zone":"雲嘉南","city":"臺南市","area":"六甲區","market_name":"六甲公有零售市場","market_address":"臺南市六甲區中正路522號","pay_list":"","pay_tool":"","行業代號":null,"行業代號1":null,"名稱1":null,"行業代號2":null,"名稱2":null,"行業代號3":null,"名稱3":null},{"index":140,"id":10053523,"user":"黃郭素汝","shop":"六甲公有零售市場-E37","category":"夜市/市場攤販","zone":"雲嘉南","city":"臺南市","area":"六甲區","market_name":"六甲公有零售市場","market_address":"臺南市六甲區中正路522號","pay_list":"","pay_tool":"","行業代號":null,"行業代號1":null,"名稱1":null,"行業代號2":null,"名稱2":null,"行業代號3":null,"名稱3":null},{"index":141,"id":10053525,"user":"陳佳玉","shop":"六甲公有零售市場-E38","category":"夜市/市場攤販","zone":"雲嘉南","city":"臺南市","area":"六甲區","market_name":"六甲公有零售市場","market_address":"臺南市六甲區中正路522號","pay_list":"","pay_tool":"","行業代號":null,"行業代號1":null,"名稱1":null,"行業代號2":null,"名稱2":null,"行業代號3":null,"名稱3":null},{"index":142,"id":10053526,"user":"何陳秋錦","shop":"六甲公有零售市場-E39","category":"夜市/市場攤販","zone":"雲嘉南","city":"臺南市","area":"六甲區","market_name":"六甲公有零售市場","market_address":"臺南市六甲區中正路522號","pay_list":"","pay_tool":"","行業代號":null,"行業代號1":null,"名稱1":null,"行業代號2":null,"名稱2":null,"行業代號3":null,"名稱3":null},{"index":143,"id":10053527,"user":"陳正雄","shop":"六甲公有零售市場-E40","category":"夜市/市場攤販","zone":"雲嘉南","city":"臺南市","area":"六甲區","market_name":"六甲公有零售市場","market_address":"臺南市六甲區中正路522號","pay_list":"","pay_tool":"","行業代號":null,"行業代號1":null,"名稱1":null,"行業代號2":null,"名稱2":null,"行業代號3":null,"名稱3":null},{"index":144,"id":10053528,"user":"陳正雄","shop":"六甲公有零售市場-E41","category":"夜市/市場攤販","zone":"雲嘉南","city":"臺南市","area":"六甲區","market_name":"六甲公有零售市場","market_address":"臺南市六甲區中正路522號","pay_list":"","pay_tool":"","行業代號":null,"行業代號1":null,"名稱1":null,"行業代號2":null,"名稱2":null,"行業代號3":null,"名稱3":null},{"index":145,"id":10053529,"user":"陳胡珠","shop":"六甲公有零售市場-E42","category":"夜市/市場攤販","zone":"雲嘉南","city":"臺南市","area":"六甲區","market_name":"六甲公有零售市場","market_address":"臺南市六甲區中正路522號","pay_list":"","pay_tool":"","行業代號":null,"行業代號1":null,"名稱1":null,"行業代號2":null,"名稱2":null,"行業代號3":null,"名稱3":null},{"index":146,"id":10053530,"user":"謝黃金玉","shop":"六甲公有零售市場-E43","category":"夜市/市場攤販","zone":"雲嘉南","city":"臺南市","area":"六甲區","market_name":"六甲公有零售市場","market_address":"臺南市六甲區中正路522號","pay_list":"","pay_tool":"","行業代號":null,"行業代號1":null,"名稱1":null,"行業代號2":null,"名稱2":null,"行業代號3":null,"名稱3":null},{"index":147,"id":10053531,"user":"許黃美霞","shop":"六甲公有零售市場-E44","category":"夜市/市場攤販","zone":"雲嘉南","city":"臺南市","area":"六甲區","market_name":"六甲公有零售市場","market_address":"臺南市六甲區中正路522號","pay_list":"","pay_tool":"","行業代號":null,"行業代號1":null,"名稱1":null,"行業代號2":null,"名稱2":null,"行業代號3":null,"名稱3":null},{"index":148,"id":10053532,"user":"劉素霞","shop":"六甲公有零售市場-E45","category":"夜市/市場攤販","zone":"雲嘉南","city":"臺南市","area":"六甲區","market_name":"六甲公有零售市場","market_address":"臺南市六甲區中正路522號","pay_list":"","pay_tool":"","行業代號":null,"行業代號1":null,"名稱1":null,"行業代號2":null,"名稱2":null,"行業代號3":null,"名稱3":null},{"index":149,"id":10053533,"user":"陳盈伶","shop":"六甲公有零售市場-E46","category":"夜市/市場攤販","zone":"雲嘉南","city":"臺南市","area":"六甲區","market_name":"六甲公有零售市場","market_address":"臺南市六甲區中正路522號","pay_list":"","pay_tool":"","行業代號":null,"行業代號1":null,"名稱1":null,"行業代號2":null,"名稱2":null,"行業代號3":null,"名稱3":null},{"index":150,"id":10053534,"user":"陳錦秀","shop":"六甲公有零售市場-E47","category":"夜市/市場攤販","zone":"雲嘉南","city":"臺南市","area":"六甲區","market_name":"六甲公有零售市場","market_address":"臺南市六甲區中正路522號","pay_list":"","pay_tool":"","行業代號":null,"行業代號1":null,"名稱1":null,"行業代號2":null,"名稱2":null,"行業代號3":null,"名稱3":null},{"index":151,"id":10053536,"user":"顏良裕","shop":"六甲公有零售市場-E48","category":"夜市/市場攤販","zone":"雲嘉南","city":"臺南市","area":"六甲區","market_name":"六甲公有零售市場","market_address":"臺南市六甲區中正路522號","pay_list":"","pay_tool":"","行業代號":null,"行業代號1":null,"名稱1":null,"行業代號2":null,"名稱2":null,"行業代號3":null,"名稱3":null},{"index":152,"id":10053537,"user":"陳獻志","shop":"六甲公有零售市場-E49","category":"夜市/市場攤販","zone":"雲嘉南","city":"臺南市","area":"六甲區","market_name":"六甲公有零售市場","market_address":"臺南市六甲區中正路522號","pay_list":"","pay_tool":"","行業代號":null,"行業代號1":null,"名稱1":null,"行業代號2":null,"名稱2":null,"行業代號3":null,"名稱3":null},{"index":153,"id":10053538,"user":"林木成","shop":"六甲公有零售市場-E50","category":"夜市/市場攤販","zone":"雲嘉南","city":"臺南市","area":"六甲區","market_name":"六甲公有零售市場","market_address":"臺南市六甲區中正路522號","pay_list":"","pay_tool":"","行業代號":null,"行業代號1":null,"名稱1":null,"行業代號2":null,"名稱2":null,"行業代號3":null,"名稱3":null},{"index":154,"id":10053539,"user":"陳建忠","shop":"六甲公有零售市場-E51","category":"夜市/市場攤販","zone":"雲嘉南","city":"臺南市","area":"六甲區","market_name":"六甲公有零售市場","market_address":"臺南市六甲區中正路522號","pay_list":"","pay_tool":"","行業代號":null,"行業代號1":null,"名稱1":null,"行業代號2":null,"名稱2":null,"行業代號3":null,"名稱3":null},{"index":155,"id":10053540,"user":"陳岩榮勤","shop":"六甲公有零售市場-E52","category":"夜市/市場攤販","zone":"雲嘉南","city":"臺南市","area":"六甲區","market_name":"六甲公有零售市場","market_address":"臺南市六甲區中正路522號","pay_list":"","pay_tool":"","行業代號":null,"行業代號1":null,"名稱1":null,"行業代號2":null,"名稱2":null,"行業代號3":null,"名稱3":null},{"index":156,"id":10053541,"user":"王進雄","shop":"六甲公有零售市場-E53","category":"夜市/市場攤販","zone":"雲嘉南","city":"臺南市","area":"六甲區","market_name":"六甲公有零售市場","market_address":"臺南市六甲區中正路522號","pay_list":"","pay_tool":"","行業代號":null,"行業代號1":null,"名稱1":null,"行業代號2":null,"名稱2":null,"行業代號3":null,"名稱3":null},{"index":157,"id":10053542,"user":"王裕堡","shop":"六甲公有零售市場-E54","category":"夜市/市場攤販","zone":"雲嘉南","city":"臺南市","area":"六甲區","market_name":"六甲公有零售市場","market_address":"臺南市六甲區中正路522號","pay_list":"","pay_tool":"","行業代號":null,"行業代號1":null,"名稱1":null,"行業代號2":null,"名稱2":null,"行業代號3":null,"名稱3":null},{"index":158,"id":10053543,"user":"黃志成","shop":"六甲公有零售市場-E55","category":"夜市/市場攤販","zone":"雲嘉南","city":"臺南市","area":"六甲區","market_name":"六甲公有零售市場","market_address":"臺南市六甲區中正路522號","pay_list":"","pay_tool":"","行業代號":null,"行業代號1":null,"名稱1":null,"行業代號2":null,"名稱2":null,"行業代號3":null,"名稱3":null},{"index":159,"id":10053544,"user":"陳淑貞","shop":"六甲公有零售市場-E56","category":"夜市/市場攤販","zone":"雲嘉南","city":"臺南市","area":"六甲區","market_name":"六甲公有零售市場","market_address":"臺南市六甲區中正路522號","pay_list":"","pay_tool":"","行業代號":null,"行業代號1":null,"名稱1":null,"行業代號2":null,"名稱2":null,"行業代號3":null,"名稱3":null},{"index":160,"id":10053545,"user":"林清江","shop":"六甲公有零售市場-E57","category":"夜市/市場攤販","zone":"雲嘉南","city":"臺南市","area":"六甲區","market_name":"六甲公有零售市場","market_address":"臺南市六甲區中正路522號","pay_list":"","pay_tool":"","行業代號":null,"行業代號1":null,"名稱1":null,"行業代號2":null,"名稱2":null,"行業代號3":null,"名稱3":null},{"index":161,"id":20005660,"user":"劉文祥","shop":"阿祥鹽酥雞","category":["夜市/市場攤販"],"zone":"雲嘉南","city":"臺南市","area":"六甲區","market_name":["餐食攤販"],"market_address":"臺南市六甲區六甲里民生街１６３號","pay_list":"","pay_tool":"","行業代號":null,"行業代號1":null,"名稱1":null,"行業代號2":null,"名稱2":null,"行業代號3":null,"名稱3":null},{"index":162,"id":20006709,"user":"楊素甘","shop":"品香擔仔麵","category":["夜市/市場攤販"],"zone":"雲嘉南","city":"臺南市","area":"六甲區","market_name":["餐食攤販"],"market_address":"臺南市六甲區六甲里民生街１１１號","pay_list":"","pay_tool":"","行業代號":null,"行業代號1":null,"名稱1":null,"行業代號2":null,"名稱2":null,"行業代號3":null,"名稱3":null},{"index":163,"id":20023268,"user":"毛俊貴","shop":"六甲媽祖廟剉冰","category":["夜市/市場攤販"],"zone":"雲嘉南","city":"臺南市","area":"六甲區","market_name":["調理飲料攤販"],"market_address":"臺南市六甲區六甲里恆安宮前廣場","pay_list":"","pay_tool":"","行業代號":null,"行業代號1":null,"名稱1":null,"行業代號2":null,"名稱2":null,"行業代號3":null,"名稱3":null},{"index":164,"id":20035810,"user":"王筠婷","shop":"乳果吧","category":["夜市/市場攤販"],"zone":"雲嘉南","city":"臺南市","area":"六甲區","market_name":["調理飲料攤販"],"market_address":"臺南市六甲區六甲里公共市場Ｅ５３","pay_list":"","pay_tool":"","行業代號":null,"行業代號1":null,"名稱1":null,"行業代號2":null,"名稱2":null,"行業代號3":null,"名稱3":null},{"index":165,"id":20036268,"user":"沈晏綾","shop":"微笑紅豆餅","category":["夜市/市場攤販"],"zone":"雲嘉南","city":"臺南市","area":"六甲區","market_name":["餐食攤販"],"market_address":"臺南市六甲區六甲里中正路４６３號前面","pay_list":"","pay_tool":"","行業代號":null,"行業代號1":null,"名稱1":null,"行業代號2":null,"名稱2":null,"行業代號3":null,"名稱3":null},{"index":166,"id":20036611,"user":"張嘉庭","shop":"飄香大腸香腸","category":["夜市/市場攤販"],"zone":"雲嘉南","city":"臺南市","area":"六甲區","market_name":["餐食攤販"],"market_address":"臺南市六甲區六甲里中華路（六甲國中活動中心對面）","pay_list":"","pay_tool":"","行業代號":null,"行業代號1":null,"名稱1":null,"行業代號2":null,"名稱2":null,"行業代號3":null,"名稱3":null},{"index":167,"id":20052376,"user":"莊家和","shop":"食圓商行","category":["夜市/市場攤販"],"zone":"雲嘉南","city":"臺南市","area":"六甲區","market_name":["餐食攤販"],"market_address":"臺南市六甲區龜港里龜子港２８１巷３８弄１１號","pay_list":"","pay_tool":"","行業代號":null,"行業代號1":null,"名稱1":null,"行業代號2":null,"名稱2":null,"行業代號3":null,"名稱3":null},{"index":168,"id":60037461,"user":"陳蔡秀雲","shop":"巧味小吃","category":["夜市/市場攤販"],"zone":"雲嘉南","city":"臺南市","area":"六甲區","market_name":["餐食攤販"],"market_address":"臺南市六甲區六甲里中山路７６號","pay_list":null,"pay_tool":null,"行業代號":"561200","行業代號1":"","名稱1":"","行業代號2":"","名稱2":"","行業代號3":"","名稱3":""},{"index":169,"id":60037462,"user":"張陳素英","shop":"六甲外省麵","category":["夜市/市場攤販"],"zone":"雲嘉南","city":"臺南市","area":"六甲區","market_name":["餐食攤販"],"market_address":"臺南市六甲區六甲里民生街５１－１號","pay_list":null,"pay_tool":null,"行業代號":"561200","行業代號1":"","名稱1":"","行業代號2":"","名稱2":"","行業代號3":"","名稱3":""},{"index":170,"id":60110580,"user":"林彩娥","shop":"三代小吃攤","category":["夜市/市場攤販"],"zone":"雲嘉南","city":"臺南市","area":"六甲區","market_name":["餐食攤販"],"market_address":"臺南市六甲區七甲里中正路１１７巷７號１樓","pay_list":null,"pay_tool":null,"行業代號":"561200","行業代號1":"","名稱1":"","行業代號2":"","名稱2":"","行業代號3":"","名稱3":""},{"index":171,"id":60123557,"user":"楊清評","shop":"羊仔海產小吃店","category":["夜市/市場攤販"],"zone":"雲嘉南","city":"臺南市","area":"六甲區","market_name":["餐食攤販"],"market_address":"臺南市六甲區六甲里中正路３９６－１號","pay_list":null,"pay_tool":null,"行業代號":"561200","行業代號1":"","名稱1":"","行業代號2":"","名稱2":"","行業代號3":"","名稱3":""}]