[{"index":1,"id":10003455,"user":"王芳靜","shop":"土庫公有零售市場-寢具","category":"夜市/市場攤販","zone":"雲嘉南","city":"雲林縣","area":"土庫鎮","market_name":"土庫公有零售市場","market_address":"雲林縣土庫鎮越港里仁美街290號","pay_list":"","pay_tool":"","行業代號":null,"行業代號1":null,"名稱1":null,"行業代號2":null,"名稱2":null,"行業代號3":null,"名稱3":null},{"index":2,"id":10003459,"user":"李宛真","shop":"土庫公有零售市場-手工藝品","category":"夜市/市場攤販","zone":"雲嘉南","city":"雲林縣","area":"土庫鎮","market_name":"土庫公有零售市場","market_address":"雲林縣土庫鎮越港里仁美街290號","pay_list":"","pay_tool":"","行業代號":null,"行業代號1":null,"名稱1":null,"行業代號2":null,"名稱2":null,"行業代號3":null,"名稱3":null},{"index":3,"id":10003460,"user":"陳彩穎","shop":"土庫公有零售市場-百貨","category":"夜市/市場攤販","zone":"雲嘉南","city":"雲林縣","area":"土庫鎮","market_name":"土庫公有零售市場","market_address":"雲林縣土庫鎮越港里仁美街290號","pay_list":"","pay_tool":"","行業代號":null,"行業代號1":null,"名稱1":null,"行業代號2":null,"名稱2":null,"行業代號3":null,"名稱3":null},{"index":4,"id":10003461,"user":"陳美妃","shop":"土庫公有零售市場-美甲","category":"夜市/市場攤販","zone":"雲嘉南","city":"雲林縣","area":"土庫鎮","market_name":"土庫公有零售市場","market_address":"雲林縣土庫鎮越港里仁美街290號","pay_list":"","pay_tool":"","行業代號":null,"行業代號1":null,"名稱1":null,"行業代號2":null,"名稱2":null,"行業代號3":null,"名稱3":null},{"index":5,"id":10003462,"user":"江秀滿","shop":"土庫公有零售市場-剪髮","category":"夜市/市場攤販","zone":"雲嘉南","city":"雲林縣","area":"土庫鎮","market_name":"土庫公有零售市場","market_address":"雲林縣土庫鎮越港里仁美街290號","pay_list":"","pay_tool":"","行業代號":null,"行業代號1":null,"名稱1":null,"行業代號2":null,"名稱2":null,"行業代號3":null,"名稱3":null},{"index":6,"id":10003463,"user":"陳曉盈","shop":"土庫公有零售市場-美容","category":"夜市/市場攤販","zone":"雲嘉南","city":"雲林縣","area":"土庫鎮","market_name":"土庫公有零售市場","market_address":"雲林縣土庫鎮越港里仁美街290號","pay_list":"","pay_tool":"","行業代號":null,"行業代號1":null,"名稱1":null,"行業代號2":null,"名稱2":null,"行業代號3":null,"名稱3":null},{"index":7,"id":10003464,"user":"方文玲","shop":"土庫公有零售市場-服飾","category":"夜市/市場攤販","zone":"雲嘉南","city":"雲林縣","area":"土庫鎮","market_name":"土庫公有零售市場","market_address":"雲林縣土庫鎮越港里仁美街290號","pay_list":"","pay_tool":"","行業代號":null,"行業代號1":null,"名稱1":null,"行業代號2":null,"名稱2":null,"行業代號3":null,"名稱3":null},{"index":8,"id":10003465,"user":"陳相榕","shop":"土庫公有零售市場-咖啡","category":"夜市/市場攤販","zone":"雲嘉南","city":"雲林縣","area":"土庫鎮","market_name":"土庫公有零售市場","market_address":"雲林縣土庫鎮越港里仁美街290號","pay_list":"","pay_tool":"","行業代號":null,"行業代號1":null,"名稱1":null,"行業代號2":null,"名稱2":null,"行業代號3":null,"名稱3":null},{"index":9,"id":10003466,"user":"李易尚","shop":"土庫公有零售市場-藝品","category":"夜市/市場攤販","zone":"雲嘉南","city":"雲林縣","area":"土庫鎮","market_name":"土庫公有零售市場","market_address":"雲林縣土庫鎮越港里仁美街290號","pay_list":"","pay_tool":"","行業代號":null,"行業代號1":null,"名稱1":null,"行業代號2":null,"名稱2":null,"行業代號3":null,"名稱3":null},{"index":10,"id":10003467,"user":"郭學詩","shop":"土庫公有零售市場-豆腐","category":"夜市/市場攤販","zone":"雲嘉南","city":"雲林縣","area":"土庫鎮","market_name":"土庫公有零售市場","market_address":"雲林縣土庫鎮越港里仁美街290號","pay_list":"","pay_tool":"","行業代號":null,"行業代號1":null,"名稱1":null,"行業代號2":null,"名稱2":null,"行業代號3":null,"名稱3":null},{"index":11,"id":10003468,"user":"楊長友","shop":"土庫公有零售市場-豆腐","category":"夜市/市場攤販","zone":"雲嘉南","city":"雲林縣","area":"土庫鎮","market_name":"土庫公有零售市場","market_address":"雲林縣土庫鎮越港里仁美街290號","pay_list":"","pay_tool":"","行業代號":null,"行業代號1":null,"名稱1":null,"行業代號2":null,"名稱2":null,"行業代號3":null,"名稱3":null},{"index":12,"id":10003470,"user":"郭慶田","shop":"土庫公有零售市場-藝品","category":"夜市/市場攤販","zone":"雲嘉南","city":"雲林縣","area":"土庫鎮","market_name":"土庫公有零售市場","market_address":"雲林縣土庫鎮越港里仁美街290號","pay_list":"","pay_tool":"","行業代號":null,"行業代號1":null,"名稱1":null,"行業代號2":null,"名稱2":null,"行業代號3":null,"名稱3":null},{"index":13,"id":10003471,"user":"許瓊玉","shop":"土庫公有零售市場-藝品","category":"夜市/市場攤販","zone":"雲嘉南","city":"雲林縣","area":"土庫鎮","market_name":"土庫公有零售市場","market_address":"雲林縣土庫鎮越港里仁美街290號","pay_list":"","pay_tool":"","行業代號":null,"行業代號1":null,"名稱1":null,"行業代號2":null,"名稱2":null,"行業代號3":null,"名稱3":null},{"index":14,"id":10003472,"user":"林茂益","shop":"土庫公有零售市場-茶葉","category":"夜市/市場攤販","zone":"雲嘉南","city":"雲林縣","area":"土庫鎮","market_name":"土庫公有零售市場","market_address":"雲林縣土庫鎮越港里仁美街290號","pay_list":"","pay_tool":"","行業代號":null,"行業代號1":null,"名稱1":null,"行業代號2":null,"名稱2":null,"行業代號3":null,"名稱3":null},{"index":15,"id":10003473,"user":"郭陳敏淑","shop":"土庫公有零售市場-餐飲","category":"夜市/市場攤販","zone":"雲嘉南","city":"雲林縣","area":"土庫鎮","market_name":"土庫公有零售市場","market_address":"雲林縣土庫鎮越港里仁美街290號","pay_list":"","pay_tool":"","行業代號":null,"行業代號1":null,"名稱1":null,"行業代號2":null,"名稱2":null,"行業代號3":null,"名稱3":null},{"index":16,"id":10003474,"user":"郭銘羽","shop":"土庫公有零售市場-餐飲","category":"夜市/市場攤販","zone":"雲嘉南","city":"雲林縣","area":"土庫鎮","market_name":"土庫公有零售市場","market_address":"雲林縣土庫鎮越港里仁美街290號","pay_list":"","pay_tool":"","行業代號":null,"行業代號1":null,"名稱1":null,"行業代號2":null,"名稱2":null,"行業代號3":null,"名稱3":null},{"index":17,"id":10003475,"user":"郭銘羽","shop":"土庫公有零售市場-餐飲","category":"夜市/市場攤販","zone":"雲嘉南","city":"雲林縣","area":"土庫鎮","market_name":"土庫公有零售市場","market_address":"雲林縣土庫鎮越港里仁美街290號","pay_list":"","pay_tool":"","行業代號":null,"行業代號1":null,"名稱1":null,"行業代號2":null,"名稱2":null,"行業代號3":null,"名稱3":null},{"index":18,"id":10003476,"user":"李易尚","shop":"土庫公有零售市場-藝品","category":"夜市/市場攤販","zone":"雲嘉南","city":"雲林縣","area":"土庫鎮","market_name":"土庫公有零售市場","market_address":"雲林縣土庫鎮越港里仁美街290號","pay_list":"","pay_tool":"","行業代號":null,"行業代號1":null,"名稱1":null,"行業代號2":null,"名稱2":null,"行業代號3":null,"名稱3":null},{"index":19,"id":10003477,"user":"顏永勝","shop":"土庫公有零售市場-豬肉","category":"夜市/市場攤販","zone":"雲嘉南","city":"雲林縣","area":"土庫鎮","market_name":"土庫公有零售市場","market_address":"雲林縣土庫鎮越港里仁美街290號","pay_list":"","pay_tool":"","行業代號":null,"行業代號1":null,"名稱1":null,"行業代號2":null,"名稱2":null,"行業代號3":null,"名稱3":null},{"index":20,"id":10003478,"user":"王吉君","shop":"土庫公有零售市場-早餐","category":"夜市/市場攤販","zone":"雲嘉南","city":"雲林縣","area":"土庫鎮","market_name":"土庫公有零售市場","market_address":"雲林縣土庫鎮越港里仁美街290號","pay_list":"","pay_tool":"","行業代號":null,"行業代號1":null,"名稱1":null,"行業代號2":null,"名稱2":null,"行業代號3":null,"名稱3":null},{"index":21,"id":10003479,"user":"王建翔","shop":"土庫公有零售市場-早餐","category":"夜市/市場攤販","zone":"雲嘉南","city":"雲林縣","area":"土庫鎮","market_name":"土庫公有零售市場","market_address":"雲林縣土庫鎮越港里仁美街290號","pay_list":"","pay_tool":"","行業代號":null,"行業代號1":null,"名稱1":null,"行業代號2":null,"名稱2":null,"行業代號3":null,"名稱3":null},{"index":22,"id":10003481,"user":"郭雅娟","shop":"土庫公有零售市場-早餐","category":"夜市/市場攤販","zone":"雲嘉南","city":"雲林縣","area":"土庫鎮","market_name":"土庫公有零售市場","market_address":"雲林縣土庫鎮越港里仁美街290號","pay_list":"","pay_tool":"","行業代號":null,"行業代號1":null,"名稱1":null,"行業代號2":null,"名稱2":null,"行業代號3":null,"名稱3":null},{"index":23,"id":10003482,"user":"張重隆","shop":"土庫公有零售市場-快炒","category":"夜市/市場攤販","zone":"雲嘉南","city":"雲林縣","area":"土庫鎮","market_name":"土庫公有零售市場","market_address":"雲林縣土庫鎮越港里仁美街290號","pay_list":"","pay_tool":"","行業代號":null,"行業代號1":null,"名稱1":null,"行業代號2":null,"名稱2":null,"行業代號3":null,"名稱3":null},{"index":24,"id":10003483,"user":"郭陳敏淑","shop":"土庫公有零售市場-餐飲","category":"夜市/市場攤販","zone":"雲嘉南","city":"雲林縣","area":"土庫鎮","market_name":"土庫公有零售市場","market_address":"雲林縣土庫鎮越港里仁美街290號","pay_list":"","pay_tool":"","行業代號":null,"行業代號1":null,"名稱1":null,"行業代號2":null,"名稱2":null,"行業代號3":null,"名稱3":null},{"index":25,"id":10003484,"user":"陳文雄","shop":"土庫公有零售市場-豬肉","category":"夜市/市場攤販","zone":"雲嘉南","city":"雲林縣","area":"土庫鎮","market_name":"土庫公有零售市場","market_address":"雲林縣土庫鎮越港里仁美街290號","pay_list":"","pay_tool":"","行業代號":null,"行業代號1":null,"名稱1":null,"行業代號2":null,"名稱2":null,"行業代號3":null,"名稱3":null},{"index":26,"id":10003485,"user":"陳文雄","shop":"土庫公有零售市場-豬肉","category":"夜市/市場攤販","zone":"雲嘉南","city":"雲林縣","area":"土庫鎮","market_name":"土庫公有零售市場","market_address":"雲林縣土庫鎮越港里仁美街290號","pay_list":"","pay_tool":"","行業代號":null,"行業代號1":null,"名稱1":null,"行業代號2":null,"名稱2":null,"行業代號3":null,"名稱3":null},{"index":27,"id":10003486,"user":"劉青岳","shop":"土庫公有零售市場-蔬菜","category":"夜市/市場攤販","zone":"雲嘉南","city":"雲林縣","area":"土庫鎮","market_name":"土庫公有零售市場","market_address":"雲林縣土庫鎮越港里仁美街290號","pay_list":"","pay_tool":"","行業代號":null,"行業代號1":null,"名稱1":null,"行業代號2":null,"名稱2":null,"行業代號3":null,"名稱3":null},{"index":28,"id":10003487,"user":"顏永勝","shop":"土庫公有零售市場-豬肉","category":"夜市/市場攤販","zone":"雲嘉南","city":"雲林縣","area":"土庫鎮","market_name":"土庫公有零售市場","market_address":"雲林縣土庫鎮越港里仁美街290號","pay_list":"","pay_tool":"","行業代號":null,"行業代號1":null,"名稱1":null,"行業代號2":null,"名稱2":null,"行業代號3":null,"名稱3":null},{"index":29,"id":10003488,"user":"林柯素雲","shop":"土庫公有零售市場-豬肉","category":"夜市/市場攤販","zone":"雲嘉南","city":"雲林縣","area":"土庫鎮","market_name":"土庫公有零售市場","market_address":"雲林縣土庫鎮越港里仁美街290號","pay_list":"","pay_tool":"","行業代號":null,"行業代號1":null,"名稱1":null,"行業代號2":null,"名稱2":null,"行業代號3":null,"名稱3":null},{"index":30,"id":10003489,"user":"黃秀惠","shop":"土庫公有零售市場-雞肉","category":"夜市/市場攤販","zone":"雲嘉南","city":"雲林縣","area":"土庫鎮","market_name":"土庫公有零售市場","market_address":"雲林縣土庫鎮越港里仁美街290號","pay_list":"","pay_tool":"","行業代號":null,"行業代號1":null,"名稱1":null,"行業代號2":null,"名稱2":null,"行業代號3":null,"名稱3":null},{"index":31,"id":10003490,"user":"陳樹錦","shop":"土庫公有零售市場-豆腐","category":"夜市/市場攤販","zone":"雲嘉南","city":"雲林縣","area":"土庫鎮","market_name":"土庫公有零售市場","market_address":"雲林縣土庫鎮越港里仁美街290號","pay_list":"","pay_tool":"","行業代號":null,"行業代號1":null,"名稱1":null,"行業代號2":null,"名稱2":null,"行業代號3":null,"名稱3":null},{"index":32,"id":10003492,"user":"黃秀惠","shop":"土庫公有零售市場-雞肉","category":"夜市/市場攤販","zone":"雲嘉南","city":"雲林縣","area":"土庫鎮","market_name":"土庫公有零售市場","market_address":"雲林縣土庫鎮越港里仁美街290號","pay_list":"","pay_tool":"","行業代號":null,"行業代號1":null,"名稱1":null,"行業代號2":null,"名稱2":null,"行業代號3":null,"名稱3":null},{"index":33,"id":10003493,"user":"劉蕎菱","shop":"土庫公有零售市場-早餐","category":"夜市/市場攤販","zone":"雲嘉南","city":"雲林縣","area":"土庫鎮","market_name":"土庫公有零售市場","market_address":"雲林縣土庫鎮越港里仁美街290號","pay_list":"","pay_tool":"","行業代號":null,"行業代號1":null,"名稱1":null,"行業代號2":null,"名稱2":null,"行業代號3":null,"名稱3":null},{"index":34,"id":10003494,"user":"楊連富","shop":"土庫公有零售市場-洋蔥批發","category":"夜市/市場攤販","zone":"雲嘉南","city":"雲林縣","area":"土庫鎮","market_name":"土庫公有零售市場","market_address":"雲林縣土庫鎮越港里仁美街290號","pay_list":"","pay_tool":"","行業代號":null,"行業代號1":null,"名稱1":null,"行業代號2":null,"名稱2":null,"行業代號3":null,"名稱3":null},{"index":35,"id":10003495,"user":"劉昱廷","shop":"土庫公有零售市場-早餐","category":"夜市/市場攤販","zone":"雲嘉南","city":"雲林縣","area":"土庫鎮","market_name":"土庫公有零售市場","market_address":"雲林縣土庫鎮越港里仁美街290號","pay_list":"","pay_tool":"","行業代號":null,"行業代號1":null,"名稱1":null,"行業代號2":null,"名稱2":null,"行業代號3":null,"名稱3":null},{"index":36,"id":10003496,"user":"楊連富","shop":"土庫公有零售市場-洋蔥批發","category":"夜市/市場攤販","zone":"雲嘉南","city":"雲林縣","area":"土庫鎮","market_name":"土庫公有零售市場","market_address":"雲林縣土庫鎮越港里仁美街290號","pay_list":"","pay_tool":"","行業代號":null,"行業代號1":null,"名稱1":null,"行業代號2":null,"名稱2":null,"行業代號3":null,"名稱3":null},{"index":37,"id":10003497,"user":"林素女","shop":"土庫公有零售市場-做臉","category":"夜市/市場攤販","zone":"雲嘉南","city":"雲林縣","area":"土庫鎮","market_name":"土庫公有零售市場","market_address":"雲林縣土庫鎮越港里仁美街290號","pay_list":"","pay_tool":"","行業代號":null,"行業代號1":null,"名稱1":null,"行業代號2":null,"名稱2":null,"行業代號3":null,"名稱3":null},{"index":38,"id":10003498,"user":"郭晏銘","shop":"土庫公有零售市場-醬油","category":"夜市/市場攤販","zone":"雲嘉南","city":"雲林縣","area":"土庫鎮","market_name":"土庫公有零售市場","market_address":"雲林縣土庫鎮越港里仁美街290號","pay_list":"","pay_tool":"","行業代號":null,"行業代號1":null,"名稱1":null,"行業代號2":null,"名稱2":null,"行業代號3":null,"名稱3":null},{"index":39,"id":10003499,"user":"郭晏銘","shop":"土庫公有零售市場-醬油","category":"夜市/市場攤販","zone":"雲嘉南","city":"雲林縣","area":"土庫鎮","market_name":"土庫公有零售市場","market_address":"雲林縣土庫鎮越港里仁美街290號","pay_list":"","pay_tool":"","行業代號":null,"行業代號1":null,"名稱1":null,"行業代號2":null,"名稱2":null,"行業代號3":null,"名稱3":null},{"index":40,"id":10003500,"user":"郭晏銘","shop":"土庫公有零售市場-醬油","category":"夜市/市場攤販","zone":"雲嘉南","city":"雲林縣","area":"土庫鎮","market_name":"土庫公有零售市場","market_address":"雲林縣土庫鎮越港里仁美街290號","pay_list":"","pay_tool":"","行業代號":null,"行業代號1":null,"名稱1":null,"行業代號2":null,"名稱2":null,"行業代號3":null,"名稱3":null},{"index":41,"id":10003501,"user":"黃秀惠","shop":"土庫公有零售市場-雞肉","category":"夜市/市場攤販","zone":"雲嘉南","city":"雲林縣","area":"土庫鎮","market_name":"土庫公有零售市場","market_address":"雲林縣土庫鎮越港里仁美街290號","pay_list":"","pay_tool":"","行業代號":null,"行業代號1":null,"名稱1":null,"行業代號2":null,"名稱2":null,"行業代號3":null,"名稱3":null},{"index":42,"id":10003503,"user":"郭晏銘","shop":"土庫公有零售市場-醬油","category":"夜市/市場攤販","zone":"雲嘉南","city":"雲林縣","area":"土庫鎮","market_name":"土庫公有零售市場","market_address":"雲林縣土庫鎮越港里仁美街290號","pay_list":"","pay_tool":"","行業代號":null,"行業代號1":null,"名稱1":null,"行業代號2":null,"名稱2":null,"行業代號3":null,"名稱3":null},{"index":43,"id":10003504,"user":"王俊雄","shop":"馬光公有零售市場-便當","category":"夜市/市場攤販","zone":"雲嘉南","city":"雲林縣","area":"土庫鎮","market_name":"馬光公有零售市場","market_address":"雲林縣土庫鎮南平里忠孝街35號","pay_list":"","pay_tool":"","行業代號":null,"行業代號1":null,"名稱1":null,"行業代號2":null,"名稱2":null,"行業代號3":null,"名稱3":null},{"index":44,"id":10003505,"user":"張世昆","shop":"馬光公有零售市場-無","category":"夜市/市場攤販","zone":"雲嘉南","city":"雲林縣","area":"土庫鎮","market_name":"馬光公有零售市場","market_address":"雲林縣土庫鎮南平里忠孝街35號","pay_list":"","pay_tool":"","行業代號":null,"行業代號1":null,"名稱1":null,"行業代號2":null,"名稱2":null,"行業代號3":null,"名稱3":null},{"index":45,"id":10003506,"user":"洪菊妹","shop":"馬光公有零售市場-無","category":"夜市/市場攤販","zone":"雲嘉南","city":"雲林縣","area":"土庫鎮","market_name":"馬光公有零售市場","market_address":"雲林縣土庫鎮南平里忠孝街35號","pay_list":"","pay_tool":"","行業代號":null,"行業代號1":null,"名稱1":null,"行業代號2":null,"名稱2":null,"行業代號3":null,"名稱3":null},{"index":46,"id":10003507,"user":"顏有村","shop":"馬光公有零售市場-包子饅頭","category":"夜市/市場攤販","zone":"雲嘉南","city":"雲林縣","area":"土庫鎮","market_name":"馬光公有零售市場","market_address":"雲林縣土庫鎮南平里忠孝街35號","pay_list":"","pay_tool":"","行業代號":null,"行業代號1":null,"名稱1":null,"行業代號2":null,"名稱2":null,"行業代號3":null,"名稱3":null},{"index":47,"id":10003508,"user":"陳榕樹","shop":"馬光公有零售市場-雜貨店","category":"夜市/市場攤販","zone":"雲嘉南","city":"雲林縣","area":"土庫鎮","market_name":"馬光公有零售市場","market_address":"雲林縣土庫鎮南平里忠孝街35號","pay_list":"","pay_tool":"","行業代號":null,"行業代號1":null,"名稱1":null,"行業代號2":null,"名稱2":null,"行業代號3":null,"名稱3":null},{"index":48,"id":10003509,"user":"林芸安","shop":"馬光公有零售市場-滷肉飯","category":"夜市/市場攤販","zone":"雲嘉南","city":"雲林縣","area":"土庫鎮","market_name":"馬光公有零售市場","market_address":"雲林縣土庫鎮南平里忠孝街35號","pay_list":"","pay_tool":"","行業代號":null,"行業代號1":null,"名稱1":null,"行業代號2":null,"名稱2":null,"行業代號3":null,"名稱3":null},{"index":49,"id":10003510,"user":"曾林碧蓮","shop":"馬光公有零售市場-無","category":"夜市/市場攤販","zone":"雲嘉南","city":"雲林縣","area":"土庫鎮","market_name":"馬光公有零售市場","market_address":"雲林縣土庫鎮南平里忠孝街35號","pay_list":"","pay_tool":"","行業代號":null,"行業代號1":null,"名稱1":null,"行業代號2":null,"名稱2":null,"行業代號3":null,"名稱3":null},{"index":50,"id":10003511,"user":"王河正","shop":"馬光公有零售市場-炒飯炒麵","category":"夜市/市場攤販","zone":"雲嘉南","city":"雲林縣","area":"土庫鎮","market_name":"馬光公有零售市場","market_address":"雲林縣土庫鎮南平里忠孝街35號","pay_list":"","pay_tool":"","行業代號":null,"行業代號1":null,"名稱1":null,"行業代號2":null,"名稱2":null,"行業代號3":null,"名稱3":null},{"index":51,"id":10003512,"user":"李定儒","shop":"馬光公有零售市場-炒飯炒麵","category":"夜市/市場攤販","zone":"雲嘉南","city":"雲林縣","area":"土庫鎮","market_name":"馬光公有零售市場","market_address":"雲林縣土庫鎮南平里忠孝街35號","pay_list":"","pay_tool":"","行業代號":null,"行業代號1":null,"名稱1":null,"行業代號2":null,"名稱2":null,"行業代號3":null,"名稱3":null},{"index":52,"id":10003514,"user":"許銹印","shop":"馬光公有零售市場-無","category":"夜市/市場攤販","zone":"雲嘉南","city":"雲林縣","area":"土庫鎮","market_name":"馬光公有零售市場","market_address":"雲林縣土庫鎮南平里忠孝街35號","pay_list":"","pay_tool":"","行業代號":null,"行業代號1":null,"名稱1":null,"行業代號2":null,"名稱2":null,"行業代號3":null,"名稱3":null},{"index":53,"id":10003515,"user":"陳秀鳳","shop":"馬光公有零售市場-豬肉","category":"夜市/市場攤販","zone":"雲嘉南","city":"雲林縣","area":"土庫鎮","market_name":"馬光公有零售市場","market_address":"雲林縣土庫鎮南平里忠孝街35號","pay_list":"","pay_tool":"","行業代號":null,"行業代號1":null,"名稱1":null,"行業代號2":null,"名稱2":null,"行業代號3":null,"名稱3":null},{"index":54,"id":10003516,"user":"曾水用","shop":"馬光公有零售市場-豬肉","category":"夜市/市場攤販","zone":"雲嘉南","city":"雲林縣","area":"土庫鎮","market_name":"馬光公有零售市場","market_address":"雲林縣土庫鎮南平里忠孝街35號","pay_list":"","pay_tool":"","行業代號":null,"行業代號1":null,"名稱1":null,"行業代號2":null,"名稱2":null,"行業代號3":null,"名稱3":null},{"index":55,"id":10003517,"user":"張陳追","shop":"馬光公有零售市場-三絲捲","category":"夜市/市場攤販","zone":"雲嘉南","city":"雲林縣","area":"土庫鎮","market_name":"馬光公有零售市場","market_address":"雲林縣土庫鎮南平里忠孝街35號","pay_list":"","pay_tool":"","行業代號":null,"行業代號1":null,"名稱1":null,"行業代號2":null,"名稱2":null,"行業代號3":null,"名稱3":null},{"index":56,"id":10003518,"user":"張佩雯","shop":"馬光公有零售市場-三絲捲","category":"夜市/市場攤販","zone":"雲嘉南","city":"雲林縣","area":"土庫鎮","market_name":"馬光公有零售市場","market_address":"雲林縣土庫鎮南平里忠孝街35號","pay_list":"","pay_tool":"","行業代號":null,"行業代號1":null,"名稱1":null,"行業代號2":null,"名稱2":null,"行業代號3":null,"名稱3":null},{"index":57,"id":20002156,"user":"高鳳凰","shop":"鳳凰小吃坊","category":["夜市/市場攤販","餐飲"],"zone":"雲嘉南","city":"雲林縣","area":"土庫鎮","market_name":["餐食攤販","麵店、小吃店"],"market_address":"雲林縣土庫鎮宮北里００１鄰中山路２１１號","pay_list":"","pay_tool":"","行業代號":null,"行業代號1":null,"名稱1":null,"行業代號2":null,"名稱2":null,"行業代號3":null,"名稱3":null},{"index":58,"id":20002157,"user":"姚麗秋","shop":"怪人花枝鱔魚麵","category":["夜市/市場攤販","餐飲"],"zone":"雲嘉南","city":"雲林縣","area":"土庫鎮","market_name":["餐食攤販","麵店、小吃店"],"market_address":"雲林縣土庫鎮順天里６鄰中正路１０５號","pay_list":"","pay_tool":"","行業代號":null,"行業代號1":null,"名稱1":null,"行業代號2":null,"名稱2":null,"行業代號3":null,"名稱3":null},{"index":59,"id":20010349,"user":"邱麗琴","shop":"又心風味早餐","category":["夜市/市場攤販","餐飲"],"zone":"雲嘉南","city":"雲林縣","area":"土庫鎮","market_name":["餐食攤販","早餐店"],"market_address":"雲林縣土庫鎮忠正里７鄰中山路９２號","pay_list":"","pay_tool":"","行業代號":null,"行業代號1":null,"名稱1":null,"行業代號2":null,"名稱2":null,"行業代號3":null,"名稱3":null},{"index":60,"id":20012967,"user":"蔡世偉","shop":"一品廣式燒臘快餐","category":["夜市/市場攤販","餐飲"],"zone":"雲嘉南","city":"雲林縣","area":"土庫鎮","market_name":["餐食攤販","麵店、小吃店"],"market_address":"雲林縣土庫鎮宮北里６鄰仁和街３號","pay_list":"","pay_tool":"","行業代號":null,"行業代號1":null,"名稱1":null,"行業代號2":null,"名稱2":null,"行業代號3":null,"名稱3":null},{"index":61,"id":20012968,"user":"魏聰明","shop":"當歸鴨肉麵線","category":["夜市/市場攤販","餐飲"],"zone":"雲嘉南","city":"雲林縣","area":"土庫鎮","market_name":["餐食攤販","麵店、小吃店"],"market_address":"雲林縣土庫鎮順天里２鄰中山路１５５號","pay_list":"","pay_tool":"","行業代號":null,"行業代號1":null,"名稱1":null,"行業代號2":null,"名稱2":null,"行業代號3":null,"名稱3":null},{"index":62,"id":20013004,"user":"葉峰鳴","shop":"派帝漢堡","category":["夜市/市場攤販","餐飲"],"zone":"雲嘉南","city":"雲林縣","area":"土庫鎮","market_name":["餐食攤販","早餐店"],"market_address":"雲林縣土庫鎮忠正里中山路４號","pay_list":"","pay_tool":"","行業代號":null,"行業代號1":null,"名稱1":null,"行業代號2":null,"名稱2":null,"行業代號3":null,"名稱3":null},{"index":63,"id":20013013,"user":"黃氏少","shop":"阿財現炒花枝麵","category":["夜市/市場攤販","餐飲"],"zone":"雲嘉南","city":"雲林縣","area":"土庫鎮","market_name":["餐食攤販","麵店、小吃店"],"market_address":"雲林縣土庫鎮宮北里中正路１９１號","pay_list":"","pay_tool":"","行業代號":null,"行業代號1":null,"名稱1":null,"行業代號2":null,"名稱2":null,"行業代號3":null,"名稱3":null},{"index":64,"id":20013014,"user":"陳志明","shop":"圓環阿明鴨肉麵線","category":["夜市/市場攤販","餐飲"],"zone":"雲嘉南","city":"雲林縣","area":"土庫鎮","market_name":["餐食攤販","麵店、小吃店"],"market_address":"雲林縣土庫鎮忠正里１０鄰光明路１２號","pay_list":"","pay_tool":"","行業代號":null,"行業代號1":null,"名稱1":null,"行業代號2":null,"名稱2":null,"行業代號3":null,"名稱3":null},{"index":65,"id":20013015,"user":"謝陳秋梅","shop":"土庫肉包饅頭","category":["夜市/市場攤販","餐飲"],"zone":"雲嘉南","city":"雲林縣","area":"土庫鎮","market_name":["餐食攤販","麵店、小吃店"],"market_address":"雲林縣土庫鎮忠正里２鄰中山路１９８號","pay_list":"","pay_tool":"","行業代號":null,"行業代號1":null,"名稱1":null,"行業代號2":null,"名稱2":null,"行業代號3":null,"名稱3":null},{"index":66,"id":20013031,"user":"洪林秋芬","shop":"阿松小吃部","category":["夜市/市場攤販","餐飲"],"zone":"雲嘉南","city":"雲林縣","area":"土庫鎮","market_name":["餐食攤販","麵店、小吃店"],"market_address":"雲林縣土庫鎮宮北里仁和街９號隔壁","pay_list":"","pay_tool":"","行業代號":null,"行業代號1":null,"名稱1":null,"行業代號2":null,"名稱2":null,"行業代號3":null,"名稱3":null},{"index":67,"id":20013794,"user":"方武祥","shop":"老方米糕","category":["夜市/市場攤販","餐飲"],"zone":"雲嘉南","city":"雲林縣","area":"土庫鎮","market_name":["餐食攤販","麵店、小吃店"],"market_address":"雲林縣土庫鎮順天里中正路１７４號","pay_list":"","pay_tool":"","行業代號":null,"行業代號1":null,"名稱1":null,"行業代號2":null,"名稱2":null,"行業代號3":null,"名稱3":null},{"index":68,"id":20014476,"user":"王漢文","shop":"阿文小吃部","category":["夜市/市場攤販","餐飲"],"zone":"雲嘉南","city":"雲林縣","area":"土庫鎮","market_name":["餐食攤販","麵店、小吃店"],"market_address":"雲林縣土庫鎮西平里１鄰民權路６２―７號","pay_list":"","pay_tool":"","行業代號":null,"行業代號1":null,"名稱1":null,"行業代號2":null,"名稱2":null,"行業代號3":null,"名稱3":null},{"index":69,"id":20014600,"user":"許銹印","shop":"馬光牛肉麵","category":["夜市/市場攤販","餐飲"],"zone":"雲嘉南","city":"雲林縣","area":"土庫鎮","market_name":["餐食攤販","麵店、小吃店"],"market_address":"雲林縣土庫鎮北平里１５鄰馬光路１００號","pay_list":"","pay_tool":"","行業代號":null,"行業代號1":null,"名稱1":null,"行業代號2":null,"名稱2":null,"行業代號3":null,"名稱3":null},{"index":70,"id":20014808,"user":"陳文英","shop":"鍋燒麵小吃部","category":["夜市/市場攤販","餐飲"],"zone":"雲嘉南","city":"雲林縣","area":"土庫鎮","market_name":["餐食攤販","麵店、小吃店"],"market_address":"雲林縣土庫鎮順天里７鄰中正路１２３號","pay_list":"","pay_tool":"","行業代號":null,"行業代號1":null,"名稱1":null,"行業代號2":null,"名稱2":null,"行業代號3":null,"名稱3":null},{"index":71,"id":20015091,"user":"許世明","shop":"世明羊肉爐","category":["夜市/市場攤販","餐飲"],"zone":"雲嘉南","city":"雲林縣","area":"土庫鎮","market_name":["餐食攤販","麵店、小吃店"],"market_address":"雲林縣土庫鎮南平里１１鄰馬光路１５０號","pay_list":"","pay_tool":"","行業代號":null,"行業代號1":null,"名稱1":null,"行業代號2":null,"名稱2":null,"行業代號3":null,"名稱3":null},{"index":72,"id":20015156,"user":"康晉堂","shop":"鵝肉堂仔","category":["夜市/市場攤販","餐飲"],"zone":"雲嘉南","city":"雲林縣","area":"土庫鎮","market_name":["餐食攤販","麵店、小吃店"],"market_address":"雲林縣土庫鎮南平里５鄰馬光路１１９―２號","pay_list":"","pay_tool":"","行業代號":null,"行業代號1":null,"名稱1":null,"行業代號2":null,"名稱2":null,"行業代號3":null,"名稱3":null},{"index":73,"id":20015165,"user":"許玉純","shop":"馬光麥味登早餐店","category":["夜市/市場攤販","餐飲"],"zone":"雲嘉南","city":"雲林縣","area":"土庫鎮","market_name":["餐食攤販","早餐店"],"market_address":"雲林縣土庫鎮南平里民權路２１號","pay_list":"","pay_tool":"","行業代號":null,"行業代號1":null,"名稱1":null,"行業代號2":null,"名稱2":null,"行業代號3":null,"名稱3":null},{"index":74,"id":20015169,"user":"陶麗美","shop":"早安早餐店","category":["夜市/市場攤販","餐飲"],"zone":"雲嘉南","city":"雲林縣","area":"土庫鎮","market_name":["餐食攤販","早餐店"],"market_address":"雲林縣土庫鎮南平里５鄰馬光路１１９―２號","pay_list":"","pay_tool":"","行業代號":null,"行業代號1":null,"名稱1":null,"行業代號2":null,"名稱2":null,"行業代號3":null,"名稱3":null},{"index":75,"id":20018460,"user":"凌雪冰","shop":"可口小吃店","category":["夜市/市場攤販","餐飲"],"zone":"雲嘉南","city":"雲林縣","area":"土庫鎮","market_name":["餐食攤販","麵店、小吃店"],"market_address":"雲林縣土庫鎮宮北里１０鄰中正路１５７號","pay_list":"","pay_tool":"","行業代號":null,"行業代號1":null,"名稱1":null,"行業代號2":null,"名稱2":null,"行業代號3":null,"名稱3":null},{"index":76,"id":20019048,"user":"陳玉萍","shop":"土庫巴比","category":["夜市/市場攤販","餐飲"],"zone":"雲嘉南","city":"雲林縣","area":"土庫鎮","market_name":["餐食攤販","麵店、小吃店"],"market_address":"雲林縣土庫鎮忠正里８鄰中山路４８號","pay_list":"","pay_tool":"","行業代號":null,"行業代號1":null,"名稱1":null,"行業代號2":null,"名稱2":null,"行業代號3":null,"名稱3":null},{"index":77,"id":20025835,"user":"沈美紅","shop":"賞味家中西式早餐","category":["夜市/市場攤販","餐飲"],"zone":"雲嘉南","city":"雲林縣","area":"土庫鎮","market_name":["餐食攤販","早餐店"],"market_address":"雲林縣土庫鎮順天里００６鄰中正路１２８號","pay_list":"","pay_tool":"","行業代號":null,"行業代號1":null,"名稱1":null,"行業代號2":null,"名稱2":null,"行業代號3":null,"名稱3":null},{"index":78,"id":20026678,"user":"顏萬得","shop":"聯美香雞排","category":["夜市/市場攤販","餐飲"],"zone":"雲嘉南","city":"雲林縣","area":"土庫鎮","market_name":["餐食攤販","麵店、小吃店"],"market_address":"雲林縣土庫鎮忠正里中山路２５２號（前面空地）","pay_list":"","pay_tool":"","行業代號":null,"行業代號1":null,"名稱1":null,"行業代號2":null,"名稱2":null,"行業代號3":null,"名稱3":null},{"index":79,"id":20027163,"user":"張高賓","shop":"高賓肉粽","category":["夜市/市場攤販","餐飲"],"zone":"雲嘉南","city":"雲林縣","area":"土庫鎮","market_name":["餐食攤販","早餐店"],"market_address":"雲林縣土庫鎮北平里１１鄰馬光路１２２―５號","pay_list":"","pay_tool":"","行業代號":null,"行業代號1":null,"名稱1":null,"行業代號2":null,"名稱2":null,"行業代號3":null,"名稱3":null},{"index":80,"id":20027525,"user":"陳志宏","shop":"陳志宏","category":["夜市/市場攤販","餐飲"],"zone":"雲嘉南","city":"雲林縣","area":"土庫鎮","market_name":["餐食攤販","麵店、小吃店"],"market_address":"雲林縣土庫鎮順天里３鄰中正路９６號１樓","pay_list":"","pay_tool":"","行業代號":null,"行業代號1":null,"名稱1":null,"行業代號2":null,"名稱2":null,"行業代號3":null,"名稱3":null},{"index":81,"id":20027535,"user":"邱信二","shop":"老二家鄉味","category":["夜市/市場攤販","餐飲"],"zone":"雲嘉南","city":"雲林縣","area":"土庫鎮","market_name":["餐食攤販","麵店、小吃店"],"market_address":"雲林縣土庫鎮順天里６鄰中正路９９號","pay_list":"","pay_tool":"","行業代號":null,"行業代號1":null,"名稱1":null,"行業代號2":null,"名稱2":null,"行業代號3":null,"名稱3":null},{"index":82,"id":20027550,"user":"吳世揮","shop":"三媽臭臭鍋土庫分店","category":["夜市/市場攤販","餐飲"],"zone":"雲嘉南","city":"雲林縣","area":"土庫鎮","market_name":["餐食攤販","麵店、小吃店"],"market_address":"雲林縣土庫鎮宮北里６鄰中正路２１９―１號","pay_list":"","pay_tool":"","行業代號":null,"行業代號1":null,"名稱1":null,"行業代號2":null,"名稱2":null,"行業代號3":null,"名稱3":null},{"index":83,"id":20027588,"user":"林小惠","shop":"馥豪早餐吧","category":["夜市/市場攤販","餐飲"],"zone":"雲嘉南","city":"雲林縣","area":"土庫鎮","market_name":["餐食攤販","早餐店"],"market_address":"雲林縣土庫鎮順天里７鄰中正路１９０號１樓","pay_list":"","pay_tool":"","行業代號":null,"行業代號1":null,"名稱1":null,"行業代號2":null,"名稱2":null,"行業代號3":null,"名稱3":null},{"index":84,"id":20027694,"user":"賴郁翔","shop":"吉得堡早餐連鎖土庫店","category":["夜市/市場攤販","餐飲"],"zone":"雲嘉南","city":"雲林縣","area":"土庫鎮","market_name":["餐食攤販","早餐店"],"market_address":"雲林縣土庫鎮順天里７鄰中正路１６４號","pay_list":"","pay_tool":"","行業代號":null,"行業代號1":null,"名稱1":null,"行業代號2":null,"名稱2":null,"行業代號3":null,"名稱3":null},{"index":85,"id":20033395,"user":"劉怡君","shop":"劉怡君","category":["夜市/市場攤販"],"zone":"雲嘉南","city":"雲林縣","area":"土庫鎮","market_name":["餐食攤販"],"market_address":"雲林縣土庫鎮忠正里００９鄰中山路（土庫衛生所外廣場）","pay_list":"","pay_tool":"","行業代號":null,"行業代號1":null,"名稱1":null,"行業代號2":null,"名稱2":null,"行業代號3":null,"名稱3":null},{"index":86,"id":20058486,"user":"張錦斐","shop":"萬家香雞肉飯","category":["夜市/市場攤販","餐飲"],"zone":"雲嘉南","city":"雲林縣","area":"土庫鎮","market_name":["餐食攤販","麵店、小吃店"],"market_address":"雲林縣土庫鎮順天里中正路１０２號","pay_list":"","pay_tool":"","行業代號":null,"行業代號1":null,"名稱1":null,"行業代號2":null,"名稱2":null,"行業代號3":null,"名稱3":null},{"index":87,"id":20061086,"user":"李麗玉","shop":"土庫麗玉鴨肉麵線","category":["夜市/市場攤販","餐飲"],"zone":"雲嘉南","city":"雲林縣","area":"土庫鎮","market_name":["餐食攤販","麵店、小吃店"],"market_address":"雲林縣土庫鎮順天里００４鄰中山路７３號","pay_list":"","pay_tool":"","行業代號":null,"行業代號1":null,"名稱1":null,"行業代號2":null,"名稱2":null,"行業代號3":null,"名稱3":null},{"index":88,"id":20061087,"user":"林永盛","shop":"永和豆漿","category":["夜市/市場攤販","餐飲"],"zone":"雲嘉南","city":"雲林縣","area":"土庫鎮","market_name":["餐食攤販","早餐店"],"market_address":"雲林縣土庫鎮順天里中山路５３號","pay_list":"","pay_tool":"","行業代號":null,"行業代號1":null,"名稱1":null,"行業代號2":null,"名稱2":null,"行業代號3":null,"名稱3":null},{"index":89,"id":60043077,"user":"魏聰明","shop":"土庫聰明當歸鴨肉麵線店","category":["餐飲","夜市/市場攤販"],"zone":"雲嘉南","city":"雲林縣","area":"土庫鎮","market_name":["麵店、小吃店","餐食攤販"],"market_address":"雲林縣土庫鎮順天里中山路１５７號１號","pay_list":null,"pay_tool":null,"行業代號":"561113","行業代號1":"561200","名稱1":"餐食攤販","行業代號2":"","名稱2":"","行業代號3":"","名稱3":""},{"index":90,"id":60069761,"user":"吳純織","shop":"芳榖餐飲店","category":["餐飲","夜市/市場攤販"],"zone":"雲嘉南","city":"雲林縣","area":"土庫鎮","market_name":["冰果店、冷（熱）飲店","餐館、餐廳","餐食攤販"],"market_address":"雲林縣土庫鎮越港里建國路３３－１號","pay_list":null,"pay_tool":null,"行業代號":"561115","行業代號1":"563111","名稱1":"冰果店、冷（熱）飲店","行業代號2":"561200","名稱2":"餐食攤販","行業代號3":"","名稱3":""},{"index":91,"id":60070151,"user":"陳慧翎","shop":"萬芳中西式早餐店","category":["餐飲","夜市/市場攤販"],"zone":"雲嘉南","city":"雲林縣","area":"土庫鎮","market_name":["早餐店","餐食攤販"],"market_address":"雲林縣土庫鎮石廟里馬光路１段１０號","pay_list":null,"pay_tool":null,"行業代號":"561111","行業代號1":"561200","名稱1":"餐食攤販","行業代號2":"","名稱2":"","行業代號3":"","名稱3":""},{"index":92,"id":60079887,"user":"楊鼎松","shop":"川龍食堂","category":["餐飲","夜市/市場攤販"],"zone":"雲嘉南","city":"雲林縣","area":"土庫鎮","market_name":["麵店、小吃店","餐食攤販"],"market_address":"雲林縣土庫鎮順天里市場６０號","pay_list":null,"pay_tool":null,"行業代號":"561113","行業代號1":"561200","名稱1":"餐食攤販","行業代號2":"","名稱2":"","行業代號3":"","名稱3":""},{"index":93,"id":60079904,"user":"魏聰海","shop":"阿海師鴨肉麵線","category":["餐飲","夜市/市場攤販"],"zone":"雲嘉南","city":"雲林縣","area":"土庫鎮","market_name":["麵店、小吃店","餐食攤販"],"market_address":"雲林縣土庫鎮順天里８鄰中正路１３７號","pay_list":null,"pay_tool":null,"行業代號":"561200","行業代號1":"561113","名稱1":"麵店、小吃店","行業代號2":"","名稱2":"","行業代號3":"","名稱3":""},{"index":94,"id":60079952,"user":"王豐中","shop":"正豐商店","category":["餐飲","夜市/市場攤販"],"zone":"雲嘉南","city":"雲林縣","area":"土庫鎮","market_name":["未分類其他家用器具及用品零售","麵店、小吃店","餐食攤販"],"market_address":"雲林縣土庫鎮順天里三民路６５號","pay_list":null,"pay_tool":null,"行業代號":"561113","行業代號1":"474999","名稱1":"未分類其他家用器具及用品零售","行業代號2":"561200","名稱2":"餐食攤販","行業代號3":"","名稱3":""}]