[{"index":1,"id":20009011,"user":"左榮發","shop":"胖哥碳烤香雞排","category":["夜市/市場攤販"],"zone":"桃竹苗","city":"新竹縣","area":"新豐鄉","market_name":["餐食攤販"],"market_address":"新竹縣新豐鄉重興村２段７５４號旁邊","pay_list":"","pay_tool":""},{"index":2,"id":20019987,"user":"彭逢妹","shop":"多納卡巴日式串燒","category":["夜市/市場攤販"],"zone":"桃竹苗","city":"新竹縣","area":"新豐鄉","market_name":["餐食攤販"],"market_address":"新竹縣新豐鄉山崎村建興路１段１６號","pay_list":"","pay_tool":""},{"index":3,"id":20038012,"user":"陳棋聖","shop":"尚發美式炸雞店","category":["夜市/市場攤販"],"zone":"桃竹苗","city":"新竹縣","area":"新豐鄉","market_name":["餐食攤販"],"market_address":"新竹縣新豐鄉松林村尚仁街１５號","pay_list":"","pay_tool":""}]