[{"index":1,"shop":"米塔關渡有限公司","zone":"北北基","city":"臺北市","area":"北投區","market_address":"臺北市北投區一德里大度路３段２７０巷６７號","user":"白志雄","行業代號":"472922","market_name":["西點麵包零售","調理飲料攤販"],"行業代號1":"563200","名稱1":"調理飲料攤販","行業代號2":"","名稱2":"","行業代號3":"","名稱3":"","category":["餐飲","糕餅","夜市/市場攤販"],"id":60016180},{"index":2,"shop":"湖田橋小吃店","zone":"北北基","city":"臺北市","area":"北投區","market_address":"臺北市北投區竹子湖路２９之１號","user":"蔡燕分","行業代號":"561200","market_name":["餐食攤販"],"行業代號1":"","名稱1":"","行業代號2":"","名稱2":"","行業代號3":"","名稱3":"","category":["夜市/市場攤販"],"id":60031448},{"index":3,"shop":"丸太郎冰店","zone":"北北基","city":"臺北市","area":"北投區","market_address":"臺北市北投區溫泉里光明路１３２－１號","user":"康國禎","行業代號":"563200","market_name":["調理飲料攤販"],"行業代號1":"","名稱1":"","行業代號2":"","名稱2":"","行業代號3":"","名稱3":"","category":["夜市/市場攤販"],"id":60039248},{"index":4,"shop":"攤販４５２","zone":"北北基","city":"臺北市","area":"北投區","market_address":"臺北市北投區清江里新市街３０號２樓","user":"李們富","行業代號":"561200","market_name":["餐食攤販"],"行業代號1":"","名稱1":"","行業代號2":"","名稱2":"","行業代號3":"","名稱3":"","category":["夜市/市場攤販"],"id":60040922},{"index":5,"shop":"金鈴食坊","zone":"北北基","city":"臺北市","area":"北投區","market_address":"臺北市北投區中心里中和街４０號２樓之２１","user":"鄧清義","行業代號":"561200","market_name":["餐食攤販"],"行業代號1":"","名稱1":"","行業代號2":"","名稱2":"","行業代號3":"","名稱3":"","category":["夜市/市場攤販"],"id":60042855},{"index":6,"shop":"翊家人滷味","zone":"北北基","city":"臺北市","area":"北投區","market_address":"臺北市北投區大同里中央北路一段１２７號","user":"李翊暘","行業代號":"561200","market_name":["經營網路購物","餐食攤販"],"行業代號1":"487113","名稱1":"經營網路購物","行業代號2":"","名稱2":"","行業代號3":"","名稱3":"","category":["夜市/市場攤販"],"id":60046345},{"index":7,"shop":"中和飲品店","zone":"北北基","city":"臺北市","area":"北投區","market_address":"臺北市北投區中庸里大同街２９８號","user":"張宏旭","行業代號":"563200","market_name":["飲料零售","調理飲料攤販"],"行業代號1":"472914","名稱1":"飲料零售","行業代號2":"","名稱2":"","行業代號3":"","名稱3":"","category":["夜市/市場攤販"],"id":60052702},{"index":8,"shop":"台式轟炸雞名店","zone":"北北基","city":"臺北市","area":"北投區","market_address":"臺北市北投區關渡里知行路２６４號","user":"周庭州","行業代號":"561200","market_name":["餐食攤販"],"行業代號1":"","名稱1":"","行業代號2":"","名稱2":"","行業代號3":"","名稱3":"","category":["夜市/市場攤販"],"id":60057979},{"index":9,"shop":"三九小吃店","zone":"北北基","city":"臺北市","area":"北投區","market_address":"臺北市北投區振華里明德路３３３巷３９號１樓","user":"陳一辰","行業代號":"561113","market_name":["麵店、小吃店","調理飲料攤販"],"行業代號1":"563200","名稱1":"調理飲料攤販","行業代號2":"","名稱2":"","行業代號3":"","名稱3":"","category":["餐飲","夜市/市場攤販"],"id":60087173},{"index":10,"shop":"永裕早餐店","zone":"北北基","city":"臺北市","area":"北投區","market_address":"臺北市北投區崇仁路１段１５９巷９號１樓","user":"薛錦","行業代號":"561200","market_name":["餐食攤販"],"行業代號1":"","名稱1":"","行業代號2":"","名稱2":"","行業代號3":"","名稱3":"","category":["夜市/市場攤販"],"id":60124215},{"index":11,"shop":"來好佳速食店","zone":"北北基","city":"臺北市","area":"北投區","market_address":"臺北市北投區中和里復興四路２３號","user":"廖森堯","行業代號":"561200","market_name":["餐館、餐廳","餐食攤販"],"行業代號1":"561115","名稱1":"餐館、餐廳","行業代號2":"","名稱2":"","行業代號3":"","名稱3":"","category":["餐飲","夜市/市場攤販"],"id":60124871},{"index":12,"shop":"湘蓉美食坊","zone":"北北基","city":"臺北市","area":"北投區","market_address":"臺北市北投區中庸里大業路７０９號","user":"陳桂蘭","行業代號":"561200","market_name":["飲料零售","菸酒零售","視唱中心（ＫＴＶ）","餐食攤販"],"行業代號1":"472913","名稱1":"菸酒零售","行業代號2":"472914","名稱2":"飲料零售","行業代號3":"932211","名稱3":"視唱中心（ＫＴＶ）","category":["夜市/市場攤販"],"id":60125274}]