[{"index":1,"id":10036258,"user":"林松金","shop":"中港公有零售市場-1","category":"夜市/市場攤販","zone":"桃竹苗","city":"苗栗縣","area":"竹南鎮","market_name":"中港公有零售市場","market_address":"苗栗縣竹南鎮中正路326號","pay_list":"","pay_tool":"","行業代號":null,"行業代號1":null,"名稱1":null,"行業代號2":null,"名稱2":null,"行業代號3":null,"名稱3":null},{"index":2,"id":10036270,"user":"林松金","shop":"中港公有零售市場-2","category":"夜市/市場攤販","zone":"桃竹苗","city":"苗栗縣","area":"竹南鎮","market_name":"中港公有零售市場","market_address":"苗栗縣竹南鎮中正路326號","pay_list":"","pay_tool":"","行業代號":null,"行業代號1":null,"名稱1":null,"行業代號2":null,"名稱2":null,"行業代號3":null,"名稱3":null},{"index":3,"id":10036281,"user":"陳明星","shop":"中港公有零售市場-3","category":"夜市/市場攤販","zone":"桃竹苗","city":"苗栗縣","area":"竹南鎮","market_name":"中港公有零售市場","market_address":"苗栗縣竹南鎮中正路326號","pay_list":"","pay_tool":"","行業代號":null,"行業代號1":null,"名稱1":null,"行業代號2":null,"名稱2":null,"行業代號3":null,"名稱3":null},{"index":4,"id":10036292,"user":"陳洪罔市","shop":"中港公有零售市場-4","category":"夜市/市場攤販","zone":"桃竹苗","city":"苗栗縣","area":"竹南鎮","market_name":"中港公有零售市場","market_address":"苗栗縣竹南鎮中正路326號","pay_list":"","pay_tool":"","行業代號":null,"行業代號1":null,"名稱1":null,"行業代號2":null,"名稱2":null,"行業代號3":null,"名稱3":null},{"index":5,"id":10036303,"user":"王漢國","shop":"中港公有零售市場-5","category":"夜市/市場攤販","zone":"桃竹苗","city":"苗栗縣","area":"竹南鎮","market_name":"中港公有零售市場","market_address":"苗栗縣竹南鎮中正路326號","pay_list":"","pay_tool":"","行業代號":null,"行業代號1":null,"名稱1":null,"行業代號2":null,"名稱2":null,"行業代號3":null,"名稱3":null},{"index":6,"id":10036314,"user":"王翁月桃","shop":"中港公有零售市場-6","category":"夜市/市場攤販","zone":"桃竹苗","city":"苗栗縣","area":"竹南鎮","market_name":"中港公有零售市場","market_address":"苗栗縣竹南鎮中正路326號","pay_list":"","pay_tool":"","行業代號":null,"行業代號1":null,"名稱1":null,"行業代號2":null,"名稱2":null,"行業代號3":null,"名稱3":null},{"index":7,"id":10036325,"user":"呂旺生","shop":"中港公有零售市場-7","category":"夜市/市場攤販","zone":"桃竹苗","city":"苗栗縣","area":"竹南鎮","market_name":"中港公有零售市場","market_address":"苗栗縣竹南鎮中正路326號","pay_list":"","pay_tool":"","行業代號":null,"行業代號1":null,"名稱1":null,"行業代號2":null,"名稱2":null,"行業代號3":null,"名稱3":null},{"index":8,"id":10036336,"user":"詹金煌","shop":"中港公有零售市場-8","category":"夜市/市場攤販","zone":"桃竹苗","city":"苗栗縣","area":"竹南鎮","market_name":"中港公有零售市場","market_address":"苗栗縣竹南鎮中正路326號","pay_list":"","pay_tool":"","行業代號":null,"行業代號1":null,"名稱1":null,"行業代號2":null,"名稱2":null,"行業代號3":null,"名稱3":null},{"index":9,"id":10036347,"user":"郭林阿褒","shop":"中港公有零售市場-9","category":"夜市/市場攤販","zone":"桃竹苗","city":"苗栗縣","area":"竹南鎮","market_name":"中港公有零售市場","market_address":"苗栗縣竹南鎮中正路326號","pay_list":"","pay_tool":"","行業代號":null,"行業代號1":null,"名稱1":null,"行業代號2":null,"名稱2":null,"行業代號3":null,"名稱3":null},{"index":10,"id":10036358,"user":"呂旺生","shop":"中港公有零售市場-10","category":"夜市/市場攤販","zone":"桃竹苗","city":"苗栗縣","area":"竹南鎮","market_name":"中港公有零售市場","market_address":"苗栗縣竹南鎮中正路326號","pay_list":"","pay_tool":"","行業代號":null,"行業代號1":null,"名稱1":null,"行業代號2":null,"名稱2":null,"行業代號3":null,"名稱3":null},{"index":11,"id":10036369,"user":"陳林尾","shop":"中港公有零售市場-11","category":"夜市/市場攤販","zone":"桃竹苗","city":"苗栗縣","area":"竹南鎮","market_name":"中港公有零售市場","market_address":"苗栗縣竹南鎮中正路326號","pay_list":"","pay_tool":"","行業代號":null,"行業代號1":null,"名稱1":null,"行業代號2":null,"名稱2":null,"行業代號3":null,"名稱3":null},{"index":12,"id":10036382,"user":"郭林阿褒","shop":"中港公有零售市場-12","category":"夜市/市場攤販","zone":"桃竹苗","city":"苗栗縣","area":"竹南鎮","market_name":"中港公有零售市場","market_address":"苗栗縣竹南鎮中正路326號","pay_list":"","pay_tool":"","行業代號":null,"行業代號1":null,"名稱1":null,"行業代號2":null,"名稱2":null,"行業代號3":null,"名稱3":null},{"index":13,"id":10036393,"user":"謝彥隆","shop":"中港公有零售市場-13","category":"夜市/市場攤販","zone":"桃竹苗","city":"苗栗縣","area":"竹南鎮","market_name":"中港公有零售市場","market_address":"苗栗縣竹南鎮中正路326號","pay_list":"","pay_tool":"","行業代號":null,"行業代號1":null,"名稱1":null,"行業代號2":null,"名稱2":null,"行業代號3":null,"名稱3":null},{"index":14,"id":10036404,"user":"謝彥隆","shop":"中港公有零售市場-14","category":"夜市/市場攤販","zone":"桃竹苗","city":"苗栗縣","area":"竹南鎮","market_name":"中港公有零售市場","market_address":"苗栗縣竹南鎮中正路326號","pay_list":"","pay_tool":"","行業代號":null,"行業代號1":null,"名稱1":null,"行業代號2":null,"名稱2":null,"行業代號3":null,"名稱3":null},{"index":15,"id":10036415,"user":"馮佳修","shop":"中港公有零售市場-15","category":"夜市/市場攤販","zone":"桃竹苗","city":"苗栗縣","area":"竹南鎮","market_name":"中港公有零售市場","market_address":"苗栗縣竹南鎮中正路326號","pay_list":"","pay_tool":"","行業代號":null,"行業代號1":null,"名稱1":null,"行業代號2":null,"名稱2":null,"行業代號3":null,"名稱3":null},{"index":16,"id":10036426,"user":"馮林玉珍","shop":"中港公有零售市場-16","category":"夜市/市場攤販","zone":"桃竹苗","city":"苗栗縣","area":"竹南鎮","market_name":"中港公有零售市場","market_address":"苗栗縣竹南鎮中正路326號","pay_list":"","pay_tool":"","行業代號":null,"行業代號1":null,"名稱1":null,"行業代號2":null,"名稱2":null,"行業代號3":null,"名稱3":null},{"index":17,"id":10036437,"user":"鄭文雄","shop":"中港公有零售市場-17","category":"夜市/市場攤販","zone":"桃竹苗","city":"苗栗縣","area":"竹南鎮","market_name":"中港公有零售市場","market_address":"苗栗縣竹南鎮中正路326號","pay_list":"","pay_tool":"","行業代號":null,"行業代號1":null,"名稱1":null,"行業代號2":null,"名稱2":null,"行業代號3":null,"名稱3":null},{"index":18,"id":10036448,"user":"鄭鄒惠美","shop":"中港公有零售市場-18","category":"夜市/市場攤販","zone":"桃竹苗","city":"苗栗縣","area":"竹南鎮","market_name":"中港公有零售市場","market_address":"苗栗縣竹南鎮中正路326號","pay_list":"","pay_tool":"","行業代號":null,"行業代號1":null,"名稱1":null,"行業代號2":null,"名稱2":null,"行業代號3":null,"名稱3":null},{"index":19,"id":10036459,"user":"郭月桂","shop":"中港公有零售市場-19","category":"夜市/市場攤販","zone":"桃竹苗","city":"苗栗縣","area":"竹南鎮","market_name":"中港公有零售市場","market_address":"苗栗縣竹南鎮中正路326號","pay_list":"","pay_tool":"","行業代號":null,"行業代號1":null,"名稱1":null,"行業代號2":null,"名稱2":null,"行業代號3":null,"名稱3":null},{"index":20,"id":10036470,"user":"方國忠","shop":"中港公有零售市場-20","category":"夜市/市場攤販","zone":"桃竹苗","city":"苗栗縣","area":"竹南鎮","market_name":"中港公有零售市場","market_address":"苗栗縣竹南鎮中正路326號","pay_list":"","pay_tool":"","行業代號":null,"行業代號1":null,"名稱1":null,"行業代號2":null,"名稱2":null,"行業代號3":null,"名稱3":null},{"index":21,"id":10036481,"user":"李城","shop":"中港公有零售市場-21","category":"夜市/市場攤販","zone":"桃竹苗","city":"苗栗縣","area":"竹南鎮","market_name":"中港公有零售市場","market_address":"苗栗縣竹南鎮中正路326號","pay_list":"","pay_tool":"","行業代號":null,"行業代號1":null,"名稱1":null,"行業代號2":null,"名稱2":null,"行業代號3":null,"名稱3":null},{"index":22,"id":10036493,"user":"郭月桂","shop":"中港公有零售市場-22","category":"夜市/市場攤販","zone":"桃竹苗","city":"苗栗縣","area":"竹南鎮","market_name":"中港公有零售市場","market_address":"苗栗縣竹南鎮中正路326號","pay_list":"","pay_tool":"","行業代號":null,"行業代號1":null,"名稱1":null,"行業代號2":null,"名稱2":null,"行業代號3":null,"名稱3":null},{"index":23,"id":10036504,"user":"周芸安","shop":"中港公有零售市場-24","category":"夜市/市場攤販","zone":"桃竹苗","city":"苗栗縣","area":"竹南鎮","market_name":"中港公有零售市場","market_address":"苗栗縣竹南鎮中正路326號","pay_list":"","pay_tool":"","行業代號":null,"行業代號1":null,"名稱1":null,"行業代號2":null,"名稱2":null,"行業代號3":null,"名稱3":null},{"index":24,"id":10036515,"user":"黃阿武","shop":"中興公有零售市場-1","category":"夜市/市場攤販","zone":"桃竹苗","city":"苗栗縣","area":"竹南鎮","market_name":"中興公有零售市場","market_address":"苗栗縣竹南鎮忠義街20號","pay_list":["LINE PAY","台灣 PAY","街口支付"],"pay_tool":["行動支付"],"行業代號":null,"行業代號1":null,"名稱1":null,"行業代號2":null,"名稱2":null,"行業代號3":null,"名稱3":null},{"index":25,"id":10036526,"user":"陳美蓮","shop":"中興公有零售市場-2","category":"夜市/市場攤販","zone":"桃竹苗","city":"苗栗縣","area":"竹南鎮","market_name":"中興公有零售市場","market_address":"苗栗縣竹南鎮忠義街20號","pay_list":["LINE PAY","台灣 PAY","街口支付"],"pay_tool":["行動支付"],"行業代號":null,"行業代號1":null,"名稱1":null,"行業代號2":null,"名稱2":null,"行業代號3":null,"名稱3":null},{"index":26,"id":10036537,"user":"陳美蓮","shop":"中興公有零售市場-3","category":"夜市/市場攤販","zone":"桃竹苗","city":"苗栗縣","area":"竹南鎮","market_name":"中興公有零售市場","market_address":"苗栗縣竹南鎮忠義街20號","pay_list":["LINE PAY","台灣 PAY","街口支付"],"pay_tool":["行動支付"],"行業代號":null,"行業代號1":null,"名稱1":null,"行業代號2":null,"名稱2":null,"行業代號3":null,"名稱3":null},{"index":27,"id":10036548,"user":"鄧鈞隆","shop":"中興公有零售市場-4","category":"夜市/市場攤販","zone":"桃竹苗","city":"苗栗縣","area":"竹南鎮","market_name":"中興公有零售市場","market_address":"苗栗縣竹南鎮忠義街20號","pay_list":"","pay_tool":"","行業代號":null,"行業代號1":null,"名稱1":null,"行業代號2":null,"名稱2":null,"行業代號3":null,"名稱3":null},{"index":28,"id":10036559,"user":"鄧鈞隆","shop":"中興公有零售市場-9","category":"夜市/市場攤販","zone":"桃竹苗","city":"苗栗縣","area":"竹南鎮","market_name":"中興公有零售市場","market_address":"苗栗縣竹南鎮忠義街20號","pay_list":"","pay_tool":"","行業代號":null,"行業代號1":null,"名稱1":null,"行業代號2":null,"名稱2":null,"行業代號3":null,"名稱3":null},{"index":29,"id":10036570,"user":"李唯","shop":"中興公有零售市場-12","category":"夜市/市場攤販","zone":"桃竹苗","city":"苗栗縣","area":"竹南鎮","market_name":"中興公有零售市場","market_address":"苗栗縣竹南鎮忠義街20號","pay_list":"","pay_tool":"","行業代號":null,"行業代號1":null,"名稱1":null,"行業代號2":null,"名稱2":null,"行業代號3":null,"名稱3":null},{"index":30,"id":10036581,"user":"李唯","shop":"中興公有零售市場-13","category":"夜市/市場攤販","zone":"桃竹苗","city":"苗栗縣","area":"竹南鎮","market_name":"中興公有零售市場","market_address":"苗栗縣竹南鎮忠義街20號","pay_list":"","pay_tool":"","行業代號":null,"行業代號1":null,"名稱1":null,"行業代號2":null,"名稱2":null,"行業代號3":null,"名稱3":null},{"index":31,"id":10036592,"user":"李蕭金蘭","shop":"中興公有零售市場-14","category":"夜市/市場攤販","zone":"桃竹苗","city":"苗栗縣","area":"竹南鎮","market_name":"中興公有零售市場","market_address":"苗栗縣竹南鎮忠義街20號","pay_list":"","pay_tool":"","行業代號":null,"行業代號1":null,"名稱1":null,"行業代號2":null,"名稱2":null,"行業代號3":null,"名稱3":null},{"index":32,"id":10036604,"user":"李蕭金蘭","shop":"中興公有零售市場-15","category":"夜市/市場攤販","zone":"桃竹苗","city":"苗栗縣","area":"竹南鎮","market_name":"中興公有零售市場","market_address":"苗栗縣竹南鎮忠義街20號","pay_list":"","pay_tool":"","行業代號":null,"行業代號1":null,"名稱1":null,"行業代號2":null,"名稱2":null,"行業代號3":null,"名稱3":null},{"index":33,"id":10036615,"user":"謝佳君","shop":"中興公有零售市場-16","category":"夜市/市場攤販","zone":"桃竹苗","city":"苗栗縣","area":"竹南鎮","market_name":"中興公有零售市場","market_address":"苗栗縣竹南鎮忠義街20號","pay_list":["LINE PAY","台灣 PAY","街口支付"],"pay_tool":["行動支付"],"行業代號":null,"行業代號1":null,"名稱1":null,"行業代號2":null,"名稱2":null,"行業代號3":null,"名稱3":null},{"index":34,"id":10036626,"user":"陳太陽","shop":"中興公有零售市場-26","category":"夜市/市場攤販","zone":"桃竹苗","city":"苗栗縣","area":"竹南鎮","market_name":"中興公有零售市場","market_address":"苗栗縣竹南鎮忠義街20號","pay_list":"","pay_tool":"","行業代號":null,"行業代號1":null,"名稱1":null,"行業代號2":null,"名稱2":null,"行業代號3":null,"名稱3":null},{"index":35,"id":10036637,"user":"陳文科","shop":"中興公有零售市場-30","category":"夜市/市場攤販","zone":"桃竹苗","city":"苗栗縣","area":"竹南鎮","market_name":"中興公有零售市場","market_address":"苗栗縣竹南鎮忠義街20號","pay_list":"","pay_tool":"","行業代號":null,"行業代號1":null,"名稱1":null,"行業代號2":null,"名稱2":null,"行業代號3":null,"名稱3":null},{"index":36,"id":10036648,"user":"李年順","shop":"中興公有零售市場-31","category":"夜市/市場攤販","zone":"桃竹苗","city":"苗栗縣","area":"竹南鎮","market_name":"中興公有零售市場","market_address":"苗栗縣竹南鎮忠義街20號","pay_list":"","pay_tool":"","行業代號":null,"行業代號1":null,"名稱1":null,"行業代號2":null,"名稱2":null,"行業代號3":null,"名稱3":null},{"index":37,"id":10036659,"user":"林金雀","shop":"中興公有零售市場-33","category":"夜市/市場攤販","zone":"桃竹苗","city":"苗栗縣","area":"竹南鎮","market_name":"中興公有零售市場","market_address":"苗栗縣竹南鎮忠義街20號","pay_list":"","pay_tool":"","行業代號":null,"行業代號1":null,"名稱1":null,"行業代號2":null,"名稱2":null,"行業代號3":null,"名稱3":null},{"index":38,"id":10036670,"user":"張謝菊清","shop":"中興公有零售市場-48","category":"夜市/市場攤販","zone":"桃竹苗","city":"苗栗縣","area":"竹南鎮","market_name":"中興公有零售市場","market_address":"苗栗縣竹南鎮忠義街20號","pay_list":"","pay_tool":"","行業代號":null,"行業代號1":null,"名稱1":null,"行業代號2":null,"名稱2":null,"行業代號3":null,"名稱3":null},{"index":39,"id":10036681,"user":"張維奇","shop":"中興公有零售市場-49","category":"夜市/市場攤販","zone":"桃竹苗","city":"苗栗縣","area":"竹南鎮","market_name":"中興公有零售市場","market_address":"苗栗縣竹南鎮忠義街20號","pay_list":"","pay_tool":"","行業代號":null,"行業代號1":null,"名稱1":null,"行業代號2":null,"名稱2":null,"行業代號3":null,"名稱3":null},{"index":40,"id":10036692,"user":"林美鳳","shop":"中興公有零售市場-52","category":"夜市/市場攤販","zone":"桃竹苗","city":"苗栗縣","area":"竹南鎮","market_name":"中興公有零售市場","market_address":"苗栗縣竹南鎮忠義街20號","pay_list":"","pay_tool":"","行業代號":null,"行業代號1":null,"名稱1":null,"行業代號2":null,"名稱2":null,"行業代號3":null,"名稱3":null},{"index":41,"id":10036703,"user":"張簡月秀","shop":"中興公有零售市場-53","category":"夜市/市場攤販","zone":"桃竹苗","city":"苗栗縣","area":"竹南鎮","market_name":"中興公有零售市場","market_address":"苗栗縣竹南鎮忠義街20號","pay_list":"","pay_tool":"","行業代號":null,"行業代號1":null,"名稱1":null,"行業代號2":null,"名稱2":null,"行業代號3":null,"名稱3":null},{"index":42,"id":10036715,"user":"彭國棟","shop":"中興公有零售市場-54","category":"夜市/市場攤販","zone":"桃竹苗","city":"苗栗縣","area":"竹南鎮","market_name":"中興公有零售市場","market_address":"苗栗縣竹南鎮忠義街20號","pay_list":["LINE PAY","台灣 PAY","街口支付"],"pay_tool":["行動支付"],"行業代號":null,"行業代號1":null,"名稱1":null,"行業代號2":null,"名稱2":null,"行業代號3":null,"名稱3":null},{"index":43,"id":10036726,"user":"彭建坪","shop":"中興公有零售市場-55","category":"夜市/市場攤販","zone":"桃竹苗","city":"苗栗縣","area":"竹南鎮","market_name":"中興公有零售市場","market_address":"苗栗縣竹南鎮忠義街20號","pay_list":["LINE PAY","台灣 PAY","街口支付"],"pay_tool":["行動支付"],"行業代號":null,"行業代號1":null,"名稱1":null,"行業代號2":null,"名稱2":null,"行業代號3":null,"名稱3":null},{"index":44,"id":10036737,"user":"彭淑玲","shop":"中興公有零售市場-56","category":"夜市/市場攤販","zone":"桃竹苗","city":"苗栗縣","area":"竹南鎮","market_name":"中興公有零售市場","market_address":"苗栗縣竹南鎮忠義街20號","pay_list":"","pay_tool":"","行業代號":null,"行業代號1":null,"名稱1":null,"行業代號2":null,"名稱2":null,"行業代號3":null,"名稱3":null},{"index":45,"id":10036748,"user":"廖學堂","shop":"中興公有零售市場-57","category":"夜市/市場攤販","zone":"桃竹苗","city":"苗栗縣","area":"竹南鎮","market_name":"中興公有零售市場","market_address":"苗栗縣竹南鎮忠義街20號","pay_list":"","pay_tool":"","行業代號":null,"行業代號1":null,"名稱1":null,"行業代號2":null,"名稱2":null,"行業代號3":null,"名稱3":null},{"index":46,"id":10036759,"user":"劉銘輝","shop":"中興公有零售市場-59","category":"夜市/市場攤販","zone":"桃竹苗","city":"苗栗縣","area":"竹南鎮","market_name":"中興公有零售市場","market_address":"苗栗縣竹南鎮忠義街20號","pay_list":"","pay_tool":"","行業代號":null,"行業代號1":null,"名稱1":null,"行業代號2":null,"名稱2":null,"行業代號3":null,"名稱3":null},{"index":47,"id":10036770,"user":"陳福來","shop":"中興公有零售市場-64","category":"夜市/市場攤販","zone":"桃竹苗","city":"苗栗縣","area":"竹南鎮","market_name":"中興公有零售市場","market_address":"苗栗縣竹南鎮忠義街20號","pay_list":"","pay_tool":"","行業代號":null,"行業代號1":null,"名稱1":null,"行業代號2":null,"名稱2":null,"行業代號3":null,"名稱3":null},{"index":48,"id":10036781,"user":"黃鑫琦","shop":"中興公有零售市場-65","category":"夜市/市場攤販","zone":"桃竹苗","city":"苗栗縣","area":"竹南鎮","market_name":"中興公有零售市場","market_address":"苗栗縣竹南鎮忠義街20號","pay_list":"","pay_tool":"","行業代號":null,"行業代號1":null,"名稱1":null,"行業代號2":null,"名稱2":null,"行業代號3":null,"名稱3":null},{"index":49,"id":10036792,"user":"李林鳳娥","shop":"中興公有零售市場-66","category":"夜市/市場攤販","zone":"桃竹苗","city":"苗栗縣","area":"竹南鎮","market_name":"中興公有零售市場","market_address":"苗栗縣竹南鎮忠義街20號","pay_list":"","pay_tool":"","行業代號":null,"行業代號1":null,"名稱1":null,"行業代號2":null,"名稱2":null,"行業代號3":null,"名稱3":null},{"index":50,"id":10036803,"user":"林孟韡","shop":"中興公有零售市場-71","category":"夜市/市場攤販","zone":"桃竹苗","city":"苗栗縣","area":"竹南鎮","market_name":"中興公有零售市場","market_address":"苗栗縣竹南鎮忠義街20號","pay_list":"","pay_tool":"","行業代號":null,"行業代號1":null,"名稱1":null,"行業代號2":null,"名稱2":null,"行業代號3":null,"名稱3":null},{"index":51,"id":10036814,"user":"林世璋","shop":"中興公有零售市場-72","category":"夜市/市場攤販","zone":"桃竹苗","city":"苗栗縣","area":"竹南鎮","market_name":"中興公有零售市場","market_address":"苗栗縣竹南鎮忠義街20號","pay_list":"","pay_tool":"","行業代號":null,"行業代號1":null,"名稱1":null,"行業代號2":null,"名稱2":null,"行業代號3":null,"名稱3":null},{"index":52,"id":10036826,"user":"江德政","shop":"中興公有零售市場-73","category":"夜市/市場攤販","zone":"桃竹苗","city":"苗栗縣","area":"竹南鎮","market_name":"中興公有零售市場","market_address":"苗栗縣竹南鎮忠義街20號","pay_list":"","pay_tool":"","行業代號":null,"行業代號1":null,"名稱1":null,"行業代號2":null,"名稱2":null,"行業代號3":null,"名稱3":null},{"index":53,"id":10036837,"user":"江德政","shop":"中興公有零售市場-74","category":"夜市/市場攤販","zone":"桃竹苗","city":"苗栗縣","area":"竹南鎮","market_name":"中興公有零售市場","market_address":"苗栗縣竹南鎮忠義街20號","pay_list":"","pay_tool":"","行業代號":null,"行業代號1":null,"名稱1":null,"行業代號2":null,"名稱2":null,"行業代號3":null,"名稱3":null},{"index":54,"id":10036848,"user":"江德揚","shop":"中興公有零售市場-75","category":"夜市/市場攤販","zone":"桃竹苗","city":"苗栗縣","area":"竹南鎮","market_name":"中興公有零售市場","market_address":"苗栗縣竹南鎮忠義街20號","pay_list":"","pay_tool":"","行業代號":null,"行業代號1":null,"名稱1":null,"行業代號2":null,"名稱2":null,"行業代號3":null,"名稱3":null},{"index":55,"id":10036859,"user":"林淑芬","shop":"中興公有零售市場-76","category":"夜市/市場攤販","zone":"桃竹苗","city":"苗栗縣","area":"竹南鎮","market_name":"中興公有零售市場","market_address":"苗栗縣竹南鎮忠義街20號","pay_list":"","pay_tool":"","行業代號":null,"行業代號1":null,"名稱1":null,"行業代號2":null,"名稱2":null,"行業代號3":null,"名稱3":null},{"index":56,"id":10036870,"user":"林藍琪","shop":"中興公有零售市場-77","category":"夜市/市場攤販","zone":"桃竹苗","city":"苗栗縣","area":"竹南鎮","market_name":"中興公有零售市場","market_address":"苗栗縣竹南鎮忠義街20號","pay_list":["LINE PAY","台灣 PAY","街口支付"],"pay_tool":["行動支付"],"行業代號":null,"行業代號1":null,"名稱1":null,"行業代號2":null,"名稱2":null,"行業代號3":null,"名稱3":null},{"index":57,"id":10036881,"user":"彭梓恩","shop":"中興公有零售市場-78","category":"夜市/市場攤販","zone":"桃竹苗","city":"苗栗縣","area":"竹南鎮","market_name":"中興公有零售市場","market_address":"苗栗縣竹南鎮忠義街20號","pay_list":["LINE PAY","台灣 PAY","街口支付"],"pay_tool":["行動支付"],"行業代號":null,"行業代號1":null,"名稱1":null,"行業代號2":null,"名稱2":null,"行業代號3":null,"名稱3":null},{"index":58,"id":10036892,"user":"彭建坪","shop":"中興公有零售市場-79","category":"夜市/市場攤販","zone":"桃竹苗","city":"苗栗縣","area":"竹南鎮","market_name":"中興公有零售市場","market_address":"苗栗縣竹南鎮忠義街20號","pay_list":["LINE PAY","台灣 PAY","街口支付"],"pay_tool":["行動支付"],"行業代號":null,"行業代號1":null,"名稱1":null,"行業代號2":null,"名稱2":null,"行業代號3":null,"名稱3":null},{"index":59,"id":10036903,"user":"彭國棟","shop":"中興公有零售市場-80","category":"夜市/市場攤販","zone":"桃竹苗","city":"苗栗縣","area":"竹南鎮","market_name":"中興公有零售市場","market_address":"苗栗縣竹南鎮忠義街20號","pay_list":["LINE PAY","台灣 PAY","街口支付"],"pay_tool":["行動支付"],"行業代號":null,"行業代號1":null,"名稱1":null,"行業代號2":null,"名稱2":null,"行業代號3":null,"名稱3":null},{"index":60,"id":10036914,"user":"彭國棟","shop":"中興公有零售市場-81","category":"夜市/市場攤販","zone":"桃竹苗","city":"苗栗縣","area":"竹南鎮","market_name":"中興公有零售市場","market_address":"苗栗縣竹南鎮忠義街20號","pay_list":["LINE PAY","台灣 PAY","街口支付"],"pay_tool":["行動支付"],"行業代號":null,"行業代號1":null,"名稱1":null,"行業代號2":null,"名稱2":null,"行業代號3":null,"名稱3":null},{"index":61,"id":10036925,"user":"蔡柚柑","shop":"中興公有零售市場-82","category":"夜市/市場攤販","zone":"桃竹苗","city":"苗栗縣","area":"竹南鎮","market_name":"中興公有零售市場","market_address":"苗栗縣竹南鎮忠義街20號","pay_list":"","pay_tool":"","行業代號":null,"行業代號1":null,"名稱1":null,"行業代號2":null,"名稱2":null,"行業代號3":null,"名稱3":null},{"index":62,"id":10036937,"user":"蔡柚柑","shop":"中興公有零售市場-83","category":"夜市/市場攤販","zone":"桃竹苗","city":"苗栗縣","area":"竹南鎮","market_name":"中興公有零售市場","market_address":"苗栗縣竹南鎮忠義街20號","pay_list":"","pay_tool":"","行業代號":null,"行業代號1":null,"名稱1":null,"行業代號2":null,"名稱2":null,"行業代號3":null,"名稱3":null},{"index":63,"id":10036948,"user":"蔡柚柑","shop":"中興公有零售市場-84","category":"夜市/市場攤販","zone":"桃竹苗","city":"苗栗縣","area":"竹南鎮","market_name":"中興公有零售市場","market_address":"苗栗縣竹南鎮忠義街20號","pay_list":"","pay_tool":"","行業代號":null,"行業代號1":null,"名稱1":null,"行業代號2":null,"名稱2":null,"行業代號3":null,"名稱3":null},{"index":64,"id":10036959,"user":"鄭林寶珠","shop":"中興公有零售市場-85","category":"夜市/市場攤販","zone":"桃竹苗","city":"苗栗縣","area":"竹南鎮","market_name":"中興公有零售市場","market_address":"苗栗縣竹南鎮忠義街20號","pay_list":"","pay_tool":"","行業代號":null,"行業代號1":null,"名稱1":null,"行業代號2":null,"名稱2":null,"行業代號3":null,"名稱3":null},{"index":65,"id":10036970,"user":"林揚雪","shop":"中興公有零售市場-86","category":"夜市/市場攤販","zone":"桃竹苗","city":"苗栗縣","area":"竹南鎮","market_name":"中興公有零售市場","market_address":"苗栗縣竹南鎮忠義街20號","pay_list":"","pay_tool":"","行業代號":null,"行業代號1":null,"名稱1":null,"行業代號2":null,"名稱2":null,"行業代號3":null,"名稱3":null},{"index":66,"id":10036981,"user":"連瑞良","shop":"中興公有零售市場-87","category":"夜市/市場攤販","zone":"桃竹苗","city":"苗栗縣","area":"竹南鎮","market_name":"中興公有零售市場","market_address":"苗栗縣竹南鎮忠義街20號","pay_list":"","pay_tool":"","行業代號":null,"行業代號1":null,"名稱1":null,"行業代號2":null,"名稱2":null,"行業代號3":null,"名稱3":null},{"index":67,"id":10036992,"user":"林秀香","shop":"中興公有零售市場-88","category":"夜市/市場攤販","zone":"桃竹苗","city":"苗栗縣","area":"竹南鎮","market_name":"中興公有零售市場","market_address":"苗栗縣竹南鎮忠義街20號","pay_list":"","pay_tool":"","行業代號":null,"行業代號1":null,"名稱1":null,"行業代號2":null,"名稱2":null,"行業代號3":null,"名稱3":null},{"index":68,"id":10037003,"user":"林崑明","shop":"中興公有零售市場-89","category":"夜市/市場攤販","zone":"桃竹苗","city":"苗栗縣","area":"竹南鎮","market_name":"中興公有零售市場","market_address":"苗栗縣竹南鎮忠義街20號","pay_list":"","pay_tool":"","行業代號":null,"行業代號1":null,"名稱1":null,"行業代號2":null,"名稱2":null,"行業代號3":null,"名稱3":null},{"index":69,"id":10037014,"user":"葉傳喜","shop":"中興公有零售市場-90","category":"夜市/市場攤販","zone":"桃竹苗","city":"苗栗縣","area":"竹南鎮","market_name":"中興公有零售市場","market_address":"苗栗縣竹南鎮忠義街20號","pay_list":"","pay_tool":"","行業代號":null,"行業代號1":null,"名稱1":null,"行業代號2":null,"名稱2":null,"行業代號3":null,"名稱3":null},{"index":70,"id":10037025,"user":"葉文傑","shop":"中興公有零售市場-91","category":"夜市/市場攤販","zone":"桃竹苗","city":"苗栗縣","area":"竹南鎮","market_name":"中興公有零售市場","market_address":"苗栗縣竹南鎮忠義街20號","pay_list":"","pay_tool":"","行業代號":null,"行業代號1":null,"名稱1":null,"行業代號2":null,"名稱2":null,"行業代號3":null,"名稱3":null},{"index":71,"id":10037036,"user":"蔡清秀","shop":"中興公有零售市場-92","category":"夜市/市場攤販","zone":"桃竹苗","city":"苗栗縣","area":"竹南鎮","market_name":"中興公有零售市場","market_address":"苗栗縣竹南鎮忠義街20號","pay_list":"","pay_tool":"","行業代號":null,"行業代號1":null,"名稱1":null,"行業代號2":null,"名稱2":null,"行業代號3":null,"名稱3":null},{"index":72,"id":10037048,"user":"魏王桂桃","shop":"中興公有零售市場-93","category":"夜市/市場攤販","zone":"桃竹苗","city":"苗栗縣","area":"竹南鎮","market_name":"中興公有零售市場","market_address":"苗栗縣竹南鎮忠義街20號","pay_list":"","pay_tool":"","行業代號":null,"行業代號1":null,"名稱1":null,"行業代號2":null,"名稱2":null,"行業代號3":null,"名稱3":null},{"index":73,"id":10037059,"user":"許瑞森","shop":"中興公有零售市場-94","category":"夜市/市場攤販","zone":"桃竹苗","city":"苗栗縣","area":"竹南鎮","market_name":"中興公有零售市場","market_address":"苗栗縣竹南鎮忠義街20號","pay_list":"","pay_tool":"","行業代號":null,"行業代號1":null,"名稱1":null,"行業代號2":null,"名稱2":null,"行業代號3":null,"名稱3":null},{"index":74,"id":10037070,"user":"許束滿","shop":"中興公有零售市場-95","category":"夜市/市場攤販","zone":"桃竹苗","city":"苗栗縣","area":"竹南鎮","market_name":"中興公有零售市場","market_address":"苗栗縣竹南鎮忠義街20號","pay_list":"","pay_tool":"","行業代號":null,"行業代號1":null,"名稱1":null,"行業代號2":null,"名稱2":null,"行業代號3":null,"名稱3":null},{"index":75,"id":10037081,"user":"許秋鳳","shop":"中興公有零售市場-96","category":"夜市/市場攤販","zone":"桃竹苗","city":"苗栗縣","area":"竹南鎮","market_name":"中興公有零售市場","market_address":"苗栗縣竹南鎮忠義街20號","pay_list":"","pay_tool":"","行業代號":null,"行業代號1":null,"名稱1":null,"行業代號2":null,"名稱2":null,"行業代號3":null,"名稱3":null},{"index":76,"id":10037092,"user":"葉江金","shop":"中興公有零售市場-97","category":"夜市/市場攤販","zone":"桃竹苗","city":"苗栗縣","area":"竹南鎮","market_name":"中興公有零售市場","market_address":"苗栗縣竹南鎮忠義街20號","pay_list":"","pay_tool":"","行業代號":null,"行業代號1":null,"名稱1":null,"行業代號2":null,"名稱2":null,"行業代號3":null,"名稱3":null},{"index":77,"id":10037103,"user":"溫金鵝","shop":"中興公有零售市場-98","category":"夜市/市場攤販","zone":"桃竹苗","city":"苗栗縣","area":"竹南鎮","market_name":"中興公有零售市場","market_address":"苗栗縣竹南鎮忠義街20號","pay_list":"","pay_tool":"","行業代號":null,"行業代號1":null,"名稱1":null,"行業代號2":null,"名稱2":null,"行業代號3":null,"名稱3":null},{"index":78,"id":10037114,"user":"范月霞","shop":"中興公有零售市場-99","category":"夜市/市場攤販","zone":"桃竹苗","city":"苗栗縣","area":"竹南鎮","market_name":"中興公有零售市場","market_address":"苗栗縣竹南鎮忠義街20號","pay_list":"","pay_tool":"","行業代號":null,"行業代號1":null,"名稱1":null,"行業代號2":null,"名稱2":null,"行業代號3":null,"名稱3":null},{"index":79,"id":10037125,"user":"巫盈潔","shop":"中興公有零售市場-100","category":"夜市/市場攤販","zone":"桃竹苗","city":"苗栗縣","area":"竹南鎮","market_name":"中興公有零售市場","market_address":"苗栗縣竹南鎮忠義街20號","pay_list":"","pay_tool":"","行業代號":null,"行業代號1":null,"名稱1":null,"行業代號2":null,"名稱2":null,"行業代號3":null,"名稱3":null},{"index":80,"id":10037136,"user":"許月嬌","shop":"中興公有零售市場-101","category":"夜市/市場攤販","zone":"桃竹苗","city":"苗栗縣","area":"竹南鎮","market_name":"中興公有零售市場","market_address":"苗栗縣竹南鎮忠義街20號","pay_list":"","pay_tool":"","行業代號":null,"行業代號1":null,"名稱1":null,"行業代號2":null,"名稱2":null,"行業代號3":null,"名稱3":null},{"index":81,"id":10037147,"user":"許月嬌","shop":"中興公有零售市場-102","category":"夜市/市場攤販","zone":"桃竹苗","city":"苗栗縣","area":"竹南鎮","market_name":"中興公有零售市場","market_address":"苗栗縣竹南鎮忠義街20號","pay_list":"","pay_tool":"","行業代號":null,"行業代號1":null,"名稱1":null,"行業代號2":null,"名稱2":null,"行業代號3":null,"名稱3":null},{"index":82,"id":10037159,"user":"林黃榮","shop":"中興公有零售市場-103","category":"夜市/市場攤販","zone":"桃竹苗","city":"苗栗縣","area":"竹南鎮","market_name":"中興公有零售市場","market_address":"苗栗縣竹南鎮忠義街20號","pay_list":"","pay_tool":"","行業代號":null,"行業代號1":null,"名稱1":null,"行業代號2":null,"名稱2":null,"行業代號3":null,"名稱3":null},{"index":83,"id":10037170,"user":"林冠妘","shop":"中興公有零售市場-104","category":"夜市/市場攤販","zone":"桃竹苗","city":"苗栗縣","area":"竹南鎮","market_name":"中興公有零售市場","market_address":"苗栗縣竹南鎮忠義街20號","pay_list":"","pay_tool":"","行業代號":null,"行業代號1":null,"名稱1":null,"行業代號2":null,"名稱2":null,"行業代號3":null,"名稱3":null},{"index":84,"id":10037181,"user":"戴玉雪","shop":"中興公有零售市場-105","category":"夜市/市場攤販","zone":"桃竹苗","city":"苗栗縣","area":"竹南鎮","market_name":"中興公有零售市場","market_address":"苗栗縣竹南鎮忠義街20號","pay_list":"","pay_tool":"","行業代號":null,"行業代號1":null,"名稱1":null,"行業代號2":null,"名稱2":null,"行業代號3":null,"名稱3":null},{"index":85,"id":10037192,"user":"潘玉燕","shop":"中興公有零售市場-106","category":"夜市/市場攤販","zone":"桃竹苗","city":"苗栗縣","area":"竹南鎮","market_name":"中興公有零售市場","market_address":"苗栗縣竹南鎮忠義街20號","pay_list":"","pay_tool":"","行業代號":null,"行業代號1":null,"名稱1":null,"行業代號2":null,"名稱2":null,"行業代號3":null,"名稱3":null},{"index":86,"id":10037203,"user":"林文炳","shop":"中興公有零售市場-107","category":"夜市/市場攤販","zone":"桃竹苗","city":"苗栗縣","area":"竹南鎮","market_name":"中興公有零售市場","market_address":"苗栗縣竹南鎮忠義街20號","pay_list":"","pay_tool":"","行業代號":null,"行業代號1":null,"名稱1":null,"行業代號2":null,"名稱2":null,"行業代號3":null,"名稱3":null},{"index":87,"id":10037214,"user":"莊雅嵐","shop":"中興公有零售市場-108","category":"夜市/市場攤販","zone":"桃竹苗","city":"苗栗縣","area":"竹南鎮","market_name":"中興公有零售市場","market_address":"苗栗縣竹南鎮忠義街20號","pay_list":"","pay_tool":"","行業代號":null,"行業代號1":null,"名稱1":null,"行業代號2":null,"名稱2":null,"行業代號3":null,"名稱3":null},{"index":88,"id":10037225,"user":"黃阿武","shop":"中興公有零售市場-1","category":"夜市/市場攤販","zone":"桃竹苗","city":"苗栗縣","area":"竹南鎮","market_name":"中興公有零售市場","market_address":"苗栗縣竹南鎮忠義街20號","pay_list":["LINE PAY","台灣 PAY","街口支付"],"pay_tool":["行動支付"],"行業代號":null,"行業代號1":null,"名稱1":null,"行業代號2":null,"名稱2":null,"行業代號3":null,"名稱3":null},{"index":89,"id":10037236,"user":"陳美蓮","shop":"中興公有零售市場-2","category":"夜市/市場攤販","zone":"桃竹苗","city":"苗栗縣","area":"竹南鎮","market_name":"中興公有零售市場","market_address":"苗栗縣竹南鎮忠義街20號","pay_list":["LINE PAY","台灣 PAY","街口支付"],"pay_tool":["行動支付"],"行業代號":null,"行業代號1":null,"名稱1":null,"行業代號2":null,"名稱2":null,"行業代號3":null,"名稱3":null},{"index":90,"id":10037247,"user":"陳美蓮","shop":"中興公有零售市場-3","category":"夜市/市場攤販","zone":"桃竹苗","city":"苗栗縣","area":"竹南鎮","market_name":"中興公有零售市場","market_address":"苗栗縣竹南鎮忠義街20號","pay_list":["LINE PAY","台灣 PAY","街口支付"],"pay_tool":["行動支付"],"行業代號":null,"行業代號1":null,"名稱1":null,"行業代號2":null,"名稱2":null,"行業代號3":null,"名稱3":null},{"index":91,"id":10037258,"user":"鄧鈞隆","shop":"中興公有零售市場-4","category":"夜市/市場攤販","zone":"桃竹苗","city":"苗栗縣","area":"竹南鎮","market_name":"中興公有零售市場","market_address":"苗栗縣竹南鎮忠義街20號","pay_list":"","pay_tool":"","行業代號":null,"行業代號1":null,"名稱1":null,"行業代號2":null,"名稱2":null,"行業代號3":null,"名稱3":null},{"index":92,"id":10037270,"user":"鄧鈞隆","shop":"中興公有零售市場-9","category":"夜市/市場攤販","zone":"桃竹苗","city":"苗栗縣","area":"竹南鎮","market_name":"中興公有零售市場","market_address":"苗栗縣竹南鎮忠義街20號","pay_list":"","pay_tool":"","行業代號":null,"行業代號1":null,"名稱1":null,"行業代號2":null,"名稱2":null,"行業代號3":null,"名稱3":null},{"index":93,"id":10037281,"user":"李唯","shop":"中興公有零售市場-12","category":"夜市/市場攤販","zone":"桃竹苗","city":"苗栗縣","area":"竹南鎮","market_name":"中興公有零售市場","market_address":"苗栗縣竹南鎮忠義街20號","pay_list":"","pay_tool":"","行業代號":null,"行業代號1":null,"名稱1":null,"行業代號2":null,"名稱2":null,"行業代號3":null,"名稱3":null},{"index":94,"id":10037292,"user":"李唯","shop":"中興公有零售市場-13","category":"夜市/市場攤販","zone":"桃竹苗","city":"苗栗縣","area":"竹南鎮","market_name":"中興公有零售市場","market_address":"苗栗縣竹南鎮忠義街20號","pay_list":"","pay_tool":"","行業代號":null,"行業代號1":null,"名稱1":null,"行業代號2":null,"名稱2":null,"行業代號3":null,"名稱3":null},{"index":95,"id":10037303,"user":"李蕭金蘭","shop":"中興公有零售市場-14","category":"夜市/市場攤販","zone":"桃竹苗","city":"苗栗縣","area":"竹南鎮","market_name":"中興公有零售市場","market_address":"苗栗縣竹南鎮忠義街20號","pay_list":"","pay_tool":"","行業代號":null,"行業代號1":null,"名稱1":null,"行業代號2":null,"名稱2":null,"行業代號3":null,"名稱3":null},{"index":96,"id":10037314,"user":"李蕭金蘭","shop":"中興公有零售市場-15","category":"夜市/市場攤販","zone":"桃竹苗","city":"苗栗縣","area":"竹南鎮","market_name":"中興公有零售市場","market_address":"苗栗縣竹南鎮忠義街20號","pay_list":"","pay_tool":"","行業代號":null,"行業代號1":null,"名稱1":null,"行業代號2":null,"名稱2":null,"行業代號3":null,"名稱3":null},{"index":97,"id":10037325,"user":"謝佳君","shop":"中興公有零售市場-16","category":"夜市/市場攤販","zone":"桃竹苗","city":"苗栗縣","area":"竹南鎮","market_name":"中興公有零售市場","market_address":"苗栗縣竹南鎮忠義街20號","pay_list":["LINE PAY","台灣 PAY","街口支付"],"pay_tool":["行動支付"],"行業代號":null,"行業代號1":null,"名稱1":null,"行業代號2":null,"名稱2":null,"行業代號3":null,"名稱3":null},{"index":98,"id":10037336,"user":"陳太陽","shop":"中興公有零售市場-26","category":"夜市/市場攤販","zone":"桃竹苗","city":"苗栗縣","area":"竹南鎮","market_name":"中興公有零售市場","market_address":"苗栗縣竹南鎮忠義街20號","pay_list":"","pay_tool":"","行業代號":null,"行業代號1":null,"名稱1":null,"行業代號2":null,"名稱2":null,"行業代號3":null,"名稱3":null},{"index":99,"id":10037347,"user":"陳文科","shop":"中興公有零售市場-30","category":"夜市/市場攤販","zone":"桃竹苗","city":"苗栗縣","area":"竹南鎮","market_name":"中興公有零售市場","market_address":"苗栗縣竹南鎮忠義街20號","pay_list":"","pay_tool":"","行業代號":null,"行業代號1":null,"名稱1":null,"行業代號2":null,"名稱2":null,"行業代號3":null,"名稱3":null},{"index":100,"id":10037358,"user":"李年順","shop":"中興公有零售市場-31","category":"夜市/市場攤販","zone":"桃竹苗","city":"苗栗縣","area":"竹南鎮","market_name":"中興公有零售市場","market_address":"苗栗縣竹南鎮忠義街20號","pay_list":"","pay_tool":"","行業代號":null,"行業代號1":null,"名稱1":null,"行業代號2":null,"名稱2":null,"行業代號3":null,"名稱3":null},{"index":101,"id":10037369,"user":"林金雀","shop":"中興公有零售市場-33","category":"夜市/市場攤販","zone":"桃竹苗","city":"苗栗縣","area":"竹南鎮","market_name":"中興公有零售市場","market_address":"苗栗縣竹南鎮忠義街20號","pay_list":"","pay_tool":"","行業代號":null,"行業代號1":null,"名稱1":null,"行業代號2":null,"名稱2":null,"行業代號3":null,"名稱3":null},{"index":102,"id":10037381,"user":"張謝菊清","shop":"中興公有零售市場-48","category":"夜市/市場攤販","zone":"桃竹苗","city":"苗栗縣","area":"竹南鎮","market_name":"中興公有零售市場","market_address":"苗栗縣竹南鎮忠義街20號","pay_list":"","pay_tool":"","行業代號":null,"行業代號1":null,"名稱1":null,"行業代號2":null,"名稱2":null,"行業代號3":null,"名稱3":null},{"index":103,"id":10037392,"user":"張維奇","shop":"中興公有零售市場-49","category":"夜市/市場攤販","zone":"桃竹苗","city":"苗栗縣","area":"竹南鎮","market_name":"中興公有零售市場","market_address":"苗栗縣竹南鎮忠義街20號","pay_list":"","pay_tool":"","行業代號":null,"行業代號1":null,"名稱1":null,"行業代號2":null,"名稱2":null,"行業代號3":null,"名稱3":null},{"index":104,"id":10037403,"user":"林美鳳","shop":"中興公有零售市場-52","category":"夜市/市場攤販","zone":"桃竹苗","city":"苗栗縣","area":"竹南鎮","market_name":"中興公有零售市場","market_address":"苗栗縣竹南鎮忠義街20號","pay_list":"","pay_tool":"","行業代號":null,"行業代號1":null,"名稱1":null,"行業代號2":null,"名稱2":null,"行業代號3":null,"名稱3":null},{"index":105,"id":10037414,"user":"張簡月秀","shop":"中興公有零售市場-53","category":"夜市/市場攤販","zone":"桃竹苗","city":"苗栗縣","area":"竹南鎮","market_name":"中興公有零售市場","market_address":"苗栗縣竹南鎮忠義街20號","pay_list":"","pay_tool":"","行業代號":null,"行業代號1":null,"名稱1":null,"行業代號2":null,"名稱2":null,"行業代號3":null,"名稱3":null},{"index":106,"id":10037425,"user":"彭國棟","shop":"中興公有零售市場-54","category":"夜市/市場攤販","zone":"桃竹苗","city":"苗栗縣","area":"竹南鎮","market_name":"中興公有零售市場","market_address":"苗栗縣竹南鎮忠義街20號","pay_list":["LINE PAY","台灣 PAY","街口支付"],"pay_tool":["行動支付"],"行業代號":null,"行業代號1":null,"名稱1":null,"行業代號2":null,"名稱2":null,"行業代號3":null,"名稱3":null},{"index":107,"id":10037436,"user":"彭建坪","shop":"中興公有零售市場-55","category":"夜市/市場攤販","zone":"桃竹苗","city":"苗栗縣","area":"竹南鎮","market_name":"中興公有零售市場","market_address":"苗栗縣竹南鎮忠義街20號","pay_list":["LINE PAY","台灣 PAY","街口支付"],"pay_tool":["行動支付"],"行業代號":null,"行業代號1":null,"名稱1":null,"行業代號2":null,"名稱2":null,"行業代號3":null,"名稱3":null},{"index":108,"id":10037447,"user":"彭淑玲","shop":"中興公有零售市場-56","category":"夜市/市場攤販","zone":"桃竹苗","city":"苗栗縣","area":"竹南鎮","market_name":"中興公有零售市場","market_address":"苗栗縣竹南鎮忠義街20號","pay_list":"","pay_tool":"","行業代號":null,"行業代號1":null,"名稱1":null,"行業代號2":null,"名稱2":null,"行業代號3":null,"名稱3":null},{"index":109,"id":10037458,"user":"廖學堂","shop":"中興公有零售市場-57","category":"夜市/市場攤販","zone":"桃竹苗","city":"苗栗縣","area":"竹南鎮","market_name":"中興公有零售市場","market_address":"苗栗縣竹南鎮忠義街20號","pay_list":"","pay_tool":"","行業代號":null,"行業代號1":null,"名稱1":null,"行業代號2":null,"名稱2":null,"行業代號3":null,"名稱3":null},{"index":110,"id":10037469,"user":"劉銘輝","shop":"中興公有零售市場-59","category":"夜市/市場攤販","zone":"桃竹苗","city":"苗栗縣","area":"竹南鎮","market_name":"中興公有零售市場","market_address":"苗栗縣竹南鎮忠義街20號","pay_list":"","pay_tool":"","行業代號":null,"行業代號1":null,"名稱1":null,"行業代號2":null,"名稱2":null,"行業代號3":null,"名稱3":null},{"index":111,"id":10037480,"user":"陳福來","shop":"中興公有零售市場-64","category":"夜市/市場攤販","zone":"桃竹苗","city":"苗栗縣","area":"竹南鎮","market_name":"中興公有零售市場","market_address":"苗栗縣竹南鎮忠義街20號","pay_list":"","pay_tool":"","行業代號":null,"行業代號1":null,"名稱1":null,"行業代號2":null,"名稱2":null,"行業代號3":null,"名稱3":null},{"index":112,"id":10037493,"user":"黃鑫琦","shop":"中興公有零售市場-65","category":"夜市/市場攤販","zone":"桃竹苗","city":"苗栗縣","area":"竹南鎮","market_name":"中興公有零售市場","market_address":"苗栗縣竹南鎮忠義街20號","pay_list":"","pay_tool":"","行業代號":null,"行業代號1":null,"名稱1":null,"行業代號2":null,"名稱2":null,"行業代號3":null,"名稱3":null},{"index":113,"id":10037504,"user":"李林鳳娥","shop":"中興公有零售市場-66","category":"夜市/市場攤販","zone":"桃竹苗","city":"苗栗縣","area":"竹南鎮","market_name":"中興公有零售市場","market_address":"苗栗縣竹南鎮忠義街20號","pay_list":"","pay_tool":"","行業代號":null,"行業代號1":null,"名稱1":null,"行業代號2":null,"名稱2":null,"行業代號3":null,"名稱3":null},{"index":114,"id":10037515,"user":"林孟韡","shop":"中興公有零售市場-71","category":"夜市/市場攤販","zone":"桃竹苗","city":"苗栗縣","area":"竹南鎮","market_name":"中興公有零售市場","market_address":"苗栗縣竹南鎮忠義街20號","pay_list":"","pay_tool":"","行業代號":null,"行業代號1":null,"名稱1":null,"行業代號2":null,"名稱2":null,"行業代號3":null,"名稱3":null},{"index":115,"id":10037526,"user":"林世璋","shop":"中興公有零售市場-72","category":"夜市/市場攤販","zone":"桃竹苗","city":"苗栗縣","area":"竹南鎮","market_name":"中興公有零售市場","market_address":"苗栗縣竹南鎮忠義街20號","pay_list":"","pay_tool":"","行業代號":null,"行業代號1":null,"名稱1":null,"行業代號2":null,"名稱2":null,"行業代號3":null,"名稱3":null},{"index":116,"id":10037537,"user":"江德政","shop":"中興公有零售市場-73","category":"夜市/市場攤販","zone":"桃竹苗","city":"苗栗縣","area":"竹南鎮","market_name":"中興公有零售市場","market_address":"苗栗縣竹南鎮忠義街20號","pay_list":"","pay_tool":"","行業代號":null,"行業代號1":null,"名稱1":null,"行業代號2":null,"名稱2":null,"行業代號3":null,"名稱3":null},{"index":117,"id":10037548,"user":"江德政","shop":"中興公有零售市場-74","category":"夜市/市場攤販","zone":"桃竹苗","city":"苗栗縣","area":"竹南鎮","market_name":"中興公有零售市場","market_address":"苗栗縣竹南鎮忠義街20號","pay_list":"","pay_tool":"","行業代號":null,"行業代號1":null,"名稱1":null,"行業代號2":null,"名稱2":null,"行業代號3":null,"名稱3":null},{"index":118,"id":10037559,"user":"江德揚","shop":"中興公有零售市場-75","category":"夜市/市場攤販","zone":"桃竹苗","city":"苗栗縣","area":"竹南鎮","market_name":"中興公有零售市場","market_address":"苗栗縣竹南鎮忠義街20號","pay_list":"","pay_tool":"","行業代號":null,"行業代號1":null,"名稱1":null,"行業代號2":null,"名稱2":null,"行業代號3":null,"名稱3":null},{"index":119,"id":10037570,"user":"林淑芬","shop":"中興公有零售市場-76","category":"夜市/市場攤販","zone":"桃竹苗","city":"苗栗縣","area":"竹南鎮","market_name":"中興公有零售市場","market_address":"苗栗縣竹南鎮忠義街20號","pay_list":"","pay_tool":"","行業代號":null,"行業代號1":null,"名稱1":null,"行業代號2":null,"名稱2":null,"行業代號3":null,"名稱3":null},{"index":120,"id":10037581,"user":"林藍琪","shop":"中興公有零售市場-77","category":"夜市/市場攤販","zone":"桃竹苗","city":"苗栗縣","area":"竹南鎮","market_name":"中興公有零售市場","market_address":"苗栗縣竹南鎮忠義街20號","pay_list":["LINE PAY","台灣 PAY","街口支付"],"pay_tool":["行動支付"],"行業代號":null,"行業代號1":null,"名稱1":null,"行業代號2":null,"名稱2":null,"行業代號3":null,"名稱3":null},{"index":121,"id":10037592,"user":"彭梓恩","shop":"中興公有零售市場-78","category":"夜市/市場攤販","zone":"桃竹苗","city":"苗栗縣","area":"竹南鎮","market_name":"中興公有零售市場","market_address":"苗栗縣竹南鎮忠義街20號","pay_list":["LINE PAY","台灣 PAY","街口支付"],"pay_tool":["行動支付"],"行業代號":null,"行業代號1":null,"名稱1":null,"行業代號2":null,"名稱2":null,"行業代號3":null,"名稱3":null},{"index":122,"id":10037604,"user":"彭建坪","shop":"中興公有零售市場-79","category":"夜市/市場攤販","zone":"桃竹苗","city":"苗栗縣","area":"竹南鎮","market_name":"中興公有零售市場","market_address":"苗栗縣竹南鎮忠義街20號","pay_list":["LINE PAY","台灣 PAY","街口支付"],"pay_tool":["行動支付"],"行業代號":null,"行業代號1":null,"名稱1":null,"行業代號2":null,"名稱2":null,"行業代號3":null,"名稱3":null},{"index":123,"id":10037615,"user":"彭國棟","shop":"中興公有零售市場-80","category":"夜市/市場攤販","zone":"桃竹苗","city":"苗栗縣","area":"竹南鎮","market_name":"中興公有零售市場","market_address":"苗栗縣竹南鎮忠義街20號","pay_list":["LINE PAY","台灣 PAY","街口支付"],"pay_tool":["行動支付"],"行業代號":null,"行業代號1":null,"名稱1":null,"行業代號2":null,"名稱2":null,"行業代號3":null,"名稱3":null},{"index":124,"id":10037626,"user":"彭國棟","shop":"中興公有零售市場-81","category":"夜市/市場攤販","zone":"桃竹苗","city":"苗栗縣","area":"竹南鎮","market_name":"中興公有零售市場","market_address":"苗栗縣竹南鎮忠義街20號","pay_list":["LINE PAY","台灣 PAY","街口支付"],"pay_tool":["行動支付"],"行業代號":null,"行業代號1":null,"名稱1":null,"行業代號2":null,"名稱2":null,"行業代號3":null,"名稱3":null},{"index":125,"id":10037637,"user":"蔡柚柑","shop":"中興公有零售市場-82","category":"夜市/市場攤販","zone":"桃竹苗","city":"苗栗縣","area":"竹南鎮","market_name":"中興公有零售市場","market_address":"苗栗縣竹南鎮忠義街20號","pay_list":"","pay_tool":"","行業代號":null,"行業代號1":null,"名稱1":null,"行業代號2":null,"名稱2":null,"行業代號3":null,"名稱3":null},{"index":126,"id":10037648,"user":"蔡柚柑","shop":"中興公有零售市場-83","category":"夜市/市場攤販","zone":"桃竹苗","city":"苗栗縣","area":"竹南鎮","market_name":"中興公有零售市場","market_address":"苗栗縣竹南鎮忠義街20號","pay_list":"","pay_tool":"","行業代號":null,"行業代號1":null,"名稱1":null,"行業代號2":null,"名稱2":null,"行業代號3":null,"名稱3":null},{"index":127,"id":10037659,"user":"蔡柚柑","shop":"中興公有零售市場-84","category":"夜市/市場攤販","zone":"桃竹苗","city":"苗栗縣","area":"竹南鎮","market_name":"中興公有零售市場","market_address":"苗栗縣竹南鎮忠義街20號","pay_list":"","pay_tool":"","行業代號":null,"行業代號1":null,"名稱1":null,"行業代號2":null,"名稱2":null,"行業代號3":null,"名稱3":null},{"index":128,"id":10037670,"user":"鄭林寶珠","shop":"中興公有零售市場-85","category":"夜市/市場攤販","zone":"桃竹苗","city":"苗栗縣","area":"竹南鎮","market_name":"中興公有零售市場","market_address":"苗栗縣竹南鎮忠義街20號","pay_list":"","pay_tool":"","行業代號":null,"行業代號1":null,"名稱1":null,"行業代號2":null,"名稱2":null,"行業代號3":null,"名稱3":null},{"index":129,"id":10037681,"user":"林揚雪","shop":"中興公有零售市場-86","category":"夜市/市場攤販","zone":"桃竹苗","city":"苗栗縣","area":"竹南鎮","market_name":"中興公有零售市場","market_address":"苗栗縣竹南鎮忠義街20號","pay_list":"","pay_tool":"","行業代號":null,"行業代號1":null,"名稱1":null,"行業代號2":null,"名稱2":null,"行業代號3":null,"名稱3":null},{"index":130,"id":10037692,"user":"連瑞良","shop":"中興公有零售市場-87","category":"夜市/市場攤販","zone":"桃竹苗","city":"苗栗縣","area":"竹南鎮","market_name":"中興公有零售市場","market_address":"苗栗縣竹南鎮忠義街20號","pay_list":"","pay_tool":"","行業代號":null,"行業代號1":null,"名稱1":null,"行業代號2":null,"名稱2":null,"行業代號3":null,"名稱3":null},{"index":131,"id":10037703,"user":"林秀香","shop":"中興公有零售市場-88","category":"夜市/市場攤販","zone":"桃竹苗","city":"苗栗縣","area":"竹南鎮","market_name":"中興公有零售市場","market_address":"苗栗縣竹南鎮忠義街20號","pay_list":"","pay_tool":"","行業代號":null,"行業代號1":null,"名稱1":null,"行業代號2":null,"名稱2":null,"行業代號3":null,"名稱3":null},{"index":132,"id":10037715,"user":"林崑明","shop":"中興公有零售市場-89","category":"夜市/市場攤販","zone":"桃竹苗","city":"苗栗縣","area":"竹南鎮","market_name":"中興公有零售市場","market_address":"苗栗縣竹南鎮忠義街20號","pay_list":"","pay_tool":"","行業代號":null,"行業代號1":null,"名稱1":null,"行業代號2":null,"名稱2":null,"行業代號3":null,"名稱3":null},{"index":133,"id":10037726,"user":"葉傳喜","shop":"中興公有零售市場-90","category":"夜市/市場攤販","zone":"桃竹苗","city":"苗栗縣","area":"竹南鎮","market_name":"中興公有零售市場","market_address":"苗栗縣竹南鎮忠義街20號","pay_list":"","pay_tool":"","行業代號":null,"行業代號1":null,"名稱1":null,"行業代號2":null,"名稱2":null,"行業代號3":null,"名稱3":null},{"index":134,"id":10037737,"user":"葉文傑","shop":"中興公有零售市場-91","category":"夜市/市場攤販","zone":"桃竹苗","city":"苗栗縣","area":"竹南鎮","market_name":"中興公有零售市場","market_address":"苗栗縣竹南鎮忠義街20號","pay_list":"","pay_tool":"","行業代號":null,"行業代號1":null,"名稱1":null,"行業代號2":null,"名稱2":null,"行業代號3":null,"名稱3":null},{"index":135,"id":10037748,"user":"蔡清秀","shop":"中興公有零售市場-92","category":"夜市/市場攤販","zone":"桃竹苗","city":"苗栗縣","area":"竹南鎮","market_name":"中興公有零售市場","market_address":"苗栗縣竹南鎮忠義街20號","pay_list":"","pay_tool":"","行業代號":null,"行業代號1":null,"名稱1":null,"行業代號2":null,"名稱2":null,"行業代號3":null,"名稱3":null},{"index":136,"id":10037759,"user":"魏王桂桃","shop":"中興公有零售市場-93","category":"夜市/市場攤販","zone":"桃竹苗","city":"苗栗縣","area":"竹南鎮","market_name":"中興公有零售市場","market_address":"苗栗縣竹南鎮忠義街20號","pay_list":"","pay_tool":"","行業代號":null,"行業代號1":null,"名稱1":null,"行業代號2":null,"名稱2":null,"行業代號3":null,"名稱3":null},{"index":137,"id":10037770,"user":"許瑞森","shop":"中興公有零售市場-94","category":"夜市/市場攤販","zone":"桃竹苗","city":"苗栗縣","area":"竹南鎮","market_name":"中興公有零售市場","market_address":"苗栗縣竹南鎮忠義街20號","pay_list":"","pay_tool":"","行業代號":null,"行業代號1":null,"名稱1":null,"行業代號2":null,"名稱2":null,"行業代號3":null,"名稱3":null},{"index":138,"id":10037781,"user":"許束滿","shop":"中興公有零售市場-95","category":"夜市/市場攤販","zone":"桃竹苗","city":"苗栗縣","area":"竹南鎮","market_name":"中興公有零售市場","market_address":"苗栗縣竹南鎮忠義街20號","pay_list":"","pay_tool":"","行業代號":null,"行業代號1":null,"名稱1":null,"行業代號2":null,"名稱2":null,"行業代號3":null,"名稱3":null},{"index":139,"id":10037792,"user":"許秋鳳","shop":"中興公有零售市場-96","category":"夜市/市場攤販","zone":"桃竹苗","city":"苗栗縣","area":"竹南鎮","market_name":"中興公有零售市場","market_address":"苗栗縣竹南鎮忠義街20號","pay_list":"","pay_tool":"","行業代號":null,"行業代號1":null,"名稱1":null,"行業代號2":null,"名稱2":null,"行業代號3":null,"名稱3":null},{"index":140,"id":10037803,"user":"葉江金","shop":"中興公有零售市場-97","category":"夜市/市場攤販","zone":"桃竹苗","city":"苗栗縣","area":"竹南鎮","market_name":"中興公有零售市場","market_address":"苗栗縣竹南鎮忠義街20號","pay_list":"","pay_tool":"","行業代號":null,"行業代號1":null,"名稱1":null,"行業代號2":null,"名稱2":null,"行業代號3":null,"名稱3":null},{"index":141,"id":10037814,"user":"溫金鵝","shop":"中興公有零售市場-98","category":"夜市/市場攤販","zone":"桃竹苗","city":"苗栗縣","area":"竹南鎮","market_name":"中興公有零售市場","market_address":"苗栗縣竹南鎮忠義街20號","pay_list":"","pay_tool":"","行業代號":null,"行業代號1":null,"名稱1":null,"行業代號2":null,"名稱2":null,"行業代號3":null,"名稱3":null},{"index":142,"id":10037826,"user":"范月霞","shop":"中興公有零售市場-99","category":"夜市/市場攤販","zone":"桃竹苗","city":"苗栗縣","area":"竹南鎮","market_name":"中興公有零售市場","market_address":"苗栗縣竹南鎮忠義街20號","pay_list":"","pay_tool":"","行業代號":null,"行業代號1":null,"名稱1":null,"行業代號2":null,"名稱2":null,"行業代號3":null,"名稱3":null},{"index":143,"id":10037837,"user":"巫盈潔","shop":"中興公有零售市場-100","category":"夜市/市場攤販","zone":"桃竹苗","city":"苗栗縣","area":"竹南鎮","market_name":"中興公有零售市場","market_address":"苗栗縣竹南鎮忠義街20號","pay_list":"","pay_tool":"","行業代號":null,"行業代號1":null,"名稱1":null,"行業代號2":null,"名稱2":null,"行業代號3":null,"名稱3":null},{"index":144,"id":10037848,"user":"許月嬌","shop":"中興公有零售市場-101","category":"夜市/市場攤販","zone":"桃竹苗","city":"苗栗縣","area":"竹南鎮","market_name":"中興公有零售市場","market_address":"苗栗縣竹南鎮忠義街20號","pay_list":"","pay_tool":"","行業代號":null,"行業代號1":null,"名稱1":null,"行業代號2":null,"名稱2":null,"行業代號3":null,"名稱3":null},{"index":145,"id":10037859,"user":"許月嬌","shop":"中興公有零售市場-102","category":"夜市/市場攤販","zone":"桃竹苗","city":"苗栗縣","area":"竹南鎮","market_name":"中興公有零售市場","market_address":"苗栗縣竹南鎮忠義街20號","pay_list":"","pay_tool":"","行業代號":null,"行業代號1":null,"名稱1":null,"行業代號2":null,"名稱2":null,"行業代號3":null,"名稱3":null},{"index":146,"id":10037870,"user":"林黃榮","shop":"中興公有零售市場-103","category":"夜市/市場攤販","zone":"桃竹苗","city":"苗栗縣","area":"竹南鎮","market_name":"中興公有零售市場","market_address":"苗栗縣竹南鎮忠義街20號","pay_list":"","pay_tool":"","行業代號":null,"行業代號1":null,"名稱1":null,"行業代號2":null,"名稱2":null,"行業代號3":null,"名稱3":null},{"index":147,"id":10037881,"user":"林冠妘","shop":"中興公有零售市場-104","category":"夜市/市場攤販","zone":"桃竹苗","city":"苗栗縣","area":"竹南鎮","market_name":"中興公有零售市場","market_address":"苗栗縣竹南鎮忠義街20號","pay_list":"","pay_tool":"","行業代號":null,"行業代號1":null,"名稱1":null,"行業代號2":null,"名稱2":null,"行業代號3":null,"名稱3":null},{"index":148,"id":10037892,"user":"戴玉雪","shop":"中興公有零售市場-105","category":"夜市/市場攤販","zone":"桃竹苗","city":"苗栗縣","area":"竹南鎮","market_name":"中興公有零售市場","market_address":"苗栗縣竹南鎮忠義街20號","pay_list":"","pay_tool":"","行業代號":null,"行業代號1":null,"名稱1":null,"行業代號2":null,"名稱2":null,"行業代號3":null,"名稱3":null},{"index":149,"id":10037903,"user":"潘玉燕","shop":"中興公有零售市場-106","category":"夜市/市場攤販","zone":"桃竹苗","city":"苗栗縣","area":"竹南鎮","market_name":"中興公有零售市場","market_address":"苗栗縣竹南鎮忠義街20號","pay_list":"","pay_tool":"","行業代號":null,"行業代號1":null,"名稱1":null,"行業代號2":null,"名稱2":null,"行業代號3":null,"名稱3":null},{"index":150,"id":10037914,"user":"林文炳","shop":"中興公有零售市場-107","category":"夜市/市場攤販","zone":"桃竹苗","city":"苗栗縣","area":"竹南鎮","market_name":"中興公有零售市場","market_address":"苗栗縣竹南鎮忠義街20號","pay_list":"","pay_tool":"","行業代號":null,"行業代號1":null,"名稱1":null,"行業代號2":null,"名稱2":null,"行業代號3":null,"名稱3":null},{"index":151,"id":10037925,"user":"莊雅嵐","shop":"中興公有零售市場-108","category":"夜市/市場攤販","zone":"桃竹苗","city":"苗栗縣","area":"竹南鎮","market_name":"中興公有零售市場","market_address":"苗栗縣竹南鎮忠義街20號","pay_list":"","pay_tool":"","行業代號":null,"行業代號1":null,"名稱1":null,"行業代號2":null,"名稱2":null,"行業代號3":null,"名稱3":null},{"index":152,"id":20006540,"user":"林溢河","shop":"吉佈德專業碳烤店","category":["夜市/市場攤販"],"zone":"桃竹苗","city":"苗栗縣","area":"竹南鎮","market_name":["餐食攤販","未分類其他食品、飲料及菸草製品零售","飲料零售"],"market_address":"苗栗縣竹南鎮公義里公義路２０００號（必勝加油站）旁５００公尺","pay_list":"","pay_tool":"","行業代號":null,"行業代號1":null,"名稱1":null,"行業代號2":null,"名稱2":null,"行業代號3":null,"名稱3":null},{"index":153,"id":20008083,"user":"陳啓彬","shop":"紅葡萄飲食店","category":["夜市/市場攤販","餐飲"],"zone":"桃竹苗","city":"苗栗縣","area":"竹南鎮","market_name":["餐食攤販","檳榔零售","調理飲料攤販"],"market_address":"苗栗縣竹南鎮海口段海口小段１３３４號","pay_list":"","pay_tool":"","行業代號":null,"行業代號1":null,"名稱1":null,"行業代號2":null,"名稱2":null,"行業代號3":null,"名稱3":null},{"index":154,"id":20034154,"user":"林芸亘","shop":"馬蔥餅竹南站前店","category":["夜市/市場攤販"],"zone":"桃竹苗","city":"苗栗縣","area":"竹南鎮","market_name":["餐食攤販"],"market_address":"苗栗縣竹南鎮照南里１鄰博愛街２號騎樓","pay_list":"","pay_tool":"","行業代號":null,"行業代號1":null,"名稱1":null,"行業代號2":null,"名稱2":null,"行業代號3":null,"名稱3":null},{"index":155,"id":20044426,"user":"鍾素琴","shop":"素琴自助小吃店","category":["夜市/市場攤販","餐飲"],"zone":"桃竹苗","city":"苗栗縣","area":"竹南鎮","market_name":["餐食攤販","調理飲料攤販"],"market_address":"苗栗縣竹南鎮中華里５鄰４０號前","pay_list":"","pay_tool":"","行業代號":null,"行業代號1":null,"名稱1":null,"行業代號2":null,"名稱2":null,"行業代號3":null,"名稱3":null},{"index":156,"id":20053608,"user":"陳昇塏","shop":"陳昇塏","category":["夜市/市場攤販"],"zone":"桃竹苗","city":"苗栗縣","area":"竹南鎮","market_name":["餐食攤販"],"market_address":"苗栗縣竹南鎮頂埔里９鄰２１－５號前","pay_list":"","pay_tool":"","行業代號":null,"行業代號1":null,"名稱1":null,"行業代號2":null,"名稱2":null,"行業代號3":null,"名稱3":null},{"index":157,"id":20054219,"user":"陳雅芳","shop":"夯臭豆腐（竹南店）","category":["夜市/市場攤販"],"zone":"桃竹苗","city":"苗栗縣","area":"竹南鎮","market_name":["餐食攤販"],"market_address":"苗栗縣竹南鎮竹興里博愛街４３９號斜對面","pay_list":"","pay_tool":"","行業代號":null,"行業代號1":null,"名稱1":null,"行業代號2":null,"名稱2":null,"行業代號3":null,"名稱3":null},{"index":158,"id":20054269,"user":"陳秝瑢","shop":"陳秝瑢","category":["夜市/市場攤販"],"zone":"桃竹苗","city":"苗栗縣","area":"竹南鎮","market_name":["餐食攤販"],"market_address":"苗栗縣竹南鎮大厝里大營路８３號騎樓","pay_list":"","pay_tool":"","行業代號":null,"行業代號1":null,"名稱1":null,"行業代號2":null,"名稱2":null,"行業代號3":null,"名稱3":null},{"index":159,"id":20054445,"user":"呂淑惠","shop":"呂淑惠","category":["夜市/市場攤販"],"zone":"桃竹苗","city":"苗栗縣","area":"竹南鎮","market_name":["餐食攤販"],"market_address":"苗栗縣竹南鎮中華里復興路４０號旁邊","pay_list":"","pay_tool":"","行業代號":null,"行業代號1":null,"名稱1":null,"行業代號2":null,"名稱2":null,"行業代號3":null,"名稱3":null},{"index":160,"id":60018018,"user":"蔡岳達","shop":"初現有限公司","category":["夜市/市場攤販"],"zone":"桃竹苗","city":"苗栗縣","area":"竹南鎮","market_name":["其他體育用品製造","其他運動用品及器材零售","飲料零售攤販","餐食攤販"],"market_address":"苗栗縣竹南鎮竹興里０１３鄰竹圍仔９１號","pay_list":null,"pay_tool":null,"行業代號":"561200","行業代號1":"486112","名稱1":"飲料零售攤販","行業代號2":"331199","名稱2":"其他體育用品製造","行業代號3":"476299","名稱3":"其他運動用品及器材零售"},{"index":161,"id":60037599,"user":"康羽賢","shop":"柒陸柒速食店","category":["夜市/市場攤販"],"zone":"桃竹苗","city":"苗栗縣","area":"竹南鎮","market_name":["餐食攤販"],"market_address":"苗栗縣竹南鎮中港里中正路４３１之１號","pay_list":null,"pay_tool":null,"行業代號":"561200","行業代號1":"","名稱1":"","行業代號2":"","名稱2":"","行業代號3":"","名稱3":""},{"index":162,"id":60040240,"user":"廖欣哲","shop":"阿洲師牛肉麵","category":["餐飲","夜市/市場攤販"],"zone":"桃竹苗","city":"苗栗縣","area":"竹南鎮","market_name":["調理飲料攤販","餐食攤販"],"market_address":"苗栗縣竹南鎮中華里１８鄰大業街８３號","pay_list":null,"pay_tool":null,"行業代號":"561200","行業代號1":"563200","名稱1":"調理飲料攤販","行業代號2":"","名稱2":"","行業代號3":"","名稱3":""},{"index":163,"id":60100426,"user":"黃海惟","shop":"磨實生活工作室","category":["夜市/市場攤販"],"zone":"桃竹苗","city":"苗栗縣","area":"竹南鎮","market_name":["餐食攤販"],"market_address":"苗栗縣竹南鎮營盤里０２３鄰延平路７７號","pay_list":null,"pay_tool":null,"行業代號":"561200","行業代號1":"","名稱1":"","行業代號2":"","名稱2":"","行業代號3":"","名稱3":""},{"index":164,"id":60125721,"user":"湯意美","shop":"安心飲食店","category":["夜市/市場攤販"],"zone":"桃竹苗","city":"苗栗縣","area":"竹南鎮","market_name":["調理飲料攤販"],"market_address":"苗栗縣竹南鎮山佳里４鄰光復路５１２號１樓","pay_list":null,"pay_tool":null,"行業代號":"563200","行業代號1":"","名稱1":"","行業代號2":"","名稱2":"","行業代號3":"","名稱3":""}]