[{"index":1,"id":30054883,"category":"夜市小吃/市場","city":"臺北市","area":"北投區","market_name":"北投市場","market_address":"臺北市北投區新市街30號","shop":"北投市場 0026","pay_list":["LINE Pay Money"],"zone":"北北基","user":"吳文伶","pay_tool":["行動支付"]},{"index":2,"id":30054989,"category":"夜市小吃/市場","city":"臺北市","area":"北投區","market_name":"北投市場","market_address":"臺北市北投區新市街30號","shop":"北投市場 0126","pay_list":["LINE Pay Money"],"zone":"北北基","user":"陳振豐","pay_tool":["行動支付"]},{"index":3,"id":30055041,"category":"夜市小吃/市場","city":"臺北市","area":"北投區","market_name":"北投市場","market_address":"臺北市北投區新市街30號","shop":"北投市場 0173","pay_list":["LINE Pay Money"],"zone":"北北基","user":"陳麗君","pay_tool":["行動支付"]},{"index":4,"id":30055250,"category":"夜市小吃/市場","city":"臺北市","area":"北投區","market_name":"北投市場","market_address":"臺北市北投區新市街30號","shop":"北投市場 0396","pay_list":["LINE Pay Money"],"zone":"北北基","user":"陳淑娟","pay_tool":["行動支付"]},{"index":5,"id":30055252,"category":"夜市小吃/市場","city":"臺北市","area":"北投區","market_name":"北投市場","market_address":"臺北市北投區新市街30號","shop":"北投市場 0399","pay_list":["LINE Pay Money"],"zone":"北北基","user":"傅鴻隆","pay_tool":["行動支付"]},{"index":6,"id":30055260,"category":"夜市小吃/市場","city":"臺北市","area":"北投區","market_name":"北投市場","market_address":"臺北市北投區新市街30號","shop":"北投市場 0410","pay_list":["LINE Pay Money"],"zone":"北北基","user":"陳麗卿","pay_tool":["行動支付"]},{"index":7,"id":30055261,"category":"夜市小吃/市場","city":"臺北市","area":"北投區","market_name":"北投市場","market_address":"臺北市北投區新市街30號","shop":"北投市場 0411","pay_list":["LINE Pay Money"],"zone":"北北基","user":"謝遜彬","pay_tool":["行動支付"]},{"index":8,"id":30055262,"category":"夜市小吃/市場","city":"臺北市","area":"北投區","market_name":"北投市場","market_address":"臺北市北投區新市街30號","shop":"北投市場 0412","pay_list":["LINE Pay Money"],"zone":"北北基","user":"黃金蘭","pay_tool":["行動支付"]},{"index":9,"id":30055263,"category":"夜市小吃/市場","city":"臺北市","area":"北投區","market_name":"北投市場","market_address":"臺北市北投區新市街30號","shop":"北投市場 0413","pay_list":["LINE Pay Money"],"zone":"北北基","user":"王翊承","pay_tool":["行動支付"]},{"index":10,"id":30055270,"category":"夜市小吃/市場","city":"臺北市","area":"北投區","market_name":"北投市場","market_address":"臺北市北投區新市街30號","shop":"北投市場 0421","pay_list":["LINE Pay Money"],"zone":"北北基","user":"吳慧心","pay_tool":["行動支付"]},{"index":11,"id":30055271,"category":"夜市小吃/市場","city":"臺北市","area":"北投區","market_name":"北投市場","market_address":"臺北市北投區新市街30號","shop":"北投市場 0424","pay_list":["LINE Pay Money"],"zone":"北北基","user":"王誌宏","pay_tool":["行動支付"]},{"index":12,"id":30055273,"category":"夜市小吃/市場","city":"臺北市","area":"北投區","market_name":"北投市場","market_address":"臺北市北投區新市街30號","shop":"北投市場 0426","pay_list":["LINE Pay Money"],"zone":"北北基","user":"王志旭","pay_tool":["行動支付"]},{"index":13,"id":30055285,"category":"夜市小吃/市場","city":"臺北市","area":"北投區","market_name":"北投市場","market_address":"臺北市北投區新市街30號","shop":"北投市場 0437","pay_list":["LINE Pay Money"],"zone":"北北基","user":"張書維","pay_tool":["行動支付"]},{"index":14,"id":30055286,"category":"夜市小吃/市場","city":"臺北市","area":"北投區","market_name":"北投市場","market_address":"臺北市北投區新市街30號","shop":"北投市場 0438","pay_list":["LINE Pay Money"],"zone":"北北基","user":"羅浩如","pay_tool":["行動支付"]},{"index":15,"id":30055287,"category":"夜市小吃/市場","city":"臺北市","area":"北投區","market_name":"北投市場","market_address":"臺北市北投區新市街30號","shop":"北投市場 0439","pay_list":["LINE Pay Money"],"zone":"北北基","user":"羅月珊","pay_tool":["行動支付"]},{"index":16,"id":30055289,"category":"夜市小吃/市場","city":"臺北市","area":"北投區","market_name":"北投市場","market_address":"臺北市北投區新市街30號","shop":"北投市場 0441","pay_list":["LINE Pay Money"],"zone":"北北基","user":"羅志仁","pay_tool":["行動支付"]},{"index":17,"id":30055291,"category":"夜市小吃/市場","city":"臺北市","area":"北投區","market_name":"北投市場","market_address":"臺北市北投區新市街30號","shop":"北投市場 0442","pay_list":["LINE Pay Money"],"zone":"北北基","user":"夏杰瑞","pay_tool":["行動支付"]},{"index":18,"id":30055296,"category":"夜市小吃/市場","city":"臺北市","area":"北投區","market_name":"北投市場","market_address":"臺北市北投區新市街30號","shop":"北投市場 0448","pay_list":["LINE Pay Money"],"zone":"北北基","user":"李國順","pay_tool":["行動支付"]},{"index":19,"id":30055297,"category":"夜市小吃/市場","city":"臺北市","area":"北投區","market_name":"北投市場","market_address":"臺北市北投區新市街30號","shop":"北投市場 0449","pay_list":["LINE Pay Money"],"zone":"北北基","user":"吳芊慧","pay_tool":["行動支付"]},{"index":20,"id":30055298,"category":"夜市小吃/市場","city":"臺北市","area":"北投區","market_name":"北投市場","market_address":"臺北市北投區新市街30號","shop":"北投市場 0450","pay_list":["LINE Pay Money"],"zone":"北北基","user":"施冠莓","pay_tool":["行動支付"]},{"index":21,"id":30055299,"category":"夜市小吃/市場","city":"臺北市","area":"北投區","market_name":"北投市場","market_address":"臺北市北投區新市街30號","shop":"北投市場 0451","pay_list":["LINE Pay Money"],"zone":"北北基","user":"陳美萍","pay_tool":["行動支付"]},{"index":22,"id":30055307,"category":"夜市小吃/市場","city":"臺北市","area":"北投區","market_name":"北投市場","market_address":"臺北市北投區新市街30號","shop":"北投市場 0457","pay_list":["LINE Pay Money"],"zone":"北北基","user":"黃文聰","pay_tool":["行動支付"]},{"index":23,"id":30055310,"category":"夜市小吃/市場","city":"臺北市","area":"北投區","market_name":"北投市場","market_address":"臺北市北投區新市街30號","shop":"北投市場 0459","pay_list":["LINE Pay Money"],"zone":"北北基","user":"蔡建昌","pay_tool":["行動支付"]},{"index":24,"id":30055321,"category":"夜市小吃/市場","city":"臺北市","area":"北投區","market_name":"北投市場","market_address":"臺北市北投區新市街30號","shop":"北投市場 0470","pay_list":["LINE Pay Money"],"zone":"北北基","user":"傅宏仁","pay_tool":["行動支付"]},{"index":25,"id":30055322,"category":"夜市小吃/市場","city":"臺北市","area":"北投區","market_name":"北投市場","market_address":"臺北市北投區新市街30號","shop":"北投市場 0471","pay_list":["LINE Pay Money"],"zone":"北北基","user":"盧梅蘭","pay_tool":["行動支付"]},{"index":26,"id":30055323,"category":"夜市小吃/市場","city":"臺北市","area":"北投區","market_name":"北投市場","market_address":"臺北市北投區新市街30號","shop":"北投市場 0474","pay_list":["LINE Pay Money"],"zone":"北北基","user":"李佳萍","pay_tool":["行動支付"]},{"index":27,"id":30055327,"category":"夜市小吃/市場","city":"臺北市","area":"北投區","market_name":"北投市場","market_address":"臺北市北投區新市街30號","shop":"北投市場 0478","pay_list":["LINE Pay Money"],"zone":"北北基","user":"郭勁旻","pay_tool":["行動支付"]},{"index":28,"id":30055329,"category":"夜市小吃/市場","city":"臺北市","area":"北投區","market_name":"北投市場","market_address":"臺北市北投區新市街30號","shop":"北投市場 0480","pay_list":["LINE Pay Money"],"zone":"北北基","user":"呂佳諺","pay_tool":["行動支付"]},{"index":29,"id":30055333,"category":"夜市小吃/市場","city":"臺北市","area":"北投區","market_name":"北投市場","market_address":"臺北市北投區新市街30號","shop":"北投市場 0485","pay_list":["台灣 PAY"],"zone":"北北基","user":"黃偉倫","pay_tool":["行動支付"]},{"index":30,"id":30055342,"category":"夜市小吃/市場","city":"臺北市","area":"北投區","market_name":"北投市場","market_address":"臺北市北投區新市街30號","shop":"北投市場 0493","pay_list":["LINE Pay Money"],"zone":"北北基","user":"林慧貞","pay_tool":["行動支付"]},{"index":31,"id":30055351,"category":"夜市小吃/市場","city":"臺北市","area":"北投區","market_name":"北投市場","market_address":"臺北市北投區新市街30號","shop":"北投市場 0501","pay_list":["LINE Pay Money"],"zone":"北北基","user":"李惠卿","pay_tool":["行動支付"]},{"index":32,"id":30055352,"category":"夜市小吃/市場","city":"臺北市","area":"北投區","market_name":"北投市場","market_address":"臺北市北投區新市街30號","shop":"北投市場 0502","pay_list":["LINE Pay Money"],"zone":"北北基","user":"林義春","pay_tool":["行動支付"]},{"index":33,"id":30055353,"category":"夜市小吃/市場","city":"臺北市","area":"北投區","market_name":"北投市場","market_address":"臺北市北投區新市街30號","shop":"北投市場 0503","pay_list":["LINE Pay Money"],"zone":"北北基","user":"謝雅民","pay_tool":["行動支付"]},{"index":34,"id":30055355,"category":"夜市小吃/市場","city":"臺北市","area":"北投區","market_name":"北投市場","market_address":"臺北市北投區新市街30號","shop":"北投市場 0505","pay_list":["LINE Pay Money"],"zone":"北北基","user":"黃火明","pay_tool":["行動支付"]},{"index":35,"id":30055358,"category":"夜市小吃/市場","city":"臺北市","area":"北投區","market_name":"北投市場","market_address":"臺北市北投區新市街30號","shop":"北投市場 0509","pay_list":["LINE Pay Money"],"zone":"北北基","user":"黃鴻棋","pay_tool":["行動支付"]},{"index":36,"id":30055366,"category":"夜市小吃/市場","city":"臺北市","area":"北投區","market_name":"北投市場","market_address":"臺北市北投區新市街30號","shop":"北投市場 0517","pay_list":["LINE Pay Money"],"zone":"北北基","user":"陳昆松","pay_tool":["行動支付"]},{"index":37,"id":30055367,"category":"夜市小吃/市場","city":"臺北市","area":"北投區","market_name":"北投市場","market_address":"臺北市北投區新市街30號","shop":"北投市場 0518","pay_list":["LINE Pay Money"],"zone":"北北基","user":"陳東瑋","pay_tool":["行動支付"]},{"index":38,"id":30055369,"category":"夜市小吃/市場","city":"臺北市","area":"北投區","market_name":"北投市場","market_address":"臺北市北投區新市街30號","shop":"北投市場 0519","pay_list":["LINE Pay Money"],"zone":"北北基","user":"陳夏玉琴","pay_tool":["行動支付"]},{"index":39,"id":30055372,"category":"夜市小吃/市場","city":"臺北市","area":"北投區","market_name":"北投市場","market_address":"臺北市北投區新市街30號","shop":"北投市場 0522","pay_list":["LINE Pay Money"],"zone":"北北基","user":"彭長宏","pay_tool":["行動支付"]},{"index":40,"id":30055408,"category":"夜市小吃/市場","city":"臺北市","area":"北投區","market_name":"北投市場","market_address":"臺北市北投區新市街30號","shop":"北投市場 0566","pay_list":["LINE Pay Money"],"zone":"北北基","user":"陳義進","pay_tool":["行動支付"]},{"index":41,"id":30055436,"category":"夜市小吃/市場","city":"臺北市","area":"北投區","market_name":"北投市場","market_address":"臺北市北投區新市街30號","shop":"北投市場 0612","pay_list":["LINE Pay Money"],"zone":"北北基","user":"許振明","pay_tool":["行動支付"]},{"index":42,"id":30055528,"category":"夜市小吃/市場","city":"臺北市","area":"北投區","market_name":"尊賢街攤販聚集區(金龍市場)","market_address":"臺北市北投區吉利街142巷與尊賢街218巷25弄、230巷","shop":"尊賢街攤販聚集區(金龍市場) Wens&1974k","pay_list":["台灣 PAY"],"zone":"北北基","user":"徐鳳琴","pay_tool":["行動支付"]},{"index":43,"id":30055638,"category":"夜市小吃/市場","city":"臺北市","area":"北投區","market_name":"新北投攤販集中場","market_address":"臺北市北投區復興四路8巷及中和街320巷","shop":"新北投攤販集中場 陳淑娟","pay_list":["LINE Pay Money"],"zone":"北北基","user":"陳淑娟","pay_tool":["行動支付"]}]