[{"index":1,"id":30004202,"category":"夜市小吃/市場","city":"高雄市","area":"三民區","market_name":"三民第一公有零售市場","market_address":"高雄市三民區鳳南里中華三路285-39號","shop":"三民第一公有零售市場 戊字11號","pay_list":["台灣 PAY"],"zone":"高屏","user":"何建賢","pay_tool":["行動支付"]},{"index":2,"id":30004283,"category":"夜市小吃/市場","city":"高雄市","area":"三民區","market_name":"三民第二公有零售市場","market_address":"高雄市三民區建工路852巷26-1號","shop":"三民第二公有零售市場 丁字2號","pay_list":["台灣 PAY"],"zone":"高屏","user":"李鄭淑珍","pay_tool":["行動支付"]},{"index":3,"id":30004420,"category":"夜市小吃/市場","city":"高雄市","area":"三民區","market_name":"吉林夜市美食街攤販臨時集中場","market_address":"高雄市三民區吉林街(十全一路及熱河一街之間)","shop":"吉林夜市美食街攤販臨時集中場 菇爹杏包菇炸土司","pay_list":["LINE Pay Money"],"zone":"高屏","user":"林淑慧","pay_tool":["行動支付"]},{"index":4,"id":30004423,"category":"夜市小吃/市場","city":"高雄市","area":"三民區","market_name":"吉林夜市美食街攤販臨時集中場","market_address":"高雄市三民區吉林街(十全一路及熱河一街之間)","shop":"吉林夜市美食街攤販臨時集中場 龍鳳麻辣燙","pay_list":["LINE Pay Money"],"zone":"高屏","user":"許真蓉","pay_tool":["行動支付"]},{"index":5,"id":30004424,"category":"夜市小吃/市場","city":"高雄市","area":"三民區","market_name":"吉林夜市美食街攤販臨時集中場","market_address":"高雄市三民區吉林街(十全一路及熱河一街之間)","shop":"吉林夜市美食街攤販臨時集中場 亞舍紅茶冰","pay_list":["LINE Pay Money"],"zone":"高屏","user":"蘇昭元","pay_tool":["行動支付"]},{"index":6,"id":30004440,"category":"夜市小吃/市場","city":"高雄市","area":"三民區","market_name":"吉林夜市美食街攤販臨時集中場","market_address":"高雄市三民區吉林街(十全一路及熱河一街之間)","shop":"吉林夜市美食街攤販臨時集中場 小雨點八寶冰","pay_list":["LINE Pay Money"],"zone":"高屏","user":"梁耿逢","pay_tool":["行動支付"]},{"index":7,"id":30004449,"category":"夜市小吃/市場","city":"高雄市","area":"三民區","market_name":"吉林夜市美食街攤販臨時集中場","market_address":"高雄市三民區吉林街(十全一路及熱河一街之間)","shop":"吉林夜市美食街攤販臨時集中場 李桑香菇肉燥飯","pay_list":["LINE Pay Money"],"zone":"高屏","user":"林欣慧","pay_tool":["行動支付"]},{"index":8,"id":30004465,"category":"夜市小吃/市場","city":"高雄市","area":"三民區","market_name":"吉林夜市美食街攤販臨時集中場","market_address":"高雄市三民區吉林街(十全一路及熱河一街之間)","shop":"吉林夜市美食街攤販臨時集中場 好了啦飲品","pay_list":["LINE Pay Money"],"zone":"高屏","user":"許筱鈴","pay_tool":["行動支付"]},{"index":9,"id":30004467,"category":"夜市小吃/市場","city":"高雄市","area":"三民區","market_name":"吉林夜市美食街攤販臨時集中場","market_address":"高雄市三民區吉林街(十全一路及熱河一街之間)","shop":"吉林夜市美食街攤販臨時集中場 阿布拉紅茶","pay_list":["LINE Pay Money"],"zone":"高屏","user":"黃光廷","pay_tool":["行動支付"]},{"index":10,"id":30004468,"category":"夜市小吃/市場","city":"高雄市","area":"三民區","market_name":"吉林夜市美食街攤販臨時集中場","market_address":"高雄市三民區吉林街(十全一路及熱河一街之間)","shop":"吉林夜市美食街攤販臨時集中場 真口味?水G","pay_list":["LINE Pay Money"],"zone":"高屏","user":"許家渝","pay_tool":["行動支付"]},{"index":11,"id":30004469,"category":"夜市小吃/市場","city":"高雄市","area":"三民區","market_name":"吉林夜市美食街攤販臨時集中場","market_address":"高雄市三民區吉林街(十全一路及熱河一街之間)","shop":"吉林夜市美食街攤販臨時集中場 社頭甘草巴樂","pay_list":["LINE Pay Money"],"zone":"高屏","user":"林祐如","pay_tool":["行動支付"]},{"index":12,"id":30004473,"category":"夜市小吃/市場","city":"高雄市","area":"三民區","market_name":"吉林夜市美食街攤販臨時集中場","market_address":"高雄市三民區吉林街(十全一路及熱河一街之間)","shop":"吉林夜市美食街攤販臨時集中場 艋舺G排","pay_list":["LINE Pay Money"],"zone":"高屏","user":"李柔瑩","pay_tool":["行動支付"]},{"index":13,"id":30004474,"category":"夜市小吃/市場","city":"高雄市","area":"三民區","market_name":"吉林夜市美食街攤販臨時集中場","market_address":"高雄市三民區吉林街(十全一路及熱河一街之間)","shop":"吉林夜市美食街攤販臨時集中場 赤古紅茶冰","pay_list":["LINE Pay Money"],"zone":"高屏","user":"鄭英甫","pay_tool":["行動支付"]},{"index":14,"id":30004481,"category":"夜市小吃/市場","city":"高雄市","area":"三民區","market_name":"喜峰街攤販臨時集中場","market_address":"高雄市三民區喜峰街（哈爾濱街至嫩江街）","shop":"喜峰街攤販臨時集中場 排骨酥","pay_list":["街口支付","LINE Pay Money"],"zone":"高屏","user":"張萬恒","pay_tool":["行動支付"]},{"index":15,"id":30004483,"category":"夜市小吃/市場","city":"高雄市","area":"三民區","market_name":"喜峰街攤販臨時集中場","market_address":"高雄市三民區喜峰街（哈爾濱街至嫩江街）","shop":"喜峰街攤販臨時集中場 鱔魚麵","pay_list":["街口支付"],"zone":"高屏","user":"黃慶文","pay_tool":["行動支付"]},{"index":16,"id":30004484,"category":"夜市小吃/市場","city":"高雄市","area":"三民區","market_name":"喜峰街攤販臨時集中場","market_address":"高雄市三民區喜峰街（哈爾濱街至嫩江街）","shop":"喜峰街攤販臨時集中場 臭豆腐","pay_list":["LINE Pay Money"],"zone":"高屏","user":"吳念邦","pay_tool":["行動支付"]},{"index":17,"id":30004485,"category":"夜市小吃/市場","city":"高雄市","area":"三民區","market_name":"喜峰街攤販臨時集中場","market_address":"高雄市三民區喜峰街（哈爾濱街至嫩江街）","shop":"喜峰街攤販臨時集中場 雜菜","pay_list":["LINE Pay Money"],"zone":"高屏","user":"孫啟哲","pay_tool":["行動支付"]},{"index":18,"id":30004486,"category":"夜市小吃/市場","city":"高雄市","area":"三民區","market_name":"喜峰街攤販臨時集中場","market_address":"高雄市三民區喜峰街（哈爾濱街至嫩江街）","shop":"喜峰街攤販臨時集中場 雜菜湯","pay_list":["LINE Pay Money"],"zone":"高屏","user":"呂甲乙","pay_tool":["行動支付"]},{"index":19,"id":30004497,"category":"夜市小吃/市場","city":"高雄市","area":"三民區","market_name":"喜峰街攤販臨時集中場","market_address":"高雄市三民區喜峰街（哈爾濱街至嫩江街）","shop":"喜峰街攤販臨時集中場 麵食","pay_list":["LINE Pay Money"],"zone":"高屏","user":"許智傑","pay_tool":["行動支付"]},{"index":20,"id":30004500,"category":"夜市小吃/市場","city":"高雄市","area":"三民區","market_name":"喜峰街攤販臨時集中場","market_address":"高雄市三民區喜峰街（哈爾濱街至嫩江街）","shop":"喜峰街攤販臨時集中場 雞排","pay_list":["街口支付","LINE Pay Money"],"zone":"高屏","user":"李明翰","pay_tool":["行動支付"]}]