[{"index":1,"shop":"第一公有零售市場-蔡承利","zone":"雲嘉南","city":"雲林縣","area":"虎尾鎮","market_address":"雲林縣虎尾鎮中正路58號","user":"蔡承利","行業代號":null,"market_name":"第一公有零售市場","行業代號1":null,"名稱1":null,"行業代號2":null,"名稱2":null,"行業代號3":null,"名稱3":null,"category":"夜市/市場攤販","id":10004427,"pay_list":"","pay_tool":""},{"index":2,"shop":"第一公有零售市場-吳麗淑","zone":"雲嘉南","city":"雲林縣","area":"虎尾鎮","market_address":"雲林縣虎尾鎮中正路58號","user":"吳麗淑","行業代號":null,"market_name":"第一公有零售市場","行業代號1":null,"名稱1":null,"行業代號2":null,"名稱2":null,"行業代號3":null,"名稱3":null,"category":"夜市/市場攤販","id":10004428,"pay_list":"","pay_tool":""},{"index":3,"shop":"第一公有零售市場-許廖美珠","zone":"雲嘉南","city":"雲林縣","area":"虎尾鎮","market_address":"雲林縣虎尾鎮中正路58號","user":"許廖美珠","行業代號":null,"market_name":"第一公有零售市場","行業代號1":null,"名稱1":null,"行業代號2":null,"名稱2":null,"行業代號3":null,"名稱3":null,"category":"夜市/市場攤販","id":10004429,"pay_list":"","pay_tool":""},{"index":4,"shop":"第一公有零售市場-張庭溱","zone":"雲嘉南","city":"雲林縣","area":"虎尾鎮","market_address":"雲林縣虎尾鎮中正路58號","user":"張庭溱","行業代號":null,"market_name":"第一公有零售市場","行業代號1":null,"名稱1":null,"行業代號2":null,"名稱2":null,"行業代號3":null,"名稱3":null,"category":"夜市/市場攤販","id":10004430,"pay_list":"","pay_tool":""},{"index":5,"shop":"第一公有零售市場-陳明杰","zone":"雲嘉南","city":"雲林縣","area":"虎尾鎮","market_address":"雲林縣虎尾鎮中正路58號","user":"陳明杰","行業代號":null,"market_name":"第一公有零售市場","行業代號1":null,"名稱1":null,"行業代號2":null,"名稱2":null,"行業代號3":null,"名稱3":null,"category":"夜市/市場攤販","id":10004431,"pay_list":"","pay_tool":""},{"index":6,"shop":"第一公有零售市場-王元河","zone":"雲嘉南","city":"雲林縣","area":"虎尾鎮","market_address":"雲林縣虎尾鎮中正路58號","user":"王元河","行業代號":null,"market_name":"第一公有零售市場","行業代號1":null,"名稱1":null,"行業代號2":null,"名稱2":null,"行業代號3":null,"名稱3":null,"category":"夜市/市場攤販","id":10004432,"pay_list":"","pay_tool":""},{"index":7,"shop":"第一公有零售市場-張主立","zone":"雲嘉南","city":"雲林縣","area":"虎尾鎮","market_address":"雲林縣虎尾鎮中正路58號","user":"張主立","行業代號":null,"market_name":"第一公有零售市場","行業代號1":null,"名稱1":null,"行業代號2":null,"名稱2":null,"行業代號3":null,"名稱3":null,"category":"夜市/市場攤販","id":10004433,"pay_list":"","pay_tool":""},{"index":8,"shop":"第一公有零售市場-楊景麟","zone":"雲嘉南","city":"雲林縣","area":"虎尾鎮","market_address":"雲林縣虎尾鎮中正路58號","user":"楊景麟","行業代號":null,"market_name":"第一公有零售市場","行業代號1":null,"名稱1":null,"行業代號2":null,"名稱2":null,"行業代號3":null,"名稱3":null,"category":"夜市/市場攤販","id":10004434,"pay_list":"","pay_tool":""},{"index":9,"shop":"第一公有零售市場-黃煌昇","zone":"雲嘉南","city":"雲林縣","area":"虎尾鎮","market_address":"雲林縣虎尾鎮中正路58號","user":"黃煌昇","行業代號":null,"market_name":"第一公有零售市場","行業代號1":null,"名稱1":null,"行業代號2":null,"名稱2":null,"行業代號3":null,"名稱3":null,"category":"夜市/市場攤販","id":10004435,"pay_list":"","pay_tool":""},{"index":10,"shop":"第一公有零售市場-李清松","zone":"雲嘉南","city":"雲林縣","area":"虎尾鎮","market_address":"雲林縣虎尾鎮中正路58號","user":"李清松","行業代號":null,"market_name":"第一公有零售市場","行業代號1":null,"名稱1":null,"行業代號2":null,"名稱2":null,"行業代號3":null,"名稱3":null,"category":"夜市/市場攤販","id":10004436,"pay_list":"","pay_tool":""},{"index":11,"shop":"第一公有零售市場-廖科憲","zone":"雲嘉南","city":"雲林縣","area":"虎尾鎮","market_address":"雲林縣虎尾鎮中正路58號","user":"廖科憲","行業代號":null,"market_name":"第一公有零售市場","行業代號1":null,"名稱1":null,"行業代號2":null,"名稱2":null,"行業代號3":null,"名稱3":null,"category":"夜市/市場攤販","id":10004438,"pay_list":"","pay_tool":""},{"index":12,"shop":"第一公有零售市場-廖軍憲","zone":"雲嘉南","city":"雲林縣","area":"虎尾鎮","market_address":"雲林縣虎尾鎮中正路58號","user":"廖軍憲","行業代號":null,"market_name":"第一公有零售市場","行業代號1":null,"名稱1":null,"行業代號2":null,"名稱2":null,"行業代號3":null,"名稱3":null,"category":"夜市/市場攤販","id":10004439,"pay_list":"","pay_tool":""},{"index":13,"shop":"第一公有零售市場-林其南","zone":"雲嘉南","city":"雲林縣","area":"虎尾鎮","market_address":"雲林縣虎尾鎮中正路58號","user":"林其南","行業代號":null,"market_name":"第一公有零售市場","行業代號1":null,"名稱1":null,"行業代號2":null,"名稱2":null,"行業代號3":null,"名稱3":null,"category":"夜市/市場攤販","id":10004440,"pay_list":"","pay_tool":""},{"index":14,"shop":"第一公有零售市場-蘇秋菊","zone":"雲嘉南","city":"雲林縣","area":"虎尾鎮","market_address":"雲林縣虎尾鎮中正路58號","user":"蘇秋菊","行業代號":null,"market_name":"第一公有零售市場","行業代號1":null,"名稱1":null,"行業代號2":null,"名稱2":null,"行業代號3":null,"名稱3":null,"category":"夜市/市場攤販","id":10004441,"pay_list":"","pay_tool":""},{"index":15,"shop":"第一公有零售市場-王百祿","zone":"雲嘉南","city":"雲林縣","area":"虎尾鎮","market_address":"雲林縣虎尾鎮中正路58號","user":"王百祿","行業代號":null,"market_name":"第一公有零售市場","行業代號1":null,"名稱1":null,"行業代號2":null,"名稱2":null,"行業代號3":null,"名稱3":null,"category":"夜市/市場攤販","id":10004442,"pay_list":"","pay_tool":""},{"index":16,"shop":"第一公有零售市場-陳震達","zone":"雲嘉南","city":"雲林縣","area":"虎尾鎮","market_address":"雲林縣虎尾鎮中正路58號","user":"陳震達","行業代號":null,"market_name":"第一公有零售市場","行業代號1":null,"名稱1":null,"行業代號2":null,"名稱2":null,"行業代號3":null,"名稱3":null,"category":"夜市/市場攤販","id":10004443,"pay_list":"","pay_tool":""},{"index":17,"shop":"第一公有零售市場-王文揚","zone":"雲嘉南","city":"雲林縣","area":"虎尾鎮","market_address":"雲林縣虎尾鎮中正路58號","user":"王文揚","行業代號":null,"market_name":"第一公有零售市場","行業代號1":null,"名稱1":null,"行業代號2":null,"名稱2":null,"行業代號3":null,"名稱3":null,"category":"夜市/市場攤販","id":10004444,"pay_list":"","pay_tool":""},{"index":18,"shop":"第一公有零售市場-張沈彩霞","zone":"雲嘉南","city":"雲林縣","area":"虎尾鎮","market_address":"雲林縣虎尾鎮中正路58號","user":"張沈彩霞","行業代號":null,"market_name":"第一公有零售市場","行業代號1":null,"名稱1":null,"行業代號2":null,"名稱2":null,"行業代號3":null,"名稱3":null,"category":"夜市/市場攤販","id":10004445,"pay_list":"","pay_tool":""},{"index":19,"shop":"第一公有零售市場-蔡秋霞","zone":"雲嘉南","city":"雲林縣","area":"虎尾鎮","market_address":"雲林縣虎尾鎮中正路58號","user":"蔡秋霞","行業代號":null,"market_name":"第一公有零售市場","行業代號1":null,"名稱1":null,"行業代號2":null,"名稱2":null,"行業代號3":null,"名稱3":null,"category":"夜市/市場攤販","id":10004446,"pay_list":"","pay_tool":""},{"index":20,"shop":"第一公有零售市場-李陳梅","zone":"雲嘉南","city":"雲林縣","area":"虎尾鎮","market_address":"雲林縣虎尾鎮中正路58號","user":"李陳梅","行業代號":null,"market_name":"第一公有零售市場","行業代號1":null,"名稱1":null,"行業代號2":null,"名稱2":null,"行業代號3":null,"名稱3":null,"category":"夜市/市場攤販","id":10004447,"pay_list":"","pay_tool":""},{"index":21,"shop":"第一公有零售市場-吳玉麵","zone":"雲嘉南","city":"雲林縣","area":"虎尾鎮","market_address":"雲林縣虎尾鎮中正路58號","user":"吳玉麵","行業代號":null,"market_name":"第一公有零售市場","行業代號1":null,"名稱1":null,"行業代號2":null,"名稱2":null,"行業代號3":null,"名稱3":null,"category":"夜市/市場攤販","id":10004449,"pay_list":"","pay_tool":""},{"index":22,"shop":"第一公有零售市場-徐鴻恩","zone":"雲嘉南","city":"雲林縣","area":"虎尾鎮","market_address":"雲林縣虎尾鎮中正路58號","user":"徐鴻恩","行業代號":null,"market_name":"第一公有零售市場","行業代號1":null,"名稱1":null,"行業代號2":null,"名稱2":null,"行業代號3":null,"名稱3":null,"category":"夜市/市場攤販","id":10004450,"pay_list":"","pay_tool":""},{"index":23,"shop":"第一公有零售市場-徐揚道","zone":"雲嘉南","city":"雲林縣","area":"虎尾鎮","market_address":"雲林縣虎尾鎮中正路58號","user":"徐揚道","行業代號":null,"market_name":"第一公有零售市場","行業代號1":null,"名稱1":null,"行業代號2":null,"名稱2":null,"行業代號3":null,"名稱3":null,"category":"夜市/市場攤販","id":10004451,"pay_list":"","pay_tool":""},{"index":24,"shop":"第一公有零售市場-李健治","zone":"雲嘉南","city":"雲林縣","area":"虎尾鎮","market_address":"雲林縣虎尾鎮中正路58號","user":"李健治","行業代號":null,"market_name":"第一公有零售市場","行業代號1":null,"名稱1":null,"行業代號2":null,"名稱2":null,"行業代號3":null,"名稱3":null,"category":"夜市/市場攤販","id":10004452,"pay_list":"","pay_tool":""},{"index":25,"shop":"第一公有零售市場-張植凱","zone":"雲嘉南","city":"雲林縣","area":"虎尾鎮","market_address":"雲林縣虎尾鎮中正路58號","user":"張植凱","行業代號":null,"market_name":"第一公有零售市場","行業代號1":null,"名稱1":null,"行業代號2":null,"名稱2":null,"行業代號3":null,"名稱3":null,"category":"夜市/市場攤販","id":10004453,"pay_list":"","pay_tool":""},{"index":26,"shop":"第一公有零售市場-李澄和","zone":"雲嘉南","city":"雲林縣","area":"虎尾鎮","market_address":"雲林縣虎尾鎮中正路58號","user":"李澄和","行業代號":null,"market_name":"第一公有零售市場","行業代號1":null,"名稱1":null,"行業代號2":null,"名稱2":null,"行業代號3":null,"名稱3":null,"category":"夜市/市場攤販","id":10004454,"pay_list":"","pay_tool":""},{"index":27,"shop":"第一公有零售市場-廖金媛","zone":"雲嘉南","city":"雲林縣","area":"虎尾鎮","market_address":"雲林縣虎尾鎮中正路58號","user":"廖金媛","行業代號":null,"market_name":"第一公有零售市場","行業代號1":null,"名稱1":null,"行業代號2":null,"名稱2":null,"行業代號3":null,"名稱3":null,"category":"夜市/市場攤販","id":10004455,"pay_list":"","pay_tool":""},{"index":28,"shop":"第一公有零售市場-羅鈴娟","zone":"雲嘉南","city":"雲林縣","area":"虎尾鎮","market_address":"雲林縣虎尾鎮中正路58號","user":"羅鈴娟","行業代號":null,"market_name":"第一公有零售市場","行業代號1":null,"名稱1":null,"行業代號2":null,"名稱2":null,"行業代號3":null,"名稱3":null,"category":"夜市/市場攤販","id":10004456,"pay_list":"","pay_tool":""},{"index":29,"shop":"第一公有零售市場-吳朝武","zone":"雲嘉南","city":"雲林縣","area":"虎尾鎮","market_address":"雲林縣虎尾鎮中正路58號","user":"吳朝武","行業代號":null,"market_name":"第一公有零售市場","行業代號1":null,"名稱1":null,"行業代號2":null,"名稱2":null,"行業代號3":null,"名稱3":null,"category":"夜市/市場攤販","id":10004457,"pay_list":"","pay_tool":""},{"index":30,"shop":"第一公有零售市場-陳招明","zone":"雲嘉南","city":"雲林縣","area":"虎尾鎮","market_address":"雲林縣虎尾鎮中正路58號","user":"陳招明","行業代號":null,"market_name":"第一公有零售市場","行業代號1":null,"名稱1":null,"行業代號2":null,"名稱2":null,"行業代號3":null,"名稱3":null,"category":"夜市/市場攤販","id":10004458,"pay_list":"","pay_tool":""},{"index":31,"shop":"第一公有零售市場-林志鴻","zone":"雲嘉南","city":"雲林縣","area":"虎尾鎮","market_address":"雲林縣虎尾鎮中正路58號","user":"林志鴻","行業代號":null,"market_name":"第一公有零售市場","行業代號1":null,"名稱1":null,"行業代號2":null,"名稱2":null,"行業代號3":null,"名稱3":null,"category":"夜市/市場攤販","id":10004460,"pay_list":"","pay_tool":""},{"index":32,"shop":"第一公有零售市場-張銘助","zone":"雲嘉南","city":"雲林縣","area":"虎尾鎮","market_address":"雲林縣虎尾鎮中正路58號","user":"張銘助","行業代號":null,"market_name":"第一公有零售市場","行業代號1":null,"名稱1":null,"行業代號2":null,"名稱2":null,"行業代號3":null,"名稱3":null,"category":"夜市/市場攤販","id":10004461,"pay_list":"","pay_tool":""},{"index":33,"shop":"第一公有零售市場-洪聖容","zone":"雲嘉南","city":"雲林縣","area":"虎尾鎮","market_address":"雲林縣虎尾鎮中正路58號","user":"洪聖容","行業代號":null,"market_name":"第一公有零售市場","行業代號1":null,"名稱1":null,"行業代號2":null,"名稱2":null,"行業代號3":null,"名稱3":null,"category":"夜市/市場攤販","id":10004462,"pay_list":"","pay_tool":""},{"index":34,"shop":"第一公有零售市場-林秋蘭","zone":"雲嘉南","city":"雲林縣","area":"虎尾鎮","market_address":"雲林縣虎尾鎮中正路58號","user":"林秋蘭","行業代號":null,"market_name":"第一公有零售市場","行業代號1":null,"名稱1":null,"行業代號2":null,"名稱2":null,"行業代號3":null,"名稱3":null,"category":"夜市/市場攤販","id":10004463,"pay_list":"","pay_tool":""},{"index":35,"shop":"第一公有零售市場-楊朝輝","zone":"雲嘉南","city":"雲林縣","area":"虎尾鎮","market_address":"雲林縣虎尾鎮中正路58號","user":"楊朝輝","行業代號":null,"market_name":"第一公有零售市場","行業代號1":null,"名稱1":null,"行業代號2":null,"名稱2":null,"行業代號3":null,"名稱3":null,"category":"夜市/市場攤販","id":10004464,"pay_list":"","pay_tool":""},{"index":36,"shop":"第一公有零售市場-汪惠美","zone":"雲嘉南","city":"雲林縣","area":"虎尾鎮","market_address":"雲林縣虎尾鎮中正路58號","user":"汪惠美","行業代號":null,"market_name":"第一公有零售市場","行業代號1":null,"名稱1":null,"行業代號2":null,"名稱2":null,"行業代號3":null,"名稱3":null,"category":"夜市/市場攤販","id":10004465,"pay_list":"","pay_tool":""},{"index":37,"shop":"第一公有零售市場-陳如雪","zone":"雲嘉南","city":"雲林縣","area":"虎尾鎮","market_address":"雲林縣虎尾鎮中正路58號","user":"陳如雪","行業代號":null,"market_name":"第一公有零售市場","行業代號1":null,"名稱1":null,"行業代號2":null,"名稱2":null,"行業代號3":null,"名稱3":null,"category":"夜市/市場攤販","id":10004466,"pay_list":"","pay_tool":""},{"index":38,"shop":"第一公有零售市場-張淑芬","zone":"雲嘉南","city":"雲林縣","area":"虎尾鎮","market_address":"雲林縣虎尾鎮中正路58號","user":"張淑芬","行業代號":null,"market_name":"第一公有零售市場","行業代號1":null,"名稱1":null,"行業代號2":null,"名稱2":null,"行業代號3":null,"名稱3":null,"category":"夜市/市場攤販","id":10004467,"pay_list":"","pay_tool":""},{"index":39,"shop":"第一公有零售市場-廖桂蘭","zone":"雲嘉南","city":"雲林縣","area":"虎尾鎮","market_address":"雲林縣虎尾鎮中正路58號","user":"廖桂蘭","行業代號":null,"market_name":"第一公有零售市場","行業代號1":null,"名稱1":null,"行業代號2":null,"名稱2":null,"行業代號3":null,"名稱3":null,"category":"夜市/市場攤販","id":10004468,"pay_list":"","pay_tool":""},{"index":40,"shop":"第一公有零售市場-王榮錦","zone":"雲嘉南","city":"雲林縣","area":"虎尾鎮","market_address":"雲林縣虎尾鎮中正路58號","user":"王榮錦","行業代號":null,"market_name":"第一公有零售市場","行業代號1":null,"名稱1":null,"行業代號2":null,"名稱2":null,"行業代號3":null,"名稱3":null,"category":"夜市/市場攤販","id":10004469,"pay_list":"","pay_tool":""},{"index":41,"shop":"第一公有零售市場-王俊富","zone":"雲嘉南","city":"雲林縣","area":"虎尾鎮","market_address":"雲林縣虎尾鎮中正路58號","user":"王俊富","行業代號":null,"market_name":"第一公有零售市場","行業代號1":null,"名稱1":null,"行業代號2":null,"名稱2":null,"行業代號3":null,"名稱3":null,"category":"夜市/市場攤販","id":10004471,"pay_list":"","pay_tool":""},{"index":42,"shop":"第一公有零售市場-陳瑞茂","zone":"雲嘉南","city":"雲林縣","area":"虎尾鎮","market_address":"雲林縣虎尾鎮中正路58號","user":"陳瑞茂","行業代號":null,"market_name":"第一公有零售市場","行業代號1":null,"名稱1":null,"行業代號2":null,"名稱2":null,"行業代號3":null,"名稱3":null,"category":"夜市/市場攤販","id":10004472,"pay_list":"","pay_tool":""},{"index":43,"shop":"第一公有零售市場-許修文","zone":"雲嘉南","city":"雲林縣","area":"虎尾鎮","market_address":"雲林縣虎尾鎮中正路58號","user":"許修文","行業代號":null,"market_name":"第一公有零售市場","行業代號1":null,"名稱1":null,"行業代號2":null,"名稱2":null,"行業代號3":null,"名稱3":null,"category":"夜市/市場攤販","id":10004473,"pay_list":"","pay_tool":""},{"index":44,"shop":"第一公有零售市場-張梅香","zone":"雲嘉南","city":"雲林縣","area":"虎尾鎮","market_address":"雲林縣虎尾鎮中正路58號","user":"張梅香","行業代號":null,"market_name":"第一公有零售市場","行業代號1":null,"名稱1":null,"行業代號2":null,"名稱2":null,"行業代號3":null,"名稱3":null,"category":"夜市/市場攤販","id":10004474,"pay_list":"","pay_tool":""},{"index":45,"shop":"第一公有零售市場-陳英男","zone":"雲嘉南","city":"雲林縣","area":"虎尾鎮","market_address":"雲林縣虎尾鎮中正路58號","user":"陳英男","行業代號":null,"market_name":"第一公有零售市場","行業代號1":null,"名稱1":null,"行業代號2":null,"名稱2":null,"行業代號3":null,"名稱3":null,"category":"夜市/市場攤販","id":10004475,"pay_list":"","pay_tool":""},{"index":46,"shop":"第一公有零售市場-王井彥","zone":"雲嘉南","city":"雲林縣","area":"虎尾鎮","market_address":"雲林縣虎尾鎮中正路58號","user":"王井彥","行業代號":null,"market_name":"第一公有零售市場","行業代號1":null,"名稱1":null,"行業代號2":null,"名稱2":null,"行業代號3":null,"名稱3":null,"category":"夜市/市場攤販","id":10004476,"pay_list":"","pay_tool":""},{"index":47,"shop":"第一公有零售市場-王有儀","zone":"雲嘉南","city":"雲林縣","area":"虎尾鎮","market_address":"雲林縣虎尾鎮中正路58號","user":"王有儀","行業代號":null,"market_name":"第一公有零售市場","行業代號1":null,"名稱1":null,"行業代號2":null,"名稱2":null,"行業代號3":null,"名稱3":null,"category":"夜市/市場攤販","id":10004477,"pay_list":"","pay_tool":""},{"index":48,"shop":"第一公有零售市場-楊勝雄","zone":"雲嘉南","city":"雲林縣","area":"虎尾鎮","market_address":"雲林縣虎尾鎮中正路58號","user":"楊勝雄","行業代號":null,"market_name":"第一公有零售市場","行業代號1":null,"名稱1":null,"行業代號2":null,"名稱2":null,"行業代號3":null,"名稱3":null,"category":"夜市/市場攤販","id":10004478,"pay_list":"","pay_tool":""},{"index":49,"shop":"第一公有零售市場-李政德","zone":"雲嘉南","city":"雲林縣","area":"虎尾鎮","market_address":"雲林縣虎尾鎮中正路58號","user":"李政德","行業代號":null,"market_name":"第一公有零售市場","行業代號1":null,"名稱1":null,"行業代號2":null,"名稱2":null,"行業代號3":null,"名稱3":null,"category":"夜市/市場攤販","id":10004479,"pay_list":"","pay_tool":""},{"index":50,"shop":"第一公有零售市場-高東毅","zone":"雲嘉南","city":"雲林縣","area":"虎尾鎮","market_address":"雲林縣虎尾鎮中正路58號","user":"高東毅","行業代號":null,"market_name":"第一公有零售市場","行業代號1":null,"名稱1":null,"行業代號2":null,"名稱2":null,"行業代號3":null,"名稱3":null,"category":"夜市/市場攤販","id":10004480,"pay_list":"","pay_tool":""},{"index":51,"shop":"第一公有零售市場-李湯月雲","zone":"雲嘉南","city":"雲林縣","area":"虎尾鎮","market_address":"雲林縣虎尾鎮中正路58號","user":"李湯月雲","行業代號":null,"market_name":"第一公有零售市場","行業代號1":null,"名稱1":null,"行業代號2":null,"名稱2":null,"行業代號3":null,"名稱3":null,"category":"夜市/市場攤販","id":10004482,"pay_list":"","pay_tool":""},{"index":52,"shop":"第一公有零售市場-林英二","zone":"雲嘉南","city":"雲林縣","area":"虎尾鎮","market_address":"雲林縣虎尾鎮中正路58號","user":"林英二","行業代號":null,"market_name":"第一公有零售市場","行業代號1":null,"名稱1":null,"行業代號2":null,"名稱2":null,"行業代號3":null,"名稱3":null,"category":"夜市/市場攤販","id":10004483,"pay_list":"","pay_tool":""},{"index":53,"shop":"第一公有零售市場-邱陳秀梅","zone":"雲嘉南","city":"雲林縣","area":"虎尾鎮","market_address":"雲林縣虎尾鎮中正路58號","user":"邱陳秀梅","行業代號":null,"market_name":"第一公有零售市場","行業代號1":null,"名稱1":null,"行業代號2":null,"名稱2":null,"行業代號3":null,"名稱3":null,"category":"夜市/市場攤販","id":10004484,"pay_list":"","pay_tool":""},{"index":54,"shop":"第一公有零售市場-張元哲","zone":"雲嘉南","city":"雲林縣","area":"虎尾鎮","market_address":"雲林縣虎尾鎮中正路58號","user":"張元哲","行業代號":null,"market_name":"第一公有零售市場","行業代號1":null,"名稱1":null,"行業代號2":null,"名稱2":null,"行業代號3":null,"名稱3":null,"category":"夜市/市場攤販","id":10004485,"pay_list":"","pay_tool":""},{"index":55,"shop":"第一公有零售市場-邱子耀","zone":"雲嘉南","city":"雲林縣","area":"虎尾鎮","market_address":"雲林縣虎尾鎮中正路58號","user":"邱子耀","行業代號":null,"market_name":"第一公有零售市場","行業代號1":null,"名稱1":null,"行業代號2":null,"名稱2":null,"行業代號3":null,"名稱3":null,"category":"夜市/市場攤販","id":10004486,"pay_list":"","pay_tool":""},{"index":56,"shop":"第一公有零售市場-何煌陽","zone":"雲嘉南","city":"雲林縣","area":"虎尾鎮","market_address":"雲林縣虎尾鎮中正路58號","user":"何煌陽","行業代號":null,"market_name":"第一公有零售市場","行業代號1":null,"名稱1":null,"行業代號2":null,"名稱2":null,"行業代號3":null,"名稱3":null,"category":"夜市/市場攤販","id":10004487,"pay_list":"","pay_tool":""},{"index":57,"shop":"第一公有零售市場-劉招賢","zone":"雲嘉南","city":"雲林縣","area":"虎尾鎮","market_address":"雲林縣虎尾鎮中正路58號","user":"劉招賢","行業代號":null,"market_name":"第一公有零售市場","行業代號1":null,"名稱1":null,"行業代號2":null,"名稱2":null,"行業代號3":null,"名稱3":null,"category":"夜市/市場攤販","id":10004488,"pay_list":"","pay_tool":""},{"index":58,"shop":"第一公有零售市場-陳追","zone":"雲嘉南","city":"雲林縣","area":"虎尾鎮","market_address":"雲林縣虎尾鎮中正路58號","user":"陳追","行業代號":null,"market_name":"第一公有零售市場","行業代號1":null,"名稱1":null,"行業代號2":null,"名稱2":null,"行業代號3":null,"名稱3":null,"category":"夜市/市場攤販","id":10004489,"pay_list":"","pay_tool":""},{"index":59,"shop":"第一公有零售市場-陳李枝蓮","zone":"雲嘉南","city":"雲林縣","area":"虎尾鎮","market_address":"雲林縣虎尾鎮中正路58號","user":"陳李枝蓮","行業代號":null,"market_name":"第一公有零售市場","行業代號1":null,"名稱1":null,"行業代號2":null,"名稱2":null,"行業代號3":null,"名稱3":null,"category":"夜市/市場攤販","id":10004490,"pay_list":"","pay_tool":""},{"index":60,"shop":"第一公有零售市場-許月英","zone":"雲嘉南","city":"雲林縣","area":"虎尾鎮","market_address":"雲林縣虎尾鎮中正路58號","user":"許月英","行業代號":null,"market_name":"第一公有零售市場","行業代號1":null,"名稱1":null,"行業代號2":null,"名稱2":null,"行業代號3":null,"名稱3":null,"category":"夜市/市場攤販","id":10004491,"pay_list":"","pay_tool":""},{"index":61,"shop":"第一公有零售市場-王筱華","zone":"雲嘉南","city":"雲林縣","area":"虎尾鎮","market_address":"雲林縣虎尾鎮中正路58號","user":"王筱華","行業代號":null,"market_name":"第一公有零售市場","行業代號1":null,"名稱1":null,"行業代號2":null,"名稱2":null,"行業代號3":null,"名稱3":null,"category":"夜市/市場攤販","id":10004494,"pay_list":"","pay_tool":""},{"index":62,"shop":"第一公有零售市場-王金火","zone":"雲嘉南","city":"雲林縣","area":"虎尾鎮","market_address":"雲林縣虎尾鎮中正路58號","user":"王金火","行業代號":null,"market_name":"第一公有零售市場","行業代號1":null,"名稱1":null,"行業代號2":null,"名稱2":null,"行業代號3":null,"名稱3":null,"category":"夜市/市場攤販","id":10004495,"pay_list":"","pay_tool":""},{"index":63,"shop":"第一公有零售市場-陳秀哖","zone":"雲嘉南","city":"雲林縣","area":"虎尾鎮","market_address":"雲林縣虎尾鎮中正路58號","user":"陳秀哖","行業代號":null,"market_name":"第一公有零售市場","行業代號1":null,"名稱1":null,"行業代號2":null,"名稱2":null,"行業代號3":null,"名稱3":null,"category":"夜市/市場攤販","id":10004496,"pay_list":"","pay_tool":""},{"index":64,"shop":"第一公有零售市場-吳錦梅","zone":"雲嘉南","city":"雲林縣","area":"虎尾鎮","market_address":"雲林縣虎尾鎮中正路58號","user":"吳錦梅","行業代號":null,"market_name":"第一公有零售市場","行業代號1":null,"名稱1":null,"行業代號2":null,"名稱2":null,"行業代號3":null,"名稱3":null,"category":"夜市/市場攤販","id":10004497,"pay_list":"","pay_tool":""},{"index":65,"shop":"第一公有零售市場-陳麗妃","zone":"雲嘉南","city":"雲林縣","area":"虎尾鎮","market_address":"雲林縣虎尾鎮中正路58號","user":"陳麗妃","行業代號":null,"market_name":"第一公有零售市場","行業代號1":null,"名稱1":null,"行業代號2":null,"名稱2":null,"行業代號3":null,"名稱3":null,"category":"夜市/市場攤販","id":10004498,"pay_list":"","pay_tool":""},{"index":66,"shop":"第一公有零售市場-吳碧松","zone":"雲嘉南","city":"雲林縣","area":"虎尾鎮","market_address":"雲林縣虎尾鎮中正路58號","user":"吳碧松","行業代號":null,"market_name":"第一公有零售市場","行業代號1":null,"名稱1":null,"行業代號2":null,"名稱2":null,"行業代號3":null,"名稱3":null,"category":"夜市/市場攤販","id":10004499,"pay_list":"","pay_tool":""},{"index":67,"shop":"第一公有零售市場-廖吳碧桃","zone":"雲嘉南","city":"雲林縣","area":"虎尾鎮","market_address":"雲林縣虎尾鎮中正路58號","user":"廖吳碧桃","行業代號":null,"market_name":"第一公有零售市場","行業代號1":null,"名稱1":null,"行業代號2":null,"名稱2":null,"行業代號3":null,"名稱3":null,"category":"夜市/市場攤販","id":10004500,"pay_list":"","pay_tool":""},{"index":68,"shop":"第一公有零售市場-廖甲攏","zone":"雲嘉南","city":"雲林縣","area":"虎尾鎮","market_address":"雲林縣虎尾鎮中正路58號","user":"廖甲攏","行業代號":null,"market_name":"第一公有零售市場","行業代號1":null,"名稱1":null,"行業代號2":null,"名稱2":null,"行業代號3":null,"名稱3":null,"category":"夜市/市場攤販","id":10004501,"pay_list":"","pay_tool":""},{"index":69,"shop":"第一公有零售市場-陳招治","zone":"雲嘉南","city":"雲林縣","area":"虎尾鎮","market_address":"雲林縣虎尾鎮中正路58號","user":"陳招治","行業代號":null,"market_name":"第一公有零售市場","行業代號1":null,"名稱1":null,"行業代號2":null,"名稱2":null,"行業代號3":null,"名稱3":null,"category":"夜市/市場攤販","id":10004502,"pay_list":"","pay_tool":""},{"index":70,"shop":"第一公有零售市場-陳王秀雲","zone":"雲嘉南","city":"雲林縣","area":"虎尾鎮","market_address":"雲林縣虎尾鎮中正路58號","user":"陳王秀雲","行業代號":null,"market_name":"第一公有零售市場","行業代號1":null,"名稱1":null,"行業代號2":null,"名稱2":null,"行業代號3":null,"名稱3":null,"category":"夜市/市場攤販","id":10004503,"pay_list":"","pay_tool":""},{"index":71,"shop":"第一公有零售市場-楊錦雲","zone":"雲嘉南","city":"雲林縣","area":"虎尾鎮","market_address":"雲林縣虎尾鎮中正路58號","user":"楊錦雲","行業代號":null,"market_name":"第一公有零售市場","行業代號1":null,"名稱1":null,"行業代號2":null,"名稱2":null,"行業代號3":null,"名稱3":null,"category":"夜市/市場攤販","id":10004505,"pay_list":"","pay_tool":""},{"index":72,"shop":"第一公有零售市場-洪素珠","zone":"雲嘉南","city":"雲林縣","area":"虎尾鎮","market_address":"雲林縣虎尾鎮中正路58號","user":"洪素珠","行業代號":null,"market_name":"第一公有零售市場","行業代號1":null,"名稱1":null,"行業代號2":null,"名稱2":null,"行業代號3":null,"名稱3":null,"category":"夜市/市場攤販","id":10004506,"pay_list":"","pay_tool":""},{"index":73,"shop":"第一公有零售市場-蔡承祐","zone":"雲嘉南","city":"雲林縣","area":"虎尾鎮","market_address":"雲林縣虎尾鎮中正路58號","user":"蔡承祐","行業代號":null,"market_name":"第一公有零售市場","行業代號1":null,"名稱1":null,"行業代號2":null,"名稱2":null,"行業代號3":null,"名稱3":null,"category":"夜市/市場攤販","id":10004507,"pay_list":"","pay_tool":""},{"index":74,"shop":"第一公有零售市場-張長順","zone":"雲嘉南","city":"雲林縣","area":"虎尾鎮","market_address":"雲林縣虎尾鎮中正路58號","user":"張長順","行業代號":null,"market_name":"第一公有零售市場","行業代號1":null,"名稱1":null,"行業代號2":null,"名稱2":null,"行業代號3":null,"名稱3":null,"category":"夜市/市場攤販","id":10004508,"pay_list":"","pay_tool":""},{"index":75,"shop":"第一公有零售市場-吳凱蓉","zone":"雲嘉南","city":"雲林縣","area":"虎尾鎮","market_address":"雲林縣虎尾鎮中正路58號","user":"吳凱蓉","行業代號":null,"market_name":"第一公有零售市場","行業代號1":null,"名稱1":null,"行業代號2":null,"名稱2":null,"行業代號3":null,"名稱3":null,"category":"夜市/市場攤販","id":10004509,"pay_list":"","pay_tool":""},{"index":76,"shop":"第一公有零售市場-陳清雄","zone":"雲嘉南","city":"雲林縣","area":"虎尾鎮","market_address":"雲林縣虎尾鎮中正路58號","user":"陳清雄","行業代號":null,"market_name":"第一公有零售市場","行業代號1":null,"名稱1":null,"行業代號2":null,"名稱2":null,"行業代號3":null,"名稱3":null,"category":"夜市/市場攤販","id":10004510,"pay_list":"","pay_tool":""},{"index":77,"shop":"第一公有零售市場-陳清相","zone":"雲嘉南","city":"雲林縣","area":"虎尾鎮","market_address":"雲林縣虎尾鎮中正路58號","user":"陳清相","行業代號":null,"market_name":"第一公有零售市場","行業代號1":null,"名稱1":null,"行業代號2":null,"名稱2":null,"行業代號3":null,"名稱3":null,"category":"夜市/市場攤販","id":10004511,"pay_list":"","pay_tool":""},{"index":78,"shop":"第一公有零售市場-李黃彩雲","zone":"雲嘉南","city":"雲林縣","area":"虎尾鎮","market_address":"雲林縣虎尾鎮中正路58號","user":"李黃彩雲","行業代號":null,"market_name":"第一公有零售市場","行業代號1":null,"名稱1":null,"行業代號2":null,"名稱2":null,"行業代號3":null,"名稱3":null,"category":"夜市/市場攤販","id":10004512,"pay_list":"","pay_tool":""},{"index":79,"shop":"第一公有零售市場-陶素玉","zone":"雲嘉南","city":"雲林縣","area":"虎尾鎮","market_address":"雲林縣虎尾鎮中正路58號","user":"陶素玉","行業代號":null,"market_name":"第一公有零售市場","行業代號1":null,"名稱1":null,"行業代號2":null,"名稱2":null,"行業代號3":null,"名稱3":null,"category":"夜市/市場攤販","id":10004513,"pay_list":"","pay_tool":""},{"index":80,"shop":"第一公有零售市場-李純儀","zone":"雲嘉南","city":"雲林縣","area":"虎尾鎮","market_address":"雲林縣虎尾鎮中正路58號","user":"李純儀","行業代號":null,"market_name":"第一公有零售市場","行業代號1":null,"名稱1":null,"行業代號2":null,"名稱2":null,"行業代號3":null,"名稱3":null,"category":"夜市/市場攤販","id":10004514,"pay_list":"","pay_tool":""},{"index":81,"shop":"第一公有零售市場-游豐睿","zone":"雲嘉南","city":"雲林縣","area":"虎尾鎮","market_address":"雲林縣虎尾鎮中正路58號","user":"游豐睿","行業代號":null,"market_name":"第一公有零售市場","行業代號1":null,"名稱1":null,"行業代號2":null,"名稱2":null,"行業代號3":null,"名稱3":null,"category":"夜市/市場攤販","id":10004516,"pay_list":"","pay_tool":""},{"index":82,"shop":"第一公有零售市場-陳秀鑾","zone":"雲嘉南","city":"雲林縣","area":"虎尾鎮","market_address":"雲林縣虎尾鎮中正路58號","user":"陳秀鑾","行業代號":null,"market_name":"第一公有零售市場","行業代號1":null,"名稱1":null,"行業代號2":null,"名稱2":null,"行業代號3":null,"名稱3":null,"category":"夜市/市場攤販","id":10004517,"pay_list":"","pay_tool":""},{"index":83,"shop":"第一公有零售市場-許惠如","zone":"雲嘉南","city":"雲林縣","area":"虎尾鎮","market_address":"雲林縣虎尾鎮中正路58號","user":"許惠如","行業代號":null,"market_name":"第一公有零售市場","行業代號1":null,"名稱1":null,"行業代號2":null,"名稱2":null,"行業代號3":null,"名稱3":null,"category":"夜市/市場攤販","id":10004518,"pay_list":"","pay_tool":""},{"index":84,"shop":"第一公有零售市場-方世賢","zone":"雲嘉南","city":"雲林縣","area":"虎尾鎮","market_address":"雲林縣虎尾鎮中正路58號","user":"方世賢","行業代號":null,"market_name":"第一公有零售市場","行業代號1":null,"名稱1":null,"行業代號2":null,"名稱2":null,"行業代號3":null,"名稱3":null,"category":"夜市/市場攤販","id":10004519,"pay_list":"","pay_tool":""},{"index":85,"shop":"第一公有零售市場-方勝利","zone":"雲嘉南","city":"雲林縣","area":"虎尾鎮","market_address":"雲林縣虎尾鎮中正路58號","user":"方勝利","行業代號":null,"market_name":"第一公有零售市場","行業代號1":null,"名稱1":null,"行業代號2":null,"名稱2":null,"行業代號3":null,"名稱3":null,"category":"夜市/市場攤販","id":10004520,"pay_list":"","pay_tool":""},{"index":86,"shop":"第一公有零售市場-廖錦俊","zone":"雲嘉南","city":"雲林縣","area":"虎尾鎮","market_address":"雲林縣虎尾鎮中正路58號","user":"廖錦俊","行業代號":null,"market_name":"第一公有零售市場","行業代號1":null,"名稱1":null,"行業代號2":null,"名稱2":null,"行業代號3":null,"名稱3":null,"category":"夜市/市場攤販","id":10004521,"pay_list":"","pay_tool":""},{"index":87,"shop":"第一公有零售市場-黃世茂","zone":"雲嘉南","city":"雲林縣","area":"虎尾鎮","market_address":"雲林縣虎尾鎮中正路58號","user":"黃世茂","行業代號":null,"market_name":"第一公有零售市場","行業代號1":null,"名稱1":null,"行業代號2":null,"名稱2":null,"行業代號3":null,"名稱3":null,"category":"夜市/市場攤販","id":10004522,"pay_list":"","pay_tool":""},{"index":88,"shop":"第一公有零售市場-吳俊亨","zone":"雲嘉南","city":"雲林縣","area":"虎尾鎮","market_address":"雲林縣虎尾鎮中正路58號","user":"吳俊亨","行業代號":null,"market_name":"第一公有零售市場","行業代號1":null,"名稱1":null,"行業代號2":null,"名稱2":null,"行業代號3":null,"名稱3":null,"category":"夜市/市場攤販","id":10004523,"pay_list":"","pay_tool":""},{"index":89,"shop":"第一公有零售市場-吳省吾","zone":"雲嘉南","city":"雲林縣","area":"虎尾鎮","market_address":"雲林縣虎尾鎮中正路58號","user":"吳省吾","行業代號":null,"market_name":"第一公有零售市場","行業代號1":null,"名稱1":null,"行業代號2":null,"名稱2":null,"行業代號3":null,"名稱3":null,"category":"夜市/市場攤販","id":10004524,"pay_list":"","pay_tool":""},{"index":90,"shop":"第一公有零售市場-王文錦","zone":"雲嘉南","city":"雲林縣","area":"虎尾鎮","market_address":"雲林縣虎尾鎮中正路58號","user":"王文錦","行業代號":null,"market_name":"第一公有零售市場","行業代號1":null,"名稱1":null,"行業代號2":null,"名稱2":null,"行業代號3":null,"名稱3":null,"category":"夜市/市場攤販","id":10004525,"pay_list":"","pay_tool":""},{"index":91,"shop":"第一公有零售市場-柯素蘭","zone":"雲嘉南","city":"雲林縣","area":"虎尾鎮","market_address":"雲林縣虎尾鎮中正路58號","user":"柯素蘭","行業代號":null,"market_name":"第一公有零售市場","行業代號1":null,"名稱1":null,"行業代號2":null,"名稱2":null,"行業代號3":null,"名稱3":null,"category":"夜市/市場攤販","id":10004527,"pay_list":"","pay_tool":""},{"index":92,"shop":"第一公有零售市場-王瓊翎","zone":"雲嘉南","city":"雲林縣","area":"虎尾鎮","market_address":"雲林縣虎尾鎮中正路58號","user":"王瓊翎","行業代號":null,"market_name":"第一公有零售市場","行業代號1":null,"名稱1":null,"行業代號2":null,"名稱2":null,"行業代號3":null,"名稱3":null,"category":"夜市/市場攤販","id":10004528,"pay_list":"","pay_tool":""},{"index":93,"shop":"第一公有零售市場-林心","zone":"雲嘉南","city":"雲林縣","area":"虎尾鎮","market_address":"雲林縣虎尾鎮中正路58號","user":"林心","行業代號":null,"market_name":"第一公有零售市場","行業代號1":null,"名稱1":null,"行業代號2":null,"名稱2":null,"行業代號3":null,"名稱3":null,"category":"夜市/市場攤販","id":10004529,"pay_list":"","pay_tool":""},{"index":94,"shop":"第一公有零售市場-蔡士源","zone":"雲嘉南","city":"雲林縣","area":"虎尾鎮","market_address":"雲林縣虎尾鎮中正路58號","user":"蔡士源","行業代號":null,"market_name":"第一公有零售市場","行業代號1":null,"名稱1":null,"行業代號2":null,"名稱2":null,"行業代號3":null,"名稱3":null,"category":"夜市/市場攤販","id":10004530,"pay_list":"","pay_tool":""},{"index":95,"shop":"第一公有零售市場-蔡麗玉","zone":"雲嘉南","city":"雲林縣","area":"虎尾鎮","market_address":"雲林縣虎尾鎮中正路58號","user":"蔡麗玉","行業代號":null,"market_name":"第一公有零售市場","行業代號1":null,"名稱1":null,"行業代號2":null,"名稱2":null,"行業代號3":null,"名稱3":null,"category":"夜市/市場攤販","id":10004531,"pay_list":"","pay_tool":""},{"index":96,"shop":"第一公有零售市場-黃姿?","zone":"雲嘉南","city":"雲林縣","area":"虎尾鎮","market_address":"雲林縣虎尾鎮中正路58號","user":"黃姿?","行業代號":null,"market_name":"第一公有零售市場","行業代號1":null,"名稱1":null,"行業代號2":null,"名稱2":null,"行業代號3":null,"名稱3":null,"category":"夜市/市場攤販","id":10004532,"pay_list":"","pay_tool":""},{"index":97,"shop":"第一公有零售市場-李進旺","zone":"雲嘉南","city":"雲林縣","area":"虎尾鎮","market_address":"雲林縣虎尾鎮中正路58號","user":"李進旺","行業代號":null,"market_name":"第一公有零售市場","行業代號1":null,"名稱1":null,"行業代號2":null,"名稱2":null,"行業代號3":null,"名稱3":null,"category":"夜市/市場攤販","id":10004533,"pay_list":"","pay_tool":""},{"index":98,"shop":"第一公有零售市場-李俊達","zone":"雲嘉南","city":"雲林縣","area":"虎尾鎮","market_address":"雲林縣虎尾鎮中正路58號","user":"李俊達","行業代號":null,"market_name":"第一公有零售市場","行業代號1":null,"名稱1":null,"行業代號2":null,"名稱2":null,"行業代號3":null,"名稱3":null,"category":"夜市/市場攤販","id":10004534,"pay_list":"","pay_tool":""},{"index":99,"shop":"第一公有零售市場-吳昌原","zone":"雲嘉南","city":"雲林縣","area":"虎尾鎮","market_address":"雲林縣虎尾鎮中正路58號","user":"吳昌原","行業代號":null,"market_name":"第一公有零售市場","行業代號1":null,"名稱1":null,"行業代號2":null,"名稱2":null,"行業代號3":null,"名稱3":null,"category":"夜市/市場攤販","id":10004535,"pay_list":"","pay_tool":""},{"index":100,"shop":"第一公有零售市場-吳昌世","zone":"雲嘉南","city":"雲林縣","area":"虎尾鎮","market_address":"雲林縣虎尾鎮中正路58號","user":"吳昌世","行業代號":null,"market_name":"第一公有零售市場","行業代號1":null,"名稱1":null,"行業代號2":null,"名稱2":null,"行業代號3":null,"名稱3":null,"category":"夜市/市場攤販","id":10004536,"pay_list":"","pay_tool":""},{"index":101,"shop":"第一公有零售市場-吳昌盛","zone":"雲嘉南","city":"雲林縣","area":"虎尾鎮","market_address":"雲林縣虎尾鎮中正路58號","user":"吳昌盛","行業代號":null,"market_name":"第一公有零售市場","行業代號1":null,"名稱1":null,"行業代號2":null,"名稱2":null,"行業代號3":null,"名稱3":null,"category":"夜市/市場攤販","id":10004538,"pay_list":"","pay_tool":""},{"index":102,"shop":"第三公有零售市場-1","zone":"雲嘉南","city":"雲林縣","area":"虎尾鎮","market_address":"雲林縣虎尾鎮中正路152號","user":"蔡玉娥","行業代號":null,"market_name":"第三公有零售市場","行業代號1":null,"名稱1":null,"行業代號2":null,"名稱2":null,"行業代號3":null,"名稱3":null,"category":"夜市/市場攤販","id":10004539,"pay_list":"","pay_tool":""},{"index":103,"shop":"第三公有零售市場-2","zone":"雲嘉南","city":"雲林縣","area":"虎尾鎮","market_address":"雲林縣虎尾鎮中正路152號","user":"鄭永義","行業代號":null,"market_name":"第三公有零售市場","行業代號1":null,"名稱1":null,"行業代號2":null,"名稱2":null,"行業代號3":null,"名稱3":null,"category":"夜市/市場攤販","id":10004540,"pay_list":"","pay_tool":""},{"index":104,"shop":"第三公有零售市場-3","zone":"雲嘉南","city":"雲林縣","area":"虎尾鎮","market_address":"雲林縣虎尾鎮中正路152號","user":"劉春雄","行業代號":null,"market_name":"第三公有零售市場","行業代號1":null,"名稱1":null,"行業代號2":null,"名稱2":null,"行業代號3":null,"名稱3":null,"category":"夜市/市場攤販","id":10004541,"pay_list":"","pay_tool":""},{"index":105,"shop":"第三公有零售市場-4","zone":"雲嘉南","city":"雲林縣","area":"虎尾鎮","market_address":"雲林縣虎尾鎮中正路152號","user":"郭王秋桂","行業代號":null,"market_name":"第三公有零售市場","行業代號1":null,"名稱1":null,"行業代號2":null,"名稱2":null,"行業代號3":null,"名稱3":null,"category":"夜市/市場攤販","id":10004542,"pay_list":"","pay_tool":""},{"index":106,"shop":"第三公有零售市場-5","zone":"雲嘉南","city":"雲林縣","area":"虎尾鎮","market_address":"雲林縣虎尾鎮中正路152號","user":"黃揚言","行業代號":null,"market_name":"第三公有零售市場","行業代號1":null,"名稱1":null,"行業代號2":null,"名稱2":null,"行業代號3":null,"名稱3":null,"category":"夜市/市場攤販","id":10004543,"pay_list":"","pay_tool":""},{"index":107,"shop":"第三公有零售市場-6","zone":"雲嘉南","city":"雲林縣","area":"虎尾鎮","market_address":"雲林縣虎尾鎮中正路152號","user":"李聰明","行業代號":null,"market_name":"第三公有零售市場","行業代號1":null,"名稱1":null,"行業代號2":null,"名稱2":null,"行業代號3":null,"名稱3":null,"category":"夜市/市場攤販","id":10004544,"pay_list":"","pay_tool":""},{"index":108,"shop":"第三公有零售市場-7","zone":"雲嘉南","city":"雲林縣","area":"虎尾鎮","market_address":"雲林縣虎尾鎮中正路152號","user":"鐘純美","行業代號":null,"market_name":"第三公有零售市場","行業代號1":null,"名稱1":null,"行業代號2":null,"名稱2":null,"行業代號3":null,"名稱3":null,"category":"夜市/市場攤販","id":10004545,"pay_list":"","pay_tool":""},{"index":109,"shop":"第三公有零售市場-8","zone":"雲嘉南","city":"雲林縣","area":"虎尾鎮","market_address":"雲林縣虎尾鎮中正路152號","user":"蔡秀月","行業代號":null,"market_name":"第三公有零售市場","行業代號1":null,"名稱1":null,"行業代號2":null,"名稱2":null,"行業代號3":null,"名稱3":null,"category":"夜市/市場攤販","id":10004546,"pay_list":"","pay_tool":""},{"index":110,"shop":"第三公有零售市場-9","zone":"雲嘉南","city":"雲林縣","area":"虎尾鎮","market_address":"雲林縣虎尾鎮中正路152號","user":"蔣縤芽","行業代號":null,"market_name":"第三公有零售市場","行業代號1":null,"名稱1":null,"行業代號2":null,"名稱2":null,"行業代號3":null,"名稱3":null,"category":"夜市/市場攤販","id":10004547,"pay_list":"","pay_tool":""},{"index":111,"shop":"第三公有零售市場-11","zone":"雲嘉南","city":"雲林縣","area":"虎尾鎮","market_address":"雲林縣虎尾鎮中正路152號","user":"郭清訓","行業代號":null,"market_name":"第三公有零售市場","行業代號1":null,"名稱1":null,"行業代號2":null,"名稱2":null,"行業代號3":null,"名稱3":null,"category":"夜市/市場攤販","id":10004549,"pay_list":"","pay_tool":""},{"index":112,"shop":"第三公有零售市場-12","zone":"雲嘉南","city":"雲林縣","area":"虎尾鎮","market_address":"雲林縣虎尾鎮中正路152號","user":"黃智庸","行業代號":null,"market_name":"第三公有零售市場","行業代號1":null,"名稱1":null,"行業代號2":null,"名稱2":null,"行業代號3":null,"名稱3":null,"category":"夜市/市場攤販","id":10004550,"pay_list":"","pay_tool":""},{"index":113,"shop":"第三公有零售市場-13","zone":"雲嘉南","city":"雲林縣","area":"虎尾鎮","market_address":"雲林縣虎尾鎮中正路152號","user":"郭淑莉","行業代號":null,"market_name":"第三公有零售市場","行業代號1":null,"名稱1":null,"行業代號2":null,"名稱2":null,"行業代號3":null,"名稱3":null,"category":"夜市/市場攤販","id":10004551,"pay_list":"","pay_tool":""},{"index":114,"shop":"第三公有零售市場-16","zone":"雲嘉南","city":"雲林縣","area":"虎尾鎮","market_address":"雲林縣虎尾鎮中正路152號","user":"紀麗英","行業代號":null,"market_name":"第三公有零售市場","行業代號1":null,"名稱1":null,"行業代號2":null,"名稱2":null,"行業代號3":null,"名稱3":null,"category":"夜市/市場攤販","id":10004552,"pay_list":"","pay_tool":""},{"index":115,"shop":"第三公有零售市場-18","zone":"雲嘉南","city":"雲林縣","area":"虎尾鎮","market_address":"雲林縣虎尾鎮中正路152號","user":"黃賜蓬","行業代號":null,"market_name":"第三公有零售市場","行業代號1":null,"名稱1":null,"行業代號2":null,"名稱2":null,"行業代號3":null,"名稱3":null,"category":"夜市/市場攤販","id":10004553,"pay_list":"","pay_tool":""},{"index":116,"shop":"第三公有零售市場-19","zone":"雲嘉南","city":"雲林縣","area":"虎尾鎮","market_address":"雲林縣虎尾鎮中正路152號","user":"鄭素珍","行業代號":null,"market_name":"第三公有零售市場","行業代號1":null,"名稱1":null,"行業代號2":null,"名稱2":null,"行業代號3":null,"名稱3":null,"category":"夜市/市場攤販","id":10004554,"pay_list":"","pay_tool":""},{"index":117,"shop":"第三公有零售市場-20","zone":"雲嘉南","city":"雲林縣","area":"虎尾鎮","market_address":"雲林縣虎尾鎮中正路152號","user":"黃俊融","行業代號":null,"market_name":"第三公有零售市場","行業代號1":null,"名稱1":null,"行業代號2":null,"名稱2":null,"行業代號3":null,"名稱3":null,"category":"夜市/市場攤販","id":10004555,"pay_list":"","pay_tool":""},{"index":118,"shop":"第三公有零售市場-21","zone":"雲嘉南","city":"雲林縣","area":"虎尾鎮","market_address":"雲林縣虎尾鎮中正路152號","user":"黃俊嘉","行業代號":null,"market_name":"第三公有零售市場","行業代號1":null,"名稱1":null,"行業代號2":null,"名稱2":null,"行業代號3":null,"名稱3":null,"category":"夜市/市場攤販","id":10004556,"pay_list":"","pay_tool":""},{"index":119,"shop":"第三公有零售市場-22","zone":"雲嘉南","city":"雲林縣","area":"虎尾鎮","market_address":"雲林縣虎尾鎮中正路152號","user":"曾靜慈","行業代號":null,"market_name":"第三公有零售市場","行業代號1":null,"名稱1":null,"行業代號2":null,"名稱2":null,"行業代號3":null,"名稱3":null,"category":"夜市/市場攤販","id":10004557,"pay_list":"","pay_tool":""},{"index":120,"shop":"第三公有零售市場-23","zone":"雲嘉南","city":"雲林縣","area":"虎尾鎮","market_address":"雲林縣虎尾鎮中正路152號","user":"劉敏如","行業代號":null,"market_name":"第三公有零售市場","行業代號1":null,"名稱1":null,"行業代號2":null,"名稱2":null,"行業代號3":null,"名稱3":null,"category":"夜市/市場攤販","id":10004558,"pay_list":"","pay_tool":""},{"index":121,"shop":"第三公有零售市場-24","zone":"雲嘉南","city":"雲林縣","area":"虎尾鎮","market_address":"雲林縣虎尾鎮中正路152號","user":"郭國賢","行業代號":null,"market_name":"第三公有零售市場","行業代號1":null,"名稱1":null,"行業代號2":null,"名稱2":null,"行業代號3":null,"名稱3":null,"category":"夜市/市場攤販","id":10004560,"pay_list":"","pay_tool":""},{"index":122,"shop":"第三公有零售市場-25","zone":"雲嘉南","city":"雲林縣","area":"虎尾鎮","market_address":"雲林縣虎尾鎮中正路152號","user":"郭淑芬","行業代號":null,"market_name":"第三公有零售市場","行業代號1":null,"名稱1":null,"行業代號2":null,"名稱2":null,"行業代號3":null,"名稱3":null,"category":"夜市/市場攤販","id":10004561,"pay_list":"","pay_tool":""},{"index":123,"shop":"第三公有零售市場-27","zone":"雲嘉南","city":"雲林縣","area":"虎尾鎮","market_address":"雲林縣虎尾鎮中正路152號","user":"廖益新","行業代號":null,"market_name":"第三公有零售市場","行業代號1":null,"名稱1":null,"行業代號2":null,"名稱2":null,"行業代號3":null,"名稱3":null,"category":"夜市/市場攤販","id":10004562,"pay_list":"","pay_tool":""},{"index":124,"shop":"第三公有零售市場-29","zone":"雲嘉南","city":"雲林縣","area":"虎尾鎮","market_address":"雲林縣虎尾鎮中正路152號","user":"郭坤財","行業代號":null,"market_name":"第三公有零售市場","行業代號1":null,"名稱1":null,"行業代號2":null,"名稱2":null,"行業代號3":null,"名稱3":null,"category":"夜市/市場攤販","id":10004563,"pay_list":"","pay_tool":""},{"index":125,"shop":"第三公有零售市場-31","zone":"雲嘉南","city":"雲林縣","area":"虎尾鎮","market_address":"雲林縣虎尾鎮中正路152號","user":"黃勝一","行業代號":null,"market_name":"第三公有零售市場","行業代號1":null,"名稱1":null,"行業代號2":null,"名稱2":null,"行業代號3":null,"名稱3":null,"category":"夜市/市場攤販","id":10004564,"pay_list":"","pay_tool":""},{"index":126,"shop":"第三公有零售市場-32","zone":"雲嘉南","city":"雲林縣","area":"虎尾鎮","market_address":"雲林縣虎尾鎮中正路152號","user":"郭金煉","行業代號":null,"market_name":"第三公有零售市場","行業代號1":null,"名稱1":null,"行業代號2":null,"名稱2":null,"行業代號3":null,"名稱3":null,"category":"夜市/市場攤販","id":10004565,"pay_list":"","pay_tool":""},{"index":127,"shop":"第三公有零售市場-33","zone":"雲嘉南","city":"雲林縣","area":"虎尾鎮","market_address":"雲林縣虎尾鎮中正路152號","user":"蔡明哲","行業代號":null,"market_name":"第三公有零售市場","行業代號1":null,"名稱1":null,"行業代號2":null,"名稱2":null,"行業代號3":null,"名稱3":null,"category":"夜市/市場攤販","id":10004566,"pay_list":"","pay_tool":""},{"index":128,"shop":"第三公有零售市場-34","zone":"雲嘉南","city":"雲林縣","area":"虎尾鎮","market_address":"雲林縣虎尾鎮中正路152號","user":"陳德瑞","行業代號":null,"market_name":"第三公有零售市場","行業代號1":null,"名稱1":null,"行業代號2":null,"名稱2":null,"行業代號3":null,"名稱3":null,"category":"夜市/市場攤販","id":10004567,"pay_list":"","pay_tool":""},{"index":129,"shop":"第三公有零售市場-35","zone":"雲嘉南","city":"雲林縣","area":"虎尾鎮","market_address":"雲林縣虎尾鎮中正路152號","user":"潘俊秀","行業代號":null,"market_name":"第三公有零售市場","行業代號1":null,"名稱1":null,"行業代號2":null,"名稱2":null,"行業代號3":null,"名稱3":null,"category":"夜市/市場攤販","id":10004568,"pay_list":"","pay_tool":""},{"index":130,"shop":"第三公有零售市場-36","zone":"雲嘉南","city":"雲林縣","area":"虎尾鎮","market_address":"雲林縣虎尾鎮中正路152號","user":"張淑茹","行業代號":null,"market_name":"第三公有零售市場","行業代號1":null,"名稱1":null,"行業代號2":null,"名稱2":null,"行業代號3":null,"名稱3":null,"category":"夜市/市場攤販","id":10004569,"pay_list":"","pay_tool":""},{"index":131,"shop":"第三公有零售市場-43","zone":"雲嘉南","city":"雲林縣","area":"虎尾鎮","market_address":"雲林縣虎尾鎮中正路152號","user":"林金瑞","行業代號":null,"market_name":"第三公有零售市場","行業代號1":null,"名稱1":null,"行業代號2":null,"名稱2":null,"行業代號3":null,"名稱3":null,"category":"夜市/市場攤販","id":10004571,"pay_list":"","pay_tool":""},{"index":132,"shop":"南陽早點","zone":"雲嘉南","city":"雲林縣","area":"虎尾鎮","market_address":"雲林縣虎尾鎮公安里光復路５５８號","user":"蔣憲文","行業代號":null,"market_name":["餐食攤販","早餐店"],"行業代號1":null,"名稱1":null,"行業代號2":null,"名稱2":null,"行業代號3":null,"名稱3":null,"category":["夜市/市場攤販","餐飲"],"id":20001518,"pay_list":"","pay_tool":""},{"index":133,"shop":"蔡林碧霞","zone":"雲嘉南","city":"雲林縣","area":"虎尾鎮","market_address":"雲林縣虎尾鎮東仁里民族路１０７號","user":"蔡林碧霞","行業代號":null,"market_name":["餐食攤販","麵店、小吃店"],"行業代號1":null,"名稱1":null,"行業代號2":null,"名稱2":null,"行業代號3":null,"名稱3":null,"category":["夜市/市場攤販","餐飲"],"id":20001521,"pay_list":"","pay_tool":""},{"index":134,"shop":"日船章魚燒","zone":"雲嘉南","city":"雲林縣","area":"虎尾鎮","market_address":"雲林縣虎尾鎮西安里２鄰中正路２２２號前面","user":"謝慶裕","行業代號":null,"market_name":["餐食攤販","麵店、小吃店"],"行業代號1":null,"名稱1":null,"行業代號2":null,"名稱2":null,"行業代號3":null,"名稱3":null,"category":["夜市/市場攤販","餐飲"],"id":20002261,"pay_list":"","pay_tool":""},{"index":135,"shop":"虎尾米糕","zone":"雲嘉南","city":"雲林縣","area":"虎尾鎮","market_address":"雲林縣虎尾鎮中山里１５鄰公安路９７號","user":"陳善蒲","行業代號":null,"market_name":["餐食攤販","麵店、小吃店"],"行業代號1":null,"名稱1":null,"行業代號2":null,"名稱2":null,"行業代號3":null,"名稱3":null,"category":["夜市/市場攤販","餐飲"],"id":20009343,"pay_list":"","pay_tool":""},{"index":136,"shop":"歐家麵店","zone":"雲嘉南","city":"雲林縣","area":"虎尾鎮","market_address":"雲林縣虎尾鎮東仁里５鄰光復路２２８號","user":"吳彩雲","行業代號":null,"market_name":["餐食攤販","麵店、小吃店"],"行業代號1":null,"名稱1":null,"行業代號2":null,"名稱2":null,"行業代號3":null,"名稱3":null,"category":["夜市/市場攤販","餐飲"],"id":20009416,"pay_list":"","pay_tool":""},{"index":137,"shop":"斗六西市肉圓","zone":"雲嘉南","city":"雲林縣","area":"虎尾鎮","market_address":"雲林縣虎尾鎮新興里１３鄰中正路３９號","user":"林夢雲","行業代號":null,"market_name":["餐食攤販","麵店、小吃店"],"行業代號1":null,"名稱1":null,"行業代號2":null,"名稱2":null,"行業代號3":null,"名稱3":null,"category":["夜市/市場攤販","餐飲"],"id":20009420,"pay_list":"","pay_tool":""},{"index":138,"shop":"斗六嘴大王魷魚羹","zone":"雲嘉南","city":"雲林縣","area":"虎尾鎮","market_address":"雲林縣虎尾鎮新興里１３鄰中正路３９號","user":"周金葉","行業代號":null,"market_name":["餐食攤販","麵店、小吃店"],"行業代號1":null,"名稱1":null,"行業代號2":null,"名稱2":null,"行業代號3":null,"名稱3":null,"category":["夜市/市場攤販","餐飲"],"id":20009421,"pay_list":"","pay_tool":""},{"index":139,"shop":"阿桂鵝肉","zone":"雲嘉南","city":"雲林縣","area":"虎尾鎮","market_address":"雲林縣虎尾鎮公安里１２鄰光復路４５０號","user":"胡碧桂","行業代號":null,"market_name":["餐食攤販","麵店、小吃店"],"行業代號1":null,"名稱1":null,"行業代號2":null,"名稱2":null,"行業代號3":null,"名稱3":null,"category":["夜市/市場攤販","餐飲"],"id":20009425,"pay_list":"","pay_tool":""},{"index":140,"shop":"哈囉冷飲店","zone":"雲嘉南","city":"雲林縣","area":"虎尾鎮","market_address":"雲林縣虎尾鎮立仁里１９鄰四維街６８號","user":"林亦敏","行業代號":null,"market_name":["冰果店、冷（熱）飲店","調理飲料攤販"],"行業代號1":null,"名稱1":null,"行業代號2":null,"名稱2":null,"行業代號3":null,"名稱3":null,"category":["夜市/市場攤販","餐飲"],"id":20010352,"pay_list":"","pay_tool":""},{"index":141,"shop":"北極熊冰品","zone":"雲嘉南","city":"雲林縣","area":"虎尾鎮","market_address":"雲林縣虎尾鎮西安里５鄰中正路２６８號","user":"蔡源助","行業代號":null,"market_name":["冰果店、冷（熱）飲店","調理飲料攤販"],"行業代號1":null,"名稱1":null,"行業代號2":null,"名稱2":null,"行業代號3":null,"名稱3":null,"category":["夜市/市場攤販","餐飲"],"id":20011357,"pay_list":"","pay_tool":""},{"index":142,"shop":"新而登西式速食店（西安店）","zone":"雲嘉南","city":"雲林縣","area":"虎尾鎮","market_address":"雲林縣虎尾鎮西安里６鄰林森路２段３０９號","user":"廖永旭","行業代號":null,"market_name":["餐食攤販","早餐店"],"行業代號1":null,"名稱1":null,"行業代號2":null,"名稱2":null,"行業代號3":null,"名稱3":null,"category":["夜市/市場攤販","餐飲"],"id":20011581,"pay_list":"","pay_tool":""},{"index":143,"shop":"新而登西式速食店","zone":"雲嘉南","city":"雲林縣","area":"虎尾鎮","market_address":"雲林縣虎尾鎮中山里６鄰中山路７２號","user":"康錦麗","行業代號":null,"market_name":["餐食攤販","早餐店"],"行業代號1":null,"名稱1":null,"行業代號2":null,"名稱2":null,"行業代號3":null,"名稱3":null,"category":["夜市/市場攤販","餐飲"],"id":20011582,"pay_list":"","pay_tool":""},{"index":144,"shop":"大家樂小吃部","zone":"雲嘉南","city":"雲林縣","area":"虎尾鎮","market_address":"雲林縣虎尾鎮東仁里９鄰中華路９２號","user":"陳馬桂花","行業代號":null,"market_name":["餐食攤販","麵店、小吃店"],"行業代號1":null,"名稱1":null,"行業代號2":null,"名稱2":null,"行業代號3":null,"名稱3":null,"category":["夜市/市場攤販","餐飲"],"id":20011998,"pay_list":"","pay_tool":""},{"index":145,"shop":"阿丹麵攤","zone":"雲嘉南","city":"雲林縣","area":"虎尾鎮","market_address":"雲林縣虎尾鎮公安里光復路６３０號","user":"王九文","行業代號":null,"market_name":["餐食攤販","麵店、小吃店"],"行業代號1":null,"名稱1":null,"行業代號2":null,"名稱2":null,"行業代號3":null,"名稱3":null,"category":["夜市/市場攤販","餐飲"],"id":20012988,"pay_list":"","pay_tool":""},{"index":146,"shop":"美加美漢堡","zone":"雲嘉南","city":"雲林縣","area":"虎尾鎮","market_address":"雲林縣虎尾鎮立仁里２４鄰工專路１２６號","user":"黃麗美","行業代號":null,"market_name":["餐食攤販","早餐店"],"行業代號1":null,"名稱1":null,"行業代號2":null,"名稱2":null,"行業代號3":null,"名稱3":null,"category":["夜市/市場攤販","餐飲"],"id":20013012,"pay_list":"","pay_tool":""},{"index":147,"shop":"施志雄肉羹","zone":"雲嘉南","city":"雲林縣","area":"虎尾鎮","market_address":"雲林縣虎尾鎮中山里中山路４９號","user":"施志雄","行業代號":null,"market_name":["餐食攤販","麵店、小吃店"],"行業代號1":null,"名稱1":null,"行業代號2":null,"名稱2":null,"行業代號3":null,"名稱3":null,"category":["夜市/市場攤販","餐飲"],"id":20013016,"pay_list":"","pay_tool":""},{"index":148,"shop":"卿台南傳統小吃","zone":"雲嘉南","city":"雲林縣","area":"虎尾鎮","market_address":"雲林縣虎尾鎮東仁里福民路６９號","user":"陳月卿","行業代號":null,"market_name":["餐食攤販","麵店、小吃店"],"行業代號1":null,"名稱1":null,"行業代號2":null,"名稱2":null,"行業代號3":null,"名稱3":null,"category":["夜市/市場攤販","餐飲"],"id":20013041,"pay_list":"","pay_tool":""},{"index":149,"shop":"甜甜早餐概念屋","zone":"雲嘉南","city":"雲林縣","area":"虎尾鎮","market_address":"雲林縣虎尾鎮立仁里文化路７號","user":"鄧菁方","行業代號":null,"market_name":["餐食攤販","早餐店"],"行業代號1":null,"名稱1":null,"行業代號2":null,"名稱2":null,"行業代號3":null,"名稱3":null,"category":["夜市/市場攤販","餐飲"],"id":20013047,"pay_list":"","pay_tool":""},{"index":150,"shop":"半路店平價小吃","zone":"雲嘉南","city":"雲林縣","area":"虎尾鎮","market_address":"雲林縣虎尾鎮頂溪里１６鄰中興路３２號","user":"梁美幸","行業代號":null,"market_name":["餐食攤販","麵店、小吃店"],"行業代號1":null,"名稱1":null,"行業代號2":null,"名稱2":null,"行業代號3":null,"名稱3":null,"category":["夜市/市場攤販","餐飲"],"id":20013177,"pay_list":"","pay_tool":""},{"index":151,"shop":"瑞麟美而美","zone":"雲嘉南","city":"雲林縣","area":"虎尾鎮","market_address":"雲林縣虎尾鎮中山里９鄰公安路１０２號１樓","user":"許文珠","行業代號":null,"market_name":["餐食攤販","早餐店"],"行業代號1":null,"名稱1":null,"行業代號2":null,"名稱2":null,"行業代號3":null,"名稱3":null,"category":["夜市/市場攤販","餐飲"],"id":20013724,"pay_list":"","pay_tool":""},{"index":152,"shop":"許素貞","zone":"雲嘉南","city":"雲林縣","area":"虎尾鎮","market_address":"雲林縣虎尾鎮新興里１７鄰和平路３５號","user":"許素貞","行業代號":null,"market_name":["餐食攤販"],"行業代號1":null,"名稱1":null,"行業代號2":null,"名稱2":null,"行業代號3":null,"名稱3":null,"category":["夜市/市場攤販"],"id":20014015,"pay_list":"","pay_tool":""},{"index":153,"shop":"美味家早餐店","zone":"雲嘉南","city":"雲林縣","area":"虎尾鎮","market_address":"雲林縣虎尾鎮埒內里５鄰７９―８號１樓","user":"施美花","行業代號":null,"market_name":["餐食攤販","早餐店"],"行業代號1":null,"名稱1":null,"行業代號2":null,"名稱2":null,"行業代號3":null,"名稱3":null,"category":["夜市/市場攤販","餐飲"],"id":20014395,"pay_list":"","pay_tool":""},{"index":154,"shop":"２派克脆皮雞排雲林虎尾店","zone":"雲嘉南","city":"雲林縣","area":"虎尾鎮","market_address":"雲林縣虎尾鎮中山里林森路一段４９７號","user":"楊舜億","行業代號":null,"market_name":["餐食攤販","麵店、小吃店"],"行業代號1":null,"名稱1":null,"行業代號2":null,"名稱2":null,"行業代號3":null,"名稱3":null,"category":["夜市/市場攤販","餐飲"],"id":20014522,"pay_list":["愛金卡","一卡通"],"pay_tool":["電子票證"]},{"index":155,"shop":"美味堡早餐店","zone":"雲嘉南","city":"雲林縣","area":"虎尾鎮","market_address":"雲林縣虎尾鎮新興里新生路１號","user":"林士雄","行業代號":null,"market_name":["餐食攤販","早餐店"],"行業代號1":null,"名稱1":null,"行業代號2":null,"名稱2":null,"行業代號3":null,"名稱3":null,"category":["夜市/市場攤販","餐飲"],"id":20014571,"pay_list":"","pay_tool":""},{"index":156,"shop":"高家壽司早餐店","zone":"雲嘉南","city":"雲林縣","area":"虎尾鎮","market_address":"雲林縣虎尾鎮東仁里１９鄰林森路１段３８５號","user":"高素梅","行業代號":null,"market_name":["餐食攤販","早餐店"],"行業代號1":null,"名稱1":null,"行業代號2":null,"名稱2":null,"行業代號3":null,"名稱3":null,"category":["夜市/市場攤販","餐飲"],"id":20014645,"pay_list":"","pay_tool":""},{"index":157,"shop":"耐肯輕食炸雞","zone":"雲嘉南","city":"雲林縣","area":"虎尾鎮","market_address":"雲林縣虎尾鎮西安里中正路２６５號","user":"吳麗月","行業代號":null,"market_name":["餐食攤販"],"行業代號1":null,"名稱1":null,"行業代號2":null,"名稱2":null,"行業代號3":null,"名稱3":null,"category":["夜市/市場攤販"],"id":20014673,"pay_list":["LINE PAY MONEY"],"pay_tool":["行動支付"]},{"index":158,"shop":"棕梠樹風味美食","zone":"雲嘉南","city":"雲林縣","area":"虎尾鎮","market_address":"雲林縣虎尾鎮西安里１６鄰中山路２５―９號１樓","user":"張玉珍","行業代號":null,"market_name":["餐食攤販","早餐店"],"行業代號1":null,"名稱1":null,"行業代號2":null,"名稱2":null,"行業代號3":null,"名稱3":null,"category":["夜市/市場攤販","餐飲"],"id":20014727,"pay_list":"","pay_tool":""},{"index":159,"shop":"阿婆麵店","zone":"雲嘉南","city":"雲林縣","area":"虎尾鎮","market_address":"雲林縣虎尾鎮中溪里１０鄰中興路１３８號","user":"朱世傑","行業代號":null,"market_name":["餐食攤販","麵店、小吃店"],"行業代號1":null,"名稱1":null,"行業代號2":null,"名稱2":null,"行業代號3":null,"名稱3":null,"category":["夜市/市場攤販","餐飲"],"id":20014819,"pay_list":"","pay_tool":""},{"index":160,"shop":"兒茶素飲料","zone":"雲嘉南","city":"雲林縣","area":"虎尾鎮","market_address":"雲林縣虎尾鎮西屯里大屯２６８號騎樓下","user":"沈雅慧","行業代號":null,"market_name":["調理飲料攤販"],"行業代號1":null,"名稱1":null,"行業代號2":null,"名稱2":null,"行業代號3":null,"名稱3":null,"category":["夜市/市場攤販"],"id":20014974,"pay_list":"","pay_tool":""},{"index":161,"shop":"溫馨屋早餐店","zone":"雲嘉南","city":"雲林縣","area":"虎尾鎮","market_address":"雲林縣虎尾鎮立仁里２６鄰林森路２段２４６―２號","user":"李明憲","行業代號":null,"market_name":["餐食攤販","早餐店"],"行業代號1":null,"名稱1":null,"行業代號2":null,"名稱2":null,"行業代號3":null,"名稱3":null,"category":["夜市/市場攤販","餐飲"],"id":20014981,"pay_list":"","pay_tool":""},{"index":162,"shop":"早安美芝城","zone":"雲嘉南","city":"雲林縣","area":"虎尾鎮","market_address":"雲林縣虎尾鎮埒內里６鄰埒內１２１號","user":"吳明真","行業代號":null,"market_name":["餐食攤販","早餐店"],"行業代號1":null,"名稱1":null,"行業代號2":null,"名稱2":null,"行業代號3":null,"名稱3":null,"category":["夜市/市場攤販","餐飲"],"id":20015090,"pay_list":["街口支付","LINE PAY MONEY"],"pay_tool":["行動支付"]},{"index":163,"shop":"茂盛早餐店","zone":"雲嘉南","city":"雲林縣","area":"虎尾鎮","market_address":"雲林縣虎尾鎮公安里１８鄰林森路１段３０４號","user":"蔡美蓉","行業代號":null,"market_name":["餐食攤販","早餐店"],"行業代號1":null,"名稱1":null,"行業代號2":null,"名稱2":null,"行業代號3":null,"名稱3":null,"category":["夜市/市場攤販","餐飲"],"id":20015122,"pay_list":"","pay_tool":""},{"index":164,"shop":"超級雞車","zone":"雲嘉南","city":"雲林縣","area":"虎尾鎮","market_address":"雲林縣虎尾鎮西安里６鄰林森路２段３０５號","user":"劉淑玲","行業代號":null,"market_name":["餐食攤販","麵店、小吃店"],"行業代號1":null,"名稱1":null,"行業代號2":null,"名稱2":null,"行業代號3":null,"名稱3":null,"category":["夜市/市場攤販","餐飲"],"id":20018732,"pay_list":"","pay_tool":""},{"index":165,"shop":"大成素食早餐店","zone":"雲嘉南","city":"雲林縣","area":"虎尾鎮","market_address":"雲林縣虎尾鎮平和里８鄰大成街７９號","user":"李素只","行業代號":null,"market_name":["餐食攤販","早餐店"],"行業代號1":null,"名稱1":null,"行業代號2":null,"名稱2":null,"行業代號3":null,"名稱3":null,"category":["夜市/市場攤販","餐飲"],"id":20018787,"pay_list":"","pay_tool":""},{"index":166,"shop":"傑古早味滷肉米糕","zone":"雲嘉南","city":"雲林縣","area":"虎尾鎮","market_address":"雲林縣虎尾鎮德興里１２鄰德興路９３號騎樓","user":"胡世傑","行業代號":null,"market_name":["餐食攤販"],"行業代號1":null,"名稱1":null,"行業代號2":null,"名稱2":null,"行業代號3":null,"名稱3":null,"category":["夜市/市場攤販"],"id":20019086,"pay_list":"","pay_tool":""},{"index":167,"shop":"美而美漢堡店","zone":"雲嘉南","city":"雲林縣","area":"虎尾鎮","market_address":"雲林縣虎尾鎮公安里光復路４８９號","user":"王興華","行業代號":null,"market_name":["餐食攤販","早餐店"],"行業代號1":null,"名稱1":null,"行業代號2":null,"名稱2":null,"行業代號3":null,"名稱3":null,"category":["夜市/市場攤販","餐飲"],"id":20019182,"pay_list":"","pay_tool":""},{"index":168,"shop":"眼鏡仔豬血湯","zone":"雲嘉南","city":"雲林縣","area":"虎尾鎮","market_address":"雲林縣虎尾鎮西安里０１８鄰中正路２１１號","user":"洪文生","行業代號":null,"market_name":["餐食攤販","麵店、小吃店"],"行業代號1":null,"名稱1":null,"行業代號2":null,"名稱2":null,"行業代號3":null,"名稱3":null,"category":["夜市/市場攤販","餐飲"],"id":20026163,"pay_list":"","pay_tool":""},{"index":169,"shop":"路邊雞排攤","zone":"雲嘉南","city":"雲林縣","area":"虎尾鎮","market_address":"雲林縣虎尾鎮東仁里林森路１段４０３號旁廣場","user":"曾巧云","行業代號":null,"market_name":["餐食攤販","麵店、小吃店"],"行業代號1":null,"名稱1":null,"行業代號2":null,"名稱2":null,"行業代號3":null,"名稱3":null,"category":["夜市/市場攤販","餐飲"],"id":20026230,"pay_list":"","pay_tool":""},{"index":170,"shop":"南台灣??魠魚羹","zone":"雲嘉南","city":"雲林縣","area":"虎尾鎮","market_address":"雲林縣虎尾鎮西安里０１９鄰中正路２２７―１號","user":"洪久惠","行業代號":null,"market_name":["餐食攤販","麵店、小吃店"],"行業代號1":null,"名稱1":null,"行業代號2":null,"名稱2":null,"行業代號3":null,"名稱3":null,"category":["夜市/市場攤販","餐飲"],"id":20026263,"pay_list":"","pay_tool":""},{"index":171,"shop":"林雅純","zone":"雲嘉南","city":"雲林縣","area":"虎尾鎮","market_address":"雲林縣虎尾鎮立仁里５鄰北平路２０５號","user":"林雅純","行業代號":null,"market_name":["餐食攤販","早餐店"],"行業代號1":null,"名稱1":null,"行業代號2":null,"名稱2":null,"行業代號3":null,"名稱3":null,"category":["夜市/市場攤販","餐飲"],"id":20026815,"pay_list":"","pay_tool":""},{"index":172,"shop":"蔡崑龍","zone":"雲嘉南","city":"雲林縣","area":"虎尾鎮","market_address":"雲林縣虎尾鎮西安里６鄰林森路２段２９１號","user":"蔡崑龍","行業代號":null,"market_name":["餐食攤販","麵店、小吃店"],"行業代號1":null,"名稱1":null,"行業代號2":null,"名稱2":null,"行業代號3":null,"名稱3":null,"category":["夜市/市場攤販","餐飲"],"id":20027391,"pay_list":"","pay_tool":""},{"index":173,"shop":"吳王素霞","zone":"雲嘉南","city":"雲林縣","area":"虎尾鎮","market_address":"雲林縣虎尾鎮惠來里７鄰惠來１０８號","user":"吳王素霞","行業代號":null,"market_name":["餐食攤販","早餐店"],"行業代號1":null,"名稱1":null,"行業代號2":null,"名稱2":null,"行業代號3":null,"名稱3":null,"category":["夜市/市場攤販","餐飲"],"id":20027411,"pay_list":"","pay_tool":""},{"index":174,"shop":"上惠中西式早餐店","zone":"雲嘉南","city":"雲林縣","area":"虎尾鎮","market_address":"雲林縣虎尾鎮惠來里１７鄰惠來２１０號","user":"陳美惠","行業代號":null,"market_name":["餐食攤販","早餐店"],"行業代號1":null,"名稱1":null,"行業代號2":null,"名稱2":null,"行業代號3":null,"名稱3":null,"category":["夜市/市場攤販","餐飲"],"id":20027423,"pay_list":"","pay_tool":""},{"index":175,"shop":"周群翊","zone":"雲嘉南","city":"雲林縣","area":"虎尾鎮","market_address":"雲林縣虎尾鎮新興里民權路３１號","user":"周群翊","行業代號":null,"market_name":["餐食攤販","麵店、小吃店"],"行業代號1":null,"名稱1":null,"行業代號2":null,"名稱2":null,"行業代號3":null,"名稱3":null,"category":["夜市/市場攤販","餐飲"],"id":20032102,"pay_list":"","pay_tool":""},{"index":176,"shop":"素食攤","zone":"雲嘉南","city":"雲林縣","area":"虎尾鎮","market_address":"雲林縣虎尾鎮中山里１７鄰中正路１９０號","user":"吳畯鋐","行業代號":null,"market_name":["餐食攤販","麵店、小吃店"],"行業代號1":null,"名稱1":null,"行業代號2":null,"名稱2":null,"行業代號3":null,"名稱3":null,"category":["夜市/市場攤販","餐飲"],"id":20032218,"pay_list":"","pay_tool":""},{"index":177,"shop":"茅舍商行","zone":"雲嘉南","city":"雲林縣","area":"虎尾鎮","market_address":"雲林縣虎尾鎮東仁里１８鄰林森路１段４１５號","user":"廖美津","行業代號":null,"market_name":["餐食攤販","麵店、小吃店"],"行業代號1":null,"名稱1":null,"行業代號2":null,"名稱2":null,"行業代號3":null,"名稱3":null,"category":["夜市/市場攤販","餐飲"],"id":20032373,"pay_list":"","pay_tool":""},{"index":178,"shop":"阿義師料理","zone":"雲嘉南","city":"雲林縣","area":"虎尾鎮","market_address":"雲林縣虎尾鎮公安里博愛路４４號","user":"曾信宇","行業代號":null,"market_name":["餐食攤販","麵店、小吃店"],"行業代號1":null,"名稱1":null,"行業代號2":null,"名稱2":null,"行業代號3":null,"名稱3":null,"category":["夜市/市場攤販","餐飲"],"id":20032562,"pay_list":"","pay_tool":""},{"index":179,"shop":"上慶炸雞","zone":"雲嘉南","city":"雲林縣","area":"虎尾鎮","market_address":"雲林縣虎尾鎮東仁里１８鄰光復路４２２號騎樓","user":"黃永豪","行業代號":null,"market_name":["餐食攤販","麵店、小吃店"],"行業代號1":null,"名稱1":null,"行業代號2":null,"名稱2":null,"行業代號3":null,"名稱3":null,"category":["夜市/市場攤販","餐飲"],"id":20032625,"pay_list":"","pay_tool":""},{"index":180,"shop":"美而美東仁店","zone":"雲嘉南","city":"雲林縣","area":"虎尾鎮","market_address":"雲林縣虎尾鎮東仁里０３１鄰東明路１８３號","user":"廖美蓮","行業代號":null,"market_name":["餐食攤販","麵店、小吃店"],"行業代號1":null,"名稱1":null,"行業代號2":null,"名稱2":null,"行業代號3":null,"名稱3":null,"category":["夜市/市場攤販","餐飲"],"id":20032630,"pay_list":"","pay_tool":""},{"index":181,"shop":"中式早點","zone":"雲嘉南","city":"雲林縣","area":"虎尾鎮","market_address":"雲林縣虎尾鎮新興里新興路５０號旁","user":"張志誠","行業代號":null,"market_name":["餐食攤販"],"行業代號1":null,"名稱1":null,"行業代號2":null,"名稱2":null,"行業代號3":null,"名稱3":null,"category":["夜市/市場攤販"],"id":20032648,"pay_list":"","pay_tool":""},{"index":182,"shop":"李足滿","zone":"雲嘉南","city":"雲林縣","area":"虎尾鎮","market_address":"雲林縣虎尾鎮東仁里１９鄰林森路１段３８５―１號騎樓","user":"李足滿","行業代號":null,"market_name":["餐食攤販","麵店、小吃店"],"行業代號1":null,"名稱1":null,"行業代號2":null,"名稱2":null,"行業代號3":null,"名稱3":null,"category":["夜市/市場攤販","餐飲"],"id":20032655,"pay_list":"","pay_tool":""},{"index":183,"shop":"美而美漢堡店","zone":"雲嘉南","city":"雲林縣","area":"虎尾鎮","market_address":"雲林縣虎尾鎮東仁里２１鄰林森路１段３３９號","user":"李稚生","行業代號":null,"market_name":["餐食攤販","早餐店"],"行業代號1":null,"名稱1":null,"行業代號2":null,"名稱2":null,"行業代號3":null,"名稱3":null,"category":["夜市/市場攤販","餐飲"],"id":20032659,"pay_list":"","pay_tool":""},{"index":184,"shop":"廖秀美","zone":"雲嘉南","city":"雲林縣","area":"虎尾鎮","market_address":"雲林縣虎尾鎮新興里新興路７０號","user":"廖秀美","行業代號":null,"market_name":["餐食攤販"],"行業代號1":null,"名稱1":null,"行業代號2":null,"名稱2":null,"行業代號3":null,"名稱3":null,"category":["夜市/市場攤販"],"id":20032720,"pay_list":"","pay_tool":""},{"index":185,"shop":"品奇早餐店","zone":"雲嘉南","city":"雲林縣","area":"虎尾鎮","market_address":"雲林縣虎尾鎮公安里新興路１３５號","user":"許峻福","行業代號":null,"market_name":["餐食攤販","早餐店"],"行業代號1":null,"名稱1":null,"行業代號2":null,"名稱2":null,"行業代號3":null,"名稱3":null,"category":["夜市/市場攤販","餐飲"],"id":20032785,"pay_list":"","pay_tool":""},{"index":186,"shop":"李謀岳","zone":"雲嘉南","city":"雲林縣","area":"虎尾鎮","market_address":"雲林縣虎尾鎮公安里博愛路５號","user":"李謀岳","行業代號":null,"market_name":["餐食攤販","麵店、小吃店"],"行業代號1":null,"名稱1":null,"行業代號2":null,"名稱2":null,"行業代號3":null,"名稱3":null,"category":["夜市/市場攤販","餐飲"],"id":20032786,"pay_list":"","pay_tool":""},{"index":187,"shop":"統賀牛排","zone":"雲嘉南","city":"雲林縣","area":"虎尾鎮","market_address":"雲林縣虎尾鎮新興里民權路６１號","user":"陳灯宗","行業代號":null,"market_name":["餐食攤販"],"行業代號1":null,"名稱1":null,"行業代號2":null,"名稱2":null,"行業代號3":null,"名稱3":null,"category":["夜市/市場攤販"],"id":20032787,"pay_list":"","pay_tool":""},{"index":188,"shop":"信義早餐店","zone":"雲嘉南","city":"雲林縣","area":"虎尾鎮","market_address":"雲林縣虎尾鎮東仁里５鄰弘道路７號","user":"蔡榮民","行業代號":null,"market_name":["餐食攤販","早餐店"],"行業代號1":null,"名稱1":null,"行業代號2":null,"名稱2":null,"行業代號3":null,"名稱3":null,"category":["夜市/市場攤販","餐飲"],"id":20032942,"pay_list":"","pay_tool":""},{"index":189,"shop":"簡秀妹","zone":"雲嘉南","city":"雲林縣","area":"虎尾鎮","market_address":"雲林縣虎尾鎮新興里８鄰光復路４６７號","user":"簡秀妹","行業代號":null,"market_name":["餐食攤販"],"行業代號1":null,"名稱1":null,"行業代號2":null,"名稱2":null,"行業代號3":null,"名稱3":null,"category":["夜市/市場攤販"],"id":20033189,"pay_list":"","pay_tool":""},{"index":190,"shop":"雞家庄","zone":"雲嘉南","city":"雲林縣","area":"虎尾鎮","market_address":"雲林縣虎尾鎮東仁里信義路７７號","user":"鄭陳柳","行業代號":null,"market_name":["餐食攤販","麵店、小吃店"],"行業代號1":null,"名稱1":null,"行業代號2":null,"名稱2":null,"行業代號3":null,"名稱3":null,"category":["夜市/市場攤販","餐飲"],"id":20033217,"pay_list":"","pay_tool":""},{"index":191,"shop":"食神滷味","zone":"雲嘉南","city":"雲林縣","area":"虎尾鎮","market_address":"雲林縣虎尾鎮立仁里２５鄰四維街１１號騎樓","user":"黃盈瑩","行業代號":null,"market_name":["餐食攤販"],"行業代號1":null,"名稱1":null,"行業代號2":null,"名稱2":null,"行業代號3":null,"名稱3":null,"category":["夜市/市場攤販"],"id":20033240,"pay_list":"","pay_tool":""},{"index":192,"shop":"王麗美","zone":"雲嘉南","city":"雲林縣","area":"虎尾鎮","market_address":"雲林縣虎尾鎮西安里文化路６４號旁邊","user":"王麗美","行業代號":null,"market_name":["餐食攤販"],"行業代號1":null,"名稱1":null,"行業代號2":null,"名稱2":null,"行業代號3":null,"名稱3":null,"category":["夜市/市場攤販"],"id":20033733,"pay_list":"","pay_tool":""},{"index":193,"shop":"王羽溱","zone":"雲嘉南","city":"雲林縣","area":"虎尾鎮","market_address":"雲林縣虎尾鎮東仁里信義路５７號","user":"王羽溱","行業代號":null,"market_name":["餐食攤販"],"行業代號1":null,"名稱1":null,"行業代號2":null,"名稱2":null,"行業代號3":null,"名稱3":null,"category":["夜市/市場攤販"],"id":20041364,"pay_list":"","pay_tool":""},{"index":194,"shop":"費城起司堡","zone":"雲嘉南","city":"雲林縣","area":"虎尾鎮","market_address":"雲林縣虎尾鎮新興里民權路５７號１樓","user":"周照明","行業代號":null,"market_name":["餐食攤販"],"行業代號1":null,"名稱1":null,"行業代號2":null,"名稱2":null,"行業代號3":null,"名稱3":null,"category":["夜市/市場攤販"],"id":20041373,"pay_list":"","pay_tool":""},{"index":195,"shop":"享食","zone":"雲嘉南","city":"雲林縣","area":"虎尾鎮","market_address":"雲林縣虎尾鎮平和里大成街２５號對面空地","user":"陳冠榮","行業代號":null,"market_name":["餐食攤販"],"行業代號1":null,"名稱1":null,"行業代號2":null,"名稱2":null,"行業代號3":null,"名稱3":null,"category":["夜市/市場攤販"],"id":20054653,"pay_list":"","pay_tool":""},{"index":196,"shop":"王俊仁","zone":"雲嘉南","city":"雲林縣","area":"虎尾鎮","market_address":"雲林縣虎尾鎮中山里仁愛路７６號路旁","user":"王俊仁","行業代號":null,"market_name":["餐食攤販"],"行業代號1":null,"名稱1":null,"行業代號2":null,"名稱2":null,"行業代號3":null,"名稱3":null,"category":["夜市/市場攤販"],"id":20057509,"pay_list":["LINE PAY MONEY"],"pay_tool":["行動支付"]},{"index":197,"shop":"深海深魚土魠魚??","zone":"雲嘉南","city":"雲林縣","area":"虎尾鎮","market_address":"雲林縣虎尾鎮公安里光復路４４８號","user":"蔡淑慧","行業代號":null,"market_name":["餐食攤販","麵店、小吃店"],"行業代號1":null,"名稱1":null,"行業代號2":null,"名稱2":null,"行業代號3":null,"名稱3":null,"category":["夜市/市場攤販","餐飲"],"id":20058505,"pay_list":"","pay_tool":""},{"index":198,"shop":"巨林美而美漢堡","zone":"雲嘉南","city":"雲林縣","area":"虎尾鎮","market_address":"雲林縣虎尾鎮中山里林森路１段５２５號","user":"呂凉","行業代號":null,"market_name":["餐食攤販","早餐店"],"行業代號1":null,"名稱1":null,"行業代號2":null,"名稱2":null,"行業代號3":null,"名稱3":null,"category":["夜市/市場攤販","餐飲"],"id":20059552,"pay_list":["LINE PAY MONEY"],"pay_tool":["行動支付"]},{"index":199,"shop":"９元炸雞","zone":"雲嘉南","city":"雲林縣","area":"虎尾鎮","market_address":"雲林縣虎尾鎮中山里１０鄰公安路８６號騎樓","user":"蔡麗真","行業代號":null,"market_name":["餐食攤販"],"行業代號1":null,"名稱1":null,"行業代號2":null,"名稱2":null,"行業代號3":null,"名稱3":null,"category":["夜市/市場攤販"],"id":20061085,"pay_list":"","pay_tool":""},{"index":200,"shop":"廣銘早點專賣店","zone":"雲嘉南","city":"雲林縣","area":"虎尾鎮","market_address":"雲林縣虎尾鎮立仁里忠孝路７１號","user":"林恩亮","行業代號":null,"market_name":["餐食攤販","早餐店"],"行業代號1":null,"名稱1":null,"行業代號2":null,"名稱2":null,"行業代號3":null,"名稱3":null,"category":["夜市/市場攤販","餐飲"],"id":20062978,"pay_list":"","pay_tool":""}]