[{"index":1,"id":20011590,"user":"張明源","shop":"張明源","category":["夜市/市場攤販"],"zone":"雲嘉南","city":"雲林縣","area":"斗南鎮","market_name":["餐食攤販"],"market_address":"雲林縣斗南鎮中天里中正路８０號","pay_list":"","pay_tool":""},{"index":2,"id":20033416,"user":"陳浚莆","shop":"嘟嘟豪","category":["夜市/市場攤販"],"zone":"雲嘉南","city":"雲林縣","area":"斗南鎮","market_name":["餐食攤販"],"market_address":"雲林縣斗南鎮中天里文元二街３６號１樓","pay_list":"","pay_tool":""},{"index":3,"id":20033949,"user":"曾進忠","shop":"曾進忠","category":["夜市/市場攤販"],"zone":"雲嘉南","city":"雲林縣","area":"斗南鎮","market_name":["餐食攤販"],"market_address":"雲林縣斗南鎮新光里光華路６０號旁","pay_list":"","pay_tool":""},{"index":4,"id":20058058,"user":"黃泓棋","shop":"金可口商行","category":["夜市/市場攤販"],"zone":"雲嘉南","city":"雲林縣","area":"斗南鎮","market_name":["餐食攤販"],"market_address":"雲林縣斗南鎮南昌里南昌段９７２號斗南市場第６號","pay_list":"","pay_tool":""}]