[{"index":1,"id":10031644,"user":"紀坤成","shop":"大肚公有零售市場-協益號","category":"夜市/市場攤販","zone":"中彰投","city":"臺中市","area":"大肚區","market_name":"大肚公有零售市場","market_address":"臺中市大肚區頂街里沙田路2段707號","pay_list":"","pay_tool":"","行業代號":null,"行業代號1":null,"名稱1":null,"行業代號2":null,"名稱2":null,"行業代號3":null,"名稱3":null},{"index":2,"id":10031645,"user":"張欽銘","shop":"大肚公有零售市場-雜貨舖","category":"夜市/市場攤販","zone":"中彰投","city":"臺中市","area":"大肚區","market_name":"大肚公有零售市場","market_address":"臺中市大肚區頂街里沙田路2段707號","pay_list":"","pay_tool":"","行業代號":null,"行業代號1":null,"名稱1":null,"行業代號2":null,"名稱2":null,"行業代號3":null,"名稱3":null},{"index":3,"id":10031646,"user":"葉建伍","shop":"大肚公有零售市場-鴨肉麵","category":"夜市/市場攤販","zone":"中彰投","city":"臺中市","area":"大肚區","market_name":"大肚公有零售市場","market_address":"臺中市大肚區頂街里沙田路2段707號","pay_list":"","pay_tool":"","行業代號":null,"行業代號1":null,"名稱1":null,"行業代號2":null,"名稱2":null,"行業代號3":null,"名稱3":null},{"index":4,"id":10031648,"user":"黃鴻志","shop":"大肚公有零售市場-黃鴻志","category":"夜市/市場攤販","zone":"中彰投","city":"臺中市","area":"大肚區","market_name":"大肚公有零售市場","market_address":"臺中市大肚區頂街里沙田路2段707號","pay_list":"","pay_tool":"","行業代號":null,"行業代號1":null,"名稱1":null,"行業代號2":null,"名稱2":null,"行業代號3":null,"名稱3":null},{"index":5,"id":10031649,"user":"陳武徹","shop":"大肚公有零售市場-文彬書局","category":"夜市/市場攤販","zone":"中彰投","city":"臺中市","area":"大肚區","market_name":"大肚公有零售市場","market_address":"臺中市大肚區頂街里沙田路2段707號","pay_list":"","pay_tool":"","行業代號":null,"行業代號1":null,"名稱1":null,"行業代號2":null,"名稱2":null,"行業代號3":null,"名稱3":null},{"index":6,"id":10031650,"user":"陳柏均","shop":"大肚公有零售市場-文彬書局","category":"夜市/市場攤販","zone":"中彰投","city":"臺中市","area":"大肚區","market_name":"大肚公有零售市場","market_address":"臺中市大肚區頂街里沙田路2段707號","pay_list":"","pay_tool":"","行業代號":null,"行業代號1":null,"名稱1":null,"行業代號2":null,"名稱2":null,"行業代號3":null,"名稱3":null},{"index":7,"id":10031651,"user":"白碧珠","shop":"大肚公有零售市場-新珍芳製香舖","category":"夜市/市場攤販","zone":"中彰投","city":"臺中市","area":"大肚區","market_name":"大肚公有零售市場","market_address":"臺中市大肚區頂街里沙田路2段707號","pay_list":"","pay_tool":"","行業代號":null,"行業代號1":null,"名稱1":null,"行業代號2":null,"名稱2":null,"行業代號3":null,"名稱3":null},{"index":8,"id":10031652,"user":"陳彥愷","shop":"大肚公有零售市場-文彬書局","category":"夜市/市場攤販","zone":"中彰投","city":"臺中市","area":"大肚區","market_name":"大肚公有零售市場","market_address":"臺中市大肚區頂街里沙田路2段707號","pay_list":"","pay_tool":"","行業代號":null,"行業代號1":null,"名稱1":null,"行業代號2":null,"名稱2":null,"行業代號3":null,"名稱3":null},{"index":9,"id":10031653,"user":"蔡承諭","shop":"大肚公有零售市場-蔡承諭","category":"夜市/市場攤販","zone":"中彰投","city":"臺中市","area":"大肚區","market_name":"大肚公有零售市場","market_address":"臺中市大肚區頂街里沙田路2段707號","pay_list":"","pay_tool":"","行業代號":null,"行業代號1":null,"名稱1":null,"行業代號2":null,"名稱2":null,"行業代號3":null,"名稱3":null},{"index":10,"id":10031654,"user":"張基安","shop":"大肚公有零售市場-張基安","category":"夜市/市場攤販","zone":"中彰投","city":"臺中市","area":"大肚區","market_name":"大肚公有零售市場","market_address":"臺中市大肚區頂街里沙田路2段707號","pay_list":"","pay_tool":"","行業代號":null,"行業代號1":null,"名稱1":null,"行業代號2":null,"名稱2":null,"行業代號3":null,"名稱3":null},{"index":11,"id":10031655,"user":"趙翊惠","shop":"大肚公有零售市場-富味香","category":"夜市/市場攤販","zone":"中彰投","city":"臺中市","area":"大肚區","market_name":"大肚公有零售市場","market_address":"臺中市大肚區頂街里沙田路2段707號","pay_list":"","pay_tool":"","行業代號":null,"行業代號1":null,"名稱1":null,"行業代號2":null,"名稱2":null,"行業代號3":null,"名稱3":null},{"index":12,"id":10031656,"user":"周麗花","shop":"大肚公有零售市場-阿花姐","category":"夜市/市場攤販","zone":"中彰投","city":"臺中市","area":"大肚區","market_name":"大肚公有零售市場","market_address":"臺中市大肚區頂街里沙田路2段707號","pay_list":"","pay_tool":"","行業代號":null,"行業代號1":null,"名稱1":null,"行業代號2":null,"名稱2":null,"行業代號3":null,"名稱3":null},{"index":13,"id":10031657,"user":"張玉盞","shop":"大肚公有零售市場-阿玉鮮魚行","category":"夜市/市場攤販","zone":"中彰投","city":"臺中市","area":"大肚區","market_name":"大肚公有零售市場","market_address":"臺中市大肚區頂街里沙田路2段707號","pay_list":"","pay_tool":"","行業代號":null,"行業代號1":null,"名稱1":null,"行業代號2":null,"名稱2":null,"行業代號3":null,"名稱3":null},{"index":14,"id":10031659,"user":"李正智","shop":"大肚公有零售市場-阿玉鮮魚行","category":"夜市/市場攤販","zone":"中彰投","city":"臺中市","area":"大肚區","market_name":"大肚公有零售市場","market_address":"臺中市大肚區頂街里沙田路2段707號","pay_list":"","pay_tool":"","行業代號":null,"行業代號1":null,"名稱1":null,"行業代號2":null,"名稱2":null,"行業代號3":null,"名稱3":null},{"index":15,"id":10031660,"user":"趙旌揚","shop":"大肚公有零售市場-大肚明鵝肉","category":"夜市/市場攤販","zone":"中彰投","city":"臺中市","area":"大肚區","market_name":"大肚公有零售市場","market_address":"臺中市大肚區頂街里沙田路2段707號","pay_list":"","pay_tool":"","行業代號":null,"行業代號1":null,"名稱1":null,"行業代號2":null,"名稱2":null,"行業代號3":null,"名稱3":null},{"index":16,"id":10031661,"user":"顏敏益","shop":"大肚公有零售市場-顏敏益","category":"夜市/市場攤販","zone":"中彰投","city":"臺中市","area":"大肚區","market_name":"大肚公有零售市場","market_address":"臺中市大肚區頂街里沙田路2段707號","pay_list":"","pay_tool":"","行業代號":null,"行業代號1":null,"名稱1":null,"行業代號2":null,"名稱2":null,"行業代號3":null,"名稱3":null},{"index":17,"id":10031662,"user":"吳麗華","shop":"大肚公有零售市場-麗華蛤仔蜆仔水產","category":"夜市/市場攤販","zone":"中彰投","city":"臺中市","area":"大肚區","market_name":"大肚公有零售市場","market_address":"臺中市大肚區頂街里沙田路2段707號","pay_list":"","pay_tool":"","行業代號":null,"行業代號1":null,"名稱1":null,"行業代號2":null,"名稱2":null,"行業代號3":null,"名稱3":null},{"index":18,"id":10031663,"user":"陳碧霞","shop":"大肚公有零售市場-阿肥肉舖","category":"夜市/市場攤販","zone":"中彰投","city":"臺中市","area":"大肚區","market_name":"大肚公有零售市場","market_address":"臺中市大肚區頂街里沙田路2段707號","pay_list":"","pay_tool":"","行業代號":null,"行業代號1":null,"名稱1":null,"行業代號2":null,"名稱2":null,"行業代號3":null,"名稱3":null},{"index":19,"id":10031664,"user":"楊威傑","shop":"大肚公有零售市場-俊翔鮮魚行009","category":"夜市/市場攤販","zone":"中彰投","city":"臺中市","area":"大肚區","market_name":"大肚公有零售市場","market_address":"臺中市大肚區頂街里沙田路2段707號","pay_list":"","pay_tool":"","行業代號":null,"行業代號1":null,"名稱1":null,"行業代號2":null,"名稱2":null,"行業代號3":null,"名稱3":null},{"index":20,"id":10031665,"user":"賴永振","shop":"大肚公有零售市場-賴永振","category":"夜市/市場攤販","zone":"中彰投","city":"臺中市","area":"大肚區","market_name":"大肚公有零售市場","market_address":"臺中市大肚區頂街里沙田路2段707號","pay_list":"","pay_tool":"","行業代號":null,"行業代號1":null,"名稱1":null,"行業代號2":null,"名稱2":null,"行業代號3":null,"名稱3":null},{"index":21,"id":10031666,"user":"賴逸豐","shop":"大肚公有零售市場-永振蔬菜舖011 012 013","category":"夜市/市場攤販","zone":"中彰投","city":"臺中市","area":"大肚區","market_name":"大肚公有零售市場","market_address":"臺中市大肚區頂街里沙田路2段707號","pay_list":"","pay_tool":"","行業代號":null,"行業代號1":null,"名稱1":null,"行業代號2":null,"名稱2":null,"行業代號3":null,"名稱3":null},{"index":22,"id":10031667,"user":"張連恩","shop":"大肚公有零售市場-永振蔬菜舖011 012 013","category":"夜市/市場攤販","zone":"中彰投","city":"臺中市","area":"大肚區","market_name":"大肚公有零售市場","market_address":"臺中市大肚區頂街里沙田路2段707號","pay_list":"","pay_tool":"","行業代號":null,"行業代號1":null,"名稱1":null,"行業代號2":null,"名稱2":null,"行業代號3":null,"名稱3":null},{"index":23,"id":10031668,"user":"林彩雲","shop":"大肚公有零售市場-永振蔬菜舖011 012 013","category":"夜市/市場攤販","zone":"中彰投","city":"臺中市","area":"大肚區","market_name":"大肚公有零售市場","market_address":"臺中市大肚區頂街里沙田路2段707號","pay_list":"","pay_tool":"","行業代號":null,"行業代號1":null,"名稱1":null,"行業代號2":null,"名稱2":null,"行業代號3":null,"名稱3":null},{"index":24,"id":10031670,"user":"張月鐘","shop":"大肚公有零售市場-阿肥肉舖","category":"夜市/市場攤販","zone":"中彰投","city":"臺中市","area":"大肚區","market_name":"大肚公有零售市場","market_address":"臺中市大肚區頂街里沙田路2段707號","pay_list":"","pay_tool":"","行業代號":null,"行業代號1":null,"名稱1":null,"行業代號2":null,"名稱2":null,"行業代號3":null,"名稱3":null},{"index":25,"id":10031671,"user":"陳梓筠","shop":"大肚公有零售市場-阿肥肉舖014、016","category":"夜市/市場攤販","zone":"中彰投","city":"臺中市","area":"大肚區","market_name":"大肚公有零售市場","market_address":"臺中市大肚區頂街里沙田路2段707號","pay_list":"","pay_tool":"","行業代號":null,"行業代號1":null,"名稱1":null,"行業代號2":null,"名稱2":null,"行業代號3":null,"名稱3":null},{"index":26,"id":10031672,"user":"趙秀雪","shop":"大肚公有零售市場-趙秀雪","category":"夜市/市場攤販","zone":"中彰投","city":"臺中市","area":"大肚區","market_name":"大肚公有零售市場","market_address":"臺中市大肚區頂街里沙田路2段707號","pay_list":"","pay_tool":"","行業代號":null,"行業代號1":null,"名稱1":null,"行業代號2":null,"名稱2":null,"行業代號3":null,"名稱3":null},{"index":27,"id":10031673,"user":"趙建龍","shop":"大肚公有零售市場-趙建龍","category":"夜市/市場攤販","zone":"中彰投","city":"臺中市","area":"大肚區","market_name":"大肚公有零售市場","market_address":"臺中市大肚區頂街里沙田路2段707號","pay_list":"","pay_tool":"","行業代號":null,"行業代號1":null,"名稱1":null,"行業代號2":null,"名稱2":null,"行業代號3":null,"名稱3":null},{"index":28,"id":10031674,"user":"顏淑鶴","shop":"大肚公有零售市場-大肚貢丸018","category":"夜市/市場攤販","zone":"中彰投","city":"臺中市","area":"大肚區","market_name":"大肚公有零售市場","market_address":"臺中市大肚區頂街里沙田路2段707號","pay_list":"","pay_tool":"","行業代號":null,"行業代號1":null,"名稱1":null,"行業代號2":null,"名稱2":null,"行業代號3":null,"名稱3":null},{"index":29,"id":10031675,"user":"陳惠如","shop":"大肚公有零售市場-上好豬肉專賣店019、02","category":"夜市/市場攤販","zone":"中彰投","city":"臺中市","area":"大肚區","market_name":"大肚公有零售市場","market_address":"臺中市大肚區頂街里沙田路2段707號","pay_list":"","pay_tool":"","行業代號":null,"行業代號1":null,"名稱1":null,"行業代號2":null,"名稱2":null,"行業代號3":null,"名稱3":null},{"index":30,"id":10031676,"user":"陳鉦佳","shop":"大肚公有零售市場-上好豬肉專賣店019、02","category":"夜市/市場攤販","zone":"中彰投","city":"臺中市","area":"大肚區","market_name":"大肚公有零售市場","market_address":"臺中市大肚區頂街里沙田路2段707號","pay_list":"","pay_tool":"","行業代號":null,"行業代號1":null,"名稱1":null,"行業代號2":null,"名稱2":null,"行業代號3":null,"名稱3":null},{"index":31,"id":10031677,"user":"趙蔡杏","shop":"大肚公有零售市場-阿興土雞專賣021","category":"夜市/市場攤販","zone":"中彰投","city":"臺中市","area":"大肚區","market_name":"大肚公有零售市場","market_address":"臺中市大肚區頂街里沙田路2段707號","pay_list":"","pay_tool":"","行業代號":null,"行業代號1":null,"名稱1":null,"行業代號2":null,"名稱2":null,"行業代號3":null,"名稱3":null},{"index":32,"id":10031678,"user":"李永源","shop":"大肚公有零售市場-黑美人水果攤022、023","category":"夜市/市場攤販","zone":"中彰投","city":"臺中市","area":"大肚區","market_name":"大肚公有零售市場","market_address":"臺中市大肚區頂街里沙田路2段707號","pay_list":"","pay_tool":"","行業代號":null,"行業代號1":null,"名稱1":null,"行業代號2":null,"名稱2":null,"行業代號3":null,"名稱3":null},{"index":33,"id":10031679,"user":"張麗貞","shop":"大肚公有零售市場-黑美人水果攤022、023","category":"夜市/市場攤販","zone":"中彰投","city":"臺中市","area":"大肚區","market_name":"大肚公有零售市場","market_address":"臺中市大肚區頂街里沙田路2段707號","pay_list":"","pay_tool":"","行業代號":null,"行業代號1":null,"名稱1":null,"行業代號2":null,"名稱2":null,"行業代號3":null,"名稱3":null},{"index":34,"id":10031681,"user":"蔡?霞","shop":"大肚公有零售市場-阿霞豆腐店","category":"夜市/市場攤販","zone":"中彰投","city":"臺中市","area":"大肚區","market_name":"大肚公有零售市場","market_address":"臺中市大肚區頂街里沙田路2段707號","pay_list":"","pay_tool":"","行業代號":null,"行業代號1":null,"名稱1":null,"行業代號2":null,"名稱2":null,"行業代號3":null,"名稱3":null},{"index":35,"id":10031682,"user":"趙福春","shop":"大肚公有零售市場-阿娟油飯","category":"夜市/市場攤販","zone":"中彰投","city":"臺中市","area":"大肚區","market_name":"大肚公有零售市場","market_address":"臺中市大肚區頂街里沙田路2段707號","pay_list":"","pay_tool":"","行業代號":null,"行業代號1":null,"名稱1":null,"行業代號2":null,"名稱2":null,"行業代號3":null,"名稱3":null},{"index":36,"id":10031683,"user":"王晉修","shop":"大肚公有零售市場-至善素食鋪","category":"夜市/市場攤販","zone":"中彰投","city":"臺中市","area":"大肚區","market_name":"大肚公有零售市場","market_address":"臺中市大肚區頂街里沙田路2段707號","pay_list":"","pay_tool":"","行業代號":null,"行業代號1":null,"名稱1":null,"行業代號2":null,"名稱2":null,"行業代號3":null,"名稱3":null},{"index":37,"id":10031684,"user":"胡秀瑩","shop":"大肚公有零售市場-胡秀瑩","category":"夜市/市場攤販","zone":"中彰投","city":"臺中市","area":"大肚區","market_name":"大肚公有零售市場","market_address":"臺中市大肚區頂街里沙田路2段707號","pay_list":"","pay_tool":"","行業代號":null,"行業代號1":null,"名稱1":null,"行業代號2":null,"名稱2":null,"行業代號3":null,"名稱3":null},{"index":38,"id":10031685,"user":"趙翠英","shop":"大肚公有零售市場-趙翠英","category":"夜市/市場攤販","zone":"中彰投","city":"臺中市","area":"大肚區","market_name":"大肚公有零售市場","market_address":"臺中市大肚區頂街里沙田路2段707號","pay_list":"","pay_tool":"","行業代號":null,"行業代號1":null,"名稱1":null,"行業代號2":null,"名稱2":null,"行業代號3":null,"名稱3":null},{"index":39,"id":10031686,"user":"張德媛","shop":"大肚公有零售市場-張德媛","category":"夜市/市場攤販","zone":"中彰投","city":"臺中市","area":"大肚區","market_name":"大肚公有零售市場","market_address":"臺中市大肚區頂街里沙田路2段707號","pay_list":"","pay_tool":"","行業代號":null,"行業代號1":null,"名稱1":null,"行業代號2":null,"名稱2":null,"行業代號3":null,"名稱3":null},{"index":40,"id":10031687,"user":"紀素蓮","shop":"大肚公有零售市場-紀素蓮","category":"夜市/市場攤販","zone":"中彰投","city":"臺中市","area":"大肚區","market_name":"大肚公有零售市場","market_address":"臺中市大肚區頂街里沙田路2段707號","pay_list":"","pay_tool":"","行業代號":null,"行業代號1":null,"名稱1":null,"行業代號2":null,"名稱2":null,"行業代號3":null,"名稱3":null},{"index":41,"id":10031688,"user":"紀劉快仔","shop":"大肚公有零售市場-紀劉快仔","category":"夜市/市場攤販","zone":"中彰投","city":"臺中市","area":"大肚區","market_name":"大肚公有零售市場","market_address":"臺中市大肚區頂街里沙田路2段707號","pay_list":"","pay_tool":"","行業代號":null,"行業代號1":null,"名稱1":null,"行業代號2":null,"名稱2":null,"行業代號3":null,"名稱3":null},{"index":42,"id":10031689,"user":"郭秀珠","shop":"大肚公有零售市場-中勇水果舖032","category":"夜市/市場攤販","zone":"中彰投","city":"臺中市","area":"大肚區","market_name":"大肚公有零售市場","market_address":"臺中市大肚區頂街里沙田路2段707號","pay_list":"","pay_tool":"","行業代號":null,"行業代號1":null,"名稱1":null,"行業代號2":null,"名稱2":null,"行業代號3":null,"名稱3":null},{"index":43,"id":10031690,"user":"林源興","shop":"大肚公有零售市場-阿貴海產","category":"夜市/市場攤販","zone":"中彰投","city":"臺中市","area":"大肚區","market_name":"大肚公有零售市場","market_address":"臺中市大肚區頂街里沙田路2段707號","pay_list":"","pay_tool":"","行業代號":null,"行業代號1":null,"名稱1":null,"行業代號2":null,"名稱2":null,"行業代號3":null,"名稱3":null},{"index":44,"id":10031692,"user":"陳曾滿","shop":"大肚公有零售市場-春益食品行","category":"夜市/市場攤販","zone":"中彰投","city":"臺中市","area":"大肚區","market_name":"大肚公有零售市場","market_address":"臺中市大肚區頂街里沙田路2段707號","pay_list":"","pay_tool":"","行業代號":null,"行業代號1":null,"名稱1":null,"行業代號2":null,"名稱2":null,"行業代號3":null,"名稱3":null},{"index":45,"id":10031693,"user":"趙惠美","shop":"大肚公有零售市場-優良品行","category":"夜市/市場攤販","zone":"中彰投","city":"臺中市","area":"大肚區","market_name":"大肚公有零售市場","market_address":"臺中市大肚區頂街里沙田路2段707號","pay_list":"","pay_tool":"","行業代號":null,"行業代號1":null,"名稱1":null,"行業代號2":null,"名稱2":null,"行業代號3":null,"名稱3":null},{"index":46,"id":10031694,"user":"趙廖玉英","shop":"大肚公有零售市場-鴻荃純穀坊","category":"夜市/市場攤販","zone":"中彰投","city":"臺中市","area":"大肚區","market_name":"大肚公有零售市場","market_address":"臺中市大肚區頂街里沙田路2段707號","pay_list":"","pay_tool":"","行業代號":null,"行業代號1":null,"名稱1":null,"行業代號2":null,"名稱2":null,"行業代號3":null,"名稱3":null},{"index":47,"id":10031695,"user":"黃松川","shop":"大肚公有零售市場-尚品麵條","category":"夜市/市場攤販","zone":"中彰投","city":"臺中市","area":"大肚區","market_name":"大肚公有零售市場","market_address":"臺中市大肚區頂街里沙田路2段707號","pay_list":"","pay_tool":"","行業代號":null,"行業代號1":null,"名稱1":null,"行業代號2":null,"名稱2":null,"行業代號3":null,"名稱3":null},{"index":48,"id":10031696,"user":"鄭連得","shop":"大肚公有零售市場-尚品素食舖","category":"夜市/市場攤販","zone":"中彰投","city":"臺中市","area":"大肚區","market_name":"大肚公有零售市場","market_address":"臺中市大肚區頂街里沙田路2段707號","pay_list":"","pay_tool":"","行業代號":null,"行業代號1":null,"名稱1":null,"行業代號2":null,"名稱2":null,"行業代號3":null,"名稱3":null},{"index":49,"id":10031697,"user":"王靜","shop":"大肚公有零售市場-阿財海產","category":"夜市/市場攤販","zone":"中彰投","city":"臺中市","area":"大肚區","market_name":"大肚公有零售市場","market_address":"臺中市大肚區頂街里沙田路2段707號","pay_list":"","pay_tool":"","行業代號":null,"行業代號1":null,"名稱1":null,"行業代號2":null,"名稱2":null,"行業代號3":null,"名稱3":null},{"index":50,"id":10031698,"user":"洪有材","shop":"大肚公有零售市場-阿財海產","category":"夜市/市場攤販","zone":"中彰投","city":"臺中市","area":"大肚區","market_name":"大肚公有零售市場","market_address":"臺中市大肚區頂街里沙田路2段707號","pay_list":"","pay_tool":"","行業代號":null,"行業代號1":null,"名稱1":null,"行業代號2":null,"名稱2":null,"行業代號3":null,"名稱3":null},{"index":51,"id":10031699,"user":"王宥憲","shop":"大肚公有零售市場-王宥憲","category":"夜市/市場攤販","zone":"中彰投","city":"臺中市","area":"大肚區","market_name":"大肚公有零售市場","market_address":"臺中市大肚區頂街里沙田路2段707號","pay_list":"","pay_tool":"","行業代號":null,"行業代號1":null,"名稱1":null,"行業代號2":null,"名稱2":null,"行業代號3":null,"名稱3":null},{"index":52,"id":10031700,"user":"林杏蓉","shop":"大肚公有零售市場-林杏蓉","category":"夜市/市場攤販","zone":"中彰投","city":"臺中市","area":"大肚區","market_name":"大肚公有零售市場","market_address":"臺中市大肚區頂街里沙田路2段707號","pay_list":"","pay_tool":"","行業代號":null,"行業代號1":null,"名稱1":null,"行業代號2":null,"名稱2":null,"行業代號3":null,"名稱3":null},{"index":53,"id":10031701,"user":"洪櫻綢","shop":"大肚公有零售市場-阿綢粿類","category":"夜市/市場攤販","zone":"中彰投","city":"臺中市","area":"大肚區","market_name":"大肚公有零售市場","market_address":"臺中市大肚區頂街里沙田路2段707號","pay_list":"","pay_tool":"","行業代號":null,"行業代號1":null,"名稱1":null,"行業代號2":null,"名稱2":null,"行業代號3":null,"名稱3":null},{"index":54,"id":10031703,"user":"陳黃阿美","shop":"大肚公有零售市場-廣發食品","category":"夜市/市場攤販","zone":"中彰投","city":"臺中市","area":"大肚區","market_name":"大肚公有零售市場","market_address":"臺中市大肚區頂街里沙田路2段707號","pay_list":"","pay_tool":"","行業代號":null,"行業代號1":null,"名稱1":null,"行業代號2":null,"名稱2":null,"行業代號3":null,"名稱3":null},{"index":55,"id":10031704,"user":"曾素珍","shop":"大肚公有零售市場-吉利肉鬆店","category":"夜市/市場攤販","zone":"中彰投","city":"臺中市","area":"大肚區","market_name":"大肚公有零售市場","market_address":"臺中市大肚區頂街里沙田路2段707號","pay_list":"","pay_tool":"","行業代號":null,"行業代號1":null,"名稱1":null,"行業代號2":null,"名稱2":null,"行業代號3":null,"名稱3":null},{"index":56,"id":10031705,"user":"陳昶誠","shop":"大肚公有零售市場-素蘭雜貨店046","category":"夜市/市場攤販","zone":"中彰投","city":"臺中市","area":"大肚區","market_name":"大肚公有零售市場","market_address":"臺中市大肚區頂街里沙田路2段707號","pay_list":"","pay_tool":"","行業代號":null,"行業代號1":null,"名稱1":null,"行業代號2":null,"名稱2":null,"行業代號3":null,"名稱3":null},{"index":57,"id":10031706,"user":"趙添貴","shop":"大肚公有零售市場-阿貴海產","category":"夜市/市場攤販","zone":"中彰投","city":"臺中市","area":"大肚區","market_name":"大肚公有零售市場","market_address":"臺中市大肚區頂街里沙田路2段707號","pay_list":"","pay_tool":"","行業代號":null,"行業代號1":null,"名稱1":null,"行業代號2":null,"名稱2":null,"行業代號3":null,"名稱3":null},{"index":58,"id":10031707,"user":"趙信宜","shop":"大肚公有零售市場-趙信宜","category":"夜市/市場攤販","zone":"中彰投","city":"臺中市","area":"大肚區","market_name":"大肚公有零售市場","market_address":"臺中市大肚區頂街里沙田路2段707號","pay_list":"","pay_tool":"","行業代號":null,"行業代號1":null,"名稱1":null,"行業代號2":null,"名稱2":null,"行業代號3":null,"名稱3":null},{"index":59,"id":10031708,"user":"李吉城","shop":"大肚公有零售市場-李吉城","category":"夜市/市場攤販","zone":"中彰投","city":"臺中市","area":"大肚區","market_name":"大肚公有零售市場","market_address":"臺中市大肚區頂街里沙田路2段707號","pay_list":"","pay_tool":"","行業代號":null,"行業代號1":null,"名稱1":null,"行業代號2":null,"名稱2":null,"行業代號3":null,"名稱3":null},{"index":60,"id":10031709,"user":"陳佳裕","shop":"大肚公有零售市場-阿珍舖","category":"夜市/市場攤販","zone":"中彰投","city":"臺中市","area":"大肚區","market_name":"大肚公有零售市場","market_address":"臺中市大肚區頂街里沙田路2段707號","pay_list":"","pay_tool":"","行業代號":null,"行業代號1":null,"名稱1":null,"行業代號2":null,"名稱2":null,"行業代號3":null,"名稱3":null},{"index":61,"id":10031710,"user":"趙國左","shop":"大肚公有零售市場-趙國左","category":"夜市/市場攤販","zone":"中彰投","city":"臺中市","area":"大肚區","market_name":"大肚公有零售市場","market_address":"臺中市大肚區頂街里沙田路2段707號","pay_list":"","pay_tool":"","行業代號":null,"行業代號1":null,"名稱1":null,"行業代號2":null,"名稱2":null,"行業代號3":null,"名稱3":null},{"index":62,"id":10031711,"user":"張婉真","shop":"大肚公有零售市場-古早味麥仔煎C002","category":"夜市/市場攤販","zone":"中彰投","city":"臺中市","area":"大肚區","market_name":"大肚公有零售市場","market_address":"臺中市大肚區頂街里沙田路2段707號","pay_list":"","pay_tool":"","行業代號":null,"行業代號1":null,"名稱1":null,"行業代號2":null,"名稱2":null,"行業代號3":null,"名稱3":null},{"index":63,"id":10031712,"user":"許文彥","shop":"大肚公有零售市場-許文彥","category":"夜市/市場攤販","zone":"中彰投","city":"臺中市","area":"大肚區","market_name":"大肚公有零售市場","market_address":"臺中市大肚區頂街里沙田路2段707號","pay_list":"","pay_tool":"","行業代號":null,"行業代號1":null,"名稱1":null,"行業代號2":null,"名稱2":null,"行業代號3":null,"名稱3":null},{"index":64,"id":10031715,"user":"張家榮","shop":"大肚公有零售市場-張家榮","category":"夜市/市場攤販","zone":"中彰投","city":"臺中市","area":"大肚區","market_name":"大肚公有零售市場","market_address":"臺中市大肚區頂街里沙田路2段707號","pay_list":"","pay_tool":"","行業代號":null,"行業代號1":null,"名稱1":null,"行業代號2":null,"名稱2":null,"行業代號3":null,"名稱3":null},{"index":65,"id":10031716,"user":"林進發","shop":"大肚公有零售市場-阿香麵攤","category":"夜市/市場攤販","zone":"中彰投","city":"臺中市","area":"大肚區","market_name":"大肚公有零售市場","market_address":"臺中市大肚區頂街里沙田路2段707號","pay_list":"","pay_tool":"","行業代號":null,"行業代號1":null,"名稱1":null,"行業代號2":null,"名稱2":null,"行業代號3":null,"名稱3":null},{"index":66,"id":10031717,"user":"林秀燕","shop":"大肚公有零售市場-阿香麵攤","category":"夜市/市場攤販","zone":"中彰投","city":"臺中市","area":"大肚區","market_name":"大肚公有零售市場","market_address":"臺中市大肚區頂街里沙田路2段707號","pay_list":"","pay_tool":"","行業代號":null,"行業代號1":null,"名稱1":null,"行業代號2":null,"名稱2":null,"行業代號3":null,"名稱3":null},{"index":67,"id":10031718,"user":"歐家綺","shop":"大肚公有零售市場-阿鳳攤位","category":"夜市/市場攤販","zone":"中彰投","city":"臺中市","area":"大肚區","market_name":"大肚公有零售市場","market_address":"臺中市大肚區頂街里沙田路2段707號","pay_list":"","pay_tool":"","行業代號":null,"行業代號1":null,"名稱1":null,"行業代號2":null,"名稱2":null,"行業代號3":null,"名稱3":null},{"index":68,"id":10031719,"user":"林木亮","shop":"大肚公有零售市場-林木亮","category":"夜市/市場攤販","zone":"中彰投","city":"臺中市","area":"大肚區","market_name":"大肚公有零售市場","market_address":"臺中市大肚區頂街里沙田路2段707號","pay_list":"","pay_tool":"","行業代號":null,"行業代號1":null,"名稱1":null,"行業代號2":null,"名稱2":null,"行業代號3":null,"名稱3":null},{"index":69,"id":10031720,"user":"陳森介","shop":"大肚公有零售市場-洋夷料理生活家","category":"夜市/市場攤販","zone":"中彰投","city":"臺中市","area":"大肚區","market_name":"大肚公有零售市場","market_address":"臺中市大肚區頂街里沙田路2段707號","pay_list":"","pay_tool":"","行業代號":null,"行業代號1":null,"名稱1":null,"行業代號2":null,"名稱2":null,"行業代號3":null,"名稱3":null},{"index":70,"id":10031721,"user":"趙統旌","shop":"大肚公有零售市場-趙統旌","category":"夜市/市場攤販","zone":"中彰投","city":"臺中市","area":"大肚區","market_name":"大肚公有零售市場","market_address":"臺中市大肚區頂街里沙田路2段707號","pay_list":"","pay_tool":"","行業代號":null,"行業代號1":null,"名稱1":null,"行業代號2":null,"名稱2":null,"行業代號3":null,"名稱3":null},{"index":71,"id":10031722,"user":"施坤輝","shop":"大肚公有零售市場-施坤輝","category":"夜市/市場攤販","zone":"中彰投","city":"臺中市","area":"大肚區","market_name":"大肚公有零售市場","market_address":"臺中市大肚區頂街里沙田路2段707號","pay_list":"","pay_tool":"","行業代號":null,"行業代號1":null,"名稱1":null,"行業代號2":null,"名稱2":null,"行業代號3":null,"名稱3":null},{"index":72,"id":10031723,"user":"張儀君","shop":"大肚公有零售市場-張儀君","category":"夜市/市場攤販","zone":"中彰投","city":"臺中市","area":"大肚區","market_name":"大肚公有零售市場","market_address":"臺中市大肚區頂街里沙田路2段707號","pay_list":"","pay_tool":"","行業代號":null,"行業代號1":null,"名稱1":null,"行業代號2":null,"名稱2":null,"行業代號3":null,"名稱3":null},{"index":73,"id":10031724,"user":"蘇庭誼","shop":"大肚公有零售市場-蘇庭誼","category":"夜市/市場攤販","zone":"中彰投","city":"臺中市","area":"大肚區","market_name":"大肚公有零售市場","market_address":"臺中市大肚區頂街里沙田路2段707號","pay_list":"","pay_tool":"","行業代號":null,"行業代號1":null,"名稱1":null,"行業代號2":null,"名稱2":null,"行業代號3":null,"名稱3":null},{"index":74,"id":10031726,"user":"林淑華","shop":"大肚公有零售市場-小可愛芋圓","category":"夜市/市場攤販","zone":"中彰投","city":"臺中市","area":"大肚區","market_name":"大肚公有零售市場","market_address":"臺中市大肚區頂街里沙田路2段707號","pay_list":"","pay_tool":"","行業代號":null,"行業代號1":null,"名稱1":null,"行業代號2":null,"名稱2":null,"行業代號3":null,"名稱3":null},{"index":75,"id":10031727,"user":"趙世慶","shop":"大肚公有零售市場-趙世慶","category":"夜市/市場攤販","zone":"中彰投","city":"臺中市","area":"大肚區","market_name":"大肚公有零售市場","market_address":"臺中市大肚區頂街里沙田路2段707號","pay_list":"","pay_tool":"","行業代號":null,"行業代號1":null,"名稱1":null,"行業代號2":null,"名稱2":null,"行業代號3":null,"名稱3":null},{"index":76,"id":10031728,"user":"郭美玲","shop":"大肚公有零售市場-大肚肉粳專門店","category":"夜市/市場攤販","zone":"中彰投","city":"臺中市","area":"大肚區","market_name":"大肚公有零售市場","market_address":"臺中市大肚區頂街里沙田路2段707號","pay_list":"","pay_tool":"","行業代號":null,"行業代號1":null,"名稱1":null,"行業代號2":null,"名稱2":null,"行業代號3":null,"名稱3":null},{"index":77,"id":10031729,"user":"賴呂閨秀","shop":"大肚公有零售市場-大肚米糕","category":"夜市/市場攤販","zone":"中彰投","city":"臺中市","area":"大肚區","market_name":"大肚公有零售市場","market_address":"臺中市大肚區頂街里沙田路2段707號","pay_list":"","pay_tool":"","行業代號":null,"行業代號1":null,"名稱1":null,"行業代號2":null,"名稱2":null,"行業代號3":null,"名稱3":null},{"index":78,"id":10031730,"user":"楊淑芳","shop":"大肚公有零售市場-芳滷肉","category":"夜市/市場攤販","zone":"中彰投","city":"臺中市","area":"大肚區","market_name":"大肚公有零售市場","market_address":"臺中市大肚區頂街里沙田路2段707號","pay_list":"","pay_tool":"","行業代號":null,"行業代號1":null,"名稱1":null,"行業代號2":null,"名稱2":null,"行業代號3":null,"名稱3":null},{"index":79,"id":10031731,"user":"楊許扁","shop":"追分公有零售市場-楊許扁","category":"夜市/市場攤販","zone":"中彰投","city":"臺中市","area":"大肚區","market_name":"追分公有零售市場","market_address":"臺中市大肚區福山里沙田路1段428巷12號","pay_list":"","pay_tool":"","行業代號":null,"行業代號1":null,"名稱1":null,"行業代號2":null,"名稱2":null,"行業代號3":null,"名稱3":null},{"index":80,"id":10031732,"user":"黃李阿嬌","shop":"追分公有零售市場-新得利","category":"夜市/市場攤販","zone":"中彰投","city":"臺中市","area":"大肚區","market_name":"追分公有零售市場","market_address":"臺中市大肚區福山里沙田路1段428巷12號","pay_list":"","pay_tool":"","行業代號":null,"行業代號1":null,"名稱1":null,"行業代號2":null,"名稱2":null,"行業代號3":null,"名稱3":null},{"index":81,"id":10031733,"user":"李素芬","shop":"追分公有零售市場-新得利","category":"夜市/市場攤販","zone":"中彰投","city":"臺中市","area":"大肚區","market_name":"追分公有零售市場","market_address":"臺中市大肚區福山里沙田路1段428巷12號","pay_list":"","pay_tool":"","行業代號":null,"行業代號1":null,"名稱1":null,"行業代號2":null,"名稱2":null,"行業代號3":null,"名稱3":null},{"index":82,"id":10031734,"user":"蔡趙彩菱","shop":"追分公有零售市場-蔡趙彩菱","category":"夜市/市場攤販","zone":"中彰投","city":"臺中市","area":"大肚區","market_name":"追分公有零售市場","market_address":"臺中市大肚區福山里沙田路1段428巷12號","pay_list":"","pay_tool":"","行業代號":null,"行業代號1":null,"名稱1":null,"行業代號2":null,"名稱2":null,"行業代號3":null,"名稱3":null},{"index":83,"id":20009522,"user":"何俊賢","shop":"長旺鵝肉店小吃","category":["夜市/市場攤販"],"zone":"中彰投","city":"臺中市","area":"大肚區","market_name":["餐食攤販"],"market_address":"臺中市大肚區福山里沙田路１段４１８號１樓、騎樓","pay_list":"","pay_tool":"","行業代號":null,"行業代號1":null,"名稱1":null,"行業代號2":null,"名稱2":null,"行業代號3":null,"名稱3":null},{"index":84,"id":20014579,"user":"孫木盛","shop":"豪美企業行","category":["夜市/市場攤販"],"zone":"中彰投","city":"臺中市","area":"大肚區","market_name":["餐食攤販"],"market_address":"臺中市大肚區王田里王福街５７８巷２０號２樓","pay_list":"","pay_tool":"","行業代號":null,"行業代號1":null,"名稱1":null,"行業代號2":null,"名稱2":null,"行業代號3":null,"名稱3":null},{"index":85,"id":20032155,"user":"趙瑾玉","shop":"逢甲阿郎炸雞","category":["夜市/市場攤販"],"zone":"中彰投","city":"臺中市","area":"大肚區","market_name":["餐食攤販"],"market_address":"臺中市大肚區大肚里沙田路２段６６３號前","pay_list":"","pay_tool":"","行業代號":null,"行業代號1":null,"名稱1":null,"行業代號2":null,"名稱2":null,"行業代號3":null,"名稱3":null},{"index":86,"id":20038925,"user":"許允文","shop":"錦昌號","category":["夜市/市場攤販"],"zone":"中彰投","city":"臺中市","area":"大肚區","market_name":["餐食攤販"],"market_address":"臺中市大肚區大肚里文昌路１段１７號","pay_list":"","pay_tool":"","行業代號":null,"行業代號1":null,"名稱1":null,"行業代號2":null,"名稱2":null,"行業代號3":null,"名稱3":null},{"index":87,"id":20045903,"user":"林惠敏","shop":"上慈素食店","category":["夜市/市場攤販"],"zone":"中彰投","city":"臺中市","area":"大肚區","market_name":["餐食攤販"],"market_address":"臺中市大肚區蔗??里遊園路２段７０號１樓","pay_list":"","pay_tool":"","行業代號":null,"行業代號1":null,"名稱1":null,"行業代號2":null,"名稱2":null,"行業代號3":null,"名稱3":null},{"index":88,"id":20048892,"user":"張玉容","shop":"張玉容","category":["夜市/市場攤販"],"zone":"中彰投","city":"臺中市","area":"大肚區","market_name":["餐食攤販"],"market_address":"臺中市大肚區自強里遊園路２段２０３巷１弄１００號旁","pay_list":"","pay_tool":"","行業代號":null,"行業代號1":null,"名稱1":null,"行業代號2":null,"名稱2":null,"行業代號3":null,"名稱3":null},{"index":89,"id":20048893,"user":"陳逸帆","shop":"陳逸帆","category":["夜市/市場攤販"],"zone":"中彰投","city":"臺中市","area":"大肚區","market_name":["餐食攤販"],"market_address":"臺中市大肚區自強里遊園路２段２０３巷１弄１００號旁","pay_list":"","pay_tool":"","行業代號":null,"行業代號1":null,"名稱1":null,"行業代號2":null,"名稱2":null,"行業代號3":null,"名稱3":null},{"index":90,"id":20049316,"user":"林鈺峰","shop":"林鈺峰","category":["夜市/市場攤販"],"zone":"中彰投","city":"臺中市","area":"大肚區","market_name":["餐食攤販"],"market_address":"臺中市大肚區遊園路２段３０號騎樓","pay_list":"","pay_tool":"","行業代號":null,"行業代號1":null,"名稱1":null,"行業代號2":null,"名稱2":null,"行業代號3":null,"名稱3":null},{"index":91,"id":20049341,"user":"張若薇","shop":"張若薇","category":["夜市/市場攤販"],"zone":"中彰投","city":"臺中市","area":"大肚區","market_name":["餐食攤販"],"market_address":"臺中市大肚區自強里中沙路１６４巷５弄１１６號前","pay_list":"","pay_tool":"","行業代號":null,"行業代號1":null,"名稱1":null,"行業代號2":null,"名稱2":null,"行業代號3":null,"名稱3":null},{"index":92,"id":20060789,"user":"張秀子","shop":"尚品早餐店","category":["夜市/市場攤販"],"zone":"中彰投","city":"臺中市","area":"大肚區","market_name":["餐食攤販"],"market_address":"臺中市大肚區山陽里沙田路３段５６８號１樓","pay_list":"","pay_tool":"","行業代號":null,"行業代號1":null,"名稱1":null,"行業代號2":null,"名稱2":null,"行業代號3":null,"名稱3":null},{"index":93,"id":20060790,"user":"嚴錦爲","shop":"品雅茶集","category":["夜市/市場攤販"],"zone":"中彰投","city":"臺中市","area":"大肚區","market_name":["餐食攤販"],"market_address":"臺中市大肚區大肚里沙田路２段６４７號","pay_list":"","pay_tool":"","行業代號":null,"行業代號1":null,"名稱1":null,"行業代號2":null,"名稱2":null,"行業代號3":null,"名稱3":null},{"index":94,"id":20060791,"user":"賴麗秋","shop":"永和豆漿店","category":["夜市/市場攤販"],"zone":"中彰投","city":"臺中市","area":"大肚區","market_name":["餐食攤販"],"market_address":"臺中市大肚區大肚里沙田路２段６２４號","pay_list":"","pay_tool":"","行業代號":null,"行業代號1":null,"名稱1":null,"行業代號2":null,"名稱2":null,"行業代號3":null,"名稱3":null},{"index":95,"id":20060796,"user":"李濬頡","shop":"福州牛肉麵","category":["夜市/市場攤販"],"zone":"中彰投","city":"臺中市","area":"大肚區","market_name":["餐食攤販"],"market_address":"臺中市大肚區頂街里沙田路２段７１４號","pay_list":"","pay_tool":"","行業代號":null,"行業代號1":null,"名稱1":null,"行業代號2":null,"名稱2":null,"行業代號3":null,"名稱3":null},{"index":96,"id":20060849,"user":"歐朱妹","shop":"品香肉包","category":["夜市/市場攤販"],"zone":"中彰投","city":"臺中市","area":"大肚區","market_name":["餐食攤販"],"market_address":"臺中市大肚區社腳里沙田路１段８１３號","pay_list":"","pay_tool":"","行業代號":null,"行業代號1":null,"名稱1":null,"行業代號2":null,"名稱2":null,"行業代號3":null,"名稱3":null},{"index":97,"id":20060850,"user":"周碧珠","shop":"周碧珠","category":["夜市/市場攤販"],"zone":"中彰投","city":"臺中市","area":"大肚區","market_name":["調理飲料攤販"],"market_address":"臺中市大肚區福山里沙田路１段４６８號","pay_list":"","pay_tool":"","行業代號":null,"行業代號1":null,"名稱1":null,"行業代號2":null,"名稱2":null,"行業代號3":null,"名稱3":null},{"index":98,"id":20060881,"user":"陳淑芳","shop":"太祖陳肉圓","category":["夜市/市場攤販"],"zone":"中彰投","city":"臺中市","area":"大肚區","market_name":["餐食攤販"],"market_address":"臺中市大肚區福山里沙田路１段５５６號","pay_list":"","pay_tool":"","行業代號":null,"行業代號1":null,"名稱1":null,"行業代號2":null,"名稱2":null,"行業代號3":null,"名稱3":null},{"index":99,"id":20061373,"user":"林美麗","shop":"美而美早餐大肚店","category":["夜市/市場攤販"],"zone":"中彰投","city":"臺中市","area":"大肚區","market_name":["餐食攤販"],"market_address":"臺中市大肚區王田里沙田路１段２１５號","pay_list":"","pay_tool":"","行業代號":null,"行業代號1":null,"名稱1":null,"行業代號2":null,"名稱2":null,"行業代號3":null,"名稱3":null},{"index":100,"id":20061396,"user":"楊淑禎","shop":"早安美芝城","category":["夜市/市場攤販"],"zone":"中彰投","city":"臺中市","area":"大肚區","market_name":["餐食攤販"],"market_address":"臺中市大肚區王田里興和路２６１號１樓","pay_list":"","pay_tool":"","行業代號":null,"行業代號1":null,"名稱1":null,"行業代號2":null,"名稱2":null,"行業代號3":null,"名稱3":null},{"index":101,"id":20061466,"user":"呂健群","shop":"東海ＱＱ圓","category":["夜市/市場攤販"],"zone":"中彰投","city":"臺中市","area":"大肚區","market_name":["調理飲料攤販"],"market_address":"臺中市大肚區自強里９鄰遊園路２段２７６號","pay_list":"","pay_tool":"","行業代號":null,"行業代號1":null,"名稱1":null,"行業代號2":null,"名稱2":null,"行業代號3":null,"名稱3":null},{"index":102,"id":60114499,"user":"李靜瑩","shop":"糧艸餐廚便當專賣店","category":["夜市/市場攤販"],"zone":"中彰投","city":"臺中市","area":"大肚區","market_name":["餐食攤販"],"market_address":"臺中市大肚區蔗廍里遊園路１段１９７號１樓","pay_list":null,"pay_tool":null,"行業代號":"561200","行業代號1":"","名稱1":"","行業代號2":"","名稱2":"","行業代號3":"","名稱3":""}]