[{"index":1,"shop":"公有零售大同市場-無","zone":"花蓮","city":"花蓮縣","area":"花蓮市","market_address":"花蓮市中山路與大同街口","user":"鄭玉雲","行業代號":null,"market_name":"公有零售大同市場","行業代號1":null,"名稱1":null,"行業代號2":null,"名稱2":null,"行業代號3":null,"名稱3":null,"category":"夜市/市場攤販","id":10001691,"pay_list":"","pay_tool":""},{"index":2,"shop":"公有零售大同市場-無","zone":"花蓮","city":"花蓮縣","area":"花蓮市","market_address":"花蓮市中山路與大同街口","user":"鄭麗平","行業代號":null,"market_name":"公有零售大同市場","行業代號1":null,"名稱1":null,"行業代號2":null,"名稱2":null,"行業代號3":null,"名稱3":null,"category":"夜市/市場攤販","id":10001702,"pay_list":"","pay_tool":""},{"index":3,"shop":"公有零售大同市場-無","zone":"花蓮","city":"花蓮縣","area":"花蓮市","market_address":"花蓮市中山路與大同街口","user":"劉玉枝","行業代號":null,"market_name":"公有零售大同市場","行業代號1":null,"名稱1":null,"行業代號2":null,"名稱2":null,"行業代號3":null,"名稱3":null,"category":"夜市/市場攤販","id":10001713,"pay_list":"","pay_tool":""},{"index":4,"shop":"公有零售大同市場-無","zone":"花蓮","city":"花蓮縣","area":"花蓮市","market_address":"花蓮市中山路與大同街口","user":"曾心眉","行業代號":null,"market_name":"公有零售大同市場","行業代號1":null,"名稱1":null,"行業代號2":null,"名稱2":null,"行業代號3":null,"名稱3":null,"category":"夜市/市場攤販","id":10001724,"pay_list":"","pay_tool":""},{"index":5,"shop":"公有零售大同市場-榮珍百貨行","zone":"花蓮","city":"花蓮縣","area":"花蓮市","market_address":"花蓮市中山路與大同街口","user":"黃淑珍","行業代號":null,"market_name":"公有零售大同市場","行業代號1":null,"名稱1":null,"行業代號2":null,"名稱2":null,"行業代號3":null,"名稱3":null,"category":"夜市/市場攤販","id":10001735,"pay_list":"","pay_tool":""},{"index":6,"shop":"公有零售大同市場-許記果汁店","zone":"花蓮","city":"花蓮縣","area":"花蓮市","market_address":"花蓮市中山路與大同街口","user":"許?之","行業代號":null,"market_name":"公有零售大同市場","行業代號1":null,"名稱1":null,"行業代號2":null,"名稱2":null,"行業代號3":null,"名稱3":null,"category":"夜市/市場攤販","id":10001746,"pay_list":"","pay_tool":""},{"index":7,"shop":"公有零售大同市場-無","zone":"花蓮","city":"花蓮縣","area":"花蓮市","market_address":"花蓮市中山路與大同街口","user":"林淑甘","行業代號":null,"market_name":"公有零售大同市場","行業代號1":null,"名稱1":null,"行業代號2":null,"名稱2":null,"行業代號3":null,"名稱3":null,"category":"夜市/市場攤販","id":10001757,"pay_list":"","pay_tool":""},{"index":8,"shop":"公有零售大同市場-無","zone":"花蓮","city":"花蓮縣","area":"花蓮市","market_address":"花蓮市中山路與大同街口","user":"林彩雲","行業代號":null,"market_name":"公有零售大同市場","行業代號1":null,"名稱1":null,"行業代號2":null,"名稱2":null,"行業代號3":null,"名稱3":null,"category":"夜市/市場攤販","id":10001768,"pay_list":"","pay_tool":""},{"index":9,"shop":"公有零售大同市場-信義商號","zone":"花蓮","city":"花蓮縣","area":"花蓮市","market_address":"花蓮市中山路與大同街口","user":"吳靖悅","行業代號":null,"market_name":"公有零售大同市場","行業代號1":null,"名稱1":null,"行業代號2":null,"名稱2":null,"行業代號3":null,"名稱3":null,"category":"夜市/市場攤販","id":10001779,"pay_list":"","pay_tool":""},{"index":10,"shop":"公有零售大同市場-福裕商號","zone":"花蓮","city":"花蓮縣","area":"花蓮市","market_address":"花蓮市中山路與大同街口","user":"黃國棟","行業代號":null,"market_name":"公有零售大同市場","行業代號1":null,"名稱1":null,"行業代號2":null,"名稱2":null,"行業代號3":null,"名稱3":null,"category":"夜市/市場攤販","id":10001791,"pay_list":"","pay_tool":""},{"index":11,"shop":"公有零售大同市場-福裕商號","zone":"花蓮","city":"花蓮縣","area":"花蓮市","market_address":"花蓮市中山路與大同街口","user":"黃勛翔","行業代號":null,"market_name":"公有零售大同市場","行業代號1":null,"名稱1":null,"行業代號2":null,"名稱2":null,"行業代號3":null,"名稱3":null,"category":"夜市/市場攤販","id":10001802,"pay_list":"","pay_tool":""},{"index":12,"shop":"公有零售大同市場-楊媽媽米粉羹","zone":"花蓮","city":"花蓮縣","area":"花蓮市","market_address":"花蓮市中山路與大同街口","user":"林麗雲","行業代號":null,"market_name":"公有零售大同市場","行業代號1":null,"名稱1":null,"行業代號2":null,"名稱2":null,"行業代號3":null,"名稱3":null,"category":"夜市/市場攤販","id":10001813,"pay_list":"","pay_tool":""},{"index":13,"shop":"公有零售大同市場-無","zone":"花蓮","city":"花蓮縣","area":"花蓮市","market_address":"花蓮市中山路與大同街口","user":"莊椒定","行業代號":null,"market_name":"公有零售大同市場","行業代號1":null,"名稱1":null,"行業代號2":null,"名稱2":null,"行業代號3":null,"名稱3":null,"category":"夜市/市場攤販","id":10001824,"pay_list":"","pay_tool":""},{"index":14,"shop":"公有零售大同市場-無","zone":"花蓮","city":"花蓮縣","area":"花蓮市","market_address":"花蓮市中山路與大同街口","user":"楊瑞玟","行業代號":null,"market_name":"公有零售大同市場","行業代號1":null,"名稱1":null,"行業代號2":null,"名稱2":null,"行業代號3":null,"名稱3":null,"category":"夜市/市場攤販","id":10001835,"pay_list":"","pay_tool":""},{"index":15,"shop":"公有零售大同市場-無","zone":"花蓮","city":"花蓮縣","area":"花蓮市","market_address":"花蓮市中山路與大同街口","user":"陳玉蓮","行業代號":null,"market_name":"公有零售大同市場","行業代號1":null,"名稱1":null,"行業代號2":null,"名稱2":null,"行業代號3":null,"名稱3":null,"category":"夜市/市場攤販","id":10001846,"pay_list":"","pay_tool":""},{"index":16,"shop":"公有零售大同市場-無","zone":"花蓮","city":"花蓮縣","area":"花蓮市","market_address":"花蓮市中山路與大同街口","user":"黃天香","行業代號":null,"market_name":"公有零售大同市場","行業代號1":null,"名稱1":null,"行業代號2":null,"名稱2":null,"行業代號3":null,"名稱3":null,"category":"夜市/市場攤販","id":10001857,"pay_list":"","pay_tool":""},{"index":17,"shop":"公有零售大同市場-福裕商號","zone":"花蓮","city":"花蓮縣","area":"花蓮市","market_address":"花蓮市中山路與大同街口","user":"方億萍","行業代號":null,"market_name":"公有零售大同市場","行業代號1":null,"名稱1":null,"行業代號2":null,"名稱2":null,"行業代號3":null,"名稱3":null,"category":"夜市/市場攤販","id":10001868,"pay_list":"","pay_tool":""},{"index":18,"shop":"公有零售中山市場-毛OO","zone":"花蓮","city":"花蓮縣","area":"花蓮市","market_address":"花蓮市中山路651號","user":"毛OO","行業代號":null,"market_name":"公有零售中山市場","行業代號1":null,"名稱1":null,"行業代號2":null,"名稱2":null,"行業代號3":null,"名稱3":null,"category":"夜市/市場攤販","id":10001879,"pay_list":"","pay_tool":""},{"index":19,"shop":"公有零售中山市場-陳OO","zone":"花蓮","city":"花蓮縣","area":"花蓮市","market_address":"花蓮市中山路651號","user":"陳OO","行業代號":null,"market_name":"公有零售中山市場","行業代號1":null,"名稱1":null,"行業代號2":null,"名稱2":null,"行業代號3":null,"名稱3":null,"category":"夜市/市場攤販","id":10001890,"pay_list":"","pay_tool":""},{"index":20,"shop":"公有零售中山市場-賴OO","zone":"花蓮","city":"花蓮縣","area":"花蓮市","market_address":"花蓮市中山路651號","user":"賴OO","行業代號":null,"market_name":"公有零售中山市場","行業代號1":null,"名稱1":null,"行業代號2":null,"名稱2":null,"行業代號3":null,"名稱3":null,"category":"夜市/市場攤販","id":10001902,"pay_list":"","pay_tool":""},{"index":21,"shop":"公有零售中山市場-賴OO","zone":"花蓮","city":"花蓮縣","area":"花蓮市","market_address":"花蓮市中山路651號","user":"賴OO","行業代號":null,"market_name":"公有零售中山市場","行業代號1":null,"名稱1":null,"行業代號2":null,"名稱2":null,"行業代號3":null,"名稱3":null,"category":"夜市/市場攤販","id":10001913,"pay_list":"","pay_tool":""},{"index":22,"shop":"公有零售中山市場-游OO","zone":"花蓮","city":"花蓮縣","area":"花蓮市","market_address":"花蓮市中山路651號","user":"游OO","行業代號":null,"market_name":"公有零售中山市場","行業代號1":null,"名稱1":null,"行業代號2":null,"名稱2":null,"行業代號3":null,"名稱3":null,"category":"夜市/市場攤販","id":10001924,"pay_list":"","pay_tool":""},{"index":23,"shop":"公有零售中山市場-毛OO","zone":"花蓮","city":"花蓮縣","area":"花蓮市","market_address":"花蓮市中山路651號","user":"毛OO","行業代號":null,"market_name":"公有零售中山市場","行業代號1":null,"名稱1":null,"行業代號2":null,"名稱2":null,"行業代號3":null,"名稱3":null,"category":"夜市/市場攤販","id":10001935,"pay_list":"","pay_tool":""},{"index":24,"shop":"公有零售中山市場-彭OO","zone":"花蓮","city":"花蓮縣","area":"花蓮市","market_address":"花蓮市中山路651號","user":"彭OO","行業代號":null,"market_name":"公有零售中山市場","行業代號1":null,"名稱1":null,"行業代號2":null,"名稱2":null,"行業代號3":null,"名稱3":null,"category":"夜市/市場攤販","id":10001946,"pay_list":"","pay_tool":""},{"index":25,"shop":"公有零售中山市場-陳OO","zone":"花蓮","city":"花蓮縣","area":"花蓮市","market_address":"花蓮市中山路651號","user":"陳OO","行業代號":null,"market_name":"公有零售中山市場","行業代號1":null,"名稱1":null,"行業代號2":null,"名稱2":null,"行業代號3":null,"名稱3":null,"category":"夜市/市場攤販","id":10001957,"pay_list":"","pay_tool":""},{"index":26,"shop":"公有零售中山市場-游OO","zone":"花蓮","city":"花蓮縣","area":"花蓮市","market_address":"花蓮市中山路651號","user":"游OO","行業代號":null,"market_name":"公有零售中山市場","行業代號1":null,"名稱1":null,"行業代號2":null,"名稱2":null,"行業代號3":null,"名稱3":null,"category":"夜市/市場攤販","id":10001968,"pay_list":"","pay_tool":""},{"index":27,"shop":"公有零售中山市場-李OO","zone":"花蓮","city":"花蓮縣","area":"花蓮市","market_address":"花蓮市中山路651號","user":"李OO","行業代號":null,"market_name":"公有零售中山市場","行業代號1":null,"名稱1":null,"行業代號2":null,"名稱2":null,"行業代號3":null,"名稱3":null,"category":"夜市/市場攤販","id":10001979,"pay_list":"","pay_tool":""},{"index":28,"shop":"公有零售中山市場-陳OO","zone":"花蓮","city":"花蓮縣","area":"花蓮市","market_address":"花蓮市中山路651號","user":"陳OO","行業代號":null,"market_name":"公有零售中山市場","行業代號1":null,"名稱1":null,"行業代號2":null,"名稱2":null,"行業代號3":null,"名稱3":null,"category":"夜市/市場攤販","id":10001990,"pay_list":"","pay_tool":""},{"index":29,"shop":"公有零售中山市場-王家莊漁行","zone":"花蓮","city":"花蓮縣","area":"花蓮市","market_address":"花蓮市中山路651號","user":"王OO","行業代號":null,"market_name":"公有零售中山市場","行業代號1":null,"名稱1":null,"行業代號2":null,"名稱2":null,"行業代號3":null,"名稱3":null,"category":"夜市/市場攤販","id":10002001,"pay_list":"","pay_tool":""},{"index":30,"shop":"公有零售中山市場-楊OO","zone":"花蓮","city":"花蓮縣","area":"花蓮市","market_address":"花蓮市中山路651號","user":"楊OO","行業代號":null,"market_name":"公有零售中山市場","行業代號1":null,"名稱1":null,"行業代號2":null,"名稱2":null,"行業代號3":null,"名稱3":null,"category":"夜市/市場攤販","id":10002013,"pay_list":"","pay_tool":""},{"index":31,"shop":"公有零售中山市場-黃OO","zone":"花蓮","city":"花蓮縣","area":"花蓮市","market_address":"花蓮市中山路651號","user":"黃OO","行業代號":null,"market_name":"公有零售中山市場","行業代號1":null,"名稱1":null,"行業代號2":null,"名稱2":null,"行業代號3":null,"名稱3":null,"category":"夜市/市場攤販","id":10002024,"pay_list":"","pay_tool":""},{"index":32,"shop":"公有零售中山市場-安心漁行","zone":"花蓮","city":"花蓮縣","area":"花蓮市","market_address":"花蓮市中山路651號","user":"陳OO","行業代號":null,"market_name":"公有零售中山市場","行業代號1":null,"名稱1":null,"行業代號2":null,"名稱2":null,"行業代號3":null,"名稱3":null,"category":"夜市/市場攤販","id":10002035,"pay_list":"","pay_tool":""},{"index":33,"shop":"公有零售中山市場-王OO","zone":"花蓮","city":"花蓮縣","area":"花蓮市","market_address":"花蓮市中山路651號","user":"王OO","行業代號":null,"market_name":"公有零售中山市場","行業代號1":null,"名稱1":null,"行業代號2":null,"名稱2":null,"行業代號3":null,"名稱3":null,"category":"夜市/市場攤販","id":10002046,"pay_list":"","pay_tool":""},{"index":34,"shop":"公有零售中山市場-楊OO","zone":"花蓮","city":"花蓮縣","area":"花蓮市","market_address":"花蓮市中山路651號","user":"楊OO","行業代號":null,"market_name":"公有零售中山市場","行業代號1":null,"名稱1":null,"行業代號2":null,"名稱2":null,"行業代號3":null,"名稱3":null,"category":"夜市/市場攤販","id":10002057,"pay_list":"","pay_tool":""},{"index":35,"shop":"公有零售中山市場-張OO","zone":"花蓮","city":"花蓮縣","area":"花蓮市","market_address":"花蓮市中山路651號","user":"張OO","行業代號":null,"market_name":"公有零售中山市場","行業代號1":null,"名稱1":null,"行業代號2":null,"名稱2":null,"行業代號3":null,"名稱3":null,"category":"夜市/市場攤販","id":10002068,"pay_list":"","pay_tool":""},{"index":36,"shop":"公有零售中山市場-協和漁行","zone":"花蓮","city":"花蓮縣","area":"花蓮市","market_address":"花蓮市中山路651號","user":"張OO","行業代號":null,"market_name":"公有零售中山市場","行業代號1":null,"名稱1":null,"行業代號2":null,"名稱2":null,"行業代號3":null,"名稱3":null,"category":"夜市/市場攤販","id":10002079,"pay_list":"","pay_tool":""},{"index":37,"shop":"公有零售中山市場-陳OO","zone":"花蓮","city":"花蓮縣","area":"花蓮市","market_address":"花蓮市中山路651號","user":"陳OO","行業代號":null,"market_name":"公有零售中山市場","行業代號1":null,"名稱1":null,"行業代號2":null,"名稱2":null,"行業代號3":null,"名稱3":null,"category":"夜市/市場攤販","id":10002090,"pay_list":"","pay_tool":""},{"index":38,"shop":"公有零售中山市場-志品商行","zone":"花蓮","city":"花蓮縣","area":"花蓮市","market_address":"花蓮市中山路651號","user":"陳OO","行業代號":null,"market_name":"公有零售中山市場","行業代號1":null,"名稱1":null,"行業代號2":null,"名稱2":null,"行業代號3":null,"名稱3":null,"category":"夜市/市場攤販","id":10002101,"pay_list":"","pay_tool":""},{"index":39,"shop":"公有零售中山市場-趙OO","zone":"花蓮","city":"花蓮縣","area":"花蓮市","market_address":"花蓮市中山路651號","user":"趙OO","行業代號":null,"market_name":"公有零售中山市場","行業代號1":null,"名稱1":null,"行業代號2":null,"名稱2":null,"行業代號3":null,"名稱3":null,"category":"夜市/市場攤販","id":10002112,"pay_list":"","pay_tool":""},{"index":40,"shop":"公有零售中山市場-詹OO","zone":"花蓮","city":"花蓮縣","area":"花蓮市","market_address":"花蓮市中山路651號","user":"詹OO","行業代號":null,"market_name":"公有零售中山市場","行業代號1":null,"名稱1":null,"行業代號2":null,"名稱2":null,"行業代號3":null,"名稱3":null,"category":"夜市/市場攤販","id":10002124,"pay_list":"","pay_tool":""},{"index":41,"shop":"公有零售中山市場-盧OO","zone":"花蓮","city":"花蓮縣","area":"花蓮市","market_address":"花蓮市中山路651號","user":"盧OO","行業代號":null,"market_name":"公有零售中山市場","行業代號1":null,"名稱1":null,"行業代號2":null,"名稱2":null,"行業代號3":null,"名稱3":null,"category":"夜市/市場攤販","id":10002135,"pay_list":"","pay_tool":""},{"index":42,"shop":"公有零售中山市場-陳OO","zone":"花蓮","city":"花蓮縣","area":"花蓮市","market_address":"花蓮市中山路651號","user":"陳OO","行業代號":null,"market_name":"公有零售中山市場","行業代號1":null,"名稱1":null,"行業代號2":null,"名稱2":null,"行業代號3":null,"名稱3":null,"category":"夜市/市場攤販","id":10002146,"pay_list":"","pay_tool":""},{"index":43,"shop":"公有零售中山市場-田OO","zone":"花蓮","city":"花蓮縣","area":"花蓮市","market_address":"花蓮市中山路651號","user":"田OO","行業代號":null,"market_name":"公有零售中山市場","行業代號1":null,"名稱1":null,"行業代號2":null,"名稱2":null,"行業代號3":null,"名稱3":null,"category":"夜市/市場攤販","id":10002157,"pay_list":"","pay_tool":""},{"index":44,"shop":"公有零售中山市場-林OO","zone":"花蓮","city":"花蓮縣","area":"花蓮市","market_address":"花蓮市中山路651號","user":"林OO","行業代號":null,"market_name":"公有零售中山市場","行業代號1":null,"名稱1":null,"行業代號2":null,"名稱2":null,"行業代號3":null,"名稱3":null,"category":"夜市/市場攤販","id":10002168,"pay_list":"","pay_tool":""},{"index":45,"shop":"公有零售中山市場-陳媽媽肉粽","zone":"花蓮","city":"花蓮縣","area":"花蓮市","market_address":"花蓮市中山路651號","user":"賴OO","行業代號":null,"market_name":"公有零售中山市場","行業代號1":null,"名稱1":null,"行業代號2":null,"名稱2":null,"行業代號3":null,"名稱3":null,"category":"夜市/市場攤販","id":10002179,"pay_list":"","pay_tool":""},{"index":46,"shop":"公有零售中山市場-阿美手工水餃扁食","zone":"花蓮","city":"花蓮縣","area":"花蓮市","market_address":"花蓮市中山路651號","user":"陳OO","行業代號":null,"market_name":"公有零售中山市場","行業代號1":null,"名稱1":null,"行業代號2":null,"名稱2":null,"行業代號3":null,"名稱3":null,"category":"夜市/市場攤販","id":10002190,"pay_list":"","pay_tool":""},{"index":47,"shop":"公有零售中山市場-邱OO","zone":"花蓮","city":"花蓮縣","area":"花蓮市","market_address":"花蓮市中山路651號","user":"邱OO","行業代號":null,"market_name":"公有零售中山市場","行業代號1":null,"名稱1":null,"行業代號2":null,"名稱2":null,"行業代號3":null,"名稱3":null,"category":"夜市/市場攤販","id":10002201,"pay_list":"","pay_tool":""},{"index":48,"shop":"公有零售中山市場-鄭OO","zone":"花蓮","city":"花蓮縣","area":"花蓮市","market_address":"花蓮市中山路651號","user":"鄭OO","行業代號":null,"market_name":"公有零售中山市場","行業代號1":null,"名稱1":null,"行業代號2":null,"名稱2":null,"行業代號3":null,"名稱3":null,"category":"夜市/市場攤販","id":10002212,"pay_list":"","pay_tool":""},{"index":49,"shop":"公有零售中山市場-陳OO","zone":"花蓮","city":"花蓮縣","area":"花蓮市","market_address":"花蓮市中山路651號","user":"陳OO","行業代號":null,"market_name":"公有零售中山市場","行業代號1":null,"名稱1":null,"行業代號2":null,"名稱2":null,"行業代號3":null,"名稱3":null,"category":"夜市/市場攤販","id":10002223,"pay_list":"","pay_tool":""},{"index":50,"shop":"公有零售中山市場-魏OO","zone":"花蓮","city":"花蓮縣","area":"花蓮市","market_address":"花蓮市中山路651號","user":"魏OO","行業代號":null,"market_name":"公有零售中山市場","行業代號1":null,"名稱1":null,"行業代號2":null,"名稱2":null,"行業代號3":null,"名稱3":null,"category":"夜市/市場攤販","id":10002235,"pay_list":"","pay_tool":""},{"index":51,"shop":"公有零售中山市場-鄭OO","zone":"花蓮","city":"花蓮縣","area":"花蓮市","market_address":"花蓮市中山路651號","user":"鄭OO","行業代號":null,"market_name":"公有零售中山市場","行業代號1":null,"名稱1":null,"行業代號2":null,"名稱2":null,"行業代號3":null,"名稱3":null,"category":"夜市/市場攤販","id":10002246,"pay_list":"","pay_tool":""},{"index":52,"shop":"公有零售中山市場-盧OO","zone":"花蓮","city":"花蓮縣","area":"花蓮市","market_address":"花蓮市中山路651號","user":"盧OO","行業代號":null,"market_name":"公有零售中山市場","行業代號1":null,"名稱1":null,"行業代號2":null,"名稱2":null,"行業代號3":null,"名稱3":null,"category":"夜市/市場攤販","id":10002257,"pay_list":"","pay_tool":""},{"index":53,"shop":"公有零售中山市場-蕭OO","zone":"花蓮","city":"花蓮縣","area":"花蓮市","market_address":"花蓮市中山路651號","user":"蕭OO","行業代號":null,"market_name":"公有零售中山市場","行業代號1":null,"名稱1":null,"行業代號2":null,"名稱2":null,"行業代號3":null,"名稱3":null,"category":"夜市/市場攤販","id":10002268,"pay_list":"","pay_tool":""},{"index":54,"shop":"公有零售中山市場-何OO","zone":"花蓮","city":"花蓮縣","area":"花蓮市","market_address":"花蓮市中山路651號","user":"何OO","行業代號":null,"market_name":"公有零售中山市場","行業代號1":null,"名稱1":null,"行業代號2":null,"名稱2":null,"行業代號3":null,"名稱3":null,"category":"夜市/市場攤販","id":10002279,"pay_list":"","pay_tool":""},{"index":55,"shop":"公有零售中山市場-陳OO","zone":"花蓮","city":"花蓮縣","area":"花蓮市","market_address":"花蓮市中山路651號","user":"陳OO","行業代號":null,"market_name":"公有零售中山市場","行業代號1":null,"名稱1":null,"行業代號2":null,"名稱2":null,"行業代號3":null,"名稱3":null,"category":"夜市/市場攤販","id":10002290,"pay_list":"","pay_tool":""},{"index":56,"shop":"公有零售中山市場-陳OO","zone":"花蓮","city":"花蓮縣","area":"花蓮市","market_address":"花蓮市中山路651號","user":"陳OO","行業代號":null,"market_name":"公有零售中山市場","行業代號1":null,"名稱1":null,"行業代號2":null,"名稱2":null,"行業代號3":null,"名稱3":null,"category":"夜市/市場攤販","id":10002301,"pay_list":"","pay_tool":""},{"index":57,"shop":"公有零售中山市場-政發商號","zone":"花蓮","city":"花蓮縣","area":"花蓮市","market_address":"花蓮市中山路651號","user":"王OO","行業代號":null,"market_name":"公有零售中山市場","行業代號1":null,"名稱1":null,"行業代號2":null,"名稱2":null,"行業代號3":null,"名稱3":null,"category":"夜市/市場攤販","id":10002312,"pay_list":"","pay_tool":""},{"index":58,"shop":"公有零售中山市場-張OO","zone":"花蓮","city":"花蓮縣","area":"花蓮市","market_address":"花蓮市中山路651號","user":"張OO","行業代號":null,"market_name":"公有零售中山市場","行業代號1":null,"名稱1":null,"行業代號2":null,"名稱2":null,"行業代號3":null,"名稱3":null,"category":"夜市/市場攤販","id":10002323,"pay_list":"","pay_tool":""},{"index":59,"shop":"公有零售中山市場-陳OO","zone":"花蓮","city":"花蓮縣","area":"花蓮市","market_address":"花蓮市中山路651號","user":"陳OO","行業代號":null,"market_name":"公有零售中山市場","行業代號1":null,"名稱1":null,"行業代號2":null,"名稱2":null,"行業代號3":null,"名稱3":null,"category":"夜市/市場攤販","id":10002334,"pay_list":"","pay_tool":""},{"index":60,"shop":"公有零售中山市場-鄭OO","zone":"花蓮","city":"花蓮縣","area":"花蓮市","market_address":"花蓮市中山路651號","user":"鄭OO","行業代號":null,"market_name":"公有零售中山市場","行業代號1":null,"名稱1":null,"行業代號2":null,"名稱2":null,"行業代號3":null,"名稱3":null,"category":"夜市/市場攤販","id":10002347,"pay_list":"","pay_tool":""},{"index":61,"shop":"公有零售中山市場-邢OO","zone":"花蓮","city":"花蓮縣","area":"花蓮市","market_address":"花蓮市中山路651號","user":"邢OO","行業代號":null,"market_name":"公有零售中山市場","行業代號1":null,"名稱1":null,"行業代號2":null,"名稱2":null,"行業代號3":null,"名稱3":null,"category":"夜市/市場攤販","id":10002358,"pay_list":"","pay_tool":""},{"index":62,"shop":"公有零售中山市場-邢OO","zone":"花蓮","city":"花蓮縣","area":"花蓮市","market_address":"花蓮市中山路651號","user":"邢OO","行業代號":null,"market_name":"公有零售中山市場","行業代號1":null,"名稱1":null,"行業代號2":null,"名稱2":null,"行業代號3":null,"名稱3":null,"category":"夜市/市場攤販","id":10002369,"pay_list":"","pay_tool":""},{"index":63,"shop":"公有零售中山市場-林OO","zone":"花蓮","city":"花蓮縣","area":"花蓮市","market_address":"花蓮市中山路651號","user":"林OO","行業代號":null,"market_name":"公有零售中山市場","行業代號1":null,"名稱1":null,"行業代號2":null,"名稱2":null,"行業代號3":null,"名稱3":null,"category":"夜市/市場攤販","id":10002380,"pay_list":"","pay_tool":""},{"index":64,"shop":"公有零售中山市場-陳OO","zone":"花蓮","city":"花蓮縣","area":"花蓮市","market_address":"花蓮市中山路651號","user":"陳OO","行業代號":null,"market_name":"公有零售中山市場","行業代號1":null,"名稱1":null,"行業代號2":null,"名稱2":null,"行業代號3":null,"名稱3":null,"category":"夜市/市場攤販","id":10002391,"pay_list":"","pay_tool":""},{"index":65,"shop":"公有零售中山市場-連OO","zone":"花蓮","city":"花蓮縣","area":"花蓮市","market_address":"花蓮市中山路651號","user":"連OO","行業代號":null,"market_name":"公有零售中山市場","行業代號1":null,"名稱1":null,"行業代號2":null,"名稱2":null,"行業代號3":null,"名稱3":null,"category":"夜市/市場攤販","id":10002402,"pay_list":"","pay_tool":""},{"index":66,"shop":"公有零售中山市場-周OO","zone":"花蓮","city":"花蓮縣","area":"花蓮市","market_address":"花蓮市中山路651號","user":"周OO","行業代號":null,"market_name":"公有零售中山市場","行業代號1":null,"名稱1":null,"行業代號2":null,"名稱2":null,"行業代號3":null,"名稱3":null,"category":"夜市/市場攤販","id":10002413,"pay_list":"","pay_tool":""},{"index":67,"shop":"公有零售中山市場-唐OO","zone":"花蓮","city":"花蓮縣","area":"花蓮市","market_address":"花蓮市中山路651號","user":"唐OO","行業代號":null,"market_name":"公有零售中山市場","行業代號1":null,"名稱1":null,"行業代號2":null,"名稱2":null,"行業代號3":null,"名稱3":null,"category":"夜市/市場攤販","id":10002424,"pay_list":"","pay_tool":""},{"index":68,"shop":"公有零售中山市場-陳OO","zone":"花蓮","city":"花蓮縣","area":"花蓮市","market_address":"花蓮市中山路651號","user":"陳OO","行業代號":null,"market_name":"公有零售中山市場","行業代號1":null,"名稱1":null,"行業代號2":null,"名稱2":null,"行業代號3":null,"名稱3":null,"category":"夜市/市場攤販","id":10002435,"pay_list":"","pay_tool":""},{"index":69,"shop":"公有零售中山市場-黃OO","zone":"花蓮","city":"花蓮縣","area":"花蓮市","market_address":"花蓮市中山路651號","user":"黃OO","行業代號":null,"market_name":"公有零售中山市場","行業代號1":null,"名稱1":null,"行業代號2":null,"名稱2":null,"行業代號3":null,"名稱3":null,"category":"夜市/市場攤販","id":10002446,"pay_list":"","pay_tool":""},{"index":70,"shop":"公有零售中山市場-劉OO","zone":"花蓮","city":"花蓮縣","area":"花蓮市","market_address":"花蓮市中山路651號","user":"劉OO","行業代號":null,"market_name":"公有零售中山市場","行業代號1":null,"名稱1":null,"行業代號2":null,"名稱2":null,"行業代號3":null,"名稱3":null,"category":"夜市/市場攤販","id":10002458,"pay_list":"","pay_tool":""},{"index":71,"shop":"公有零售中山市場-偉安商號","zone":"花蓮","city":"花蓮縣","area":"花蓮市","market_address":"花蓮市中山路651號","user":"陳OO","行業代號":null,"market_name":"公有零售中山市場","行業代號1":null,"名稱1":null,"行業代號2":null,"名稱2":null,"行業代號3":null,"名稱3":null,"category":"夜市/市場攤販","id":10002469,"pay_list":"","pay_tool":""},{"index":72,"shop":"公有零售中山市場-信龍商號","zone":"花蓮","city":"花蓮縣","area":"花蓮市","market_address":"花蓮市中山路651號","user":"周OO","行業代號":null,"market_name":"公有零售中山市場","行業代號1":null,"名稱1":null,"行業代號2":null,"名稱2":null,"行業代號3":null,"名稱3":null,"category":"夜市/市場攤販","id":10002480,"pay_list":"","pay_tool":""},{"index":73,"shop":"公有零售中山市場-鄭OO","zone":"花蓮","city":"花蓮縣","area":"花蓮市","market_address":"花蓮市中山路651號","user":"鄭OO","行業代號":null,"market_name":"公有零售中山市場","行業代號1":null,"名稱1":null,"行業代號2":null,"名稱2":null,"行業代號3":null,"名稱3":null,"category":"夜市/市場攤販","id":10002491,"pay_list":"","pay_tool":""},{"index":74,"shop":"公有零售中山市場-張OO","zone":"花蓮","city":"花蓮縣","area":"花蓮市","market_address":"花蓮市中山路651號","user":"張OO","行業代號":null,"market_name":"公有零售中山市場","行業代號1":null,"名稱1":null,"行業代號2":null,"名稱2":null,"行業代號3":null,"名稱3":null,"category":"夜市/市場攤販","id":10002502,"pay_list":"","pay_tool":""},{"index":75,"shop":"公有零售中山市場-柯OO","zone":"花蓮","city":"花蓮縣","area":"花蓮市","market_address":"花蓮市中山路651號","user":"柯OO","行業代號":null,"market_name":"公有零售中山市場","行業代號1":null,"名稱1":null,"行業代號2":null,"名稱2":null,"行業代號3":null,"名稱3":null,"category":"夜市/市場攤販","id":10002513,"pay_list":"","pay_tool":""},{"index":76,"shop":"公有零售中山市場-林OO","zone":"花蓮","city":"花蓮縣","area":"花蓮市","market_address":"花蓮市中山路651號","user":"林OO","行業代號":null,"market_name":"公有零售中山市場","行業代號1":null,"名稱1":null,"行業代號2":null,"名稱2":null,"行業代號3":null,"名稱3":null,"category":"夜市/市場攤販","id":10002524,"pay_list":"","pay_tool":""},{"index":77,"shop":"公有零售中山市場-陳OO","zone":"花蓮","city":"花蓮縣","area":"花蓮市","market_address":"花蓮市中山路651號","user":"陳OO","行業代號":null,"market_name":"公有零售中山市場","行業代號1":null,"名稱1":null,"行業代號2":null,"名稱2":null,"行業代號3":null,"名稱3":null,"category":"夜市/市場攤販","id":10002535,"pay_list":"","pay_tool":""},{"index":78,"shop":"公有零售中山市場-林OO","zone":"花蓮","city":"花蓮縣","area":"花蓮市","market_address":"花蓮市中山路651號","user":"林OO","行業代號":null,"market_name":"公有零售中山市場","行業代號1":null,"名稱1":null,"行業代號2":null,"名稱2":null,"行業代號3":null,"名稱3":null,"category":"夜市/市場攤販","id":10002546,"pay_list":"","pay_tool":""},{"index":79,"shop":"公有零售中山市場-陳OO","zone":"花蓮","city":"花蓮縣","area":"花蓮市","market_address":"花蓮市中山路651號","user":"陳OO","行業代號":null,"market_name":"公有零售中山市場","行業代號1":null,"名稱1":null,"行業代號2":null,"名稱2":null,"行業代號3":null,"名稱3":null,"category":"夜市/市場攤販","id":10002557,"pay_list":"","pay_tool":""},{"index":80,"shop":"公有零售中山市場-龍鳳漁行","zone":"花蓮","city":"花蓮縣","area":"花蓮市","market_address":"花蓮市中山路651號","user":"吳OO","行業代號":null,"market_name":"公有零售中山市場","行業代號1":null,"名稱1":null,"行業代號2":null,"名稱2":null,"行業代號3":null,"名稱3":null,"category":"夜市/市場攤販","id":10002569,"pay_list":"","pay_tool":""},{"index":81,"shop":"公有零售中山市場-周OO","zone":"花蓮","city":"花蓮縣","area":"花蓮市","market_address":"花蓮市中山路651號","user":"周OO","行業代號":null,"market_name":"公有零售中山市場","行業代號1":null,"名稱1":null,"行業代號2":null,"名稱2":null,"行業代號3":null,"名稱3":null,"category":"夜市/市場攤販","id":10002580,"pay_list":"","pay_tool":""},{"index":82,"shop":"公有零售中山市場-徐OO","zone":"花蓮","city":"花蓮縣","area":"花蓮市","market_address":"花蓮市中山路651號","user":"徐OO","行業代號":null,"market_name":"公有零售中山市場","行業代號1":null,"名稱1":null,"行業代號2":null,"名稱2":null,"行業代號3":null,"名稱3":null,"category":"夜市/市場攤販","id":10002591,"pay_list":"","pay_tool":""},{"index":83,"shop":"公有零售中山市場-張OO","zone":"花蓮","city":"花蓮縣","area":"花蓮市","market_address":"花蓮市中山路651號","user":"張OO","行業代號":null,"market_name":"公有零售中山市場","行業代號1":null,"名稱1":null,"行業代號2":null,"名稱2":null,"行業代號3":null,"名稱3":null,"category":"夜市/市場攤販","id":10002602,"pay_list":"","pay_tool":""},{"index":84,"shop":"公有零售中山市場-周OO","zone":"花蓮","city":"花蓮縣","area":"花蓮市","market_address":"花蓮市中山路651號","user":"周OO","行業代號":null,"market_name":"公有零售中山市場","行業代號1":null,"名稱1":null,"行業代號2":null,"名稱2":null,"行業代號3":null,"名稱3":null,"category":"夜市/市場攤販","id":10002613,"pay_list":"","pay_tool":""},{"index":85,"shop":"公有零售中山市場-劉OO","zone":"花蓮","city":"花蓮縣","area":"花蓮市","market_address":"花蓮市中山路651號","user":"劉OO","行業代號":null,"market_name":"公有零售中山市場","行業代號1":null,"名稱1":null,"行業代號2":null,"名稱2":null,"行業代號3":null,"名稱3":null,"category":"夜市/市場攤販","id":10002624,"pay_list":"","pay_tool":""},{"index":86,"shop":"公有零售中山市場-林OO","zone":"花蓮","city":"花蓮縣","area":"花蓮市","market_address":"花蓮市中山路651號","user":"林OO","行業代號":null,"market_name":"公有零售中山市場","行業代號1":null,"名稱1":null,"行業代號2":null,"名稱2":null,"行業代號3":null,"名稱3":null,"category":"夜市/市場攤販","id":10002635,"pay_list":"","pay_tool":""},{"index":87,"shop":"公有零售中山市場-盧OO","zone":"花蓮","city":"花蓮縣","area":"花蓮市","market_address":"花蓮市中山路651號","user":"盧OO","行業代號":null,"market_name":"公有零售中山市場","行業代號1":null,"名稱1":null,"行業代號2":null,"名稱2":null,"行業代號3":null,"名稱3":null,"category":"夜市/市場攤販","id":10002646,"pay_list":"","pay_tool":""},{"index":88,"shop":"公有零售中山市場-林OO","zone":"花蓮","city":"花蓮縣","area":"花蓮市","market_address":"花蓮市中山路651號","user":"林OO","行業代號":null,"market_name":"公有零售中山市場","行業代號1":null,"名稱1":null,"行業代號2":null,"名稱2":null,"行業代號3":null,"名稱3":null,"category":"夜市/市場攤販","id":10002657,"pay_list":"","pay_tool":""},{"index":89,"shop":"公有零售中山市場-楊OO","zone":"花蓮","city":"花蓮縣","area":"花蓮市","market_address":"花蓮市中山路651號","user":"楊OO","行業代號":null,"market_name":"公有零售中山市場","行業代號1":null,"名稱1":null,"行業代號2":null,"名稱2":null,"行業代號3":null,"名稱3":null,"category":"夜市/市場攤販","id":10002668,"pay_list":"","pay_tool":""},{"index":90,"shop":"公有零售中山市場-陳OO","zone":"花蓮","city":"花蓮縣","area":"花蓮市","market_address":"花蓮市中山路651號","user":"陳OO","行業代號":null,"market_name":"公有零售中山市場","行業代號1":null,"名稱1":null,"行業代號2":null,"名稱2":null,"行業代號3":null,"名稱3":null,"category":"夜市/市場攤販","id":10002680,"pay_list":"","pay_tool":""},{"index":91,"shop":"公有零售中山市場-陳OO","zone":"花蓮","city":"花蓮縣","area":"花蓮市","market_address":"花蓮市中山路651號","user":"陳OO","行業代號":null,"market_name":"公有零售中山市場","行業代號1":null,"名稱1":null,"行業代號2":null,"名稱2":null,"行業代號3":null,"名稱3":null,"category":"夜市/市場攤販","id":10002691,"pay_list":"","pay_tool":""},{"index":92,"shop":"公有零售中山市場-陳OO","zone":"花蓮","city":"花蓮縣","area":"花蓮市","market_address":"花蓮市中山路651號","user":"陳OO","行業代號":null,"market_name":"公有零售中山市場","行業代號1":null,"名稱1":null,"行業代號2":null,"名稱2":null,"行業代號3":null,"名稱3":null,"category":"夜市/市場攤販","id":10002702,"pay_list":"","pay_tool":""},{"index":93,"shop":"公有零售中山市場-陳OO","zone":"花蓮","city":"花蓮縣","area":"花蓮市","market_address":"花蓮市中山路651號","user":"陳OO","行業代號":null,"market_name":"公有零售中山市場","行業代號1":null,"名稱1":null,"行業代號2":null,"名稱2":null,"行業代號3":null,"名稱3":null,"category":"夜市/市場攤販","id":10002713,"pay_list":"","pay_tool":""},{"index":94,"shop":"公有零售中山市場-毛OO","zone":"花蓮","city":"花蓮縣","area":"花蓮市","market_address":"花蓮市中山路651號","user":"毛OO","行業代號":null,"market_name":"公有零售中山市場","行業代號1":null,"名稱1":null,"行業代號2":null,"名稱2":null,"行業代號3":null,"名稱3":null,"category":"夜市/市場攤販","id":10002724,"pay_list":"","pay_tool":""},{"index":95,"shop":"公有零售中山市場-賴OO","zone":"花蓮","city":"花蓮縣","area":"花蓮市","market_address":"花蓮市中山路651號","user":"賴OO","行業代號":null,"market_name":"公有零售中山市場","行業代號1":null,"名稱1":null,"行業代號2":null,"名稱2":null,"行業代號3":null,"名稱3":null,"category":"夜市/市場攤販","id":10002735,"pay_list":"","pay_tool":""},{"index":96,"shop":"公有零售中山市場-郭OO","zone":"花蓮","city":"花蓮縣","area":"花蓮市","market_address":"花蓮市中山路651號","user":"郭OO","行業代號":null,"market_name":"公有零售中山市場","行業代號1":null,"名稱1":null,"行業代號2":null,"名稱2":null,"行業代號3":null,"名稱3":null,"category":"夜市/市場攤販","id":10002746,"pay_list":"","pay_tool":""},{"index":97,"shop":"公有零售中山市場-陳OO","zone":"花蓮","city":"花蓮縣","area":"花蓮市","market_address":"花蓮市中山路651號","user":"陳OO","行業代號":null,"market_name":"公有零售中山市場","行業代號1":null,"名稱1":null,"行業代號2":null,"名稱2":null,"行業代號3":null,"名稱3":null,"category":"夜市/市場攤販","id":10002757,"pay_list":"","pay_tool":""},{"index":98,"shop":"公有零售中華市場-美玉珍商號","zone":"花蓮","city":"花蓮縣","area":"花蓮市","market_address":"花蓮市中華路199號","user":"呂正雄","行業代號":null,"market_name":"公有零售中華市場","行業代號1":null,"名稱1":null,"行業代號2":null,"名稱2":null,"行業代號3":null,"名稱3":null,"category":"夜市/市場攤販","id":10002768,"pay_list":"","pay_tool":""},{"index":99,"shop":"公有零售中華市場-新珍香燒肉店","zone":"花蓮","city":"花蓮縣","area":"花蓮市","market_address":"花蓮市中華路199號","user":"許詠晴","行業代號":null,"market_name":"公有零售中華市場","行業代號1":null,"名稱1":null,"行業代號2":null,"名稱2":null,"行業代號3":null,"名稱3":null,"category":"夜市/市場攤販","id":10002779,"pay_list":"","pay_tool":""},{"index":100,"shop":"公有零售中華市場-昌發號","zone":"花蓮","city":"花蓮縣","area":"花蓮市","market_address":"花蓮市中華路199號","user":"許志宏","行業代號":null,"market_name":"公有零售中華市場","行業代號1":null,"名稱1":null,"行業代號2":null,"名稱2":null,"行業代號3":null,"名稱3":null,"category":"夜市/市場攤販","id":10002791,"pay_list":"","pay_tool":""},{"index":101,"shop":"公有零售中華市場-南昌號","zone":"花蓮","city":"花蓮縣","area":"花蓮市","market_address":"花蓮市中華路199號","user":"陳雨笛","行業代號":null,"market_name":"公有零售中華市場","行業代號1":null,"名稱1":null,"行業代號2":null,"名稱2":null,"行業代號3":null,"名稱3":null,"category":"夜市/市場攤販","id":10002802,"pay_list":"","pay_tool":""},{"index":102,"shop":"公有零售中華市場-國芳號","zone":"花蓮","city":"花蓮縣","area":"花蓮市","market_address":"花蓮市中華路199號","user":"張國芳","行業代號":null,"market_name":"公有零售中華市場","行業代號1":null,"名稱1":null,"行業代號2":null,"名稱2":null,"行業代號3":null,"名稱3":null,"category":"夜市/市場攤販","id":10002813,"pay_list":"","pay_tool":""},{"index":103,"shop":"公有零售中華市場-明興號","zone":"花蓮","city":"花蓮縣","area":"花蓮市","market_address":"花蓮市中華路199號","user":"張瓊云","行業代號":null,"market_name":"公有零售中華市場","行業代號1":null,"名稱1":null,"行業代號2":null,"名稱2":null,"行業代號3":null,"名稱3":null,"category":"夜市/市場攤販","id":10002824,"pay_list":"","pay_tool":""},{"index":104,"shop":"公有零售中華市場-順美商號","zone":"花蓮","city":"花蓮縣","area":"花蓮市","market_address":"花蓮市中華路199號","user":"黃順榮","行業代號":null,"market_name":"公有零售中華市場","行業代號1":null,"名稱1":null,"行業代號2":null,"名稱2":null,"行業代號3":null,"名稱3":null,"category":"夜市/市場攤販","id":10002835,"pay_list":"","pay_tool":""},{"index":105,"shop":"公有零售中華市場-明興號","zone":"花蓮","city":"花蓮縣","area":"花蓮市","market_address":"花蓮市中華路199號","user":"黃玉倉","行業代號":null,"market_name":"公有零售中華市場","行業代號1":null,"名稱1":null,"行業代號2":null,"名稱2":null,"行業代號3":null,"名稱3":null,"category":"夜市/市場攤販","id":10002846,"pay_list":"","pay_tool":""},{"index":106,"shop":"公有零售中華市場-順興商號","zone":"花蓮","city":"花蓮縣","area":"花蓮市","market_address":"花蓮市中華路199號","user":"黃詠証","行業代號":null,"market_name":"公有零售中華市場","行業代號1":null,"名稱1":null,"行業代號2":null,"名稱2":null,"行業代號3":null,"名稱3":null,"category":"夜市/市場攤販","id":10002857,"pay_list":"","pay_tool":""},{"index":107,"shop":"公有零售中華市場-順美商號","zone":"花蓮","city":"花蓮縣","area":"花蓮市","market_address":"花蓮市中華路199號","user":"黃傑楷","行業代號":null,"market_name":"公有零售中華市場","行業代號1":null,"名稱1":null,"行業代號2":null,"名稱2":null,"行業代號3":null,"名稱3":null,"category":"夜市/市場攤販","id":10002868,"pay_list":"","pay_tool":""},{"index":108,"shop":"公有零售中華市場-昌發號","zone":"花蓮","city":"花蓮縣","area":"花蓮市","market_address":"花蓮市中華路199號","user":"許進生","行業代號":null,"market_name":"公有零售中華市場","行業代號1":null,"名稱1":null,"行業代號2":null,"名稱2":null,"行業代號3":null,"名稱3":null,"category":"夜市/市場攤販","id":10002879,"pay_list":"","pay_tool":""},{"index":109,"shop":"公有零售中華市場-瑞發號","zone":"花蓮","city":"花蓮縣","area":"花蓮市","market_address":"花蓮市中華路199號","user":"黃繼承","行業代號":null,"market_name":"公有零售中華市場","行業代號1":null,"名稱1":null,"行業代號2":null,"名稱2":null,"行業代號3":null,"名稱3":null,"category":"夜市/市場攤販","id":10002890,"pay_list":"","pay_tool":""},{"index":110,"shop":"公有零售中華市場-日興號","zone":"花蓮","city":"花蓮縣","area":"花蓮市","market_address":"花蓮市中華路199號","user":"趙鍾內容","行業代號":null,"market_name":"公有零售中華市場","行業代號1":null,"名稱1":null,"行業代號2":null,"名稱2":null,"行業代號3":null,"名稱3":null,"category":"夜市/市場攤販","id":10002902,"pay_list":"","pay_tool":""},{"index":111,"shop":"公有零售中華市場-無","zone":"花蓮","city":"花蓮縣","area":"花蓮市","market_address":"花蓮市中華路199號","user":"石祥凱","行業代號":null,"market_name":"公有零售中華市場","行業代號1":null,"名稱1":null,"行業代號2":null,"名稱2":null,"行業代號3":null,"名稱3":null,"category":"夜市/市場攤販","id":10002913,"pay_list":"","pay_tool":""},{"index":112,"shop":"公有零售中華市場-無","zone":"花蓮","city":"花蓮縣","area":"花蓮市","market_address":"花蓮市中華路199號","user":"詹慧秋","行業代號":null,"market_name":"公有零售中華市場","行業代號1":null,"名稱1":null,"行業代號2":null,"名稱2":null,"行業代號3":null,"名稱3":null,"category":"夜市/市場攤販","id":10002924,"pay_list":"","pay_tool":""},{"index":113,"shop":"公有零售中華市場-裕興魚行","zone":"花蓮","city":"花蓮縣","area":"花蓮市","market_address":"花蓮市中華路199號","user":"林煒程","行業代號":null,"market_name":"公有零售中華市場","行業代號1":null,"名稱1":null,"行業代號2":null,"名稱2":null,"行業代號3":null,"名稱3":null,"category":"夜市/市場攤販","id":10002935,"pay_list":"","pay_tool":""},{"index":114,"shop":"公有零售中華市場-政傑果菜行","zone":"花蓮","city":"花蓮縣","area":"花蓮市","market_address":"花蓮市中華路199號","user":"潘正傑","行業代號":null,"market_name":"公有零售中華市場","行業代號1":null,"名稱1":null,"行業代號2":null,"名稱2":null,"行業代號3":null,"名稱3":null,"category":"夜市/市場攤販","id":10002946,"pay_list":"","pay_tool":""},{"index":115,"shop":"公有零售中華市場-無","zone":"花蓮","city":"花蓮縣","area":"花蓮市","market_address":"花蓮市中華路199號","user":"駱慶義","行業代號":null,"market_name":"公有零售中華市場","行業代號1":null,"名稱1":null,"行業代號2":null,"名稱2":null,"行業代號3":null,"名稱3":null,"category":"夜市/市場攤販","id":10002957,"pay_list":"","pay_tool":""},{"index":116,"shop":"公有零售中華市場-無","zone":"花蓮","city":"花蓮縣","area":"花蓮市","market_address":"花蓮市中華路199號","user":"李政祐","行業代號":null,"market_name":"公有零售中華市場","行業代號1":null,"名稱1":null,"行業代號2":null,"名稱2":null,"行業代號3":null,"名稱3":null,"category":"夜市/市場攤販","id":10002968,"pay_list":"","pay_tool":""},{"index":117,"shop":"公有零售中華市場-政傑果菜行","zone":"花蓮","city":"花蓮縣","area":"花蓮市","market_address":"花蓮市中華路199號","user":"胡子華","行業代號":null,"market_name":"公有零售中華市場","行業代號1":null,"名稱1":null,"行業代號2":null,"名稱2":null,"行業代號3":null,"名稱3":null,"category":"夜市/市場攤販","id":10002979,"pay_list":"","pay_tool":""},{"index":118,"shop":"公有零售中華市場-政傑果菜行","zone":"花蓮","city":"花蓮縣","area":"花蓮市","market_address":"花蓮市中華路199號","user":"潘朝福","行業代號":null,"market_name":"公有零售中華市場","行業代號1":null,"名稱1":null,"行業代號2":null,"名稱2":null,"行業代號3":null,"名稱3":null,"category":"夜市/市場攤販","id":10002990,"pay_list":"","pay_tool":""},{"index":119,"shop":"公有零售中華市場-政傑果菜行","zone":"花蓮","city":"花蓮縣","area":"花蓮市","market_address":"花蓮市中華路199號","user":"莊玉環","行業代號":null,"market_name":"公有零售中華市場","行業代號1":null,"名稱1":null,"行業代號2":null,"名稱2":null,"行業代號3":null,"名稱3":null,"category":"夜市/市場攤販","id":10003001,"pay_list":"","pay_tool":""},{"index":120,"shop":"公有零售中華市場-無","zone":"花蓮","city":"花蓮縣","area":"花蓮市","market_address":"花蓮市中華路199號","user":"鄭采郁","行業代號":null,"market_name":"公有零售中華市場","行業代號1":null,"名稱1":null,"行業代號2":null,"名稱2":null,"行業代號3":null,"名稱3":null,"category":"夜市/市場攤販","id":10003013,"pay_list":"","pay_tool":""},{"index":121,"shop":"公有零售中華市場-無","zone":"花蓮","city":"花蓮縣","area":"花蓮市","market_address":"花蓮市中華路199號","user":"李阿粉","行業代號":null,"market_name":"公有零售中華市場","行業代號1":null,"名稱1":null,"行業代號2":null,"名稱2":null,"行業代號3":null,"名稱3":null,"category":"夜市/市場攤販","id":10003024,"pay_list":"","pay_tool":""},{"index":122,"shop":"公有零售中華市場-無","zone":"花蓮","city":"花蓮縣","area":"花蓮市","market_address":"花蓮市中華路199號","user":"徐雅萍","行業代號":null,"market_name":"公有零售中華市場","行業代號1":null,"名稱1":null,"行業代號2":null,"名稱2":null,"行業代號3":null,"名稱3":null,"category":"夜市/市場攤販","id":10003035,"pay_list":"","pay_tool":""},{"index":123,"shop":"公有零售中華市場-無","zone":"花蓮","city":"花蓮縣","area":"花蓮市","market_address":"花蓮市中華路199號","user":"張建文","行業代號":null,"market_name":"公有零售中華市場","行業代號1":null,"名稱1":null,"行業代號2":null,"名稱2":null,"行業代號3":null,"名稱3":null,"category":"夜市/市場攤販","id":10003046,"pay_list":"","pay_tool":""},{"index":124,"shop":"公有零售中華市場-無","zone":"花蓮","city":"花蓮縣","area":"花蓮市","market_address":"花蓮市中華路199號","user":"黃明男","行業代號":null,"market_name":"公有零售中華市場","行業代號1":null,"名稱1":null,"行業代號2":null,"名稱2":null,"行業代號3":null,"名稱3":null,"category":"夜市/市場攤販","id":10003057,"pay_list":"","pay_tool":""},{"index":125,"shop":"公有零售中華市場-楊媽媽蔬菜店","zone":"花蓮","city":"花蓮縣","area":"花蓮市","market_address":"花蓮市中華路199號","user":"李幼妹","行業代號":null,"market_name":"公有零售中華市場","行業代號1":null,"名稱1":null,"行業代號2":null,"名稱2":null,"行業代號3":null,"名稱3":null,"category":"夜市/市場攤販","id":10003068,"pay_list":"","pay_tool":""},{"index":126,"shop":"公有零售中華市場-楊媽媽蔬菜店","zone":"花蓮","city":"花蓮縣","area":"花蓮市","market_address":"花蓮市中華路199號","user":"楊秋梅","行業代號":null,"market_name":"公有零售中華市場","行業代號1":null,"名稱1":null,"行業代號2":null,"名稱2":null,"行業代號3":null,"名稱3":null,"category":"夜市/市場攤販","id":10003079,"pay_list":"","pay_tool":""},{"index":127,"shop":"公有零售中華市場-晶晶服飾","zone":"花蓮","city":"花蓮縣","area":"花蓮市","market_address":"花蓮市中華路199號","user":"張素慧","行業代號":null,"market_name":"公有零售中華市場","行業代號1":null,"名稱1":null,"行業代號2":null,"名稱2":null,"行業代號3":null,"名稱3":null,"category":"夜市/市場攤販","id":10003090,"pay_list":"","pay_tool":""},{"index":128,"shop":"公有零售中華市場-晶晶服飾","zone":"花蓮","city":"花蓮縣","area":"花蓮市","market_address":"花蓮市中華路199號","user":"簡秀鳳","行業代號":null,"market_name":"公有零售中華市場","行業代號1":null,"名稱1":null,"行業代號2":null,"名稱2":null,"行業代號3":null,"名稱3":null,"category":"夜市/市場攤販","id":10003101,"pay_list":"","pay_tool":""},{"index":129,"shop":"公有零售中華市場-晶晶服飾","zone":"花蓮","city":"花蓮縣","area":"花蓮市","market_address":"花蓮市中華路199號","user":"沈益基","行業代號":null,"market_name":"公有零售中華市場","行業代號1":null,"名稱1":null,"行業代號2":null,"名稱2":null,"行業代號3":null,"名稱3":null,"category":"夜市/市場攤販","id":10003112,"pay_list":"","pay_tool":""},{"index":130,"shop":"公有零售中華市場-古家中華美","zone":"花蓮","city":"花蓮縣","area":"花蓮市","market_address":"花蓮市中華路199號","user":"古秀崇","行業代號":null,"market_name":"公有零售中華市場","行業代號1":null,"名稱1":null,"行業代號2":null,"名稱2":null,"行業代號3":null,"名稱3":null,"category":"夜市/市場攤販","id":10003124,"pay_list":"","pay_tool":""},{"index":131,"shop":"公有零售中華市場-古家中華美","zone":"花蓮","city":"花蓮縣","area":"花蓮市","market_address":"花蓮市中華路199號","user":"羅芳櫻","行業代號":null,"market_name":"公有零售中華市場","行業代號1":null,"名稱1":null,"行業代號2":null,"名稱2":null,"行業代號3":null,"名稱3":null,"category":"夜市/市場攤販","id":10003135,"pay_list":"","pay_tool":""},{"index":132,"shop":"公有零售中華市場-來來服飾","zone":"花蓮","city":"花蓮縣","area":"花蓮市","market_address":"花蓮市中華路199號","user":"楊雅淳","行業代號":null,"market_name":"公有零售中華市場","行業代號1":null,"名稱1":null,"行業代號2":null,"名稱2":null,"行業代號3":null,"名稱3":null,"category":"夜市/市場攤販","id":10003146,"pay_list":"","pay_tool":""},{"index":133,"shop":"公有零售中華市場-來來服飾","zone":"花蓮","city":"花蓮縣","area":"花蓮市","market_address":"花蓮市中華路199號","user":"廖美蘭","行業代號":null,"market_name":"公有零售中華市場","行業代號1":null,"名稱1":null,"行業代號2":null,"名稱2":null,"行業代號3":null,"名稱3":null,"category":"夜市/市場攤販","id":10003157,"pay_list":"","pay_tool":""},{"index":134,"shop":"公有零售中華市場-灃沛甲田商行","zone":"花蓮","city":"花蓮縣","area":"花蓮市","market_address":"花蓮市中華路199號","user":"黃俊瑋","行業代號":null,"market_name":"公有零售中華市場","行業代號1":null,"名稱1":null,"行業代號2":null,"名稱2":null,"行業代號3":null,"名稱3":null,"category":"夜市/市場攤販","id":10003168,"pay_list":"","pay_tool":""},{"index":135,"shop":"公有零售中華市場-古家中華美","zone":"花蓮","city":"花蓮縣","area":"花蓮市","market_address":"花蓮市中華路199號","user":"古武雄","行業代號":null,"market_name":"公有零售中華市場","行業代號1":null,"名稱1":null,"行業代號2":null,"名稱2":null,"行業代號3":null,"名稱3":null,"category":"夜市/市場攤販","id":10003179,"pay_list":"","pay_tool":""},{"index":136,"shop":"公有零售中華市場-好厝邊蔬菜行","zone":"花蓮","city":"花蓮縣","area":"花蓮市","market_address":"花蓮市中華路199號","user":"曾忻姿","行業代號":null,"market_name":"公有零售中華市場","行業代號1":null,"名稱1":null,"行業代號2":null,"名稱2":null,"行業代號3":null,"名稱3":null,"category":"夜市/市場攤販","id":10003190,"pay_list":"","pay_tool":""},{"index":137,"shop":"公有零售中華市場-好厝邊蔬菜行","zone":"花蓮","city":"花蓮縣","area":"花蓮市","market_address":"花蓮市中華路199號","user":"黃楷權","行業代號":null,"market_name":"公有零售中華市場","行業代號1":null,"名稱1":null,"行業代號2":null,"名稱2":null,"行業代號3":null,"名稱3":null,"category":"夜市/市場攤販","id":10003201,"pay_list":"","pay_tool":""},{"index":138,"shop":"公有零售中華市場-良解服飾","zone":"花蓮","city":"花蓮縣","area":"花蓮市","market_address":"花蓮市中華路199號","user":"王良解","行業代號":null,"market_name":"公有零售中華市場","行業代號1":null,"名稱1":null,"行業代號2":null,"名稱2":null,"行業代號3":null,"名稱3":null,"category":"夜市/市場攤販","id":10003212,"pay_list":"","pay_tool":""},{"index":139,"shop":"公有零售中華市場-淑卿香酥排骨","zone":"花蓮","city":"花蓮縣","area":"花蓮市","market_address":"花蓮市中華路199號","user":"林淑卿","行業代號":null,"market_name":"公有零售中華市場","行業代號1":null,"名稱1":null,"行業代號2":null,"名稱2":null,"行業代號3":null,"名稱3":null,"category":"夜市/市場攤販","id":10003223,"pay_list":"","pay_tool":""},{"index":140,"shop":"公有零售中華市場-東霸王王記土雞","zone":"花蓮","city":"花蓮縣","area":"花蓮市","market_address":"花蓮市中華路199號","user":"王麒勝","行業代號":null,"market_name":"公有零售中華市場","行業代號1":null,"名稱1":null,"行業代號2":null,"名稱2":null,"行業代號3":null,"名稱3":null,"category":"夜市/市場攤販","id":10003235,"pay_list":"","pay_tool":""},{"index":141,"shop":"公有零售中華市場-富琴魚行","zone":"花蓮","city":"花蓮縣","area":"花蓮市","market_address":"花蓮市中華路199號","user":"羅光明","行業代號":null,"market_name":"公有零售中華市場","行業代號1":null,"名稱1":null,"行業代號2":null,"名稱2":null,"行業代號3":null,"名稱3":null,"category":"夜市/市場攤販","id":10003246,"pay_list":"","pay_tool":""},{"index":142,"shop":"公有零售中華市場-無","zone":"花蓮","city":"花蓮縣","area":"花蓮市","market_address":"花蓮市中華路199號","user":"黃月梅","行業代號":null,"market_name":"公有零售中華市場","行業代號1":null,"名稱1":null,"行業代號2":null,"名稱2":null,"行業代號3":null,"名稱3":null,"category":"夜市/市場攤販","id":10003257,"pay_list":"","pay_tool":""},{"index":143,"shop":"公有零售中華市場-無","zone":"花蓮","city":"花蓮縣","area":"花蓮市","market_address":"花蓮市中華路199號","user":"廖銘新","行業代號":null,"market_name":"公有零售中華市場","行業代號1":null,"名稱1":null,"行業代號2":null,"名稱2":null,"行業代號3":null,"名稱3":null,"category":"夜市/市場攤販","id":10003268,"pay_list":"","pay_tool":""},{"index":144,"shop":"公有零售中華市場-富琴魚行","zone":"花蓮","city":"花蓮縣","area":"花蓮市","market_address":"花蓮市中華路199號","user":"林素琴","行業代號":null,"market_name":"公有零售中華市場","行業代號1":null,"名稱1":null,"行業代號2":null,"名稱2":null,"行業代號3":null,"名稱3":null,"category":"夜市/市場攤販","id":10003279,"pay_list":"","pay_tool":""},{"index":145,"shop":"公有零售中華市場-富琴魚行","zone":"花蓮","city":"花蓮縣","area":"花蓮市","market_address":"花蓮市中華路199號","user":"林政璋","行業代號":null,"market_name":"公有零售中華市場","行業代號1":null,"名稱1":null,"行業代號2":null,"名稱2":null,"行業代號3":null,"名稱3":null,"category":"夜市/市場攤販","id":10003290,"pay_list":"","pay_tool":""},{"index":146,"shop":"公有零售中華市場-余寶琴","zone":"花蓮","city":"花蓮縣","area":"花蓮市","market_address":"花蓮市中華路199號","user":"余寶琴","行業代號":null,"market_name":"公有零售中華市場","行業代號1":null,"名稱1":null,"行業代號2":null,"名稱2":null,"行業代號3":null,"名稱3":null,"category":"夜市/市場攤販","id":10003301,"pay_list":"","pay_tool":""},{"index":147,"shop":"公有零售中華市場-陳威佑","zone":"花蓮","city":"花蓮縣","area":"花蓮市","market_address":"花蓮市中華路199號","user":"陳威佑","行業代號":null,"market_name":"公有零售中華市場","行業代號1":null,"名稱1":null,"行業代號2":null,"名稱2":null,"行業代號3":null,"名稱3":null,"category":"夜市/市場攤販","id":10003312,"pay_list":"","pay_tool":""},{"index":148,"shop":"公有零售中華市場-鄭家土雞","zone":"花蓮","city":"花蓮縣","area":"花蓮市","market_address":"花蓮市中華路199號","user":"鄭元漳","行業代號":null,"market_name":"公有零售中華市場","行業代號1":null,"名稱1":null,"行業代號2":null,"名稱2":null,"行業代號3":null,"名稱3":null,"category":"夜市/市場攤販","id":10003323,"pay_list":"","pay_tool":""},{"index":149,"shop":"公有零售中華市場-鄭家土雞","zone":"花蓮","city":"花蓮縣","area":"花蓮市","market_address":"花蓮市中華路199號","user":"鄭心甯","行業代號":null,"market_name":"公有零售中華市場","行業代號1":null,"名稱1":null,"行業代號2":null,"名稱2":null,"行業代號3":null,"名稱3":null,"category":"夜市/市場攤販","id":10003334,"pay_list":"","pay_tool":""},{"index":150,"shop":"公有零售中華市場-小鳳魚行","zone":"花蓮","city":"花蓮縣","area":"花蓮市","market_address":"花蓮市中華路199號","user":"王政傑","行業代號":null,"market_name":"公有零售中華市場","行業代號1":null,"名稱1":null,"行業代號2":null,"名稱2":null,"行業代號3":null,"名稱3":null,"category":"夜市/市場攤販","id":10003346,"pay_list":"","pay_tool":""},{"index":151,"shop":"公有零售中華市場-鄭家土雞","zone":"花蓮","city":"花蓮縣","area":"花蓮市","market_address":"花蓮市中華路199號","user":"詹鳳如","行業代號":null,"market_name":"公有零售中華市場","行業代號1":null,"名稱1":null,"行業代號2":null,"名稱2":null,"行業代號3":null,"名稱3":null,"category":"夜市/市場攤販","id":10003357,"pay_list":"","pay_tool":""},{"index":152,"shop":"公有零售中華市場-銘記魚行","zone":"花蓮","city":"花蓮縣","area":"花蓮市","market_address":"花蓮市中華路199號","user":"吳培嘉","行業代號":null,"market_name":"公有零售中華市場","行業代號1":null,"名稱1":null,"行業代號2":null,"名稱2":null,"行業代號3":null,"名稱3":null,"category":"夜市/市場攤販","id":10003368,"pay_list":"","pay_tool":""},{"index":153,"shop":"公有零售中華市場-丸珠魚行","zone":"花蓮","city":"花蓮縣","area":"花蓮市","market_address":"花蓮市中華路199號","user":"梁寶珠","行業代號":null,"market_name":"公有零售中華市場","行業代號1":null,"名稱1":null,"行業代號2":null,"名稱2":null,"行業代號3":null,"名稱3":null,"category":"夜市/市場攤販","id":10003379,"pay_list":"","pay_tool":""},{"index":154,"shop":"公有零售中華市場-銘記魚行","zone":"花蓮","city":"花蓮縣","area":"花蓮市","market_address":"花蓮市中華路199號","user":"胡煜偉","行業代號":null,"market_name":"公有零售中華市場","行業代號1":null,"名稱1":null,"行業代號2":null,"名稱2":null,"行業代號3":null,"名稱3":null,"category":"夜市/市場攤販","id":10003390,"pay_list":"","pay_tool":""},{"index":155,"shop":"公有零售中華市場-丸珠魚行","zone":"花蓮","city":"花蓮縣","area":"花蓮市","market_address":"花蓮市中華路199號","user":"張神德","行業代號":null,"market_name":"公有零售中華市場","行業代號1":null,"名稱1":null,"行業代號2":null,"名稱2":null,"行業代號3":null,"名稱3":null,"category":"夜市/市場攤販","id":10003401,"pay_list":"","pay_tool":""},{"index":156,"shop":"公有零售中華市場-東岸魚行","zone":"花蓮","city":"花蓮縣","area":"花蓮市","market_address":"花蓮市中華路199號","user":"王外交","行業代號":null,"market_name":"公有零售中華市場","行業代號1":null,"名稱1":null,"行業代號2":null,"名稱2":null,"行業代號3":null,"名稱3":null,"category":"夜市/市場攤販","id":10003412,"pay_list":"","pay_tool":""},{"index":157,"shop":"公有零售中華市場-大福商行","zone":"花蓮","city":"花蓮縣","area":"花蓮市","market_address":"花蓮市中華路199號","user":"謝淑慎","行業代號":null,"market_name":"公有零售中華市場","行業代號1":null,"名稱1":null,"行業代號2":null,"名稱2":null,"行業代號3":null,"名稱3":null,"category":"夜市/市場攤販","id":10003423,"pay_list":"","pay_tool":""},{"index":158,"shop":"公有零售中華市場-楊媽媽蔬菜店","zone":"花蓮","city":"花蓮縣","area":"花蓮市","market_address":"花蓮市中華路199號","user":"楊金峰","行業代號":null,"market_name":"公有零售中華市場","行業代號1":null,"名稱1":null,"行業代號2":null,"名稱2":null,"行業代號3":null,"名稱3":null,"category":"夜市/市場攤販","id":10003434,"pay_list":"","pay_tool":""},{"index":159,"shop":"公有零售中華市場-樹魚行","zone":"花蓮","city":"花蓮縣","area":"花蓮市","market_address":"花蓮市中華路199號","user":"許碧秋","行業代號":null,"market_name":"公有零售中華市場","行業代號1":null,"名稱1":null,"行業代號2":null,"名稱2":null,"行業代號3":null,"名稱3":null,"category":"夜市/市場攤販","id":10003445,"pay_list":"","pay_tool":""},{"index":160,"shop":"公有零售中華市場-無","zone":"花蓮","city":"花蓮縣","area":"花蓮市","market_address":"花蓮市中華路199號","user":"陳坤明","行業代號":null,"market_name":"公有零售中華市場","行業代號1":null,"名稱1":null,"行業代號2":null,"名稱2":null,"行業代號3":null,"名稱3":null,"category":"夜市/市場攤販","id":10003458,"pay_list":"","pay_tool":""},{"index":161,"shop":"公有零售中華市場-無","zone":"花蓮","city":"花蓮縣","area":"花蓮市","market_address":"花蓮市中華路199號","user":"李一明","行業代號":null,"market_name":"公有零售中華市場","行業代號1":null,"名稱1":null,"行業代號2":null,"名稱2":null,"行業代號3":null,"名稱3":null,"category":"夜市/市場攤販","id":10003469,"pay_list":"","pay_tool":""},{"index":162,"shop":"公有零售中華市場-無","zone":"花蓮","city":"花蓮縣","area":"花蓮市","market_address":"花蓮市中華路199號","user":"梁雪","行業代號":null,"market_name":"公有零售中華市場","行業代號1":null,"名稱1":null,"行業代號2":null,"名稱2":null,"行業代號3":null,"名稱3":null,"category":"夜市/市場攤販","id":10003480,"pay_list":"","pay_tool":""},{"index":163,"shop":"公有零售中華市場-無","zone":"花蓮","city":"花蓮縣","area":"花蓮市","market_address":"花蓮市中華路199號","user":"游千蕙","行業代號":null,"market_name":"公有零售中華市場","行業代號1":null,"名稱1":null,"行業代號2":null,"名稱2":null,"行業代號3":null,"名稱3":null,"category":"夜市/市場攤販","id":10003491,"pay_list":"","pay_tool":""},{"index":164,"shop":"公有零售中華市場-無","zone":"花蓮","city":"花蓮縣","area":"花蓮市","market_address":"花蓮市中華路199號","user":"黃進興","行業代號":null,"market_name":"公有零售中華市場","行業代號1":null,"名稱1":null,"行業代號2":null,"名稱2":null,"行業代號3":null,"名稱3":null,"category":"夜市/市場攤販","id":10003502,"pay_list":"","pay_tool":""},{"index":165,"shop":"公有零售中華市場-無","zone":"花蓮","city":"花蓮縣","area":"花蓮市","market_address":"花蓮市中華路199號","user":"張景妹","行業代號":null,"market_name":"公有零售中華市場","行業代號1":null,"名稱1":null,"行業代號2":null,"名稱2":null,"行業代號3":null,"名稱3":null,"category":"夜市/市場攤販","id":10003513,"pay_list":"","pay_tool":""},{"index":166,"shop":"公有零售中華市場-無","zone":"花蓮","city":"花蓮縣","area":"花蓮市","market_address":"花蓮市中華路199號","user":"簡碧玉","行業代號":null,"market_name":"公有零售中華市場","行業代號1":null,"名稱1":null,"行業代號2":null,"名稱2":null,"行業代號3":null,"名稱3":null,"category":"夜市/市場攤販","id":10003524,"pay_list":"","pay_tool":""},{"index":167,"shop":"公有零售中華市場-劉家燒肉","zone":"花蓮","city":"花蓮縣","area":"花蓮市","market_address":"花蓮市中華路199號","user":"李燕菊","行業代號":null,"market_name":"公有零售中華市場","行業代號1":null,"名稱1":null,"行業代號2":null,"名稱2":null,"行業代號3":null,"名稱3":null,"category":"夜市/市場攤販","id":10003535,"pay_list":"","pay_tool":""},{"index":168,"shop":"公有零售中華市場-金山商號","zone":"花蓮","city":"花蓮縣","area":"花蓮市","market_address":"花蓮市中華路199號","user":"張世俊","行業代號":null,"market_name":"公有零售中華市場","行業代號1":null,"名稱1":null,"行業代號2":null,"名稱2":null,"行業代號3":null,"名稱3":null,"category":"夜市/市場攤販","id":10003546,"pay_list":"","pay_tool":""},{"index":169,"shop":"公有零售中華市場-金山商號","zone":"花蓮","city":"花蓮縣","area":"花蓮市","market_address":"花蓮市中華路199號","user":"張木山","行業代號":null,"market_name":"公有零售中華市場","行業代號1":null,"名稱1":null,"行業代號2":null,"名稱2":null,"行業代號3":null,"名稱3":null,"category":"夜市/市場攤販","id":10003557,"pay_list":"","pay_tool":""},{"index":170,"shop":"公有零售中華市場-金山商號","zone":"花蓮","city":"花蓮縣","area":"花蓮市","market_address":"花蓮市中華路199號","user":"陳俊傑","行業代號":null,"market_name":"公有零售中華市場","行業代號1":null,"名稱1":null,"行業代號2":null,"名稱2":null,"行業代號3":null,"名稱3":null,"category":"夜市/市場攤販","id":10003569,"pay_list":"","pay_tool":""},{"index":171,"shop":"公有零售中華市場-邱協成農藥種苗行","zone":"花蓮","city":"花蓮縣","area":"花蓮市","market_address":"花蓮市中華路199號","user":"邱朝德","行業代號":null,"market_name":"公有零售中華市場","行業代號1":null,"名稱1":null,"行業代號2":null,"名稱2":null,"行業代號3":null,"名稱3":null,"category":"夜市/市場攤販","id":10003580,"pay_list":"","pay_tool":""},{"index":172,"shop":"公有零售中華市場-邱協成農藥種苗行","zone":"花蓮","city":"花蓮縣","area":"花蓮市","market_address":"花蓮市中華路199號","user":"邱珣","行業代號":null,"market_name":"公有零售中華市場","行業代號1":null,"名稱1":null,"行業代號2":null,"名稱2":null,"行業代號3":null,"名稱3":null,"category":"夜市/市場攤販","id":10003591,"pay_list":"","pay_tool":""},{"index":173,"shop":"公有零售中華市場-邱協成農藥種苗行","zone":"花蓮","city":"花蓮縣","area":"花蓮市","market_address":"花蓮市中華路199號","user":"邱奕城","行業代號":null,"market_name":"公有零售中華市場","行業代號1":null,"名稱1":null,"行業代號2":null,"名稱2":null,"行業代號3":null,"名稱3":null,"category":"夜市/市場攤販","id":10003602,"pay_list":"","pay_tool":""},{"index":174,"shop":"公有零售中華市場-邱協成農藥種苗行","zone":"花蓮","city":"花蓮縣","area":"花蓮市","market_address":"花蓮市中華路199號","user":"邱顯楨","行業代號":null,"market_name":"公有零售中華市場","行業代號1":null,"名稱1":null,"行業代號2":null,"名稱2":null,"行業代號3":null,"名稱3":null,"category":"夜市/市場攤販","id":10003613,"pay_list":"","pay_tool":""},{"index":175,"shop":"公有零售中華市場-玉梅素食","zone":"花蓮","city":"花蓮縣","area":"花蓮市","market_address":"花蓮市中華路199號","user":"謝寶釧","行業代號":null,"market_name":"公有零售中華市場","行業代號1":null,"名稱1":null,"行業代號2":null,"名稱2":null,"行業代號3":null,"名稱3":null,"category":"夜市/市場攤販","id":10003624,"pay_list":"","pay_tool":""},{"index":176,"shop":"公有零售中華市場-中華生機蔬果店","zone":"花蓮","city":"花蓮縣","area":"花蓮市","market_address":"花蓮市中華路199號","user":"李宜霖","行業代號":null,"market_name":"公有零售中華市場","行業代號1":null,"名稱1":null,"行業代號2":null,"名稱2":null,"行業代號3":null,"名稱3":null,"category":"夜市/市場攤販","id":10003635,"pay_list":"","pay_tool":""},{"index":177,"shop":"公有零售中華市場-玉梅素食","zone":"花蓮","city":"花蓮縣","area":"花蓮市","market_address":"花蓮市中華路199號","user":"陳明月","行業代號":null,"market_name":"公有零售中華市場","行業代號1":null,"名稱1":null,"行業代號2":null,"名稱2":null,"行業代號3":null,"名稱3":null,"category":"夜市/市場攤販","id":10003646,"pay_list":"","pay_tool":""},{"index":178,"shop":"公有零售中華市場-無","zone":"花蓮","city":"花蓮縣","area":"花蓮市","market_address":"花蓮市中華路199號","user":"世英雄","行業代號":null,"market_name":"公有零售中華市場","行業代號1":null,"名稱1":null,"行業代號2":null,"名稱2":null,"行業代號3":null,"名稱3":null,"category":"夜市/市場攤販","id":10003657,"pay_list":"","pay_tool":""},{"index":179,"shop":"公有零售中華市場-三兄弟豆腐店","zone":"花蓮","city":"花蓮縣","area":"花蓮市","market_address":"花蓮市中華路199號","user":"陳銘淵","行業代號":null,"market_name":"公有零售中華市場","行業代號1":null,"名稱1":null,"行業代號2":null,"名稱2":null,"行業代號3":null,"名稱3":null,"category":"夜市/市場攤販","id":10003668,"pay_list":"","pay_tool":""},{"index":180,"shop":"公有零售中華市場-來來服飾","zone":"花蓮","city":"花蓮縣","area":"花蓮市","market_address":"花蓮市中華路199號","user":"李梅玉","行業代號":null,"market_name":"公有零售中華市場","行業代號1":null,"名稱1":null,"行業代號2":null,"名稱2":null,"行業代號3":null,"名稱3":null,"category":"夜市/市場攤販","id":10003680,"pay_list":"","pay_tool":""},{"index":181,"shop":"公有零售中華市場-無","zone":"花蓮","city":"花蓮縣","area":"花蓮市","market_address":"花蓮市中華路199號","user":"許宗榮","行業代號":null,"market_name":"公有零售中華市場","行業代號1":null,"名稱1":null,"行業代號2":null,"名稱2":null,"行業代號3":null,"名稱3":null,"category":"夜市/市場攤販","id":10003691,"pay_list":"","pay_tool":""},{"index":182,"shop":"公有零售中華市場-玉梅素食","zone":"花蓮","city":"花蓮縣","area":"花蓮市","market_address":"花蓮市中華路199號","user":"韓春英","行業代號":null,"market_name":"公有零售中華市場","行業代號1":null,"名稱1":null,"行業代號2":null,"名稱2":null,"行業代號3":null,"名稱3":null,"category":"夜市/市場攤販","id":10003702,"pay_list":"","pay_tool":""},{"index":183,"shop":"公有零售中華市場-玉梅素食","zone":"花蓮","city":"花蓮縣","area":"花蓮市","market_address":"花蓮市中華路199號","user":"莊玉梅","行業代號":null,"market_name":"公有零售中華市場","行業代號1":null,"名稱1":null,"行業代號2":null,"名稱2":null,"行業代號3":null,"名稱3":null,"category":"夜市/市場攤販","id":10003713,"pay_list":"","pay_tool":""},{"index":184,"shop":"公有零售重慶市場-阿金鴨肉油飯","zone":"花蓮","city":"花蓮縣","area":"花蓮市","market_address":"花蓮市重慶路480號","user":"陳玉貞","行業代號":null,"market_name":"公有零售重慶市場","行業代號1":null,"名稱1":null,"行業代號2":null,"名稱2":null,"行業代號3":null,"名稱3":null,"category":"夜市/市場攤販","id":10003724,"pay_list":"","pay_tool":""},{"index":185,"shop":"公有零售重慶市場-聖侑商號","zone":"花蓮","city":"花蓮縣","area":"花蓮市","market_address":"花蓮市重慶路480號","user":"林吉村","行業代號":null,"market_name":"公有零售重慶市場","行業代號1":null,"名稱1":null,"行業代號2":null,"名稱2":null,"行業代號3":null,"名稱3":null,"category":"夜市/市場攤販","id":10003735,"pay_list":"","pay_tool":""},{"index":186,"shop":"公有零售重慶市場-新鮮牛羊肉","zone":"花蓮","city":"花蓮縣","area":"花蓮市","market_address":"花蓮市重慶路480號","user":"吳正一","行業代號":null,"market_name":"公有零售重慶市場","行業代號1":null,"名稱1":null,"行業代號2":null,"名稱2":null,"行業代號3":null,"名稱3":null,"category":"夜市/市場攤販","id":10003746,"pay_list":"","pay_tool":""},{"index":187,"shop":"公有零售重慶市場-忠龍商號","zone":"花蓮","city":"花蓮縣","area":"花蓮市","market_address":"花蓮市重慶路480號","user":"曾寶玉","行業代號":null,"market_name":"公有零售重慶市場","行業代號1":null,"名稱1":null,"行業代號2":null,"名稱2":null,"行業代號3":null,"名稱3":null,"category":"夜市/市場攤販","id":10003757,"pay_list":"","pay_tool":""},{"index":188,"shop":"公有零售重慶市場-裕興號","zone":"花蓮","city":"花蓮縣","area":"花蓮市","market_address":"花蓮市重慶路480號","user":"陳鳳鳳","行業代號":null,"market_name":"公有零售重慶市場","行業代號1":null,"名稱1":null,"行業代號2":null,"名稱2":null,"行業代號3":null,"名稱3":null,"category":"夜市/市場攤販","id":10003768,"pay_list":"","pay_tool":""},{"index":189,"shop":"公有零售重慶市場-忠龍商號","zone":"花蓮","city":"花蓮縣","area":"花蓮市","market_address":"花蓮市重慶路480號","user":"余家榛","行業代號":null,"market_name":"公有零售重慶市場","行業代號1":null,"名稱1":null,"行業代號2":null,"名稱2":null,"行業代號3":null,"名稱3":null,"category":"夜市/市場攤販","id":10003779,"pay_list":"","pay_tool":""},{"index":190,"shop":"公有零售重慶市場-大榮食品行","zone":"花蓮","city":"花蓮縣","area":"花蓮市","market_address":"花蓮市重慶路480號","user":"黃聖凱","行業代號":null,"market_name":"公有零售重慶市場","行業代號1":null,"名稱1":null,"行業代號2":null,"名稱2":null,"行業代號3":null,"名稱3":null,"category":"夜市/市場攤販","id":10003791,"pay_list":"","pay_tool":""},{"index":191,"shop":"公有零售重慶市場-大榮食品行","zone":"花蓮","city":"花蓮縣","area":"花蓮市","market_address":"花蓮市重慶路480號","user":"薛臻","行業代號":null,"market_name":"公有零售重慶市場","行業代號1":null,"名稱1":null,"行業代號2":null,"名稱2":null,"行業代號3":null,"名稱3":null,"category":"夜市/市場攤販","id":10003802,"pay_list":"","pay_tool":""},{"index":192,"shop":"公有零售重慶市場-大榮食品行","zone":"花蓮","city":"花蓮縣","area":"花蓮市","market_address":"花蓮市重慶路480號","user":"薛景?","行業代號":null,"market_name":"公有零售重慶市場","行業代號1":null,"名稱1":null,"行業代號2":null,"名稱2":null,"行業代號3":null,"名稱3":null,"category":"夜市/市場攤販","id":10003813,"pay_list":"","pay_tool":""},{"index":193,"shop":"公有零售重慶市場-銘發食品","zone":"花蓮","city":"花蓮縣","area":"花蓮市","market_address":"花蓮市重慶路480號","user":"蔡宗哲","行業代號":null,"market_name":"公有零售重慶市場","行業代號1":null,"名稱1":null,"行業代號2":null,"名稱2":null,"行業代號3":null,"名稱3":null,"category":"夜市/市場攤販","id":10003824,"pay_list":"","pay_tool":""},{"index":194,"shop":"公有零售重慶市場-陳鳳","zone":"花蓮","city":"花蓮縣","area":"花蓮市","market_address":"花蓮市重慶路480號","user":"陳鳳","行業代號":null,"market_name":"公有零售重慶市場","行業代號1":null,"名稱1":null,"行業代號2":null,"名稱2":null,"行業代號3":null,"名稱3":null,"category":"夜市/市場攤販","id":10003835,"pay_list":"","pay_tool":""},{"index":195,"shop":"公有零售重慶市場-忠憑商號","zone":"花蓮","city":"花蓮縣","area":"花蓮市","market_address":"花蓮市重慶路480號","user":"陳壹妹","行業代號":null,"market_name":"公有零售重慶市場","行業代號1":null,"名稱1":null,"行業代號2":null,"名稱2":null,"行業代號3":null,"名稱3":null,"category":"夜市/市場攤販","id":10003846,"pay_list":"","pay_tool":""},{"index":196,"shop":"公有零售重慶市場-重慶壽司","zone":"花蓮","city":"花蓮縣","area":"花蓮市","market_address":"花蓮市重慶路480號","user":"簡志琮","行業代號":null,"market_name":"公有零售重慶市場","行業代號1":null,"名稱1":null,"行業代號2":null,"名稱2":null,"行業代號3":null,"名稱3":null,"category":"夜市/市場攤販","id":10003857,"pay_list":"","pay_tool":""},{"index":197,"shop":"公有零售重慶市場-楊記豆干","zone":"花蓮","city":"花蓮縣","area":"花蓮市","market_address":"花蓮市重慶路480號","user":"洪秋萍","行業代號":null,"market_name":"公有零售重慶市場","行業代號1":null,"名稱1":null,"行業代號2":null,"名稱2":null,"行業代號3":null,"名稱3":null,"category":"夜市/市場攤販","id":10003868,"pay_list":"","pay_tool":""},{"index":198,"shop":"公有零售重慶市場-鐘錶達人","zone":"花蓮","city":"花蓮縣","area":"花蓮市","market_address":"花蓮市重慶路480號","user":"顏美香","行業代號":null,"market_name":"公有零售重慶市場","行業代號1":null,"名稱1":null,"行業代號2":null,"名稱2":null,"行業代號3":null,"名稱3":null,"category":"夜市/市場攤販","id":10003879,"pay_list":"","pay_tool":""},{"index":199,"shop":"公有零售重慶市場-李黃金玉米雞","zone":"花蓮","city":"花蓮縣","area":"花蓮市","market_address":"花蓮市重慶路480號","user":"陳鵬","行業代號":null,"market_name":"公有零售重慶市場","行業代號1":null,"名稱1":null,"行業代號2":null,"名稱2":null,"行業代號3":null,"名稱3":null,"category":"夜市/市場攤販","id":10003890,"pay_list":"","pay_tool":""},{"index":200,"shop":"公有零售重慶市場-鮮綠水果行","zone":"花蓮","city":"花蓮縣","area":"花蓮市","market_address":"花蓮市重慶路480號","user":"楊重書","行業代號":null,"market_name":"公有零售重慶市場","行業代號1":null,"名稱1":null,"行業代號2":null,"名稱2":null,"行業代號3":null,"名稱3":null,"category":"夜市/市場攤販","id":10003898,"pay_list":"","pay_tool":""}]