[{"index":1,"shop":"麥寮公有零售市場-攤-1","zone":"雲嘉南","city":"雲林縣","area":"麥寮鄉","market_address":"雲林縣麥寮鄉表福路95號","user":"陳慶霏","行業代號":null,"market_name":"麥寮公有零售市場","行業代號1":null,"名稱1":null,"行業代號2":null,"名稱2":null,"行業代號3":null,"名稱3":null,"category":"夜市/市場攤販","id":10004640,"pay_list":"","pay_tool":""},{"index":2,"shop":"麥寮公有零售市場-攤-2","zone":"雲嘉南","city":"雲林縣","area":"麥寮鄉","market_address":"雲林縣麥寮鄉表福路95號","user":"吳金龍","行業代號":null,"market_name":"麥寮公有零售市場","行業代號1":null,"名稱1":null,"行業代號2":null,"名稱2":null,"行業代號3":null,"名稱3":null,"category":"夜市/市場攤販","id":10004641,"pay_list":"","pay_tool":""},{"index":3,"shop":"麥寮公有零售市場-攤-3","zone":"雲嘉南","city":"雲林縣","area":"麥寮鄉","market_address":"雲林縣麥寮鄉表福路95號","user":"蘇振源","行業代號":null,"market_name":"麥寮公有零售市場","行業代號1":null,"名稱1":null,"行業代號2":null,"名稱2":null,"行業代號3":null,"名稱3":null,"category":"夜市/市場攤販","id":10004642,"pay_list":"","pay_tool":""},{"index":4,"shop":"麥寮公有零售市場-攤-4","zone":"雲嘉南","city":"雲林縣","area":"麥寮鄉","market_address":"雲林縣麥寮鄉表福路95號","user":"林宏佳","行業代號":null,"market_name":"麥寮公有零售市場","行業代號1":null,"名稱1":null,"行業代號2":null,"名稱2":null,"行業代號3":null,"名稱3":null,"category":"夜市/市場攤販","id":10004643,"pay_list":"","pay_tool":""},{"index":5,"shop":"麥寮公有零售市場-攤-5","zone":"雲嘉南","city":"雲林縣","area":"麥寮鄉","market_address":"雲林縣麥寮鄉表福路95號","user":"林金里","行業代號":null,"market_name":"麥寮公有零售市場","行業代號1":null,"名稱1":null,"行業代號2":null,"名稱2":null,"行業代號3":null,"名稱3":null,"category":"夜市/市場攤販","id":10004644,"pay_list":"","pay_tool":""},{"index":6,"shop":"麥寮公有零售市場-攤-6","zone":"雲嘉南","city":"雲林縣","area":"麥寮鄉","market_address":"雲林縣麥寮鄉表福路95號","user":"林近江","行業代號":null,"market_name":"麥寮公有零售市場","行業代號1":null,"名稱1":null,"行業代號2":null,"名稱2":null,"行業代號3":null,"名稱3":null,"category":"夜市/市場攤販","id":10004645,"pay_list":"","pay_tool":""},{"index":7,"shop":"麥寮公有零售市場-攤-9","zone":"雲嘉南","city":"雲林縣","area":"麥寮鄉","market_address":"雲林縣麥寮鄉表福路95號","user":"蔡世芳   （終止）","行業代號":null,"market_name":"麥寮公有零售市場","行業代號1":null,"名稱1":null,"行業代號2":null,"名稱2":null,"行業代號3":null,"名稱3":null,"category":"夜市/市場攤販","id":10004646,"pay_list":"","pay_tool":""},{"index":8,"shop":"麥寮公有零售市場-攤-11","zone":"雲嘉南","city":"雲林縣","area":"麥寮鄉","market_address":"雲林縣麥寮鄉表福路95號","user":"吳松田","行業代號":null,"market_name":"麥寮公有零售市場","行業代號1":null,"名稱1":null,"行業代號2":null,"名稱2":null,"行業代號3":null,"名稱3":null,"category":"夜市/市場攤販","id":10004647,"pay_list":"","pay_tool":""},{"index":9,"shop":"麥寮公有零售市場-攤-12","zone":"雲嘉南","city":"雲林縣","area":"麥寮鄉","market_address":"雲林縣麥寮鄉表福路95號","user":"林英利","行業代號":null,"market_name":"麥寮公有零售市場","行業代號1":null,"名稱1":null,"行業代號2":null,"名稱2":null,"行業代號3":null,"名稱3":null,"category":"夜市/市場攤販","id":10004649,"pay_list":"","pay_tool":""},{"index":10,"shop":"麥寮公有零售市場-攤-27","zone":"雲嘉南","city":"雲林縣","area":"麥寮鄉","market_address":"雲林縣麥寮鄉表福路95號","user":"楊振利","行業代號":null,"market_name":"麥寮公有零售市場","行業代號1":null,"名稱1":null,"行業代號2":null,"名稱2":null,"行業代號3":null,"名稱3":null,"category":"夜市/市場攤販","id":10004650,"pay_list":"","pay_tool":""},{"index":11,"shop":"麥寮公有零售市場-攤-28","zone":"雲嘉南","city":"雲林縣","area":"麥寮鄉","market_address":"雲林縣麥寮鄉表福路95號","user":"楊宏文","行業代號":null,"market_name":"麥寮公有零售市場","行業代號1":null,"名稱1":null,"行業代號2":null,"名稱2":null,"行業代號3":null,"名稱3":null,"category":"夜市/市場攤販","id":10004651,"pay_list":"","pay_tool":""},{"index":12,"shop":"麥寮公有零售市場-鋪-31","zone":"雲嘉南","city":"雲林縣","area":"麥寮鄉","market_address":"雲林縣麥寮鄉表福路95號","user":"林椿權","行業代號":null,"market_name":"麥寮公有零售市場","行業代號1":null,"名稱1":null,"行業代號2":null,"名稱2":null,"行業代號3":null,"名稱3":null,"category":"夜市/市場攤販","id":10004652,"pay_list":"","pay_tool":""},{"index":13,"shop":"麥寮公有零售市場-鋪-32","zone":"雲嘉南","city":"雲林縣","area":"麥寮鄉","market_address":"雲林縣麥寮鄉表福路95號","user":"林宋明","行業代號":null,"market_name":"麥寮公有零售市場","行業代號1":null,"名稱1":null,"行業代號2":null,"名稱2":null,"行業代號3":null,"名稱3":null,"category":"夜市/市場攤販","id":10004653,"pay_list":"","pay_tool":""},{"index":14,"shop":"麥寮公有零售市場-鋪-33","zone":"雲嘉南","city":"雲林縣","area":"麥寮鄉","market_address":"雲林縣麥寮鄉表福路95號","user":"林淑桃","行業代號":null,"market_name":"麥寮公有零售市場","行業代號1":null,"名稱1":null,"行業代號2":null,"名稱2":null,"行業代號3":null,"名稱3":null,"category":"夜市/市場攤販","id":10004654,"pay_list":"","pay_tool":""},{"index":15,"shop":"麥寮公有零售市場-鋪-34","zone":"雲嘉南","city":"雲林縣","area":"麥寮鄉","market_address":"雲林縣麥寮鄉表福路95號","user":"陳君祐","行業代號":null,"market_name":"麥寮公有零售市場","行業代號1":null,"名稱1":null,"行業代號2":null,"名稱2":null,"行業代號3":null,"名稱3":null,"category":"夜市/市場攤販","id":10004655,"pay_list":"","pay_tool":""},{"index":16,"shop":"麥寮公有零售市場-鋪-35","zone":"雲嘉南","city":"雲林縣","area":"麥寮鄉","market_address":"雲林縣麥寮鄉表福路95號","user":"陳承濬","行業代號":null,"market_name":"麥寮公有零售市場","行業代號1":null,"名稱1":null,"行業代號2":null,"名稱2":null,"行業代號3":null,"名稱3":null,"category":"夜市/市場攤販","id":10004656,"pay_list":"","pay_tool":""},{"index":17,"shop":"麥寮公有零售市場-鋪-36","zone":"雲嘉南","city":"雲林縣","area":"麥寮鄉","market_address":"雲林縣麥寮鄉表福路95號","user":"吳承源","行業代號":null,"market_name":"麥寮公有零售市場","行業代號1":null,"名稱1":null,"行業代號2":null,"名稱2":null,"行業代號3":null,"名稱3":null,"category":"夜市/市場攤販","id":10004657,"pay_list":"","pay_tool":""},{"index":18,"shop":"麥寮公有零售市場-鋪-37","zone":"雲嘉南","city":"雲林縣","area":"麥寮鄉","market_address":"雲林縣麥寮鄉表福路95號","user":"林格","行業代號":null,"market_name":"麥寮公有零售市場","行業代號1":null,"名稱1":null,"行業代號2":null,"名稱2":null,"行業代號3":null,"名稱3":null,"category":"夜市/市場攤販","id":10004658,"pay_list":"","pay_tool":""},{"index":19,"shop":"麥寮公有零售市場-鋪-38","zone":"雲嘉南","city":"雲林縣","area":"麥寮鄉","market_address":"雲林縣麥寮鄉表福路95號","user":"林釵","行業代號":null,"market_name":"麥寮公有零售市場","行業代號1":null,"名稱1":null,"行業代號2":null,"名稱2":null,"行業代號3":null,"名稱3":null,"category":"夜市/市場攤販","id":10004660,"pay_list":"","pay_tool":""},{"index":20,"shop":"麥寮公有零售市場-鋪-39","zone":"雲嘉南","city":"雲林縣","area":"麥寮鄉","market_address":"雲林縣麥寮鄉表福路95號","user":"林季如","行業代號":null,"market_name":"麥寮公有零售市場","行業代號1":null,"名稱1":null,"行業代號2":null,"名稱2":null,"行業代號3":null,"名稱3":null,"category":"夜市/市場攤販","id":10004661,"pay_list":"","pay_tool":""},{"index":21,"shop":"麥寮公有零售市場-鋪-40","zone":"雲嘉南","city":"雲林縣","area":"麥寮鄉","market_address":"雲林縣麥寮鄉表福路95號","user":"陳許阿菜","行業代號":null,"market_name":"麥寮公有零售市場","行業代號1":null,"名稱1":null,"行業代號2":null,"名稱2":null,"行業代號3":null,"名稱3":null,"category":"夜市/市場攤販","id":10004662,"pay_list":"","pay_tool":""},{"index":22,"shop":"麥寮公有零售市場-鋪-41","zone":"雲嘉南","city":"雲林縣","area":"麥寮鄉","market_address":"雲林縣麥寮鄉表福路95號","user":"林素娟","行業代號":null,"market_name":"麥寮公有零售市場","行業代號1":null,"名稱1":null,"行業代號2":null,"名稱2":null,"行業代號3":null,"名稱3":null,"category":"夜市/市場攤販","id":10004663,"pay_list":"","pay_tool":""},{"index":23,"shop":"麥寮公有零售市場-鋪-42","zone":"雲嘉南","city":"雲林縣","area":"麥寮鄉","market_address":"雲林縣麥寮鄉表福路95號","user":"林建安","行業代號":null,"market_name":"麥寮公有零售市場","行業代號1":null,"名稱1":null,"行業代號2":null,"名稱2":null,"行業代號3":null,"名稱3":null,"category":"夜市/市場攤販","id":10004664,"pay_list":"","pay_tool":""},{"index":24,"shop":"麥寮公有零售市場-鋪-43","zone":"雲嘉南","city":"雲林縣","area":"麥寮鄉","market_address":"雲林縣麥寮鄉表福路95號","user":"林許秀櫻","行業代號":null,"market_name":"麥寮公有零售市場","行業代號1":null,"名稱1":null,"行業代號2":null,"名稱2":null,"行業代號3":null,"名稱3":null,"category":"夜市/市場攤販","id":10004665,"pay_list":"","pay_tool":""},{"index":25,"shop":"麥寮公有零售市場-鋪-44","zone":"雲嘉南","city":"雲林縣","area":"麥寮鄉","market_address":"雲林縣麥寮鄉表福路95號","user":"李能遠","行業代號":null,"market_name":"麥寮公有零售市場","行業代號1":null,"名稱1":null,"行業代號2":null,"名稱2":null,"行業代號3":null,"名稱3":null,"category":"夜市/市場攤販","id":10004666,"pay_list":"","pay_tool":""},{"index":26,"shop":"麥寮公有零售市場-鋪-45","zone":"雲嘉南","city":"雲林縣","area":"麥寮鄉","market_address":"雲林縣麥寮鄉表福路95號","user":"余佳儒","行業代號":null,"market_name":"麥寮公有零售市場","行業代號1":null,"名稱1":null,"行業代號2":null,"名稱2":null,"行業代號3":null,"名稱3":null,"category":"夜市/市場攤販","id":10004667,"pay_list":"","pay_tool":""},{"index":27,"shop":"麥寮公有零售市場-鋪-46","zone":"雲嘉南","city":"雲林縣","area":"麥寮鄉","market_address":"雲林縣麥寮鄉表福路95號","user":"余泰霖","行業代號":null,"market_name":"麥寮公有零售市場","行業代號1":null,"名稱1":null,"行業代號2":null,"名稱2":null,"行業代號3":null,"名稱3":null,"category":"夜市/市場攤販","id":10004668,"pay_list":"","pay_tool":""},{"index":28,"shop":"麥寮公有零售市場-鋪-47","zone":"雲嘉南","city":"雲林縣","area":"麥寮鄉","market_address":"雲林縣麥寮鄉表福路95號","user":"徐淑芳","行業代號":null,"market_name":"麥寮公有零售市場","行業代號1":null,"名稱1":null,"行業代號2":null,"名稱2":null,"行業代號3":null,"名稱3":null,"category":"夜市/市場攤販","id":10004669,"pay_list":"","pay_tool":""},{"index":29,"shop":"麥寮公有零售市場-鋪-48","zone":"雲嘉南","city":"雲林縣","area":"麥寮鄉","market_address":"雲林縣麥寮鄉表福路95號","user":"林應雪","行業代號":null,"market_name":"麥寮公有零售市場","行業代號1":null,"名稱1":null,"行業代號2":null,"名稱2":null,"行業代號3":null,"名稱3":null,"category":"夜市/市場攤販","id":10004671,"pay_list":"","pay_tool":""},{"index":30,"shop":"麥寮公有零售市場-鋪-49","zone":"雲嘉南","city":"雲林縣","area":"麥寮鄉","market_address":"雲林縣麥寮鄉表福路95號","user":"葉進男","行業代號":null,"market_name":"麥寮公有零售市場","行業代號1":null,"名稱1":null,"行業代號2":null,"名稱2":null,"行業代號3":null,"名稱3":null,"category":"夜市/市場攤販","id":10004672,"pay_list":"","pay_tool":""},{"index":31,"shop":"麥寮公有零售市場-鋪-50","zone":"雲嘉南","city":"雲林縣","area":"麥寮鄉","market_address":"雲林縣麥寮鄉表福路95號","user":"廖金鳳","行業代號":null,"market_name":"麥寮公有零售市場","行業代號1":null,"名稱1":null,"行業代號2":null,"名稱2":null,"行業代號3":null,"名稱3":null,"category":"夜市/市場攤販","id":10004673,"pay_list":"","pay_tool":""},{"index":32,"shop":"麥寮公有零售市場-鋪-51","zone":"雲嘉南","city":"雲林縣","area":"麥寮鄉","market_address":"雲林縣麥寮鄉表福路95號","user":"廖清海","行業代號":null,"market_name":"麥寮公有零售市場","行業代號1":null,"名稱1":null,"行業代號2":null,"名稱2":null,"行業代號3":null,"名稱3":null,"category":"夜市/市場攤販","id":10004674,"pay_list":"","pay_tool":""},{"index":33,"shop":"麥寮公有零售市場-鋪-52","zone":"雲嘉南","city":"雲林縣","area":"麥寮鄉","market_address":"雲林縣麥寮鄉表福路95號","user":"吳春紅","行業代號":null,"market_name":"麥寮公有零售市場","行業代號1":null,"名稱1":null,"行業代號2":null,"名稱2":null,"行業代號3":null,"名稱3":null,"category":"夜市/市場攤販","id":10004675,"pay_list":"","pay_tool":""},{"index":34,"shop":"麥寮公有零售市場-鋪-53","zone":"雲嘉南","city":"雲林縣","area":"麥寮鄉","market_address":"雲林縣麥寮鄉表福路95號","user":"張凱銘","行業代號":null,"market_name":"麥寮公有零售市場","行業代號1":null,"名稱1":null,"行業代號2":null,"名稱2":null,"行業代號3":null,"名稱3":null,"category":"夜市/市場攤販","id":10004676,"pay_list":"","pay_tool":""},{"index":35,"shop":"麥寮公有零售市場-鋪-54","zone":"雲嘉南","city":"雲林縣","area":"麥寮鄉","market_address":"雲林縣麥寮鄉表福路95號","user":"張瑜倫","行業代號":null,"market_name":"麥寮公有零售市場","行業代號1":null,"名稱1":null,"行業代號2":null,"名稱2":null,"行業代號3":null,"名稱3":null,"category":"夜市/市場攤販","id":10004677,"pay_list":"","pay_tool":""},{"index":36,"shop":"麥寮公有零售市場-鋪-55","zone":"雲嘉南","city":"雲林縣","area":"麥寮鄉","market_address":"雲林縣麥寮鄉表福路95號","user":"林孟賢","行業代號":null,"market_name":"麥寮公有零售市場","行業代號1":null,"名稱1":null,"行業代號2":null,"名稱2":null,"行業代號3":null,"名稱3":null,"category":"夜市/市場攤販","id":10004678,"pay_list":"","pay_tool":""},{"index":37,"shop":"麥寮公有零售市場-鋪-56","zone":"雲嘉南","city":"雲林縣","area":"麥寮鄉","market_address":"雲林縣麥寮鄉表福路95號","user":"陳柏松","行業代號":null,"market_name":"麥寮公有零售市場","行業代號1":null,"名稱1":null,"行業代號2":null,"名稱2":null,"行業代號3":null,"名稱3":null,"category":"夜市/市場攤販","id":10004679,"pay_list":"","pay_tool":""},{"index":38,"shop":"麥寮公有零售市場-鋪-57","zone":"雲嘉南","city":"雲林縣","area":"麥寮鄉","market_address":"雲林縣麥寮鄉表福路95號","user":"許元?","行業代號":null,"market_name":"麥寮公有零售市場","行業代號1":null,"名稱1":null,"行業代號2":null,"名稱2":null,"行業代號3":null,"名稱3":null,"category":"夜市/市場攤販","id":10004680,"pay_list":"","pay_tool":""},{"index":39,"shop":"麥寮公有零售市場-鋪-58","zone":"雲嘉南","city":"雲林縣","area":"麥寮鄉","market_address":"雲林縣麥寮鄉表福路95號","user":"許元朗","行業代號":null,"market_name":"麥寮公有零售市場","行業代號1":null,"名稱1":null,"行業代號2":null,"名稱2":null,"行業代號3":null,"名稱3":null,"category":"夜市/市場攤販","id":10004682,"pay_list":"","pay_tool":""},{"index":40,"shop":"麥寮公有零售市場-鋪-59","zone":"雲嘉南","city":"雲林縣","area":"麥寮鄉","market_address":"雲林縣麥寮鄉表福路95號","user":"陳秀美","行業代號":null,"market_name":"麥寮公有零售市場","行業代號1":null,"名稱1":null,"行業代號2":null,"名稱2":null,"行業代號3":null,"名稱3":null,"category":"夜市/市場攤販","id":10004683,"pay_list":"","pay_tool":""},{"index":41,"shop":"麥寮公有零售市場-鋪-60","zone":"雲嘉南","city":"雲林縣","area":"麥寮鄉","market_address":"雲林縣麥寮鄉表福路95號","user":"許峰碩","行業代號":null,"market_name":"麥寮公有零售市場","行業代號1":null,"名稱1":null,"行業代號2":null,"名稱2":null,"行業代號3":null,"名稱3":null,"category":"夜市/市場攤販","id":10004684,"pay_list":"","pay_tool":""},{"index":42,"shop":"麥寮公有零售市場-鋪-61","zone":"雲嘉南","city":"雲林縣","area":"麥寮鄉","market_address":"雲林縣麥寮鄉表福路95號","user":"吳國棟","行業代號":null,"market_name":"麥寮公有零售市場","行業代號1":null,"名稱1":null,"行業代號2":null,"名稱2":null,"行業代號3":null,"名稱3":null,"category":"夜市/市場攤販","id":10004685,"pay_list":"","pay_tool":""},{"index":43,"shop":"麥寮公有零售市場-鋪-62","zone":"雲嘉南","city":"雲林縣","area":"麥寮鄉","market_address":"雲林縣麥寮鄉表福路95號","user":"黃麗雲","行業代號":null,"market_name":"麥寮公有零售市場","行業代號1":null,"名稱1":null,"行業代號2":null,"名稱2":null,"行業代號3":null,"名稱3":null,"category":"夜市/市場攤販","id":10004686,"pay_list":"","pay_tool":""},{"index":44,"shop":"麥寮公有零售市場-鋪-63","zone":"雲嘉南","city":"雲林縣","area":"麥寮鄉","market_address":"雲林縣麥寮鄉表福路95號","user":"吳永豐","行業代號":null,"market_name":"麥寮公有零售市場","行業代號1":null,"名稱1":null,"行業代號2":null,"名稱2":null,"行業代號3":null,"名稱3":null,"category":"夜市/市場攤販","id":10004687,"pay_list":"","pay_tool":""},{"index":45,"shop":"麥寮公有零售市場-鋪-64","zone":"雲嘉南","city":"雲林縣","area":"麥寮鄉","market_address":"雲林縣麥寮鄉表福路95號","user":"洪耀智","行業代號":null,"market_name":"麥寮公有零售市場","行業代號1":null,"名稱1":null,"行業代號2":null,"名稱2":null,"行業代號3":null,"名稱3":null,"category":"夜市/市場攤販","id":10004688,"pay_list":"","pay_tool":""},{"index":46,"shop":"麥寮公有零售市場-鋪-65","zone":"雲嘉南","city":"雲林縣","area":"麥寮鄉","market_address":"雲林縣麥寮鄉表福路95號","user":"洪登聰","行業代號":null,"market_name":"麥寮公有零售市場","行業代號1":null,"名稱1":null,"行業代號2":null,"名稱2":null,"行業代號3":null,"名稱3":null,"category":"夜市/市場攤販","id":10004689,"pay_list":"","pay_tool":""},{"index":47,"shop":"麥寮公有零售市場-鋪-66","zone":"雲嘉南","city":"雲林縣","area":"麥寮鄉","market_address":"雲林縣麥寮鄉表福路95號","user":"林通益","行業代號":null,"market_name":"麥寮公有零售市場","行業代號1":null,"名稱1":null,"行業代號2":null,"名稱2":null,"行業代號3":null,"名稱3":null,"category":"夜市/市場攤販","id":10004690,"pay_list":"","pay_tool":""},{"index":48,"shop":"麥寮公有零售市場-鋪-67","zone":"雲嘉南","city":"雲林縣","area":"麥寮鄉","market_address":"雲林縣麥寮鄉表福路95號","user":"陳楷鈞","行業代號":null,"market_name":"麥寮公有零售市場","行業代號1":null,"名稱1":null,"行業代號2":null,"名稱2":null,"行業代號3":null,"名稱3":null,"category":"夜市/市場攤販","id":10004691,"pay_list":"","pay_tool":""},{"index":49,"shop":"麥寮公有零售市場-攤-29","zone":"雲嘉南","city":"雲林縣","area":"麥寮鄉","market_address":"雲林縣麥寮鄉表福路95號","user":"許林金鳳  （終止）","行業代號":null,"market_name":"麥寮公有零售市場","行業代號1":null,"名稱1":null,"行業代號2":null,"名稱2":null,"行業代號3":null,"名稱3":null,"category":"夜市/市場攤販","id":10004693,"pay_list":"","pay_tool":""},{"index":50,"shop":"橋頭公有零售市場-鋪-1","zone":"雲嘉南","city":"雲林縣","area":"麥寮鄉","market_address":"雲林縣麥寮鄉橋頭村仁德路157號","user":"沈儀在","行業代號":null,"market_name":"橋頭公有零售市場","行業代號1":null,"名稱1":null,"行業代號2":null,"名稱2":null,"行業代號3":null,"名稱3":null,"category":"夜市/市場攤販","id":10004694,"pay_list":"","pay_tool":""},{"index":51,"shop":"橋頭公有零售市場-舖-2","zone":"雲嘉南","city":"雲林縣","area":"麥寮鄉","market_address":"雲林縣麥寮鄉橋頭村仁德路157號","user":"許倍禎","行業代號":null,"market_name":"橋頭公有零售市場","行業代號1":null,"名稱1":null,"行業代號2":null,"名稱2":null,"行業代號3":null,"名稱3":null,"category":"夜市/市場攤販","id":10004695,"pay_list":"","pay_tool":""},{"index":52,"shop":"橋頭公有零售市場-舖-3","zone":"雲嘉南","city":"雲林縣","area":"麥寮鄉","market_address":"雲林縣麥寮鄉橋頭村仁德路157號","user":"許景棋","行業代號":null,"market_name":"橋頭公有零售市場","行業代號1":null,"名稱1":null,"行業代號2":null,"名稱2":null,"行業代號3":null,"名稱3":null,"category":"夜市/市場攤販","id":10004696,"pay_list":"","pay_tool":""},{"index":53,"shop":"橋頭公有零售市場-舖-4","zone":"雲嘉南","city":"雲林縣","area":"麥寮鄉","market_address":"雲林縣麥寮鄉橋頭村仁德路157號","user":"蔡明芳","行業代號":null,"market_name":"橋頭公有零售市場","行業代號1":null,"名稱1":null,"行業代號2":null,"名稱2":null,"行業代號3":null,"名稱3":null,"category":"夜市/市場攤販","id":10004697,"pay_list":"","pay_tool":""},{"index":54,"shop":"橋頭公有零售市場-舖-5","zone":"雲嘉南","city":"雲林縣","area":"麥寮鄉","market_address":"雲林縣麥寮鄉橋頭村仁德路157號","user":"莊林月梅","行業代號":null,"market_name":"橋頭公有零售市場","行業代號1":null,"名稱1":null,"行業代號2":null,"名稱2":null,"行業代號3":null,"名稱3":null,"category":"夜市/市場攤販","id":10004698,"pay_list":"","pay_tool":""},{"index":55,"shop":"橋頭公有零售市場-舖-6","zone":"雲嘉南","city":"雲林縣","area":"麥寮鄉","market_address":"雲林縣麥寮鄉橋頭村仁德路157號","user":"林秀香","行業代號":null,"market_name":"橋頭公有零售市場","行業代號1":null,"名稱1":null,"行業代號2":null,"名稱2":null,"行業代號3":null,"名稱3":null,"category":"夜市/市場攤販","id":10004699,"pay_list":"","pay_tool":""},{"index":56,"shop":"橋頭公有零售市場-舖-7","zone":"雲嘉南","city":"雲林縣","area":"麥寮鄉","market_address":"雲林縣麥寮鄉橋頭村仁德路157號","user":"林麗英","行業代號":null,"market_name":"橋頭公有零售市場","行業代號1":null,"名稱1":null,"行業代號2":null,"名稱2":null,"行業代號3":null,"名稱3":null,"category":"夜市/市場攤販","id":10004700,"pay_list":"","pay_tool":""},{"index":57,"shop":"橋頭公有零售市場-舖-8","zone":"雲嘉南","city":"雲林縣","area":"麥寮鄉","market_address":"雲林縣麥寮鄉橋頭村仁德路157號","user":"許進田","行業代號":null,"market_name":"橋頭公有零售市場","行業代號1":null,"名稱1":null,"行業代號2":null,"名稱2":null,"行業代號3":null,"名稱3":null,"category":"夜市/市場攤販","id":10004701,"pay_list":"","pay_tool":""},{"index":58,"shop":"橋頭公有零售市場-舖-9","zone":"雲嘉南","city":"雲林縣","area":"麥寮鄉","market_address":"雲林縣麥寮鄉橋頭村仁德路157號","user":"許華書","行業代號":null,"market_name":"橋頭公有零售市場","行業代號1":null,"名稱1":null,"行業代號2":null,"名稱2":null,"行業代號3":null,"名稱3":null,"category":"夜市/市場攤販","id":10004702,"pay_list":"","pay_tool":""},{"index":59,"shop":"橋頭公有零售市場-舖-10","zone":"雲嘉南","city":"雲林縣","area":"麥寮鄉","market_address":"雲林縣麥寮鄉橋頭村仁德路157號","user":"蘇哲輝","行業代號":null,"market_name":"橋頭公有零售市場","行業代號1":null,"名稱1":null,"行業代號2":null,"名稱2":null,"行業代號3":null,"名稱3":null,"category":"夜市/市場攤販","id":10004704,"pay_list":"","pay_tool":""},{"index":60,"shop":"橋頭公有零售市場-舖-11","zone":"雲嘉南","city":"雲林縣","area":"麥寮鄉","market_address":"雲林縣麥寮鄉橋頭村仁德路157號","user":"林素晴","行業代號":null,"market_name":"橋頭公有零售市場","行業代號1":null,"名稱1":null,"行業代號2":null,"名稱2":null,"行業代號3":null,"名稱3":null,"category":"夜市/市場攤販","id":10004705,"pay_list":"","pay_tool":""},{"index":61,"shop":"橋頭公有零售市場-舖-12","zone":"雲嘉南","city":"雲林縣","area":"麥寮鄉","market_address":"雲林縣麥寮鄉橋頭村仁德路157號","user":"丁金鳳","行業代號":null,"market_name":"橋頭公有零售市場","行業代號1":null,"名稱1":null,"行業代號2":null,"名稱2":null,"行業代號3":null,"名稱3":null,"category":"夜市/市場攤販","id":10004706,"pay_list":"","pay_tool":""},{"index":62,"shop":"橋頭公有零售市場-舖-13","zone":"雲嘉南","city":"雲林縣","area":"麥寮鄉","market_address":"雲林縣麥寮鄉橋頭村仁德路157號","user":"許家榮","行業代號":null,"market_name":"橋頭公有零售市場","行業代號1":null,"名稱1":null,"行業代號2":null,"名稱2":null,"行業代號3":null,"名稱3":null,"category":"夜市/市場攤販","id":10004707,"pay_list":"","pay_tool":""},{"index":63,"shop":"橋頭公有零售市場-舖-14","zone":"雲嘉南","city":"雲林縣","area":"麥寮鄉","market_address":"雲林縣麥寮鄉橋頭村仁德路157號","user":"許素梅","行業代號":null,"market_name":"橋頭公有零售市場","行業代號1":null,"名稱1":null,"行業代號2":null,"名稱2":null,"行業代號3":null,"名稱3":null,"category":"夜市/市場攤販","id":10004708,"pay_list":"","pay_tool":""},{"index":64,"shop":"橋頭公有零售市場-舖-15","zone":"雲嘉南","city":"雲林縣","area":"麥寮鄉","market_address":"雲林縣麥寮鄉橋頭村仁德路157號","user":"蘇文祥","行業代號":null,"market_name":"橋頭公有零售市場","行業代號1":null,"名稱1":null,"行業代號2":null,"名稱2":null,"行業代號3":null,"名稱3":null,"category":"夜市/市場攤販","id":10004709,"pay_list":"","pay_tool":""},{"index":65,"shop":"橋頭公有零售市場-舖-16","zone":"雲嘉南","city":"雲林縣","area":"麥寮鄉","market_address":"雲林縣麥寮鄉橋頭村仁德路157號","user":"許秀琴","行業代號":null,"market_name":"橋頭公有零售市場","行業代號1":null,"名稱1":null,"行業代號2":null,"名稱2":null,"行業代號3":null,"名稱3":null,"category":"夜市/市場攤販","id":10004710,"pay_list":"","pay_tool":""},{"index":66,"shop":"橋頭公有零售市場-舖-17","zone":"雲嘉南","city":"雲林縣","area":"麥寮鄉","market_address":"雲林縣麥寮鄉橋頭村仁德路157號","user":"沈柏祺","行業代號":null,"market_name":"橋頭公有零售市場","行業代號1":null,"名稱1":null,"行業代號2":null,"名稱2":null,"行業代號3":null,"名稱3":null,"category":"夜市/市場攤販","id":10004711,"pay_list":"","pay_tool":""},{"index":67,"shop":"橋頭公有零售市場-舖-18","zone":"雲嘉南","city":"雲林縣","area":"麥寮鄉","market_address":"雲林縣麥寮鄉橋頭村仁德路157號","user":"許擇元","行業代號":null,"market_name":"橋頭公有零售市場","行業代號1":null,"名稱1":null,"行業代號2":null,"名稱2":null,"行業代號3":null,"名稱3":null,"category":"夜市/市場攤販","id":10004712,"pay_list":"","pay_tool":""},{"index":68,"shop":"橋頭公有零售市場-舖-19","zone":"雲嘉南","city":"雲林縣","area":"麥寮鄉","market_address":"雲林縣麥寮鄉橋頭村仁德路157號","user":"洪山副","行業代號":null,"market_name":"橋頭公有零售市場","行業代號1":null,"名稱1":null,"行業代號2":null,"名稱2":null,"行業代號3":null,"名稱3":null,"category":"夜市/市場攤販","id":10004713,"pay_list":"","pay_tool":""},{"index":69,"shop":"橋頭公有零售市場-舖-20","zone":"雲嘉南","city":"雲林縣","area":"麥寮鄉","market_address":"雲林縣麥寮鄉橋頭村仁德路157號","user":"廖嘉宏","行業代號":null,"market_name":"橋頭公有零售市場","行業代號1":null,"名稱1":null,"行業代號2":null,"名稱2":null,"行業代號3":null,"名稱3":null,"category":"夜市/市場攤販","id":10004716,"pay_list":"","pay_tool":""},{"index":70,"shop":"橋頭公有零售市場-舖-21","zone":"雲嘉南","city":"雲林縣","area":"麥寮鄉","market_address":"雲林縣麥寮鄉橋頭村仁德路157號","user":"許滿生","行業代號":null,"market_name":"橋頭公有零售市場","行業代號1":null,"名稱1":null,"行業代號2":null,"名稱2":null,"行業代號3":null,"名稱3":null,"category":"夜市/市場攤販","id":10004717,"pay_list":"","pay_tool":""},{"index":71,"shop":"橋頭公有零售市場-舖-22","zone":"雲嘉南","city":"雲林縣","area":"麥寮鄉","market_address":"雲林縣麥寮鄉橋頭村仁德路157號","user":"許正諺","行業代號":null,"market_name":"橋頭公有零售市場","行業代號1":null,"名稱1":null,"行業代號2":null,"名稱2":null,"行業代號3":null,"名稱3":null,"category":"夜市/市場攤販","id":10004718,"pay_list":"","pay_tool":""},{"index":72,"shop":"橋頭公有零售市場-舖-23","zone":"雲嘉南","city":"雲林縣","area":"麥寮鄉","market_address":"雲林縣麥寮鄉橋頭村仁德路157號","user":"許辛庚","行業代號":null,"market_name":"橋頭公有零售市場","行業代號1":null,"名稱1":null,"行業代號2":null,"名稱2":null,"行業代號3":null,"名稱3":null,"category":"夜市/市場攤販","id":10004719,"pay_list":"","pay_tool":""},{"index":73,"shop":"橋頭公有零售市場-舖-24","zone":"雲嘉南","city":"雲林縣","area":"麥寮鄉","market_address":"雲林縣麥寮鄉橋頭村仁德路157號","user":"許秋圳","行業代號":null,"market_name":"橋頭公有零售市場","行業代號1":null,"名稱1":null,"行業代號2":null,"名稱2":null,"行業代號3":null,"名稱3":null,"category":"夜市/市場攤販","id":10004720,"pay_list":"","pay_tool":""},{"index":74,"shop":"橋頭公有零售市場-舖-25","zone":"雲嘉南","city":"雲林縣","area":"麥寮鄉","market_address":"雲林縣麥寮鄉橋頭村仁德路157號","user":"許裕東","行業代號":null,"market_name":"橋頭公有零售市場","行業代號1":null,"名稱1":null,"行業代號2":null,"名稱2":null,"行業代號3":null,"名稱3":null,"category":"夜市/市場攤販","id":10004721,"pay_list":"","pay_tool":""},{"index":75,"shop":"橋頭公有零售市場-舖-27","zone":"雲嘉南","city":"雲林縣","area":"麥寮鄉","market_address":"雲林縣麥寮鄉橋頭村仁德路157號","user":"林旭山","行業代號":null,"market_name":"橋頭公有零售市場","行業代號1":null,"名稱1":null,"行業代號2":null,"名稱2":null,"行業代號3":null,"名稱3":null,"category":"夜市/市場攤販","id":10004722,"pay_list":"","pay_tool":""},{"index":76,"shop":"橋頭公有零售市場-舖-28","zone":"雲嘉南","city":"雲林縣","area":"麥寮鄉","market_address":"雲林縣麥寮鄉橋頭村仁德路157號","user":"林許美月","行業代號":null,"market_name":"橋頭公有零售市場","行業代號1":null,"名稱1":null,"行業代號2":null,"名稱2":null,"行業代號3":null,"名稱3":null,"category":"夜市/市場攤販","id":10004723,"pay_list":"","pay_tool":""},{"index":77,"shop":"橋頭公有零售市場-舖-29","zone":"雲嘉南","city":"雲林縣","area":"麥寮鄉","market_address":"雲林縣麥寮鄉橋頭村仁德路157號","user":"李振雄","行業代號":null,"market_name":"橋頭公有零售市場","行業代號1":null,"名稱1":null,"行業代號2":null,"名稱2":null,"行業代號3":null,"名稱3":null,"category":"夜市/市場攤販","id":10004724,"pay_list":"","pay_tool":""},{"index":78,"shop":"橋頭公有零售市場-舖-30","zone":"雲嘉南","city":"雲林縣","area":"麥寮鄉","market_address":"雲林縣麥寮鄉橋頭村仁德路157號","user":"許芳溢","行業代號":null,"market_name":"橋頭公有零售市場","行業代號1":null,"名稱1":null,"行業代號2":null,"名稱2":null,"行業代號3":null,"名稱3":null,"category":"夜市/市場攤販","id":10004725,"pay_list":"","pay_tool":""},{"index":79,"shop":"橋頭公有零售市場-舖-31","zone":"雲嘉南","city":"雲林縣","area":"麥寮鄉","market_address":"雲林縣麥寮鄉橋頭村仁德路157號","user":"林龍泉","行業代號":null,"market_name":"橋頭公有零售市場","行業代號1":null,"名稱1":null,"行業代號2":null,"名稱2":null,"行業代號3":null,"名稱3":null,"category":"夜市/市場攤販","id":10004727,"pay_list":"","pay_tool":""},{"index":80,"shop":"橋頭公有零售市場-舖-32","zone":"雲嘉南","city":"雲林縣","area":"麥寮鄉","market_address":"雲林縣麥寮鄉橋頭村仁德路157號","user":"洪耀褔","行業代號":null,"market_name":"橋頭公有零售市場","行業代號1":null,"名稱1":null,"行業代號2":null,"名稱2":null,"行業代號3":null,"名稱3":null,"category":"夜市/市場攤販","id":10004728,"pay_list":"","pay_tool":""},{"index":81,"shop":"橋頭公有零售市場-舖-33","zone":"雲嘉南","city":"雲林縣","area":"麥寮鄉","market_address":"雲林縣麥寮鄉橋頭村仁德路157號","user":"許進忠","行業代號":null,"market_name":"橋頭公有零售市場","行業代號1":null,"名稱1":null,"行業代號2":null,"名稱2":null,"行業代號3":null,"名稱3":null,"category":"夜市/市場攤販","id":10004729,"pay_list":"","pay_tool":""},{"index":82,"shop":"橋頭公有零售市場-舖-34","zone":"雲嘉南","city":"雲林縣","area":"麥寮鄉","market_address":"雲林縣麥寮鄉橋頭村仁德路157號","user":"許桃","行業代號":null,"market_name":"橋頭公有零售市場","行業代號1":null,"名稱1":null,"行業代號2":null,"名稱2":null,"行業代號3":null,"名稱3":null,"category":"夜市/市場攤販","id":10004730,"pay_list":"","pay_tool":""},{"index":83,"shop":"橋頭公有零售市場-舖-35","zone":"雲嘉南","city":"雲林縣","area":"麥寮鄉","market_address":"雲林縣麥寮鄉橋頭村仁德路157號","user":"許陳春女","行業代號":null,"market_name":"橋頭公有零售市場","行業代號1":null,"名稱1":null,"行業代號2":null,"名稱2":null,"行業代號3":null,"名稱3":null,"category":"夜市/市場攤販","id":10004731,"pay_list":"","pay_tool":""},{"index":84,"shop":"橋頭公有零售市場-舖-36","zone":"雲嘉南","city":"雲林縣","area":"麥寮鄉","market_address":"雲林縣麥寮鄉橋頭村仁德路157號","user":"許秋同","行業代號":null,"market_name":"橋頭公有零售市場","行業代號1":null,"名稱1":null,"行業代號2":null,"名稱2":null,"行業代號3":null,"名稱3":null,"category":"夜市/市場攤販","id":10004732,"pay_list":"","pay_tool":""},{"index":85,"shop":"橋頭公有零售市場-舖-37","zone":"雲嘉南","city":"雲林縣","area":"麥寮鄉","market_address":"雲林縣麥寮鄉橋頭村仁德路157號","user":"陳夢莉","行業代號":null,"market_name":"橋頭公有零售市場","行業代號1":null,"名稱1":null,"行業代號2":null,"名稱2":null,"行業代號3":null,"名稱3":null,"category":"夜市/市場攤販","id":10004733,"pay_list":"","pay_tool":""},{"index":86,"shop":"橋頭公有零售市場-肉類(攤)-5","zone":"雲嘉南","city":"雲林縣","area":"麥寮鄉","market_address":"雲林縣麥寮鄉橋頭村仁德路157號","user":"許勝結","行業代號":null,"market_name":"橋頭公有零售市場","行業代號1":null,"名稱1":null,"行業代號2":null,"名稱2":null,"行業代號3":null,"名稱3":null,"category":"夜市/市場攤販","id":10004734,"pay_list":"","pay_tool":""},{"index":87,"shop":"橋頭公有零售市場-肉類(攤)-6","zone":"雲嘉南","city":"雲林縣","area":"麥寮鄉","market_address":"雲林縣麥寮鄉橋頭村仁德路157號","user":"許桂蘭","行業代號":null,"market_name":"橋頭公有零售市場","行業代號1":null,"名稱1":null,"行業代號2":null,"名稱2":null,"行業代號3":null,"名稱3":null,"category":"夜市/市場攤販","id":10004735,"pay_list":"","pay_tool":""},{"index":88,"shop":"橋頭公有零售市場-肉類(攤)-7","zone":"雲嘉南","city":"雲林縣","area":"麥寮鄉","market_address":"雲林縣麥寮鄉橋頭村仁德路157號","user":"許國號","行業代號":null,"market_name":"橋頭公有零售市場","行業代號1":null,"名稱1":null,"行業代號2":null,"名稱2":null,"行業代號3":null,"名稱3":null,"category":"夜市/市場攤販","id":10004736,"pay_list":"","pay_tool":""},{"index":89,"shop":"橋頭公有零售市場-肉類(攤)-8","zone":"雲嘉南","city":"雲林縣","area":"麥寮鄉","market_address":"雲林縣麥寮鄉橋頭村仁德路157號","user":"林素霞","行業代號":null,"market_name":"橋頭公有零售市場","行業代號1":null,"名稱1":null,"行業代號2":null,"名稱2":null,"行業代號3":null,"名稱3":null,"category":"夜市/市場攤販","id":10004738,"pay_list":"","pay_tool":""},{"index":90,"shop":"橋頭公有零售市場-魚類(攤)-5","zone":"雲嘉南","city":"雲林縣","area":"麥寮鄉","market_address":"雲林縣麥寮鄉橋頭村仁德路157號","user":"許富利","行業代號":null,"market_name":"橋頭公有零售市場","行業代號1":null,"名稱1":null,"行業代號2":null,"名稱2":null,"行業代號3":null,"名稱3":null,"category":"夜市/市場攤販","id":10004739,"pay_list":"","pay_tool":""},{"index":91,"shop":"橋頭公有零售市場-魚類(攤)-6","zone":"雲嘉南","city":"雲林縣","area":"麥寮鄉","market_address":"雲林縣麥寮鄉橋頭村仁德路157號","user":"許倍文","行業代號":null,"market_name":"橋頭公有零售市場","行業代號1":null,"名稱1":null,"行業代號2":null,"名稱2":null,"行業代號3":null,"名稱3":null,"category":"夜市/市場攤販","id":10004740,"pay_list":"","pay_tool":""},{"index":92,"shop":"橋頭公有零售市場-飲食類(攤)-5","zone":"雲嘉南","city":"雲林縣","area":"麥寮鄉","market_address":"雲林縣麥寮鄉橋頭村仁德路157號","user":"林政雄","行業代號":null,"market_name":"橋頭公有零售市場","行業代號1":null,"名稱1":null,"行業代號2":null,"名稱2":null,"行業代號3":null,"名稱3":null,"category":"夜市/市場攤販","id":10004741,"pay_list":"","pay_tool":""},{"index":93,"shop":"橋頭公有零售市場-其他類(攤)-1","zone":"雲嘉南","city":"雲林縣","area":"麥寮鄉","market_address":"雲林縣麥寮鄉橋頭村仁德路157號","user":"林清山  （終止）","行業代號":null,"market_name":"橋頭公有零售市場","行業代號1":null,"名稱1":null,"行業代號2":null,"名稱2":null,"行業代號3":null,"名稱3":null,"category":"夜市/市場攤販","id":10004742,"pay_list":"","pay_tool":""},{"index":94,"shop":"橋頭公有零售市場-其他類(攤)-5","zone":"雲嘉南","city":"雲林縣","area":"麥寮鄉","market_address":"雲林縣麥寮鄉橋頭村仁德路157號","user":"陳  淑","行業代號":null,"market_name":"橋頭公有零售市場","行業代號1":null,"名稱1":null,"行業代號2":null,"名稱2":null,"行業代號3":null,"名稱3":null,"category":"夜市/市場攤販","id":10004743,"pay_list":"","pay_tool":""},{"index":95,"shop":"橋頭公有零售市場-其他類(攤)-6","zone":"雲嘉南","city":"雲林縣","area":"麥寮鄉","market_address":"雲林縣麥寮鄉橋頭村仁德路157號","user":"莊玉蓮","行業代號":null,"market_name":"橋頭公有零售市場","行業代號1":null,"名稱1":null,"行業代號2":null,"名稱2":null,"行業代號3":null,"名稱3":null,"category":"夜市/市場攤販","id":10004744,"pay_list":"","pay_tool":""},{"index":96,"shop":"麥寮小站餐飲店","zone":"雲嘉南","city":"雲林縣","area":"麥寮鄉","market_address":"雲林縣麥寮鄉中興村仁德西路二段４９９號","user":"林筱筑","行業代號":null,"market_name":["麵店、小吃店","調理飲料攤販"],"行業代號1":null,"名稱1":null,"行業代號2":null,"名稱2":null,"行業代號3":null,"名稱3":null,"category":["夜市/市場攤販","餐飲"],"id":20009397,"pay_list":["街口支付"],"pay_tool":["行動支付"]},{"index":97,"shop":"台灣小吃","zone":"雲嘉南","city":"雲林縣","area":"麥寮鄉","market_address":"雲林縣麥寮鄉三盛村工業路５５號之３０對面","user":"黎氏雪絨","行業代號":null,"market_name":["餐食攤販"],"行業代號1":null,"名稱1":null,"行業代號2":null,"名稱2":null,"行業代號3":null,"名稱3":null,"category":["夜市/市場攤販"],"id":20014354,"pay_list":"","pay_tool":""},{"index":98,"shop":"林清水","zone":"雲嘉南","city":"雲林縣","area":"麥寮鄉","market_address":"雲林縣麥寮鄉橋頭村１４鄰仁德路１７９號","user":"林清水","行業代號":null,"market_name":["餐食攤販"],"行業代號1":null,"名稱1":null,"行業代號2":null,"名稱2":null,"行業代號3":null,"名稱3":null,"category":["夜市/市場攤販"],"id":20014630,"pay_list":"","pay_tool":""},{"index":99,"shop":"楊雅倫","zone":"雲嘉南","city":"雲林縣","area":"麥寮鄉","market_address":"雲林縣麥寮鄉麥津村１６鄰中興路２２號","user":"楊雅倫","行業代號":null,"market_name":["餐食攤販"],"行業代號1":null,"名稱1":null,"行業代號2":null,"名稱2":null,"行業代號3":null,"名稱3":null,"category":["夜市/市場攤販"],"id":20014633,"pay_list":"","pay_tool":""},{"index":100,"shop":"志明當歸鵝肉麵線","zone":"雲嘉南","city":"雲林縣","area":"麥寮鄉","market_address":"雲林縣麥寮鄉麥豐村２鄰中正路２３號","user":"許志明","行業代號":null,"market_name":["餐食攤販","麵店、小吃店"],"行業代號1":null,"名稱1":null,"行業代號2":null,"名稱2":null,"行業代號3":null,"名稱3":null,"category":["夜市/市場攤販","餐飲"],"id":20018546,"pay_list":"","pay_tool":""},{"index":101,"shop":"原成冷飲店","zone":"雲嘉南","city":"雲林縣","area":"麥寮鄉","market_address":"雲林縣麥寮鄉麥豐村新興路橫街巷２１之１１號１樓","user":"林志鴻","行業代號":null,"market_name":["冰果店、冷（熱）飲店","調理飲料攤販"],"行業代號1":null,"名稱1":null,"行業代號2":null,"名稱2":null,"行業代號3":null,"名稱3":null,"category":["夜市/市場攤販","餐飲"],"id":20018753,"pay_list":["LINE PAY MONEY"],"pay_tool":["行動支付"]},{"index":102,"shop":"許明峻","zone":"雲嘉南","city":"雲林縣","area":"麥寮鄉","market_address":"雲林縣麥寮鄉施厝村施厝１號旁","user":"許明峻","行業代號":null,"market_name":["餐食攤販","麵店、小吃店"],"行業代號1":null,"名稱1":null,"行業代號2":null,"名稱2":null,"行業代號3":null,"名稱3":null,"category":["夜市/市場攤販","餐飲"],"id":20026392,"pay_list":"","pay_tool":""},{"index":103,"shop":"林楊百合","zone":"雲嘉南","city":"雲林縣","area":"麥寮鄉","market_address":"雲林縣麥寮鄉麥豐村０２１鄰表福路１２５號","user":"林楊百合","行業代號":null,"market_name":["餐食攤販"],"行業代號1":null,"名稱1":null,"行業代號2":null,"名稱2":null,"行業代號3":null,"名稱3":null,"category":["夜市/市場攤販"],"id":20026403,"pay_list":"","pay_tool":""},{"index":104,"shop":"府城豆花店","zone":"雲嘉南","city":"雲林縣","area":"麥寮鄉","market_address":"雲林縣麥寮鄉麥津村５鄰中正路１９８號","user":"林吳淑娟","行業代號":null,"market_name":["冰果店、冷（熱）飲店","調理飲料攤販"],"行業代號1":null,"名稱1":null,"行業代號2":null,"名稱2":null,"行業代號3":null,"名稱3":null,"category":["夜市/市場攤販","餐飲"],"id":20026790,"pay_list":"","pay_tool":""},{"index":105,"shop":"林中路","zone":"雲嘉南","city":"雲林縣","area":"麥寮鄉","market_address":"雲林縣麥寮鄉橋頭村１８鄰仁德路１４２號","user":"林中路","行業代號":null,"market_name":["餐食攤販"],"行業代號1":null,"名稱1":null,"行業代號2":null,"名稱2":null,"行業代號3":null,"名稱3":null,"category":["夜市/市場攤販"],"id":20027074,"pay_list":"","pay_tool":""},{"index":106,"shop":"歐式炸雞","zone":"雲嘉南","city":"雲林縣","area":"麥寮鄉","market_address":"雲林縣麥寮鄉麥津村０１６鄰中山路４０８號","user":"林聰賢","行業代號":null,"market_name":["餐食攤販","麵店、小吃店"],"行業代號1":null,"名稱1":null,"行業代號2":null,"名稱2":null,"行業代號3":null,"名稱3":null,"category":["夜市/市場攤販","餐飲"],"id":20027077,"pay_list":"","pay_tool":""},{"index":107,"shop":"玉珍豆菜麵店","zone":"雲嘉南","city":"雲林縣","area":"麥寮鄉","market_address":"雲林縣麥寮鄉橋頭村仁德路２０７號","user":"郭玉珍","行業代號":null,"market_name":["餐食攤販","麵店、小吃店"],"行業代號1":null,"名稱1":null,"行業代號2":null,"名稱2":null,"行業代號3":null,"名稱3":null,"category":["夜市/市場攤販","餐飲"],"id":20027404,"pay_list":"","pay_tool":""},{"index":108,"shop":"阿明牛雜湯","zone":"雲嘉南","city":"雲林縣","area":"麥寮鄉","market_address":"雲林縣麥寮鄉中興村１０鄰仁德西路二段５４２號","user":"吳莉娜","行業代號":null,"market_name":["餐食攤販","麵店、小吃店"],"行業代號1":null,"名稱1":null,"行業代號2":null,"名稱2":null,"行業代號3":null,"名稱3":null,"category":["夜市/市場攤販","餐飲"],"id":20027616,"pay_list":"","pay_tool":""},{"index":109,"shop":"吉祥川菜海鮮平價快炒","zone":"雲嘉南","city":"雲林縣","area":"麥寮鄉","market_address":"雲林縣麥寮鄉麥津村中山路４３５－１７號","user":"許智勇","行業代號":null,"market_name":["餐食攤販","麵店、小吃店"],"行業代號1":null,"名稱1":null,"行業代號2":null,"名稱2":null,"行業代號3":null,"名稱3":null,"category":["夜市/市場攤販","餐飲"],"id":20027718,"pay_list":"","pay_tool":""},{"index":110,"shop":"玉英之店","zone":"雲嘉南","city":"雲林縣","area":"麥寮鄉","market_address":"雲林縣麥寮鄉麥豐村２５鄰中正路２０７號","user":"黎玉英","行業代號":null,"market_name":["餐食攤販","麵店、小吃店"],"行業代號1":null,"名稱1":null,"行業代號2":null,"名稱2":null,"行業代號3":null,"名稱3":null,"category":["夜市/市場攤販","餐飲"],"id":20027728,"pay_list":"","pay_tool":""},{"index":111,"shop":"曾明勝","zone":"雲嘉南","city":"雲林縣","area":"麥寮鄉","market_address":"雲林縣麥寮鄉麥津村１鄰中正路６號","user":"曾明勝","行業代號":null,"market_name":["餐食攤販","麵店、小吃店"],"行業代號1":null,"名稱1":null,"行業代號2":null,"名稱2":null,"行業代號3":null,"名稱3":null,"category":["夜市/市場攤販","餐飲"],"id":20032370,"pay_list":"","pay_tool":""},{"index":112,"shop":"９７７茶舖","zone":"雲嘉南","city":"雲林縣","area":"麥寮鄉","market_address":"雲林縣麥寮鄉橋頭村仁德路１４７號","user":"溫貴秋","行業代號":null,"market_name":["冰果店、冷（熱）飲店","調理飲料攤販"],"行業代號1":null,"名稱1":null,"行業代號2":null,"名稱2":null,"行業代號3":null,"名稱3":null,"category":["夜市/市場攤販","餐飲"],"id":20032402,"pay_list":"","pay_tool":""},{"index":113,"shop":"嚕嚕米鮮果汁","zone":"雲嘉南","city":"雲林縣","area":"麥寮鄉","market_address":"雲林縣麥寮鄉麥豐村１１鄰光復路５６號","user":"黃于珊","行業代號":null,"market_name":["冰果店、冷（熱）飲店","調理飲料攤販"],"行業代號1":null,"名稱1":null,"行業代號2":null,"名稱2":null,"行業代號3":null,"名稱3":null,"category":["夜市/市場攤販","餐飲"],"id":20032464,"pay_list":"","pay_tool":""},{"index":114,"shop":"水找茶手調鮮作茶","zone":"雲嘉南","city":"雲林縣","area":"麥寮鄉","market_address":"雲林縣麥寮鄉橋頭村１５鄰仁德路２１０號","user":"李東霖","行業代號":null,"market_name":["冰果店、冷（熱）飲店","調理飲料攤販"],"行業代號1":null,"名稱1":null,"行業代號2":null,"名稱2":null,"行業代號3":null,"名稱3":null,"category":["夜市/市場攤販","餐飲"],"id":20032536,"pay_list":"","pay_tool":""},{"index":115,"shop":"許志鴻","zone":"雲嘉南","city":"雲林縣","area":"麥寮鄉","market_address":"雲林縣麥寮鄉三盛村００７鄰仁德西路一段５９號","user":"許志鴻","行業代號":null,"market_name":["餐食攤販"],"行業代號1":null,"名稱1":null,"行業代號2":null,"名稱2":null,"行業代號3":null,"名稱3":null,"category":["夜市/市場攤販"],"id":20032616,"pay_list":"","pay_tool":""},{"index":116,"shop":"府城羊肉??","zone":"雲嘉南","city":"雲林縣","area":"麥寮鄉","market_address":"雲林縣麥寮鄉麥津村１７鄰中興路６３號","user":"許瑩糅","行業代號":null,"market_name":["餐食攤販","麵店、小吃店"],"行業代號1":null,"名稱1":null,"行業代號2":null,"名稱2":null,"行業代號3":null,"名稱3":null,"category":["夜市/市場攤販","餐飲"],"id":20032657,"pay_list":["街口支付"],"pay_tool":["行動支付"]},{"index":117,"shop":"楊犇","zone":"雲嘉南","city":"雲林縣","area":"麥寮鄉","market_address":"雲林縣麥寮鄉麥津村１４鄰中山路３２８號","user":"楊犇","行業代號":null,"market_name":["餐食攤販"],"行業代號1":null,"名稱1":null,"行業代號2":null,"名稱2":null,"行業代號3":null,"名稱3":null,"category":["夜市/市場攤販"],"id":20032662,"pay_list":"","pay_tool":""},{"index":118,"shop":"海珍味","zone":"雲嘉南","city":"雲林縣","area":"麥寮鄉","market_address":"雲林縣麥寮鄉麥豐村中華路２２號","user":"許惠婷","行業代號":null,"market_name":["餐食攤販","麵店、小吃店"],"行業代號1":null,"名稱1":null,"行業代號2":null,"名稱2":null,"行業代號3":null,"名稱3":null,"category":["夜市/市場攤販","餐飲"],"id":20032892,"pay_list":"","pay_tool":""},{"index":119,"shop":"阿秋香雞排","zone":"雲嘉南","city":"雲林縣","area":"麥寮鄉","market_address":"雲林縣麥寮鄉麥津村１７鄰中興路１３號１樓","user":"李青霖","行業代號":null,"market_name":["餐食攤販"],"行業代號1":null,"名稱1":null,"行業代號2":null,"名稱2":null,"行業代號3":null,"名稱3":null,"category":["夜市/市場攤販"],"id":20033033,"pay_list":["LINE PAY MONEY"],"pay_tool":["行動支付"]},{"index":120,"shop":"南台灣??魠魚羹","zone":"雲嘉南","city":"雲林縣","area":"麥寮鄉","market_address":"雲林縣麥寮鄉麥津村０１７鄰中山路４２４號","user":"吳銘德","行業代號":"561113","market_name":["麵店、小吃店","餐食攤販"],"行業代號1":"561200","名稱1":"餐食攤販","行業代號2":"","名稱2":"","行業代號3":"","名稱3":"","category":["餐飲","夜市/市場攤販"],"id":60060447,"pay_list":null,"pay_tool":null},{"index":121,"shop":"陳安記茶吧","zone":"雲嘉南","city":"雲林縣","area":"麥寮鄉","market_address":"雲林縣麥寮鄉麥豐村新興路７７號","user":"蔡明洲","行業代號":"563111","market_name":["冰果店、冷（熱）飲店","麵店、小吃店","餐食攤販"],"行業代號1":"561113","名稱1":"麵店、小吃店","行業代號2":"561200","名稱2":"餐食攤販","行業代號3":"","名稱3":"","category":["餐飲","夜市/市場攤販"],"id":60070022,"pay_list":null,"pay_tool":null},{"index":122,"shop":"巧麥速食店","zone":"雲嘉南","city":"雲林縣","area":"麥寮鄉","market_address":"雲林縣麥寮鄉麥津村中興路６８號","user":"陳信成","行業代號":"561200","market_name":["餐食攤販"],"行業代號1":"","名稱1":"","行業代號2":"","名稱2":"","行業代號3":"","名稱3":"","category":["夜市/市場攤販"],"id":60082424,"pay_list":null,"pay_tool":null}]