[{"index":1,"shop":"中華路夜市-香酥雞","zone":"雲嘉南","city":"臺南市","area":"新營區","market_address":"中華路(33號至81之8號、36號至90之2號)。民生路(1至37號、2號至48號)。停二停車場。","user":"楊文彰","行業代號":null,"market_name":"中華路夜市","行業代號1":null,"名稱1":null,"行業代號2":null,"名稱2":null,"行業代號3":null,"名稱3":null,"category":"夜市/市場攤販","id":10057994,"pay_list":"","pay_tool":""},{"index":2,"shop":"中華路夜市-泡沫茶飲","zone":"雲嘉南","city":"臺南市","area":"新營區","market_address":"中華路(33號至81之8號、36號至90之2號)。民生路(1至37號、2號至48號)。停二停車場。","user":"柯惠心","行業代號":null,"market_name":"中華路夜市","行業代號1":null,"名稱1":null,"行業代號2":null,"名稱2":null,"行業代號3":null,"名稱3":null,"category":"夜市/市場攤販","id":10057995,"pay_list":"","pay_tool":""},{"index":3,"shop":"中華路夜市-香酥雞","zone":"雲嘉南","city":"臺南市","area":"新營區","market_address":"中華路(33號至81之8號、36號至90之2號)。民生路(1至37號、2號至48號)。停二停車場。","user":"徐瑞成","行業代號":null,"market_name":"中華路夜市","行業代號1":null,"名稱1":null,"行業代號2":null,"名稱2":null,"行業代號3":null,"名稱3":null,"category":"夜市/市場攤販","id":10057996,"pay_list":"","pay_tool":""},{"index":4,"shop":"中華路夜市-糖果蜜餞","zone":"雲嘉南","city":"臺南市","area":"新營區","market_address":"中華路(33號至81之8號、36號至90之2號)。民生路(1至37號、2號至48號)。停二停車場。","user":"葉梅燦","行業代號":null,"market_name":"中華路夜市","行業代號1":null,"名稱1":null,"行業代號2":null,"名稱2":null,"行業代號3":null,"名稱3":null,"category":"夜市/市場攤販","id":10057997,"pay_list":"","pay_tool":""},{"index":5,"shop":"中華路夜市-甘草芭樂","zone":"雲嘉南","city":"臺南市","area":"新營區","market_address":"中華路(33號至81之8號、36號至90之2號)。民生路(1至37號、2號至48號)。停二停車場。","user":"王玉昇","行業代號":null,"market_name":"中華路夜市","行業代號1":null,"名稱1":null,"行業代號2":null,"名稱2":null,"行業代號3":null,"名稱3":null,"category":"夜市/市場攤販","id":10057998,"pay_list":"","pay_tool":""},{"index":6,"shop":"中華路夜市-NoNo服飾","zone":"雲嘉南","city":"臺南市","area":"新營區","market_address":"中華路(33號至81之8號、36號至90之2號)。民生路(1至37號、2號至48號)。停二停車場。","user":"廖育緯","行業代號":null,"market_name":"中華路夜市","行業代號1":null,"名稱1":null,"行業代號2":null,"名稱2":null,"行業代號3":null,"名稱3":null,"category":"夜市/市場攤販","id":10057999,"pay_list":"","pay_tool":""},{"index":7,"shop":"中華路夜市-眼鏡.狗衣服","zone":"雲嘉南","city":"臺南市","area":"新營區","market_address":"中華路(33號至81之8號、36號至90之2號)。民生路(1至37號、2號至48號)。停二停車場。","user":"陳錦平","行業代號":null,"market_name":"中華路夜市","行業代號1":null,"名稱1":null,"行業代號2":null,"名稱2":null,"行業代號3":null,"名稱3":null,"category":"夜市/市場攤販","id":10058000,"pay_list":"","pay_tool":""},{"index":8,"shop":"中華路夜市-玉石","zone":"雲嘉南","city":"臺南市","area":"新營區","market_address":"中華路(33號至81之8號、36號至90之2號)。民生路(1至37號、2號至48號)。停二停車場。","user":"林美珍","行業代號":null,"market_name":"中華路夜市","行業代號1":null,"名稱1":null,"行業代號2":null,"名稱2":null,"行業代號3":null,"名稱3":null,"category":"夜市/市場攤販","id":10058001,"pay_list":"","pay_tool":""},{"index":9,"shop":"中華路夜市-糖炒栗子","zone":"雲嘉南","city":"臺南市","area":"新營區","market_address":"中華路(33號至81之8號、36號至90之2號)。民生路(1至37號、2號至48號)。停二停車場。","user":"林成霖","行業代號":null,"market_name":"中華路夜市","行業代號1":null,"名稱1":null,"行業代號2":null,"名稱2":null,"行業代號3":null,"名稱3":null,"category":"夜市/市場攤販","id":10058002,"pay_list":"","pay_tool":""},{"index":10,"shop":"中華路夜市-童鞋","zone":"雲嘉南","city":"臺南市","area":"新營區","market_address":"中華路(33號至81之8號、36號至90之2號)。民生路(1至37號、2號至48號)。停二停車場。","user":"莊秀玲","行業代號":null,"market_name":"中華路夜市","行業代號1":null,"名稱1":null,"行業代號2":null,"名稱2":null,"行業代號3":null,"名稱3":null,"category":"夜市/市場攤販","id":10058004,"pay_list":"","pay_tool":""},{"index":11,"shop":"中華路夜市-香精","zone":"雲嘉南","city":"臺南市","area":"新營區","market_address":"中華路(33號至81之8號、36號至90之2號)。民生路(1至37號、2號至48號)。停二停車場。","user":"楊苙永","行業代號":null,"market_name":"中華路夜市","行業代號1":null,"名稱1":null,"行業代號2":null,"名稱2":null,"行業代號3":null,"名稱3":null,"category":"夜市/市場攤販","id":10058005,"pay_list":"","pay_tool":""},{"index":12,"shop":"中華路夜市-麵包","zone":"雲嘉南","city":"臺南市","area":"新營區","market_address":"中華路(33號至81之8號、36號至90之2號)。民生路(1至37號、2號至48號)。停二停車場。","user":"佳 湘","行業代號":null,"market_name":"中華路夜市","行業代號1":null,"名稱1":null,"行業代號2":null,"名稱2":null,"行業代號3":null,"名稱3":null,"category":"夜市/市場攤販","id":10058006,"pay_list":"","pay_tool":""},{"index":13,"shop":"中華路夜市-丟丟樂","zone":"雲嘉南","city":"臺南市","area":"新營區","market_address":"中華路(33號至81之8號、36號至90之2號)。民生路(1至37號、2號至48號)。停二停車場。","user":"洪憲廷","行業代號":null,"market_name":"中華路夜市","行業代號1":null,"名稱1":null,"行業代號2":null,"名稱2":null,"行業代號3":null,"名稱3":null,"category":"夜市/市場攤販","id":10058007,"pay_list":"","pay_tool":""},{"index":14,"shop":"中華路夜市-熱狗","zone":"雲嘉南","city":"臺南市","area":"新營區","market_address":"中華路(33號至81之8號、36號至90之2號)。民生路(1至37號、2號至48號)。停二停車場。","user":"陳靜蓉","行業代號":null,"market_name":"中華路夜市","行業代號1":null,"名稱1":null,"行業代號2":null,"名稱2":null,"行業代號3":null,"名稱3":null,"category":"夜市/市場攤販","id":10058008,"pay_list":"","pay_tool":""},{"index":15,"shop":"中華路夜市-女裝","zone":"雲嘉南","city":"臺南市","area":"新營區","market_address":"中華路(33號至81之8號、36號至90之2號)。民生路(1至37號、2號至48號)。停二停車場。","user":"陳昭信","行業代號":null,"market_name":"中華路夜市","行業代號1":null,"名稱1":null,"行業代號2":null,"名稱2":null,"行業代號3":null,"名稱3":null,"category":"夜市/市場攤販","id":10058009,"pay_list":"","pay_tool":""},{"index":16,"shop":"中華路夜市-豆花","zone":"雲嘉南","city":"臺南市","area":"新營區","market_address":"中華路(33號至81之8號、36號至90之2號)。民生路(1至37號、2號至48號)。停二停車場。","user":"蘇興榮","行業代號":null,"market_name":"中華路夜市","行業代號1":null,"名稱1":null,"行業代號2":null,"名稱2":null,"行業代號3":null,"名稱3":null,"category":"夜市/市場攤販","id":10058010,"pay_list":"","pay_tool":""},{"index":17,"shop":"中華路夜市-口罩","zone":"雲嘉南","city":"臺南市","area":"新營區","market_address":"中華路(33號至81之8號、36號至90之2號)。民生路(1至37號、2號至48號)。停二停車場。","user":"張朝慶","行業代號":null,"market_name":"中華路夜市","行業代號1":null,"名稱1":null,"行業代號2":null,"名稱2":null,"行業代號3":null,"名稱3":null,"category":"夜市/市場攤販","id":10058011,"pay_list":"","pay_tool":""},{"index":18,"shop":"中華路夜市-豆干","zone":"雲嘉南","city":"臺南市","area":"新營區","market_address":"中華路(33號至81之8號、36號至90之2號)。民生路(1至37號、2號至48號)。停二停車場。","user":"吳清坤","行業代號":null,"market_name":"中華路夜市","行業代號1":null,"名稱1":null,"行業代號2":null,"名稱2":null,"行業代號3":null,"名稱3":null,"category":"夜市/市場攤販","id":10058012,"pay_list":"","pay_tool":""},{"index":19,"shop":"中華路夜市-雞蛋糕","zone":"雲嘉南","city":"臺南市","area":"新營區","market_address":"中華路(33號至81之8號、36號至90之2號)。民生路(1至37號、2號至48號)。停二停車場。","user":"羅世和","行業代號":null,"market_name":"中華路夜市","行業代號1":null,"名稱1":null,"行業代號2":null,"名稱2":null,"行業代號3":null,"名稱3":null,"category":"夜市/市場攤販","id":10058013,"pay_list":"","pay_tool":""},{"index":20,"shop":"中華路夜市-百貨","zone":"雲嘉南","city":"臺南市","area":"新營區","market_address":"中華路(33號至81之8號、36號至90之2號)。民生路(1至37號、2號至48號)。停二停車場。","user":"張聖瑞","行業代號":null,"market_name":"中華路夜市","行業代號1":null,"名稱1":null,"行業代號2":null,"名稱2":null,"行業代號3":null,"名稱3":null,"category":"夜市/市場攤販","id":10058015,"pay_list":"","pay_tool":""},{"index":21,"shop":"中華路夜市-施湘妍","zone":"雲嘉南","city":"臺南市","area":"新營區","market_address":"中華路(33號至81之8號、36號至90之2號)。民生路(1至37號、2號至48號)。停二停車場。","user":"施湘妍","行業代號":null,"market_name":"中華路夜市","行業代號1":null,"名稱1":null,"行業代號2":null,"名稱2":null,"行業代號3":null,"名稱3":null,"category":"夜市/市場攤販","id":10058016,"pay_list":"","pay_tool":""},{"index":22,"shop":"中華路夜市-鮮奶鋪","zone":"雲嘉南","city":"臺南市","area":"新營區","market_address":"中華路(33號至81之8號、36號至90之2號)。民生路(1至37號、2號至48號)。停二停車場。","user":"施湘妍","行業代號":null,"market_name":"中華路夜市","行業代號1":null,"名稱1":null,"行業代號2":null,"名稱2":null,"行業代號3":null,"名稱3":null,"category":"夜市/市場攤販","id":10058017,"pay_list":"","pay_tool":""},{"index":23,"shop":"中華路夜市-小饅頭","zone":"雲嘉南","city":"臺南市","area":"新營區","market_address":"中華路(33號至81之8號、36號至90之2號)。民生路(1至37號、2號至48號)。停二停車場。","user":"陳家威","行業代號":null,"market_name":"中華路夜市","行業代號1":null,"名稱1":null,"行業代號2":null,"名稱2":null,"行業代號3":null,"名稱3":null,"category":"夜市/市場攤販","id":10058018,"pay_list":"","pay_tool":""},{"index":24,"shop":"中華路夜市-米麻糬","zone":"雲嘉南","city":"臺南市","area":"新營區","market_address":"中華路(33號至81之8號、36號至90之2號)。民生路(1至37號、2號至48號)。停二停車場。","user":"李妙英","行業代號":null,"market_name":"中華路夜市","行業代號1":null,"名稱1":null,"行業代號2":null,"名稱2":null,"行業代號3":null,"名稱3":null,"category":"夜市/市場攤販","id":10058019,"pay_list":"","pay_tool":""},{"index":25,"shop":"中華路夜市-佛教文物","zone":"雲嘉南","city":"臺南市","area":"新營區","market_address":"中華路(33號至81之8號、36號至90之2號)。民生路(1至37號、2號至48號)。停二停車場。","user":"吳錦雄","行業代號":null,"market_name":"中華路夜市","行業代號1":null,"名稱1":null,"行業代號2":null,"名稱2":null,"行業代號3":null,"名稱3":null,"category":"夜市/市場攤販","id":10058020,"pay_list":"","pay_tool":""},{"index":26,"shop":"中華路夜市-花生糖水果","zone":"雲嘉南","city":"臺南市","area":"新營區","market_address":"中華路(33號至81之8號、36號至90之2號)。民生路(1至37號、2號至48號)。停二停車場。","user":"伍家弘","行業代號":null,"market_name":"中華路夜市","行業代號1":null,"名稱1":null,"行業代號2":null,"名稱2":null,"行業代號3":null,"名稱3":null,"category":"夜市/市場攤販","id":10058021,"pay_list":"","pay_tool":""},{"index":27,"shop":"中華路夜市-帽子眼鏡","zone":"雲嘉南","city":"臺南市","area":"新營區","market_address":"中華路(33號至81之8號、36號至90之2號)。民生路(1至37號、2號至48號)。停二停車場。","user":"魏文麗","行業代號":null,"market_name":"中華路夜市","行業代號1":null,"名稱1":null,"行業代號2":null,"名稱2":null,"行業代號3":null,"名稱3":null,"category":"夜市/市場攤販","id":10058022,"pay_list":"","pay_tool":""},{"index":28,"shop":"中華路夜市-姓名貼紙","zone":"雲嘉南","city":"臺南市","area":"新營區","market_address":"中華路(33號至81之8號、36號至90之2號)。民生路(1至37號、2號至48號)。停二停車場。","user":"王藝儒","行業代號":null,"market_name":"中華路夜市","行業代號1":null,"名稱1":null,"行業代號2":null,"名稱2":null,"行業代號3":null,"名稱3":null,"category":"夜市/市場攤販","id":10058023,"pay_list":"","pay_tool":""},{"index":29,"shop":"中華路夜市-蜜餞西褲","zone":"雲嘉南","city":"臺南市","area":"新營區","market_address":"中華路(33號至81之8號、36號至90之2號)。民生路(1至37號、2號至48號)。停二停車場。","user":"李長立","行業代號":null,"market_name":"中華路夜市","行業代號1":null,"名稱1":null,"行業代號2":null,"名稱2":null,"行業代號3":null,"名稱3":null,"category":"夜市/市場攤販","id":10058024,"pay_list":"","pay_tool":""},{"index":30,"shop":"中華路夜市-甘草芭樂","zone":"雲嘉南","city":"臺南市","area":"新營區","market_address":"中華路(33號至81之8號、36號至90之2號)。民生路(1至37號、2號至48號)。停二停車場。","user":"孫吳朿朿","行業代號":null,"market_name":"中華路夜市","行業代號1":null,"名稱1":null,"行業代號2":null,"名稱2":null,"行業代號3":null,"名稱3":null,"category":"夜市/市場攤販","id":10058026,"pay_list":"","pay_tool":""},{"index":31,"shop":"中華路夜市-杏仁茶","zone":"雲嘉南","city":"臺南市","area":"新營區","market_address":"中華路(33號至81之8號、36號至90之2號)。民生路(1至37號、2號至48號)。停二停車場。","user":"孫吳朿朿","行業代號":null,"market_name":"中華路夜市","行業代號1":null,"名稱1":null,"行業代號2":null,"名稱2":null,"行業代號3":null,"名稱3":null,"category":"夜市/市場攤販","id":10058027,"pay_list":"","pay_tool":""},{"index":32,"shop":"中華路夜市-鳥蛋","zone":"雲嘉南","city":"臺南市","area":"新營區","market_address":"中華路(33號至81之8號、36號至90之2號)。民生路(1至37號、2號至48號)。停二停車場。","user":"莊雅茹","行業代號":null,"market_name":"中華路夜市","行業代號1":null,"名稱1":null,"行業代號2":null,"名稱2":null,"行業代號3":null,"名稱3":null,"category":"夜市/市場攤販","id":10058028,"pay_list":"","pay_tool":""},{"index":33,"shop":"中華路夜市-糖炒栗子","zone":"雲嘉南","city":"臺南市","area":"新營區","market_address":"中華路(33號至81之8號、36號至90之2號)。民生路(1至37號、2號至48號)。停二停車場。","user":"孫世銘","行業代號":null,"market_name":"中華路夜市","行業代號1":null,"名稱1":null,"行業代號2":null,"名稱2":null,"行業代號3":null,"名稱3":null,"category":"夜市/市場攤販","id":10058029,"pay_list":"","pay_tool":""},{"index":34,"shop":"中華路夜市-爆米花","zone":"雲嘉南","city":"臺南市","area":"新營區","market_address":"中華路(33號至81之8號、36號至90之2號)。民生路(1至37號、2號至48號)。停二停車場。","user":"周瑞郎","行業代號":null,"market_name":"中華路夜市","行業代號1":null,"名稱1":null,"行業代號2":null,"名稱2":null,"行業代號3":null,"名稱3":null,"category":"夜市/市場攤販","id":10058030,"pay_list":"","pay_tool":""},{"index":35,"shop":"中華路夜市-木瓜牛奶","zone":"雲嘉南","city":"臺南市","area":"新營區","market_address":"中華路(33號至81之8號、36號至90之2號)。民生路(1至37號、2號至48號)。停二停車場。","user":"簡瑞鑫","行業代號":null,"market_name":"中華路夜市","行業代號1":null,"名稱1":null,"行業代號2":null,"名稱2":null,"行業代號3":null,"名稱3":null,"category":"夜市/市場攤販","id":10058031,"pay_list":"","pay_tool":""},{"index":36,"shop":"中華路夜市-烤牛小排","zone":"雲嘉南","city":"臺南市","area":"新營區","market_address":"中華路(33號至81之8號、36號至90之2號)。民生路(1至37號、2號至48號)。停二停車場。","user":"洪顧展","行業代號":null,"market_name":"中華路夜市","行業代號1":null,"名稱1":null,"行業代號2":null,"名稱2":null,"行業代號3":null,"名稱3":null,"category":"夜市/市場攤販","id":10058032,"pay_list":"","pay_tool":""},{"index":37,"shop":"中華路夜市-平口褲","zone":"雲嘉南","city":"臺南市","area":"新營區","market_address":"中華路(33號至81之8號、36號至90之2號)。民生路(1至37號、2號至48號)。停二停車場。","user":"曾英傑","行業代號":null,"market_name":"中華路夜市","行業代號1":null,"名稱1":null,"行業代號2":null,"名稱2":null,"行業代號3":null,"名稱3":null,"category":"夜市/市場攤販","id":10058033,"pay_list":"","pay_tool":""},{"index":38,"shop":"中華路夜市-茶葉蛋襪子","zone":"雲嘉南","city":"臺南市","area":"新營區","market_address":"中華路(33號至81之8號、36號至90之2號)。民生路(1至37號、2號至48號)。停二停車場。","user":"林盒波","行業代號":null,"market_name":"中華路夜市","行業代號1":null,"名稱1":null,"行業代號2":null,"名稱2":null,"行業代號3":null,"名稱3":null,"category":"夜市/市場攤販","id":10058034,"pay_list":"","pay_tool":""},{"index":39,"shop":"中華路夜市-下營燻莊","zone":"雲嘉南","city":"臺南市","area":"新營區","market_address":"中華路(33號至81之8號、36號至90之2號)。民生路(1至37號、2號至48號)。停二停車場。","user":"潘美絲","行業代號":null,"market_name":"中華路夜市","行業代號1":null,"名稱1":null,"行業代號2":null,"名稱2":null,"行業代號3":null,"名稱3":null,"category":"夜市/市場攤販","id":10058035,"pay_list":"","pay_tool":""},{"index":40,"shop":"中華路夜市-童裝飾品","zone":"雲嘉南","city":"臺南市","area":"新營區","market_address":"中華路(33號至81之8號、36號至90之2號)。民生路(1至37號、2號至48號)。停二停車場。","user":"陳翠容","行業代號":null,"market_name":"中華路夜市","行業代號1":null,"名稱1":null,"行業代號2":null,"名稱2":null,"行業代號3":null,"名稱3":null,"category":"夜市/市場攤販","id":10058037,"pay_list":"","pay_tool":""},{"index":41,"shop":"中華路夜市-玉米","zone":"雲嘉南","city":"臺南市","area":"新營區","market_address":"中華路(33號至81之8號、36號至90之2號)。民生路(1至37號、2號至48號)。停二停車場。","user":"陳翠容","行業代號":null,"market_name":"中華路夜市","行業代號1":null,"名稱1":null,"行業代號2":null,"名稱2":null,"行業代號3":null,"名稱3":null,"category":"夜市/市場攤販","id":10058038,"pay_list":"","pay_tool":""},{"index":42,"shop":"中華路夜市-大尺碼","zone":"雲嘉南","city":"臺南市","area":"新營區","market_address":"中華路(33號至81之8號、36號至90之2號)。民生路(1至37號、2號至48號)。停二停車場。","user":"張家福","行業代號":null,"market_name":"中華路夜市","行業代號1":null,"名稱1":null,"行業代號2":null,"名稱2":null,"行業代號3":null,"名稱3":null,"category":"夜市/市場攤販","id":10058039,"pay_list":"","pay_tool":""},{"index":43,"shop":"中華路夜市-大尺碼","zone":"雲嘉南","city":"臺南市","area":"新營區","market_address":"中華路(33號至81之8號、36號至90之2號)。民生路(1至37號、2號至48號)。停二停車場。","user":"張家福","行業代號":null,"market_name":"中華路夜市","行業代號1":null,"名稱1":null,"行業代號2":null,"名稱2":null,"行業代號3":null,"名稱3":null,"category":"夜市/市場攤販","id":10058040,"pay_list":"","pay_tool":""},{"index":44,"shop":"中華路夜市-地瓜球","zone":"雲嘉南","city":"臺南市","area":"新營區","market_address":"中華路(33號至81之8號、36號至90之2號)。民生路(1至37號、2號至48號)。停二停車場。","user":"潘連強","行業代號":null,"market_name":"中華路夜市","行業代號1":null,"名稱1":null,"行業代號2":null,"名稱2":null,"行業代號3":null,"名稱3":null,"category":"夜市/市場攤販","id":10058041,"pay_list":"","pay_tool":""},{"index":45,"shop":"中華路夜市-床包","zone":"雲嘉南","city":"臺南市","area":"新營區","market_address":"中華路(33號至81之8號、36號至90之2號)。民生路(1至37號、2號至48號)。停二停車場。","user":"BiBi","行業代號":null,"market_name":"中華路夜市","行業代號1":null,"名稱1":null,"行業代號2":null,"名稱2":null,"行業代號3":null,"名稱3":null,"category":"夜市/市場攤販","id":10058042,"pay_list":"","pay_tool":""},{"index":46,"shop":"中華路夜市-炸魷魚","zone":"雲嘉南","city":"臺南市","area":"新營區","market_address":"中華路(33號至81之8號、36號至90之2號)。民生路(1至37號、2號至48號)。停二停車場。","user":"沈碧連","行業代號":null,"market_name":"中華路夜市","行業代號1":null,"名稱1":null,"行業代號2":null,"名稱2":null,"行業代號3":null,"名稱3":null,"category":"夜市/市場攤販","id":10058043,"pay_list":"","pay_tool":""},{"index":47,"shop":"中華路夜市-杏包菇","zone":"雲嘉南","city":"臺南市","area":"新營區","market_address":"中華路(33號至81之8號、36號至90之2號)。民生路(1至37號、2號至48號)。停二停車場。","user":"賴友程","行業代號":null,"market_name":"中華路夜市","行業代號1":null,"名稱1":null,"行業代號2":null,"名稱2":null,"行業代號3":null,"名稱3":null,"category":"夜市/市場攤販","id":10058044,"pay_list":"","pay_tool":""},{"index":48,"shop":"中華路夜市-蜜棗乾","zone":"雲嘉南","city":"臺南市","area":"新營區","market_address":"中華路(33號至81之8號、36號至90之2號)。民生路(1至37號、2號至48號)。停二停車場。","user":"李盈萱","行業代號":null,"market_name":"中華路夜市","行業代號1":null,"名稱1":null,"行業代號2":null,"名稱2":null,"行業代號3":null,"名稱3":null,"category":"夜市/市場攤販","id":10058045,"pay_list":"","pay_tool":""},{"index":49,"shop":"中華路夜市-杏仁茶","zone":"雲嘉南","city":"臺南市","area":"新營區","market_address":"中華路(33號至81之8號、36號至90之2號)。民生路(1至37號、2號至48號)。停二停車場。","user":"余俊雄","行業代號":null,"market_name":"中華路夜市","行業代號1":null,"名稱1":null,"行業代號2":null,"名稱2":null,"行業代號3":null,"名稱3":null,"category":"夜市/市場攤販","id":10058046,"pay_list":"","pay_tool":""},{"index":50,"shop":"中華路夜市-甘蔗菱角草莓","zone":"雲嘉南","city":"臺南市","area":"新營區","market_address":"中華路(33號至81之8號、36號至90之2號)。民生路(1至37號、2號至48號)。停二停車場。","user":"鄭裕民","行業代號":null,"market_name":"中華路夜市","行業代號1":null,"名稱1":null,"行業代號2":null,"名稱2":null,"行業代號3":null,"名稱3":null,"category":"夜市/市場攤販","id":10058048,"pay_list":"","pay_tool":""},{"index":51,"shop":"中華路夜市-大尺碼","zone":"雲嘉南","city":"臺南市","area":"新營區","market_address":"中華路(33號至81之8號、36號至90之2號)。民生路(1至37號、2號至48號)。停二停車場。","user":"張家福","行業代號":null,"market_name":"中華路夜市","行業代號1":null,"名稱1":null,"行業代號2":null,"名稱2":null,"行業代號3":null,"名稱3":null,"category":"夜市/市場攤販","id":10058049,"pay_list":"","pay_tool":""},{"index":52,"shop":"中華路夜市-玩具","zone":"雲嘉南","city":"臺南市","area":"新營區","market_address":"中華路(33號至81之8號、36號至90之2號)。民生路(1至37號、2號至48號)。停二停車場。","user":"吳明祥","行業代號":null,"market_name":"中華路夜市","行業代號1":null,"名稱1":null,"行業代號2":null,"名稱2":null,"行業代號3":null,"名稱3":null,"category":"夜市/市場攤販","id":10058050,"pay_list":"","pay_tool":""},{"index":53,"shop":"中華路夜市-小孩衣服","zone":"雲嘉南","city":"臺南市","area":"新營區","market_address":"中華路(33號至81之8號、36號至90之2號)。民生路(1至37號、2號至48號)。停二停車場。","user":"黃秀鳳","行業代號":null,"market_name":"中華路夜市","行業代號1":null,"名稱1":null,"行業代號2":null,"名稱2":null,"行業代號3":null,"名稱3":null,"category":"夜市/市場攤販","id":10058051,"pay_list":"","pay_tool":""},{"index":54,"shop":"中華路夜市-刨冰","zone":"雲嘉南","city":"臺南市","area":"新營區","market_address":"中華路(33號至81之8號、36號至90之2號)。民生路(1至37號、2號至48號)。停二停車場。","user":"林建興","行業代號":null,"market_name":"中華路夜市","行業代號1":null,"名稱1":null,"行業代號2":null,"名稱2":null,"行業代號3":null,"名稱3":null,"category":"夜市/市場攤販","id":10058052,"pay_list":"","pay_tool":""},{"index":55,"shop":"中華路夜市-大尺碼","zone":"雲嘉南","city":"臺南市","area":"新營區","market_address":"中華路(33號至81之8號、36號至90之2號)。民生路(1至37號、2號至48號)。停二停車場。","user":"張家福","行業代號":null,"market_name":"中華路夜市","行業代號1":null,"名稱1":null,"行業代號2":null,"名稱2":null,"行業代號3":null,"名稱3":null,"category":"夜市/市場攤販","id":10058053,"pay_list":"","pay_tool":""},{"index":56,"shop":"中華路夜市-冬瓜茶","zone":"雲嘉南","city":"臺南市","area":"新營區","market_address":"中華路(33號至81之8號、36號至90之2號)。民生路(1至37號、2號至48號)。停二停車場。","user":"陳木川","行業代號":null,"market_name":"中華路夜市","行業代號1":null,"名稱1":null,"行業代號2":null,"名稱2":null,"行業代號3":null,"名稱3":null,"category":"夜市/市場攤販","id":10058054,"pay_list":"","pay_tool":""},{"index":57,"shop":"中華路夜市-一隻鴨","zone":"雲嘉南","city":"臺南市","area":"新營區","market_address":"中華路(33號至81之8號、36號至90之2號)。民生路(1至37號、2號至48號)。停二停車場。","user":"陳靜枝","行業代號":null,"market_name":"中華路夜市","行業代號1":null,"名稱1":null,"行業代號2":null,"名稱2":null,"行業代號3":null,"名稱3":null,"category":"夜市/市場攤販","id":10058055,"pay_list":"","pay_tool":""},{"index":58,"shop":"中華路夜市-甜甜圈","zone":"雲嘉南","city":"臺南市","area":"新營區","market_address":"中華路(33號至81之8號、36號至90之2號)。民生路(1至37號、2號至48號)。停二停車場。","user":"謝輝閔","行業代號":null,"market_name":"中華路夜市","行業代號1":null,"名稱1":null,"行業代號2":null,"名稱2":null,"行業代號3":null,"名稱3":null,"category":"夜市/市場攤販","id":10058056,"pay_list":"","pay_tool":""},{"index":59,"shop":"中華路夜市-毛巾","zone":"雲嘉南","city":"臺南市","area":"新營區","market_address":"中華路(33號至81之8號、36號至90之2號)。民生路(1至37號、2號至48號)。停二停車場。","user":"吳宗明","行業代號":null,"market_name":"中華路夜市","行業代號1":null,"名稱1":null,"行業代號2":null,"名稱2":null,"行業代號3":null,"名稱3":null,"category":"夜市/市場攤販","id":10058057,"pay_list":"","pay_tool":""},{"index":60,"shop":"中華路夜市-3c配件","zone":"雲嘉南","city":"臺南市","area":"新營區","market_address":"中華路(33號至81之8號、36號至90之2號)。民生路(1至37號、2號至48號)。停二停車場。","user":"陳威儒","行業代號":null,"market_name":"中華路夜市","行業代號1":null,"名稱1":null,"行業代號2":null,"名稱2":null,"行業代號3":null,"名稱3":null,"category":"夜市/市場攤販","id":10058059,"pay_list":"","pay_tool":""},{"index":61,"shop":"中華路夜市-章魚燒","zone":"雲嘉南","city":"臺南市","area":"新營區","market_address":"中華路(33號至81之8號、36號至90之2號)。民生路(1至37號、2號至48號)。停二停車場。","user":"黃銘鴻","行業代號":null,"market_name":"中華路夜市","行業代號1":null,"名稱1":null,"行業代號2":null,"名稱2":null,"行業代號3":null,"名稱3":null,"category":"夜市/市場攤販","id":10058060,"pay_list":"","pay_tool":""},{"index":62,"shop":"中華路夜市-可麗餅","zone":"雲嘉南","city":"臺南市","area":"新營區","market_address":"中華路(33號至81之8號、36號至90之2號)。民生路(1至37號、2號至48號)。停二停車場。","user":"江秋桂","行業代號":null,"market_name":"中華路夜市","行業代號1":null,"名稱1":null,"行業代號2":null,"名稱2":null,"行業代號3":null,"名稱3":null,"category":"夜市/市場攤販","id":10058061,"pay_list":"","pay_tool":""},{"index":63,"shop":"中華路夜市-可麗餅","zone":"雲嘉南","city":"臺南市","area":"新營區","market_address":"中華路(33號至81之8號、36號至90之2號)。民生路(1至37號、2號至48號)。停二停車場。","user":"江秋桂","行業代號":null,"market_name":"中華路夜市","行業代號1":null,"名稱1":null,"行業代號2":null,"名稱2":null,"行業代號3":null,"名稱3":null,"category":"夜市/市場攤販","id":10058062,"pay_list":"","pay_tool":""},{"index":64,"shop":"中華路夜市-飾品","zone":"雲嘉南","city":"臺南市","area":"新營區","market_address":"中華路(33號至81之8號、36號至90之2號)。民生路(1至37號、2號至48號)。停二停車場。","user":"賴玟瑾","行業代號":null,"market_name":"中華路夜市","行業代號1":null,"名稱1":null,"行業代號2":null,"名稱2":null,"行業代號3":null,"名稱3":null,"category":"夜市/市場攤販","id":10058063,"pay_list":"","pay_tool":""},{"index":65,"shop":"中華路夜市-巨星婚紗","zone":"雲嘉南","city":"臺南市","area":"新營區","market_address":"中華路(33號至81之8號、36號至90之2號)。民生路(1至37號、2號至48號)。停二停車場。","user":"郭秋燕","行業代號":null,"market_name":"中華路夜市","行業代號1":null,"名稱1":null,"行業代號2":null,"名稱2":null,"行業代號3":null,"名稱3":null,"category":"夜市/市場攤販","id":10058064,"pay_list":"","pay_tool":""},{"index":66,"shop":"中華路夜市-章魚燒","zone":"雲嘉南","city":"臺南市","area":"新營區","market_address":"中華路(33號至81之8號、36號至90之2號)。民生路(1至37號、2號至48號)。停二停車場。","user":"林俊呈","行業代號":null,"market_name":"中華路夜市","行業代號1":null,"名稱1":null,"行業代號2":null,"名稱2":null,"行業代號3":null,"名稱3":null,"category":"夜市/市場攤販","id":10058065,"pay_list":"","pay_tool":""},{"index":67,"shop":"中華路夜市-辣脆腸","zone":"雲嘉南","city":"臺南市","area":"新營區","market_address":"中華路(33號至81之8號、36號至90之2號)。民生路(1至37號、2號至48號)。停二停車場。","user":"黃?樑","行業代號":null,"market_name":"中華路夜市","行業代號1":null,"名稱1":null,"行業代號2":null,"名稱2":null,"行業代號3":null,"名稱3":null,"category":"夜市/市場攤販","id":10058066,"pay_list":"","pay_tool":""},{"index":68,"shop":"中華路夜市-女服飾","zone":"雲嘉南","city":"臺南市","area":"新營區","market_address":"中華路(33號至81之8號、36號至90之2號)。民生路(1至37號、2號至48號)。停二停車場。","user":"周冠瑩","行業代號":null,"market_name":"中華路夜市","行業代號1":null,"名稱1":null,"行業代號2":null,"名稱2":null,"行業代號3":null,"名稱3":null,"category":"夜市/市場攤販","id":10058067,"pay_list":"","pay_tool":""},{"index":69,"shop":"中華路夜市-手機配件","zone":"雲嘉南","city":"臺南市","area":"新營區","market_address":"中華路(33號至81之8號、36號至90之2號)。民生路(1至37號、2號至48號)。停二停車場。","user":"杜秀鳳","行業代號":null,"market_name":"中華路夜市","行業代號1":null,"名稱1":null,"行業代號2":null,"名稱2":null,"行業代號3":null,"名稱3":null,"category":"夜市/市場攤販","id":10058068,"pay_list":"","pay_tool":""},{"index":70,"shop":"中華路夜市-冷飲","zone":"雲嘉南","city":"臺南市","area":"新營區","market_address":"中華路(33號至81之8號、36號至90之2號)。民生路(1至37號、2號至48號)。停二停車場。","user":"賴春美","行業代號":null,"market_name":"中華路夜市","行業代號1":null,"名稱1":null,"行業代號2":null,"名稱2":null,"行業代號3":null,"名稱3":null,"category":"夜市/市場攤販","id":10058070,"pay_list":"","pay_tool":""},{"index":71,"shop":"中華路夜市-碳烤","zone":"雲嘉南","city":"臺南市","area":"新營區","market_address":"中華路(33號至81之8號、36號至90之2號)。民生路(1至37號、2號至48號)。停二停車場。","user":"蔡翰緯","行業代號":null,"market_name":"中華路夜市","行業代號1":null,"名稱1":null,"行業代號2":null,"名稱2":null,"行業代號3":null,"名稱3":null,"category":"夜市/市場攤販","id":10058071,"pay_list":"","pay_tool":""},{"index":72,"shop":"中華路夜市-雞蛋糕","zone":"雲嘉南","city":"臺南市","area":"新營區","market_address":"中華路(33號至81之8號、36號至90之2號)。民生路(1至37號、2號至48號)。停二停車場。","user":"康育榮","行業代號":null,"market_name":"中華路夜市","行業代號1":null,"名稱1":null,"行業代號2":null,"名稱2":null,"行業代號3":null,"名稱3":null,"category":"夜市/市場攤販","id":10058072,"pay_list":"","pay_tool":""},{"index":73,"shop":"中華路夜市-飾品","zone":"雲嘉南","city":"臺南市","area":"新營區","market_address":"中華路(33號至81之8號、36號至90之2號)。民生路(1至37號、2號至48號)。停二停車場。","user":"顏立安","行業代號":null,"market_name":"中華路夜市","行業代號1":null,"名稱1":null,"行業代號2":null,"名稱2":null,"行業代號3":null,"名稱3":null,"category":"夜市/市場攤販","id":10058073,"pay_list":"","pay_tool":""},{"index":74,"shop":"中華路夜市-童裝","zone":"雲嘉南","city":"臺南市","area":"新營區","market_address":"中華路(33號至81之8號、36號至90之2號)。民生路(1至37號、2號至48號)。停二停車場。","user":"陳惠恩","行業代號":null,"market_name":"中華路夜市","行業代號1":null,"名稱1":null,"行業代號2":null,"名稱2":null,"行業代號3":null,"名稱3":null,"category":"夜市/市場攤販","id":10058074,"pay_list":"","pay_tool":""},{"index":75,"shop":"中華路夜市-手工粉圓","zone":"雲嘉南","city":"臺南市","area":"新營區","market_address":"中華路(33號至81之8號、36號至90之2號)。民生路(1至37號、2號至48號)。停二停車場。","user":"殷紹順","行業代號":null,"market_name":"中華路夜市","行業代號1":null,"名稱1":null,"行業代號2":null,"名稱2":null,"行業代號3":null,"名稱3":null,"category":"夜市/市場攤販","id":10058075,"pay_list":"","pay_tool":""},{"index":76,"shop":"中華路夜市-臭豆腐","zone":"雲嘉南","city":"臺南市","area":"新營區","market_address":"中華路(33號至81之8號、36號至90之2號)。民生路(1至37號、2號至48號)。停二停車場。","user":"蔡 明","行業代號":null,"market_name":"中華路夜市","行業代號1":null,"名稱1":null,"行業代號2":null,"名稱2":null,"行業代號3":null,"名稱3":null,"category":"夜市/市場攤販","id":10058076,"pay_list":"","pay_tool":""},{"index":77,"shop":"中華路夜市-蔥油餅","zone":"雲嘉南","city":"臺南市","area":"新營區","market_address":"中華路(33號至81之8號、36號至90之2號)。民生路(1至37號、2號至48號)。停二停車場。","user":"張宏瑋","行業代號":null,"market_name":"中華路夜市","行業代號1":null,"名稱1":null,"行業代號2":null,"名稱2":null,"行業代號3":null,"名稱3":null,"category":"夜市/市場攤販","id":10058077,"pay_list":"","pay_tool":""},{"index":78,"shop":"中華路夜市-飾品","zone":"雲嘉南","city":"臺南市","area":"新營區","market_address":"中華路(33號至81之8號、36號至90之2號)。民生路(1至37號、2號至48號)。停二停車場。","user":"王麗琇","行業代號":null,"market_name":"中華路夜市","行業代號1":null,"名稱1":null,"行業代號2":null,"名稱2":null,"行業代號3":null,"名稱3":null,"category":"夜市/市場攤販","id":10058078,"pay_list":"","pay_tool":""},{"index":79,"shop":"中華路夜市-平口褲","zone":"雲嘉南","city":"臺南市","area":"新營區","market_address":"中華路(33號至81之8號、36號至90之2號)。民生路(1至37號、2號至48號)。停二停車場。","user":"郭瀚文","行業代號":null,"market_name":"中華路夜市","行業代號1":null,"名稱1":null,"行業代號2":null,"名稱2":null,"行業代號3":null,"名稱3":null,"category":"夜市/市場攤販","id":10058079,"pay_list":"","pay_tool":""},{"index":80,"shop":"中華路夜市-襪子","zone":"雲嘉南","city":"臺南市","area":"新營區","market_address":"中華路(33號至81之8號、36號至90之2號)。民生路(1至37號、2號至48號)。停二停車場。","user":"郭志盛","行業代號":null,"market_name":"中華路夜市","行業代號1":null,"名稱1":null,"行業代號2":null,"名稱2":null,"行業代號3":null,"名稱3":null,"category":"夜市/市場攤販","id":10058081,"pay_list":"","pay_tool":""},{"index":81,"shop":"中華路夜市-女內衣褲","zone":"雲嘉南","city":"臺南市","area":"新營區","market_address":"中華路(33號至81之8號、36號至90之2號)。民生路(1至37號、2號至48號)。停二停車場。","user":"陳淑貞","行業代號":null,"market_name":"中華路夜市","行業代號1":null,"名稱1":null,"行業代號2":null,"名稱2":null,"行業代號3":null,"名稱3":null,"category":"夜市/市場攤販","id":10058082,"pay_list":"","pay_tool":""},{"index":82,"shop":"中華路夜市-防水包包","zone":"雲嘉南","city":"臺南市","area":"新營區","market_address":"中華路(33號至81之8號、36號至90之2號)。民生路(1至37號、2號至48號)。停二停車場。","user":"蕭秋娥","行業代號":null,"market_name":"中華路夜市","行業代號1":null,"名稱1":null,"行業代號2":null,"名稱2":null,"行業代號3":null,"名稱3":null,"category":"夜市/市場攤販","id":10058083,"pay_list":"","pay_tool":""},{"index":83,"shop":"中華路夜市-包包","zone":"雲嘉南","city":"臺南市","area":"新營區","market_address":"中華路(33號至81之8號、36號至90之2號)。民生路(1至37號、2號至48號)。停二停車場。","user":"何宜家","行業代號":null,"market_name":"中華路夜市","行業代號1":null,"名稱1":null,"行業代號2":null,"名稱2":null,"行業代號3":null,"名稱3":null,"category":"夜市/市場攤販","id":10058084,"pay_list":"","pay_tool":""},{"index":84,"shop":"中華路夜市-養樂多","zone":"雲嘉南","city":"臺南市","area":"新營區","market_address":"中華路(33號至81之8號、36號至90之2號)。民生路(1至37號、2號至48號)。停二停車場。","user":"黃文雄","行業代號":null,"market_name":"中華路夜市","行業代號1":null,"名稱1":null,"行業代號2":null,"名稱2":null,"行業代號3":null,"名稱3":null,"category":"夜市/市場攤販","id":10058085,"pay_list":"","pay_tool":""},{"index":85,"shop":"中華路夜市-玉米菱角","zone":"雲嘉南","city":"臺南市","area":"新營區","market_address":"中華路(33號至81之8號、36號至90之2號)。民生路(1至37號、2號至48號)。停二停車場。","user":"江 麗","行業代號":null,"market_name":"中華路夜市","行業代號1":null,"名稱1":null,"行業代號2":null,"名稱2":null,"行業代號3":null,"名稱3":null,"category":"夜市/市場攤販","id":10058086,"pay_list":"","pay_tool":""},{"index":86,"shop":"中華路夜市-炸雞","zone":"雲嘉南","city":"臺南市","area":"新營區","market_address":"中華路(33號至81之8號、36號至90之2號)。民生路(1至37號、2號至48號)。停二停車場。","user":"沈俊朗","行業代號":null,"market_name":"中華路夜市","行業代號1":null,"名稱1":null,"行業代號2":null,"名稱2":null,"行業代號3":null,"名稱3":null,"category":"夜市/市場攤販","id":10058087,"pay_list":"","pay_tool":""},{"index":87,"shop":"中華路夜市-章魚燒","zone":"雲嘉南","city":"臺南市","area":"新營區","market_address":"中華路(33號至81之8號、36號至90之2號)。民生路(1至37號、2號至48號)。停二停車場。","user":"易慧琳","行業代號":null,"market_name":"中華路夜市","行業代號1":null,"名稱1":null,"行業代號2":null,"名稱2":null,"行業代號3":null,"名稱3":null,"category":"夜市/市場攤販","id":10058088,"pay_list":"","pay_tool":""},{"index":88,"shop":"中華路夜市-雞蛋仔","zone":"雲嘉南","city":"臺南市","area":"新營區","market_address":"中華路(33號至81之8號、36號至90之2號)。民生路(1至37號、2號至48號)。停二停車場。","user":"林佳輝","行業代號":null,"market_name":"中華路夜市","行業代號1":null,"名稱1":null,"行業代號2":null,"名稱2":null,"行業代號3":null,"名稱3":null,"category":"夜市/市場攤販","id":10058089,"pay_list":"","pay_tool":""},{"index":89,"shop":"中華路夜市-三明治","zone":"雲嘉南","city":"臺南市","area":"新營區","market_address":"中華路(33號至81之8號、36號至90之2號)。民生路(1至37號、2號至48號)。停二停車場。","user":"謝佩紜","行業代號":null,"market_name":"中華路夜市","行業代號1":null,"名稱1":null,"行業代號2":null,"名稱2":null,"行業代號3":null,"名稱3":null,"category":"夜市/市場攤販","id":10058090,"pay_list":"","pay_tool":""},{"index":90,"shop":"中華路夜市-一品滷味","zone":"雲嘉南","city":"臺南市","area":"新營區","market_address":"中華路(33號至81之8號、36號至90之2號)。民生路(1至37號、2號至48號)。停二停車場。","user":"林家宇","行業代號":null,"market_name":"中華路夜市","行業代號1":null,"名稱1":null,"行業代號2":null,"名稱2":null,"行業代號3":null,"名稱3":null,"category":"夜市/市場攤販","id":10058092,"pay_list":"","pay_tool":""},{"index":91,"shop":"中華路夜市-雞蛋糕","zone":"雲嘉南","city":"臺南市","area":"新營區","market_address":"中華路(33號至81之8號、36號至90之2號)。民生路(1至37號、2號至48號)。停二停車場。","user":"郭俊傑","行業代號":null,"market_name":"中華路夜市","行業代號1":null,"名稱1":null,"行業代號2":null,"名稱2":null,"行業代號3":null,"名稱3":null,"category":"夜市/市場攤販","id":10058093,"pay_list":"","pay_tool":""},{"index":92,"shop":"中華路夜市-服飾","zone":"雲嘉南","city":"臺南市","area":"新營區","market_address":"中華路(33號至81之8號、36號至90之2號)。民生路(1至37號、2號至48號)。停二停車場。","user":"張依綺","行業代號":null,"market_name":"中華路夜市","行業代號1":null,"名稱1":null,"行業代號2":null,"名稱2":null,"行業代號3":null,"名稱3":null,"category":"夜市/市場攤販","id":10058094,"pay_list":"","pay_tool":""},{"index":93,"shop":"中華路夜市-鹽水雞","zone":"雲嘉南","city":"臺南市","area":"新營區","market_address":"中華路(33號至81之8號、36號至90之2號)。民生路(1至37號、2號至48號)。停二停車場。","user":"陳清祥","行業代號":null,"market_name":"中華路夜市","行業代號1":null,"名稱1":null,"行業代號2":null,"名稱2":null,"行業代號3":null,"名稱3":null,"category":"夜市/市場攤販","id":10058095,"pay_list":"","pay_tool":""},{"index":94,"shop":"中華路夜市-三角骨軟骨酥","zone":"雲嘉南","city":"臺南市","area":"新營區","market_address":"中華路(33號至81之8號、36號至90之2號)。民生路(1至37號、2號至48號)。停二停車場。","user":"丁彥超","行業代號":null,"market_name":"中華路夜市","行業代號1":null,"名稱1":null,"行業代號2":null,"名稱2":null,"行業代號3":null,"名稱3":null,"category":"夜市/市場攤販","id":10058096,"pay_list":"","pay_tool":""},{"index":95,"shop":"中華路夜市-滷鴨血","zone":"雲嘉南","city":"臺南市","area":"新營區","market_address":"中華路(33號至81之8號、36號至90之2號)。民生路(1至37號、2號至48號)。停二停車場。","user":"李定豐","行業代號":null,"market_name":"中華路夜市","行業代號1":null,"名稱1":null,"行業代號2":null,"名稱2":null,"行業代號3":null,"名稱3":null,"category":"夜市/市場攤販","id":10058097,"pay_list":"","pay_tool":""},{"index":96,"shop":"中華路夜市-手機配件","zone":"雲嘉南","city":"臺南市","area":"新營區","market_address":"中華路(33號至81之8號、36號至90之2號)。民生路(1至37號、2號至48號)。停二停車場。","user":"蔡志宏","行業代號":null,"market_name":"中華路夜市","行業代號1":null,"名稱1":null,"行業代號2":null,"名稱2":null,"行業代號3":null,"名稱3":null,"category":"夜市/市場攤販","id":10058098,"pay_list":"","pay_tool":""},{"index":97,"shop":"中華路夜市-大尺碼","zone":"雲嘉南","city":"臺南市","area":"新營區","market_address":"中華路(33號至81之8號、36號至90之2號)。民生路(1至37號、2號至48號)。停二停車場。","user":"張家福","行業代號":null,"market_name":"中華路夜市","行業代號1":null,"名稱1":null,"行業代號2":null,"名稱2":null,"行業代號3":null,"名稱3":null,"category":"夜市/市場攤販","id":10058099,"pay_list":"","pay_tool":""},{"index":98,"shop":"中華路夜市-炸雞","zone":"雲嘉南","city":"臺南市","area":"新營區","market_address":"中華路(33號至81之8號、36號至90之2號)。民生路(1至37號、2號至48號)。停二停車場。","user":"羅志成","行業代號":null,"market_name":"中華路夜市","行業代號1":null,"名稱1":null,"行業代號2":null,"名稱2":null,"行業代號3":null,"名稱3":null,"category":"夜市/市場攤販","id":10058100,"pay_list":"","pay_tool":""},{"index":99,"shop":"中華路夜市-麻辣豆腐","zone":"雲嘉南","city":"臺南市","area":"新營區","market_address":"中華路(33號至81之8號、36號至90之2號)。民生路(1至37號、2號至48號)。停二停車場。","user":"胡坤鉦","行業代號":null,"market_name":"中華路夜市","行業代號1":null,"名稱1":null,"行業代號2":null,"名稱2":null,"行業代號3":null,"名稱3":null,"category":"夜市/市場攤販","id":10058101,"pay_list":"","pay_tool":""},{"index":100,"shop":"中華路夜市-雪淇沙杏仁茶","zone":"雲嘉南","city":"臺南市","area":"新營區","market_address":"中華路(33號至81之8號、36號至90之2號)。民生路(1至37號、2號至48號)。停二停車場。","user":"李俊忠","行業代號":null,"market_name":"中華路夜市","行業代號1":null,"名稱1":null,"行業代號2":null,"名稱2":null,"行業代號3":null,"名稱3":null,"category":"夜市/市場攤販","id":10058104,"pay_list":"","pay_tool":""},{"index":101,"shop":"中華路夜市-浴巾","zone":"雲嘉南","city":"臺南市","area":"新營區","market_address":"中華路(33號至81之8號、36號至90之2號)。民生路(1至37號、2號至48號)。停二停車場。","user":"彭麗玲","行業代號":null,"market_name":"中華路夜市","行業代號1":null,"名稱1":null,"行業代號2":null,"名稱2":null,"行業代號3":null,"名稱3":null,"category":"夜市/市場攤販","id":10058105,"pay_list":"","pay_tool":""},{"index":102,"shop":"中華路夜市-佛珠","zone":"雲嘉南","city":"臺南市","area":"新營區","market_address":"中華路(33號至81之8號、36號至90之2號)。民生路(1至37號、2號至48號)。停二停車場。","user":"翁茂田","行業代號":null,"market_name":"中華路夜市","行業代號1":null,"名稱1":null,"行業代號2":null,"名稱2":null,"行業代號3":null,"名稱3":null,"category":"夜市/市場攤販","id":10058106,"pay_list":"","pay_tool":""},{"index":103,"shop":"中華路夜市-餅乾類","zone":"雲嘉南","city":"臺南市","area":"新營區","market_address":"中華路(33號至81之8號、36號至90之2號)。民生路(1至37號、2號至48號)。停二停車場。","user":"李坤蒼","行業代號":null,"market_name":"中華路夜市","行業代號1":null,"名稱1":null,"行業代號2":null,"名稱2":null,"行業代號3":null,"名稱3":null,"category":"夜市/市場攤販","id":10058107,"pay_list":"","pay_tool":""},{"index":104,"shop":"中華路夜市-無骨雞爪","zone":"雲嘉南","city":"臺南市","area":"新營區","market_address":"中華路(33號至81之8號、36號至90之2號)。民生路(1至37號、2號至48號)。停二停車場。","user":"甘家齊","行業代號":null,"market_name":"中華路夜市","行業代號1":null,"名稱1":null,"行業代號2":null,"名稱2":null,"行業代號3":null,"名稱3":null,"category":"夜市/市場攤販","id":10058108,"pay_list":"","pay_tool":""},{"index":105,"shop":"中華路夜市-拔絲地瓜","zone":"雲嘉南","city":"臺南市","area":"新營區","market_address":"中華路(33號至81之8號、36號至90之2號)。民生路(1至37號、2號至48號)。停二停車場。","user":"黃黎右","行業代號":null,"market_name":"中華路夜市","行業代號1":null,"名稱1":null,"行業代號2":null,"名稱2":null,"行業代號3":null,"名稱3":null,"category":"夜市/市場攤販","id":10058109,"pay_list":"","pay_tool":""},{"index":106,"shop":"中華路夜市-護貝","zone":"雲嘉南","city":"臺南市","area":"新營區","market_address":"中華路(33號至81之8號、36號至90之2號)。民生路(1至37號、2號至48號)。停二停車場。","user":"蕭瑞麟","行業代號":null,"market_name":"中華路夜市","行業代號1":null,"名稱1":null,"行業代號2":null,"名稱2":null,"行業代號3":null,"名稱3":null,"category":"夜市/市場攤販","id":10058110,"pay_list":"","pay_tool":""},{"index":107,"shop":"中華路夜市-包包","zone":"雲嘉南","city":"臺南市","area":"新營區","market_address":"中華路(33號至81之8號、36號至90之2號)。民生路(1至37號、2號至48號)。停二停車場。","user":"王亭尹","行業代號":null,"market_name":"中華路夜市","行業代號1":null,"名稱1":null,"行業代號2":null,"名稱2":null,"行業代號3":null,"名稱3":null,"category":"夜市/市場攤販","id":10058111,"pay_list":"","pay_tool":""},{"index":108,"shop":"中華路夜市-飾品","zone":"雲嘉南","city":"臺南市","area":"新營區","market_address":"中華路(33號至81之8號、36號至90之2號)。民生路(1至37號、2號至48號)。停二停車場。","user":"許彩瓊","行業代號":null,"market_name":"中華路夜市","行業代號1":null,"名稱1":null,"行業代號2":null,"名稱2":null,"行業代號3":null,"名稱3":null,"category":"夜市/市場攤販","id":10058112,"pay_list":"","pay_tool":""},{"index":109,"shop":"中華路夜市-點痣","zone":"雲嘉南","city":"臺南市","area":"新營區","market_address":"中華路(33號至81之8號、36號至90之2號)。民生路(1至37號、2號至48號)。停二停車場。","user":"陳俊宏","行業代號":null,"market_name":"中華路夜市","行業代號1":null,"名稱1":null,"行業代號2":null,"名稱2":null,"行業代號3":null,"名稱3":null,"category":"夜市/市場攤販","id":10058113,"pay_list":"","pay_tool":""},{"index":110,"shop":"中華路夜市-飾品","zone":"雲嘉南","city":"臺南市","area":"新營區","market_address":"中華路(33號至81之8號、36號至90之2號)。民生路(1至37號、2號至48號)。停二停車場。","user":"林莉婷","行業代號":null,"market_name":"中華路夜市","行業代號1":null,"名稱1":null,"行業代號2":null,"名稱2":null,"行業代號3":null,"名稱3":null,"category":"夜市/市場攤販","id":10058115,"pay_list":"","pay_tool":""},{"index":111,"shop":"中華路夜市-女裝","zone":"雲嘉南","city":"臺南市","area":"新營區","market_address":"中華路(33號至81之8號、36號至90之2號)。民生路(1至37號、2號至48號)。停二停車場。","user":"張淑惠","行業代號":null,"market_name":"中華路夜市","行業代號1":null,"名稱1":null,"行業代號2":null,"名稱2":null,"行業代號3":null,"名稱3":null,"category":"夜市/市場攤販","id":10058116,"pay_list":"","pay_tool":""},{"index":112,"shop":"中華路夜市-服飾","zone":"雲嘉南","city":"臺南市","area":"新營區","market_address":"中華路(33號至81之8號、36號至90之2號)。民生路(1至37號、2號至48號)。停二停車場。","user":"江駿逸","行業代號":null,"market_name":"中華路夜市","行業代號1":null,"名稱1":null,"行業代號2":null,"名稱2":null,"行業代號3":null,"名稱3":null,"category":"夜市/市場攤販","id":10058117,"pay_list":"","pay_tool":""},{"index":113,"shop":"中華路夜市-鐘錶","zone":"雲嘉南","city":"臺南市","area":"新營區","market_address":"中華路(33號至81之8號、36號至90之2號)。民生路(1至37號、2號至48號)。停二停車場。","user":"賴榮寬","行業代號":null,"market_name":"中華路夜市","行業代號1":null,"名稱1":null,"行業代號2":null,"名稱2":null,"行業代號3":null,"名稱3":null,"category":"夜市/市場攤販","id":10058118,"pay_list":"","pay_tool":""},{"index":114,"shop":"中華路夜市-毛豆","zone":"雲嘉南","city":"臺南市","area":"新營區","market_address":"中華路(33號至81之8號、36號至90之2號)。民生路(1至37號、2號至48號)。停二停車場。","user":"賴曉屏","行業代號":null,"market_name":"中華路夜市","行業代號1":null,"名稱1":null,"行業代號2":null,"名稱2":null,"行業代號3":null,"名稱3":null,"category":"夜市/市場攤販","id":10058119,"pay_list":"","pay_tool":""},{"index":115,"shop":"中華路夜市-安全帽","zone":"雲嘉南","city":"臺南市","area":"新營區","market_address":"中華路(33號至81之8號、36號至90之2號)。民生路(1至37號、2號至48號)。停二停車場。","user":"張櫻蕙","行業代號":null,"market_name":"中華路夜市","行業代號1":null,"名稱1":null,"行業代號2":null,"名稱2":null,"行業代號3":null,"名稱3":null,"category":"夜市/市場攤販","id":10058120,"pay_list":"","pay_tool":""},{"index":116,"shop":"中華路夜市-手機配件","zone":"雲嘉南","city":"臺南市","area":"新營區","market_address":"中華路(33號至81之8號、36號至90之2號)。民生路(1至37號、2號至48號)。停二停車場。","user":"毛柏霖","行業代號":null,"market_name":"中華路夜市","行業代號1":null,"名稱1":null,"行業代號2":null,"名稱2":null,"行業代號3":null,"名稱3":null,"category":"夜市/市場攤販","id":10058121,"pay_list":"","pay_tool":""},{"index":117,"shop":"中華路夜市-大尺碼","zone":"雲嘉南","city":"臺南市","area":"新營區","market_address":"中華路(33號至81之8號、36號至90之2號)。民生路(1至37號、2號至48號)。停二停車場。","user":"張家福","行業代號":null,"market_name":"中華路夜市","行業代號1":null,"名稱1":null,"行業代號2":null,"名稱2":null,"行業代號3":null,"名稱3":null,"category":"夜市/市場攤販","id":10058122,"pay_list":"","pay_tool":""},{"index":118,"shop":"中華路夜市-雞串燒","zone":"雲嘉南","city":"臺南市","area":"新營區","market_address":"中華路(33號至81之8號、36號至90之2號)。民生路(1至37號、2號至48號)。停二停車場。","user":"胡耀仁","行業代號":null,"market_name":"中華路夜市","行業代號1":null,"名稱1":null,"行業代號2":null,"名稱2":null,"行業代號3":null,"名稱3":null,"category":"夜市/市場攤販","id":10058123,"pay_list":"","pay_tool":""},{"index":119,"shop":"中華路夜市-可麗餅","zone":"雲嘉南","city":"臺南市","area":"新營區","market_address":"中華路(33號至81之8號、36號至90之2號)。民生路(1至37號、2號至48號)。停二停車場。","user":"洪德清","行業代號":null,"market_name":"中華路夜市","行業代號1":null,"名稱1":null,"行業代號2":null,"名稱2":null,"行業代號3":null,"名稱3":null,"category":"夜市/市場攤販","id":10058124,"pay_list":"","pay_tool":""},{"index":120,"shop":"中華路夜市-爆米花","zone":"雲嘉南","city":"臺南市","area":"新營區","market_address":"中華路(33號至81之8號、36號至90之2號)。民生路(1至37號、2號至48號)。停二停車場。","user":"李海綺","行業代號":null,"market_name":"中華路夜市","行業代號1":null,"名稱1":null,"行業代號2":null,"名稱2":null,"行業代號3":null,"名稱3":null,"category":"夜市/市場攤販","id":10058126,"pay_list":"","pay_tool":""},{"index":121,"shop":"中華路夜市-小時候大餅","zone":"雲嘉南","city":"臺南市","area":"新營區","market_address":"中華路(33號至81之8號、36號至90之2號)。民生路(1至37號、2號至48號)。停二停車場。","user":"李介源","行業代號":null,"market_name":"中華路夜市","行業代號1":null,"名稱1":null,"行業代號2":null,"名稱2":null,"行業代號3":null,"名稱3":null,"category":"夜市/市場攤販","id":10058127,"pay_list":"","pay_tool":""},{"index":122,"shop":"中華路夜市-10元碳烤","zone":"雲嘉南","city":"臺南市","area":"新營區","market_address":"中華路(33號至81之8號、36號至90之2號)。民生路(1至37號、2號至48號)。停二停車場。","user":"吳瑞賢","行業代號":null,"market_name":"中華路夜市","行業代號1":null,"名稱1":null,"行業代號2":null,"名稱2":null,"行業代號3":null,"名稱3":null,"category":"夜市/市場攤販","id":10058128,"pay_list":"","pay_tool":""},{"index":123,"shop":"中華路夜市-玉飾","zone":"雲嘉南","city":"臺南市","area":"新營區","market_address":"中華路(33號至81之8號、36號至90之2號)。民生路(1至37號、2號至48號)。停二停車場。","user":"莊明亮","行業代號":null,"market_name":"中華路夜市","行業代號1":null,"名稱1":null,"行業代號2":null,"名稱2":null,"行業代號3":null,"名稱3":null,"category":"夜市/市場攤販","id":10058129,"pay_list":"","pay_tool":""},{"index":124,"shop":"中華路夜市-油雞醉雞","zone":"雲嘉南","city":"臺南市","area":"新營區","market_address":"中華路(33號至81之8號、36號至90之2號)。民生路(1至37號、2號至48號)。停二停車場。","user":"蔡鈞彥","行業代號":null,"market_name":"中華路夜市","行業代號1":null,"名稱1":null,"行業代號2":null,"名稱2":null,"行業代號3":null,"名稱3":null,"category":"夜市/市場攤販","id":10058130,"pay_list":"","pay_tool":""},{"index":125,"shop":"中華路夜市-麻辣鴨血","zone":"雲嘉南","city":"臺南市","area":"新營區","market_address":"中華路(33號至81之8號、36號至90之2號)。民生路(1至37號、2號至48號)。停二停車場。","user":"黃安村","行業代號":null,"market_name":"中華路夜市","行業代號1":null,"名稱1":null,"行業代號2":null,"名稱2":null,"行業代號3":null,"名稱3":null,"category":"夜市/市場攤販","id":10058131,"pay_list":"","pay_tool":""},{"index":126,"shop":"中華路夜市-鮮奶茶","zone":"雲嘉南","city":"臺南市","area":"新營區","market_address":"中華路(33號至81之8號、36號至90之2號)。民生路(1至37號、2號至48號)。停二停車場。","user":"李汶遠","行業代號":null,"market_name":"中華路夜市","行業代號1":null,"名稱1":null,"行業代號2":null,"名稱2":null,"行業代號3":null,"名稱3":null,"category":"夜市/市場攤販","id":10058132,"pay_list":"","pay_tool":""},{"index":127,"shop":"中華路夜市-煎餃","zone":"雲嘉南","city":"臺南市","area":"新營區","market_address":"中華路(33號至81之8號、36號至90之2號)。民生路(1至37號、2號至48號)。停二停車場。","user":"盧明泉","行業代號":null,"market_name":"中華路夜市","行業代號1":null,"名稱1":null,"行業代號2":null,"名稱2":null,"行業代號3":null,"名稱3":null,"category":"夜市/市場攤販","id":10058133,"pay_list":"","pay_tool":""},{"index":128,"shop":"中華路夜市-皮帶皮夾","zone":"雲嘉南","city":"臺南市","area":"新營區","market_address":"中華路(33號至81之8號、36號至90之2號)。民生路(1至37號、2號至48號)。停二停車場。","user":"李昭儀","行業代號":null,"market_name":"中華路夜市","行業代號1":null,"名稱1":null,"行業代號2":null,"名稱2":null,"行業代號3":null,"名稱3":null,"category":"夜市/市場攤販","id":10058134,"pay_list":"","pay_tool":""},{"index":129,"shop":"中華路夜市-火鍋","zone":"雲嘉南","city":"臺南市","area":"新營區","market_address":"中華路(33號至81之8號、36號至90之2號)。民生路(1至37號、2號至48號)。停二停車場。","user":"周茂正","行業代號":null,"market_name":"中華路夜市","行業代號1":null,"名稱1":null,"行業代號2":null,"名稱2":null,"行業代號3":null,"名稱3":null,"category":"夜市/市場攤販","id":10058135,"pay_list":"","pay_tool":""},{"index":130,"shop":"中華路夜市-包包","zone":"雲嘉南","city":"臺南市","area":"新營區","market_address":"中華路(33號至81之8號、36號至90之2號)。民生路(1至37號、2號至48號)。停二停車場。","user":"李采馨","行業代號":null,"market_name":"中華路夜市","行業代號1":null,"名稱1":null,"行業代號2":null,"名稱2":null,"行業代號3":null,"名稱3":null,"category":"夜市/市場攤販","id":10058137,"pay_list":"","pay_tool":""},{"index":131,"shop":"中華路夜市-麻辣魚蛋","zone":"雲嘉南","city":"臺南市","area":"新營區","market_address":"中華路(33號至81之8號、36號至90之2號)。民生路(1至37號、2號至48號)。停二停車場。","user":"劉丁瑞","行業代號":null,"market_name":"中華路夜市","行業代號1":null,"名稱1":null,"行業代號2":null,"名稱2":null,"行業代號3":null,"名稱3":null,"category":"夜市/市場攤販","id":10058138,"pay_list":"","pay_tool":""},{"index":132,"shop":"中華路夜市-甘草芭樂","zone":"雲嘉南","city":"臺南市","area":"新營區","market_address":"中華路(33號至81之8號、36號至90之2號)。民生路(1至37號、2號至48號)。停二停車場。","user":"陳小娜","行業代號":null,"market_name":"中華路夜市","行業代號1":null,"名稱1":null,"行業代號2":null,"名稱2":null,"行業代號3":null,"名稱3":null,"category":"夜市/市場攤販","id":10058139,"pay_list":"","pay_tool":""},{"index":133,"shop":"中華路夜市-少淑女裝","zone":"雲嘉南","city":"臺南市","area":"新營區","market_address":"中華路(33號至81之8號、36號至90之2號)。民生路(1至37號、2號至48號)。停二停車場。","user":"蔡秀枝","行業代號":null,"market_name":"中華路夜市","行業代號1":null,"名稱1":null,"行業代號2":null,"名稱2":null,"行業代號3":null,"名稱3":null,"category":"夜市/市場攤販","id":10058140,"pay_list":"","pay_tool":""},{"index":134,"shop":"中華路夜市-少淑女裝","zone":"雲嘉南","city":"臺南市","area":"新營區","market_address":"中華路(33號至81之8號、36號至90之2號)。民生路(1至37號、2號至48號)。停二停車場。","user":"黃璧霞","行業代號":null,"market_name":"中華路夜市","行業代號1":null,"名稱1":null,"行業代號2":null,"名稱2":null,"行業代號3":null,"名稱3":null,"category":"夜市/市場攤販","id":10058141,"pay_list":"","pay_tool":""},{"index":135,"shop":"中華路夜市-床巾","zone":"雲嘉南","city":"臺南市","area":"新營區","market_address":"中華路(33號至81之8號、36號至90之2號)。民生路(1至37號、2號至48號)。停二停車場。","user":"張秀娥","行業代號":null,"market_name":"中華路夜市","行業代號1":null,"名稱1":null,"行業代號2":null,"名稱2":null,"行業代號3":null,"名稱3":null,"category":"夜市/市場攤販","id":10058142,"pay_list":"","pay_tool":""},{"index":136,"shop":"中華路夜市-寵物","zone":"雲嘉南","city":"臺南市","area":"新營區","market_address":"中華路(33號至81之8號、36號至90之2號)。民生路(1至37號、2號至48號)。停二停車場。","user":"顏嘉慰","行業代號":null,"market_name":"中華路夜市","行業代號1":null,"名稱1":null,"行業代號2":null,"名稱2":null,"行業代號3":null,"名稱3":null,"category":"夜市/市場攤販","id":10058143,"pay_list":"","pay_tool":""},{"index":137,"shop":"中華路夜市-花生糖","zone":"雲嘉南","city":"臺南市","area":"新營區","market_address":"中華路(33號至81之8號、36號至90之2號)。民生路(1至37號、2號至48號)。停二停車場。","user":"黃柏彰","行業代號":null,"market_name":"中華路夜市","行業代號1":null,"名稱1":null,"行業代號2":null,"名稱2":null,"行業代號3":null,"名稱3":null,"category":"夜市/市場攤販","id":10058144,"pay_list":"","pay_tool":""},{"index":138,"shop":"中華路夜市-章魚燒","zone":"雲嘉南","city":"臺南市","area":"新營區","market_address":"中華路(33號至81之8號、36號至90之2號)。民生路(1至37號、2號至48號)。停二停車場。","user":"林銀安","行業代號":null,"market_name":"中華路夜市","行業代號1":null,"名稱1":null,"行業代號2":null,"名稱2":null,"行業代號3":null,"名稱3":null,"category":"夜市/市場攤販","id":10058145,"pay_list":"","pay_tool":""},{"index":139,"shop":"中華路夜市-男裝","zone":"雲嘉南","city":"臺南市","area":"新營區","market_address":"中華路(33號至81之8號、36號至90之2號)。民生路(1至37號、2號至48號)。停二停車場。","user":"沈宗傑","行業代號":null,"market_name":"中華路夜市","行業代號1":null,"名稱1":null,"行業代號2":null,"名稱2":null,"行業代號3":null,"名稱3":null,"category":"夜市/市場攤販","id":10058146,"pay_list":"","pay_tool":""},{"index":140,"shop":"中華路夜市-飾品","zone":"雲嘉南","city":"臺南市","area":"新營區","market_address":"中華路(33號至81之8號、36號至90之2號)。民生路(1至37號、2號至48號)。停二停車場。","user":"蘇珮華","行業代號":null,"market_name":"中華路夜市","行業代號1":null,"名稱1":null,"行業代號2":null,"名稱2":null,"行業代號3":null,"名稱3":null,"category":"夜市/市場攤販","id":10058148,"pay_list":"","pay_tool":""},{"index":141,"shop":"中華路夜市-童裝","zone":"雲嘉南","city":"臺南市","area":"新營區","market_address":"中華路(33號至81之8號、36號至90之2號)。民生路(1至37號、2號至48號)。停二停車場。","user":"林信川","行業代號":null,"market_name":"中華路夜市","行業代號1":null,"名稱1":null,"行業代號2":null,"名稱2":null,"行業代號3":null,"名稱3":null,"category":"夜市/市場攤販","id":10058149,"pay_list":"","pay_tool":""},{"index":142,"shop":"中華路夜市-內褲","zone":"雲嘉南","city":"臺南市","area":"新營區","market_address":"中華路(33號至81之8號、36號至90之2號)。民生路(1至37號、2號至48號)。停二停車場。","user":"林慧苓","行業代號":null,"market_name":"中華路夜市","行業代號1":null,"名稱1":null,"行業代號2":null,"名稱2":null,"行業代號3":null,"名稱3":null,"category":"夜市/市場攤販","id":10058150,"pay_list":"","pay_tool":""},{"index":143,"shop":"中華路夜市-鋼杯","zone":"雲嘉南","city":"臺南市","area":"新營區","market_address":"中華路(33號至81之8號、36號至90之2號)。民生路(1至37號、2號至48號)。停二停車場。","user":"孫士杰","行業代號":null,"market_name":"中華路夜市","行業代號1":null,"名稱1":null,"行業代號2":null,"名稱2":null,"行業代號3":null,"名稱3":null,"category":"夜市/市場攤販","id":10058151,"pay_list":"","pay_tool":""},{"index":144,"shop":"中華路夜市-雨傘","zone":"雲嘉南","city":"臺南市","area":"新營區","market_address":"中華路(33號至81之8號、36號至90之2號)。民生路(1至37號、2號至48號)。停二停車場。","user":"許記鳳","行業代號":null,"market_name":"中華路夜市","行業代號1":null,"名稱1":null,"行業代號2":null,"名稱2":null,"行業代號3":null,"名稱3":null,"category":"夜市/市場攤販","id":10058152,"pay_list":"","pay_tool":""},{"index":145,"shop":"中華路夜市-神廚牛排","zone":"雲嘉南","city":"臺南市","area":"新營區","market_address":"中華路(33號至81之8號、36號至90之2號)。民生路(1至37號、2號至48號)。停二停車場。","user":"朱信吉","行業代號":null,"market_name":"中華路夜市","行業代號1":null,"名稱1":null,"行業代號2":null,"名稱2":null,"行業代號3":null,"名稱3":null,"category":"夜市/市場攤販","id":10058153,"pay_list":"","pay_tool":""},{"index":146,"shop":"中華路夜市-壁貼","zone":"雲嘉南","city":"臺南市","area":"新營區","market_address":"中華路(33號至81之8號、36號至90之2號)。民生路(1至37號、2號至48號)。停二停車場。","user":"余正興","行業代號":null,"market_name":"中華路夜市","行業代號1":null,"名稱1":null,"行業代號2":null,"名稱2":null,"行業代號3":null,"名稱3":null,"category":"夜市/市場攤販","id":10058154,"pay_list":"","pay_tool":""},{"index":147,"shop":"中華路夜市-雞腿捲","zone":"雲嘉南","city":"臺南市","area":"新營區","market_address":"中華路(33號至81之8號、36號至90之2號)。民生路(1至37號、2號至48號)。停二停車場。","user":"黃永瑞","行業代號":null,"market_name":"中華路夜市","行業代號1":null,"名稱1":null,"行業代號2":null,"名稱2":null,"行業代號3":null,"名稱3":null,"category":"夜市/市場攤販","id":10058155,"pay_list":"","pay_tool":""},{"index":148,"shop":"中華路夜市-保暖衣","zone":"雲嘉南","city":"臺南市","area":"新營區","market_address":"中華路(33號至81之8號、36號至90之2號)。民生路(1至37號、2號至48號)。停二停車場。","user":"毛若懿","行業代號":null,"market_name":"中華路夜市","行業代號1":null,"名稱1":null,"行業代號2":null,"名稱2":null,"行業代號3":null,"名稱3":null,"category":"夜市/市場攤販","id":10058156,"pay_list":"","pay_tool":""},{"index":149,"shop":"中華路夜市-女裝褲子","zone":"雲嘉南","city":"臺南市","area":"新營區","market_address":"中華路(33號至81之8號、36號至90之2號)。民生路(1至37號、2號至48號)。停二停車場。","user":"曾瑋婷","行業代號":null,"market_name":"中華路夜市","行業代號1":null,"名稱1":null,"行業代號2":null,"名稱2":null,"行業代號3":null,"名稱3":null,"category":"夜市/市場攤販","id":10058157,"pay_list":"","pay_tool":""},{"index":150,"shop":"中華路夜市-冷飲愛玉","zone":"雲嘉南","city":"臺南市","area":"新營區","market_address":"中華路(33號至81之8號、36號至90之2號)。民生路(1至37號、2號至48號)。停二停車場。","user":"陳麗夙","行業代號":null,"market_name":"中華路夜市","行業代號1":null,"名稱1":null,"行業代號2":null,"名稱2":null,"行業代號3":null,"名稱3":null,"category":"夜市/市場攤販","id":10058159,"pay_list":"","pay_tool":""},{"index":151,"shop":"中華路夜市-鐘錶","zone":"雲嘉南","city":"臺南市","area":"新營區","market_address":"中華路(33號至81之8號、36號至90之2號)。民生路(1至37號、2號至48號)。停二停車場。","user":"蘇信丞","行業代號":null,"market_name":"中華路夜市","行業代號1":null,"名稱1":null,"行業代號2":null,"名稱2":null,"行業代號3":null,"名稱3":null,"category":"夜市/市場攤販","id":10058160,"pay_list":"","pay_tool":""},{"index":152,"shop":"中華路夜市-壽司","zone":"雲嘉南","city":"臺南市","area":"新營區","market_address":"中華路(33號至81之8號、36號至90之2號)。民生路(1至37號、2號至48號)。停二停車場。","user":"黃映慈","行業代號":null,"market_name":"中華路夜市","行業代號1":null,"名稱1":null,"行業代號2":null,"名稱2":null,"行業代號3":null,"名稱3":null,"category":"夜市/市場攤販","id":10058161,"pay_list":"","pay_tool":""},{"index":153,"shop":"中華路夜市-玉米","zone":"雲嘉南","city":"臺南市","area":"新營區","market_address":"中華路(33號至81之8號、36號至90之2號)。民生路(1至37號、2號至48號)。停二停車場。","user":"吳三元","行業代號":null,"market_name":"中華路夜市","行業代號1":null,"名稱1":null,"行業代號2":null,"名稱2":null,"行業代號3":null,"名稱3":null,"category":"夜市/市場攤販","id":10058162,"pay_list":"","pay_tool":""},{"index":154,"shop":"中華路夜市-手機配件","zone":"雲嘉南","city":"臺南市","area":"新營區","market_address":"中華路(33號至81之8號、36號至90之2號)。民生路(1至37號、2號至48號)。停二停車場。","user":"吳柏炫","行業代號":null,"market_name":"中華路夜市","行業代號1":null,"名稱1":null,"行業代號2":null,"名稱2":null,"行業代號3":null,"名稱3":null,"category":"夜市/市場攤販","id":10058163,"pay_list":"","pay_tool":""},{"index":155,"shop":"中華路夜市-蜜餞","zone":"雲嘉南","city":"臺南市","area":"新營區","market_address":"中華路(33號至81之8號、36號至90之2號)。民生路(1至37號、2號至48號)。停二停車場。","user":"陳清珠","行業代號":null,"market_name":"中華路夜市","行業代號1":null,"名稱1":null,"行業代號2":null,"名稱2":null,"行業代號3":null,"名稱3":null,"category":"夜市/市場攤販","id":10058164,"pay_list":"","pay_tool":""},{"index":156,"shop":"中華路夜市-冷飲愛玉","zone":"雲嘉南","city":"臺南市","area":"新營區","market_address":"中華路(33號至81之8號、36號至90之2號)。民生路(1至37號、2號至48號)。停二停車場。","user":"謝宏志","行業代號":null,"market_name":"中華路夜市","行業代號1":null,"名稱1":null,"行業代號2":null,"名稱2":null,"行業代號3":null,"名稱3":null,"category":"夜市/市場攤販","id":10058165,"pay_list":"","pay_tool":""},{"index":157,"shop":"中華路夜市-男裝","zone":"雲嘉南","city":"臺南市","area":"新營區","market_address":"中華路(33號至81之8號、36號至90之2號)。民生路(1至37號、2號至48號)。停二停車場。","user":"王登松","行業代號":null,"market_name":"中華路夜市","行業代號1":null,"名稱1":null,"行業代號2":null,"名稱2":null,"行業代號3":null,"名稱3":null,"category":"夜市/市場攤販","id":10058166,"pay_list":"","pay_tool":""},{"index":158,"shop":"中華路夜市-炸魷魚","zone":"雲嘉南","city":"臺南市","area":"新營區","market_address":"中華路(33號至81之8號、36號至90之2號)。民生路(1至37號、2號至48號)。停二停車場。","user":"蔡長穎","行業代號":null,"market_name":"中華路夜市","行業代號1":null,"名稱1":null,"行業代號2":null,"名稱2":null,"行業代號3":null,"名稱3":null,"category":"夜市/市場攤販","id":10058167,"pay_list":"","pay_tool":""},{"index":159,"shop":"中華路夜市-鹽水雞","zone":"雲嘉南","city":"臺南市","area":"新營區","market_address":"中華路(33號至81之8號、36號至90之2號)。民生路(1至37號、2號至48號)。停二停車場。","user":"孫耀傑","行業代號":null,"market_name":"中華路夜市","行業代號1":null,"名稱1":null,"行業代號2":null,"名稱2":null,"行業代號3":null,"名稱3":null,"category":"夜市/市場攤販","id":10058168,"pay_list":"","pay_tool":""},{"index":160,"shop":"中華路夜市-手機配件","zone":"雲嘉南","city":"臺南市","area":"新營區","market_address":"中華路(33號至81之8號、36號至90之2號)。民生路(1至37號、2號至48號)。停二停車場。","user":"劉鵑寧","行業代號":null,"market_name":"中華路夜市","行業代號1":null,"名稱1":null,"行業代號2":null,"名稱2":null,"行業代號3":null,"名稱3":null,"category":"夜市/市場攤販","id":10058170,"pay_list":"","pay_tool":""},{"index":161,"shop":"中華路夜市-炸虱目魚","zone":"雲嘉南","city":"臺南市","area":"新營區","market_address":"中華路(33號至81之8號、36號至90之2號)。民生路(1至37號、2號至48號)。停二停車場。","user":"董進茂","行業代號":null,"market_name":"中華路夜市","行業代號1":null,"名稱1":null,"行業代號2":null,"名稱2":null,"行業代號3":null,"名稱3":null,"category":"夜市/市場攤販","id":10058171,"pay_list":"","pay_tool":""},{"index":162,"shop":"中華路夜市-冷熱飲","zone":"雲嘉南","city":"臺南市","area":"新營區","market_address":"中華路(33號至81之8號、36號至90之2號)。民生路(1至37號、2號至48號)。停二停車場。","user":"張敏堯","行業代號":null,"market_name":"中華路夜市","行業代號1":null,"名稱1":null,"行業代號2":null,"名稱2":null,"行業代號3":null,"名稱3":null,"category":"夜市/市場攤販","id":10058172,"pay_list":"","pay_tool":""},{"index":163,"shop":"中華路夜市-襪子毛巾","zone":"雲嘉南","city":"臺南市","area":"新營區","market_address":"中華路(33號至81之8號、36號至90之2號)。民生路(1至37號、2號至48號)。停二停車場。","user":"蘇玉鳳","行業代號":null,"market_name":"中華路夜市","行業代號1":null,"名稱1":null,"行業代號2":null,"名稱2":null,"行業代號3":null,"名稱3":null,"category":"夜市/市場攤販","id":10058173,"pay_list":"","pay_tool":""},{"index":164,"shop":"中華路夜市-鳥蛋.紅豆餅","zone":"雲嘉南","city":"臺南市","area":"新營區","market_address":"中華路(33號至81之8號、36號至90之2號)。民生路(1至37號、2號至48號)。停二停車場。","user":"鄭祺原","行業代號":null,"market_name":"中華路夜市","行業代號1":null,"名稱1":null,"行業代號2":null,"名稱2":null,"行業代號3":null,"名稱3":null,"category":"夜市/市場攤販","id":10058174,"pay_list":"","pay_tool":""},{"index":165,"shop":"中華路夜市-生炒花枝","zone":"雲嘉南","city":"臺南市","area":"新營區","market_address":"中華路(33號至81之8號、36號至90之2號)。民生路(1至37號、2號至48號)。停二停車場。","user":"莊瑋勳","行業代號":null,"market_name":"中華路夜市","行業代號1":null,"名稱1":null,"行業代號2":null,"名稱2":null,"行業代號3":null,"名稱3":null,"category":"夜市/市場攤販","id":10058175,"pay_list":"","pay_tool":""},{"index":166,"shop":"中華路夜市-飾品","zone":"雲嘉南","city":"臺南市","area":"新營區","market_address":"中華路(33號至81之8號、36號至90之2號)。民生路(1至37號、2號至48號)。停二停車場。","user":"周素玲","行業代號":null,"market_name":"中華路夜市","行業代號1":null,"名稱1":null,"行業代號2":null,"名稱2":null,"行業代號3":null,"名稱3":null,"category":"夜市/市場攤販","id":10058176,"pay_list":"","pay_tool":""},{"index":167,"shop":"中華路夜市-內衣內褲","zone":"雲嘉南","city":"臺南市","area":"新營區","market_address":"中華路(33號至81之8號、36號至90之2號)。民生路(1至37號、2號至48號)。停二停車場。","user":"蔡萬益","行業代號":null,"market_name":"中華路夜市","行業代號1":null,"名稱1":null,"行業代號2":null,"名稱2":null,"行業代號3":null,"名稱3":null,"category":"夜市/市場攤販","id":10058177,"pay_list":"","pay_tool":""},{"index":168,"shop":"中華路夜市-童裝","zone":"雲嘉南","city":"臺南市","area":"新營區","market_address":"中華路(33號至81之8號、36號至90之2號)。民生路(1至37號、2號至48號)。停二停車場。","user":"蕭連瑞娥","行業代號":null,"market_name":"中華路夜市","行業代號1":null,"名稱1":null,"行業代號2":null,"名稱2":null,"行業代號3":null,"名稱3":null,"category":"夜市/市場攤販","id":10058178,"pay_list":"","pay_tool":""},{"index":169,"shop":"中華路夜市-蚵仔煎","zone":"雲嘉南","city":"臺南市","area":"新營區","market_address":"中華路(33號至81之8號、36號至90之2號)。民生路(1至37號、2號至48號)。停二停車場。","user":"吳明龍","行業代號":null,"market_name":"中華路夜市","行業代號1":null,"名稱1":null,"行業代號2":null,"名稱2":null,"行業代號3":null,"名稱3":null,"category":"夜市/市場攤販","id":10058179,"pay_list":"","pay_tool":""},{"index":170,"shop":"中華路夜市-麵線","zone":"雲嘉南","city":"臺南市","area":"新營區","market_address":"中華路(33號至81之8號、36號至90之2號)。民生路(1至37號、2號至48號)。停二停車場。","user":"吳春榮","行業代號":null,"market_name":"中華路夜市","行業代號1":null,"名稱1":null,"行業代號2":null,"名稱2":null,"行業代號3":null,"名稱3":null,"category":"夜市/市場攤販","id":10058181,"pay_list":"","pay_tool":""},{"index":171,"shop":"中華路夜市-臭豆腐","zone":"雲嘉南","city":"臺南市","area":"新營區","market_address":"中華路(33號至81之8號、36號至90之2號)。民生路(1至37號、2號至48號)。停二停車場。","user":"李宗泰","行業代號":null,"market_name":"中華路夜市","行業代號1":null,"名稱1":null,"行業代號2":null,"名稱2":null,"行業代號3":null,"名稱3":null,"category":"夜市/市場攤販","id":10058182,"pay_list":"","pay_tool":""},{"index":172,"shop":"中華路夜市-蔥油餅","zone":"雲嘉南","city":"臺南市","area":"新營區","market_address":"中華路(33號至81之8號、36號至90之2號)。民生路(1至37號、2號至48號)。停二停車場。","user":"楊基祥","行業代號":null,"market_name":"中華路夜市","行業代號1":null,"名稱1":null,"行業代號2":null,"名稱2":null,"行業代號3":null,"名稱3":null,"category":"夜市/市場攤販","id":10058183,"pay_list":"","pay_tool":""},{"index":173,"shop":"中華路夜市-沙茶蟹管","zone":"雲嘉南","city":"臺南市","area":"新營區","market_address":"中華路(33號至81之8號、36號至90之2號)。民生路(1至37號、2號至48號)。停二停車場。","user":"李坤榮","行業代號":null,"market_name":"中華路夜市","行業代號1":null,"名稱1":null,"行業代號2":null,"名稱2":null,"行業代號3":null,"名稱3":null,"category":"夜市/市場攤販","id":10058184,"pay_list":"","pay_tool":""},{"index":174,"shop":"中華路夜市-手機配件","zone":"雲嘉南","city":"臺南市","area":"新營區","market_address":"中華路(33號至81之8號、36號至90之2號)。民生路(1至37號、2號至48號)。停二停車場。","user":"祁北祥","行業代號":null,"market_name":"中華路夜市","行業代號1":null,"名稱1":null,"行業代號2":null,"名稱2":null,"行業代號3":null,"名稱3":null,"category":"夜市/市場攤販","id":10058185,"pay_list":"","pay_tool":""},{"index":175,"shop":"中華路夜市-炸雞","zone":"雲嘉南","city":"臺南市","area":"新營區","market_address":"中華路(33號至81之8號、36號至90之2號)。民生路(1至37號、2號至48號)。停二停車場。","user":"楊 凱","行業代號":null,"market_name":"中華路夜市","行業代號1":null,"名稱1":null,"行業代號2":null,"名稱2":null,"行業代號3":null,"名稱3":null,"category":"夜市/市場攤販","id":10058186,"pay_list":"","pay_tool":""},{"index":176,"shop":"中華路夜市-生魚片","zone":"雲嘉南","city":"臺南市","area":"新營區","market_address":"中華路(33號至81之8號、36號至90之2號)。民生路(1至37號、2號至48號)。停二停車場。","user":"廖俊欽","行業代號":null,"market_name":"中華路夜市","行業代號1":null,"名稱1":null,"行業代號2":null,"名稱2":null,"行業代號3":null,"名稱3":null,"category":"夜市/市場攤販","id":10058187,"pay_list":"","pay_tool":""},{"index":177,"shop":"中華路夜市-烤蚵","zone":"雲嘉南","city":"臺南市","area":"新營區","market_address":"中華路(33號至81之8號、36號至90之2號)。民生路(1至37號、2號至48號)。停二停車場。","user":"林宗輝","行業代號":null,"market_name":"中華路夜市","行業代號1":null,"名稱1":null,"行業代號2":null,"名稱2":null,"行業代號3":null,"名稱3":null,"category":"夜市/市場攤販","id":10058188,"pay_list":"","pay_tool":""},{"index":178,"shop":"中華路夜市-花生糖","zone":"雲嘉南","city":"臺南市","area":"新營區","market_address":"中華路(33號至81之8號、36號至90之2號)。民生路(1至37號、2號至48號)。停二停車場。","user":"林宗輝","行業代號":null,"market_name":"中華路夜市","行業代號1":null,"名稱1":null,"行業代號2":null,"名稱2":null,"行業代號3":null,"名稱3":null,"category":"夜市/市場攤販","id":10058189,"pay_list":"","pay_tool":""},{"index":179,"shop":"中華路夜市-滷味","zone":"雲嘉南","city":"臺南市","area":"新營區","market_address":"中華路(33號至81之8號、36號至90之2號)。民生路(1至37號、2號至48號)。停二停車場。","user":"姜育謄","行業代號":null,"market_name":"中華路夜市","行業代號1":null,"名稱1":null,"行業代號2":null,"名稱2":null,"行業代號3":null,"名稱3":null,"category":"夜市/市場攤販","id":10058190,"pay_list":"","pay_tool":""},{"index":180,"shop":"中華路夜市-木瓜牛奶","zone":"雲嘉南","city":"臺南市","area":"新營區","market_address":"中華路(33號至81之8號、36號至90之2號)。民生路(1至37號、2號至48號)。停二停車場。","user":"王江志","行業代號":null,"market_name":"中華路夜市","行業代號1":null,"名稱1":null,"行業代號2":null,"名稱2":null,"行業代號3":null,"名稱3":null,"category":"夜市/市場攤販","id":10058192,"pay_list":"","pay_tool":""},{"index":181,"shop":"中華路夜市-泰式飯","zone":"雲嘉南","city":"臺南市","area":"新營區","market_address":"中華路(33號至81之8號、36號至90之2號)。民生路(1至37號、2號至48號)。停二停車場。","user":"邱升龍","行業代號":null,"market_name":"中華路夜市","行業代號1":null,"名稱1":null,"行業代號2":null,"名稱2":null,"行業代號3":null,"名稱3":null,"category":"夜市/市場攤販","id":10058193,"pay_list":"","pay_tool":""},{"index":182,"shop":"中華路夜市-冷飲","zone":"雲嘉南","city":"臺南市","area":"新營區","market_address":"中華路(33號至81之8號、36號至90之2號)。民生路(1至37號、2號至48號)。停二停車場。","user":"王秋東","行業代號":null,"market_name":"中華路夜市","行業代號1":null,"名稱1":null,"行業代號2":null,"名稱2":null,"行業代號3":null,"名稱3":null,"category":"夜市/市場攤販","id":10058194,"pay_list":"","pay_tool":""},{"index":183,"shop":"中華路夜市-碗盤","zone":"雲嘉南","city":"臺南市","area":"新營區","market_address":"中華路(33號至81之8號、36號至90之2號)。民生路(1至37號、2號至48號)。停二停車場。","user":"曾玄慧","行業代號":null,"market_name":"中華路夜市","行業代號1":null,"名稱1":null,"行業代號2":null,"名稱2":null,"行業代號3":null,"名稱3":null,"category":"夜市/市場攤販","id":10058195,"pay_list":"","pay_tool":""},{"index":184,"shop":"中華路夜市-手錶鐘錶","zone":"雲嘉南","city":"臺南市","area":"新營區","market_address":"中華路(33號至81之8號、36號至90之2號)。民生路(1至37號、2號至48號)。停二停車場。","user":"吳淑絹","行業代號":null,"market_name":"中華路夜市","行業代號1":null,"名稱1":null,"行業代號2":null,"名稱2":null,"行業代號3":null,"名稱3":null,"category":"夜市/市場攤販","id":10058196,"pay_list":"","pay_tool":""},{"index":185,"shop":"中華路夜市-烤年糕","zone":"雲嘉南","city":"臺南市","area":"新營區","market_address":"中華路(33號至81之8號、36號至90之2號)。民生路(1至37號、2號至48號)。停二停車場。","user":"陳慶能","行業代號":null,"market_name":"中華路夜市","行業代號1":null,"名稱1":null,"行業代號2":null,"名稱2":null,"行業代號3":null,"名稱3":null,"category":"夜市/市場攤販","id":10058197,"pay_list":"","pay_tool":""},{"index":186,"shop":"中華路夜市-炸馬鈴薯","zone":"雲嘉南","city":"臺南市","area":"新營區","market_address":"中華路(33號至81之8號、36號至90之2號)。民生路(1至37號、2號至48號)。停二停車場。","user":"陳慶能","行業代號":null,"market_name":"中華路夜市","行業代號1":null,"名稱1":null,"行業代號2":null,"名稱2":null,"行業代號3":null,"名稱3":null,"category":"夜市/市場攤販","id":10058198,"pay_list":"","pay_tool":""},{"index":187,"shop":"中華路夜市-毛巾","zone":"雲嘉南","city":"臺南市","area":"新營區","market_address":"中華路(33號至81之8號、36號至90之2號)。民生路(1至37號、2號至48號)。停二停車場。","user":"施岱妤","行業代號":null,"market_name":"中華路夜市","行業代號1":null,"名稱1":null,"行業代號2":null,"名稱2":null,"行業代號3":null,"名稱3":null,"category":"夜市/市場攤販","id":10058199,"pay_list":"","pay_tool":""},{"index":188,"shop":"中華路夜市-甘草芭樂","zone":"雲嘉南","city":"臺南市","area":"新營區","market_address":"中華路(33號至81之8號、36號至90之2號)。民生路(1至37號、2號至48號)。停二停車場。","user":"施岱妤","行業代號":null,"market_name":"中華路夜市","行業代號1":null,"名稱1":null,"行業代號2":null,"名稱2":null,"行業代號3":null,"名稱3":null,"category":"夜市/市場攤販","id":10058200,"pay_list":"","pay_tool":""},{"index":189,"shop":"中華路夜市-雨刷","zone":"雲嘉南","city":"臺南市","area":"新營區","market_address":"中華路(33號至81之8號、36號至90之2號)。民生路(1至37號、2號至48號)。停二停車場。","user":"施岱妤","行業代號":null,"market_name":"中華路夜市","行業代號1":null,"名稱1":null,"行業代號2":null,"名稱2":null,"行業代號3":null,"名稱3":null,"category":"夜市/市場攤販","id":10058201,"pay_list":"","pay_tool":""},{"index":190,"shop":"中華路夜市-童裝","zone":"雲嘉南","city":"臺南市","area":"新營區","market_address":"中華路(33號至81之8號、36號至90之2號)。民生路(1至37號、2號至48號)。停二停車場。","user":"王秋弘","行業代號":null,"market_name":"中華路夜市","行業代號1":null,"名稱1":null,"行業代號2":null,"名稱2":null,"行業代號3":null,"名稱3":null,"category":"夜市/市場攤販","id":10058203,"pay_list":"","pay_tool":""},{"index":191,"shop":"中華路夜市-冷飲","zone":"雲嘉南","city":"臺南市","area":"新營區","market_address":"中華路(33號至81之8號、36號至90之2號)。民生路(1至37號、2號至48號)。停二停車場。","user":"何政頤","行業代號":null,"market_name":"中華路夜市","行業代號1":null,"名稱1":null,"行業代號2":null,"名稱2":null,"行業代號3":null,"名稱3":null,"category":"夜市/市場攤販","id":10058204,"pay_list":"","pay_tool":""},{"index":192,"shop":"中華路夜市-銀飾","zone":"雲嘉南","city":"臺南市","area":"新營區","market_address":"中華路(33號至81之8號、36號至90之2號)。民生路(1至37號、2號至48號)。停二停車場。","user":"郭義明","行業代號":null,"market_name":"中華路夜市","行業代號1":null,"名稱1":null,"行業代號2":null,"名稱2":null,"行業代號3":null,"名稱3":null,"category":"夜市/市場攤販","id":10058205,"pay_list":"","pay_tool":""},{"index":193,"shop":"中華路夜市-嫩仙草","zone":"雲嘉南","city":"臺南市","area":"新營區","market_address":"中華路(33號至81之8號、36號至90之2號)。民生路(1至37號、2號至48號)。停二停車場。","user":"蔡?霖","行業代號":null,"market_name":"中華路夜市","行業代號1":null,"名稱1":null,"行業代號2":null,"名稱2":null,"行業代號3":null,"名稱3":null,"category":"夜市/市場攤販","id":10058206,"pay_list":"","pay_tool":""},{"index":194,"shop":"中華路夜市-滷味雞腳","zone":"雲嘉南","city":"臺南市","area":"新營區","market_address":"中華路(33號至81之8號、36號至90之2號)。民生路(1至37號、2號至48號)。停二停車場。","user":"李虔偉","行業代號":null,"market_name":"中華路夜市","行業代號1":null,"名稱1":null,"行業代號2":null,"名稱2":null,"行業代號3":null,"名稱3":null,"category":"夜市/市場攤販","id":10058207,"pay_list":"","pay_tool":""},{"index":195,"shop":"中華路夜市-生活用品","zone":"雲嘉南","city":"臺南市","area":"新營區","market_address":"中華路(33號至81之8號、36號至90之2號)。民生路(1至37號、2號至48號)。停二停車場。","user":"蔡敏玉","行業代號":null,"market_name":"中華路夜市","行業代號1":null,"名稱1":null,"行業代號2":null,"名稱2":null,"行業代號3":null,"名稱3":null,"category":"夜市/市場攤販","id":10058208,"pay_list":"","pay_tool":""},{"index":196,"shop":"中華路夜市-佛珠藝品","zone":"雲嘉南","city":"臺南市","area":"新營區","market_address":"中華路(33號至81之8號、36號至90之2號)。民生路(1至37號、2號至48號)。停二停車場。","user":"姜豐益","行業代號":null,"market_name":"中華路夜市","行業代號1":null,"名稱1":null,"行業代號2":null,"名稱2":null,"行業代號3":null,"名稱3":null,"category":"夜市/市場攤販","id":10058209,"pay_list":"","pay_tool":""},{"index":197,"shop":"中華路夜市-煙燻滷味","zone":"雲嘉南","city":"臺南市","area":"新營區","market_address":"中華路(33號至81之8號、36號至90之2號)。民生路(1至37號、2號至48號)。停二停車場。","user":"郭素梅","行業代號":null,"market_name":"中華路夜市","行業代號1":null,"名稱1":null,"行業代號2":null,"名稱2":null,"行業代號3":null,"名稱3":null,"category":"夜市/市場攤販","id":10058210,"pay_list":"","pay_tool":""},{"index":198,"shop":"中華路夜市-將太壽司","zone":"雲嘉南","city":"臺南市","area":"新營區","market_address":"中華路(33號至81之8號、36號至90之2號)。民生路(1至37號、2號至48號)。停二停車場。","user":"?武忠","行業代號":null,"market_name":"中華路夜市","行業代號1":null,"名稱1":null,"行業代號2":null,"名稱2":null,"行業代號3":null,"名稱3":null,"category":"夜市/市場攤販","id":10058211,"pay_list":"","pay_tool":""},{"index":199,"shop":"中華路夜市-臭豆腐","zone":"雲嘉南","city":"臺南市","area":"新營區","market_address":"中華路(33號至81之8號、36號至90之2號)。民生路(1至37號、2號至48號)。停二停車場。","user":"郭容憲","行業代號":null,"market_name":"中華路夜市","行業代號1":null,"名稱1":null,"行業代號2":null,"名稱2":null,"行業代號3":null,"名稱3":null,"category":"夜市/市場攤販","id":10058212,"pay_list":"","pay_tool":""},{"index":200,"shop":"中華路夜市-生機蔬果吧","zone":"雲嘉南","city":"臺南市","area":"新營區","market_address":"中華路(33號至81之8號、36號至90之2號)。民生路(1至37號、2號至48號)。停二停車場。","user":"吳瑞興","行業代號":null,"market_name":"中華路夜市","行業代號1":null,"名稱1":null,"行業代號2":null,"名稱2":null,"行業代號3":null,"名稱3":null,"category":"夜市/市場攤販","id":10058215,"pay_list":"","pay_tool":""}]