[{"index":1,"shop":"雨蓁商行","zone":"桃竹苗","city":"苗栗縣","area":"公館鄉","market_address":"苗栗縣公館鄉館南村５鄰弘南街３１號１樓","user":"吳雨蓁","行業代號":"561200","market_name":["小件家用器皿零售","調理飲料攤販","餐食攤販"],"行業代號1":"474928","名稱1":"小件家用器皿零售","行業代號2":"563200","名稱2":"調理飲料攤販","行業代號3":"","名稱3":"","category":["餐飲","夜市/市場攤販"],"id":60043045},{"index":2,"shop":"欣新冰菓店","zone":"桃竹苗","city":"苗栗縣","area":"公館鄉","market_address":"苗栗縣公館鄉館中村１５鄰宮前路８５號","user":"謝秀兒","行業代號":"563200","market_name":["調理飲料攤販"],"行業代號1":"","名稱1":"","行業代號2":"","名稱2":"","行業代號3":"","名稱3":"","category":["夜市/市場攤販"],"id":60076908}]