[{"index":1,"id":20002610,"user":"曾茂儀","shop":"曾茂儀","category":["夜市/市場攤販"],"zone":"雲嘉南","city":"嘉義縣","area":"中埔鄉","market_name":["餐食攤販"],"market_address":"嘉義縣中埔鄉隆興村１０鄰十字路８８號","pay_list":"","pay_tool":"","行業代號":null,"行業代號1":null,"名稱1":null,"行業代號2":null,"名稱2":null,"行業代號3":null,"名稱3":null},{"index":2,"id":20008811,"user":"林明圓","shop":"林明圓","category":["夜市/市場攤販"],"zone":"雲嘉南","city":"嘉義縣","area":"中埔鄉","market_name":["餐食攤販"],"market_address":"嘉義縣中埔鄉和興村１４鄰中華路８７３號騎樓","pay_list":"","pay_tool":"","行業代號":null,"行業代號1":null,"名稱1":null,"行業代號2":null,"名稱2":null,"行業代號3":null,"名稱3":null},{"index":3,"id":20013374,"user":"周嬌美","shop":"周嬌美","category":["夜市/市場攤販"],"zone":"雲嘉南","city":"嘉義縣","area":"中埔鄉","market_name":["餐食攤販"],"market_address":"嘉義縣中埔鄉和美村１８鄰中山路５段９３８號附近","pay_list":"","pay_tool":"","行業代號":null,"行業代號1":null,"名稱1":null,"行業代號2":null,"名稱2":null,"行業代號3":null,"名稱3":null},{"index":4,"id":20013430,"user":"李渼瑛","shop":"榕樹下冰品小吃","category":["夜市/市場攤販"],"zone":"雲嘉南","city":"嘉義縣","area":"中埔鄉","market_name":["餐食攤販"],"market_address":"嘉義縣中埔鄉和美村三和路１號","pay_list":"","pay_tool":"","行業代號":null,"行業代號1":null,"名稱1":null,"行業代號2":null,"名稱2":null,"行業代號3":null,"名稱3":null},{"index":5,"id":20013514,"user":"陳朝基","shop":"陳朝基","category":["夜市/市場攤販"],"zone":"雲嘉南","city":"嘉義縣","area":"中埔鄉","market_name":["餐食攤販"],"market_address":"嘉義縣中埔鄉金蘭村１１鄰頂山門１１－１３號","pay_list":"","pay_tool":"","行業代號":null,"行業代號1":null,"名稱1":null,"行業代號2":null,"名稱2":null,"行業代號3":null,"名稱3":null},{"index":6,"id":20013565,"user":"陳美鳳","shop":"陳美鳳","category":["夜市/市場攤販"],"zone":"雲嘉南","city":"嘉義縣","area":"中埔鄉","market_name":["餐食攤販"],"market_address":"嘉義縣中埔鄉中埔村８２－３８之１中埔便利商店對面","pay_list":"","pay_tool":"","行業代號":null,"行業代號1":null,"名稱1":null,"行業代號2":null,"名稱2":null,"行業代號3":null,"名稱3":null},{"index":7,"id":20021943,"user":"陳美智","shop":"陳美智","category":["夜市/市場攤販"],"zone":"雲嘉南","city":"嘉義縣","area":"中埔鄉","market_name":["餐食攤販"],"market_address":"嘉義縣中埔鄉中埔村１０鄰中埔７１－３５號","pay_list":"","pay_tool":"","行業代號":null,"行業代號1":null,"名稱1":null,"行業代號2":null,"名稱2":null,"行業代號3":null,"名稱3":null},{"index":8,"id":60033375,"user":"李宗玉","shop":"李媽媽牛肉麵","category":["夜市/市場攤販"],"zone":"雲嘉南","city":"嘉義縣","area":"中埔鄉","market_name":["餐食攤販"],"market_address":"嘉義縣中埔鄉和睦村２鄰中山路五段４１１號","pay_list":null,"pay_tool":null,"行業代號":"561200","行業代號1":"","名稱1":"","行業代號2":"","名稱2":"","行業代號3":"","名稱3":""},{"index":9,"id":60080040,"user":"楊松濤","shop":"大陸飲食店","category":["餐飲","夜市/市場攤販"],"zone":"雲嘉南","city":"嘉義縣","area":"中埔鄉","market_name":["麵店、小吃店","餐食攤販"],"market_address":"嘉義縣中埔鄉社口村２１鄰檨仔林４５―２號","pay_list":null,"pay_tool":null,"行業代號":"561200","行業代號1":"561113","名稱1":"麵店、小吃店","行業代號2":"","名稱2":"","行業代號3":"","名稱3":""}]