[{"index":1,"id":10062441,"user":"陳謝秋?","shop":"第一公有零售市場-聯盛雞鴨鵝","category":"夜市/市場攤販","zone":"桃竹苗","city":"桃園市","area":"新屋區","market_name":"第一公有零售市場","market_address":"桃園市新屋區中山路370號","pay_list":"","pay_tool":"","行業代號":null,"行業代號1":null,"名稱1":null,"行業代號2":null,"名稱2":null,"行業代號3":null,"名稱3":null},{"index":2,"id":10062442,"user":"彭德郎","shop":"第一公有零售市場-吉利豬肉店","category":"夜市/市場攤販","zone":"桃竹苗","city":"桃園市","area":"新屋區","market_name":"第一公有零售市場","market_address":"桃園市新屋區中山路370號","pay_list":"","pay_tool":"","行業代號":null,"行業代號1":null,"名稱1":null,"行業代號2":null,"名稱2":null,"行業代號3":null,"名稱3":null},{"index":3,"id":10062443,"user":"李幸晏","shop":"第一公有零售市場-李太太滷味","category":"夜市/市場攤販","zone":"桃竹苗","city":"桃園市","area":"新屋區","market_name":"第一公有零售市場","market_address":"桃園市新屋區中山路370號","pay_list":"","pay_tool":"","行業代號":null,"行業代號1":null,"名稱1":null,"行業代號2":null,"名稱2":null,"行業代號3":null,"名稱3":null},{"index":4,"id":10062444,"user":"姜志芳","shop":"第一公有零售市場-榮和豬肉店","category":"夜市/市場攤販","zone":"桃竹苗","city":"桃園市","area":"新屋區","market_name":"第一公有零售市場","market_address":"桃園市新屋區中山路370號","pay_list":"","pay_tool":"","行業代號":null,"行業代號1":null,"名稱1":null,"行業代號2":null,"名稱2":null,"行業代號3":null,"名稱3":null},{"index":5,"id":10062445,"user":"范姜寶美","shop":"第一公有零售市場-晶晶髮飾","category":"夜市/市場攤販","zone":"桃竹苗","city":"桃園市","area":"新屋區","market_name":"第一公有零售市場","market_address":"桃園市新屋區中山路370號","pay_list":"","pay_tool":"","行業代號":null,"行業代號1":null,"名稱1":null,"行業代號2":null,"名稱2":null,"行業代號3":null,"名稱3":null},{"index":6,"id":10062446,"user":"徐永彬","shop":"第一公有零售市場-徐媽媽傳統美食","category":"夜市/市場攤販","zone":"桃竹苗","city":"桃園市","area":"新屋區","market_name":"第一公有零售市場","market_address":"桃園市新屋區中山路370號","pay_list":"","pay_tool":"","行業代號":null,"行業代號1":null,"名稱1":null,"行業代號2":null,"名稱2":null,"行業代號3":null,"名稱3":null},{"index":7,"id":10062447,"user":"葉爾政","shop":"第一公有零售市場-合(葉)興豬肉鋪","category":"夜市/市場攤販","zone":"桃竹苗","city":"桃園市","area":"新屋區","market_name":"第一公有零售市場","market_address":"桃園市新屋區中山路370號","pay_list":"","pay_tool":"","行業代號":null,"行業代號1":null,"名稱1":null,"行業代號2":null,"名稱2":null,"行業代號3":null,"名稱3":null},{"index":8,"id":10062449,"user":"謝浩發","shop":"第一公有零售市場-協發食品行","category":"夜市/市場攤販","zone":"桃竹苗","city":"桃園市","area":"新屋區","market_name":"第一公有零售市場","market_address":"桃園市新屋區中山路370號","pay_list":"","pay_tool":"","行業代號":null,"行業代號1":null,"名稱1":null,"行業代號2":null,"名稱2":null,"行業代號3":null,"名稱3":null},{"index":9,"id":10062450,"user":"伍文玳","shop":"第一公有零售市場-李媽媽水餃皮餛飩皮專賣店","category":"夜市/市場攤販","zone":"桃竹苗","city":"桃園市","area":"新屋區","market_name":"第一公有零售市場","market_address":"桃園市新屋區中山路370號","pay_list":"","pay_tool":"","行業代號":null,"行業代號1":null,"名稱1":null,"行業代號2":null,"名稱2":null,"行業代號3":null,"名稱3":null},{"index":10,"id":10062451,"user":"范姜朱桂蘭","shop":"第一公有零售市場-倉庫","category":"夜市/市場攤販","zone":"桃竹苗","city":"桃園市","area":"新屋區","market_name":"第一公有零售市場","market_address":"桃園市新屋區中山路370號","pay_list":"","pay_tool":"","行業代號":null,"行業代號1":null,"名稱1":null,"行業代號2":null,"名稱2":null,"行業代號3":null,"名稱3":null},{"index":11,"id":10062453,"user":"羅文煌","shop":"第一公有零售市場-(羅)永興食品行","category":"夜市/市場攤販","zone":"桃竹苗","city":"桃園市","area":"新屋區","market_name":"第一公有零售市場","market_address":"桃園市新屋區中山路370號","pay_list":"","pay_tool":"","行業代號":null,"行業代號1":null,"名稱1":null,"行業代號2":null,"名稱2":null,"行業代號3":null,"名稱3":null},{"index":12,"id":10062454,"user":"黎連枝葉","shop":"第一公有零售市場-聯合國雜貨店","category":"夜市/市場攤販","zone":"桃竹苗","city":"桃園市","area":"新屋區","market_name":"第一公有零售市場","market_address":"桃園市新屋區中山路370號","pay_list":"","pay_tool":"","行業代號":null,"行業代號1":null,"名稱1":null,"行業代號2":null,"名稱2":null,"行業代號3":null,"名稱3":null},{"index":13,"id":10062455,"user":"范姜潘靜妹","shop":"第一公有零售市場-(無店名)","category":"夜市/市場攤販","zone":"桃竹苗","city":"桃園市","area":"新屋區","market_name":"第一公有零售市場","market_address":"桃園市新屋區中山路370號","pay_list":"","pay_tool":"","行業代號":null,"行業代號1":null,"名稱1":null,"行業代號2":null,"名稱2":null,"行業代號3":null,"名稱3":null},{"index":14,"id":10062456,"user":"陳姵華","shop":"第一公有零售市場-黑豬肉專賣店","category":"夜市/市場攤販","zone":"桃竹苗","city":"桃園市","area":"新屋區","market_name":"第一公有零售市場","market_address":"桃園市新屋區中山路370號","pay_list":"","pay_tool":"","行業代號":null,"行業代號1":null,"名稱1":null,"行業代號2":null,"名稱2":null,"行業代號3":null,"名稱3":null},{"index":15,"id":10062457,"user":"蘇金水","shop":"第一公有零售市場-金合豬肉店","category":"夜市/市場攤販","zone":"桃竹苗","city":"桃園市","area":"新屋區","market_name":"第一公有零售市場","market_address":"桃園市新屋區中山路370號","pay_list":"","pay_tool":"","行業代號":null,"行業代號1":null,"名稱1":null,"行業代號2":null,"名稱2":null,"行業代號3":null,"名稱3":null},{"index":16,"id":10062458,"user":"蘇彭和妹","shop":"第一公有零售市場-金合豬肉店","category":"夜市/市場攤販","zone":"桃竹苗","city":"桃園市","area":"新屋區","market_name":"第一公有零售市場","market_address":"桃園市新屋區中山路370號","pay_list":"","pay_tool":"","行業代號":null,"行業代號1":null,"名稱1":null,"行業代號2":null,"名稱2":null,"行業代號3":null,"名稱3":null},{"index":17,"id":10062459,"user":"薛鋕鈴","shop":"第一公有零售市場-梅林服飾店","category":"夜市/市場攤販","zone":"桃竹苗","city":"桃園市","area":"新屋區","market_name":"第一公有零售市場","market_address":"桃園市新屋區中山路370號","pay_list":"","pay_tool":"","行業代號":null,"行業代號1":null,"名稱1":null,"行業代號2":null,"名稱2":null,"行業代號3":null,"名稱3":null},{"index":18,"id":10062460,"user":"江圓","shop":"第一公有零售市場-菇菇店","category":"夜市/市場攤販","zone":"桃竹苗","city":"桃園市","area":"新屋區","market_name":"第一公有零售市場","market_address":"桃園市新屋區中山路370號","pay_list":"","pay_tool":"","行業代號":null,"行業代號1":null,"名稱1":null,"行業代號2":null,"名稱2":null,"行業代號3":null,"名稱3":null},{"index":19,"id":10062461,"user":"姜義輝","shop":"第一公有零售市場-放山雞、珍珠雞","category":"夜市/市場攤販","zone":"桃竹苗","city":"桃園市","area":"新屋區","market_name":"第一公有零售市場","market_address":"桃園市新屋區中山路370號","pay_list":"","pay_tool":"","行業代號":null,"行業代號1":null,"名稱1":null,"行業代號2":null,"名稱2":null,"行業代號3":null,"名稱3":null},{"index":20,"id":10062462,"user":"蘇金和","shop":"第一公有零售市場-各類小菜","category":"夜市/市場攤販","zone":"桃竹苗","city":"桃園市","area":"新屋區","market_name":"第一公有零售市場","market_address":"桃園市新屋區中山路370號","pay_list":"","pay_tool":"","行業代號":null,"行業代號1":null,"名稱1":null,"行業代號2":null,"名稱2":null,"行業代號3":null,"名稱3":null},{"index":21,"id":10062464,"user":"黃許明珠","shop":"第一公有零售市場-老黃魚鋪","category":"夜市/市場攤販","zone":"桃竹苗","city":"桃園市","area":"新屋區","market_name":"第一公有零售市場","market_address":"桃園市新屋區中山路370號","pay_list":"","pay_tool":"","行業代號":null,"行業代號1":null,"名稱1":null,"行業代號2":null,"名稱2":null,"行業代號3":null,"名稱3":null},{"index":22,"id":10062465,"user":"姜葉燕","shop":"第一公有零售市場-越南店","category":"夜市/市場攤販","zone":"桃竹苗","city":"桃園市","area":"新屋區","market_name":"第一公有零售市場","market_address":"桃園市新屋區中山路370號","pay_list":"","pay_tool":"","行業代號":null,"行業代號1":null,"名稱1":null,"行業代號2":null,"名稱2":null,"行業代號3":null,"名稱3":null},{"index":23,"id":10062466,"user":"陳碧桃","shop":"第一公有零售市場-聯盛豬肉行","category":"夜市/市場攤販","zone":"桃竹苗","city":"桃園市","area":"新屋區","market_name":"第一公有零售市場","market_address":"桃園市新屋區中山路370號","pay_list":"","pay_tool":"","行業代號":null,"行業代號1":null,"名稱1":null,"行業代號2":null,"名稱2":null,"行業代號3":null,"名稱3":null},{"index":24,"id":10062467,"user":"林艷萍","shop":"第一公有零售市場-台東放山雞","category":"夜市/市場攤販","zone":"桃竹苗","city":"桃園市","area":"新屋區","market_name":"第一公有零售市場","market_address":"桃園市新屋區中山路370號","pay_list":"","pay_tool":"","行業代號":null,"行業代號1":null,"名稱1":null,"行業代號2":null,"名稱2":null,"行業代號3":null,"名稱3":null},{"index":25,"id":10062468,"user":"林謝桂英","shop":"第一公有零售市場-悅進雜貨店","category":"夜市/市場攤販","zone":"桃竹苗","city":"桃園市","area":"新屋區","market_name":"第一公有零售市場","market_address":"桃園市新屋區中山路370號","pay_list":"","pay_tool":"","行業代號":null,"行業代號1":null,"名稱1":null,"行業代號2":null,"名稱2":null,"行業代號3":null,"名稱3":null},{"index":26,"id":10062469,"user":"彭成強","shop":"第一公有零售市場-盛發店","category":"夜市/市場攤販","zone":"桃竹苗","city":"桃園市","area":"新屋區","market_name":"第一公有零售市場","market_address":"桃園市新屋區中山路370號","pay_list":"","pay_tool":"","行業代號":null,"行業代號1":null,"名稱1":null,"行業代號2":null,"名稱2":null,"行業代號3":null,"名稱3":null},{"index":27,"id":10062470,"user":"彭武禎","shop":"第一公有零售市場-阿義鵝肉店","category":"夜市/市場攤販","zone":"桃竹苗","city":"桃園市","area":"新屋區","market_name":"第一公有零售市場","market_address":"桃園市新屋區中山路370號","pay_list":"","pay_tool":"","行業代號":null,"行業代號1":null,"名稱1":null,"行業代號2":null,"名稱2":null,"行業代號3":null,"名稱3":null},{"index":28,"id":10062471,"user":"蘇振聲","shop":"第一公有零售市場-阿烽漁貨(水產)","category":"夜市/市場攤販","zone":"桃竹苗","city":"桃園市","area":"新屋區","market_name":"第一公有零售市場","market_address":"桃園市新屋區中山路370號","pay_list":"","pay_tool":"","行業代號":null,"行業代號1":null,"名稱1":null,"行業代號2":null,"名稱2":null,"行業代號3":null,"名稱3":null},{"index":29,"id":10062472,"user":"羅世利","shop":"第一公有零售市場-越南店","category":"夜市/市場攤販","zone":"桃竹苗","city":"桃園市","area":"新屋區","market_name":"第一公有零售市場","market_address":"桃園市新屋區中山路370號","pay_list":"","pay_tool":"","行業代號":null,"行業代號1":null,"名稱1":null,"行業代號2":null,"名稱2":null,"行業代號3":null,"名稱3":null},{"index":30,"id":10062473,"user":"蘇振輝","shop":"第一公有零售市場-阿塘豬肉攤(倉庫)","category":"夜市/市場攤販","zone":"桃竹苗","city":"桃園市","area":"新屋區","market_name":"第一公有零售市場","market_address":"桃園市新屋區中山路370號","pay_list":"","pay_tool":"","行業代號":null,"行業代號1":null,"名稱1":null,"行業代號2":null,"名稱2":null,"行業代號3":null,"名稱3":null},{"index":31,"id":10062475,"user":"羅世守","shop":"第一公有零售市場-廣東上品燒鴨","category":"夜市/市場攤販","zone":"桃竹苗","city":"桃園市","area":"新屋區","market_name":"第一公有零售市場","market_address":"桃園市新屋區中山路370號","pay_list":"","pay_tool":"","行業代號":null,"行業代號1":null,"名稱1":null,"行業代號2":null,"名稱2":null,"行業代號3":null,"名稱3":null},{"index":32,"id":10062476,"user":"姜宗銘","shop":"第一公有零售市場-堡弟鄉下豬","category":"夜市/市場攤販","zone":"桃竹苗","city":"桃園市","area":"新屋區","market_name":"第一公有零售市場","market_address":"桃園市新屋區中山路370號","pay_list":"","pay_tool":"","行業代號":null,"行業代號1":null,"名稱1":null,"行業代號2":null,"名稱2":null,"行業代號3":null,"名稱3":null},{"index":33,"id":10062477,"user":"羅盛耀","shop":"第一公有零售市場-服飾店","category":"夜市/市場攤販","zone":"桃竹苗","city":"桃園市","area":"新屋區","market_name":"第一公有零售市場","market_address":"桃園市新屋區中山路370號","pay_list":"","pay_tool":"","行業代號":null,"行業代號1":null,"名稱1":null,"行業代號2":null,"名稱2":null,"行業代號3":null,"名稱3":null},{"index":34,"id":10062478,"user":"黎寶珠","shop":"第一公有零售市場-聯合國雜貨店","category":"夜市/市場攤販","zone":"桃竹苗","city":"桃園市","area":"新屋區","market_name":"第一公有零售市場","market_address":"桃園市新屋區中山路370號","pay_list":"","pay_tool":"","行業代號":null,"行業代號1":null,"名稱1":null,"行業代號2":null,"名稱2":null,"行業代號3":null,"名稱3":null},{"index":35,"id":10062479,"user":"黎秀雲","shop":"第一公有零售市場-倉庫","category":"夜市/市場攤販","zone":"桃竹苗","city":"桃園市","area":"新屋區","market_name":"第一公有零售市場","market_address":"桃園市新屋區中山路370號","pay_list":"","pay_tool":"","行業代號":null,"行業代號1":null,"名稱1":null,"行業代號2":null,"名稱2":null,"行業代號3":null,"名稱3":null},{"index":36,"id":10062480,"user":"詹德合","shop":"第一公有零售市場-德和百貨","category":"夜市/市場攤販","zone":"桃竹苗","city":"桃園市","area":"新屋區","market_name":"第一公有零售市場","market_address":"桃園市新屋區中山路370號","pay_list":"","pay_tool":"","行業代號":null,"行業代號1":null,"名稱1":null,"行業代號2":null,"名稱2":null,"行業代號3":null,"名稱3":null},{"index":37,"id":10062481,"user":"傅天霖","shop":"第一公有零售市場-五峰放山雞","category":"夜市/市場攤販","zone":"桃竹苗","city":"桃園市","area":"新屋區","market_name":"第一公有零售市場","market_address":"桃園市新屋區中山路370號","pay_list":"","pay_tool":"","行業代號":null,"行業代號1":null,"名稱1":null,"行業代號2":null,"名稱2":null,"行業代號3":null,"名稱3":null},{"index":38,"id":10062482,"user":"張阿榮","shop":"第一公有零售市場-之服飾店","category":"夜市/市場攤販","zone":"桃竹苗","city":"桃園市","area":"新屋區","market_name":"第一公有零售市場","market_address":"桃園市新屋區中山路370號","pay_list":"","pay_tool":"","行業代號":null,"行業代號1":null,"名稱1":null,"行業代號2":null,"名稱2":null,"行業代號3":null,"名稱3":null},{"index":39,"id":10062483,"user":"黃彰考","shop":"第一公有零售市場-黃家雞肉(雜貨)","category":"夜市/市場攤販","zone":"桃竹苗","city":"桃園市","area":"新屋區","market_name":"第一公有零售市場","market_address":"桃園市新屋區中山路370號","pay_list":"","pay_tool":"","行業代號":null,"行業代號1":null,"名稱1":null,"行業代號2":null,"名稱2":null,"行業代號3":null,"名稱3":null},{"index":40,"id":10062484,"user":"詹益壽","shop":"第一公有零售市場-菇菇店(倉庫)","category":"夜市/市場攤販","zone":"桃竹苗","city":"桃園市","area":"新屋區","market_name":"第一公有零售市場","market_address":"桃園市新屋區中山路370號","pay_list":"","pay_tool":"","行業代號":null,"行業代號1":null,"名稱1":null,"行業代號2":null,"名稱2":null,"行業代號3":null,"名稱3":null},{"index":41,"id":10062486,"user":"馮乾隆","shop":"第一公有零售市場-玉輝牛羊肉專賣","category":"夜市/市場攤販","zone":"桃竹苗","city":"桃園市","area":"新屋區","market_name":"第一公有零售市場","market_address":"桃園市新屋區中山路370號","pay_list":"","pay_tool":"","行業代號":null,"行業代號1":null,"名稱1":null,"行業代號2":null,"名稱2":null,"行業代號3":null,"名稱3":null},{"index":42,"id":10062487,"user":"蘇振國","shop":"第一公有零售市場-無店名","category":"夜市/市場攤販","zone":"桃竹苗","city":"桃園市","area":"新屋區","market_name":"第一公有零售市場","market_address":"桃園市新屋區中山路370號","pay_list":"","pay_tool":"","行業代號":null,"行業代號1":null,"名稱1":null,"行業代號2":null,"名稱2":null,"行業代號3":null,"名稱3":null},{"index":43,"id":10062488,"user":"江德國","shop":"第一公有零售市場-郁竹香素食","category":"夜市/市場攤販","zone":"桃竹苗","city":"桃園市","area":"新屋區","market_name":"第一公有零售市場","market_address":"桃園市新屋區中山路370號","pay_list":"","pay_tool":"","行業代號":null,"行業代號1":null,"名稱1":null,"行業代號2":null,"名稱2":null,"行業代號3":null,"名稱3":null},{"index":44,"id":10062489,"user":"莊育貴","shop":"第一公有零售市場-佳宏生鮮蔬菜行","category":"夜市/市場攤販","zone":"桃竹苗","city":"桃園市","area":"新屋區","market_name":"第一公有零售市場","market_address":"桃園市新屋區中山路370號","pay_list":"","pay_tool":"","行業代號":null,"行業代號1":null,"名稱1":null,"行業代號2":null,"名稱2":null,"行業代號3":null,"名稱3":null},{"index":45,"id":10062490,"user":"范姜復省","shop":"第一公有零售市場-阿婆青菜","category":"夜市/市場攤販","zone":"桃竹苗","city":"桃園市","area":"新屋區","market_name":"第一公有零售市場","market_address":"桃園市新屋區中山路370號","pay_list":"","pay_tool":"","行業代號":null,"行業代號1":null,"名稱1":null,"行業代號2":null,"名稱2":null,"行業代號3":null,"名稱3":null},{"index":46,"id":10062491,"user":"黃美媛","shop":"第一公有零售市場-阿婆青菜","category":"夜市/市場攤販","zone":"桃竹苗","city":"桃園市","area":"新屋區","market_name":"第一公有零售市場","market_address":"桃園市新屋區中山路370號","pay_list":"","pay_tool":"","行業代號":null,"行業代號1":null,"名稱1":null,"行業代號2":null,"名稱2":null,"行業代號3":null,"名稱3":null},{"index":47,"id":10062492,"user":"張增堂","shop":"第一公有零售市場-新屋土鵝莊","category":"夜市/市場攤販","zone":"桃竹苗","city":"桃園市","area":"新屋區","market_name":"第一公有零售市場","market_address":"桃園市新屋區中山路370號","pay_list":"","pay_tool":"","行業代號":null,"行業代號1":null,"名稱1":null,"行業代號2":null,"名稱2":null,"行業代號3":null,"名稱3":null},{"index":48,"id":10062493,"user":"徐右立","shop":"第一公有零售市場-新隆肉商","category":"夜市/市場攤販","zone":"桃竹苗","city":"桃園市","area":"新屋區","market_name":"第一公有零售市場","market_address":"桃園市新屋區中山路370號","pay_list":"","pay_tool":"","行業代號":null,"行業代號1":null,"名稱1":null,"行業代號2":null,"名稱2":null,"行業代號3":null,"名稱3":null},{"index":49,"id":10062494,"user":"徐右仁","shop":"第一公有零售市場-新隆肉商","category":"夜市/市場攤販","zone":"桃竹苗","city":"桃園市","area":"新屋區","market_name":"第一公有零售市場","market_address":"桃園市新屋區中山路370號","pay_list":"","pay_tool":"","行業代號":null,"行業代號1":null,"名稱1":null,"行業代號2":null,"名稱2":null,"行業代號3":null,"名稱3":null},{"index":50,"id":20010028,"user":"黃雯玲","shop":"黃媽媽葱油餅","category":["夜市/市場攤販"],"zone":"桃竹苗","city":"桃園市","area":"新屋區","market_name":["餐食攤販"],"market_address":"桃園市新屋區新生里中山路３２２號門前","pay_list":"","pay_tool":"","行業代號":null,"行業代號1":null,"名稱1":null,"行業代號2":null,"名稱2":null,"行業代號3":null,"名稱3":null},{"index":51,"id":20024952,"user":"陳武晶","shop":"超大雞排","category":["夜市/市場攤販"],"zone":"桃竹苗","city":"桃園市","area":"新屋區","market_name":["餐食攤販"],"market_address":"桃園市新屋區清華里１８鄰中華路７９９號","pay_list":"","pay_tool":"","行業代號":null,"行業代號1":null,"名稱1":null,"行業代號2":null,"名稱2":null,"行業代號3":null,"名稱3":null},{"index":52,"id":20029956,"user":"吳信華","shop":"唐牛紅豆餅","category":["夜市/市場攤販"],"zone":"桃竹苗","city":"桃園市","area":"新屋區","market_name":["餐食攤販"],"market_address":"桃園市新屋區深圳里６鄰３４之２號旁","pay_list":"","pay_tool":"","行業代號":null,"行業代號1":null,"名稱1":null,"行業代號2":null,"名稱2":null,"行業代號3":null,"名稱3":null},{"index":53,"id":20048086,"user":"劉凡溱","shop":"万丹紅豆餅","category":["夜市/市場攤販"],"zone":"桃竹苗","city":"桃園市","area":"新屋區","market_name":["餐食攤販"],"market_address":"桃園市新屋區新生里中山路３２１號旁","pay_list":"","pay_tool":"","行業代號":null,"行業代號1":null,"名稱1":null,"行業代號2":null,"名稱2":null,"行業代號3":null,"名稱3":null},{"index":54,"id":20048358,"user":"戴盡妹","shop":"新屋湯圓、便當、麵","category":["夜市/市場攤販"],"zone":"桃竹苗","city":"桃園市","area":"新屋區","market_name":["餐食攤販"],"market_address":"桃園市新屋區新屋里７鄰中華路２７１號","pay_list":"","pay_tool":"","行業代號":null,"行業代號1":null,"名稱1":null,"行業代號2":null,"名稱2":null,"行業代號3":null,"名稱3":null},{"index":55,"id":20048463,"user":"黃雯玲","shop":"黃媽媽水煎包","category":["夜市/市場攤販"],"zone":"桃竹苗","city":"桃園市","area":"新屋區","market_name":["餐食攤販"],"market_address":"桃園市新屋區新屋里福德街９３號","pay_list":"","pay_tool":"","行業代號":null,"行業代號1":null,"名稱1":null,"行業代號2":null,"名稱2":null,"行業代號3":null,"名稱3":null},{"index":56,"id":20055788,"user":"彭諺羣","shop":"好朋友刈包","category":["夜市/市場攤販"],"zone":"桃竹苗","city":"桃園市","area":"新屋區","market_name":["餐食攤販"],"market_address":"桃園市新屋區新生里中山路３３８號（騎樓）","pay_list":"","pay_tool":"","行業代號":null,"行業代號1":null,"名稱1":null,"行業代號2":null,"名稱2":null,"行業代號3":null,"名稱3":null},{"index":57,"id":60118568,"user":"呂兆峰","shop":"阿哈商行","category":["夜市/市場攤販"],"zone":"桃竹苗","city":"桃園市","area":"新屋區","market_name":["餐食攤販"],"market_address":"桃園市新屋區新生里信義街１０６號（１樓）","pay_list":null,"pay_tool":null,"行業代號":"561200","行業代號1":"","名稱1":"","行業代號2":"","名稱2":"","行業代號3":"","名稱3":""}]