[{"index":1,"id":10021636,"user":"李素珠","shop":"兒十二鐵架市場-蔬果","category":"夜市/市場攤販","zone":"中彰投","city":"南投縣","area":"埔里鎮","market_name":"兒十二鐵架市場","market_address":"南投縣埔里鎮東華路53號","pay_list":"","pay_tool":"","行業代號":null,"行業代號1":null,"名稱1":null,"行業代號2":null,"名稱2":null,"行業代號3":null,"名稱3":null},{"index":2,"id":10021647,"user":"黃佳雯","shop":"兒十二鐵架市場-蔬菜","category":"夜市/市場攤販","zone":"中彰投","city":"南投縣","area":"埔里鎮","market_name":"兒十二鐵架市場","market_address":"南投縣埔里鎮東華路53號","pay_list":"","pay_tool":"","行業代號":null,"行業代號1":null,"名稱1":null,"行業代號2":null,"名稱2":null,"行業代號3":null,"名稱3":null},{"index":3,"id":10021658,"user":"陳勝彥","shop":"兒十二鐵架市場-蔬菜","category":"夜市/市場攤販","zone":"中彰投","city":"南投縣","area":"埔里鎮","market_name":"兒十二鐵架市場","market_address":"南投縣埔里鎮東華路53號","pay_list":"","pay_tool":"","行業代號":null,"行業代號1":null,"名稱1":null,"行業代號2":null,"名稱2":null,"行業代號3":null,"名稱3":null},{"index":4,"id":10021669,"user":"陳素盆","shop":"兒十二鐵架市場-小吃","category":"夜市/市場攤販","zone":"中彰投","city":"南投縣","area":"埔里鎮","market_name":"兒十二鐵架市場","market_address":"南投縣埔里鎮東華路53號","pay_list":"","pay_tool":"","行業代號":null,"行業代號1":null,"名稱1":null,"行業代號2":null,"名稱2":null,"行業代號3":null,"名稱3":null},{"index":5,"id":10021680,"user":"廖貴美","shop":"兒十二鐵架市場-小吃","category":"夜市/市場攤販","zone":"中彰投","city":"南投縣","area":"埔里鎮","market_name":"兒十二鐵架市場","market_address":"南投縣埔里鎮東華路53號","pay_list":"","pay_tool":"","行業代號":null,"行業代號1":null,"名稱1":null,"行業代號2":null,"名稱2":null,"行業代號3":null,"名稱3":null},{"index":6,"id":10021691,"user":"羅明厚","shop":"兒十二鐵架市場-小吃","category":"夜市/市場攤販","zone":"中彰投","city":"南投縣","area":"埔里鎮","market_name":"兒十二鐵架市場","market_address":"南投縣埔里鎮東華路53號","pay_list":"","pay_tool":"","行業代號":null,"行業代號1":null,"名稱1":null,"行業代號2":null,"名稱2":null,"行業代號3":null,"名稱3":null},{"index":7,"id":10021702,"user":"黃麗貞","shop":"兒十二鐵架市場-蔬菜","category":"夜市/市場攤販","zone":"中彰投","city":"南投縣","area":"埔里鎮","market_name":"兒十二鐵架市場","market_address":"南投縣埔里鎮東華路53號","pay_list":"","pay_tool":"","行業代號":null,"行業代號1":null,"名稱1":null,"行業代號2":null,"名稱2":null,"行業代號3":null,"名稱3":null},{"index":8,"id":10021714,"user":"黃芷婕","shop":"兒十二鐵架市場-蔬菜","category":"夜市/市場攤販","zone":"中彰投","city":"南投縣","area":"埔里鎮","market_name":"兒十二鐵架市場","market_address":"南投縣埔里鎮東華路53號","pay_list":"","pay_tool":"","行業代號":null,"行業代號1":null,"名稱1":null,"行業代號2":null,"名稱2":null,"行業代號3":null,"名稱3":null},{"index":9,"id":10021725,"user":"黃李美榮","shop":"兒十二鐵架市場-粿","category":"夜市/市場攤販","zone":"中彰投","city":"南投縣","area":"埔里鎮","market_name":"兒十二鐵架市場","market_address":"南投縣埔里鎮東華路53號","pay_list":"","pay_tool":"","行業代號":null,"行業代號1":null,"名稱1":null,"行業代號2":null,"名稱2":null,"行業代號3":null,"名稱3":null},{"index":10,"id":10021736,"user":"魏貴淑","shop":"兒十二鐵架市場-蔬菜","category":"夜市/市場攤販","zone":"中彰投","city":"南投縣","area":"埔里鎮","market_name":"兒十二鐵架市場","market_address":"南投縣埔里鎮東華路53號","pay_list":"","pay_tool":"","行業代號":null,"行業代號1":null,"名稱1":null,"行業代號2":null,"名稱2":null,"行業代號3":null,"名稱3":null},{"index":11,"id":10021747,"user":"王炳炎","shop":"南門三市攤販集中區-雜貨","category":"夜市/市場攤販","zone":"中彰投","city":"南投縣","area":"埔里鎮","market_name":"南門三市攤販集中區","market_address":"南投縣埔里鎮東華路47號至53號之間","pay_list":"","pay_tool":"","行業代號":null,"行業代號1":null,"名稱1":null,"行業代號2":null,"名稱2":null,"行業代號3":null,"名稱3":null},{"index":12,"id":10021758,"user":"傅舟伶","shop":"南門三市攤販集中區-滷味","category":"夜市/市場攤販","zone":"中彰投","city":"南投縣","area":"埔里鎮","market_name":"南門三市攤販集中區","market_address":"南投縣埔里鎮東華路47號至53號之間","pay_list":"","pay_tool":"","行業代號":null,"行業代號1":null,"名稱1":null,"行業代號2":null,"名稱2":null,"行業代號3":null,"名稱3":null},{"index":13,"id":10021769,"user":"藍月姿","shop":"南門三市攤販集中區-服飾","category":"夜市/市場攤販","zone":"中彰投","city":"南投縣","area":"埔里鎮","market_name":"南門三市攤販集中區","market_address":"南投縣埔里鎮東華路47號至53號之間","pay_list":"","pay_tool":"","行業代號":null,"行業代號1":null,"名稱1":null,"行業代號2":null,"名稱2":null,"行業代號3":null,"名稱3":null},{"index":14,"id":10021780,"user":"歐王貴?","shop":"南門三市攤販集中區-滷味","category":"夜市/市場攤販","zone":"中彰投","city":"南投縣","area":"埔里鎮","market_name":"南門三市攤販集中區","market_address":"南投縣埔里鎮東華路47號至53號之間","pay_list":"","pay_tool":"","行業代號":null,"行業代號1":null,"名稱1":null,"行業代號2":null,"名稱2":null,"行業代號3":null,"名稱3":null},{"index":15,"id":10021791,"user":"姚粒","shop":"南門三市攤販集中區-服飾","category":"夜市/市場攤販","zone":"中彰投","city":"南投縣","area":"埔里鎮","market_name":"南門三市攤販集中區","market_address":"南投縣埔里鎮東華路47號至53號之間","pay_list":"","pay_tool":"","行業代號":null,"行業代號1":null,"名稱1":null,"行業代號2":null,"名稱2":null,"行業代號3":null,"名稱3":null},{"index":16,"id":10021802,"user":"紀江坤","shop":"南門三市攤販集中區-滷味","category":"夜市/市場攤販","zone":"中彰投","city":"南投縣","area":"埔里鎮","market_name":"南門三市攤販集中區","market_address":"南投縣埔里鎮東華路47號至53號之間","pay_list":"","pay_tool":"","行業代號":null,"行業代號1":null,"名稱1":null,"行業代號2":null,"名稱2":null,"行業代號3":null,"名稱3":null},{"index":17,"id":10021813,"user":"楊靜茹","shop":"南門三市攤販集中區-服飾","category":"夜市/市場攤販","zone":"中彰投","city":"南投縣","area":"埔里鎮","market_name":"南門三市攤販集中區","market_address":"南投縣埔里鎮東華路47號至53號之間","pay_list":"","pay_tool":"","行業代號":null,"行業代號1":null,"名稱1":null,"行業代號2":null,"名稱2":null,"行業代號3":null,"名稱3":null},{"index":18,"id":10021825,"user":"洪素珠","shop":"南門三市攤販集中區-雜貨","category":"夜市/市場攤販","zone":"中彰投","city":"南投縣","area":"埔里鎮","market_name":"南門三市攤販集中區","market_address":"南投縣埔里鎮東華路47號至53號之間","pay_list":"","pay_tool":"","行業代號":null,"行業代號1":null,"名稱1":null,"行業代號2":null,"名稱2":null,"行業代號3":null,"名稱3":null},{"index":19,"id":10021836,"user":"何桂榕","shop":"南門三市攤販集中區-百貨","category":"夜市/市場攤販","zone":"中彰投","city":"南投縣","area":"埔里鎮","market_name":"南門三市攤販集中區","market_address":"南投縣埔里鎮東華路47號至53號之間","pay_list":"","pay_tool":"","行業代號":null,"行業代號1":null,"名稱1":null,"行業代號2":null,"名稱2":null,"行業代號3":null,"名稱3":null},{"index":20,"id":10021847,"user":"陳素貞","shop":"南門三市攤販集中區-雜貨","category":"夜市/市場攤販","zone":"中彰投","city":"南投縣","area":"埔里鎮","market_name":"南門三市攤販集中區","market_address":"南投縣埔里鎮東華路47號至53號之間","pay_list":"","pay_tool":"","行業代號":null,"行業代號1":null,"名稱1":null,"行業代號2":null,"名稱2":null,"行業代號3":null,"名稱3":null},{"index":21,"id":10021858,"user":"李秋菊","shop":"南門三市攤販集中區-化妝品","category":"夜市/市場攤販","zone":"中彰投","city":"南投縣","area":"埔里鎮","market_name":"南門三市攤販集中區","market_address":"南投縣埔里鎮東華路47號至53號之間","pay_list":"","pay_tool":"","行業代號":null,"行業代號1":null,"名稱1":null,"行業代號2":null,"名稱2":null,"行業代號3":null,"名稱3":null},{"index":22,"id":10021869,"user":"張新妹","shop":"南門三市攤販集中區-食品","category":"夜市/市場攤販","zone":"中彰投","city":"南投縣","area":"埔里鎮","market_name":"南門三市攤販集中區","market_address":"南投縣埔里鎮東華路47號至53號之間","pay_list":"","pay_tool":"","行業代號":null,"行業代號1":null,"名稱1":null,"行業代號2":null,"名稱2":null,"行業代號3":null,"名稱3":null},{"index":23,"id":10021880,"user":"蘇詠修","shop":"南門三市攤販集中區-服飾","category":"夜市/市場攤販","zone":"中彰投","city":"南投縣","area":"埔里鎮","market_name":"南門三市攤販集中區","market_address":"南投縣埔里鎮東華路47號至53號之間","pay_list":"","pay_tool":"","行業代號":null,"行業代號1":null,"名稱1":null,"行業代號2":null,"名稱2":null,"行業代號3":null,"名稱3":null},{"index":24,"id":10021891,"user":"廖玲榕","shop":"南門三市攤販集中區-水果","category":"夜市/市場攤販","zone":"中彰投","city":"南投縣","area":"埔里鎮","market_name":"南門三市攤販集中區","market_address":"南投縣埔里鎮東華路47號至53號之間","pay_list":"","pay_tool":"","行業代號":null,"行業代號1":null,"名稱1":null,"行業代號2":null,"名稱2":null,"行業代號3":null,"名稱3":null},{"index":25,"id":10021902,"user":"石坤鎮","shop":"南門三市攤販集中區-雜貨","category":"夜市/市場攤販","zone":"中彰投","city":"南投縣","area":"埔里鎮","market_name":"南門三市攤販集中區","market_address":"南投縣埔里鎮東華路47號至53號之間","pay_list":"","pay_tool":"","行業代號":null,"行業代號1":null,"名稱1":null,"行業代號2":null,"名稱2":null,"行業代號3":null,"名稱3":null},{"index":26,"id":10021913,"user":"鐘玉梅","shop":"南門三市攤販集中區-盆栽","category":"夜市/市場攤販","zone":"中彰投","city":"南投縣","area":"埔里鎮","market_name":"南門三市攤販集中區","market_address":"南投縣埔里鎮東華路47號至53號之間","pay_list":"","pay_tool":"","行業代號":null,"行業代號1":null,"名稱1":null,"行業代號2":null,"名稱2":null,"行業代號3":null,"名稱3":null},{"index":27,"id":10021924,"user":"石王淑香","shop":"南門三市攤販集中區-玉米","category":"夜市/市場攤販","zone":"中彰投","city":"南投縣","area":"埔里鎮","market_name":"南門三市攤販集中區","market_address":"南投縣埔里鎮東華路47號至53號之間","pay_list":"","pay_tool":"","行業代號":null,"行業代號1":null,"名稱1":null,"行業代號2":null,"名稱2":null,"行業代號3":null,"名稱3":null},{"index":28,"id":10021937,"user":"范謝麗珍","shop":"南門三市攤販集中區-雜貨","category":"夜市/市場攤販","zone":"中彰投","city":"南投縣","area":"埔里鎮","market_name":"南門三市攤販集中區","market_address":"南投縣埔里鎮東華路47號至53號之間","pay_list":"","pay_tool":"","行業代號":null,"行業代號1":null,"名稱1":null,"行業代號2":null,"名稱2":null,"行業代號3":null,"名稱3":null},{"index":29,"id":10021948,"user":"陳採鳳","shop":"南門三市攤販集中區-米食","category":"夜市/市場攤販","zone":"中彰投","city":"南投縣","area":"埔里鎮","market_name":"南門三市攤販集中區","market_address":"南投縣埔里鎮東華路47號至53號之間","pay_list":"","pay_tool":"","行業代號":null,"行業代號1":null,"名稱1":null,"行業代號2":null,"名稱2":null,"行業代號3":null,"名稱3":null},{"index":30,"id":10021959,"user":"張李集嬌","shop":"南門三市攤販集中區-食品","category":"夜市/市場攤販","zone":"中彰投","city":"南投縣","area":"埔里鎮","market_name":"南門三市攤販集中區","market_address":"南投縣埔里鎮東華路47號至53號之間","pay_list":"","pay_tool":"","行業代號":null,"行業代號1":null,"名稱1":null,"行業代號2":null,"名稱2":null,"行業代號3":null,"名稱3":null},{"index":31,"id":10021970,"user":"陳珈雯","shop":"南門三市攤販集中區-米食","category":"夜市/市場攤販","zone":"中彰投","city":"南投縣","area":"埔里鎮","market_name":"南門三市攤販集中區","market_address":"南投縣埔里鎮東華路47號至53號之間","pay_list":"","pay_tool":"","行業代號":null,"行業代號1":null,"名稱1":null,"行業代號2":null,"名稱2":null,"行業代號3":null,"名稱3":null},{"index":32,"id":10021981,"user":"李秀玲","shop":"南門三市攤販集中區-米食","category":"夜市/市場攤販","zone":"中彰投","city":"南投縣","area":"埔里鎮","market_name":"南門三市攤販集中區","market_address":"南投縣埔里鎮東華路47號至53號之間","pay_list":"","pay_tool":"","行業代號":null,"行業代號1":null,"名稱1":null,"行業代號2":null,"名稱2":null,"行業代號3":null,"名稱3":null},{"index":33,"id":10021992,"user":"黃芸雯","shop":"南門三市攤販集中區-米食","category":"夜市/市場攤販","zone":"中彰投","city":"南投縣","area":"埔里鎮","market_name":"南門三市攤販集中區","market_address":"南投縣埔里鎮東華路47號至53號之間","pay_list":"","pay_tool":"","行業代號":null,"行業代號1":null,"名稱1":null,"行業代號2":null,"名稱2":null,"行業代號3":null,"名稱3":null},{"index":34,"id":10022003,"user":"黃靖文","shop":"南門三市攤販集中區-百貨","category":"夜市/市場攤販","zone":"中彰投","city":"南投縣","area":"埔里鎮","market_name":"南門三市攤販集中區","market_address":"南投縣埔里鎮東華路47號至53號之間","pay_list":"","pay_tool":"","行業代號":null,"行業代號1":null,"名稱1":null,"行業代號2":null,"名稱2":null,"行業代號3":null,"名稱3":null},{"index":35,"id":10022014,"user":"連正義","shop":"南門三市攤販集中區-食品","category":"夜市/市場攤販","zone":"中彰投","city":"南投縣","area":"埔里鎮","market_name":"南門三市攤販集中區","market_address":"南投縣埔里鎮東華路47號至53號之間","pay_list":"","pay_tool":"","行業代號":null,"行業代號1":null,"名稱1":null,"行業代號2":null,"名稱2":null,"行業代號3":null,"名稱3":null},{"index":36,"id":10022025,"user":"林譽靜","shop":"南門三市攤販集中區-食品","category":"夜市/市場攤販","zone":"中彰投","city":"南投縣","area":"埔里鎮","market_name":"南門三市攤販集中區","market_address":"南投縣埔里鎮東華路47號至53號之間","pay_list":"","pay_tool":"","行業代號":null,"行業代號1":null,"名稱1":null,"行業代號2":null,"名稱2":null,"行業代號3":null,"名稱3":null},{"index":37,"id":10022036,"user":"陳彩霜","shop":"南門三市攤販集中區-熟食","category":"夜市/市場攤販","zone":"中彰投","city":"南投縣","area":"埔里鎮","market_name":"南門三市攤販集中區","market_address":"南投縣埔里鎮東華路47號至53號之間","pay_list":"","pay_tool":"","行業代號":null,"行業代號1":null,"名稱1":null,"行業代號2":null,"名稱2":null,"行業代號3":null,"名稱3":null},{"index":38,"id":10022048,"user":"莊云慈","shop":"南門三市攤販集中區-雜貨","category":"夜市/市場攤販","zone":"中彰投","city":"南投縣","area":"埔里鎮","market_name":"南門三市攤販集中區","market_address":"南投縣埔里鎮東華路47號至53號之間","pay_list":"","pay_tool":"","行業代號":null,"行業代號1":null,"名稱1":null,"行業代號2":null,"名稱2":null,"行業代號3":null,"名稱3":null},{"index":39,"id":10022059,"user":"賴滿妹","shop":"南門三市攤販集中區-食品","category":"夜市/市場攤販","zone":"中彰投","city":"南投縣","area":"埔里鎮","market_name":"南門三市攤販集中區","market_address":"南投縣埔里鎮東華路47號至53號之間","pay_list":"","pay_tool":"","行業代號":null,"行業代號1":null,"名稱1":null,"行業代號2":null,"名稱2":null,"行業代號3":null,"名稱3":null},{"index":40,"id":10022070,"user":"陳鴻寶","shop":"南門三市攤販集中區-百貨","category":"夜市/市場攤販","zone":"中彰投","city":"南投縣","area":"埔里鎮","market_name":"南門三市攤販集中區","market_address":"南投縣埔里鎮東華路47號至53號之間","pay_list":"","pay_tool":"","行業代號":null,"行業代號1":null,"名稱1":null,"行業代號2":null,"名稱2":null,"行業代號3":null,"名稱3":null},{"index":41,"id":10022081,"user":"陳美玲","shop":"南門三市攤販集中區-食品","category":"夜市/市場攤販","zone":"中彰投","city":"南投縣","area":"埔里鎮","market_name":"南門三市攤販集中區","market_address":"南投縣埔里鎮東華路47號至53號之間","pay_list":"","pay_tool":"","行業代號":null,"行業代號1":null,"名稱1":null,"行業代號2":null,"名稱2":null,"行業代號3":null,"名稱3":null},{"index":42,"id":10022092,"user":"蔡誌豪","shop":"南門三市攤販集中區-滷味","category":"夜市/市場攤販","zone":"中彰投","city":"南投縣","area":"埔里鎮","market_name":"南門三市攤販集中區","market_address":"南投縣埔里鎮東華路47號至53號之間","pay_list":"","pay_tool":"","行業代號":null,"行業代號1":null,"名稱1":null,"行業代號2":null,"名稱2":null,"行業代號3":null,"名稱3":null},{"index":43,"id":10022103,"user":"辜東昌","shop":"南門三市攤販集中區-滷味","category":"夜市/市場攤販","zone":"中彰投","city":"南投縣","area":"埔里鎮","market_name":"南門三市攤販集中區","market_address":"南投縣埔里鎮東華路47號至53號之間","pay_list":"","pay_tool":"","行業代號":null,"行業代號1":null,"名稱1":null,"行業代號2":null,"名稱2":null,"行業代號3":null,"名稱3":null},{"index":44,"id":10022114,"user":"許至隆","shop":"南門三市攤販集中區-羊肉","category":"夜市/市場攤販","zone":"中彰投","city":"南投縣","area":"埔里鎮","market_name":"南門三市攤販集中區","market_address":"南投縣埔里鎮東華路47號至53號之間","pay_list":"","pay_tool":"","行業代號":null,"行業代號1":null,"名稱1":null,"行業代號2":null,"名稱2":null,"行業代號3":null,"名稱3":null},{"index":45,"id":10022125,"user":"林意樺","shop":"南門三市攤販集中區-蔬菜","category":"夜市/市場攤販","zone":"中彰投","city":"南投縣","area":"埔里鎮","market_name":"南門三市攤販集中區","market_address":"南投縣埔里鎮東華路47號至53號之間","pay_list":"","pay_tool":"","行業代號":null,"行業代號1":null,"名稱1":null,"行業代號2":null,"名稱2":null,"行業代號3":null,"名稱3":null},{"index":46,"id":10022136,"user":"葉秀丹","shop":"南門三市攤販集中區-小吃","category":"夜市/市場攤販","zone":"中彰投","city":"南投縣","area":"埔里鎮","market_name":"南門三市攤販集中區","market_address":"南投縣埔里鎮東華路47號至53號之間","pay_list":"","pay_tool":"","行業代號":null,"行業代號1":null,"名稱1":null,"行業代號2":null,"名稱2":null,"行業代號3":null,"名稱3":null},{"index":47,"id":10022147,"user":"施亦柔","shop":"南門三市攤販集中區-服飾","category":"夜市/市場攤販","zone":"中彰投","city":"南投縣","area":"埔里鎮","market_name":"南門三市攤販集中區","market_address":"南投縣埔里鎮東華路47號至53號之間","pay_list":"","pay_tool":"","行業代號":null,"行業代號1":null,"名稱1":null,"行業代號2":null,"名稱2":null,"行業代號3":null,"名稱3":null},{"index":48,"id":10022159,"user":"鄭來好","shop":"南門三市攤販集中區-農產品","category":"夜市/市場攤販","zone":"中彰投","city":"南投縣","area":"埔里鎮","market_name":"南門三市攤販集中區","market_address":"南投縣埔里鎮東華路47號至53號之間","pay_list":"","pay_tool":"","行業代號":null,"行業代號1":null,"名稱1":null,"行業代號2":null,"名稱2":null,"行業代號3":null,"名稱3":null},{"index":49,"id":10022170,"user":"劉南泉","shop":"南門三市攤販集中區-蔬果","category":"夜市/市場攤販","zone":"中彰投","city":"南投縣","area":"埔里鎮","market_name":"南門三市攤販集中區","market_address":"南投縣埔里鎮東華路47號至53號之間","pay_list":"","pay_tool":"","行業代號":null,"行業代號1":null,"名稱1":null,"行業代號2":null,"名稱2":null,"行業代號3":null,"名稱3":null},{"index":50,"id":10022181,"user":"張碧雲","shop":"南門三市攤販集中區-蔬果","category":"夜市/市場攤販","zone":"中彰投","city":"南投縣","area":"埔里鎮","market_name":"南門三市攤販集中區","market_address":"南投縣埔里鎮東華路47號至53號之間","pay_list":"","pay_tool":"","行業代號":null,"行業代號1":null,"名稱1":null,"行業代號2":null,"名稱2":null,"行業代號3":null,"名稱3":null},{"index":51,"id":10022192,"user":"莊旭其","shop":"南門三市攤販集中區-水果","category":"夜市/市場攤販","zone":"中彰投","city":"南投縣","area":"埔里鎮","market_name":"南門三市攤販集中區","market_address":"南投縣埔里鎮東華路47號至53號之間","pay_list":"","pay_tool":"","行業代號":null,"行業代號1":null,"名稱1":null,"行業代號2":null,"名稱2":null,"行業代號3":null,"名稱3":null},{"index":52,"id":10022203,"user":"許伯彥","shop":"南門三市攤販集中區-五穀","category":"夜市/市場攤販","zone":"中彰投","city":"南投縣","area":"埔里鎮","market_name":"南門三市攤販集中區","market_address":"南投縣埔里鎮東華路47號至53號之間","pay_list":"","pay_tool":"","行業代號":null,"行業代號1":null,"名稱1":null,"行業代號2":null,"名稱2":null,"行業代號3":null,"名稱3":null},{"index":53,"id":10022214,"user":"詹碧珠","shop":"南門三市攤販集中區-雜貨","category":"夜市/市場攤販","zone":"中彰投","city":"南投縣","area":"埔里鎮","market_name":"南門三市攤販集中區","market_address":"南投縣埔里鎮東華路47號至53號之間","pay_list":"","pay_tool":"","行業代號":null,"行業代號1":null,"名稱1":null,"行業代號2":null,"名稱2":null,"行業代號3":null,"名稱3":null},{"index":54,"id":10022225,"user":"仇素珍","shop":"南門三市攤販集中區-水果","category":"夜市/市場攤販","zone":"中彰投","city":"南投縣","area":"埔里鎮","market_name":"南門三市攤販集中區","market_address":"南投縣埔里鎮東華路47號至53號之間","pay_list":"","pay_tool":"","行業代號":null,"行業代號1":null,"名稱1":null,"行業代號2":null,"名稱2":null,"行業代號3":null,"名稱3":null},{"index":55,"id":10022236,"user":"仇南傑","shop":"南門三市攤販集中區-食品","category":"夜市/市場攤販","zone":"中彰投","city":"南投縣","area":"埔里鎮","market_name":"南門三市攤販集中區","market_address":"南投縣埔里鎮東華路47號至53號之間","pay_list":"","pay_tool":"","行業代號":null,"行業代號1":null,"名稱1":null,"行業代號2":null,"名稱2":null,"行業代號3":null,"名稱3":null},{"index":56,"id":10022247,"user":"仇鶴燕","shop":"南門三市攤販集中區-農產品","category":"夜市/市場攤販","zone":"中彰投","city":"南投縣","area":"埔里鎮","market_name":"南門三市攤販集中區","market_address":"南投縣埔里鎮東華路47號至53號之間","pay_list":"","pay_tool":"","行業代號":null,"行業代號1":null,"名稱1":null,"行業代號2":null,"名稱2":null,"行業代號3":null,"名稱3":null},{"index":57,"id":10022258,"user":"陳三寶","shop":"南門三市攤販集中區-農產品","category":"夜市/市場攤販","zone":"中彰投","city":"南投縣","area":"埔里鎮","market_name":"南門三市攤販集中區","market_address":"南投縣埔里鎮東華路47號至53號之間","pay_list":"","pay_tool":"","行業代號":null,"行業代號1":null,"名稱1":null,"行業代號2":null,"名稱2":null,"行業代號3":null,"名稱3":null},{"index":58,"id":10022270,"user":"劉阿蔥","shop":"南門三市攤販集中區-農產品","category":"夜市/市場攤販","zone":"中彰投","city":"南投縣","area":"埔里鎮","market_name":"南門三市攤販集中區","market_address":"南投縣埔里鎮東華路47號至53號之間","pay_list":"","pay_tool":"","行業代號":null,"行業代號1":null,"名稱1":null,"行業代號2":null,"名稱2":null,"行業代號3":null,"名稱3":null},{"index":59,"id":10022281,"user":"林翠玉","shop":"南門三市攤販集中區-農產品","category":"夜市/市場攤販","zone":"中彰投","city":"南投縣","area":"埔里鎮","market_name":"南門三市攤販集中區","market_address":"南投縣埔里鎮東華路47號至53號之間","pay_list":"","pay_tool":"","行業代號":null,"行業代號1":null,"名稱1":null,"行業代號2":null,"名稱2":null,"行業代號3":null,"名稱3":null},{"index":60,"id":10022292,"user":"廖魏芳","shop":"南門三市攤販集中區-小吃","category":"夜市/市場攤販","zone":"中彰投","city":"南投縣","area":"埔里鎮","market_name":"南門三市攤販集中區","market_address":"南投縣埔里鎮東華路47號至53號之間","pay_list":"","pay_tool":"","行業代號":null,"行業代號1":null,"名稱1":null,"行業代號2":null,"名稱2":null,"行業代號3":null,"名稱3":null},{"index":61,"id":10022303,"user":"張美圓","shop":"南門三市攤販集中區-食品","category":"夜市/市場攤販","zone":"中彰投","city":"南投縣","area":"埔里鎮","market_name":"南門三市攤販集中區","market_address":"南投縣埔里鎮東華路47號至53號之間","pay_list":"","pay_tool":"","行業代號":null,"行業代號1":null,"名稱1":null,"行業代號2":null,"名稱2":null,"行業代號3":null,"名稱3":null},{"index":62,"id":10022314,"user":"黃玉錦","shop":"南門三市攤販集中區-小吃","category":"夜市/市場攤販","zone":"中彰投","city":"南投縣","area":"埔里鎮","market_name":"南門三市攤販集中區","market_address":"南投縣埔里鎮東華路47號至53號之間","pay_list":"","pay_tool":"","行業代號":null,"行業代號1":null,"名稱1":null,"行業代號2":null,"名稱2":null,"行業代號3":null,"名稱3":null},{"index":63,"id":10022325,"user":"洪紹廷","shop":"南門三市攤販集中區-蔬果","category":"夜市/市場攤販","zone":"中彰投","city":"南投縣","area":"埔里鎮","market_name":"南門三市攤販集中區","market_address":"南投縣埔里鎮東華路47號至53號之間","pay_list":"","pay_tool":"","行業代號":null,"行業代號1":null,"名稱1":null,"行業代號2":null,"名稱2":null,"行業代號3":null,"名稱3":null},{"index":64,"id":10022336,"user":"黃水泉","shop":"南門三市攤販集中區-蔬菜","category":"夜市/市場攤販","zone":"中彰投","city":"南投縣","area":"埔里鎮","market_name":"南門三市攤販集中區","market_address":"南投縣埔里鎮東華路47號至53號之間","pay_list":"","pay_tool":"","行業代號":null,"行業代號1":null,"名稱1":null,"行業代號2":null,"名稱2":null,"行業代號3":null,"名稱3":null},{"index":65,"id":10022347,"user":"黃盟惠","shop":"南門三市攤販集中區-小吃","category":"夜市/市場攤販","zone":"中彰投","city":"南投縣","area":"埔里鎮","market_name":"南門三市攤販集中區","market_address":"南投縣埔里鎮東華路47號至53號之間","pay_list":"","pay_tool":"","行業代號":null,"行業代號1":null,"名稱1":null,"行業代號2":null,"名稱2":null,"行業代號3":null,"名稱3":null},{"index":66,"id":10022358,"user":"游莊雪","shop":"南門三市攤販集中區-蔬菜","category":"夜市/市場攤販","zone":"中彰投","city":"南投縣","area":"埔里鎮","market_name":"南門三市攤販集中區","market_address":"南投縣埔里鎮東華路47號至53號之間","pay_list":"","pay_tool":"","行業代號":null,"行業代號1":null,"名稱1":null,"行業代號2":null,"名稱2":null,"行業代號3":null,"名稱3":null},{"index":67,"id":10022369,"user":"李麗華","shop":"南門三市攤販集中區-水產","category":"夜市/市場攤販","zone":"中彰投","city":"南投縣","area":"埔里鎮","market_name":"南門三市攤販集中區","market_address":"南投縣埔里鎮東華路47號至53號之間","pay_list":"","pay_tool":"","行業代號":null,"行業代號1":null,"名稱1":null,"行業代號2":null,"名稱2":null,"行業代號3":null,"名稱3":null},{"index":68,"id":10022381,"user":"王助成","shop":"南門三市攤販集中區-雜貨","category":"夜市/市場攤販","zone":"中彰投","city":"南投縣","area":"埔里鎮","market_name":"南門三市攤販集中區","market_address":"南投縣埔里鎮東華路47號至53號之間","pay_list":"","pay_tool":"","行業代號":null,"行業代號1":null,"名稱1":null,"行業代號2":null,"名稱2":null,"行業代號3":null,"名稱3":null},{"index":69,"id":10022392,"user":"許鄭愛","shop":"南門三市攤販集中區-服飾","category":"夜市/市場攤販","zone":"中彰投","city":"南投縣","area":"埔里鎮","market_name":"南門三市攤販集中區","market_address":"南投縣埔里鎮東華路47號至53號之間","pay_list":"","pay_tool":"","行業代號":null,"行業代號1":null,"名稱1":null,"行業代號2":null,"名稱2":null,"行業代號3":null,"名稱3":null},{"index":70,"id":10022403,"user":"傅學明","shop":"南門三市攤販集中區-食品","category":"夜市/市場攤販","zone":"中彰投","city":"南投縣","area":"埔里鎮","market_name":"南門三市攤販集中區","market_address":"南投縣埔里鎮東華路47號至53號之間","pay_list":"","pay_tool":"","行業代號":null,"行業代號1":null,"名稱1":null,"行業代號2":null,"名稱2":null,"行業代號3":null,"名稱3":null},{"index":71,"id":10022414,"user":"李寶春","shop":"南門三市攤販集中區-服飾","category":"夜市/市場攤販","zone":"中彰投","city":"南投縣","area":"埔里鎮","market_name":"南門三市攤販集中區","market_address":"南投縣埔里鎮東華路47號至53號之間","pay_list":"","pay_tool":"","行業代號":null,"行業代號1":null,"名稱1":null,"行業代號2":null,"名稱2":null,"行業代號3":null,"名稱3":null},{"index":72,"id":10022425,"user":"陳李梅桂","shop":"南門三市攤販集中區-農產品","category":"夜市/市場攤販","zone":"中彰投","city":"南投縣","area":"埔里鎮","market_name":"南門三市攤販集中區","market_address":"南投縣埔里鎮東華路47號至53號之間","pay_list":"","pay_tool":"","行業代號":null,"行業代號1":null,"名稱1":null,"行業代號2":null,"名稱2":null,"行業代號3":null,"名稱3":null},{"index":73,"id":10022436,"user":"邱輝勝","shop":"南門三市攤販集中區-服飾","category":"夜市/市場攤販","zone":"中彰投","city":"南投縣","area":"埔里鎮","market_name":"南門三市攤販集中區","market_address":"南投縣埔里鎮東華路47號至53號之間","pay_list":"","pay_tool":"","行業代號":null,"行業代號1":null,"名稱1":null,"行業代號2":null,"名稱2":null,"行業代號3":null,"名稱3":null},{"index":74,"id":10022447,"user":"陳玉圓","shop":"南門三市攤販集中區-服飾","category":"夜市/市場攤販","zone":"中彰投","city":"南投縣","area":"埔里鎮","market_name":"南門三市攤販集中區","market_address":"南投縣埔里鎮東華路47號至53號之間","pay_list":"","pay_tool":"","行業代號":null,"行業代號1":null,"名稱1":null,"行業代號2":null,"名稱2":null,"行業代號3":null,"名稱3":null},{"index":75,"id":10022458,"user":"陳源德","shop":"南門三市攤販集中區-服飾","category":"夜市/市場攤販","zone":"中彰投","city":"南投縣","area":"埔里鎮","market_name":"南門三市攤販集中區","market_address":"南投縣埔里鎮東華路47號至53號之間","pay_list":"","pay_tool":"","行業代號":null,"行業代號1":null,"名稱1":null,"行業代號2":null,"名稱2":null,"行業代號3":null,"名稱3":null},{"index":76,"id":10022469,"user":"林鴻珍","shop":"南門三市攤販集中區-服飾","category":"夜市/市場攤販","zone":"中彰投","city":"南投縣","area":"埔里鎮","market_name":"南門三市攤販集中區","market_address":"南投縣埔里鎮東華路47號至53號之間","pay_list":"","pay_tool":"","行業代號":null,"行業代號1":null,"名稱1":null,"行業代號2":null,"名稱2":null,"行業代號3":null,"名稱3":null},{"index":77,"id":10022480,"user":"陳菊雪","shop":"南門三市攤販集中區-服飾","category":"夜市/市場攤販","zone":"中彰投","city":"南投縣","area":"埔里鎮","market_name":"南門三市攤販集中區","market_address":"南投縣埔里鎮東華路47號至53號之間","pay_list":"","pay_tool":"","行業代號":null,"行業代號1":null,"名稱1":null,"行業代號2":null,"名稱2":null,"行業代號3":null,"名稱3":null},{"index":78,"id":10022492,"user":"王芳惠","shop":"南門三市攤販集中區-小吃","category":"夜市/市場攤販","zone":"中彰投","city":"南投縣","area":"埔里鎮","market_name":"南門三市攤販集中區","market_address":"南投縣埔里鎮東華路47號至53號之間","pay_list":"","pay_tool":"","行業代號":null,"行業代號1":null,"名稱1":null,"行業代號2":null,"名稱2":null,"行業代號3":null,"名稱3":null},{"index":79,"id":10022503,"user":"葉阿貴","shop":"南門三市攤販集中區-小吃","category":"夜市/市場攤販","zone":"中彰投","city":"南投縣","area":"埔里鎮","market_name":"南門三市攤販集中區","market_address":"南投縣埔里鎮東華路47號至53號之間","pay_list":"","pay_tool":"","行業代號":null,"行業代號1":null,"名稱1":null,"行業代號2":null,"名稱2":null,"行業代號3":null,"名稱3":null},{"index":80,"id":10022514,"user":"沈永吉","shop":"南門三市攤販集中區-小吃","category":"夜市/市場攤販","zone":"中彰投","city":"南投縣","area":"埔里鎮","market_name":"南門三市攤販集中區","market_address":"南投縣埔里鎮東華路47號至53號之間","pay_list":"","pay_tool":"","行業代號":null,"行業代號1":null,"名稱1":null,"行業代號2":null,"名稱2":null,"行業代號3":null,"名稱3":null},{"index":81,"id":10022525,"user":"許正花","shop":"南門三市攤販集中區-小吃","category":"夜市/市場攤販","zone":"中彰投","city":"南投縣","area":"埔里鎮","market_name":"南門三市攤販集中區","market_address":"南投縣埔里鎮東華路47號至53號之間","pay_list":"","pay_tool":"","行業代號":null,"行業代號1":null,"名稱1":null,"行業代號2":null,"名稱2":null,"行業代號3":null,"名稱3":null},{"index":82,"id":10022536,"user":"郭春壁","shop":"南門三市攤販集中區-食品","category":"夜市/市場攤販","zone":"中彰投","city":"南投縣","area":"埔里鎮","market_name":"南門三市攤販集中區","market_address":"南投縣埔里鎮東華路47號至53號之間","pay_list":"","pay_tool":"","行業代號":null,"行業代號1":null,"名稱1":null,"行業代號2":null,"名稱2":null,"行業代號3":null,"名稱3":null},{"index":83,"id":10022547,"user":"鄭春松","shop":"南門三市攤販集中區-食品","category":"夜市/市場攤販","zone":"中彰投","city":"南投縣","area":"埔里鎮","market_name":"南門三市攤販集中區","market_address":"南投縣埔里鎮東華路47號至53號之間","pay_list":"","pay_tool":"","行業代號":null,"行業代號1":null,"名稱1":null,"行業代號2":null,"名稱2":null,"行業代號3":null,"名稱3":null},{"index":84,"id":10022558,"user":"陳明潔","shop":"南門三市攤販集中區-小吃","category":"夜市/市場攤販","zone":"中彰投","city":"南投縣","area":"埔里鎮","market_name":"南門三市攤販集中區","market_address":"南投縣埔里鎮東華路47號至53號之間","pay_list":"","pay_tool":"","行業代號":null,"行業代號1":null,"名稱1":null,"行業代號2":null,"名稱2":null,"行業代號3":null,"名稱3":null},{"index":85,"id":10022569,"user":"黃嘉惠","shop":"南門三市攤販集中區-小吃","category":"夜市/市場攤販","zone":"中彰投","city":"南投縣","area":"埔里鎮","market_name":"南門三市攤販集中區","market_address":"南投縣埔里鎮東華路47號至53號之間","pay_list":"","pay_tool":"","行業代號":null,"行業代號1":null,"名稱1":null,"行業代號2":null,"名稱2":null,"行業代號3":null,"名稱3":null},{"index":86,"id":10022580,"user":"李富宸","shop":"南門三市攤販集中區-小吃","category":"夜市/市場攤販","zone":"中彰投","city":"南投縣","area":"埔里鎮","market_name":"南門三市攤販集中區","market_address":"南投縣埔里鎮東華路47號至53號之間","pay_list":"","pay_tool":"","行業代號":null,"行業代號1":null,"名稱1":null,"行業代號2":null,"名稱2":null,"行業代號3":null,"名稱3":null},{"index":87,"id":10022591,"user":"黃錦珠","shop":"南門三市攤販集中區-小吃","category":"夜市/市場攤販","zone":"中彰投","city":"南投縣","area":"埔里鎮","market_name":"南門三市攤販集中區","market_address":"南投縣埔里鎮東華路47號至53號之間","pay_list":"","pay_tool":"","行業代號":null,"行業代號1":null,"名稱1":null,"行業代號2":null,"名稱2":null,"行業代號3":null,"名稱3":null},{"index":88,"id":10022603,"user":"余秀鳳","shop":"南門三市攤販集中區-小吃","category":"夜市/市場攤販","zone":"中彰投","city":"南投縣","area":"埔里鎮","market_name":"南門三市攤販集中區","market_address":"南投縣埔里鎮東華路47號至53號之間","pay_list":"","pay_tool":"","行業代號":null,"行業代號1":null,"名稱1":null,"行業代號2":null,"名稱2":null,"行業代號3":null,"名稱3":null},{"index":89,"id":10022614,"user":"梁莉勤","shop":"南門三市攤販集中區-小吃","category":"夜市/市場攤販","zone":"中彰投","city":"南投縣","area":"埔里鎮","market_name":"南門三市攤販集中區","market_address":"南投縣埔里鎮東華路47號至53號之間","pay_list":"","pay_tool":"","行業代號":null,"行業代號1":null,"名稱1":null,"行業代號2":null,"名稱2":null,"行業代號3":null,"名稱3":null},{"index":90,"id":10022625,"user":"詹文龍","shop":"南門三市攤販集中區-小吃","category":"夜市/市場攤販","zone":"中彰投","city":"南投縣","area":"埔里鎮","market_name":"南門三市攤販集中區","market_address":"南投縣埔里鎮東華路47號至53號之間","pay_list":"","pay_tool":"","行業代號":null,"行業代號1":null,"名稱1":null,"行業代號2":null,"名稱2":null,"行業代號3":null,"名稱3":null},{"index":91,"id":10022636,"user":"洪輝評","shop":"南門三市攤販集中區-水果","category":"夜市/市場攤販","zone":"中彰投","city":"南投縣","area":"埔里鎮","market_name":"南門三市攤販集中區","market_address":"南投縣埔里鎮東華路47號至53號之間","pay_list":"","pay_tool":"","行業代號":null,"行業代號1":null,"名稱1":null,"行業代號2":null,"名稱2":null,"行業代號3":null,"名稱3":null},{"index":92,"id":10022647,"user":"鄭月珍","shop":"南門三市攤販集中區-食品","category":"夜市/市場攤販","zone":"中彰投","city":"南投縣","area":"埔里鎮","market_name":"南門三市攤販集中區","market_address":"南投縣埔里鎮東華路47號至53號之間","pay_list":"","pay_tool":"","行業代號":null,"行業代號1":null,"名稱1":null,"行業代號2":null,"名稱2":null,"行業代號3":null,"名稱3":null},{"index":93,"id":10022658,"user":"蔡進發","shop":"南門三市攤販集中區-食品","category":"夜市/市場攤販","zone":"中彰投","city":"南投縣","area":"埔里鎮","market_name":"南門三市攤販集中區","market_address":"南投縣埔里鎮東華路47號至53號之間","pay_list":"","pay_tool":"","行業代號":null,"行業代號1":null,"名稱1":null,"行業代號2":null,"名稱2":null,"行業代號3":null,"名稱3":null},{"index":94,"id":10022669,"user":"蔡令玉","shop":"南門三市攤販集中區-小吃","category":"夜市/市場攤販","zone":"中彰投","city":"南投縣","area":"埔里鎮","market_name":"南門三市攤販集中區","market_address":"南投縣埔里鎮東華路47號至53號之間","pay_list":"","pay_tool":"","行業代號":null,"行業代號1":null,"名稱1":null,"行業代號2":null,"名稱2":null,"行業代號3":null,"名稱3":null},{"index":95,"id":10022680,"user":"金陵","shop":"南門三市攤販集中區-小吃","category":"夜市/市場攤販","zone":"中彰投","city":"南投縣","area":"埔里鎮","market_name":"南門三市攤販集中區","market_address":"南投縣埔里鎮東華路47號至53號之間","pay_list":"","pay_tool":"","行業代號":null,"行業代號1":null,"名稱1":null,"行業代號2":null,"名稱2":null,"行業代號3":null,"名稱3":null},{"index":96,"id":10022691,"user":"蔡麗純","shop":"南門三市攤販集中區-農產品","category":"夜市/市場攤販","zone":"中彰投","city":"南投縣","area":"埔里鎮","market_name":"南門三市攤販集中區","market_address":"南投縣埔里鎮東華路47號至53號之間","pay_list":"","pay_tool":"","行業代號":null,"行業代號1":null,"名稱1":null,"行業代號2":null,"名稱2":null,"行業代號3":null,"名稱3":null},{"index":97,"id":10022702,"user":"鄭彩綢","shop":"南門三市攤販集中區-農產品","category":"夜市/市場攤販","zone":"中彰投","city":"南投縣","area":"埔里鎮","market_name":"南門三市攤販集中區","market_address":"南投縣埔里鎮東華路47號至53號之間","pay_list":"","pay_tool":"","行業代號":null,"行業代號1":null,"名稱1":null,"行業代號2":null,"名稱2":null,"行業代號3":null,"名稱3":null},{"index":98,"id":10022714,"user":"李美燕","shop":"南門三市攤販集中區-農產品","category":"夜市/市場攤販","zone":"中彰投","city":"南投縣","area":"埔里鎮","market_name":"南門三市攤販集中區","market_address":"南投縣埔里鎮東華路47號至53號之間","pay_list":"","pay_tool":"","行業代號":null,"行業代號1":null,"名稱1":null,"行業代號2":null,"名稱2":null,"行業代號3":null,"名稱3":null},{"index":99,"id":10022725,"user":"許其安","shop":"南門三市攤販集中區-食品","category":"夜市/市場攤販","zone":"中彰投","city":"南投縣","area":"埔里鎮","market_name":"南門三市攤販集中區","market_address":"南投縣埔里鎮東華路47號至53號之間","pay_list":"","pay_tool":"","行業代號":null,"行業代號1":null,"名稱1":null,"行業代號2":null,"名稱2":null,"行業代號3":null,"名稱3":null},{"index":100,"id":10022736,"user":"楊賴秋美","shop":"南門三市攤販集中區-蔬菜","category":"夜市/市場攤販","zone":"中彰投","city":"南投縣","area":"埔里鎮","market_name":"南門三市攤販集中區","market_address":"南投縣埔里鎮東華路47號至53號之間","pay_list":"","pay_tool":"","行業代號":null,"行業代號1":null,"名稱1":null,"行業代號2":null,"名稱2":null,"行業代號3":null,"名稱3":null},{"index":101,"id":10022747,"user":"黃瑞昌","shop":"南門三市攤販集中區-蔬菜","category":"夜市/市場攤販","zone":"中彰投","city":"南投縣","area":"埔里鎮","market_name":"南門三市攤販集中區","market_address":"南投縣埔里鎮東華路47號至53號之間","pay_list":"","pay_tool":"","行業代號":null,"行業代號1":null,"名稱1":null,"行業代號2":null,"名稱2":null,"行業代號3":null,"名稱3":null},{"index":102,"id":10022758,"user":"何明長","shop":"南門三市攤販集中區-農產品","category":"夜市/市場攤販","zone":"中彰投","city":"南投縣","area":"埔里鎮","market_name":"南門三市攤販集中區","market_address":"南投縣埔里鎮東華路47號至53號之間","pay_list":"","pay_tool":"","行業代號":null,"行業代號1":null,"名稱1":null,"行業代號2":null,"名稱2":null,"行業代號3":null,"名稱3":null},{"index":103,"id":10022769,"user":"陳美雲","shop":"南門三市攤販集中區-蔬菜","category":"夜市/市場攤販","zone":"中彰投","city":"南投縣","area":"埔里鎮","market_name":"南門三市攤販集中區","market_address":"南投縣埔里鎮東華路47號至53號之間","pay_list":"","pay_tool":"","行業代號":null,"行業代號1":null,"名稱1":null,"行業代號2":null,"名稱2":null,"行業代號3":null,"名稱3":null},{"index":104,"id":10022780,"user":"何明長","shop":"南門三市攤販集中區-農產品","category":"夜市/市場攤販","zone":"中彰投","city":"南投縣","area":"埔里鎮","market_name":"南門三市攤販集中區","market_address":"南投縣埔里鎮東華路47號至53號之間","pay_list":"","pay_tool":"","行業代號":null,"行業代號1":null,"名稱1":null,"行業代號2":null,"名稱2":null,"行業代號3":null,"名稱3":null},{"index":105,"id":10022791,"user":"楊秀琴","shop":"南門三市攤販集中區-蔬菜","category":"夜市/市場攤販","zone":"中彰投","city":"南投縣","area":"埔里鎮","market_name":"南門三市攤販集中區","market_address":"南投縣埔里鎮東華路47號至53號之間","pay_list":"","pay_tool":"","行業代號":null,"行業代號1":null,"名稱1":null,"行業代號2":null,"名稱2":null,"行業代號3":null,"名稱3":null},{"index":106,"id":10022802,"user":"楊俊良","shop":"南門三市攤販集中區-蔬菜","category":"夜市/市場攤販","zone":"中彰投","city":"南投縣","area":"埔里鎮","market_name":"南門三市攤販集中區","market_address":"南投縣埔里鎮東華路47號至53號之間","pay_list":"","pay_tool":"","行業代號":null,"行業代號1":null,"名稱1":null,"行業代號2":null,"名稱2":null,"行業代號3":null,"名稱3":null},{"index":107,"id":10022813,"user":"林燦金","shop":"南門三市攤販集中區-農產品","category":"夜市/市場攤販","zone":"中彰投","city":"南投縣","area":"埔里鎮","market_name":"南門三市攤販集中區","market_address":"南投縣埔里鎮東華路47號至53號之間","pay_list":"","pay_tool":"","行業代號":null,"行業代號1":null,"名稱1":null,"行業代號2":null,"名稱2":null,"行業代號3":null,"名稱3":null},{"index":108,"id":10022825,"user":"劉　屘","shop":"南門三市攤販集中區-農產品","category":"夜市/市場攤販","zone":"中彰投","city":"南投縣","area":"埔里鎮","market_name":"南門三市攤販集中區","market_address":"南投縣埔里鎮東華路47號至53號之間","pay_list":"","pay_tool":"","行業代號":null,"行業代號1":null,"名稱1":null,"行業代號2":null,"名稱2":null,"行業代號3":null,"名稱3":null},{"index":109,"id":10022836,"user":"洪秋緣","shop":"南門三市攤販集中區-蔬菜","category":"夜市/市場攤販","zone":"中彰投","city":"南投縣","area":"埔里鎮","market_name":"南門三市攤販集中區","market_address":"南投縣埔里鎮東華路47號至53號之間","pay_list":"","pay_tool":"","行業代號":null,"行業代號1":null,"名稱1":null,"行業代號2":null,"名稱2":null,"行業代號3":null,"名稱3":null},{"index":110,"id":10022847,"user":"邱林招治","shop":"南門三市攤販集中區-蔬菜","category":"夜市/市場攤販","zone":"中彰投","city":"南投縣","area":"埔里鎮","market_name":"南門三市攤販集中區","market_address":"南投縣埔里鎮東華路47號至53號之間","pay_list":"","pay_tool":"","行業代號":null,"行業代號1":null,"名稱1":null,"行業代號2":null,"名稱2":null,"行業代號3":null,"名稱3":null},{"index":111,"id":10022858,"user":"彭玉珠","shop":"南門三市攤販集中區-農產品","category":"夜市/市場攤販","zone":"中彰投","city":"南投縣","area":"埔里鎮","market_name":"南門三市攤販集中區","market_address":"南投縣埔里鎮東華路47號至53號之間","pay_list":"","pay_tool":"","行業代號":null,"行業代號1":null,"名稱1":null,"行業代號2":null,"名稱2":null,"行業代號3":null,"名稱3":null},{"index":112,"id":10022869,"user":"鍾玉美","shop":"南門三市攤販集中區-蔬菜","category":"夜市/市場攤販","zone":"中彰投","city":"南投縣","area":"埔里鎮","market_name":"南門三市攤販集中區","market_address":"南投縣埔里鎮東華路47號至53號之間","pay_list":"","pay_tool":"","行業代號":null,"行業代號1":null,"名稱1":null,"行業代號2":null,"名稱2":null,"行業代號3":null,"名稱3":null},{"index":113,"id":10022880,"user":"何潘未妹","shop":"南門三市攤販集中區-農產品","category":"夜市/市場攤販","zone":"中彰投","city":"南投縣","area":"埔里鎮","market_name":"南門三市攤販集中區","market_address":"南投縣埔里鎮東華路47號至53號之間","pay_list":"","pay_tool":"","行業代號":null,"行業代號1":null,"名稱1":null,"行業代號2":null,"名稱2":null,"行業代號3":null,"名稱3":null},{"index":114,"id":10022891,"user":"何佳宏","shop":"南門三市攤販集中區-農產品","category":"夜市/市場攤販","zone":"中彰投","city":"南投縣","area":"埔里鎮","market_name":"南門三市攤販集中區","market_address":"南投縣埔里鎮東華路47號至53號之間","pay_list":"","pay_tool":"","行業代號":null,"行業代號1":null,"名稱1":null,"行業代號2":null,"名稱2":null,"行業代號3":null,"名稱3":null},{"index":115,"id":10022902,"user":"陳添丁","shop":"南門三市攤販集中區-蔬菜","category":"夜市/市場攤販","zone":"中彰投","city":"南投縣","area":"埔里鎮","market_name":"南門三市攤販集中區","market_address":"南投縣埔里鎮東華路47號至53號之間","pay_list":"","pay_tool":"","行業代號":null,"行業代號1":null,"名稱1":null,"行業代號2":null,"名稱2":null,"行業代號3":null,"名稱3":null},{"index":116,"id":10022913,"user":"劉育和","shop":"南門三市攤販集中區-小吃","category":"夜市/市場攤販","zone":"中彰投","city":"南投縣","area":"埔里鎮","market_name":"南門三市攤販集中區","market_address":"南投縣埔里鎮東華路47號至53號之間","pay_list":"","pay_tool":"","行業代號":null,"行業代號1":null,"名稱1":null,"行業代號2":null,"名稱2":null,"行業代號3":null,"名稱3":null},{"index":117,"id":10022924,"user":"曾鴻明","shop":"第三公有零售市場-豬肉","category":"夜市/市場攤販","zone":"中彰投","city":"南投縣","area":"埔里鎮","market_name":"第三公有零售市場","market_address":"南投縣埔里鎮東華路47號","pay_list":"","pay_tool":"","行業代號":null,"行業代號1":null,"名稱1":null,"行業代號2":null,"名稱2":null,"行業代號3":null,"名稱3":null},{"index":118,"id":10022936,"user":"林秀玲","shop":"第三公有零售市場-修改服飾","category":"夜市/市場攤販","zone":"中彰投","city":"南投縣","area":"埔里鎮","market_name":"第三公有零售市場","market_address":"南投縣埔里鎮東華路47號","pay_list":"","pay_tool":"","行業代號":null,"行業代號1":null,"名稱1":null,"行業代號2":null,"名稱2":null,"行業代號3":null,"名稱3":null},{"index":119,"id":10022947,"user":"黃芝銘","shop":"第三公有零售市場-小蛋糕","category":"夜市/市場攤販","zone":"中彰投","city":"南投縣","area":"埔里鎮","market_name":"第三公有零售市場","market_address":"南投縣埔里鎮東華路47號","pay_list":"","pay_tool":"","行業代號":null,"行業代號1":null,"名稱1":null,"行業代號2":null,"名稱2":null,"行業代號3":null,"名稱3":null},{"index":120,"id":10022958,"user":"呂吉碩","shop":"第三公有零售市場-冷凍食品","category":"夜市/市場攤販","zone":"中彰投","city":"南投縣","area":"埔里鎮","market_name":"第三公有零售市場","market_address":"南投縣埔里鎮東華路47號","pay_list":"","pay_tool":"","行業代號":null,"行業代號1":null,"名稱1":null,"行業代號2":null,"名稱2":null,"行業代號3":null,"名稱3":null},{"index":121,"id":10022969,"user":"潘麗蘋","shop":"第三公有零售市場-美容","category":"夜市/市場攤販","zone":"中彰投","city":"南投縣","area":"埔里鎮","market_name":"第三公有零售市場","market_address":"南投縣埔里鎮東華路47號","pay_list":"","pay_tool":"","行業代號":null,"行業代號1":null,"名稱1":null,"行業代號2":null,"名稱2":null,"行業代號3":null,"名稱3":null},{"index":122,"id":10022980,"user":"陳美惠","shop":"第三公有零售市場-美容","category":"夜市/市場攤販","zone":"中彰投","city":"南投縣","area":"埔里鎮","market_name":"第三公有零售市場","market_address":"南投縣埔里鎮東華路47號","pay_list":"","pay_tool":"","行業代號":null,"行業代號1":null,"名稱1":null,"行業代號2":null,"名稱2":null,"行業代號3":null,"名稱3":null},{"index":123,"id":10022991,"user":"黃武村","shop":"第三公有零售市場-冰櫃","category":"夜市/市場攤販","zone":"中彰投","city":"南投縣","area":"埔里鎮","market_name":"第三公有零售市場","market_address":"南投縣埔里鎮東華路47號","pay_list":"","pay_tool":"","行業代號":null,"行業代號1":null,"名稱1":null,"行業代號2":null,"名稱2":null,"行業代號3":null,"名稱3":null},{"index":124,"id":10023002,"user":"劉潘瑞香","shop":"第三公有零售市場-豬肉","category":"夜市/市場攤販","zone":"中彰投","city":"南投縣","area":"埔里鎮","market_name":"第三公有零售市場","market_address":"南投縣埔里鎮東華路47號","pay_list":"","pay_tool":"","行業代號":null,"行業代號1":null,"名稱1":null,"行業代號2":null,"名稱2":null,"行業代號3":null,"名稱3":null},{"index":125,"id":10023013,"user":"曾秀霞","shop":"第三公有零售市場-生雞鴨","category":"夜市/市場攤販","zone":"中彰投","city":"南投縣","area":"埔里鎮","market_name":"第三公有零售市場","market_address":"南投縣埔里鎮東華路47號","pay_list":"","pay_tool":"","行業代號":null,"行業代號1":null,"名稱1":null,"行業代號2":null,"名稱2":null,"行業代號3":null,"名稱3":null},{"index":126,"id":10023024,"user":"曾賀暌","shop":"第三公有零售市場-豬肉","category":"夜市/市場攤販","zone":"中彰投","city":"南投縣","area":"埔里鎮","market_name":"第三公有零售市場","market_address":"南投縣埔里鎮東華路47號","pay_list":"","pay_tool":"","行業代號":null,"行業代號1":null,"名稱1":null,"行業代號2":null,"名稱2":null,"行業代號3":null,"名稱3":null},{"index":127,"id":10023035,"user":"曾秀琴","shop":"第三公有零售市場-豬肉","category":"夜市/市場攤販","zone":"中彰投","city":"南投縣","area":"埔里鎮","market_name":"第三公有零售市場","market_address":"南投縣埔里鎮東華路47號","pay_list":"","pay_tool":"","行業代號":null,"行業代號1":null,"名稱1":null,"行業代號2":null,"名稱2":null,"行業代號3":null,"名稱3":null},{"index":128,"id":10023049,"user":"陳麗雪","shop":"第三公有零售市場-熟雞","category":"夜市/市場攤販","zone":"中彰投","city":"南投縣","area":"埔里鎮","market_name":"第三公有零售市場","market_address":"南投縣埔里鎮東華路47號","pay_list":"","pay_tool":"","行業代號":null,"行業代號1":null,"名稱1":null,"行業代號2":null,"名稱2":null,"行業代號3":null,"名稱3":null},{"index":129,"id":10023060,"user":"黃淡汶","shop":"第三公有零售市場-豬肉","category":"夜市/市場攤販","zone":"中彰投","city":"南投縣","area":"埔里鎮","market_name":"第三公有零售市場","market_address":"南投縣埔里鎮東華路47號","pay_list":"","pay_tool":"","行業代號":null,"行業代號1":null,"名稱1":null,"行業代號2":null,"名稱2":null,"行業代號3":null,"名稱3":null},{"index":130,"id":10023071,"user":"莊惠霞","shop":"第三公有零售市場-豬肉","category":"夜市/市場攤販","zone":"中彰投","city":"南投縣","area":"埔里鎮","market_name":"第三公有零售市場","market_address":"南投縣埔里鎮東華路47號","pay_list":"","pay_tool":"","行業代號":null,"行業代號1":null,"名稱1":null,"行業代號2":null,"名稱2":null,"行業代號3":null,"名稱3":null},{"index":131,"id":10023082,"user":"林聰能","shop":"第三公有零售市場-熟雞","category":"夜市/市場攤販","zone":"中彰投","city":"南投縣","area":"埔里鎮","market_name":"第三公有零售市場","market_address":"南投縣埔里鎮東華路47號","pay_list":"","pay_tool":"","行業代號":null,"行業代號1":null,"名稱1":null,"行業代號2":null,"名稱2":null,"行業代號3":null,"名稱3":null},{"index":132,"id":10023093,"user":"蔡培峰","shop":"第三公有零售市場-熟鵝","category":"夜市/市場攤販","zone":"中彰投","city":"南投縣","area":"埔里鎮","market_name":"第三公有零售市場","market_address":"南投縣埔里鎮東華路47號","pay_list":"","pay_tool":"","行業代號":null,"行業代號1":null,"名稱1":null,"行業代號2":null,"名稱2":null,"行業代號3":null,"名稱3":null},{"index":133,"id":10023104,"user":"王玉慧","shop":"第三公有零售市場-蔬菜","category":"夜市/市場攤販","zone":"中彰投","city":"南投縣","area":"埔里鎮","market_name":"第三公有零售市場","market_address":"南投縣埔里鎮東華路47號","pay_list":"","pay_tool":"","行業代號":null,"行業代號1":null,"名稱1":null,"行業代號2":null,"名稱2":null,"行業代號3":null,"名稱3":null},{"index":134,"id":10023115,"user":"羅麗秀","shop":"第三公有零售市場-蔬菜","category":"夜市/市場攤販","zone":"中彰投","city":"南投縣","area":"埔里鎮","market_name":"第三公有零售市場","market_address":"南投縣埔里鎮東華路47號","pay_list":"","pay_tool":"","行業代號":null,"行業代號1":null,"名稱1":null,"行業代號2":null,"名稱2":null,"行業代號3":null,"名稱3":null},{"index":135,"id":10023126,"user":"王商志","shop":"第三公有零售市場-豬肉","category":"夜市/市場攤販","zone":"中彰投","city":"南投縣","area":"埔里鎮","market_name":"第三公有零售市場","market_address":"南投縣埔里鎮東華路47號","pay_list":"","pay_tool":"","行業代號":null,"行業代號1":null,"名稱1":null,"行業代號2":null,"名稱2":null,"行業代號3":null,"名稱3":null},{"index":136,"id":10023137,"user":"游錦秀","shop":"第三公有零售市場-魚蝦","category":"夜市/市場攤販","zone":"中彰投","city":"南投縣","area":"埔里鎮","market_name":"第三公有零售市場","market_address":"南投縣埔里鎮東華路47號","pay_list":"","pay_tool":"","行業代號":null,"行業代號1":null,"名稱1":null,"行業代號2":null,"名稱2":null,"行業代號3":null,"名稱3":null},{"index":137,"id":10023148,"user":"江婉君","shop":"第三公有零售市場-豬肉","category":"夜市/市場攤販","zone":"中彰投","city":"南投縣","area":"埔里鎮","market_name":"第三公有零售市場","market_address":"南投縣埔里鎮東華路47號","pay_list":"","pay_tool":"","行業代號":null,"行業代號1":null,"名稱1":null,"行業代號2":null,"名稱2":null,"行業代號3":null,"名稱3":null},{"index":138,"id":10023160,"user":"楊月霞","shop":"第三公有零售市場-豆腐","category":"夜市/市場攤販","zone":"中彰投","city":"南投縣","area":"埔里鎮","market_name":"第三公有零售市場","market_address":"南投縣埔里鎮東華路47號","pay_list":"","pay_tool":"","行業代號":null,"行業代號1":null,"名稱1":null,"行業代號2":null,"名稱2":null,"行業代號3":null,"名稱3":null},{"index":139,"id":10023171,"user":"謝惠娟","shop":"第三公有零售市場-蔬菜","category":"夜市/市場攤販","zone":"中彰投","city":"南投縣","area":"埔里鎮","market_name":"第三公有零售市場","market_address":"南投縣埔里鎮東華路47號","pay_list":"","pay_tool":"","行業代號":null,"行業代號1":null,"名稱1":null,"行業代號2":null,"名稱2":null,"行業代號3":null,"名稱3":null},{"index":140,"id":10023182,"user":"楊素真","shop":"第三公有零售市場-蔬菜","category":"夜市/市場攤販","zone":"中彰投","city":"南投縣","area":"埔里鎮","market_name":"第三公有零售市場","market_address":"南投縣埔里鎮東華路47號","pay_list":"","pay_tool":"","行業代號":null,"行業代號1":null,"名稱1":null,"行業代號2":null,"名稱2":null,"行業代號3":null,"名稱3":null},{"index":141,"id":10023193,"user":"童元寶","shop":"第三公有零售市場-生雞鴨","category":"夜市/市場攤販","zone":"中彰投","city":"南投縣","area":"埔里鎮","market_name":"第三公有零售市場","market_address":"南投縣埔里鎮東華路47號","pay_list":"","pay_tool":"","行業代號":null,"行業代號1":null,"名稱1":null,"行業代號2":null,"名稱2":null,"行業代號3":null,"名稱3":null},{"index":142,"id":10023204,"user":"王俊盛","shop":"第三公有零售市場-魚貝","category":"夜市/市場攤販","zone":"中彰投","city":"南投縣","area":"埔里鎮","market_name":"第三公有零售市場","market_address":"南投縣埔里鎮東華路47號","pay_list":"","pay_tool":"","行業代號":null,"行業代號1":null,"名稱1":null,"行業代號2":null,"名稱2":null,"行業代號3":null,"名稱3":null},{"index":143,"id":10023215,"user":"吳幸珠","shop":"第三公有零售市場-蔬菜","category":"夜市/市場攤販","zone":"中彰投","city":"南投縣","area":"埔里鎮","market_name":"第三公有零售市場","market_address":"南投縣埔里鎮東華路47號","pay_list":"","pay_tool":"","行業代號":null,"行業代號1":null,"名稱1":null,"行業代號2":null,"名稱2":null,"行業代號3":null,"名稱3":null},{"index":144,"id":10023226,"user":"潘金海","shop":"第三公有零售市場-魚蝦","category":"夜市/市場攤販","zone":"中彰投","city":"南投縣","area":"埔里鎮","market_name":"第三公有零售市場","market_address":"南投縣埔里鎮東華路47號","pay_list":"","pay_tool":"","行業代號":null,"行業代號1":null,"名稱1":null,"行業代號2":null,"名稱2":null,"行業代號3":null,"名稱3":null},{"index":145,"id":10023237,"user":"葉俊宏","shop":"第三公有零售市場-魚蝦","category":"夜市/市場攤販","zone":"中彰投","city":"南投縣","area":"埔里鎮","market_name":"第三公有零售市場","market_address":"南投縣埔里鎮東華路47號","pay_list":"","pay_tool":"","行業代號":null,"行業代號1":null,"名稱1":null,"行業代號2":null,"名稱2":null,"行業代號3":null,"名稱3":null},{"index":146,"id":10023248,"user":"林育婷","shop":"第三公有零售市場-魚蝦","category":"夜市/市場攤販","zone":"中彰投","city":"南投縣","area":"埔里鎮","market_name":"第三公有零售市場","market_address":"南投縣埔里鎮東華路47號","pay_list":"","pay_tool":"","行業代號":null,"行業代號1":null,"名稱1":null,"行業代號2":null,"名稱2":null,"行業代號3":null,"名稱3":null},{"index":147,"id":10023259,"user":"黃喜雀","shop":"第三公有零售市場-生鮮","category":"夜市/市場攤販","zone":"中彰投","city":"南投縣","area":"埔里鎮","market_name":"第三公有零售市場","market_address":"南投縣埔里鎮東華路47號","pay_list":"","pay_tool":"","行業代號":null,"行業代號1":null,"名稱1":null,"行業代號2":null,"名稱2":null,"行業代號3":null,"名稱3":null},{"index":148,"id":10023271,"user":"陳鴻南","shop":"第三公有零售市場-蔬菜","category":"夜市/市場攤販","zone":"中彰投","city":"南投縣","area":"埔里鎮","market_name":"第三公有零售市場","market_address":"南投縣埔里鎮東華路47號","pay_list":"","pay_tool":"","行業代號":null,"行業代號1":null,"名稱1":null,"行業代號2":null,"名稱2":null,"行業代號3":null,"名稱3":null},{"index":149,"id":10023282,"user":"謝忠良","shop":"第三公有零售市場-火鍋料","category":"夜市/市場攤販","zone":"中彰投","city":"南投縣","area":"埔里鎮","market_name":"第三公有零售市場","market_address":"南投縣埔里鎮東華路47號","pay_list":"","pay_tool":"","行業代號":null,"行業代號1":null,"名稱1":null,"行業代號2":null,"名稱2":null,"行業代號3":null,"名稱3":null},{"index":150,"id":10023293,"user":"林貴美","shop":"第三公有零售市場-蔬菜","category":"夜市/市場攤販","zone":"中彰投","city":"南投縣","area":"埔里鎮","market_name":"第三公有零售市場","market_address":"南投縣埔里鎮東華路47號","pay_list":"","pay_tool":"","行業代號":null,"行業代號1":null,"名稱1":null,"行業代號2":null,"名稱2":null,"行業代號3":null,"名稱3":null},{"index":151,"id":10023304,"user":"沈招治","shop":"第三公有零售市場-熟雞","category":"夜市/市場攤販","zone":"中彰投","city":"南投縣","area":"埔里鎮","market_name":"第三公有零售市場","market_address":"南投縣埔里鎮東華路47號","pay_list":"","pay_tool":"","行業代號":null,"行業代號1":null,"名稱1":null,"行業代號2":null,"名稱2":null,"行業代號3":null,"名稱3":null},{"index":152,"id":10023315,"user":"韋麗珠","shop":"第三公有零售市場-水產","category":"夜市/市場攤販","zone":"中彰投","city":"南投縣","area":"埔里鎮","market_name":"第三公有零售市場","market_address":"南投縣埔里鎮東華路47號","pay_list":"","pay_tool":"","行業代號":null,"行業代號1":null,"名稱1":null,"行業代號2":null,"名稱2":null,"行業代號3":null,"名稱3":null},{"index":153,"id":10023326,"user":"羅謙養","shop":"第三公有零售市場-麵食","category":"夜市/市場攤販","zone":"中彰投","city":"南投縣","area":"埔里鎮","market_name":"第三公有零售市場","market_address":"南投縣埔里鎮東華路47號","pay_list":"","pay_tool":"","行業代號":null,"行業代號1":null,"名稱1":null,"行業代號2":null,"名稱2":null,"行業代號3":null,"名稱3":null},{"index":154,"id":10023337,"user":"楊承軒","shop":"第三公有零售市場-素料","category":"夜市/市場攤販","zone":"中彰投","city":"南投縣","area":"埔里鎮","market_name":"第三公有零售市場","market_address":"南投縣埔里鎮東華路47號","pay_list":"","pay_tool":"","行業代號":null,"行業代號1":null,"名稱1":null,"行業代號2":null,"名稱2":null,"行業代號3":null,"名稱3":null},{"index":155,"id":10023348,"user":"洪玉華","shop":"第三公有零售市場-裁縫","category":"夜市/市場攤販","zone":"中彰投","city":"南投縣","area":"埔里鎮","market_name":"第三公有零售市場","market_address":"南投縣埔里鎮東華路47號","pay_list":"","pay_tool":"","行業代號":null,"行業代號1":null,"名稱1":null,"行業代號2":null,"名稱2":null,"行業代號3":null,"名稱3":null},{"index":156,"id":10023359,"user":"洪麗霞","shop":"第三公有零售市場-蔬菜","category":"夜市/市場攤販","zone":"中彰投","city":"南投縣","area":"埔里鎮","market_name":"第三公有零售市場","market_address":"南投縣埔里鎮東華路47號","pay_list":"","pay_tool":"","行業代號":null,"行業代號1":null,"名稱1":null,"行業代號2":null,"名稱2":null,"行業代號3":null,"名稱3":null},{"index":157,"id":10023370,"user":"吳漢得","shop":"第三公有零售市場-民俗療法","category":"夜市/市場攤販","zone":"中彰投","city":"南投縣","area":"埔里鎮","market_name":"第三公有零售市場","market_address":"南投縣埔里鎮東華路47號","pay_list":"","pay_tool":"","行業代號":null,"行業代號1":null,"名稱1":null,"行業代號2":null,"名稱2":null,"行業代號3":null,"名稱3":null},{"index":158,"id":10023382,"user":"黃雙喜","shop":"第三公有零售市場-魚蝦","category":"夜市/市場攤販","zone":"中彰投","city":"南投縣","area":"埔里鎮","market_name":"第三公有零售市場","market_address":"南投縣埔里鎮東華路47號","pay_list":"","pay_tool":"","行業代號":null,"行業代號1":null,"名稱1":null,"行業代號2":null,"名稱2":null,"行業代號3":null,"名稱3":null},{"index":159,"id":10023393,"user":"李中行","shop":"第三公有零售市場-冷凍食品","category":"夜市/市場攤販","zone":"中彰投","city":"南投縣","area":"埔里鎮","market_name":"第三公有零售市場","market_address":"南投縣埔里鎮東華路47號","pay_list":"","pay_tool":"","行業代號":null,"行業代號1":null,"名稱1":null,"行業代號2":null,"名稱2":null,"行業代號3":null,"名稱3":null},{"index":160,"id":10023404,"user":"詹堡文","shop":"第三公有零售市場-裁縫","category":"夜市/市場攤販","zone":"中彰投","city":"南投縣","area":"埔里鎮","market_name":"第三公有零售市場","market_address":"南投縣埔里鎮東華路47號","pay_list":"","pay_tool":"","行業代號":null,"行業代號1":null,"名稱1":null,"行業代號2":null,"名稱2":null,"行業代號3":null,"名稱3":null},{"index":161,"id":10023415,"user":"陳武義","shop":"第三公有零售市場-麵食","category":"夜市/市場攤販","zone":"中彰投","city":"南投縣","area":"埔里鎮","market_name":"第三公有零售市場","market_address":"南投縣埔里鎮東華路47號","pay_list":"","pay_tool":"","行業代號":null,"行業代號1":null,"名稱1":null,"行業代號2":null,"名稱2":null,"行業代號3":null,"名稱3":null},{"index":162,"id":10023426,"user":"劉武勳","shop":"第三公有零售市場-小吃","category":"夜市/市場攤販","zone":"中彰投","city":"南投縣","area":"埔里鎮","market_name":"第三公有零售市場","market_address":"南投縣埔里鎮東華路47號","pay_list":"","pay_tool":"","行業代號":null,"行業代號1":null,"名稱1":null,"行業代號2":null,"名稱2":null,"行業代號3":null,"名稱3":null},{"index":163,"id":10023437,"user":"陳泰丞","shop":"第三公有零售市場-豬肉","category":"夜市/市場攤販","zone":"中彰投","city":"南投縣","area":"埔里鎮","market_name":"第三公有零售市場","market_address":"南投縣埔里鎮東華路47號","pay_list":"","pay_tool":"","行業代號":null,"行業代號1":null,"名稱1":null,"行業代號2":null,"名稱2":null,"行業代號3":null,"名稱3":null},{"index":164,"id":10023448,"user":"劉招松","shop":"第三公有零售市場-素料","category":"夜市/市場攤販","zone":"中彰投","city":"南投縣","area":"埔里鎮","market_name":"第三公有零售市場","market_address":"南投縣埔里鎮東華路47號","pay_list":"","pay_tool":"","行業代號":null,"行業代號1":null,"名稱1":null,"行業代號2":null,"名稱2":null,"行業代號3":null,"名稱3":null},{"index":165,"id":10023459,"user":"蔡榮權","shop":"第三公有零售市場-什貨","category":"夜市/市場攤販","zone":"中彰投","city":"南投縣","area":"埔里鎮","market_name":"第三公有零售市場","market_address":"南投縣埔里鎮東華路47號","pay_list":"","pay_tool":"","行業代號":null,"行業代號1":null,"名稱1":null,"行業代號2":null,"名稱2":null,"行業代號3":null,"名稱3":null},{"index":166,"id":10023470,"user":"陳昱丞","shop":"第三公有零售市場-熟雞鴨","category":"夜市/市場攤販","zone":"中彰投","city":"南投縣","area":"埔里鎮","market_name":"第三公有零售市場","market_address":"南投縣埔里鎮東華路47號","pay_list":"","pay_tool":"","行業代號":null,"行業代號1":null,"名稱1":null,"行業代號2":null,"名稱2":null,"行業代號3":null,"名稱3":null},{"index":167,"id":10023481,"user":"陳美寶","shop":"第三公有零售市場-生禽","category":"夜市/市場攤販","zone":"中彰投","city":"南投縣","area":"埔里鎮","market_name":"第三公有零售市場","market_address":"南投縣埔里鎮東華路47號","pay_list":"","pay_tool":"","行業代號":null,"行業代號1":null,"名稱1":null,"行業代號2":null,"名稱2":null,"行業代號3":null,"名稱3":null},{"index":168,"id":10023493,"user":"陳培英","shop":"第三公有零售市場-豬肉","category":"夜市/市場攤販","zone":"中彰投","city":"南投縣","area":"埔里鎮","market_name":"第三公有零售市場","market_address":"南投縣埔里鎮東華路47號","pay_list":"","pay_tool":"","行業代號":null,"行業代號1":null,"名稱1":null,"行業代號2":null,"名稱2":null,"行業代號3":null,"名稱3":null},{"index":169,"id":10023504,"user":"黃威誌","shop":"第三公有零售市場-豬肉","category":"夜市/市場攤販","zone":"中彰投","city":"南投縣","area":"埔里鎮","market_name":"第三公有零售市場","market_address":"南投縣埔里鎮東華路47號","pay_list":"","pay_tool":"","行業代號":null,"行業代號1":null,"名稱1":null,"行業代號2":null,"名稱2":null,"行業代號3":null,"名稱3":null},{"index":170,"id":10023515,"user":"朱春英","shop":"第三公有零售市場-蔬菜","category":"夜市/市場攤販","zone":"中彰投","city":"南投縣","area":"埔里鎮","market_name":"第三公有零售市場","market_address":"南投縣埔里鎮東華路47號","pay_list":"","pay_tool":"","行業代號":null,"行業代號1":null,"名稱1":null,"行業代號2":null,"名稱2":null,"行業代號3":null,"名稱3":null},{"index":171,"id":10023526,"user":"沈榮旗","shop":"第三公有零售市場-蔬菜","category":"夜市/市場攤販","zone":"中彰投","city":"南投縣","area":"埔里鎮","market_name":"第三公有零售市場","market_address":"南投縣埔里鎮東華路47號","pay_list":"","pay_tool":"","行業代號":null,"行業代號1":null,"名稱1":null,"行業代號2":null,"名稱2":null,"行業代號3":null,"名稱3":null},{"index":172,"id":10023537,"user":"余政倉","shop":"第三公有零售市場-服飾","category":"夜市/市場攤販","zone":"中彰投","city":"南投縣","area":"埔里鎮","market_name":"第三公有零售市場","market_address":"南投縣埔里鎮東華路47號","pay_list":"","pay_tool":"","行業代號":null,"行業代號1":null,"名稱1":null,"行業代號2":null,"名稱2":null,"行業代號3":null,"名稱3":null},{"index":173,"id":10023548,"user":"駱淑貞","shop":"第三公有零售市場-服飾","category":"夜市/市場攤販","zone":"中彰投","city":"南投縣","area":"埔里鎮","market_name":"第三公有零售市場","market_address":"南投縣埔里鎮東華路47號","pay_list":"","pay_tool":"","行業代號":null,"行業代號1":null,"名稱1":null,"行業代號2":null,"名稱2":null,"行業代號3":null,"名稱3":null},{"index":174,"id":10023559,"user":"顏春錢","shop":"第三公有零售市場-生禽","category":"夜市/市場攤販","zone":"中彰投","city":"南投縣","area":"埔里鎮","market_name":"第三公有零售市場","market_address":"南投縣埔里鎮東華路47號","pay_list":"","pay_tool":"","行業代號":null,"行業代號1":null,"名稱1":null,"行業代號2":null,"名稱2":null,"行業代號3":null,"名稱3":null},{"index":175,"id":10023570,"user":"黃盈智","shop":"第三公有零售市場-豬肉","category":"夜市/市場攤販","zone":"中彰投","city":"南投縣","area":"埔里鎮","market_name":"第三公有零售市場","market_address":"南投縣埔里鎮東華路47號","pay_list":"","pay_tool":"","行業代號":null,"行業代號1":null,"名稱1":null,"行業代號2":null,"名稱2":null,"行業代號3":null,"名稱3":null},{"index":176,"id":10023581,"user":"馬永光","shop":"魚市場夜市-熟鵝肉","category":"夜市/市場攤販","zone":"中彰投","city":"南投縣","area":"埔里鎮","market_name":"魚市場夜市","market_address":"南投縣埔里鎮南盛街88號","pay_list":"","pay_tool":"","行業代號":null,"行業代號1":null,"名稱1":null,"行業代號2":null,"名稱2":null,"行業代號3":null,"名稱3":null},{"index":177,"id":10023592,"user":"謝大淳","shop":"魚市場夜市-快炒","category":"夜市/市場攤販","zone":"中彰投","city":"南投縣","area":"埔里鎮","market_name":"魚市場夜市","market_address":"南投縣埔里鎮南盛街88號","pay_list":"","pay_tool":"","行業代號":null,"行業代號1":null,"名稱1":null,"行業代號2":null,"名稱2":null,"行業代號3":null,"名稱3":null},{"index":178,"id":10023604,"user":"李坤隆","shop":"魚市場夜市-快炒","category":"夜市/市場攤販","zone":"中彰投","city":"南投縣","area":"埔里鎮","market_name":"魚市場夜市","market_address":"南投縣埔里鎮南盛街88號","pay_list":"","pay_tool":"","行業代號":null,"行業代號1":null,"名稱1":null,"行業代號2":null,"名稱2":null,"行業代號3":null,"名稱3":null},{"index":179,"id":10023615,"user":"黃永森","shop":"魚市場夜市-快炒","category":"夜市/市場攤販","zone":"中彰投","city":"南投縣","area":"埔里鎮","market_name":"魚市場夜市","market_address":"南投縣埔里鎮南盛街88號","pay_list":"","pay_tool":"","行業代號":null,"行業代號1":null,"名稱1":null,"行業代號2":null,"名稱2":null,"行業代號3":null,"名稱3":null},{"index":180,"id":10023626,"user":"黃鎮平","shop":"魚市場夜市-快炒","category":"夜市/市場攤販","zone":"中彰投","city":"南投縣","area":"埔里鎮","market_name":"魚市場夜市","market_address":"南投縣埔里鎮南盛街88號","pay_list":"","pay_tool":"","行業代號":null,"行業代號1":null,"名稱1":null,"行業代號2":null,"名稱2":null,"行業代號3":null,"名稱3":null},{"index":181,"id":10023637,"user":"廖阿忠","shop":"魚市場夜市-烤肉","category":"夜市/市場攤販","zone":"中彰投","city":"南投縣","area":"埔里鎮","market_name":"魚市場夜市","market_address":"南投縣埔里鎮南盛街88號","pay_list":"","pay_tool":"","行業代號":null,"行業代號1":null,"名稱1":null,"行業代號2":null,"名稱2":null,"行業代號3":null,"名稱3":null},{"index":182,"id":10023648,"user":"陳其龍","shop":"魚市場夜市-烤玉米","category":"夜市/市場攤販","zone":"中彰投","city":"南投縣","area":"埔里鎮","market_name":"魚市場夜市","market_address":"南投縣埔里鎮南盛街88號","pay_list":"","pay_tool":"","行業代號":null,"行業代號1":null,"名稱1":null,"行業代號2":null,"名稱2":null,"行業代號3":null,"名稱3":null},{"index":183,"id":10023659,"user":"邱瑞雲","shop":"魚市場夜市-湯圓","category":"夜市/市場攤販","zone":"中彰投","city":"南投縣","area":"埔里鎮","market_name":"魚市場夜市","market_address":"南投縣埔里鎮南盛街88號","pay_list":"","pay_tool":"","行業代號":null,"行業代號1":null,"名稱1":null,"行業代號2":null,"名稱2":null,"行業代號3":null,"名稱3":null},{"index":184,"id":10023670,"user":"吳宜珍","shop":"魚市場夜市-小吃","category":"夜市/市場攤販","zone":"中彰投","city":"南投縣","area":"埔里鎮","market_name":"魚市場夜市","market_address":"南投縣埔里鎮南盛街88號","pay_list":"","pay_tool":"","行業代號":null,"行業代號1":null,"名稱1":null,"行業代號2":null,"名稱2":null,"行業代號3":null,"名稱3":null},{"index":185,"id":10023681,"user":"黃讌琇","shop":"魚市場夜市-燒烤","category":"夜市/市場攤販","zone":"中彰投","city":"南投縣","area":"埔里鎮","market_name":"魚市場夜市","market_address":"南投縣埔里鎮南盛街88號","pay_list":"","pay_tool":"","行業代號":null,"行業代號1":null,"名稱1":null,"行業代號2":null,"名稱2":null,"行業代號3":null,"名稱3":null},{"index":186,"id":10023692,"user":"黃明松","shop":"魚市場夜市-快炒","category":"夜市/市場攤販","zone":"中彰投","city":"南投縣","area":"埔里鎮","market_name":"魚市場夜市","market_address":"南投縣埔里鎮南盛街88號","pay_list":"","pay_tool":"","行業代號":null,"行業代號1":null,"名稱1":null,"行業代號2":null,"名稱2":null,"行業代號3":null,"名稱3":null},{"index":187,"id":10023703,"user":"廖月娥","shop":"魚市場夜市-臭豆腐","category":"夜市/市場攤販","zone":"中彰投","city":"南投縣","area":"埔里鎮","market_name":"魚市場夜市","market_address":"南投縣埔里鎮南盛街88號","pay_list":"","pay_tool":"","行業代號":null,"行業代號1":null,"名稱1":null,"行業代號2":null,"名稱2":null,"行業代號3":null,"名稱3":null},{"index":188,"id":10023715,"user":"廖秋香","shop":"魚市場夜市-燒烤","category":"夜市/市場攤販","zone":"中彰投","city":"南投縣","area":"埔里鎮","market_name":"魚市場夜市","market_address":"南投縣埔里鎮南盛街88號","pay_list":"","pay_tool":"","行業代號":null,"行業代號1":null,"名稱1":null,"行業代號2":null,"名稱2":null,"行業代號3":null,"名稱3":null},{"index":189,"id":10023726,"user":"魏文質","shop":"魚市場夜市-豬腳麵線","category":"夜市/市場攤販","zone":"中彰投","city":"南投縣","area":"埔里鎮","market_name":"魚市場夜市","market_address":"南投縣埔里鎮南盛街88號","pay_list":"","pay_tool":"","行業代號":null,"行業代號1":null,"名稱1":null,"行業代號2":null,"名稱2":null,"行業代號3":null,"名稱3":null},{"index":190,"id":10023737,"user":"林翠茵","shop":"魚市場夜市-蒸餃","category":"夜市/市場攤販","zone":"中彰投","city":"南投縣","area":"埔里鎮","market_name":"魚市場夜市","market_address":"南投縣埔里鎮南盛街88號","pay_list":"","pay_tool":"","行業代號":null,"行業代號1":null,"名稱1":null,"行業代號2":null,"名稱2":null,"行業代號3":null,"名稱3":null},{"index":191,"id":10023748,"user":"張逸南","shop":"魚市場夜市-蒸餃","category":"夜市/市場攤販","zone":"中彰投","city":"南投縣","area":"埔里鎮","market_name":"魚市場夜市","market_address":"南投縣埔里鎮南盛街88號","pay_list":"","pay_tool":"","行業代號":null,"行業代號1":null,"名稱1":null,"行業代號2":null,"名稱2":null,"行業代號3":null,"名稱3":null},{"index":192,"id":10023759,"user":"李哲正","shop":"魚市場夜市-快炒","category":"夜市/市場攤販","zone":"中彰投","city":"南投縣","area":"埔里鎮","market_name":"魚市場夜市","market_address":"南投縣埔里鎮南盛街88號","pay_list":"","pay_tool":"","行業代號":null,"行業代號1":null,"名稱1":null,"行業代號2":null,"名稱2":null,"行業代號3":null,"名稱3":null},{"index":193,"id":10023770,"user":"林盟祺","shop":"魚市場夜市-清粥小菜","category":"夜市/市場攤販","zone":"中彰投","city":"南投縣","area":"埔里鎮","market_name":"魚市場夜市","market_address":"南投縣埔里鎮南盛街88號","pay_list":"","pay_tool":"","行業代號":null,"行業代號1":null,"名稱1":null,"行業代號2":null,"名稱2":null,"行業代號3":null,"名稱3":null},{"index":194,"id":10023781,"user":"莫文雷","shop":"魚市場夜市-快炒","category":"夜市/市場攤販","zone":"中彰投","city":"南投縣","area":"埔里鎮","market_name":"魚市場夜市","market_address":"南投縣埔里鎮南盛街88號","pay_list":"","pay_tool":"","行業代號":null,"行業代號1":null,"名稱1":null,"行業代號2":null,"名稱2":null,"行業代號3":null,"名稱3":null},{"index":195,"id":10023792,"user":"黃麗雲","shop":"魚市場夜市-快炒","category":"夜市/市場攤販","zone":"中彰投","city":"南投縣","area":"埔里鎮","market_name":"魚市場夜市","market_address":"南投縣埔里鎮南盛街88號","pay_list":"","pay_tool":"","行業代號":null,"行業代號1":null,"名稱1":null,"行業代號2":null,"名稱2":null,"行業代號3":null,"名稱3":null},{"index":196,"id":10023803,"user":"蔡麗琴","shop":"魚市場夜市-壽司","category":"夜市/市場攤販","zone":"中彰投","city":"南投縣","area":"埔里鎮","market_name":"魚市場夜市","market_address":"南投縣埔里鎮南盛街88號","pay_list":"","pay_tool":"","行業代號":null,"行業代號1":null,"名稱1":null,"行業代號2":null,"名稱2":null,"行業代號3":null,"名稱3":null},{"index":197,"id":10023814,"user":"林麗美","shop":"魚市場夜市-快炒","category":"夜市/市場攤販","zone":"中彰投","city":"南投縣","area":"埔里鎮","market_name":"魚市場夜市","market_address":"南投縣埔里鎮南盛街88號","pay_list":"","pay_tool":"","行業代號":null,"行業代號1":null,"名稱1":null,"行業代號2":null,"名稱2":null,"行業代號3":null,"名稱3":null},{"index":198,"id":10023826,"user":"郭敏珠","shop":"魚市場夜市-牛排","category":"夜市/市場攤販","zone":"中彰投","city":"南投縣","area":"埔里鎮","market_name":"魚市場夜市","market_address":"南投縣埔里鎮南盛街88號","pay_list":"","pay_tool":"","行業代號":null,"行業代號1":null,"名稱1":null,"行業代號2":null,"名稱2":null,"行業代號3":null,"名稱3":null},{"index":199,"id":10023837,"user":"鐘業明","shop":"魚市場夜市-鹽水雞","category":"夜市/市場攤販","zone":"中彰投","city":"南投縣","area":"埔里鎮","market_name":"魚市場夜市","market_address":"南投縣埔里鎮南盛街88號","pay_list":"","pay_tool":"","行業代號":null,"行業代號1":null,"名稱1":null,"行業代號2":null,"名稱2":null,"行業代號3":null,"名稱3":null},{"index":200,"id":20002148,"user":"宋鳳娥","shop":"庭芳早點","category":["夜市/市場攤販"],"zone":"中彰投","city":"南投縣","area":"埔里鎮","market_name":["餐食攤販"],"market_address":"南投縣埔里鎮枇杷里中正路１８６號騎樓","pay_list":"","pay_tool":"","行業代號":null,"行業代號1":null,"名稱1":null,"行業代號2":null,"名稱2":null,"行業代號3":null,"名稱3":null}]