[{"index":1,"id":30015569,"category":"夜市小吃/市場","city":"新北市","area":"三峽區","market_name":"三峽公有零售市場","market_address":"新北市三峽區民生街186號","shop":"三峽公有零售市場 媽咪私房客家美食","pay_list":["街口支付","LINE Pay Money"],"zone":"北北基","user":"薛統旗","pay_tool":["行動支付"]},{"index":2,"id":30015572,"category":"夜市小吃/市場","city":"新北市","area":"三峽區","market_name":"三峽公有零售市場","market_address":"新北市三峽區民生街186號","shop":"三峽公有零售市場 興隆雞肉","pay_list":["LINE Pay Money"],"zone":"北北基","user":"李張秀","pay_tool":["行動支付"]},{"index":3,"id":30015575,"category":"夜市小吃/市場","city":"新北市","area":"三峽區","market_name":"三峽公有零售市場","market_address":"新北市三峽區民生街186號","shop":"三峽公有零售市場 大盛壽司","pay_list":["LINE Pay Money"],"zone":"北北基","user":"曾茂盛","pay_tool":["行動支付"]},{"index":4,"id":30015578,"category":"夜市小吃/市場","city":"新北市","area":"三峽區","market_name":"三峽公有零售市場","market_address":"新北市三峽區民生街186號","shop":"三峽公有零售市場 三鶯鵝肉","pay_list":["LINE Pay Money"],"zone":"北北基","user":"李麗玉","pay_tool":["行動支付"]},{"index":5,"id":30015591,"category":"夜市小吃/市場","city":"新北市","area":"三峽區","market_name":"三峽公有零售市場","market_address":"新北市三峽區民生街186號","shop":"三峽公有零售市場 調味香肉鬆","pay_list":["LINE Pay Money"],"zone":"北北基","user":"張淑貞","pay_tool":["行動支付"]},{"index":6,"id":30015599,"category":"夜市小吃/市場","city":"新北市","area":"三峽區","market_name":"三峽公有零售市場","market_address":"新北市三峽區民生街186號","shop":"三峽公有零售市場 金信海鮮批發","pay_list":["街口支付"],"zone":"北北基","user":"蘇正國","pay_tool":["行動支付"]},{"index":7,"id":30015600,"category":"夜市小吃/市場","city":"新北市","area":"三峽區","market_name":"三峽公有零售市場","market_address":"新北市三峽區民生街186號","shop":"三峽公有零售市場 金信海鮮批發","pay_list":["街口支付"],"zone":"北北基","user":"王雅絹","pay_tool":["行動支付"]},{"index":8,"id":30015601,"category":"夜市小吃/市場","city":"新北市","area":"三峽區","market_name":"三峽公有零售市場","market_address":"新北市三峽區民生街186號","shop":"三峽公有零售市場 金信海鮮批發","pay_list":["街口支付"],"zone":"北北基","user":"李姵萱","pay_tool":["行動支付"]},{"index":9,"id":30015602,"category":"夜市小吃/市場","city":"新北市","area":"三峽區","market_name":"三峽公有零售市場","market_address":"新北市三峽區民生街186號","shop":"三峽公有零售市場 三峽雞肉專賣店","pay_list":["LINE Pay Money"],"zone":"北北基","user":"陳錢淑華","pay_tool":["行動支付"]},{"index":10,"id":30015608,"category":"夜市小吃/市場","city":"新北市","area":"三峽區","market_name":"三峽公有零售市場","market_address":"新北市三峽區民生街186號","shop":"三峽公有零售市場 金信海鮮批發","pay_list":["街口支付"],"zone":"北北基","user":"李劉菊","pay_tool":["行動支付"]},{"index":11,"id":30015609,"category":"夜市小吃/市場","city":"新北市","area":"三峽區","market_name":"三峽公有零售市場","market_address":"新北市三峽區民生街186號","shop":"三峽公有零售市場 金信海鮮批發","pay_list":["街口支付"],"zone":"北北基","user":"李志信","pay_tool":["行動支付"]},{"index":12,"id":30015612,"category":"夜市小吃/市場","city":"新北市","area":"三峽區","market_name":"三峽公有零售市場","market_address":"新北市三峽區民生街186號","shop":"三峽公有零售市場 金信海鮮批發","pay_list":["街口支付"],"zone":"北北基","user":"陳香年","pay_tool":["行動支付"]},{"index":13,"id":30015622,"category":"夜市小吃/市場","city":"新北市","area":"三峽區","market_name":"三峽公有零售市場","market_address":"新北市三峽區民生街186號","shop":"三峽公有零售市場 曾好吃鄉下黑豬肉","pay_list":["LINE Pay Money"],"zone":"北北基","user":"廖美霞","pay_tool":["行動支付"]},{"index":14,"id":30015640,"category":"夜市小吃/市場","city":"新北市","area":"三峽區","market_name":"三峽公有零售市場","market_address":"新北市三峽區民生街186號","shop":"三峽公有零售市場 小玉小米","pay_list":["街口支付","LINE Pay Money"],"zone":"北北基","user":"李炯豪","pay_tool":["行動支付"]},{"index":15,"id":30015646,"category":"夜市小吃/市場","city":"新北市","area":"三峽區","market_name":"三峽公有零售市場","market_address":"新北市三峽區民生街186號","shop":"三峽公有零售市場 叻叻甜典工作室","pay_list":["街口支付","LINE Pay Money"],"zone":"北北基","user":"廖美玉","pay_tool":["行動支付"]},{"index":16,"id":30015651,"category":"夜市小吃/市場","city":"新北市","area":"三峽區","market_name":"三峽公有零售市場","market_address":"新北市三峽區民生街186號","shop":"三峽公有零售市場 虹妤美容坊","pay_list":["街口支付"],"zone":"北北基","user":"劉虹妤","pay_tool":["行動支付"]},{"index":17,"id":30015652,"category":"夜市小吃/市場","city":"新北市","area":"三峽區","market_name":"三峽公有零售市場","market_address":"新北市三峽區民生街186號","shop":"三峽公有零售市場 珍石美","pay_list":["街口支付"],"zone":"北北基","user":"黃照宏","pay_tool":["行動支付"]},{"index":18,"id":30015658,"category":"夜市小吃/市場","city":"新北市","area":"三峽區","market_name":"三峽公有零售市場","market_address":"新北市三峽區民生街186號","shop":"三峽公有零售市場 修改衣服","pay_list":["LINE Pay Money"],"zone":"北北基","user":"劉呂金玉","pay_tool":["行動支付"]},{"index":19,"id":30015660,"category":"夜市小吃/市場","city":"新北市","area":"三峽區","market_name":"三峽公有零售市場","market_address":"新北市三峽區民生街186號","shop":"三峽公有零售市場 晴川小舖","pay_list":["街口支付"],"zone":"北北基","user":"王清隆","pay_tool":["行動支付"]},{"index":20,"id":30015662,"category":"夜市小吃/市場","city":"新北市","area":"三峽區","market_name":"三峽公有零售市場","market_address":"新北市三峽區民生街186號","shop":"三峽公有零售市場 百貨商行","pay_list":["街口支付"],"zone":"北北基","user":"鍾孟甫","pay_tool":["行動支付"]},{"index":21,"id":30015667,"category":"夜市小吃/市場","city":"新北市","area":"三峽區","market_name":"三峽公有零售市場","market_address":"新北市三峽區民生街186號","shop":"三峽公有零售市場 彩芬服飾店","pay_list":["LINE Pay Money"],"zone":"北北基","user":"王淑宜","pay_tool":["行動支付"]},{"index":22,"id":30015674,"category":"夜市小吃/市場","city":"新北市","area":"三峽區","market_name":"三峽公有零售市場","market_address":"新北市三峽區民生街186號","shop":"三峽公有零售市場 佳賢服飾店","pay_list":["街口支付"],"zone":"北北基","user":"彭小芬","pay_tool":["行動支付"]},{"index":23,"id":30015675,"category":"夜市小吃/市場","city":"新北市","area":"三峽區","market_name":"三峽公有零售市場","market_address":"新北市三峽區民生街186號","shop":"三峽公有零售市場 麗英雞肉","pay_list":["LINE Pay Money"],"zone":"北北基","user":"林俊明","pay_tool":["行動支付"]},{"index":24,"id":30015680,"category":"夜市小吃/市場","city":"新北市","area":"三峽區","market_name":"三峽公有零售市場","market_address":"新北市三峽區民生街186號","shop":"三峽公有零售市場 蚵仔麵線甜不辣","pay_list":["LINE Pay Money"],"zone":"北北基","user":"王福棟","pay_tool":["行動支付"]},{"index":25,"id":30015681,"category":"夜市小吃/市場","city":"新北市","area":"三峽區","market_name":"三峽公有零售市場","market_address":"新北市三峽區民生街186號","shop":"三峽公有零售市場 素食高手","pay_list":["LINE Pay Money"],"zone":"北北基","user":"陳林琴","pay_tool":["行動支付"]},{"index":26,"id":30015682,"category":"夜市小吃/市場","city":"新北市","area":"三峽區","market_name":"三峽公有零售市場","market_address":"新北市三峽區民生街186號","shop":"三峽公有零售市場 怡珍芳商行","pay_list":["街口支付"],"zone":"北北基","user":"吳若慈","pay_tool":["行動支付"]},{"index":27,"id":30015686,"category":"夜市小吃/市場","city":"新北市","area":"三峽區","market_name":"三峽公有零售市場","market_address":"新北市三峽區民生街186號","shop":"三峽公有零售市場 怡珍芳商行","pay_list":["街口支付"],"zone":"北北基","user":"吳孝昌","pay_tool":["行動支付"]},{"index":28,"id":30015696,"category":"夜市小吃/市場","city":"新北市","area":"三峽區","market_name":"三峽公有零售市場","market_address":"新北市三峽區民生街186號","shop":"三峽公有零售市場 怡珍芳商行","pay_list":["街口支付"],"zone":"北北基","user":"吳孝昌","pay_tool":["行動支付"]},{"index":29,"id":30015701,"category":"夜市小吃/市場","city":"新北市","area":"三峽區","market_name":"三峽公有零售市場","market_address":"新北市三峽區民生街186號","shop":"三峽公有零售市場 無","pay_list":["街口支付","LINE Pay Money"],"zone":"北北基","user":"王致富","pay_tool":["行動支付"]},{"index":30,"id":30015702,"category":"夜市小吃/市場","city":"新北市","area":"三峽區","market_name":"三峽公有零售市場","market_address":"新北市三峽區民生街186號","shop":"三峽公有零售市場 施您美麗","pay_list":["街口支付","LINE Pay Money"],"zone":"北北基","user":"施玲鎂","pay_tool":["行動支付"]},{"index":31,"id":30015712,"category":"夜市小吃/市場","city":"新北市","area":"三峽區","market_name":"三峽公有零售市場","market_address":"新北市三峽區民生街186號","shop":"三峽公有零售市場 施您美麗","pay_list":["街口支付"],"zone":"北北基","user":"吳世綿","pay_tool":["行動支付"]},{"index":32,"id":30015719,"category":"夜市小吃/市場","city":"新北市","area":"三峽區","market_name":"三峽公有零售市場","market_address":"新北市三峽區民生街186號","shop":"三峽公有零售市場 菲芃男女美容生活館","pay_list":["LINE Pay Money"],"zone":"北北基","user":"秦淑錦","pay_tool":["行動支付"]},{"index":33,"id":30015720,"category":"夜市小吃/市場","city":"新北市","area":"三峽區","market_name":"三峽公有零售市場","market_address":"新北市三峽區民生街186號","shop":"三峽公有零售市場 韓國空運服飾","pay_list":["街口支付"],"zone":"北北基","user":"陳雅芬","pay_tool":["行動支付"]},{"index":34,"id":30015721,"category":"夜市小吃/市場","city":"新北市","area":"三峽區","market_name":"三峽公有零售市場","market_address":"新北市三峽區民生街186號","shop":"三峽公有零售市場 寶玉高級男飾","pay_list":["街口支付"],"zone":"北北基","user":"陳雅芬","pay_tool":["行動支付"]},{"index":35,"id":30015722,"category":"夜市小吃/市場","city":"新北市","area":"三峽區","market_name":"三峽公有零售市場","market_address":"新北市三峽區民生街186號","shop":"三峽公有零售市場 玉華閣","pay_list":["街口支付","LINE Pay Money"],"zone":"北北基","user":"楊琇惠","pay_tool":["行動支付"]},{"index":36,"id":30015723,"category":"夜市小吃/市場","city":"新北市","area":"三峽區","market_name":"三峽公有零售市場","market_address":"新北市三峽區民生街186號","shop":"三峽公有零售市場 如玉彩繪美甲腳底按摩","pay_list":["街口支付","LINE Pay Money"],"zone":"北北基","user":"黃金全","pay_tool":["行動支付"]},{"index":37,"id":30015724,"category":"夜市小吃/市場","city":"新北市","area":"三峽區","market_name":"三峽公有零售市場","market_address":"新北市三峽區民生街186號","shop":"三峽公有零售市場 如玉彩繪美甲腳底按摩","pay_list":["街口支付","LINE Pay Money"],"zone":"北北基","user":"丁玉珍","pay_tool":["行動支付"]},{"index":38,"id":30015725,"category":"夜市小吃/市場","city":"新北市","area":"三峽區","market_name":"三峽公有零售市場","market_address":"新北市三峽區民生街186號","shop":"三峽公有零售市場 咖啡玉石藝品店","pay_list":["街口支付","LINE Pay Money"],"zone":"北北基","user":"陳素卿","pay_tool":["行動支付"]},{"index":39,"id":30015726,"category":"夜市小吃/市場","city":"新北市","area":"三峽區","market_name":"三峽公有零售市場","market_address":"新北市三峽區民生街186號","shop":"三峽公有零售市場 品瑄美容工作室","pay_list":["街口支付","LINE Pay Money"],"zone":"北北基","user":"王桂女","pay_tool":["行動支付"]},{"index":40,"id":30015727,"category":"夜市小吃/市場","city":"新北市","area":"三峽區","market_name":"三峽公有零售市場","market_address":"新北市三峽區民生街186號","shop":"三峽公有零售市場 品瑄美容工作室","pay_list":["街口支付"],"zone":"北北基","user":"周瑞卿","pay_tool":["行動支付"]},{"index":41,"id":30015732,"category":"夜市小吃/市場","city":"新北市","area":"三峽區","market_name":"三峽公有零售市場","market_address":"新北市三峽區民生街186號","shop":"三峽公有零售市場 寶玉精品店","pay_list":["街口支付"],"zone":"北北基","user":"林志隆","pay_tool":["行動支付"]},{"index":42,"id":30015733,"category":"夜市小吃/市場","city":"新北市","area":"三峽區","market_name":"三峽公有零售市場","market_address":"新北市三峽區民生街186號","shop":"三峽公有零售市場 喜藝門","pay_list":["街口支付"],"zone":"北北基","user":"江美慧","pay_tool":["行動支付"]},{"index":43,"id":30015734,"category":"夜市小吃/市場","city":"新北市","area":"三峽區","market_name":"三峽公有零售市場","market_address":"新北市三峽區民生街186號","shop":"三峽公有零售市場 喜善門","pay_list":["LINE Pay Money"],"zone":"北北基","user":"許有富","pay_tool":["行動支付"]},{"index":44,"id":30015735,"category":"夜市小吃/市場","city":"新北市","area":"三峽區","market_name":"三峽公有零售市場","market_address":"新北市三峽區民生街186號","shop":"三峽公有零售市場 小小heatr視界","pay_list":["街口支付","LINE Pay Money"],"zone":"北北基","user":"張正和","pay_tool":["行動支付"]},{"index":45,"id":30015737,"category":"夜市小吃/市場","city":"新北市","area":"三峽區","market_name":"三峽公有零售市場","market_address":"新北市三峽區民生街186號","shop":"三峽公有零售市場 詹太太手工食品","pay_list":["街口支付"],"zone":"北北基","user":"林美?","pay_tool":["行動支付"]},{"index":46,"id":30015738,"category":"夜市小吃/市場","city":"新北市","area":"三峽區","market_name":"三峽公有零售市場","market_address":"新北市三峽區民生街186號","shop":"三峽公有零售市場 自然生活","pay_list":["街口支付"],"zone":"北北基","user":"蘇妙妮","pay_tool":["行動支付"]},{"index":47,"id":30015740,"category":"夜市小吃/市場","city":"新北市","area":"三峽區","market_name":"三峽公有零售市場","market_address":"新北市三峽區民生街186號","shop":"三峽公有零售市場 修改衣服","pay_list":["街口支付"],"zone":"北北基","user":"黃資智","pay_tool":["行動支付"]},{"index":48,"id":30015742,"category":"夜市小吃/市場","city":"新北市","area":"三峽區","market_name":"三峽公有零售市場","market_address":"新北市三峽區民生街186號","shop":"三峽公有零售市場 阿富腳底按摩","pay_list":["街口支付"],"zone":"北北基","user":"林誼文","pay_tool":["行動支付"]},{"index":49,"id":30015743,"category":"夜市小吃/市場","city":"新北市","area":"三峽區","market_name":"三峽公有零售市場","market_address":"新北市三峽區民生街186號","shop":"三峽公有零售市場 阿富腳底按摩","pay_list":["街口支付","LINE Pay Money"],"zone":"北北基","user":"陳振富","pay_tool":["行動支付"]},{"index":50,"id":30015754,"category":"夜市小吃/市場","city":"新北市","area":"三峽區","market_name":"三峽公有零售市場","market_address":"新北市三峽區民生街186號","shop":"三峽公有零售市場 紅麗糖果店","pay_list":["街口支付"],"zone":"北北基","user":"馮紅麗","pay_tool":["行動支付"]},{"index":51,"id":30015757,"category":"夜市小吃/市場","city":"新北市","area":"三峽區","market_name":"三峽公有零售市場","market_address":"新北市三峽區民生街186號","shop":"三峽公有零售市場 禛品屋日本精品雜貨舖","pay_list":["台灣 PAY"],"zone":"北北基","user":"洪鈺翔","pay_tool":["行動支付"]}]