[{"index":1,"shop":"名園燒臘","zone":"桃竹苗","city":"新竹縣","area":"寶山鄉","market_address":"新竹縣寶山鄉雙新村４鄰寶新路１段２７號","user":"彭壽生","行業代號":null,"market_name":["餐食攤販"],"行業代號1":null,"名稱1":null,"行業代號2":null,"名稱2":null,"行業代號3":null,"名稱3":null,"category":["夜市/市場攤販"],"id":20061172,"pay_list":"","pay_tool":""},{"index":2,"shop":"周媽媽客家美食館","zone":"桃竹苗","city":"新竹縣","area":"寶山鄉","market_address":"新竹縣寶山鄉新城村寶新路２段５６５號","user":"謝秀菊","行業代號":"561200","market_name":["餐食攤販"],"行業代號1":"","名稱1":"","行業代號2":"","名稱2":"","行業代號3":"","名稱3":"","category":["夜市/市場攤販"],"id":60070904,"pay_list":null,"pay_tool":null}]