[{"index":1,"id":10054876,"user":"許美蘭","shop":"安平公有零售市場-飲食","category":"夜市/市場攤販","zone":"雲嘉南","city":"臺南市","area":"安平區","market_name":"安平公有零售市場","market_address":"臺南市安平區效忠街20-7號","pay_list":"","pay_tool":"","行業代號":null,"行業代號1":null,"名稱1":null,"行業代號2":null,"名稱2":null,"行業代號3":null,"名稱3":null},{"index":2,"id":10054877,"user":"許美燕","shop":"安平公有零售市場-飲食","category":"夜市/市場攤販","zone":"雲嘉南","city":"臺南市","area":"安平區","market_name":"安平公有零售市場","market_address":"臺南市安平區效忠街20-7號","pay_list":"","pay_tool":"","行業代號":null,"行業代號1":null,"名稱1":null,"行業代號2":null,"名稱2":null,"行業代號3":null,"名稱3":null},{"index":3,"id":10054878,"user":"許雅雯","shop":"安平公有零售市場-食品","category":"夜市/市場攤販","zone":"雲嘉南","city":"臺南市","area":"安平區","market_name":"安平公有零售市場","market_address":"臺南市安平區效忠街20-7號","pay_list":"","pay_tool":"","行業代號":null,"行業代號1":null,"名稱1":null,"行業代號2":null,"名稱2":null,"行業代號3":null,"名稱3":null},{"index":4,"id":10054881,"user":"方瓊","shop":"安平公有零售市場-其他","category":"夜市/市場攤販","zone":"雲嘉南","city":"臺南市","area":"安平區","market_name":"安平公有零售市場","market_address":"臺南市安平區效忠街20-7號","pay_list":"","pay_tool":"","行業代號":null,"行業代號1":null,"名稱1":null,"行業代號2":null,"名稱2":null,"行業代號3":null,"名稱3":null},{"index":5,"id":10054882,"user":"方蔡美秀","shop":"安平公有零售市場-其他","category":"夜市/市場攤販","zone":"雲嘉南","city":"臺南市","area":"安平區","market_name":"安平公有零售市場","market_address":"臺南市安平區效忠街20-7號","pay_list":"","pay_tool":"","行業代號":null,"行業代號1":null,"名稱1":null,"行業代號2":null,"名稱2":null,"行業代號3":null,"名稱3":null},{"index":6,"id":10054883,"user":"任琴治","shop":"安平公有零售市場-飲食","category":"夜市/市場攤販","zone":"雲嘉南","city":"臺南市","area":"安平區","market_name":"安平公有零售市場","market_address":"臺南市安平區效忠街20-7號","pay_list":"","pay_tool":"","行業代號":null,"行業代號1":null,"名稱1":null,"行業代號2":null,"名稱2":null,"行業代號3":null,"名稱3":null},{"index":7,"id":10054884,"user":"林金","shop":"安平公有零售市場-食品","category":"夜市/市場攤販","zone":"雲嘉南","city":"臺南市","area":"安平區","market_name":"安平公有零售市場","market_address":"臺南市安平區效忠街20-7號","pay_list":"","pay_tool":"","行業代號":null,"行業代號1":null,"名稱1":null,"行業代號2":null,"名稱2":null,"行業代號3":null,"名稱3":null},{"index":8,"id":10054885,"user":"陳寶玉","shop":"安平公有零售市場-食品","category":"夜市/市場攤販","zone":"雲嘉南","city":"臺南市","area":"安平區","market_name":"安平公有零售市場","market_address":"臺南市安平區效忠街20-7號","pay_list":"","pay_tool":"","行業代號":null,"行業代號1":null,"名稱1":null,"行業代號2":null,"名稱2":null,"行業代號3":null,"名稱3":null},{"index":9,"id":10054886,"user":"周原成","shop":"安平公有零售市場-食品","category":"夜市/市場攤販","zone":"雲嘉南","city":"臺南市","area":"安平區","market_name":"安平公有零售市場","market_address":"臺南市安平區效忠街20-7號","pay_list":"","pay_tool":"","行業代號":null,"行業代號1":null,"名稱1":null,"行業代號2":null,"名稱2":null,"行業代號3":null,"名稱3":null},{"index":10,"id":10054887,"user":"周瑞碧","shop":"安平公有零售市場-食品","category":"夜市/市場攤販","zone":"雲嘉南","city":"臺南市","area":"安平區","market_name":"安平公有零售市場","market_address":"臺南市安平區效忠街20-7號","pay_list":"","pay_tool":"","行業代號":null,"行業代號1":null,"名稱1":null,"行業代號2":null,"名稱2":null,"行業代號3":null,"名稱3":null},{"index":11,"id":10054888,"user":"黃惠美","shop":"安平公有零售市場-百貨","category":"夜市/市場攤販","zone":"雲嘉南","city":"臺南市","area":"安平區","market_name":"安平公有零售市場","market_address":"臺南市安平區效忠街20-7號","pay_list":"","pay_tool":"","行業代號":null,"行業代號1":null,"名稱1":null,"行業代號2":null,"名稱2":null,"行業代號3":null,"名稱3":null},{"index":12,"id":10054889,"user":"盧玉玲","shop":"安平公有零售市場-飲食","category":"夜市/市場攤販","zone":"雲嘉南","city":"臺南市","area":"安平區","market_name":"安平公有零售市場","market_address":"臺南市安平區效忠街20-7號","pay_list":"","pay_tool":"","行業代號":null,"行業代號1":null,"名稱1":null,"行業代號2":null,"名稱2":null,"行業代號3":null,"名稱3":null},{"index":13,"id":10054890,"user":"杜月卿","shop":"安平公有零售市場-其他","category":"夜市/市場攤販","zone":"雲嘉南","city":"臺南市","area":"安平區","market_name":"安平公有零售市場","market_address":"臺南市安平區效忠街20-7號","pay_list":"","pay_tool":"","行業代號":null,"行業代號1":null,"名稱1":null,"行業代號2":null,"名稱2":null,"行業代號3":null,"名稱3":null},{"index":14,"id":10054892,"user":"李建成","shop":"安平公有零售市場-百貨","category":"夜市/市場攤販","zone":"雲嘉南","city":"臺南市","area":"安平區","market_name":"安平公有零售市場","market_address":"臺南市安平區效忠街20-7號","pay_list":"","pay_tool":"","行業代號":null,"行業代號1":null,"名稱1":null,"行業代號2":null,"名稱2":null,"行業代號3":null,"名稱3":null},{"index":15,"id":10054893,"user":"徐蔡秋芬","shop":"安平公有零售市場-食品","category":"夜市/市場攤販","zone":"雲嘉南","city":"臺南市","area":"安平區","market_name":"安平公有零售市場","market_address":"臺南市安平區效忠街20-7號","pay_list":"","pay_tool":"","行業代號":null,"行業代號1":null,"名稱1":null,"行業代號2":null,"名稱2":null,"行業代號3":null,"名稱3":null},{"index":16,"id":10054894,"user":"陳渼蓁","shop":"安平公有零售市場-其他","category":"夜市/市場攤販","zone":"雲嘉南","city":"臺南市","area":"安平區","market_name":"安平公有零售市場","market_address":"臺南市安平區效忠街20-7號","pay_list":"","pay_tool":"","行業代號":null,"行業代號1":null,"名稱1":null,"行業代號2":null,"名稱2":null,"行業代號3":null,"名稱3":null},{"index":17,"id":10054895,"user":"蔡遠郎","shop":"安平公有零售市場-飲食","category":"夜市/市場攤販","zone":"雲嘉南","city":"臺南市","area":"安平區","market_name":"安平公有零售市場","market_address":"臺南市安平區效忠街20-7號","pay_list":"","pay_tool":"","行業代號":null,"行業代號1":null,"名稱1":null,"行業代號2":null,"名稱2":null,"行業代號3":null,"名稱3":null},{"index":18,"id":10054896,"user":"李淑禎","shop":"安平公有零售市場-飲食","category":"夜市/市場攤販","zone":"雲嘉南","city":"臺南市","area":"安平區","market_name":"安平公有零售市場","market_address":"臺南市安平區效忠街20-7號","pay_list":"","pay_tool":"","行業代號":null,"行業代號1":null,"名稱1":null,"行業代號2":null,"名稱2":null,"行業代號3":null,"名稱3":null},{"index":19,"id":10054897,"user":"盧李麗珍","shop":"安平公有零售市場-飲食","category":"夜市/市場攤販","zone":"雲嘉南","city":"臺南市","area":"安平區","market_name":"安平公有零售市場","market_address":"臺南市安平區效忠街20-7號","pay_list":"","pay_tool":"","行業代號":null,"行業代號1":null,"名稱1":null,"行業代號2":null,"名稱2":null,"行業代號3":null,"名稱3":null},{"index":20,"id":10054898,"user":"吳忠孝","shop":"安平公有零售市場-百貨","category":"夜市/市場攤販","zone":"雲嘉南","city":"臺南市","area":"安平區","market_name":"安平公有零售市場","market_address":"臺南市安平區效忠街20-7號","pay_list":"","pay_tool":"","行業代號":null,"行業代號1":null,"名稱1":null,"行業代號2":null,"名稱2":null,"行業代號3":null,"名稱3":null},{"index":21,"id":10054899,"user":"吳柯明珠","shop":"安平公有零售市場-百貨","category":"夜市/市場攤販","zone":"雲嘉南","city":"臺南市","area":"安平區","market_name":"安平公有零售市場","market_address":"臺南市安平區效忠街20-7號","pay_list":"","pay_tool":"","行業代號":null,"行業代號1":null,"名稱1":null,"行業代號2":null,"名稱2":null,"行業代號3":null,"名稱3":null},{"index":22,"id":10054900,"user":"黃蜂傑","shop":"安平公有零售市場-百貨","category":"夜市/市場攤販","zone":"雲嘉南","city":"臺南市","area":"安平區","market_name":"安平公有零售市場","market_address":"臺南市安平區效忠街20-7號","pay_list":"","pay_tool":"","行業代號":null,"行業代號1":null,"名稱1":null,"行業代號2":null,"名稱2":null,"行業代號3":null,"名稱3":null},{"index":23,"id":10054901,"user":"黃淑華","shop":"安平公有零售市場-其他","category":"夜市/市場攤販","zone":"雲嘉南","city":"臺南市","area":"安平區","market_name":"安平公有零售市場","market_address":"臺南市安平區效忠街20-7號","pay_list":"","pay_tool":"","行業代號":null,"行業代號1":null,"名稱1":null,"行業代號2":null,"名稱2":null,"行業代號3":null,"名稱3":null},{"index":24,"id":10054903,"user":"陳婉萍","shop":"安平公有零售市場-食品","category":"夜市/市場攤販","zone":"雲嘉南","city":"臺南市","area":"安平區","market_name":"安平公有零售市場","market_address":"臺南市安平區效忠街20-7號","pay_list":"","pay_tool":"","行業代號":null,"行業代號1":null,"名稱1":null,"行業代號2":null,"名稱2":null,"行業代號3":null,"名稱3":null},{"index":25,"id":10054904,"user":"劉翠璧","shop":"安平公有零售市場-百貨","category":"夜市/市場攤販","zone":"雲嘉南","city":"臺南市","area":"安平區","market_name":"安平公有零售市場","market_address":"臺南市安平區效忠街20-7號","pay_list":"","pay_tool":"","行業代號":null,"行業代號1":null,"名稱1":null,"行業代號2":null,"名稱2":null,"行業代號3":null,"名稱3":null},{"index":26,"id":10054905,"user":"楊明璋","shop":"安平公有零售市場-青果","category":"夜市/市場攤販","zone":"雲嘉南","city":"臺南市","area":"安平區","market_name":"安平公有零售市場","market_address":"臺南市安平區效忠街20-7號","pay_list":"","pay_tool":"","行業代號":null,"行業代號1":null,"名稱1":null,"行業代號2":null,"名稱2":null,"行業代號3":null,"名稱3":null},{"index":27,"id":10054906,"user":"陳月英","shop":"安平公有零售市場-水產","category":"夜市/市場攤販","zone":"雲嘉南","city":"臺南市","area":"安平區","market_name":"安平公有零售市場","market_address":"臺南市安平區效忠街20-7號","pay_list":"","pay_tool":"","行業代號":null,"行業代號1":null,"名稱1":null,"行業代號2":null,"名稱2":null,"行業代號3":null,"名稱3":null},{"index":28,"id":10054907,"user":"蔡昇鵬","shop":"安平公有零售市場-食品","category":"夜市/市場攤販","zone":"雲嘉南","city":"臺南市","area":"安平區","market_name":"安平公有零售市場","market_address":"臺南市安平區效忠街20-7號","pay_list":["LINE PAY","LINE PAY MONEY"],"pay_tool":["行動支付"],"行業代號":null,"行業代號1":null,"名稱1":null,"行業代號2":null,"名稱2":null,"行業代號3":null,"名稱3":null},{"index":29,"id":10054908,"user":"吳健榮","shop":"安平公有零售市場-飲食","category":"夜市/市場攤販","zone":"雲嘉南","city":"臺南市","area":"安平區","market_name":"安平公有零售市場","market_address":"臺南市安平區效忠街20-7號","pay_list":"","pay_tool":"","行業代號":null,"行業代號1":null,"名稱1":null,"行業代號2":null,"名稱2":null,"行業代號3":null,"名稱3":null},{"index":30,"id":10054909,"user":"林淑芬","shop":"安平公有零售市場-食品","category":"夜市/市場攤販","zone":"雲嘉南","city":"臺南市","area":"安平區","market_name":"安平公有零售市場","market_address":"臺南市安平區效忠街20-7號","pay_list":"","pay_tool":"","行業代號":null,"行業代號1":null,"名稱1":null,"行業代號2":null,"名稱2":null,"行業代號3":null,"名稱3":null},{"index":31,"id":10054910,"user":"黃芃莉","shop":"安平公有零售市場-其他","category":"夜市/市場攤販","zone":"雲嘉南","city":"臺南市","area":"安平區","market_name":"安平公有零售市場","market_address":"臺南市安平區效忠街20-7號","pay_list":"","pay_tool":"","行業代號":null,"行業代號1":null,"名稱1":null,"行業代號2":null,"名稱2":null,"行業代號3":null,"名稱3":null},{"index":32,"id":10054911,"user":"曾素碧","shop":"安平公有零售市場-飲食","category":"夜市/市場攤販","zone":"雲嘉南","city":"臺南市","area":"安平區","market_name":"安平公有零售市場","market_address":"臺南市安平區效忠街20-7號","pay_list":"","pay_tool":"","行業代號":null,"行業代號1":null,"名稱1":null,"行業代號2":null,"名稱2":null,"行業代號3":null,"名稱3":null},{"index":33,"id":10054912,"user":"楊邱秀葉","shop":"安平公有零售市場-青果","category":"夜市/市場攤販","zone":"雲嘉南","city":"臺南市","area":"安平區","market_name":"安平公有零售市場","market_address":"臺南市安平區效忠街20-7號","pay_list":"","pay_tool":"","行業代號":null,"行業代號1":null,"名稱1":null,"行業代號2":null,"名稱2":null,"行業代號3":null,"名稱3":null},{"index":34,"id":10054914,"user":"陳雅鈴","shop":"安平公有零售市場-食品","category":"夜市/市場攤販","zone":"雲嘉南","city":"臺南市","area":"安平區","market_name":"安平公有零售市場","market_address":"臺南市安平區效忠街20-7號","pay_list":"","pay_tool":"","行業代號":null,"行業代號1":null,"名稱1":null,"行業代號2":null,"名稱2":null,"行業代號3":null,"名稱3":null},{"index":35,"id":10054915,"user":"陳共利","shop":"安平公有零售市場-食品","category":"夜市/市場攤販","zone":"雲嘉南","city":"臺南市","area":"安平區","market_name":"安平公有零售市場","market_address":"臺南市安平區效忠街20-7號","pay_list":"","pay_tool":"","行業代號":null,"行業代號1":null,"名稱1":null,"行業代號2":null,"名稱2":null,"行業代號3":null,"名稱3":null},{"index":36,"id":10054916,"user":"林汶雄","shop":"安平公有零售市場-食品","category":"夜市/市場攤販","zone":"雲嘉南","city":"臺南市","area":"安平區","market_name":"安平公有零售市場","market_address":"臺南市安平區效忠街20-7號","pay_list":"","pay_tool":"","行業代號":null,"行業代號1":null,"名稱1":null,"行業代號2":null,"名稱2":null,"行業代號3":null,"名稱3":null},{"index":37,"id":10054917,"user":"陳惠菁","shop":"安平公有零售市場-食品","category":"夜市/市場攤販","zone":"雲嘉南","city":"臺南市","area":"安平區","market_name":"安平公有零售市場","market_address":"臺南市安平區效忠街20-7號","pay_list":"","pay_tool":"","行業代號":null,"行業代號1":null,"名稱1":null,"行業代號2":null,"名稱2":null,"行業代號3":null,"名稱3":null},{"index":38,"id":10054918,"user":"林立生","shop":"安平公有零售市場-飲食","category":"夜市/市場攤販","zone":"雲嘉南","city":"臺南市","area":"安平區","market_name":"安平公有零售市場","market_address":"臺南市安平區效忠街20-7號","pay_list":"","pay_tool":"","行業代號":null,"行業代號1":null,"名稱1":null,"行業代號2":null,"名稱2":null,"行業代號3":null,"名稱3":null},{"index":39,"id":10054919,"user":"吳春蘭","shop":"安平公有零售市場-食品","category":"夜市/市場攤販","zone":"雲嘉南","city":"臺南市","area":"安平區","market_name":"安平公有零售市場","market_address":"臺南市安平區效忠街20-7號","pay_list":"","pay_tool":"","行業代號":null,"行業代號1":null,"名稱1":null,"行業代號2":null,"名稱2":null,"行業代號3":null,"名稱3":null},{"index":40,"id":10054920,"user":"曹林秋涼","shop":"安平公有零售市場-食品","category":"夜市/市場攤販","zone":"雲嘉南","city":"臺南市","area":"安平區","market_name":"安平公有零售市場","market_address":"臺南市安平區效忠街20-7號","pay_list":"","pay_tool":"","行業代號":null,"行業代號1":null,"名稱1":null,"行業代號2":null,"名稱2":null,"行業代號3":null,"名稱3":null},{"index":41,"id":10054921,"user":"曹富翔","shop":"安平公有零售市場-食品","category":"夜市/市場攤販","zone":"雲嘉南","city":"臺南市","area":"安平區","market_name":"安平公有零售市場","market_address":"臺南市安平區效忠街20-7號","pay_list":"","pay_tool":"","行業代號":null,"行業代號1":null,"名稱1":null,"行業代號2":null,"名稱2":null,"行業代號3":null,"名稱3":null},{"index":42,"id":10054922,"user":"周歐貴霞","shop":"安平公有零售市場-食品","category":"夜市/市場攤販","zone":"雲嘉南","city":"臺南市","area":"安平區","market_name":"安平公有零售市場","market_address":"臺南市安平區效忠街20-7號","pay_list":"","pay_tool":"","行業代號":null,"行業代號1":null,"名稱1":null,"行業代號2":null,"名稱2":null,"行業代號3":null,"名稱3":null},{"index":43,"id":10054923,"user":"陳文祥","shop":"安平公有零售市場-食品","category":"夜市/市場攤販","zone":"雲嘉南","city":"臺南市","area":"安平區","market_name":"安平公有零售市場","market_address":"臺南市安平區效忠街20-7號","pay_list":"","pay_tool":"","行業代號":null,"行業代號1":null,"名稱1":null,"行業代號2":null,"名稱2":null,"行業代號3":null,"名稱3":null},{"index":44,"id":10054925,"user":"蔡照月","shop":"安平公有零售市場-其他","category":"夜市/市場攤販","zone":"雲嘉南","city":"臺南市","area":"安平區","market_name":"安平公有零售市場","market_address":"臺南市安平區效忠街20-7號","pay_list":"","pay_tool":"","行業代號":null,"行業代號1":null,"名稱1":null,"行業代號2":null,"名稱2":null,"行業代號3":null,"名稱3":null},{"index":45,"id":10054926,"user":"陳麗花","shop":"安平公有零售市場-其他","category":"夜市/市場攤販","zone":"雲嘉南","city":"臺南市","area":"安平區","market_name":"安平公有零售市場","market_address":"臺南市安平區效忠街20-7號","pay_list":"","pay_tool":"","行業代號":null,"行業代號1":null,"名稱1":null,"行業代號2":null,"名稱2":null,"行業代號3":null,"名稱3":null},{"index":46,"id":10054927,"user":"劉秀玉","shop":"安平公有零售市場-百貨","category":"夜市/市場攤販","zone":"雲嘉南","city":"臺南市","area":"安平區","market_name":"安平公有零售市場","market_address":"臺南市安平區效忠街20-7號","pay_list":"","pay_tool":"","行業代號":null,"行業代號1":null,"名稱1":null,"行業代號2":null,"名稱2":null,"行業代號3":null,"名稱3":null},{"index":47,"id":10054928,"user":"張天德","shop":"安平公有零售市場-其他","category":"夜市/市場攤販","zone":"雲嘉南","city":"臺南市","area":"安平區","market_name":"安平公有零售市場","market_address":"臺南市安平區效忠街20-7號","pay_list":"","pay_tool":"","行業代號":null,"行業代號1":null,"名稱1":null,"行業代號2":null,"名稱2":null,"行業代號3":null,"名稱3":null},{"index":48,"id":10054929,"user":"陳敏雀","shop":"安平公有零售市場-百貨","category":"夜市/市場攤販","zone":"雲嘉南","city":"臺南市","area":"安平區","market_name":"安平公有零售市場","market_address":"臺南市安平區效忠街20-7號","pay_list":"","pay_tool":"","行業代號":null,"行業代號1":null,"名稱1":null,"行業代號2":null,"名稱2":null,"行業代號3":null,"名稱3":null},{"index":49,"id":10054930,"user":"陳秀廷","shop":"安平公有零售市場-飲食","category":"夜市/市場攤販","zone":"雲嘉南","city":"臺南市","area":"安平區","market_name":"安平公有零售市場","market_address":"臺南市安平區效忠街20-7號","pay_list":"","pay_tool":"","行業代號":null,"行業代號1":null,"名稱1":null,"行業代號2":null,"名稱2":null,"行業代號3":null,"名稱3":null},{"index":50,"id":10054931,"user":"顧家綸","shop":"安平公有零售市場-禽肉","category":"夜市/市場攤販","zone":"雲嘉南","city":"臺南市","area":"安平區","market_name":"安平公有零售市場","market_address":"臺南市安平區效忠街20-7號","pay_list":["LINE PAY"],"pay_tool":["行動支付"],"行業代號":null,"行業代號1":null,"名稱1":null,"行業代號2":null,"名稱2":null,"行業代號3":null,"名稱3":null},{"index":51,"id":10054932,"user":"周伯葉","shop":"安平公有零售市場-食品","category":"夜市/市場攤販","zone":"雲嘉南","city":"臺南市","area":"安平區","market_name":"安平公有零售市場","market_address":"臺南市安平區效忠街20-7號","pay_list":"","pay_tool":"","行業代號":null,"行業代號1":null,"名稱1":null,"行業代號2":null,"名稱2":null,"行業代號3":null,"名稱3":null},{"index":52,"id":10054933,"user":"郭勝義","shop":"安平公有零售市場-水產","category":"夜市/市場攤販","zone":"雲嘉南","city":"臺南市","area":"安平區","market_name":"安平公有零售市場","market_address":"臺南市安平區效忠街20-7號","pay_list":"","pay_tool":"","行業代號":null,"行業代號1":null,"名稱1":null,"行業代號2":null,"名稱2":null,"行業代號3":null,"名稱3":null},{"index":53,"id":10054934,"user":"蔡莊秀月","shop":"安平公有零售市場-水產","category":"夜市/市場攤販","zone":"雲嘉南","city":"臺南市","area":"安平區","market_name":"安平公有零售市場","market_address":"臺南市安平區效忠街20-7號","pay_list":"","pay_tool":"","行業代號":null,"行業代號1":null,"名稱1":null,"行業代號2":null,"名稱2":null,"行業代號3":null,"名稱3":null},{"index":54,"id":10054936,"user":"曾周秀滿","shop":"安平公有零售市場-其他","category":"夜市/市場攤販","zone":"雲嘉南","city":"臺南市","area":"安平區","market_name":"安平公有零售市場","market_address":"臺南市安平區效忠街20-7號","pay_list":"","pay_tool":"","行業代號":null,"行業代號1":null,"名稱1":null,"行業代號2":null,"名稱2":null,"行業代號3":null,"名稱3":null},{"index":55,"id":10054937,"user":"曾淑惠","shop":"安平公有零售市場-其他","category":"夜市/市場攤販","zone":"雲嘉南","city":"臺南市","area":"安平區","market_name":"安平公有零售市場","market_address":"臺南市安平區效忠街20-7號","pay_list":"","pay_tool":"","行業代號":null,"行業代號1":null,"名稱1":null,"行業代號2":null,"名稱2":null,"行業代號3":null,"名稱3":null},{"index":56,"id":10054938,"user":"林泉印","shop":"安平公有零售市場-畜肉","category":"夜市/市場攤販","zone":"雲嘉南","city":"臺南市","area":"安平區","market_name":"安平公有零售市場","market_address":"臺南市安平區效忠街20-7號","pay_list":"","pay_tool":"","行業代號":null,"行業代號1":null,"名稱1":null,"行業代號2":null,"名稱2":null,"行業代號3":null,"名稱3":null},{"index":57,"id":10054939,"user":"林進吉","shop":"安平公有零售市場-畜肉","category":"夜市/市場攤販","zone":"雲嘉南","city":"臺南市","area":"安平區","market_name":"安平公有零售市場","market_address":"臺南市安平區效忠街20-7號","pay_list":"","pay_tool":"","行業代號":null,"行業代號1":null,"名稱1":null,"行業代號2":null,"名稱2":null,"行業代號3":null,"名稱3":null},{"index":58,"id":10054940,"user":"鄭周秀桂","shop":"安平公有零售市場-水產","category":"夜市/市場攤販","zone":"雲嘉南","city":"臺南市","area":"安平區","market_name":"安平公有零售市場","market_address":"臺南市安平區效忠街20-7號","pay_list":"","pay_tool":"","行業代號":null,"行業代號1":null,"名稱1":null,"行業代號2":null,"名稱2":null,"行業代號3":null,"名稱3":null},{"index":59,"id":10054941,"user":"吳政廷","shop":"安平公有零售市場-畜肉","category":"夜市/市場攤販","zone":"雲嘉南","city":"臺南市","area":"安平區","market_name":"安平公有零售市場","market_address":"臺南市安平區效忠街20-7號","pay_list":"","pay_tool":"","行業代號":null,"行業代號1":null,"名稱1":null,"行業代號2":null,"名稱2":null,"行業代號3":null,"名稱3":null},{"index":60,"id":10054942,"user":"鐘春吟","shop":"安平公有零售市場-畜肉","category":"夜市/市場攤販","zone":"雲嘉南","city":"臺南市","area":"安平區","market_name":"安平公有零售市場","market_address":"臺南市安平區效忠街20-7號","pay_list":"","pay_tool":"","行業代號":null,"行業代號1":null,"名稱1":null,"行業代號2":null,"名稱2":null,"行業代號3":null,"名稱3":null},{"index":61,"id":10054943,"user":"陳怡瑛","shop":"安平公有零售市場-水產","category":"夜市/市場攤販","zone":"雲嘉南","city":"臺南市","area":"安平區","market_name":"安平公有零售市場","market_address":"臺南市安平區效忠街20-7號","pay_list":"","pay_tool":"","行業代號":null,"行業代號1":null,"名稱1":null,"行業代號2":null,"名稱2":null,"行業代號3":null,"名稱3":null},{"index":62,"id":10054944,"user":"陳毓佩","shop":"安平公有零售市場-水產","category":"夜市/市場攤販","zone":"雲嘉南","city":"臺南市","area":"安平區","market_name":"安平公有零售市場","market_address":"臺南市安平區效忠街20-7號","pay_list":"","pay_tool":"","行業代號":null,"行業代號1":null,"名稱1":null,"行業代號2":null,"名稱2":null,"行業代號3":null,"名稱3":null},{"index":63,"id":10054945,"user":"蔣東錫","shop":"安平公有零售市場-畜肉","category":"夜市/市場攤販","zone":"雲嘉南","city":"臺南市","area":"安平區","market_name":"安平公有零售市場","market_address":"臺南市安平區效忠街20-7號","pay_list":"","pay_tool":"","行業代號":null,"行業代號1":null,"名稱1":null,"行業代號2":null,"名稱2":null,"行業代號3":null,"名稱3":null},{"index":64,"id":10054947,"user":"謝煥助","shop":"安平公有零售市場-畜肉","category":"夜市/市場攤販","zone":"雲嘉南","city":"臺南市","area":"安平區","market_name":"安平公有零售市場","market_address":"臺南市安平區效忠街20-7號","pay_list":"","pay_tool":"","行業代號":null,"行業代號1":null,"名稱1":null,"行業代號2":null,"名稱2":null,"行業代號3":null,"名稱3":null},{"index":65,"id":10054948,"user":"蔡仲杰","shop":"安平公有零售市場-水產","category":"夜市/市場攤販","zone":"雲嘉南","city":"臺南市","area":"安平區","market_name":"安平公有零售市場","market_address":"臺南市安平區效忠街20-7號","pay_list":"","pay_tool":"","行業代號":null,"行業代號1":null,"名稱1":null,"行業代號2":null,"名稱2":null,"行業代號3":null,"名稱3":null},{"index":66,"id":10054949,"user":"施鄭錦雪","shop":"安平公有零售市場-蔬菜","category":"夜市/市場攤販","zone":"雲嘉南","city":"臺南市","area":"安平區","market_name":"安平公有零售市場","market_address":"臺南市安平區效忠街20-7號","pay_list":"","pay_tool":"","行業代號":null,"行業代號1":null,"名稱1":null,"行業代號2":null,"名稱2":null,"行業代號3":null,"名稱3":null},{"index":67,"id":10054950,"user":"施陳秀玉","shop":"安平公有零售市場-蔬菜","category":"夜市/市場攤販","zone":"雲嘉南","city":"臺南市","area":"安平區","market_name":"安平公有零售市場","market_address":"臺南市安平區效忠街20-7號","pay_list":"","pay_tool":"","行業代號":null,"行業代號1":null,"名稱1":null,"行業代號2":null,"名稱2":null,"行業代號3":null,"名稱3":null},{"index":68,"id":10054951,"user":"鄭玉花","shop":"安平公有零售市場-食品","category":"夜市/市場攤販","zone":"雲嘉南","city":"臺南市","area":"安平區","market_name":"安平公有零售市場","market_address":"臺南市安平區效忠街20-7號","pay_list":"","pay_tool":"","行業代號":null,"行業代號1":null,"名稱1":null,"行業代號2":null,"名稱2":null,"行業代號3":null,"名稱3":null},{"index":69,"id":10054952,"user":"鄭順河","shop":"安平公有零售市場-蔬菜","category":"夜市/市場攤販","zone":"雲嘉南","city":"臺南市","area":"安平區","market_name":"安平公有零售市場","market_address":"臺南市安平區效忠街20-7號","pay_list":"","pay_tool":"","行業代號":null,"行業代號1":null,"名稱1":null,"行業代號2":null,"名稱2":null,"行業代號3":null,"名稱3":null},{"index":70,"id":10054953,"user":"黃蜜根","shop":"安平公有零售市場-水產","category":"夜市/市場攤販","zone":"雲嘉南","city":"臺南市","area":"安平區","market_name":"安平公有零售市場","market_address":"臺南市安平區效忠街20-7號","pay_list":"","pay_tool":"","行業代號":null,"行業代號1":null,"名稱1":null,"行業代號2":null,"名稱2":null,"行業代號3":null,"名稱3":null},{"index":71,"id":10054954,"user":"陳碧龍","shop":"安平公有零售市場-畜肉","category":"夜市/市場攤販","zone":"雲嘉南","city":"臺南市","area":"安平區","market_name":"安平公有零售市場","market_address":"臺南市安平區效忠街20-7號","pay_list":"","pay_tool":"","行業代號":null,"行業代號1":null,"名稱1":null,"行業代號2":null,"名稱2":null,"行業代號3":null,"名稱3":null},{"index":72,"id":10054955,"user":"蔡金獅","shop":"安平公有零售市場-蔬菜","category":"夜市/市場攤販","zone":"雲嘉南","city":"臺南市","area":"安平區","market_name":"安平公有零售市場","market_address":"臺南市安平區效忠街20-7號","pay_list":"","pay_tool":"","行業代號":null,"行業代號1":null,"名稱1":null,"行業代號2":null,"名稱2":null,"行業代號3":null,"名稱3":null},{"index":73,"id":10054956,"user":"蔡郭素蓮","shop":"安平公有零售市場-蔬菜","category":"夜市/市場攤販","zone":"雲嘉南","city":"臺南市","area":"安平區","market_name":"安平公有零售市場","market_address":"臺南市安平區效忠街20-7號","pay_list":"","pay_tool":"","行業代號":null,"行業代號1":null,"名稱1":null,"行業代號2":null,"名稱2":null,"行業代號3":null,"名稱3":null},{"index":74,"id":10054958,"user":"曾秀琴","shop":"安平公有零售市場-蔬菜","category":"夜市/市場攤販","zone":"雲嘉南","city":"臺南市","area":"安平區","market_name":"安平公有零售市場","market_address":"臺南市安平區效忠街20-7號","pay_list":"","pay_tool":"","行業代號":null,"行業代號1":null,"名稱1":null,"行業代號2":null,"名稱2":null,"行業代號3":null,"名稱3":null},{"index":75,"id":10054959,"user":"鄭李日春","shop":"安平公有零售市場-蔬菜","category":"夜市/市場攤販","zone":"雲嘉南","city":"臺南市","area":"安平區","market_name":"安平公有零售市場","market_address":"臺南市安平區效忠街20-7號","pay_list":"","pay_tool":"","行業代號":null,"行業代號1":null,"名稱1":null,"行業代號2":null,"名稱2":null,"行業代號3":null,"名稱3":null},{"index":76,"id":10054960,"user":"符竹玉","shop":"安平公有零售市場-畜肉","category":"夜市/市場攤販","zone":"雲嘉南","city":"臺南市","area":"安平區","market_name":"安平公有零售市場","market_address":"臺南市安平區效忠街20-7號","pay_list":"","pay_tool":"","行業代號":null,"行業代號1":null,"名稱1":null,"行業代號2":null,"名稱2":null,"行業代號3":null,"名稱3":null},{"index":77,"id":10054961,"user":"吳進旺","shop":"安平公有零售市場-水產","category":"夜市/市場攤販","zone":"雲嘉南","city":"臺南市","area":"安平區","market_name":"安平公有零售市場","market_address":"臺南市安平區效忠街20-7號","pay_list":"","pay_tool":"","行業代號":null,"行業代號1":null,"名稱1":null,"行業代號2":null,"名稱2":null,"行業代號3":null,"名稱3":null},{"index":78,"id":10054962,"user":"鄭麗花","shop":"安平公有零售市場-水產","category":"夜市/市場攤販","zone":"雲嘉南","city":"臺南市","area":"安平區","market_name":"安平公有零售市場","market_address":"臺南市安平區效忠街20-7號","pay_list":"","pay_tool":"","行業代號":null,"行業代號1":null,"名稱1":null,"行業代號2":null,"名稱2":null,"行業代號3":null,"名稱3":null},{"index":79,"id":10054963,"user":"施清發","shop":"安平公有零售市場-水產","category":"夜市/市場攤販","zone":"雲嘉南","city":"臺南市","area":"安平區","market_name":"安平公有零售市場","market_address":"臺南市安平區效忠街20-7號","pay_list":"","pay_tool":"","行業代號":null,"行業代號1":null,"名稱1":null,"行業代號2":null,"名稱2":null,"行業代號3":null,"名稱3":null},{"index":80,"id":10054964,"user":"蔡米","shop":"安平公有零售市場-水產","category":"夜市/市場攤販","zone":"雲嘉南","city":"臺南市","area":"安平區","market_name":"安平公有零售市場","market_address":"臺南市安平區效忠街20-7號","pay_list":"","pay_tool":"","行業代號":null,"行業代號1":null,"名稱1":null,"行業代號2":null,"名稱2":null,"行業代號3":null,"名稱3":null},{"index":81,"id":10054965,"user":"楊文廣","shop":"安平公有零售市場-蔬菜","category":"夜市/市場攤販","zone":"雲嘉南","city":"臺南市","area":"安平區","market_name":"安平公有零售市場","market_address":"臺南市安平區效忠街20-7號","pay_list":"","pay_tool":"","行業代號":null,"行業代號1":null,"名稱1":null,"行業代號2":null,"名稱2":null,"行業代號3":null,"名稱3":null},{"index":82,"id":10054966,"user":"秦瑞玉","shop":"安平公有零售市場-水產","category":"夜市/市場攤販","zone":"雲嘉南","city":"臺南市","area":"安平區","market_name":"安平公有零售市場","market_address":"臺南市安平區效忠街20-7號","pay_list":"","pay_tool":"","行業代號":null,"行業代號1":null,"名稱1":null,"行業代號2":null,"名稱2":null,"行業代號3":null,"名稱3":null},{"index":83,"id":10054967,"user":"邱慧卿","shop":"安平公有零售市場-畜肉","category":"夜市/市場攤販","zone":"雲嘉南","city":"臺南市","area":"安平區","market_name":"安平公有零售市場","market_address":"臺南市安平區效忠街20-7號","pay_list":"","pay_tool":"","行業代號":null,"行業代號1":null,"名稱1":null,"行業代號2":null,"名稱2":null,"行業代號3":null,"名稱3":null},{"index":84,"id":10054969,"user":"蔡林玉雲","shop":"安平公有零售市場-水產","category":"夜市/市場攤販","zone":"雲嘉南","city":"臺南市","area":"安平區","market_name":"安平公有零售市場","market_address":"臺南市安平區效忠街20-7號","pay_list":"","pay_tool":"","行業代號":null,"行業代號1":null,"名稱1":null,"行業代號2":null,"名稱2":null,"行業代號3":null,"名稱3":null},{"index":85,"id":10054970,"user":"曾聖勳","shop":"安平公有零售市場-水產","category":"夜市/市場攤販","zone":"雲嘉南","city":"臺南市","area":"安平區","market_name":"安平公有零售市場","market_address":"臺南市安平區效忠街20-7號","pay_list":"","pay_tool":"","行業代號":null,"行業代號1":null,"名稱1":null,"行業代號2":null,"名稱2":null,"行業代號3":null,"名稱3":null},{"index":86,"id":10054971,"user":"林意?","shop":"安平公有零售市場-禽肉","category":"夜市/市場攤販","zone":"雲嘉南","city":"臺南市","area":"安平區","market_name":"安平公有零售市場","market_address":"臺南市安平區效忠街20-7號","pay_list":"","pay_tool":"","行業代號":null,"行業代號1":null,"名稱1":null,"行業代號2":null,"名稱2":null,"行業代號3":null,"名稱3":null},{"index":87,"id":10054972,"user":"高俞新","shop":"安平公有零售市場-禽肉","category":"夜市/市場攤販","zone":"雲嘉南","city":"臺南市","area":"安平區","market_name":"安平公有零售市場","market_address":"臺南市安平區效忠街20-7號","pay_list":"","pay_tool":"","行業代號":null,"行業代號1":null,"名稱1":null,"行業代號2":null,"名稱2":null,"行業代號3":null,"名稱3":null},{"index":88,"id":10054973,"user":"郭家波","shop":"安平公有零售市場-畜肉","category":"夜市/市場攤販","zone":"雲嘉南","city":"臺南市","area":"安平區","market_name":"安平公有零售市場","market_address":"臺南市安平區效忠街20-7號","pay_list":"","pay_tool":"","行業代號":null,"行業代號1":null,"名稱1":null,"行業代號2":null,"名稱2":null,"行業代號3":null,"名稱3":null},{"index":89,"id":10054974,"user":"魏伶娜","shop":"安平公有零售市場-其他","category":"夜市/市場攤販","zone":"雲嘉南","city":"臺南市","area":"安平區","market_name":"安平公有零售市場","market_address":"臺南市安平區效忠街20-7號","pay_list":"","pay_tool":"","行業代號":null,"行業代號1":null,"名稱1":null,"行業代號2":null,"名稱2":null,"行業代號3":null,"名稱3":null},{"index":90,"id":10054975,"user":"王月蘭","shop":"安平公有零售市場-其他","category":"夜市/市場攤販","zone":"雲嘉南","city":"臺南市","area":"安平區","market_name":"安平公有零售市場","market_address":"臺南市安平區效忠街20-7號","pay_list":"","pay_tool":"","行業代號":null,"行業代號1":null,"名稱1":null,"行業代號2":null,"名稱2":null,"行業代號3":null,"名稱3":null},{"index":91,"id":10054976,"user":"陳淑貞","shop":"安平公有零售市場-水產","category":"夜市/市場攤販","zone":"雲嘉南","city":"臺南市","area":"安平區","market_name":"安平公有零售市場","market_address":"臺南市安平區效忠街20-7號","pay_list":"","pay_tool":"","行業代號":null,"行業代號1":null,"名稱1":null,"行業代號2":null,"名稱2":null,"行業代號3":null,"名稱3":null},{"index":92,"id":10054977,"user":"蕭仲堯","shop":"安平公有零售市場-水產","category":"夜市/市場攤販","zone":"雲嘉南","city":"臺南市","area":"安平區","market_name":"安平公有零售市場","market_address":"臺南市安平區效忠街20-7號","pay_list":"","pay_tool":"","行業代號":null,"行業代號1":null,"名稱1":null,"行業代號2":null,"名稱2":null,"行業代號3":null,"名稱3":null},{"index":93,"id":10054978,"user":"蕭何錦珠","shop":"安平公有零售市場-水產","category":"夜市/市場攤販","zone":"雲嘉南","city":"臺南市","area":"安平區","market_name":"安平公有零售市場","market_address":"臺南市安平區效忠街20-7號","pay_list":"","pay_tool":"","行業代號":null,"行業代號1":null,"名稱1":null,"行業代號2":null,"名稱2":null,"行業代號3":null,"名稱3":null},{"index":94,"id":10054980,"user":"武氏柳","shop":"安平公有零售市場-水產","category":"夜市/市場攤販","zone":"雲嘉南","city":"臺南市","area":"安平區","market_name":"安平公有零售市場","market_address":"臺南市安平區效忠街20-7號","pay_list":"","pay_tool":"","行業代號":null,"行業代號1":null,"名稱1":null,"行業代號2":null,"名稱2":null,"行業代號3":null,"名稱3":null},{"index":95,"id":10054981,"user":"蕭黃喜麗","shop":"安平公有零售市場-水產","category":"夜市/市場攤販","zone":"雲嘉南","city":"臺南市","area":"安平區","market_name":"安平公有零售市場","market_address":"臺南市安平區效忠街20-7號","pay_list":"","pay_tool":"","行業代號":null,"行業代號1":null,"名稱1":null,"行業代號2":null,"名稱2":null,"行業代號3":null,"名稱3":null},{"index":96,"id":10054982,"user":"謝秋香","shop":"安平公有零售市場-水產","category":"夜市/市場攤販","zone":"雲嘉南","city":"臺南市","area":"安平區","market_name":"安平公有零售市場","market_address":"臺南市安平區效忠街20-7號","pay_list":"","pay_tool":"","行業代號":null,"行業代號1":null,"名稱1":null,"行業代號2":null,"名稱2":null,"行業代號3":null,"名稱3":null},{"index":97,"id":20002895,"user":"周順盛","shop":"地瓜園","category":["夜市/市場攤販","餐飲"],"zone":"雲嘉南","city":"臺南市","area":"安平區","market_name":["餐食攤販","冰果店、冷（熱）飲店","衣服修改"],"market_address":"臺南市安平區怡平里建平十一街３１８號〔騎樓前〕","pay_list":"","pay_tool":"","行業代號":null,"行業代號1":null,"名稱1":null,"行業代號2":null,"名稱2":null,"行業代號3":null,"名稱3":null},{"index":98,"id":20004806,"user":"方珮馨","shop":"方媽媽素食早餐〈安平市場公有零售市場１００５號〉","category":["夜市/市場攤販"],"zone":"雲嘉南","city":"臺南市","area":"安平區","market_name":["餐食攤販"],"market_address":"臺南市安平區安北路１０３巷７弄６－１號１樓","pay_list":"","pay_tool":"","行業代號":null,"行業代號1":null,"名稱1":null,"行業代號2":null,"名稱2":null,"行業代號3":null,"名稱3":null},{"index":99,"id":20004922,"user":"陳長信","shop":"安平東山鴨頭","category":["夜市/市場攤販"],"zone":"雲嘉南","city":"臺南市","area":"安平區","market_name":["餐食攤販"],"market_address":"臺南市安平區天妃里安平路６７８號","pay_list":["街口支付"],"pay_tool":["行動支付"],"行業代號":null,"行業代號1":null,"名稱1":null,"行業代號2":null,"名稱2":null,"行業代號3":null,"名稱3":null},{"index":100,"id":20005562,"user":"方瓊","shop":"方瓊〈安平市場公有零售市場１００４號〉","category":["夜市/市場攤販"],"zone":"雲嘉南","city":"臺南市","area":"安平區","market_name":["餐食攤販"],"market_address":"臺南市安平區安北路１０３巷７弄６－１號１樓","pay_list":"","pay_tool":"","行業代號":null,"行業代號1":null,"名稱1":null,"行業代號2":null,"名稱2":null,"行業代號3":null,"名稱3":null},{"index":101,"id":20006444,"user":"邵靖紋","shop":"安平市場１０３４號","category":["夜市/市場攤販"],"zone":"雲嘉南","city":"臺南市","area":"安平區","market_name":["餐食攤販"],"market_address":"臺南市安平區效忠街２０－７號","pay_list":"","pay_tool":"","行業代號":null,"行業代號1":null,"名稱1":null,"行業代號2":null,"名稱2":null,"行業代號3":null,"名稱3":null},{"index":102,"id":20007762,"user":"葉錦玉","shop":"台南府城傳統魯麵","category":["夜市/市場攤販"],"zone":"雲嘉南","city":"臺南市","area":"安平區","market_name":["餐食攤販"],"market_address":"臺南市安平區建平里建平路３３９－４０６號","pay_list":"","pay_tool":"","行業代號":null,"行業代號1":null,"名稱1":null,"行業代號2":null,"名稱2":null,"行業代號3":null,"名稱3":null},{"index":103,"id":20007772,"user":"陳金霞","shop":"小不點臭豆腐","category":["夜市/市場攤販"],"zone":"雲嘉南","city":"臺南市","area":"安平區","market_name":["餐食攤販"],"market_address":"臺南市安平區天妃里安平路７０２號騎樓","pay_list":"","pay_tool":"","行業代號":null,"行業代號1":null,"名稱1":null,"行業代號2":null,"名稱2":null,"行業代號3":null,"名稱3":null},{"index":104,"id":20008298,"user":"高世忠","shop":"台灣第一家鹹酥雞","category":["夜市/市場攤販"],"zone":"雲嘉南","city":"臺南市","area":"安平區","market_name":["餐食攤販"],"market_address":"臺南市安平區古堡街８－１號旁邊","pay_list":"","pay_tool":"","行業代號":null,"行業代號1":null,"名稱1":null,"行業代號2":null,"名稱2":null,"行業代號3":null,"名稱3":null},{"index":105,"id":20011663,"user":"林美華","shop":"陽春麵","category":["夜市/市場攤販"],"zone":"雲嘉南","city":"臺南市","area":"安平區","market_name":["餐食攤販"],"market_address":"臺南市安平區育平里健康三街２２３號１樓","pay_list":"","pay_tool":"","行業代號":null,"行業代號1":null,"名稱1":null,"行業代號2":null,"名稱2":null,"行業代號3":null,"名稱3":null},{"index":106,"id":20011666,"user":"黃淑敏","shop":"美味早點","category":["夜市/市場攤販"],"zone":"雲嘉南","city":"臺南市","area":"安平區","market_name":["餐食攤販"],"market_address":"臺南市安平區國平里健康三街２３６號１樓","pay_list":"","pay_tool":"","行業代號":null,"行業代號1":null,"名稱1":null,"行業代號2":null,"名稱2":null,"行業代號3":null,"名稱3":null},{"index":107,"id":20015942,"user":"楊英本","shop":"鹹酥雞之家","category":["夜市/市場攤販"],"zone":"雲嘉南","city":"臺南市","area":"安平區","market_name":["餐食攤販"],"market_address":"臺南市安平區天妃里安平路７０２號","pay_list":"","pay_tool":"","行業代號":null,"行業代號1":null,"名稱1":null,"行業代號2":null,"名稱2":null,"行業代號3":null,"名稱3":null},{"index":108,"id":20016019,"user":"林葉素瓊","shop":"獅子王咔啦脆皮炸雞","category":["夜市/市場攤販"],"zone":"雲嘉南","city":"臺南市","area":"安平區","market_name":["餐食攤販"],"market_address":"臺南市安平區怡平里華平路６４６號騎樓","pay_list":"","pay_tool":"","行業代號":null,"行業代號1":null,"名稱1":null,"行業代號2":null,"名稱2":null,"行業代號3":null,"名稱3":null},{"index":109,"id":20017940,"user":"葉福安","shop":"雞排奶奶鹹酥雞","category":["夜市/市場攤販"],"zone":"雲嘉南","city":"臺南市","area":"安平區","market_name":["餐食攤販"],"market_address":"臺南市安平區平通里健康三街５９２巷２號騎樓","pay_list":"","pay_tool":"","行業代號":null,"行業代號1":null,"名稱1":null,"行業代號2":null,"名稱2":null,"行業代號3":null,"名稱3":null},{"index":110,"id":20019655,"user":"黃錦二","shop":"鴨肉羹麵店","category":["夜市/市場攤販"],"zone":"雲嘉南","city":"臺南市","area":"安平區","market_name":["餐食攤販"],"market_address":"臺南市安平區育平里健康三街２３１號１樓","pay_list":"","pay_tool":"","行業代號":null,"行業代號1":null,"名稱1":null,"行業代號2":null,"名稱2":null,"行業代號3":null,"名稱3":null},{"index":111,"id":20022036,"user":"蘇美華","shop":"碳桔滷味","category":["夜市/市場攤販"],"zone":"雲嘉南","city":"臺南市","area":"安平區","market_name":["餐食攤販"],"market_address":"臺南市安平區育平里郡平路１５８號","pay_list":"","pay_tool":"","行業代號":null,"行業代號1":null,"名稱1":null,"行業代號2":null,"名稱2":null,"行業代號3":null,"名稱3":null},{"index":112,"id":20022135,"user":"陳德安","shop":"德頭青草茶","category":["夜市/市場攤販"],"zone":"雲嘉南","city":"臺南市","area":"安平區","market_name":["調理飲料攤販"],"market_address":"臺南市安平區天妃里古堡街３３號","pay_list":"","pay_tool":"","行業代號":null,"行業代號1":null,"名稱1":null,"行業代號2":null,"名稱2":null,"行業代號3":null,"名稱3":null},{"index":113,"id":20023352,"user":"林東興","shop":"東興蚵嗲","category":["夜市/市場攤販"],"zone":"雲嘉南","city":"臺南市","area":"安平區","market_name":["餐食攤販"],"market_address":"臺南市安平區古堡街１號","pay_list":"","pay_tool":"","行業代號":null,"行業代號1":null,"名稱1":null,"行業代號2":null,"名稱2":null,"行業代號3":null,"名稱3":null},{"index":114,"id":20023412,"user":"龎東發","shop":"蔥油餅","category":["夜市/市場攤販"],"zone":"雲嘉南","city":"臺南市","area":"安平區","market_name":["餐食攤販"],"market_address":"臺南市安平區安平路１５１號騎樓","pay_list":"","pay_tool":"","行業代號":null,"行業代號1":null,"名稱1":null,"行業代號2":null,"名稱2":null,"行業代號3":null,"名稱3":null},{"index":115,"id":20023452,"user":"陳文祥","shop":"台南市安平市場１０４４號","category":["夜市/市場攤販"],"zone":"雲嘉南","city":"臺南市","area":"安平區","market_name":["餐食攤販"],"market_address":"臺南市安平區效忠街２０－７號","pay_list":"","pay_tool":"","行業代號":null,"行業代號1":null,"名稱1":null,"行業代號2":null,"名稱2":null,"行業代號3":null,"名稱3":null},{"index":116,"id":20028547,"user":"蔡昇鵬","shop":"蔡斯文手作料理","category":["夜市/市場攤販"],"zone":"雲嘉南","city":"臺南市","area":"安平區","market_name":["餐食攤販"],"market_address":"臺南市安平區安北路１０３巷７弄６之１號２９號攤位","pay_list":["LINE PAY MONEY"],"pay_tool":["行動支付"],"行業代號":null,"行業代號1":null,"名稱1":null,"行業代號2":null,"名稱2":null,"行業代號3":null,"名稱3":null},{"index":117,"id":20036412,"user":"黃雅琳","shop":"八香飯糰","category":["夜市/市場攤販"],"zone":"雲嘉南","city":"臺南市","area":"安平區","market_name":["餐食攤販"],"market_address":"臺南市安平區郡平路１５１號騎樓","pay_list":"","pay_tool":"","行業代號":null,"行業代號1":null,"名稱1":null,"行業代號2":null,"名稱2":null,"行業代號3":null,"名稱3":null},{"index":118,"id":20036580,"user":"吳雅雯","shop":"吳雅雯雞蛋糕","category":["夜市/市場攤販"],"zone":"雲嘉南","city":"臺南市","area":"安平區","market_name":["餐食攤販"],"market_address":"臺南市安平區健康三街２０７號騎樓","pay_list":"","pay_tool":"","行業代號":null,"行業代號1":null,"名稱1":null,"行業代號2":null,"名稱2":null,"行業代號3":null,"名稱3":null},{"index":119,"id":20040205,"user":"蔡遠郎","shop":"攤販","category":["夜市/市場攤販"],"zone":"雲嘉南","city":"臺南市","area":"安平區","market_name":["餐食攤販"],"market_address":"臺南市安平區天妃里安平市場１０１８號","pay_list":"","pay_tool":"","行業代號":null,"行業代號1":null,"名稱1":null,"行業代號2":null,"名稱2":null,"行業代號3":null,"名稱3":null},{"index":120,"id":20040206,"user":"黃淑華","shop":"攤販","category":["夜市/市場攤販"],"zone":"雲嘉南","city":"臺南市","area":"安平區","market_name":["餐食攤販"],"market_address":"臺南市安平區天妃里安平市場１０２４號","pay_list":"","pay_tool":"","行業代號":null,"行業代號1":null,"名稱1":null,"行業代號2":null,"名稱2":null,"行業代號3":null,"名稱3":null},{"index":121,"id":20040207,"user":"許美蘭","shop":"攤販","category":["夜市/市場攤販"],"zone":"雲嘉南","city":"臺南市","area":"安平區","market_name":["餐食攤販"],"market_address":"臺南市安平區天妃里安平市場１００１號","pay_list":"","pay_tool":"","行業代號":null,"行業代號1":null,"名稱1":null,"行業代號2":null,"名稱2":null,"行業代號3":null,"名稱3":null},{"index":122,"id":20040208,"user":"任琴治","shop":"攤販","category":["夜市/市場攤販"],"zone":"雲嘉南","city":"臺南市","area":"安平區","market_name":["餐食攤販"],"market_address":"臺南市安平區天妃里安平市場１００６號","pay_list":"","pay_tool":"","行業代號":null,"行業代號1":null,"名稱1":null,"行業代號2":null,"名稱2":null,"行業代號3":null,"名稱3":null},{"index":123,"id":20040209,"user":"許美燕","shop":"攤販","category":["夜市/市場攤販"],"zone":"雲嘉南","city":"臺南市","area":"安平區","market_name":["餐食攤販"],"market_address":"臺南市安平區天妃里安平市場１００２號","pay_list":"","pay_tool":"","行業代號":null,"行業代號1":null,"名稱1":null,"行業代號2":null,"名稱2":null,"行業代號3":null,"名稱3":null},{"index":124,"id":20040210,"user":"李淑禎","shop":"攤販","category":["夜市/市場攤販"],"zone":"雲嘉南","city":"臺南市","area":"安平區","market_name":["餐食攤販"],"market_address":"臺南市安平區天妃里安平市場１０１９號","pay_list":"","pay_tool":"","行業代號":null,"行業代號1":null,"名稱1":null,"行業代號2":null,"名稱2":null,"行業代號3":null,"名稱3":null},{"index":125,"id":20040211,"user":"陳秀廷","shop":"攤販","category":["夜市/市場攤販"],"zone":"雲嘉南","city":"臺南市","area":"安平區","market_name":["餐食攤販"],"market_address":"臺南市安平區天妃里安平市場１０５１、１０５２號","pay_list":"","pay_tool":"","行業代號":null,"行業代號1":null,"名稱1":null,"行業代號2":null,"名稱2":null,"行業代號3":null,"名稱3":null},{"index":126,"id":20040243,"user":"鄭人賓","shop":"鄭海產粥飯麵","category":["夜市/市場攤販"],"zone":"雲嘉南","city":"臺南市","area":"安平區","market_name":["餐食攤販"],"market_address":"臺南市安平區育平里健康三街２０１號１樓","pay_list":["LINE PAY MONEY"],"pay_tool":["行動支付"],"行業代號":null,"行業代號1":null,"名稱1":null,"行業代號2":null,"名稱2":null,"行業代號3":null,"名稱3":null},{"index":127,"id":20047703,"user":"楊淑珺","shop":"楊淑珺","category":["夜市/市場攤販"],"zone":"雲嘉南","city":"臺南市","area":"安平區","market_name":["餐食攤販"],"market_address":"臺南市安平區育平里育平路２２４號騎樓","pay_list":"","pay_tool":"","行業代號":null,"行業代號1":null,"名稱1":null,"行業代號2":null,"名稱2":null,"行業代號3":null,"名稱3":null},{"index":128,"id":20047714,"user":"郝金有","shop":"郝金有","category":["夜市/市場攤販"],"zone":"雲嘉南","city":"臺南市","area":"安平區","market_name":["餐食攤販"],"market_address":"臺南市安平區育平里育平路２２０號騎樓","pay_list":"","pay_tool":"","行業代號":null,"行業代號1":null,"名稱1":null,"行業代號2":null,"名稱2":null,"行業代號3":null,"名稱3":null},{"index":129,"id":20052519,"user":"蔡洧銘","shop":"古長本小吃店","category":["夜市/市場攤販"],"zone":"雲嘉南","city":"臺南市","area":"安平區","market_name":["餐食攤販"],"market_address":"臺南市安平區育平里郡平路１５２號騎樓","pay_list":["LINE PAY MONEY"],"pay_tool":["行動支付"],"行業代號":null,"行業代號1":null,"名稱1":null,"行業代號2":null,"名稱2":null,"行業代號3":null,"名稱3":null},{"index":130,"id":20052524,"user":"黃星堯","shop":"黃星堯","category":["夜市/市場攤販"],"zone":"雲嘉南","city":"臺南市","area":"安平區","market_name":["餐食攤販"],"market_address":"臺南市安平區育平里健康三街１９５－１號騎樓","pay_list":"","pay_tool":"","行業代號":null,"行業代號1":null,"名稱1":null,"行業代號2":null,"名稱2":null,"行業代號3":null,"名稱3":null},{"index":131,"id":20052525,"user":"黃信樺","shop":"虎立嘉沙威瑪","category":["夜市/市場攤販"],"zone":"雲嘉南","city":"臺南市","area":"安平區","market_name":["餐食攤販"],"market_address":"臺南市安平區育平里郡平路１５２號騎樓","pay_list":"","pay_tool":"","行業代號":null,"行業代號1":null,"名稱1":null,"行業代號2":null,"名稱2":null,"行業代號3":null,"名稱3":null},{"index":132,"id":20052540,"user":"曾煥欽","shop":"曾煥欽","category":["夜市/市場攤販"],"zone":"雲嘉南","city":"臺南市","area":"安平區","market_name":["餐食攤販"],"market_address":"臺南市安平區育平里健康三街１９５－１號騎樓","pay_list":"","pay_tool":"","行業代號":null,"行業代號1":null,"名稱1":null,"行業代號2":null,"名稱2":null,"行業代號3":null,"名稱3":null},{"index":133,"id":20052877,"user":"郭爵錕","shop":"戲蚵","category":["夜市/市場攤販"],"zone":"雲嘉南","city":"臺南市","area":"安平區","market_name":["餐食攤販"],"market_address":"臺南市安平區新永華夜市Ｆ排１、２號","pay_list":["LINE PAY MONEY"],"pay_tool":["行動支付"],"行業代號":null,"行業代號1":null,"名稱1":null,"行業代號2":null,"名稱2":null,"行業代號3":null,"名稱3":null},{"index":134,"id":20053509,"user":"林立生","shop":"林立生","category":["夜市/市場攤販"],"zone":"雲嘉南","city":"臺南市","area":"安平區","market_name":["餐食攤販"],"market_address":"臺南市安平區效忠街２０之７號（安平公有市場第１０３９號攤位）","pay_list":"","pay_tool":"","行業代號":null,"行業代號1":null,"名稱1":null,"行業代號2":null,"名稱2":null,"行業代號3":null,"名稱3":null},{"index":135,"id":20058613,"user":"林柏呈","shop":"海洋空間","category":["夜市/市場攤販"],"zone":"雲嘉南","city":"臺南市","area":"安平區","market_name":["餐食攤販","寵物零售","經營網路購物","寵物用品零售"],"market_address":"臺南市安平區安億路１１５號（德陽艦園區）","pay_list":"","pay_tool":"","行業代號":null,"行業代號1":null,"名稱1":null,"行業代號2":null,"名稱2":null,"行業代號3":null,"名稱3":null},{"index":136,"id":20060610,"user":"陳雅照","shop":"黃氏豬心","category":["夜市/市場攤販"],"zone":"雲嘉南","city":"臺南市","area":"安平區","market_name":["餐食攤販"],"market_address":"臺南市安平區怡平里怡平路３４４號１樓","pay_list":"","pay_tool":"","行業代號":null,"行業代號1":null,"名稱1":null,"行業代號2":null,"名稱2":null,"行業代號3":null,"名稱3":null},{"index":137,"id":20061821,"user":"李文赫","shop":"春生芋粿美食","category":["夜市/市場攤販"],"zone":"雲嘉南","city":"臺南市","area":"安平區","market_name":["餐食攤販"],"market_address":"臺南市安平區王城里平生路７１號","pay_list":"","pay_tool":"","行業代號":null,"行業代號1":null,"名稱1":null,"行業代號2":null,"名稱2":null,"行業代號3":null,"名稱3":null},{"index":138,"id":20061824,"user":"丁穗秋","shop":"雨田一家","category":["夜市/市場攤販","餐飲"],"zone":"雲嘉南","city":"臺南市","area":"安平區","market_name":["餐食攤販","冰果店、冷（熱）飲店"],"market_address":"臺南市安平區平生路３４－１號騎樓","pay_list":"","pay_tool":"","行業代號":null,"行業代號1":null,"名稱1":null,"行業代號2":null,"名稱2":null,"行業代號3":null,"名稱3":null},{"index":139,"id":20061836,"user":"黃戴惠燕","shop":"安平胡記抓餅","category":["夜市/市場攤販"],"zone":"雲嘉南","city":"臺南市","area":"安平區","market_name":["餐食攤販"],"market_address":"臺南市安平區安平路７９０號左前","pay_list":"","pay_tool":"","行業代號":null,"行業代號1":null,"名稱1":null,"行業代號2":null,"名稱2":null,"行業代號3":null,"名稱3":null},{"index":140,"id":20061839,"user":"林秀足","shop":"健康果汁","category":["夜市/市場攤販"],"zone":"雲嘉南","city":"臺南市","area":"安平區","market_name":["調理飲料攤販"],"market_address":"臺南市安平區安平路７９０號路邊","pay_list":"","pay_tool":"","行業代號":null,"行業代號1":null,"名稱1":null,"行業代號2":null,"名稱2":null,"行業代號3":null,"名稱3":null},{"index":141,"id":20061853,"user":"陳信宏","shop":"美而美漢堡店","category":["夜市/市場攤販"],"zone":"雲嘉南","city":"臺南市","area":"安平區","market_name":["餐食攤販"],"market_address":"臺南市安平區華平里健康二街４９６－１號","pay_list":"","pay_tool":"","行業代號":null,"行業代號1":null,"名稱1":null,"行業代號2":null,"名稱2":null,"行業代號3":null,"名稱3":null},{"index":142,"id":20062338,"user":"林正雄","shop":"魯肉家","category":["夜市/市場攤販"],"zone":"雲嘉南","city":"臺南市","area":"安平區","market_name":["餐食攤販"],"market_address":"臺南市安平區建平里平通路４９號","pay_list":"","pay_tool":"","行業代號":null,"行業代號1":null,"名稱1":null,"行業代號2":null,"名稱2":null,"行業代號3":null,"名稱3":null},{"index":143,"id":60033471,"user":"謝維富","shop":"助仔牛肉店","category":["夜市/市場攤販"],"zone":"雲嘉南","city":"臺南市","area":"安平區","market_name":["餐食攤販"],"market_address":"臺南市安平區平安里安平路６２４號１樓","pay_list":null,"pay_tool":null,"行業代號":"561200","行業代號1":"","名稱1":"","行業代號2":"","名稱2":"","行業代號3":"","名稱3":""},{"index":144,"id":60038419,"user":"劉繼壯","shop":"劉記韭菜盒","category":["夜市/市場攤販"],"zone":"雲嘉南","city":"臺南市","area":"安平區","market_name":["餐食攤販"],"market_address":"臺南市安平區安北路１５９號１樓","pay_list":null,"pay_tool":null,"行業代號":"561200","行業代號1":"","名稱1":"","行業代號2":"","名稱2":"","行業代號3":"","名稱3":""},{"index":145,"id":60055250,"user":"蔡麗娟","shop":"老街古味紅茶冰","category":["夜市/市場攤販"],"zone":"雲嘉南","city":"臺南市","area":"安平區","market_name":["調理飲料攤販"],"market_address":"臺南市安平區天妃里平生路３８號","pay_list":null,"pay_tool":null,"行業代號":"563200","行業代號1":"","名稱1":"","行業代號2":"","名稱2":"","行業代號3":"","名稱3":""},{"index":146,"id":60055454,"user":"李湘如","shop":"凡湘商行","category":["夜市/市場攤販"],"zone":"雲嘉南","city":"臺南市","area":"安平區","market_name":["調理飲料攤販"],"market_address":"臺南市安平區育平里郡平路１８９號１樓","pay_list":null,"pay_tool":null,"行業代號":"563200","行業代號1":"","名稱1":"","行業代號2":"","名稱2":"","行業代號3":"","名稱3":""},{"index":147,"id":60061262,"user":"呂雅惠","shop":"惠盛食品行","category":["夜市/市場攤販"],"zone":"雲嘉南","city":"臺南市","area":"安平區","market_name":["餐食攤販"],"market_address":"臺南市安平區育平里育平五街７７號１１樓之３","pay_list":null,"pay_tool":null,"行業代號":"561200","行業代號1":"","名稱1":"","行業代號2":"","名稱2":"","行業代號3":"","名稱3":""},{"index":148,"id":60073527,"user":"林威廷","shop":"餵公子吃餅","category":["夜市/市場攤販"],"zone":"雲嘉南","city":"臺南市","area":"安平區","market_name":["餐食攤販"],"market_address":"臺南市安平區建平里建平十七街６５號６樓之１","pay_list":null,"pay_tool":null,"行業代號":"561200","行業代號1":"","名稱1":"","行業代號2":"","名稱2":"","行業代號3":"","名稱3":""},{"index":149,"id":60108895,"user":"陳高桂花","shop":"比勇布妮商行","category":["夜市/市場攤販"],"zone":"雲嘉南","city":"臺南市","area":"安平區","market_name":["餐食攤販"],"market_address":"臺南市安平區怡平里慶平路１９７號","pay_list":null,"pay_tool":null,"行業代號":"561200","行業代號1":"","名稱1":"","行業代號2":"","名稱2":"","行業代號3":"","名稱3":""},{"index":150,"id":60123289,"user":"唐枝和","shop":"唐唐簡餐","category":["夜市/市場攤販"],"zone":"雲嘉南","city":"臺南市","area":"安平區","market_name":["餐食攤販"],"market_address":"臺南市安平區永華路２段７０６號１樓","pay_list":null,"pay_tool":null,"行業代號":"561200","行業代號1":"","名稱1":"","行業代號2":"","名稱2":"","行業代號3":"","名稱3":""},{"index":151,"id":60124093,"user":"陳雅莉","shop":"鄭家湯包店","category":["夜市/市場攤販"],"zone":"雲嘉南","city":"臺南市","area":"安平區","market_name":["餐食攤販"],"market_address":"臺南市安平區國平里郡平路１４９號１樓","pay_list":null,"pay_tool":null,"行業代號":"561200","行業代號1":"","名稱1":"","行業代號2":"","名稱2":"","行業代號3":"","名稱3":""}]