[{"index":1,"id":30000912,"category":"夜市小吃/市場","city":"臺中市","area":"大甲區","market_name":"大甲蔣公路觀光夜市攤販集中區","market_address":"臺中市大甲區蔣公路段(自順天路至信義路間路段兩側)","shop":"大甲蔣公路觀光夜市攤販集中區 一品香水煎包","pay_list":["台灣 PAY","LINE Pay Money"],"zone":"中彰投","user":"陳美芬","pay_tool":["行動支付"]},{"index":2,"id":30000913,"category":"夜市小吃/市場","city":"臺中市","area":"大甲區","market_name":"大甲蔣公路觀光夜市攤販集中區","market_address":"臺中市大甲區蔣公路段(自順天路至信義路間路段兩側)","shop":"大甲蔣公路觀光夜市攤販集中區 一品香水煎包","pay_list":["台灣 PAY","LINE Pay Money"],"zone":"中彰投","user":"陳美芬","pay_tool":["行動支付"]},{"index":3,"id":30000921,"category":"夜市小吃/市場","city":"臺中市","area":"大甲區","market_name":"大甲蔣公路觀光夜市攤販集中區","market_address":"臺中市大甲區蔣公路段(自順天路至信義路間路段兩側)","shop":"大甲蔣公路觀光夜市攤販集中區 A+炸食美饌","pay_list":["台灣 PAY","街口支付","LINE Pay Money"],"zone":"中彰投","user":"何永能","pay_tool":["行動支付"]},{"index":4,"id":30000922,"category":"夜市小吃/市場","city":"臺中市","area":"大甲區","market_name":"大甲蔣公路觀光夜市攤販集中區","market_address":"臺中市大甲區蔣公路段(自順天路至信義路間路段兩側)","shop":"大甲蔣公路觀光夜市攤販集中區 A+炸食美饌","pay_list":["台灣 PAY","街口支付","LINE Pay Money"],"zone":"中彰投","user":"何永能","pay_tool":["行動支付"]},{"index":5,"id":30001288,"category":"夜市小吃/市場","city":"臺中市","area":"大甲區","market_name":"大甲蔣公路觀光夜市攤販集中區","market_address":"臺中市大甲區蔣公路段(自順天路至信義路間路段兩側)","shop":"大甲蔣公路觀光夜市攤販集中區 東港肉丸","pay_list":["台灣 PAY","LINE Pay Money"],"zone":"中彰投","user":"?泰和","pay_tool":["行動支付"]},{"index":6,"id":30001289,"category":"夜市小吃/市場","city":"臺中市","area":"大甲區","market_name":"大甲蔣公路觀光夜市攤販集中區","market_address":"臺中市大甲區蔣公路段(自順天路至信義路間路段兩側)","shop":"大甲蔣公路觀光夜市攤販集中區 東港肉丸","pay_list":["台灣 PAY","LINE Pay Money"],"zone":"中彰投","user":"?泰和","pay_tool":["行動支付"]},{"index":7,"id":30041579,"category":"夜市小吃/市場","city":"臺中市","area":"大甲區","market_name":"大甲第一公有零售市場","market_address":"臺中市大甲區順天路146號","shop":"大甲第一公有零售市場 多信肉舖","pay_list":["台灣 PAY"],"zone":"中彰投","user":"陳建國","pay_tool":["行動支付"]},{"index":8,"id":30041674,"category":"夜市小吃/市場","city":"臺中市","area":"大甲區","market_name":"大甲第二公有零售市場","market_address":"臺中市大甲區新政路38號","shop":"大甲第二公有零售市場 阿金肉舖","pay_list":["悠遊付及PI錢包","街口支付","LINE Pay Money"],"zone":"中彰投","user":"紀奉良","pay_tool":["行動支付"]},{"index":9,"id":30041703,"category":"夜市小吃/市場","city":"臺中市","area":"大甲區","market_name":"大甲第二公有零售市場","market_address":"臺中市大甲區新政路38號","shop":"大甲第二公有零售市場 李卜蜂雞肉行","pay_list":["台灣 PAY"],"zone":"中彰投","user":"李添敬","pay_tool":["行動支付"]},{"index":10,"id":30041707,"category":"夜市小吃/市場","city":"臺中市","area":"大甲區","market_name":"大甲第二公有零售市場","market_address":"臺中市大甲區新政路38號","shop":"大甲第二公有零售市場 雜貨行","pay_list":["台灣 PAY"],"zone":"中彰投","user":"王瑞坤","pay_tool":["行動支付"]},{"index":11,"id":30041727,"category":"夜市小吃/市場","city":"臺中市","area":"大甲區","market_name":"大甲第二公有零售市場","market_address":"臺中市大甲區新政路38號","shop":"大甲第二公有零售市場 可味珍肉脯店","pay_list":["台灣 PAY"],"zone":"中彰投","user":"呂凱丞","pay_tool":["行動支付"]},{"index":12,"id":30041780,"category":"夜市小吃/市場","city":"臺中市","area":"大甲區","market_name":"大甲第二公有零售市場","market_address":"臺中市大甲區新政路38號","shop":"大甲第二公有零售市場 元進莊食品","pay_list":["悠遊付及PI錢包","街口支付","LINE Pay Money"],"zone":"中彰投","user":"柯秀珠","pay_tool":["行動支付"]},{"index":13,"id":30041829,"category":"夜市小吃/市場","city":"臺中市","area":"大甲區","market_name":"大甲第二公有零售市場","market_address":"臺中市大甲區新政路38號","shop":"大甲第二公有零售市場 品味水餃","pay_list":["台灣 PAY"],"zone":"中彰投","user":"鄭麗娟","pay_tool":["行動支付"]},{"index":14,"id":30041831,"category":"夜市小吃/市場","city":"臺中市","area":"大甲區","market_name":"大甲第二公有零售市場","market_address":"臺中市大甲區新政路38號","shop":"大甲第二公有零售市場 竹香滷味","pay_list":["悠遊付及PI錢包","街口支付","LINE Pay Money"],"zone":"中彰投","user":"張志銘","pay_tool":["行動支付"]},{"index":15,"id":30041881,"category":"夜市小吃/市場","city":"臺中市","area":"大甲區","market_name":"大甲蔣公路觀光夜市攤販集中區","market_address":"臺中市大甲區蔣公路段(自順天路至信義路間路段兩側)","shop":"大甲蔣公路觀光夜市攤販集中區 堂地瓜球","pay_list":["台灣 PAY","LINE Pay Money"],"zone":"中彰投","user":"范國祥","pay_tool":["行動支付"]},{"index":16,"id":30041886,"category":"夜市小吃/市場","city":"臺中市","area":"大甲區","market_name":"大甲蔣公路觀光夜市攤販集中區","market_address":"臺中市大甲區蔣公路段(自順天路至信義路間路段兩側)","shop":"大甲蔣公路觀光夜市攤販集中區 淇淇牛排","pay_list":["台灣 PAY"],"zone":"中彰投","user":"陳仲凱","pay_tool":["行動支付"]},{"index":17,"id":30041890,"category":"夜市小吃/市場","city":"臺中市","area":"大甲區","market_name":"大甲蔣公路觀光夜市攤販集中區","market_address":"臺中市大甲區蔣公路段(自順天路至信義路間路段兩側)","shop":"大甲蔣公路觀光夜市攤販集中區 大甲芋香包","pay_list":["台灣 PAY","LINE Pay Money"],"zone":"中彰投","user":"蘇采凌","pay_tool":["行動支付"]},{"index":18,"id":30041893,"category":"夜市小吃/市場","city":"臺中市","area":"大甲區","market_name":"大甲蔣公路觀光夜市攤販集中區","market_address":"臺中市大甲區蔣公路段(自順天路至信義路間路段兩側)","shop":"大甲蔣公路觀光夜市攤販集中區 一路發冰品","pay_list":["台灣 PAY","LINE Pay Money"],"zone":"中彰投","user":"何春鳳","pay_tool":["行動支付"]},{"index":19,"id":30041894,"category":"夜市小吃/市場","city":"臺中市","area":"大甲區","market_name":"大甲蔣公路觀光夜市攤販集中區","market_address":"臺中市大甲區蔣公路段(自順天路至信義路間路段兩側)","shop":"大甲蔣公路觀光夜市攤販集中區 2486辣脆腸","pay_list":["街口支付","LINE Pay Money"],"zone":"中彰投","user":"林莛浚","pay_tool":["行動支付"]},{"index":20,"id":30041895,"category":"夜市小吃/市場","city":"臺中市","area":"大甲區","market_name":"大甲蔣公路觀光夜市攤販集中區","market_address":"臺中市大甲區蔣公路段(自順天路至信義路間路段兩側)","shop":"大甲蔣公路觀光夜市攤販集中區 何佳佳蔥油餅","pay_list":["台灣 PAY","LINE Pay Money"],"zone":"中彰投","user":"李佳蓉","pay_tool":["行動支付"]},{"index":21,"id":30041897,"category":"夜市小吃/市場","city":"臺中市","area":"大甲區","market_name":"大甲蔣公路觀光夜市攤販集中區","market_address":"臺中市大甲區蔣公路段(自順天路至信義路間路段兩側)","shop":"大甲蔣公路觀光夜市攤販集中區 特製鑫壽司","pay_list":["台灣 PAY","LINE Pay Money"],"zone":"中彰投","user":"郭沛鑫","pay_tool":["行動支付"]},{"index":22,"id":30041899,"category":"夜市小吃/市場","city":"臺中市","area":"大甲區","market_name":"大甲蔣公路觀光夜市攤販集中區","market_address":"臺中市大甲區蔣公路段(自順天路至信義路間路段兩側)","shop":"大甲蔣公路觀光夜市攤販集中區 三鮮蒸餃","pay_list":["街口支付"],"zone":"中彰投","user":"李淑卿","pay_tool":["行動支付"]},{"index":23,"id":30041900,"category":"夜市小吃/市場","city":"臺中市","area":"大甲區","market_name":"大甲蔣公路觀光夜市攤販集中區","market_address":"臺中市大甲區蔣公路段(自順天路至信義路間路段兩側)","shop":"大甲蔣公路觀光夜市攤販集中區 正兄弟鴨肉麵線","pay_list":["台灣 PAY","街口支付","LINE Pay Money"],"zone":"中彰投","user":"林明濬","pay_tool":["行動支付"]},{"index":24,"id":30041901,"category":"夜市小吃/市場","city":"臺中市","area":"大甲區","market_name":"大甲蔣公路觀光夜市攤販集中區","market_address":"臺中市大甲區蔣公路段(自順天路至信義路間路段兩側)","shop":"大甲蔣公路觀光夜市攤販集中區 鼎騰牛肉麵","pay_list":["台灣 PAY","街口支付","LINE Pay Money"],"zone":"中彰投","user":"陳忠億","pay_tool":["行動支付"]},{"index":25,"id":30041902,"category":"夜市小吃/市場","city":"臺中市","area":"大甲區","market_name":"大甲蔣公路觀光夜市攤販集中區","market_address":"臺中市大甲區蔣公路段(自順天路至信義路間路段兩側)","shop":"大甲蔣公路觀光夜市攤販集中區 豪記無骨戰鬥雞","pay_list":["台灣 PAY"],"zone":"中彰投","user":"陳美玉","pay_tool":["行動支付"]},{"index":26,"id":30041904,"category":"夜市小吃/市場","city":"臺中市","area":"大甲區","market_name":"大甲蔣公路觀光夜市攤販集中區","market_address":"臺中市大甲區蔣公路段(自順天路至信義路間路段兩側)","shop":"大甲蔣公路觀光夜市攤販集中區 周記臭豆腐","pay_list":["台灣 PAY","街口支付","LINE Pay Money"],"zone":"中彰投","user":"?明霞","pay_tool":["行動支付"]},{"index":27,"id":30041907,"category":"夜市小吃/市場","city":"臺中市","area":"大甲區","market_name":"大甲蔣公路觀光夜市攤販集中區","market_address":"臺中市大甲區蔣公路段(自順天路至信義路間路段兩側)","shop":"大甲蔣公路觀光夜市攤販集中區 咾饕鹹水雞","pay_list":["LINE Pay Money"],"zone":"中彰投","user":"許凱茹","pay_tool":["行動支付"]},{"index":28,"id":30041908,"category":"夜市小吃/市場","city":"臺中市","area":"大甲區","market_name":"大甲蔣公路觀光夜市攤販集中區","market_address":"臺中市大甲區蔣公路段(自順天路至信義路間路段兩側)","shop":"大甲蔣公路觀光夜市攤販集中區 曼波甜湯","pay_list":["台灣 PAY","街口支付","LINE Pay Money"],"zone":"中彰投","user":"黃曼淋","pay_tool":["行動支付"]},{"index":29,"id":30041910,"category":"夜市小吃/市場","city":"臺中市","area":"大甲區","market_name":"大甲蔣公路觀光夜市攤販集中區","market_address":"臺中市大甲區蔣公路段(自順天路至信義路間路段兩側)","shop":"大甲蔣公路觀光夜市攤販集中區 神戶牛排","pay_list":["台灣 PAY"],"zone":"中彰投","user":"黃豊達","pay_tool":["行動支付"]},{"index":30,"id":30041911,"category":"夜市小吃/市場","city":"臺中市","area":"大甲區","market_name":"大甲蔣公路觀光夜市攤販集中區","market_address":"臺中市大甲區蔣公路段(自順天路至信義路間路段兩側)","shop":"大甲蔣公路觀光夜市攤販集中區 冰點羊肉羹麵","pay_list":["台灣 PAY"],"zone":"中彰投","user":"王錦聰","pay_tool":["行動支付"]},{"index":31,"id":30041914,"category":"夜市小吃/市場","city":"臺中市","area":"大甲區","market_name":"大甲蔣公路觀光夜市攤販集中區","market_address":"臺中市大甲區蔣公路段(自順天路至信義路間路段兩側)","shop":"大甲蔣公路觀光夜市攤販集中區 馥芋","pay_list":["台灣 PAY","LINE Pay Money"],"zone":"中彰投","user":"胡嘉麟","pay_tool":["行動支付"]},{"index":32,"id":30041915,"category":"夜市小吃/市場","city":"臺中市","area":"大甲區","market_name":"大甲蔣公路觀光夜市攤販集中區","market_address":"臺中市大甲區蔣公路段(自順天路至信義路間路段兩側)","shop":"大甲蔣公路觀光夜市攤販集中區 老竇雞蛋仔","pay_list":["台灣 PAY","街口支付","LINE Pay Money"],"zone":"中彰投","user":"郭加鋒","pay_tool":["行動支付"]},{"index":33,"id":30041919,"category":"夜市小吃/市場","city":"臺中市","area":"大甲區","market_name":"大甲蔣公路觀光夜市攤販集中區","market_address":"臺中市大甲區蔣公路段(自順天路至信義路間路段兩側)","shop":"大甲蔣公路觀光夜市攤販集中區 喫茶小舖","pay_list":["台灣 PAY","街口支付","LINE Pay Money"],"zone":"中彰投","user":"陳筱芸","pay_tool":["行動支付"]},{"index":34,"id":30041921,"category":"夜市小吃/市場","city":"臺中市","area":"大甲區","market_name":"大甲蔣公路觀光夜市攤販集中區","market_address":"臺中市大甲區蔣公路段(自順天路至信義路間路段兩側)","shop":"大甲蔣公路觀光夜市攤販集中區 廟口意麵","pay_list":["LINE Pay Money"],"zone":"中彰投","user":"紀光軒","pay_tool":["行動支付"]},{"index":35,"id":30041922,"category":"夜市小吃/市場","city":"臺中市","area":"大甲區","market_name":"大甲蔣公路觀光夜市攤販集中區","market_address":"臺中市大甲區蔣公路段(自順天路至信義路間路段兩側)","shop":"大甲蔣公路觀光夜市攤販集中區 板本章魚小丸子","pay_list":["台灣 PAY"],"zone":"中彰投","user":"黃語涓","pay_tool":["行動支付"]},{"index":36,"id":30041923,"category":"夜市小吃/市場","city":"臺中市","area":"大甲區","market_name":"大甲蔣公路觀光夜市攤販集中區","market_address":"臺中市大甲區蔣公路段(自順天路至信義路間路段兩側)","shop":"大甲蔣公路觀光夜市攤販集中區 武合家麵攤","pay_list":["台灣 PAY"],"zone":"中彰投","user":"蔡武宏","pay_tool":["行動支付"]},{"index":37,"id":30041925,"category":"夜市小吃/市場","city":"臺中市","area":"大甲區","market_name":"大甲蔣公路觀光夜市攤販集中區","market_address":"臺中市大甲區蔣公路段(自順天路至信義路間路段兩側)","shop":"大甲蔣公路觀光夜市攤販集中區 魯夫滷味","pay_list":["台灣 PAY","街口支付","LINE Pay Money"],"zone":"中彰投","user":"莫宏逸","pay_tool":["行動支付"]},{"index":38,"id":30041926,"category":"夜市小吃/市場","city":"臺中市","area":"大甲區","market_name":"大甲蔣公路觀光夜市攤販集中區","market_address":"臺中市大甲區蔣公路段(自順天路至信義路間路段兩側)","shop":"大甲蔣公路觀光夜市攤販集中區 嘉家樂肉丸","pay_list":["台灣 PAY","LINE Pay Money"],"zone":"中彰投","user":"鄭柏承","pay_tool":["行動支付"]},{"index":39,"id":30041929,"category":"夜市小吃/市場","city":"臺中市","area":"大甲區","market_name":"大甲蔣公路觀光夜市攤販集中區","market_address":"臺中市大甲區蔣公路段(自順天路至信義路間路段兩側)","shop":"大甲蔣公路觀光夜市攤販集中區 手燒蛋糕雞","pay_list":["LINE Pay Money"],"zone":"中彰投","user":"呂嘉益","pay_tool":["行動支付"]},{"index":40,"id":30041931,"category":"夜市小吃/市場","city":"臺中市","area":"大甲區","market_name":"大甲蔣公路觀光夜市攤販集中區","market_address":"臺中市大甲區蔣公路段(自順天路至信義路間路段兩側)","shop":"大甲蔣公路觀光夜市攤販集中區 大甲大腸包小腸","pay_list":["LINE Pay Money"],"zone":"中彰投","user":"陳財誼","pay_tool":["行動支付"]},{"index":41,"id":30041932,"category":"夜市小吃/市場","city":"臺中市","area":"大甲區","market_name":"大甲蔣公路觀光夜市攤販集中區","market_address":"臺中市大甲區蔣公路段(自順天路至信義路間路段兩側)","shop":"大甲蔣公路觀光夜市攤販集中區 阿三熱炒","pay_list":["LINE Pay Money"],"zone":"中彰投","user":"盛小?","pay_tool":["行動支付"]},{"index":42,"id":30041934,"category":"夜市小吃/市場","city":"臺中市","area":"大甲區","market_name":"大甲蔣公路觀光夜市攤販集中區","market_address":"臺中市大甲區蔣公路段(自順天路至信義路間路段兩側)","shop":"大甲蔣公路觀光夜市攤販集中區 飛嚐享吃鹹水雞","pay_list":["LINE Pay Money"],"zone":"中彰投","user":"陳雯貞","pay_tool":["行動支付"]},{"index":43,"id":30041935,"category":"夜市小吃/市場","city":"臺中市","area":"大甲區","market_name":"大甲蔣公路觀光夜市攤販集中區","market_address":"臺中市大甲區蔣公路段(自順天路至信義路間路段兩側)","shop":"大甲蔣公路觀光夜市攤販集中區 町味壽司專賣店","pay_list":["台灣 PAY","LINE Pay Money"],"zone":"中彰投","user":"劉芳瑜","pay_tool":["行動支付"]},{"index":44,"id":30041936,"category":"夜市小吃/市場","city":"臺中市","area":"大甲區","market_name":"大甲蔣公路觀光夜市攤販集中區","market_address":"臺中市大甲區蔣公路段(自順天路至信義路間路段兩側)","shop":"大甲蔣公路觀光夜市攤販集中區 馫味鮮小籠湯包","pay_list":["台灣 PAY","街口支付","LINE Pay Money"],"zone":"中彰投","user":"黃柏勝","pay_tool":["行動支付"]},{"index":45,"id":30041938,"category":"夜市小吃/市場","city":"臺中市","area":"大甲區","market_name":"大甲蔣公路觀光夜市攤販集中區","market_address":"臺中市大甲區蔣公路段(自順天路至信義路間路段兩側)","shop":"大甲蔣公路觀光夜市攤販集中區 好食炒泡麵","pay_list":["台灣 PAY","街口支付","LINE Pay Money"],"zone":"中彰投","user":"詹幔瑄","pay_tool":["行動支付"]},{"index":46,"id":30041941,"category":"夜市小吃/市場","city":"臺中市","area":"大甲區","market_name":"大甲蔣公路觀光夜市攤販集中區","market_address":"臺中市大甲區蔣公路段(自順天路至信義路間路段兩側)","shop":"大甲蔣公路觀光夜市攤販集中區 阿榮烤肉","pay_list":["台灣 PAY","LINE Pay Money"],"zone":"中彰投","user":"陳萬榮","pay_tool":["行動支付"]},{"index":47,"id":30041943,"category":"夜市小吃/市場","city":"臺中市","area":"大甲區","market_name":"大甲蔣公路觀光夜市攤販集中區","market_address":"臺中市大甲區蔣公路段(自順天路至信義路間路段兩側)","shop":"大甲蔣公路觀光夜市攤販集中區 堂地瓜球","pay_list":["台灣 PAY","LINE Pay Money"],"zone":"中彰投","user":"范國祥","pay_tool":["行動支付"]},{"index":48,"id":30041949,"category":"夜市小吃/市場","city":"臺中市","area":"大甲區","market_name":"大甲蔣公路觀光夜市攤販集中區","market_address":"臺中市大甲區蔣公路段(自順天路至信義路間路段兩側)","shop":"大甲蔣公路觀光夜市攤販集中區 淇淇牛排","pay_list":["台灣 PAY"],"zone":"中彰投","user":"陳仲凱","pay_tool":["行動支付"]},{"index":49,"id":30041952,"category":"夜市小吃/市場","city":"臺中市","area":"大甲區","market_name":"大甲蔣公路觀光夜市攤販集中區","market_address":"臺中市大甲區蔣公路段(自順天路至信義路間路段兩側)","shop":"大甲蔣公路觀光夜市攤販集中區 大甲芋香包","pay_list":["台灣 PAY","LINE Pay Money"],"zone":"中彰投","user":"蘇采凌","pay_tool":["行動支付"]},{"index":50,"id":30041955,"category":"夜市小吃/市場","city":"臺中市","area":"大甲區","market_name":"大甲蔣公路觀光夜市攤販集中區","market_address":"臺中市大甲區蔣公路段(自順天路至信義路間路段兩側)","shop":"大甲蔣公路觀光夜市攤販集中區 一路發冰品","pay_list":["台灣 PAY","LINE Pay Money"],"zone":"中彰投","user":"何春鳳","pay_tool":["行動支付"]},{"index":51,"id":30041957,"category":"夜市小吃/市場","city":"臺中市","area":"大甲區","market_name":"大甲蔣公路觀光夜市攤販集中區","market_address":"臺中市大甲區蔣公路段(自順天路至信義路間路段兩側)","shop":"大甲蔣公路觀光夜市攤販集中區 2486辣脆腸","pay_list":["街口支付","LINE Pay Money"],"zone":"中彰投","user":"林莛浚","pay_tool":["行動支付"]},{"index":52,"id":30041958,"category":"夜市小吃/市場","city":"臺中市","area":"大甲區","market_name":"大甲蔣公路觀光夜市攤販集中區","market_address":"臺中市大甲區蔣公路段(自順天路至信義路間路段兩側)","shop":"大甲蔣公路觀光夜市攤販集中區 何佳佳蔥油餅","pay_list":["台灣 PAY","LINE Pay Money"],"zone":"中彰投","user":"李佳蓉","pay_tool":["行動支付"]},{"index":53,"id":30041959,"category":"夜市小吃/市場","city":"臺中市","area":"大甲區","market_name":"大甲蔣公路觀光夜市攤販集中區","market_address":"臺中市大甲區蔣公路段(自順天路至信義路間路段兩側)","shop":"大甲蔣公路觀光夜市攤販集中區 特製鑫壽司","pay_list":["台灣 PAY","LINE Pay Money"],"zone":"中彰投","user":"郭沛鑫","pay_tool":["行動支付"]},{"index":54,"id":30041961,"category":"夜市小吃/市場","city":"臺中市","area":"大甲區","market_name":"大甲蔣公路觀光夜市攤販集中區","market_address":"臺中市大甲區蔣公路段(自順天路至信義路間路段兩側)","shop":"大甲蔣公路觀光夜市攤販集中區 三鮮蒸餃","pay_list":["街口支付"],"zone":"中彰投","user":"李淑卿","pay_tool":["行動支付"]},{"index":55,"id":30041962,"category":"夜市小吃/市場","city":"臺中市","area":"大甲區","market_name":"大甲蔣公路觀光夜市攤販集中區","market_address":"臺中市大甲區蔣公路段(自順天路至信義路間路段兩側)","shop":"大甲蔣公路觀光夜市攤販集中區 正兄弟鴨肉麵線","pay_list":["台灣 PAY","街口支付","LINE Pay Money"],"zone":"中彰投","user":"林明濬","pay_tool":["行動支付"]},{"index":56,"id":30041963,"category":"夜市小吃/市場","city":"臺中市","area":"大甲區","market_name":"大甲蔣公路觀光夜市攤販集中區","market_address":"臺中市大甲區蔣公路段(自順天路至信義路間路段兩側)","shop":"大甲蔣公路觀光夜市攤販集中區 鼎騰牛肉麵","pay_list":["台灣 PAY","街口支付","LINE Pay Money"],"zone":"中彰投","user":"陳忠億","pay_tool":["行動支付"]},{"index":57,"id":30041964,"category":"夜市小吃/市場","city":"臺中市","area":"大甲區","market_name":"大甲蔣公路觀光夜市攤販集中區","market_address":"臺中市大甲區蔣公路段(自順天路至信義路間路段兩側)","shop":"大甲蔣公路觀光夜市攤販集中區 豪記無骨戰鬥雞","pay_list":["台灣 PAY"],"zone":"中彰投","user":"陳美玉","pay_tool":["行動支付"]},{"index":58,"id":30041967,"category":"夜市小吃/市場","city":"臺中市","area":"大甲區","market_name":"大甲蔣公路觀光夜市攤販集中區","market_address":"臺中市大甲區蔣公路段(自順天路至信義路間路段兩側)","shop":"大甲蔣公路觀光夜市攤販集中區 周記臭豆腐","pay_list":["台灣 PAY","街口支付","LINE Pay Money"],"zone":"中彰投","user":"?明霞","pay_tool":["行動支付"]},{"index":59,"id":30041969,"category":"夜市小吃/市場","city":"臺中市","area":"大甲區","market_name":"大甲蔣公路觀光夜市攤販集中區","market_address":"臺中市大甲區蔣公路段(自順天路至信義路間路段兩側)","shop":"大甲蔣公路觀光夜市攤販集中區 咾饕鹹水雞","pay_list":["LINE Pay Money"],"zone":"中彰投","user":"許凱茹","pay_tool":["行動支付"]},{"index":60,"id":30041970,"category":"夜市小吃/市場","city":"臺中市","area":"大甲區","market_name":"大甲蔣公路觀光夜市攤販集中區","market_address":"臺中市大甲區蔣公路段(自順天路至信義路間路段兩側)","shop":"大甲蔣公路觀光夜市攤販集中區 曼波甜湯","pay_list":["台灣 PAY","街口支付","LINE Pay Money"],"zone":"中彰投","user":"黃曼淋","pay_tool":["行動支付"]},{"index":61,"id":30041972,"category":"夜市小吃/市場","city":"臺中市","area":"大甲區","market_name":"大甲蔣公路觀光夜市攤販集中區","market_address":"臺中市大甲區蔣公路段(自順天路至信義路間路段兩側)","shop":"大甲蔣公路觀光夜市攤販集中區 神戶牛排","pay_list":["台灣 PAY"],"zone":"中彰投","user":"黃豊達","pay_tool":["行動支付"]},{"index":62,"id":30041973,"category":"夜市小吃/市場","city":"臺中市","area":"大甲區","market_name":"大甲蔣公路觀光夜市攤販集中區","market_address":"臺中市大甲區蔣公路段(自順天路至信義路間路段兩側)","shop":"大甲蔣公路觀光夜市攤販集中區 冰點羊肉羹麵","pay_list":["台灣 PAY"],"zone":"中彰投","user":"王錦聰","pay_tool":["行動支付"]},{"index":63,"id":30041976,"category":"夜市小吃/市場","city":"臺中市","area":"大甲區","market_name":"大甲蔣公路觀光夜市攤販集中區","market_address":"臺中市大甲區蔣公路段(自順天路至信義路間路段兩側)","shop":"大甲蔣公路觀光夜市攤販集中區 馥芋","pay_list":["台灣 PAY","LINE Pay Money"],"zone":"中彰投","user":"胡嘉麟","pay_tool":["行動支付"]},{"index":64,"id":30041978,"category":"夜市小吃/市場","city":"臺中市","area":"大甲區","market_name":"大甲蔣公路觀光夜市攤販集中區","market_address":"臺中市大甲區蔣公路段(自順天路至信義路間路段兩側)","shop":"大甲蔣公路觀光夜市攤販集中區 老竇雞蛋仔","pay_list":["台灣 PAY","街口支付","LINE Pay Money"],"zone":"中彰投","user":"郭加鋒","pay_tool":["行動支付"]},{"index":65,"id":30041980,"category":"夜市小吃/市場","city":"臺中市","area":"大甲區","market_name":"大甲蔣公路觀光夜市攤販集中區","market_address":"臺中市大甲區蔣公路段(自順天路至信義路間路段兩側)","shop":"大甲蔣公路觀光夜市攤販集中區 喫茶小舖","pay_list":["台灣 PAY","街口支付","LINE Pay Money"],"zone":"中彰投","user":"陳筱芸","pay_tool":["行動支付"]},{"index":66,"id":30041982,"category":"夜市小吃/市場","city":"臺中市","area":"大甲區","market_name":"大甲蔣公路觀光夜市攤販集中區","market_address":"臺中市大甲區蔣公路段(自順天路至信義路間路段兩側)","shop":"大甲蔣公路觀光夜市攤販集中區 廟口意麵","pay_list":["LINE Pay Money"],"zone":"中彰投","user":"紀光軒","pay_tool":["行動支付"]},{"index":67,"id":30041983,"category":"夜市小吃/市場","city":"臺中市","area":"大甲區","market_name":"大甲蔣公路觀光夜市攤販集中區","market_address":"臺中市大甲區蔣公路段(自順天路至信義路間路段兩側)","shop":"大甲蔣公路觀光夜市攤販集中區 板本章魚小丸子","pay_list":["台灣 PAY"],"zone":"中彰投","user":"黃語涓","pay_tool":["行動支付"]},{"index":68,"id":30041984,"category":"夜市小吃/市場","city":"臺中市","area":"大甲區","market_name":"大甲蔣公路觀光夜市攤販集中區","market_address":"臺中市大甲區蔣公路段(自順天路至信義路間路段兩側)","shop":"大甲蔣公路觀光夜市攤販集中區 武合家麵攤","pay_list":["台灣 PAY"],"zone":"中彰投","user":"蔡武宏","pay_tool":["行動支付"]},{"index":69,"id":30041987,"category":"夜市小吃/市場","city":"臺中市","area":"大甲區","market_name":"大甲蔣公路觀光夜市攤販集中區","market_address":"臺中市大甲區蔣公路段(自順天路至信義路間路段兩側)","shop":"大甲蔣公路觀光夜市攤販集中區 魯夫滷味","pay_list":["台灣 PAY","街口支付","LINE Pay Money"],"zone":"中彰投","user":"莫宏逸","pay_tool":["行動支付"]},{"index":70,"id":30041988,"category":"夜市小吃/市場","city":"臺中市","area":"大甲區","market_name":"大甲蔣公路觀光夜市攤販集中區","market_address":"臺中市大甲區蔣公路段(自順天路至信義路間路段兩側)","shop":"大甲蔣公路觀光夜市攤販集中區 嘉家樂肉丸","pay_list":["台灣 PAY","LINE Pay Money"],"zone":"中彰投","user":"鄭柏承","pay_tool":["行動支付"]},{"index":71,"id":30041990,"category":"夜市小吃/市場","city":"臺中市","area":"大甲區","market_name":"大甲蔣公路觀光夜市攤販集中區","market_address":"臺中市大甲區蔣公路段(自順天路至信義路間路段兩側)","shop":"大甲蔣公路觀光夜市攤販集中區 手燒蛋糕雞","pay_list":["LINE Pay Money"],"zone":"中彰投","user":"呂嘉益","pay_tool":["行動支付"]},{"index":72,"id":30041992,"category":"夜市小吃/市場","city":"臺中市","area":"大甲區","market_name":"大甲蔣公路觀光夜市攤販集中區","market_address":"臺中市大甲區蔣公路段(自順天路至信義路間路段兩側)","shop":"大甲蔣公路觀光夜市攤販集中區 大甲大腸包小腸","pay_list":["LINE Pay Money"],"zone":"中彰投","user":"陳財誼","pay_tool":["行動支付"]},{"index":73,"id":30041993,"category":"夜市小吃/市場","city":"臺中市","area":"大甲區","market_name":"大甲蔣公路觀光夜市攤販集中區","market_address":"臺中市大甲區蔣公路段(自順天路至信義路間路段兩側)","shop":"大甲蔣公路觀光夜市攤販集中區 阿三熱炒","pay_list":["LINE Pay Money"],"zone":"中彰投","user":"盛小?","pay_tool":["行動支付"]},{"index":74,"id":30041995,"category":"夜市小吃/市場","city":"臺中市","area":"大甲區","market_name":"大甲蔣公路觀光夜市攤販集中區","market_address":"臺中市大甲區蔣公路段(自順天路至信義路間路段兩側)","shop":"大甲蔣公路觀光夜市攤販集中區 飛嚐享吃鹹水雞","pay_list":["LINE Pay Money"],"zone":"中彰投","user":"陳雯貞","pay_tool":["行動支付"]},{"index":75,"id":30041996,"category":"夜市小吃/市場","city":"臺中市","area":"大甲區","market_name":"大甲蔣公路觀光夜市攤販集中區","market_address":"臺中市大甲區蔣公路段(自順天路至信義路間路段兩側)","shop":"大甲蔣公路觀光夜市攤販集中區 町味壽司專賣店","pay_list":["台灣 PAY","LINE Pay Money"],"zone":"中彰投","user":"劉芳瑜","pay_tool":["行動支付"]},{"index":76,"id":30041998,"category":"夜市小吃/市場","city":"臺中市","area":"大甲區","market_name":"大甲蔣公路觀光夜市攤販集中區","market_address":"臺中市大甲區蔣公路段(自順天路至信義路間路段兩側)","shop":"大甲蔣公路觀光夜市攤販集中區 馫味鮮小籠湯包","pay_list":["台灣 PAY","街口支付","LINE Pay Money"],"zone":"中彰投","user":"黃柏勝","pay_tool":["行動支付"]},{"index":77,"id":30041999,"category":"夜市小吃/市場","city":"臺中市","area":"大甲區","market_name":"大甲蔣公路觀光夜市攤販集中區","market_address":"臺中市大甲區蔣公路段(自順天路至信義路間路段兩側)","shop":"大甲蔣公路觀光夜市攤販集中區 好食炒泡麵","pay_list":["台灣 PAY","街口支付","LINE Pay Money"],"zone":"中彰投","user":"詹幔瑄","pay_tool":["行動支付"]},{"index":78,"id":30042002,"category":"夜市小吃/市場","city":"臺中市","area":"大甲區","market_name":"大甲蔣公路觀光夜市攤販集中區","market_address":"臺中市大甲區蔣公路段(自順天路至信義路間路段兩側)","shop":"大甲蔣公路觀光夜市攤販集中區 阿榮烤肉","pay_list":["台灣 PAY","LINE Pay Money"],"zone":"中彰投","user":"陳萬榮","pay_tool":["行動支付"]}]