[{"index":1,"id":20002684,"user":"張顥鐙","shop":"旗山蜜酥雞排","category":["夜市/市場攤販"],"zone":"高屏","city":"高雄市","area":"旗山區","market_name":["餐食攤販"],"market_address":"高雄市旗山區大德里中山路５６號前","pay_list":"","pay_tool":"","行業代號":null,"行業代號1":null,"名稱1":null,"行業代號2":null,"名稱2":null,"行業代號3":null,"名稱3":null},{"index":2,"id":20002794,"user":"許盛壹","shop":"許盛壹","category":["夜市/市場攤販"],"zone":"高屏","city":"高雄市","area":"旗山區","market_name":["餐食攤販"],"market_address":"高雄市旗山區大德里中學路１２７號１樓（騎樓）","pay_list":"","pay_tool":"","行業代號":null,"行業代號1":null,"名稱1":null,"行業代號2":null,"名稱2":null,"行業代號3":null,"名稱3":null},{"index":3,"id":20005707,"user":"李紀慧","shop":"李紀慧","category":["夜市/市場攤販"],"zone":"高屏","city":"高雄市","area":"旗山區","market_name":["餐食攤販"],"market_address":"高雄市旗山區湄洲里中山路與平和街口","pay_list":"","pay_tool":"","行業代號":null,"行業代號1":null,"名稱1":null,"行業代號2":null,"名稱2":null,"行業代號3":null,"名稱3":null},{"index":4,"id":20005717,"user":"郭文吉","shop":"郭文吉","category":["夜市/市場攤販"],"zone":"高屏","city":"高雄市","area":"旗山區","market_name":["餐食攤販"],"market_address":"高雄市旗山區湄洲里中山路１３０號旁","pay_list":"","pay_tool":"","行業代號":null,"行業代號1":null,"名稱1":null,"行業代號2":null,"名稱2":null,"行業代號3":null,"名稱3":null},{"index":5,"id":20006073,"user":"鍾徐瓊滿","shop":"鍾徐瓊滿","category":["夜市/市場攤販"],"zone":"高屏","city":"高雄市","area":"旗山區","market_name":["餐食攤販"],"market_address":"高雄市旗山區湄洲里福中街口","pay_list":"","pay_tool":"","行業代號":null,"行業代號1":null,"名稱1":null,"行業代號2":null,"名稱2":null,"行業代號3":null,"名稱3":null},{"index":6,"id":20006148,"user":"曾蔡瑞娥","shop":"曾蔡瑞娥","category":["夜市/市場攤販"],"zone":"高屏","city":"高雄市","area":"旗山區","market_name":["餐食攤販"],"market_address":"高雄市旗山區湄洲里中山路９１號前路邊","pay_list":"","pay_tool":"","行業代號":null,"行業代號1":null,"名稱1":null,"行業代號2":null,"名稱2":null,"行業代號3":null,"名稱3":null},{"index":7,"id":20006455,"user":"邱郁惠","shop":"邱郁惠","category":["夜市/市場攤販","餐飲"],"zone":"高屏","city":"高雄市","area":"旗山區","market_name":["餐食攤販","調理飲料攤販"],"market_address":"高雄市旗山區太平里旗新街１１號騎樓","pay_list":"","pay_tool":"","行業代號":null,"行業代號1":null,"名稱1":null,"行業代號2":null,"名稱2":null,"行業代號3":null,"名稱3":null},{"index":8,"id":20013398,"user":"郭清泉","shop":"郭家粉粿鹹湯圓","category":["夜市/市場攤販"],"zone":"高屏","city":"高雄市","area":"旗山區","market_name":["餐食攤販"],"market_address":"高雄市旗山區湄洲里中山路馬祖廟後面","pay_list":"","pay_tool":"","行業代號":null,"行業代號1":null,"名稱1":null,"行業代號2":null,"名稱2":null,"行業代號3":null,"名稱3":null},{"index":9,"id":20016326,"user":"葉淑秋","shop":"葉淑秋","category":["夜市/市場攤販"],"zone":"高屏","city":"高雄市","area":"旗山區","market_name":["餐食攤販"],"market_address":"高雄市旗山區湄洲里平和街１２號（旗山第一公有零售市場第８２攤位）","pay_list":"","pay_tool":"","行業代號":null,"行業代號1":null,"名稱1":null,"行業代號2":null,"名稱2":null,"行業代號3":null,"名稱3":null},{"index":10,"id":20016533,"user":"吳??予","shop":"聖壬園濃縮咖啡","category":["夜市/市場攤販"],"zone":"高屏","city":"高雄市","area":"旗山區","market_name":["調理飲料攤販"],"market_address":"高雄市旗山區湄洲里８鄰平和街１２號（第一公有市場第十三號）","pay_list":"","pay_tool":"","行業代號":null,"行業代號1":null,"名稱1":null,"行業代號2":null,"名稱2":null,"行業代號3":null,"名稱3":null},{"index":11,"id":20019550,"user":"洪世賢","shop":"洪家壽司","category":["夜市/市場攤販"],"zone":"高屏","city":"高雄市","area":"旗山區","market_name":["餐食攤販"],"market_address":"高雄市旗山區湄洲里中山路媽祖廟後面","pay_list":["LINE PAY MONEY"],"pay_tool":["行動支付"],"行業代號":null,"行業代號1":null,"名稱1":null,"行業代號2":null,"名稱2":null,"行業代號3":null,"名稱3":null},{"index":12,"id":20023690,"user":"戴明珠","shop":"小木桶飯糰","category":["夜市/市場攤販"],"zone":"高屏","city":"高雄市","area":"旗山區","market_name":["餐食攤販"],"market_address":"高雄市旗山區永和里延平一路７８號","pay_list":"","pay_tool":"","行業代號":null,"行業代號1":null,"名稱1":null,"行業代號2":null,"名稱2":null,"行業代號3":null,"名稱3":null},{"index":13,"id":20023713,"user":"周美英","shop":"周美英","category":["夜市/市場攤販"],"zone":"高屏","city":"高雄市","area":"旗山區","market_name":["餐食攤販"],"market_address":"高雄市旗山區湄洲里８鄰平和街１２號（旗山第一公有市場第１５號攤位）","pay_list":"","pay_tool":"","行業代號":null,"行業代號1":null,"名稱1":null,"行業代號2":null,"名稱2":null,"行業代號3":null,"名稱3":null},{"index":14,"id":20023958,"user":"鍾達尚","shop":"鍾達尚","category":["夜市/市場攤販"],"zone":"高屏","city":"高雄市","area":"旗山區","market_name":["餐食攤販"],"market_address":"高雄市旗山區大德里德昌路１２號對面","pay_list":"","pay_tool":"","行業代號":null,"行業代號1":null,"名稱1":null,"行業代號2":null,"名稱2":null,"行業代號3":null,"名稱3":null},{"index":15,"id":20045830,"user":"周小楓","shop":"旗山肉圓","category":["夜市/市場攤販"],"zone":"高屏","city":"高雄市","area":"旗山區","market_name":["餐食攤販"],"market_address":"高雄市旗山區湄洲里延平一路６１０號","pay_list":["街口支付"],"pay_tool":["行動支付"],"行業代號":null,"行業代號1":null,"名稱1":null,"行業代號2":null,"名稱2":null,"行業代號3":null,"名稱3":null},{"index":16,"id":20046066,"user":"黃燕輝","shop":"全家福炸雞","category":["夜市/市場攤販"],"zone":"高屏","city":"高雄市","area":"旗山區","market_name":["餐食攤販"],"market_address":"高雄市旗山區大德里中學路６９巷１號（前面空地）","pay_list":"","pay_tool":"","行業代號":null,"行業代號1":null,"名稱1":null,"行業代號2":null,"名稱2":null,"行業代號3":null,"名稱3":null},{"index":17,"id":20046128,"user":"陳秉宏","shop":"陳麵線","category":["夜市/市場攤販"],"zone":"高屏","city":"高雄市","area":"旗山區","market_name":["餐食攤販"],"market_address":"高雄市旗山區湄洲里中山路７６號（騎樓）","pay_list":"","pay_tool":"","行業代號":null,"行業代號1":null,"名稱1":null,"行業代號2":null,"名稱2":null,"行業代號3":null,"名稱3":null},{"index":18,"id":20046366,"user":"林秀穎","shop":"小山丘甜點手作坊","category":["夜市/市場攤販"],"zone":"高屏","city":"高雄市","area":"旗山區","market_name":["餐食攤販"],"market_address":"高雄市旗山區大德里中山路１３號騎樓","pay_list":"","pay_tool":"","行業代號":null,"行業代號1":null,"名稱1":null,"行業代號2":null,"名稱2":null,"行業代號3":null,"名稱3":null},{"index":19,"id":20051864,"user":"陳宜瑲","shop":"東品味鹽水雞","category":["夜市/市場攤販"],"zone":"高屏","city":"高雄市","area":"旗山區","market_name":["餐食攤販"],"market_address":"高雄市旗山區湄洲里中山路１０７號前路邊","pay_list":"","pay_tool":"","行業代號":null,"行業代號1":null,"名稱1":null,"行業代號2":null,"名稱2":null,"行業代號3":null,"名稱3":null},{"index":20,"id":20052000,"user":"机家正","shop":"机家正","category":["夜市/市場攤販"],"zone":"高屏","city":"高雄市","area":"旗山區","market_name":["餐食攤販"],"market_address":"高雄市旗山區竹峰里中山路２６０號前面","pay_list":"","pay_tool":"","行業代號":null,"行業代號1":null,"名稱1":null,"行業代號2":null,"名稱2":null,"行業代號3":null,"名稱3":null},{"index":21,"id":60033484,"user":"白家溦","shop":"益宏冰茶","category":["夜市/市場攤販"],"zone":"高屏","city":"高雄市","area":"旗山區","market_name":["茶葉零售","調理飲料攤販"],"market_address":"高雄市旗山區永和里延平一路１７７號","pay_list":null,"pay_tool":null,"行業代號":"563200","行業代號1":"472915","名稱1":"茶葉零售","行業代號2":"","名稱2":"","行業代號3":"","名稱3":""},{"index":22,"id":60073099,"user":"邱麗華","shop":"阿婆香雞排","category":["夜市/市場攤販"],"zone":"高屏","city":"高雄市","area":"旗山區","market_name":["餐食攤販"],"market_address":"高雄市旗山區湄洲里中山路５３號１樓","pay_list":null,"pay_tool":null,"行業代號":"561200","行業代號1":"","名稱1":"","行業代號2":"","名稱2":"","行業代號3":"","名稱3":""},{"index":23,"id":60091713,"user":"黃嬴慧","shop":"古味魯肉飯","category":["夜市/市場攤販"],"zone":"高屏","city":"高雄市","area":"旗山區","market_name":["餐食攤販"],"market_address":"高雄市旗山區大德里延平一路７３３號","pay_list":null,"pay_tool":null,"行業代號":"561200","行業代號1":"","名稱1":"","行業代號2":"","名稱2":"","行業代號3":"","名稱3":""},{"index":24,"id":60102602,"user":"馮鈺婷","shop":"一九六八食品商行旗山營業所","category":["夜市/市場攤販"],"zone":"高屏","city":"高雄市","area":"旗山區","market_name":["餐食攤販"],"market_address":"高雄市旗山區湄洲里中山路６７號前（農會門口前右邊空地）","pay_list":null,"pay_tool":null,"行業代號":"561200","行業代號1":"","名稱1":"","行業代號2":"","名稱2":"","行業代號3":"","名稱3":""},{"index":25,"id":60125184,"user":"林建源","shop":"甘泉飲料店","category":["夜市/市場攤販"],"zone":"高屏","city":"高雄市","area":"旗山區","market_name":["飲料零售","餐食攤販"],"market_address":"高雄市旗山區湄洲里延平一路５００號１樓","pay_list":null,"pay_tool":null,"行業代號":"561200","行業代號1":"472914","名稱1":"飲料零售","行業代號2":"","名稱2":"","行業代號3":"","名稱3":""}]