[{"index":1,"city":"花蓮縣","area":"豐濱鄉","market_name":["麵店、小吃店","餐食攤販"],"market_address":"花蓮縣豐濱鄉豐濱村２鄰三民路２２號１樓","shop":"元德小吃店","user":"莊明龍","zone":"花蓮","id":60039952,"category":["餐飲","夜市/市場攤販"],"行業代號":"561113","行業代號1":"561200","名稱1":"餐食攤販","行業代號2":"","名稱2":"","行業代號3":"","名稱3":""},{"index":2,"city":"花蓮縣","area":"豐濱鄉","market_name":["手工藝品零售","餐食攤販"],"market_address":"花蓮縣豐濱鄉豐濱村６鄰民族街２７巷１１號","shop":"瘋濱箱原味廚房","user":"張嵐菲","zone":"花蓮","id":60104914,"category":["夜市/市場攤販"],"行業代號":"561200","行業代號1":"485217","名稱1":"手工藝品零售","行業代號2":"","名稱2":"","行業代號3":"","名稱3":""},{"index":3,"city":"花蓮縣","area":"豐濱鄉","market_name":"豐濱公有零售市場","market_address":"花年縣豐濱鄉民族街20號","shop":"豐濱公有零售市場-豐市集5","user":"李英妹","zone":"花蓮","id":70001639,"category":"夜市/市場攤販","行業代號":null,"行業代號1":null,"名稱1":null,"行業代號2":null,"名稱2":null,"行業代號3":null,"名稱3":null},{"index":4,"city":"花蓮縣","area":"豐濱鄉","market_name":"豐濱公有零售市場","market_address":"花年縣豐濱鄉民族街20號","shop":"豐濱公有零售市場-豐市集6","user":"葉秋蘭","zone":"花蓮","id":70001640,"category":"夜市/市場攤販","行業代號":null,"行業代號1":null,"名稱1":null,"行業代號2":null,"名稱2":null,"行業代號3":null,"名稱3":null},{"index":5,"city":"花蓮縣","area":"豐濱鄉","market_name":"豐濱公有零售市場","market_address":"花年縣豐濱鄉民族街20號","shop":"豐濱公有零售市場-豐市集7","user":"張方妹","zone":"花蓮","id":70001641,"category":"夜市/市場攤販","行業代號":null,"行業代號1":null,"名稱1":null,"行業代號2":null,"名稱2":null,"行業代號3":null,"名稱3":null},{"index":6,"city":"花蓮縣","area":"豐濱鄉","market_name":"豐濱公有零售市場","market_address":"花年縣豐濱鄉民族街20號","shop":"豐濱公有零售市場-豐市集9","user":"汪一玫","zone":"花蓮","id":70001642,"category":"夜市/市場攤販","行業代號":null,"行業代號1":null,"名稱1":null,"行業代號2":null,"名稱2":null,"行業代號3":null,"名稱3":null},{"index":7,"city":"花蓮縣","area":"豐濱鄉","market_name":"豐濱公有零售市場","market_address":"花年縣豐濱鄉民族街20號","shop":"豐濱公有零售市場-豐市集11","user":"汪敬偉","zone":"花蓮","id":70001643,"category":"夜市/市場攤販","行業代號":null,"行業代號1":null,"名稱1":null,"行業代號2":null,"名稱2":null,"行業代號3":null,"名稱3":null},{"index":8,"city":"花蓮縣","area":"豐濱鄉","market_name":"豐濱公有零售市場","market_address":"花年縣豐濱鄉民族街20號","shop":"豐濱公有零售市場-豐市集12","user":"鄭秀芳","zone":"花蓮","id":70001644,"category":"夜市/市場攤販","行業代號":null,"行業代號1":null,"名稱1":null,"行業代號2":null,"名稱2":null,"行業代號3":null,"名稱3":null},{"index":9,"city":"花蓮縣","area":"豐濱鄉","market_name":"豐濱公有零售市場","market_address":"花年縣豐濱鄉民族街20號","shop":"豐濱公有零售市場-豐市集14","user":"吳建安","zone":"花蓮","id":70001645,"category":"夜市/市場攤販","行業代號":null,"行業代號1":null,"名稱1":null,"行業代號2":null,"名稱2":null,"行業代號3":null,"名稱3":null},{"index":10,"city":"花蓮縣","area":"豐濱鄉","market_name":"豐濱公有零售市場","market_address":"花年縣豐濱鄉民族街20號","shop":"豐濱公有零售市場-豐市集15","user":"汪錦繡","zone":"花蓮","id":70001646,"category":"夜市/市場攤販","行業代號":null,"行業代號1":null,"名稱1":null,"行業代號2":null,"名稱2":null,"行業代號3":null,"名稱3":null},{"index":11,"city":"花蓮縣","area":"豐濱鄉","market_name":"豐濱公有零售市場","market_address":"花年縣豐濱鄉民族街20號","shop":"豐濱公有零售市場-豐市集16","user":"葉秀夏","zone":"花蓮","id":70001647,"category":"夜市/市場攤販","行業代號":null,"行業代號1":null,"名稱1":null,"行業代號2":null,"名稱2":null,"行業代號3":null,"名稱3":null}]