[{"index":1,"id":10029312,"category":"夜市小吃/市場","city":"新竹市","area":"東區","market_name":"南門公有零售市場","market_address":"新竹市中華路二段592號","shop":"南門公有零售市場 108","pay_list":["LINE Pay Money"],"zone":"桃竹苗","user":"王彩玲","pay_tool":["行動支付"]},{"index":2,"id":10029359,"category":"夜市小吃/市場","city":"新竹市","area":"東區","market_name":"南門公有零售市場","market_address":"新竹市中華路二段592號","shop":"南門公有零售市場 108","pay_list":["LINE Pay Money"],"zone":"桃竹苗","user":"王彩玲","pay_tool":["行動支付"]},{"index":3,"id":30036277,"category":"夜市小吃/市場","city":"新竹市","area":"東區","market_name":"南門公有零售市場","market_address":"新竹市中華路二段592號","shop":"南門公有零售市場 108","pay_list":["LINE Pay Money"],"zone":"桃竹苗","user":"王彩玲","pay_tool":["行動支付"]},{"index":4,"id":30036324,"category":"夜市小吃/市場","city":"新竹市","area":"東區","market_name":"南門公有零售市場","market_address":"新竹市中華路二段592號","shop":"南門公有零售市場 108","pay_list":["LINE Pay Money"],"zone":"桃竹苗","user":"王彩玲","pay_tool":["行動支付"]}]