[{"index":1,"shop":"文澳攤販集中場-水產1號","zone":"金馬離島","city":"澎湖縣","area":"馬公市","market_address":"馬公市文德路3號","user":"陳順民","行業代號":null,"market_name":"文澳攤販集中場","行業代號1":null,"名稱1":null,"行業代號2":null,"名稱2":null,"行業代號3":null,"名稱3":null,"category":"夜市/市場攤販","id":10059968,"pay_list":"","pay_tool":""},{"index":2,"shop":"文澳攤販集中場-水產3號","zone":"金馬離島","city":"澎湖縣","area":"馬公市","market_address":"馬公市文德路3號","user":"李怡慷","行業代號":null,"market_name":"文澳攤販集中場","行業代號1":null,"名稱1":null,"行業代號2":null,"名稱2":null,"行業代號3":null,"名稱3":null,"category":"夜市/市場攤販","id":10059970,"pay_list":"","pay_tool":""},{"index":3,"shop":"文澳攤販集中場-水產4號","zone":"金馬離島","city":"澎湖縣","area":"馬公市","market_address":"馬公市文德路3號","user":"高春花","行業代號":null,"market_name":"文澳攤販集中場","行業代號1":null,"名稱1":null,"行業代號2":null,"名稱2":null,"行業代號3":null,"名稱3":null,"category":"夜市/市場攤販","id":10059971,"pay_list":"","pay_tool":""},{"index":4,"shop":"文澳攤販集中場-水產5號","zone":"金馬離島","city":"澎湖縣","area":"馬公市","market_address":"馬公市文德路3號","user":"謝雅萍","行業代號":null,"market_name":"文澳攤販集中場","行業代號1":null,"名稱1":null,"行業代號2":null,"名稱2":null,"行業代號3":null,"名稱3":null,"category":"夜市/市場攤販","id":10059972,"pay_list":"","pay_tool":""},{"index":5,"shop":"文澳攤販集中場-水產6號","zone":"金馬離島","city":"澎湖縣","area":"馬公市","market_address":"馬公市文德路3號","user":"陳能健","行業代號":null,"market_name":"文澳攤販集中場","行業代號1":null,"名稱1":null,"行業代號2":null,"名稱2":null,"行業代號3":null,"名稱3":null,"category":"夜市/市場攤販","id":10059973,"pay_list":"","pay_tool":""},{"index":6,"shop":"文澳攤販集中場-水產7號","zone":"金馬離島","city":"澎湖縣","area":"馬公市","market_address":"馬公市文德路3號","user":"王善輝","行業代號":null,"market_name":"文澳攤販集中場","行業代號1":null,"名稱1":null,"行業代號2":null,"名稱2":null,"行業代號3":null,"名稱3":null,"category":"夜市/市場攤販","id":10059974,"pay_list":"","pay_tool":""},{"index":7,"shop":"文澳攤販集中場-水產8號","zone":"金馬離島","city":"澎湖縣","area":"馬公市","market_address":"馬公市文德路3號","user":"歐正平","行業代號":null,"market_name":"文澳攤販集中場","行業代號1":null,"名稱1":null,"行業代號2":null,"名稱2":null,"行業代號3":null,"名稱3":null,"category":"夜市/市場攤販","id":10059975,"pay_list":"","pay_tool":""},{"index":8,"shop":"文澳攤販集中場-水產9號","zone":"金馬離島","city":"澎湖縣","area":"馬公市","market_address":"馬公市文德路3號","user":"蔡麗君","行業代號":null,"market_name":"文澳攤販集中場","行業代號1":null,"名稱1":null,"行業代號2":null,"名稱2":null,"行業代號3":null,"名稱3":null,"category":"夜市/市場攤販","id":10059976,"pay_list":"","pay_tool":""},{"index":9,"shop":"文澳攤販集中場-水產10號","zone":"金馬離島","city":"澎湖縣","area":"馬公市","market_address":"馬公市文德路3號","user":"陳秀美","行業代號":null,"market_name":"文澳攤販集中場","行業代號1":null,"名稱1":null,"行業代號2":null,"名稱2":null,"行業代號3":null,"名稱3":null,"category":"夜市/市場攤販","id":10059977,"pay_list":"","pay_tool":""},{"index":10,"shop":"文澳攤販集中場-水產12號","zone":"金馬離島","city":"澎湖縣","area":"馬公市","market_address":"馬公市文德路3號","user":"王月碧","行業代號":null,"market_name":"文澳攤販集中場","行業代號1":null,"名稱1":null,"行業代號2":null,"名稱2":null,"行業代號3":null,"名稱3":null,"category":"夜市/市場攤販","id":10059978,"pay_list":"","pay_tool":""},{"index":11,"shop":"文澳攤販集中場-水產13號","zone":"金馬離島","city":"澎湖縣","area":"馬公市","market_address":"馬公市文德路3號","user":"蔡宜蓁","行業代號":null,"market_name":"文澳攤販集中場","行業代號1":null,"名稱1":null,"行業代號2":null,"名稱2":null,"行業代號3":null,"名稱3":null,"category":"夜市/市場攤販","id":10059979,"pay_list":"","pay_tool":""},{"index":12,"shop":"文澳攤販集中場-水產14號","zone":"金馬離島","city":"澎湖縣","area":"馬公市","market_address":"馬公市文德路3號","user":"呂永吉","行業代號":null,"market_name":"文澳攤販集中場","行業代號1":null,"名稱1":null,"行業代號2":null,"名稱2":null,"行業代號3":null,"名稱3":null,"category":"夜市/市場攤販","id":10059981,"pay_list":"","pay_tool":""},{"index":13,"shop":"文澳攤販集中場-水產16號","zone":"金馬離島","city":"澎湖縣","area":"馬公市","market_address":"馬公市文德路3號","user":"許哲銘","行業代號":null,"market_name":"文澳攤販集中場","行業代號1":null,"名稱1":null,"行業代號2":null,"名稱2":null,"行業代號3":null,"名稱3":null,"category":"夜市/市場攤販","id":10059982,"pay_list":"","pay_tool":""},{"index":14,"shop":"文澳攤販集中場-水產17號","zone":"金馬離島","city":"澎湖縣","area":"馬公市","market_address":"馬公市文德路3號","user":"陳商湯","行業代號":null,"market_name":"文澳攤販集中場","行業代號1":null,"名稱1":null,"行業代號2":null,"名稱2":null,"行業代號3":null,"名稱3":null,"category":"夜市/市場攤販","id":10059983,"pay_list":"","pay_tool":""},{"index":15,"shop":"文澳攤販集中場-水產18號","zone":"金馬離島","city":"澎湖縣","area":"馬公市","market_address":"馬公市文德路3號","user":"邱秀梅","行業代號":null,"market_name":"文澳攤販集中場","行業代號1":null,"名稱1":null,"行業代號2":null,"名稱2":null,"行業代號3":null,"名稱3":null,"category":"夜市/市場攤販","id":10059984,"pay_list":"","pay_tool":""},{"index":16,"shop":"文澳攤販集中場-水產19號","zone":"金馬離島","city":"澎湖縣","area":"馬公市","market_address":"馬公市文德路3號","user":"周耀文","行業代號":null,"market_name":"文澳攤販集中場","行業代號1":null,"名稱1":null,"行業代號2":null,"名稱2":null,"行業代號3":null,"名稱3":null,"category":"夜市/市場攤販","id":10059985,"pay_list":"","pay_tool":""},{"index":17,"shop":"文澳攤販集中場-水產21號","zone":"金馬離島","city":"澎湖縣","area":"馬公市","market_address":"馬公市文德路3號","user":"洪崇敏","行業代號":null,"market_name":"文澳攤販集中場","行業代號1":null,"名稱1":null,"行業代號2":null,"名稱2":null,"行業代號3":null,"名稱3":null,"category":"夜市/市場攤販","id":10059986,"pay_list":"","pay_tool":""},{"index":18,"shop":"文澳攤販集中場-水產22號","zone":"金馬離島","city":"澎湖縣","area":"馬公市","market_address":"馬公市文德路3號","user":"陳文翔","行業代號":null,"market_name":"文澳攤販集中場","行業代號1":null,"名稱1":null,"行業代號2":null,"名稱2":null,"行業代號3":null,"名稱3":null,"category":"夜市/市場攤販","id":10059987,"pay_list":"","pay_tool":""},{"index":19,"shop":"文澳攤販集中場-水產23號","zone":"金馬離島","city":"澎湖縣","area":"馬公市","market_address":"馬公市文德路3號","user":"許秀芬","行業代號":null,"market_name":"文澳攤販集中場","行業代號1":null,"名稱1":null,"行業代號2":null,"名稱2":null,"行業代號3":null,"名稱3":null,"category":"夜市/市場攤販","id":10059988,"pay_list":"","pay_tool":""},{"index":20,"shop":"文澳攤販集中場-水產24號","zone":"金馬離島","city":"澎湖縣","area":"馬公市","market_address":"馬公市文德路3號","user":"陳正憲","行業代號":null,"market_name":"文澳攤販集中場","行業代號1":null,"名稱1":null,"行業代號2":null,"名稱2":null,"行業代號3":null,"名稱3":null,"category":"夜市/市場攤販","id":10059989,"pay_list":"","pay_tool":""},{"index":21,"shop":"文澳攤販集中場-水產25號","zone":"金馬離島","city":"澎湖縣","area":"馬公市","market_address":"馬公市文德路3號","user":"陳錕鈺","行業代號":null,"market_name":"文澳攤販集中場","行業代號1":null,"名稱1":null,"行業代號2":null,"名稱2":null,"行業代號3":null,"名稱3":null,"category":"夜市/市場攤販","id":10059990,"pay_list":"","pay_tool":""},{"index":22,"shop":"文澳攤販集中場-水產26號","zone":"金馬離島","city":"澎湖縣","area":"馬公市","market_address":"馬公市文德路3號","user":"曾媽來","行業代號":null,"market_name":"文澳攤販集中場","行業代號1":null,"名稱1":null,"行業代號2":null,"名稱2":null,"行業代號3":null,"名稱3":null,"category":"夜市/市場攤販","id":10059993,"pay_list":"","pay_tool":""},{"index":23,"shop":"文澳攤販集中場-水產27號","zone":"金馬離島","city":"澎湖縣","area":"馬公市","market_address":"馬公市文德路3號","user":"葉洪秋香","行業代號":null,"market_name":"文澳攤販集中場","行業代號1":null,"名稱1":null,"行業代號2":null,"名稱2":null,"行業代號3":null,"名稱3":null,"category":"夜市/市場攤販","id":10059994,"pay_list":"","pay_tool":""},{"index":24,"shop":"文澳攤販集中場-水產28號","zone":"金馬離島","city":"澎湖縣","area":"馬公市","market_address":"馬公市文德路3號","user":"吳淑齡","行業代號":null,"market_name":"文澳攤販集中場","行業代號1":null,"名稱1":null,"行業代號2":null,"名稱2":null,"行業代號3":null,"名稱3":null,"category":"夜市/市場攤販","id":10059995,"pay_list":"","pay_tool":""},{"index":25,"shop":"文澳攤販集中場-水產29號","zone":"金馬離島","city":"澎湖縣","area":"馬公市","market_address":"馬公市文德路3號","user":"潘月英","行業代號":null,"market_name":"文澳攤販集中場","行業代號1":null,"名稱1":null,"行業代號2":null,"名稱2":null,"行業代號3":null,"名稱3":null,"category":"夜市/市場攤販","id":10059996,"pay_list":"","pay_tool":""},{"index":26,"shop":"文澳攤販集中場-水產30號","zone":"金馬離島","city":"澎湖縣","area":"馬公市","market_address":"馬公市文德路3號","user":"林陳秋蘭","行業代號":null,"market_name":"文澳攤販集中場","行業代號1":null,"名稱1":null,"行業代號2":null,"名稱2":null,"行業代號3":null,"名稱3":null,"category":"夜市/市場攤販","id":10059997,"pay_list":"","pay_tool":""},{"index":27,"shop":"文澳攤販集中場-水產31號","zone":"金馬離島","city":"澎湖縣","area":"馬公市","market_address":"馬公市文德路3號","user":"鄭陳麗芬","行業代號":null,"market_name":"文澳攤販集中場","行業代號1":null,"名稱1":null,"行業代號2":null,"名稱2":null,"行業代號3":null,"名稱3":null,"category":"夜市/市場攤販","id":10059998,"pay_list":"","pay_tool":""},{"index":28,"shop":"文澳攤販集中場-水產33號","zone":"金馬離島","city":"澎湖縣","area":"馬公市","market_address":"馬公市文德路3號","user":"許友銓","行業代號":null,"market_name":"文澳攤販集中場","行業代號1":null,"名稱1":null,"行業代號2":null,"名稱2":null,"行業代號3":null,"名稱3":null,"category":"夜市/市場攤販","id":10059999,"pay_list":"","pay_tool":""},{"index":29,"shop":"文澳攤販集中場-水產34號","zone":"金馬離島","city":"澎湖縣","area":"馬公市","market_address":"馬公市文德路3號","user":"曾亞幼","行業代號":null,"market_name":"文澳攤販集中場","行業代號1":null,"名稱1":null,"行業代號2":null,"名稱2":null,"行業代號3":null,"名稱3":null,"category":"夜市/市場攤販","id":10060000,"pay_list":"","pay_tool":""},{"index":30,"shop":"文澳攤販集中場-水產35號","zone":"金馬離島","city":"澎湖縣","area":"馬公市","market_address":"馬公市文德路3號","user":"鄭文海","行業代號":null,"market_name":"文澳攤販集中場","行業代號1":null,"名稱1":null,"行業代號2":null,"名稱2":null,"行業代號3":null,"名稱3":null,"category":"夜市/市場攤販","id":10060001,"pay_list":"","pay_tool":""},{"index":31,"shop":"文澳攤販集中場-水產36號","zone":"金馬離島","city":"澎湖縣","area":"馬公市","market_address":"馬公市文德路3號","user":"陳美滿","行業代號":null,"market_name":"文澳攤販集中場","行業代號1":null,"名稱1":null,"行業代號2":null,"名稱2":null,"行業代號3":null,"名稱3":null,"category":"夜市/市場攤販","id":10060002,"pay_list":"","pay_tool":""},{"index":32,"shop":"文澳攤販集中場-水產37號","zone":"金馬離島","city":"澎湖縣","area":"馬公市","market_address":"馬公市文德路3號","user":"陳財發","行業代號":null,"market_name":"文澳攤販集中場","行業代號1":null,"名稱1":null,"行業代號2":null,"名稱2":null,"行業代號3":null,"名稱3":null,"category":"夜市/市場攤販","id":10060004,"pay_list":"","pay_tool":""},{"index":33,"shop":"文澳攤販集中場-水產38號","zone":"金馬離島","city":"澎湖縣","area":"馬公市","market_address":"馬公市文德路3號","user":"黃淑貞","行業代號":null,"market_name":"文澳攤販集中場","行業代號1":null,"名稱1":null,"行業代號2":null,"名稱2":null,"行業代號3":null,"名稱3":null,"category":"夜市/市場攤販","id":10060005,"pay_list":"","pay_tool":""},{"index":34,"shop":"文澳攤販集中場-水產39號","zone":"金馬離島","city":"澎湖縣","area":"馬公市","market_address":"馬公市文德路3號","user":"邱翁玉英","行業代號":null,"market_name":"文澳攤販集中場","行業代號1":null,"名稱1":null,"行業代號2":null,"名稱2":null,"行業代號3":null,"名稱3":null,"category":"夜市/市場攤販","id":10060006,"pay_list":"","pay_tool":""},{"index":35,"shop":"文澳攤販集中場-水產41號","zone":"金馬離島","city":"澎湖縣","area":"馬公市","market_address":"馬公市文德路3號","user":"鄭連昭","行業代號":null,"market_name":"文澳攤販集中場","行業代號1":null,"名稱1":null,"行業代號2":null,"名稱2":null,"行業代號3":null,"名稱3":null,"category":"夜市/市場攤販","id":10060007,"pay_list":"","pay_tool":""},{"index":36,"shop":"文澳攤販集中場-水產42號","zone":"金馬離島","city":"澎湖縣","area":"馬公市","market_address":"馬公市文德路3號","user":"歐芳霖","行業代號":null,"market_name":"文澳攤販集中場","行業代號1":null,"名稱1":null,"行業代號2":null,"名稱2":null,"行業代號3":null,"名稱3":null,"category":"夜市/市場攤販","id":10060008,"pay_list":"","pay_tool":""},{"index":37,"shop":"文澳攤販集中場-水產43號","zone":"金馬離島","city":"澎湖縣","area":"馬公市","market_address":"馬公市文德路3號","user":"呂寶雪","行業代號":null,"market_name":"文澳攤販集中場","行業代號1":null,"名稱1":null,"行業代號2":null,"名稱2":null,"行業代號3":null,"名稱3":null,"category":"夜市/市場攤販","id":10060009,"pay_list":"","pay_tool":""},{"index":38,"shop":"文澳攤販集中場-水產44號","zone":"金馬離島","city":"澎湖縣","area":"馬公市","market_address":"馬公市文德路3號","user":"方鵬發","行業代號":null,"market_name":"文澳攤販集中場","行業代號1":null,"名稱1":null,"行業代號2":null,"名稱2":null,"行業代號3":null,"名稱3":null,"category":"夜市/市場攤販","id":10060010,"pay_list":"","pay_tool":""},{"index":39,"shop":"文澳攤販集中場-水產45號","zone":"金馬離島","city":"澎湖縣","area":"馬公市","market_address":"馬公市文德路3號","user":"徐承義","行業代號":null,"market_name":"文澳攤販集中場","行業代號1":null,"名稱1":null,"行業代號2":null,"名稱2":null,"行業代號3":null,"名稱3":null,"category":"夜市/市場攤販","id":10060011,"pay_list":"","pay_tool":""},{"index":40,"shop":"文澳攤販集中場-水產46號","zone":"金馬離島","city":"澎湖縣","area":"馬公市","market_address":"馬公市文德路3號","user":"翁蔡幸樹","行業代號":null,"market_name":"文澳攤販集中場","行業代號1":null,"名稱1":null,"行業代號2":null,"名稱2":null,"行業代號3":null,"名稱3":null,"category":"夜市/市場攤販","id":10060012,"pay_list":"","pay_tool":""},{"index":41,"shop":"文澳攤販集中場-水產47號","zone":"金馬離島","city":"澎湖縣","area":"馬公市","market_address":"馬公市文德路3號","user":"顏勤山","行業代號":null,"market_name":"文澳攤販集中場","行業代號1":null,"名稱1":null,"行業代號2":null,"名稱2":null,"行業代號3":null,"名稱3":null,"category":"夜市/市場攤販","id":10060013,"pay_list":"","pay_tool":""},{"index":42,"shop":"文澳攤販集中場-水產48號","zone":"金馬離島","city":"澎湖縣","area":"馬公市","market_address":"馬公市文德路3號","user":"鄂素蓮","行業代號":null,"market_name":"文澳攤販集中場","行業代號1":null,"名稱1":null,"行業代號2":null,"名稱2":null,"行業代號3":null,"名稱3":null,"category":"夜市/市場攤販","id":10060015,"pay_list":"","pay_tool":""},{"index":43,"shop":"文澳攤販集中場-水產49號","zone":"金馬離島","city":"澎湖縣","area":"馬公市","market_address":"馬公市文德路3號","user":"莊慧蘭","行業代號":null,"market_name":"文澳攤販集中場","行業代號1":null,"名稱1":null,"行業代號2":null,"名稱2":null,"行業代號3":null,"名稱3":null,"category":"夜市/市場攤販","id":10060016,"pay_list":"","pay_tool":""},{"index":44,"shop":"文澳攤販集中場-水產50號","zone":"金馬離島","city":"澎湖縣","area":"馬公市","market_address":"馬公市文德路3號","user":"黃聰敏","行業代號":null,"market_name":"文澳攤販集中場","行業代號1":null,"名稱1":null,"行業代號2":null,"名稱2":null,"行業代號3":null,"名稱3":null,"category":"夜市/市場攤販","id":10060017,"pay_list":"","pay_tool":""},{"index":45,"shop":"文澳攤販集中場-水產51號","zone":"金馬離島","city":"澎湖縣","area":"馬公市","market_address":"馬公市文德路3號","user":"許光明","行業代號":null,"market_name":"文澳攤販集中場","行業代號1":null,"名稱1":null,"行業代號2":null,"名稱2":null,"行業代號3":null,"名稱3":null,"category":"夜市/市場攤販","id":10060018,"pay_list":"","pay_tool":""},{"index":46,"shop":"文澳攤販集中場-水產53號","zone":"金馬離島","city":"澎湖縣","area":"馬公市","market_address":"馬公市文德路3號","user":"顏蕙真","行業代號":null,"market_name":"文澳攤販集中場","行業代號1":null,"名稱1":null,"行業代號2":null,"名稱2":null,"行業代號3":null,"名稱3":null,"category":"夜市/市場攤販","id":10060019,"pay_list":"","pay_tool":""},{"index":47,"shop":"文澳攤販集中場-水產54號","zone":"金馬離島","city":"澎湖縣","area":"馬公市","market_address":"馬公市文德路3號","user":"洪協良","行業代號":null,"market_name":"文澳攤販集中場","行業代號1":null,"名稱1":null,"行業代號2":null,"名稱2":null,"行業代號3":null,"名稱3":null,"category":"夜市/市場攤販","id":10060020,"pay_list":"","pay_tool":""},{"index":48,"shop":"文澳攤販集中場-水產55號","zone":"金馬離島","city":"澎湖縣","area":"馬公市","market_address":"馬公市文德路3號","user":"薛將生","行業代號":null,"market_name":"文澳攤販集中場","行業代號1":null,"名稱1":null,"行業代號2":null,"名稱2":null,"行業代號3":null,"名稱3":null,"category":"夜市/市場攤販","id":10060021,"pay_list":"","pay_tool":""},{"index":49,"shop":"文澳攤販集中場-水產56號","zone":"金馬離島","city":"澎湖縣","area":"馬公市","market_address":"馬公市文德路3號","user":"邱國峰","行業代號":null,"market_name":"文澳攤販集中場","行業代號1":null,"名稱1":null,"行業代號2":null,"名稱2":null,"行業代號3":null,"名稱3":null,"category":"夜市/市場攤販","id":10060022,"pay_list":"","pay_tool":""},{"index":50,"shop":"文澳攤販集中場-水產59號","zone":"金馬離島","city":"澎湖縣","area":"馬公市","market_address":"馬公市文德路3號","user":"高啟堂","行業代號":null,"market_name":"文澳攤販集中場","行業代號1":null,"名稱1":null,"行業代號2":null,"名稱2":null,"行業代號3":null,"名稱3":null,"category":"夜市/市場攤販","id":10060023,"pay_list":"","pay_tool":""},{"index":51,"shop":"文澳攤販集中場-水產60號","zone":"金馬離島","city":"澎湖縣","area":"馬公市","market_address":"馬公市文德路3號","user":"王東清","行業代號":null,"market_name":"文澳攤販集中場","行業代號1":null,"名稱1":null,"行業代號2":null,"名稱2":null,"行業代號3":null,"名稱3":null,"category":"夜市/市場攤販","id":10060024,"pay_list":"","pay_tool":""},{"index":52,"shop":"文澳攤販集中場-水產61號","zone":"金馬離島","city":"澎湖縣","area":"馬公市","market_address":"馬公市文德路3號","user":"顏淑音","行業代號":null,"market_name":"文澳攤販集中場","行業代號1":null,"名稱1":null,"行業代號2":null,"名稱2":null,"行業代號3":null,"名稱3":null,"category":"夜市/市場攤販","id":10060026,"pay_list":"","pay_tool":""},{"index":53,"shop":"文澳攤販集中場-水產62號","zone":"金馬離島","city":"澎湖縣","area":"馬公市","market_address":"馬公市文德路3號","user":"徐敏婷","行業代號":null,"market_name":"文澳攤販集中場","行業代號1":null,"名稱1":null,"行業代號2":null,"名稱2":null,"行業代號3":null,"名稱3":null,"category":"夜市/市場攤販","id":10060027,"pay_list":"","pay_tool":""},{"index":54,"shop":"文澳攤販集中場-水產64號","zone":"金馬離島","city":"澎湖縣","area":"馬公市","market_address":"馬公市文德路3號","user":"陳月枝","行業代號":null,"market_name":"文澳攤販集中場","行業代號1":null,"名稱1":null,"行業代號2":null,"名稱2":null,"行業代號3":null,"名稱3":null,"category":"夜市/市場攤販","id":10060028,"pay_list":"","pay_tool":""},{"index":55,"shop":"文澳攤販集中場-水產65號","zone":"金馬離島","city":"澎湖縣","area":"馬公市","market_address":"馬公市文德路3號","user":"歐銀花","行業代號":null,"market_name":"文澳攤販集中場","行業代號1":null,"名稱1":null,"行業代號2":null,"名稱2":null,"行業代號3":null,"名稱3":null,"category":"夜市/市場攤販","id":10060029,"pay_list":"","pay_tool":""},{"index":56,"shop":"文澳攤販集中場-禽畜1號","zone":"金馬離島","city":"澎湖縣","area":"馬公市","market_address":"馬公市文德路3號","user":"蔡昌茂","行業代號":null,"market_name":"文澳攤販集中場","行業代號1":null,"名稱1":null,"行業代號2":null,"名稱2":null,"行業代號3":null,"名稱3":null,"category":"夜市/市場攤販","id":10060030,"pay_list":"","pay_tool":""},{"index":57,"shop":"文澳攤販集中場-禽畜2號","zone":"金馬離島","city":"澎湖縣","area":"馬公市","market_address":"馬公市文德路3號","user":"黃淑芬","行業代號":null,"market_name":"文澳攤販集中場","行業代號1":null,"名稱1":null,"行業代號2":null,"名稱2":null,"行業代號3":null,"名稱3":null,"category":"夜市/市場攤販","id":10060031,"pay_list":"","pay_tool":""},{"index":58,"shop":"文澳攤販集中場-禽畜4號","zone":"金馬離島","city":"澎湖縣","area":"馬公市","market_address":"馬公市文德路3號","user":"許高跳","行業代號":null,"market_name":"文澳攤販集中場","行業代號1":null,"名稱1":null,"行業代號2":null,"名稱2":null,"行業代號3":null,"名稱3":null,"category":"夜市/市場攤販","id":10060032,"pay_list":"","pay_tool":""},{"index":59,"shop":"文澳攤販集中場-禽畜5號","zone":"金馬離島","city":"澎湖縣","area":"馬公市","market_address":"馬公市文德路3號","user":"高葉玉梨","行業代號":null,"market_name":"文澳攤販集中場","行業代號1":null,"名稱1":null,"行業代號2":null,"名稱2":null,"行業代號3":null,"名稱3":null,"category":"夜市/市場攤販","id":10060033,"pay_list":"","pay_tool":""},{"index":60,"shop":"文澳攤販集中場-禽畜6號","zone":"金馬離島","city":"澎湖縣","area":"馬公市","market_address":"馬公市文德路3號","user":"呂許夢月","行業代號":null,"market_name":"文澳攤販集中場","行業代號1":null,"名稱1":null,"行業代號2":null,"名稱2":null,"行業代號3":null,"名稱3":null,"category":"夜市/市場攤販","id":10060034,"pay_list":"","pay_tool":""},{"index":61,"shop":"文澳攤販集中場-禽畜7號","zone":"金馬離島","city":"澎湖縣","area":"馬公市","market_address":"馬公市文德路3號","user":"郭盈均","行業代號":null,"market_name":"文澳攤販集中場","行業代號1":null,"名稱1":null,"行業代號2":null,"名稱2":null,"行業代號3":null,"名稱3":null,"category":"夜市/市場攤販","id":10060035,"pay_list":"","pay_tool":""},{"index":62,"shop":"文澳攤販集中場-禽畜8號","zone":"金馬離島","city":"澎湖縣","area":"馬公市","market_address":"馬公市文德路3號","user":"彭秋梅","行業代號":null,"market_name":"文澳攤販集中場","行業代號1":null,"名稱1":null,"行業代號2":null,"名稱2":null,"行業代號3":null,"名稱3":null,"category":"夜市/市場攤販","id":10060037,"pay_list":"","pay_tool":""},{"index":63,"shop":"文澳攤販集中場-禽畜10號","zone":"金馬離島","city":"澎湖縣","area":"馬公市","market_address":"馬公市文德路3號","user":"曾芙蘭","行業代號":null,"market_name":"文澳攤販集中場","行業代號1":null,"名稱1":null,"行業代號2":null,"名稱2":null,"行業代號3":null,"名稱3":null,"category":"夜市/市場攤販","id":10060038,"pay_list":"","pay_tool":""},{"index":64,"shop":"文澳攤販集中場-禽畜11號","zone":"金馬離島","city":"澎湖縣","area":"馬公市","market_address":"馬公市文德路3號","user":"許錫齡","行業代號":null,"market_name":"文澳攤販集中場","行業代號1":null,"名稱1":null,"行業代號2":null,"名稱2":null,"行業代號3":null,"名稱3":null,"category":"夜市/市場攤販","id":10060039,"pay_list":"","pay_tool":""},{"index":65,"shop":"文澳攤販集中場-禽畜12號","zone":"金馬離島","city":"澎湖縣","area":"馬公市","market_address":"馬公市文德路3號","user":"許彭秋香","行業代號":null,"market_name":"文澳攤販集中場","行業代號1":null,"名稱1":null,"行業代號2":null,"名稱2":null,"行業代號3":null,"名稱3":null,"category":"夜市/市場攤販","id":10060040,"pay_list":"","pay_tool":""},{"index":66,"shop":"文澳攤販集中場-禽畜13號","zone":"金馬離島","city":"澎湖縣","area":"馬公市","market_address":"馬公市文德路3號","user":"郭劉春英","行業代號":null,"market_name":"文澳攤販集中場","行業代號1":null,"名稱1":null,"行業代號2":null,"名稱2":null,"行業代號3":null,"名稱3":null,"category":"夜市/市場攤販","id":10060041,"pay_list":"","pay_tool":""},{"index":67,"shop":"文澳攤販集中場-禽畜14號","zone":"金馬離島","city":"澎湖縣","area":"馬公市","market_address":"馬公市文德路3號","user":"許秋桂","行業代號":null,"market_name":"文澳攤販集中場","行業代號1":null,"名稱1":null,"行業代號2":null,"名稱2":null,"行業代號3":null,"名稱3":null,"category":"夜市/市場攤販","id":10060042,"pay_list":"","pay_tool":""},{"index":68,"shop":"文澳攤販集中場-禽畜16號","zone":"金馬離島","city":"澎湖縣","area":"馬公市","market_address":"馬公市文德路3號","user":"陳貞伶","行業代號":null,"market_name":"文澳攤販集中場","行業代號1":null,"名稱1":null,"行業代號2":null,"名稱2":null,"行業代號3":null,"名稱3":null,"category":"夜市/市場攤販","id":10060043,"pay_list":"","pay_tool":""},{"index":69,"shop":"文澳攤販集中場-禽畜17號","zone":"金馬離島","city":"澎湖縣","area":"馬公市","market_address":"馬公市文德路3號","user":"陳金珠","行業代號":null,"market_name":"文澳攤販集中場","行業代號1":null,"名稱1":null,"行業代號2":null,"名稱2":null,"行業代號3":null,"名稱3":null,"category":"夜市/市場攤販","id":10060044,"pay_list":"","pay_tool":""},{"index":70,"shop":"文澳攤販集中場-禽畜18號","zone":"金馬離島","city":"澎湖縣","area":"馬公市","market_address":"馬公市文德路3號","user":"謝順家","行業代號":null,"market_name":"文澳攤販集中場","行業代號1":null,"名稱1":null,"行業代號2":null,"名稱2":null,"行業代號3":null,"名稱3":null,"category":"夜市/市場攤販","id":10060045,"pay_list":"","pay_tool":""},{"index":71,"shop":"文澳攤販集中場-禽畜19號","zone":"金馬離島","city":"澎湖縣","area":"馬公市","market_address":"馬公市文德路3號","user":"許玉慎","行業代號":null,"market_name":"文澳攤販集中場","行業代號1":null,"名稱1":null,"行業代號2":null,"名稱2":null,"行業代號3":null,"名稱3":null,"category":"夜市/市場攤販","id":10060046,"pay_list":"","pay_tool":""},{"index":72,"shop":"文澳攤販集中場-禽畜20號","zone":"金馬離島","city":"澎湖縣","area":"馬公市","market_address":"馬公市文德路3號","user":"周合守","行業代號":null,"market_name":"文澳攤販集中場","行業代號1":null,"名稱1":null,"行業代號2":null,"名稱2":null,"行業代號3":null,"名稱3":null,"category":"夜市/市場攤販","id":10060048,"pay_list":"","pay_tool":""},{"index":73,"shop":"文澳攤販集中場-禽畜21號","zone":"金馬離島","city":"澎湖縣","area":"馬公市","market_address":"馬公市文德路3號","user":"陳明斕","行業代號":null,"market_name":"文澳攤販集中場","行業代號1":null,"名稱1":null,"行業代號2":null,"名稱2":null,"行業代號3":null,"名稱3":null,"category":"夜市/市場攤販","id":10060049,"pay_list":"","pay_tool":""},{"index":74,"shop":"文澳攤販集中場-禽畜22號","zone":"金馬離島","city":"澎湖縣","area":"馬公市","market_address":"馬公市文德路3號","user":"楊惠華","行業代號":null,"market_name":"文澳攤販集中場","行業代號1":null,"名稱1":null,"行業代號2":null,"名稱2":null,"行業代號3":null,"名稱3":null,"category":"夜市/市場攤販","id":10060050,"pay_list":"","pay_tool":""},{"index":75,"shop":"文澳攤販集中場-禽畜23號","zone":"金馬離島","city":"澎湖縣","area":"馬公市","market_address":"馬公市文德路3號","user":"顏麗真","行業代號":null,"market_name":"文澳攤販集中場","行業代號1":null,"名稱1":null,"行業代號2":null,"名稱2":null,"行業代號3":null,"名稱3":null,"category":"夜市/市場攤販","id":10060051,"pay_list":"","pay_tool":""},{"index":76,"shop":"文澳攤販集中場-禽畜25號","zone":"金馬離島","city":"澎湖縣","area":"馬公市","market_address":"馬公市文德路3號","user":"郭光泰","行業代號":null,"market_name":"文澳攤販集中場","行業代號1":null,"名稱1":null,"行業代號2":null,"名稱2":null,"行業代號3":null,"名稱3":null,"category":"夜市/市場攤販","id":10060052,"pay_list":"","pay_tool":""},{"index":77,"shop":"文澳攤販集中場-禽畜26號","zone":"金馬離島","city":"澎湖縣","area":"馬公市","market_address":"馬公市文德路3號","user":"陳長生","行業代號":null,"market_name":"文澳攤販集中場","行業代號1":null,"名稱1":null,"行業代號2":null,"名稱2":null,"行業代號3":null,"名稱3":null,"category":"夜市/市場攤販","id":10060053,"pay_list":"","pay_tool":""},{"index":78,"shop":"文澳攤販集中場-禽畜27號","zone":"金馬離島","city":"澎湖縣","area":"馬公市","market_address":"馬公市文德路3號","user":"薛素香","行業代號":null,"market_name":"文澳攤販集中場","行業代號1":null,"名稱1":null,"行業代號2":null,"名稱2":null,"行業代號3":null,"名稱3":null,"category":"夜市/市場攤販","id":10060054,"pay_list":"","pay_tool":""},{"index":79,"shop":"文澳攤販集中場-禽畜29號","zone":"金馬離島","city":"澎湖縣","area":"馬公市","market_address":"馬公市文德路3號","user":"陳秀滿","行業代號":null,"market_name":"文澳攤販集中場","行業代號1":null,"名稱1":null,"行業代號2":null,"名稱2":null,"行業代號3":null,"名稱3":null,"category":"夜市/市場攤販","id":10060055,"pay_list":"","pay_tool":""},{"index":80,"shop":"文澳攤販集中場-禽畜31號","zone":"金馬離島","city":"澎湖縣","area":"馬公市","market_address":"馬公市文德路3號","user":"胡?寶","行業代號":null,"market_name":"文澳攤販集中場","行業代號1":null,"名稱1":null,"行業代號2":null,"名稱2":null,"行業代號3":null,"名稱3":null,"category":"夜市/市場攤販","id":10060056,"pay_list":"","pay_tool":""},{"index":81,"shop":"文澳攤販集中場-禽畜32號","zone":"金馬離島","city":"澎湖縣","area":"馬公市","market_address":"馬公市文德路3號","user":"呂世勳","行業代號":null,"market_name":"文澳攤販集中場","行業代號1":null,"名稱1":null,"行業代號2":null,"名稱2":null,"行業代號3":null,"名稱3":null,"category":"夜市/市場攤販","id":10060057,"pay_list":"","pay_tool":""},{"index":82,"shop":"文澳攤販集中場-禽畜33號","zone":"金馬離島","city":"澎湖縣","area":"馬公市","market_address":"馬公市文德路3號","user":"林陳金春","行業代號":null,"market_name":"文澳攤販集中場","行業代號1":null,"名稱1":null,"行業代號2":null,"名稱2":null,"行業代號3":null,"名稱3":null,"category":"夜市/市場攤販","id":10060059,"pay_list":"","pay_tool":""},{"index":83,"shop":"文澳攤販集中場-禽畜34號","zone":"金馬離島","city":"澎湖縣","area":"馬公市","market_address":"馬公市文德路3號","user":"許劉春子","行業代號":null,"market_name":"文澳攤販集中場","行業代號1":null,"名稱1":null,"行業代號2":null,"名稱2":null,"行業代號3":null,"名稱3":null,"category":"夜市/市場攤販","id":10060060,"pay_list":"","pay_tool":""},{"index":84,"shop":"文澳攤販集中場-禽畜35號","zone":"金馬離島","city":"澎湖縣","area":"馬公市","market_address":"馬公市文德路3號","user":"許根棟","行業代號":null,"market_name":"文澳攤販集中場","行業代號1":null,"名稱1":null,"行業代號2":null,"名稱2":null,"行業代號3":null,"名稱3":null,"category":"夜市/市場攤販","id":10060061,"pay_list":"","pay_tool":""},{"index":85,"shop":"文澳攤販集中場-果菜1號","zone":"金馬離島","city":"澎湖縣","area":"馬公市","market_address":"馬公市文德路3號","user":"李宥蓉","行業代號":null,"market_name":"文澳攤販集中場","行業代號1":null,"名稱1":null,"行業代號2":null,"名稱2":null,"行業代號3":null,"名稱3":null,"category":"夜市/市場攤販","id":10060062,"pay_list":"","pay_tool":""},{"index":86,"shop":"文澳攤販集中場-果菜2號","zone":"金馬離島","city":"澎湖縣","area":"馬公市","market_address":"馬公市文德路3號","user":"洪美桂","行業代號":null,"market_name":"文澳攤販集中場","行業代號1":null,"名稱1":null,"行業代號2":null,"名稱2":null,"行業代號3":null,"名稱3":null,"category":"夜市/市場攤販","id":10060063,"pay_list":"","pay_tool":""},{"index":87,"shop":"文澳攤販集中場-果菜3號","zone":"金馬離島","city":"澎湖縣","area":"馬公市","market_address":"馬公市文德路3號","user":"張桂香","行業代號":null,"market_name":"文澳攤販集中場","行業代號1":null,"名稱1":null,"行業代號2":null,"名稱2":null,"行業代號3":null,"名稱3":null,"category":"夜市/市場攤販","id":10060064,"pay_list":"","pay_tool":""},{"index":88,"shop":"文澳攤販集中場-果菜4號","zone":"金馬離島","city":"澎湖縣","area":"馬公市","market_address":"馬公市文德路3號","user":"許美秀","行業代號":null,"market_name":"文澳攤販集中場","行業代號1":null,"名稱1":null,"行業代號2":null,"名稱2":null,"行業代號3":null,"名稱3":null,"category":"夜市/市場攤販","id":10060065,"pay_list":"","pay_tool":""},{"index":89,"shop":"文澳攤販集中場-果菜7號","zone":"金馬離島","city":"澎湖縣","area":"馬公市","market_address":"馬公市文德路3號","user":"徐美蓮","行業代號":null,"market_name":"文澳攤販集中場","行業代號1":null,"名稱1":null,"行業代號2":null,"名稱2":null,"行業代號3":null,"名稱3":null,"category":"夜市/市場攤販","id":10060066,"pay_list":"","pay_tool":""},{"index":90,"shop":"文澳攤販集中場-果菜8號","zone":"金馬離島","city":"澎湖縣","area":"馬公市","market_address":"馬公市文德路3號","user":"陳方金治","行業代號":null,"market_name":"文澳攤販集中場","行業代號1":null,"名稱1":null,"行業代號2":null,"名稱2":null,"行業代號3":null,"名稱3":null,"category":"夜市/市場攤販","id":10060067,"pay_list":"","pay_tool":""},{"index":91,"shop":"文澳攤販集中場-果菜9號","zone":"金馬離島","city":"澎湖縣","area":"馬公市","market_address":"馬公市文德路3號","user":"涂望月","行業代號":null,"market_name":"文澳攤販集中場","行業代號1":null,"名稱1":null,"行業代號2":null,"名稱2":null,"行業代號3":null,"名稱3":null,"category":"夜市/市場攤販","id":10060068,"pay_list":"","pay_tool":""},{"index":92,"shop":"文澳攤販集中場-果菜10號","zone":"金馬離島","city":"澎湖縣","area":"馬公市","market_address":"馬公市文德路3號","user":"黃忠勇","行業代號":null,"market_name":"文澳攤販集中場","行業代號1":null,"名稱1":null,"行業代號2":null,"名稱2":null,"行業代號3":null,"名稱3":null,"category":"夜市/市場攤販","id":10060070,"pay_list":"","pay_tool":""},{"index":93,"shop":"文澳攤販集中場-果菜11號","zone":"金馬離島","city":"澎湖縣","area":"馬公市","market_address":"馬公市文德路3號","user":"吳愛品","行業代號":null,"market_name":"文澳攤販集中場","行業代號1":null,"名稱1":null,"行業代號2":null,"名稱2":null,"行業代號3":null,"名稱3":null,"category":"夜市/市場攤販","id":10060071,"pay_list":"","pay_tool":""},{"index":94,"shop":"文澳攤販集中場-果菜12號","zone":"金馬離島","city":"澎湖縣","area":"馬公市","market_address":"馬公市文德路3號","user":"高正直","行業代號":null,"market_name":"文澳攤販集中場","行業代號1":null,"名稱1":null,"行業代號2":null,"名稱2":null,"行業代號3":null,"名稱3":null,"category":"夜市/市場攤販","id":10060072,"pay_list":"","pay_tool":""},{"index":95,"shop":"文澳攤販集中場-果菜13號","zone":"金馬離島","city":"澎湖縣","area":"馬公市","market_address":"馬公市文德路3號","user":"方孟吉","行業代號":null,"market_name":"文澳攤販集中場","行業代號1":null,"名稱1":null,"行業代號2":null,"名稱2":null,"行業代號3":null,"名稱3":null,"category":"夜市/市場攤販","id":10060073,"pay_list":"","pay_tool":""},{"index":96,"shop":"文澳攤販集中場-果菜15號","zone":"金馬離島","city":"澎湖縣","area":"馬公市","market_address":"馬公市文德路3號","user":"莊琇雯","行業代號":null,"market_name":"文澳攤販集中場","行業代號1":null,"名稱1":null,"行業代號2":null,"名稱2":null,"行業代號3":null,"名稱3":null,"category":"夜市/市場攤販","id":10060074,"pay_list":"","pay_tool":""},{"index":97,"shop":"文澳攤販集中場-果菜16號","zone":"金馬離島","city":"澎湖縣","area":"馬公市","market_address":"馬公市文德路3號","user":"黃三元","行業代號":null,"market_name":"文澳攤販集中場","行業代號1":null,"名稱1":null,"行業代號2":null,"名稱2":null,"行業代號3":null,"名稱3":null,"category":"夜市/市場攤販","id":10060075,"pay_list":"","pay_tool":""},{"index":98,"shop":"文澳攤販集中場-果菜17號","zone":"金馬離島","city":"澎湖縣","area":"馬公市","market_address":"馬公市文德路3號","user":"張雅苓","行業代號":null,"market_name":"文澳攤販集中場","行業代號1":null,"名稱1":null,"行業代號2":null,"名稱2":null,"行業代號3":null,"名稱3":null,"category":"夜市/市場攤販","id":10060076,"pay_list":"","pay_tool":""},{"index":99,"shop":"文澳攤販集中場-果菜18號","zone":"金馬離島","city":"澎湖縣","area":"馬公市","market_address":"馬公市文德路3號","user":"周子欽","行業代號":null,"market_name":"文澳攤販集中場","行業代號1":null,"名稱1":null,"行業代號2":null,"名稱2":null,"行業代號3":null,"名稱3":null,"category":"夜市/市場攤販","id":10060077,"pay_list":"","pay_tool":""},{"index":100,"shop":"文澳攤販集中場-果菜19號","zone":"金馬離島","city":"澎湖縣","area":"馬公市","market_address":"馬公市文德路3號","user":"葉李來好","行業代號":null,"market_name":"文澳攤販集中場","行業代號1":null,"名稱1":null,"行業代號2":null,"名稱2":null,"行業代號3":null,"名稱3":null,"category":"夜市/市場攤販","id":10060078,"pay_list":"","pay_tool":""},{"index":101,"shop":"文澳攤販集中場-果菜21號","zone":"金馬離島","city":"澎湖縣","area":"馬公市","market_address":"馬公市文德路3號","user":"蔡青菜","行業代號":null,"market_name":"文澳攤販集中場","行業代號1":null,"名稱1":null,"行業代號2":null,"名稱2":null,"行業代號3":null,"名稱3":null,"category":"夜市/市場攤販","id":10060079,"pay_list":"","pay_tool":""},{"index":102,"shop":"文澳攤販集中場-果菜22號","zone":"金馬離島","city":"澎湖縣","area":"馬公市","market_address":"馬公市文德路3號","user":"葉宇鵬","行業代號":null,"market_name":"文澳攤販集中場","行業代號1":null,"名稱1":null,"行業代號2":null,"名稱2":null,"行業代號3":null,"名稱3":null,"category":"夜市/市場攤販","id":10060081,"pay_list":"","pay_tool":""},{"index":103,"shop":"文澳攤販集中場-果菜23號","zone":"金馬離島","city":"澎湖縣","area":"馬公市","market_address":"馬公市文德路3號","user":"呂春桂","行業代號":null,"market_name":"文澳攤販集中場","行業代號1":null,"名稱1":null,"行業代號2":null,"名稱2":null,"行業代號3":null,"名稱3":null,"category":"夜市/市場攤販","id":10060082,"pay_list":"","pay_tool":""},{"index":104,"shop":"文澳攤販集中場-果菜24號","zone":"金馬離島","city":"澎湖縣","area":"馬公市","market_address":"馬公市文德路3號","user":"陳美芍","行業代號":null,"market_name":"文澳攤販集中場","行業代號1":null,"名稱1":null,"行業代號2":null,"名稱2":null,"行業代號3":null,"名稱3":null,"category":"夜市/市場攤販","id":10060083,"pay_list":"","pay_tool":""},{"index":105,"shop":"文澳攤販集中場-果菜25號","zone":"金馬離島","city":"澎湖縣","area":"馬公市","market_address":"馬公市文德路3號","user":"吳耀燉","行業代號":null,"market_name":"文澳攤販集中場","行業代號1":null,"名稱1":null,"行業代號2":null,"名稱2":null,"行業代號3":null,"名稱3":null,"category":"夜市/市場攤販","id":10060084,"pay_list":"","pay_tool":""},{"index":106,"shop":"文澳攤販集中場-果菜26號","zone":"金馬離島","city":"澎湖縣","area":"馬公市","market_address":"馬公市文德路3號","user":"高俊偉","行業代號":null,"market_name":"文澳攤販集中場","行業代號1":null,"名稱1":null,"行業代號2":null,"名稱2":null,"行業代號3":null,"名稱3":null,"category":"夜市/市場攤販","id":10060085,"pay_list":"","pay_tool":""},{"index":107,"shop":"文澳攤販集中場-果菜27號","zone":"金馬離島","city":"澎湖縣","area":"馬公市","market_address":"馬公市文德路3號","user":"陳芊卉","行業代號":null,"market_name":"文澳攤販集中場","行業代號1":null,"名稱1":null,"行業代號2":null,"名稱2":null,"行業代號3":null,"名稱3":null,"category":"夜市/市場攤販","id":10060086,"pay_list":"","pay_tool":""},{"index":108,"shop":"文澳攤販集中場-果菜28號","zone":"金馬離島","city":"澎湖縣","area":"馬公市","market_address":"馬公市文德路3號","user":"邵淑員","行業代號":null,"market_name":"文澳攤販集中場","行業代號1":null,"名稱1":null,"行業代號2":null,"名稱2":null,"行業代號3":null,"名稱3":null,"category":"夜市/市場攤販","id":10060087,"pay_list":"","pay_tool":""},{"index":109,"shop":"文澳攤販集中場-果菜29號","zone":"金馬離島","city":"澎湖縣","area":"馬公市","market_address":"馬公市文德路3號","user":"陳進財","行業代號":null,"market_name":"文澳攤販集中場","行業代號1":null,"名稱1":null,"行業代號2":null,"名稱2":null,"行業代號3":null,"名稱3":null,"category":"夜市/市場攤販","id":10060088,"pay_list":"","pay_tool":""},{"index":110,"shop":"文澳攤販集中場-果菜30號","zone":"金馬離島","city":"澎湖縣","area":"馬公市","market_address":"馬公市文德路3號","user":"黃寶玉","行業代號":null,"market_name":"文澳攤販集中場","行業代號1":null,"名稱1":null,"行業代號2":null,"名稱2":null,"行業代號3":null,"名稱3":null,"category":"夜市/市場攤販","id":10060089,"pay_list":"","pay_tool":""},{"index":111,"shop":"文澳攤販集中場-果菜31號","zone":"金馬離島","city":"澎湖縣","area":"馬公市","market_address":"馬公市文德路3號","user":"許翁?","行業代號":null,"market_name":"文澳攤販集中場","行業代號1":null,"名稱1":null,"行業代號2":null,"名稱2":null,"行業代號3":null,"名稱3":null,"category":"夜市/市場攤販","id":10060090,"pay_list":"","pay_tool":""},{"index":112,"shop":"文澳攤販集中場-果菜33號","zone":"金馬離島","city":"澎湖縣","area":"馬公市","market_address":"馬公市文德路3號","user":"許秋玉","行業代號":null,"market_name":"文澳攤販集中場","行業代號1":null,"名稱1":null,"行業代號2":null,"名稱2":null,"行業代號3":null,"名稱3":null,"category":"夜市/市場攤販","id":10060092,"pay_list":"","pay_tool":""},{"index":113,"shop":"文澳攤販集中場-果菜34號","zone":"金馬離島","city":"澎湖縣","area":"馬公市","market_address":"馬公市文德路3號","user":"陳玉燕","行業代號":null,"market_name":"文澳攤販集中場","行業代號1":null,"名稱1":null,"行業代號2":null,"名稱2":null,"行業代號3":null,"名稱3":null,"category":"夜市/市場攤販","id":10060093,"pay_list":"","pay_tool":""},{"index":114,"shop":"文澳攤販集中場-飲食2號","zone":"金馬離島","city":"澎湖縣","area":"馬公市","market_address":"馬公市文德路3號","user":"湯志暉","行業代號":null,"market_name":"文澳攤販集中場","行業代號1":null,"名稱1":null,"行業代號2":null,"名稱2":null,"行業代號3":null,"名稱3":null,"category":"夜市/市場攤販","id":10060094,"pay_list":"","pay_tool":""},{"index":115,"shop":"文澳攤販集中場-飲食3號","zone":"金馬離島","city":"澎湖縣","area":"馬公市","market_address":"馬公市文德路3號","user":"李秋蔚","行業代號":null,"market_name":"文澳攤販集中場","行業代號1":null,"名稱1":null,"行業代號2":null,"名稱2":null,"行業代號3":null,"名稱3":null,"category":"夜市/市場攤販","id":10060095,"pay_list":"","pay_tool":""},{"index":116,"shop":"文澳攤販集中場-飲食5號","zone":"金馬離島","city":"澎湖縣","area":"馬公市","market_address":"馬公市文德路3號","user":"黃梅惠","行業代號":null,"market_name":"文澳攤販集中場","行業代號1":null,"名稱1":null,"行業代號2":null,"名稱2":null,"行業代號3":null,"名稱3":null,"category":"夜市/市場攤販","id":10060096,"pay_list":"","pay_tool":""},{"index":117,"shop":"文澳攤販集中場-飲食6號","zone":"金馬離島","city":"澎湖縣","area":"馬公市","market_address":"馬公市文德路3號","user":"陳玉芳","行業代號":null,"market_name":"文澳攤販集中場","行業代號1":null,"名稱1":null,"行業代號2":null,"名稱2":null,"行業代號3":null,"名稱3":null,"category":"夜市/市場攤販","id":10060097,"pay_list":"","pay_tool":""},{"index":118,"shop":"文澳攤販集中場-飲食7號","zone":"金馬離島","city":"澎湖縣","area":"馬公市","market_address":"馬公市文德路3號","user":"楊莉萍","行業代號":null,"market_name":"文澳攤販集中場","行業代號1":null,"名稱1":null,"行業代號2":null,"名稱2":null,"行業代號3":null,"名稱3":null,"category":"夜市/市場攤販","id":10060098,"pay_list":"","pay_tool":""},{"index":119,"shop":"文澳攤販集中場-飲食8號","zone":"金馬離島","city":"澎湖縣","area":"馬公市","market_address":"馬公市文德路3號","user":"薛建良","行業代號":null,"market_name":"文澳攤販集中場","行業代號1":null,"名稱1":null,"行業代號2":null,"名稱2":null,"行業代號3":null,"名稱3":null,"category":"夜市/市場攤販","id":10060099,"pay_list":"","pay_tool":""},{"index":120,"shop":"文澳攤販集中場-飲食9號","zone":"金馬離島","city":"澎湖縣","area":"馬公市","market_address":"馬公市文德路3號","user":"王秋藤","行業代號":null,"market_name":"文澳攤販集中場","行業代號1":null,"名稱1":null,"行業代號2":null,"名稱2":null,"行業代號3":null,"名稱3":null,"category":"夜市/市場攤販","id":10060100,"pay_list":"","pay_tool":""},{"index":121,"shop":"文澳攤販集中場-飲食10號","zone":"金馬離島","city":"澎湖縣","area":"馬公市","market_address":"馬公市文德路3號","user":"吳懷真","行業代號":null,"market_name":"文澳攤販集中場","行業代號1":null,"名稱1":null,"行業代號2":null,"名稱2":null,"行業代號3":null,"名稱3":null,"category":"夜市/市場攤販","id":10060101,"pay_list":"","pay_tool":""},{"index":122,"shop":"文澳攤販集中場-飲食11號","zone":"金馬離島","city":"澎湖縣","area":"馬公市","market_address":"馬公市文德路3號","user":"許秀美","行業代號":null,"market_name":"文澳攤販集中場","行業代號1":null,"名稱1":null,"行業代號2":null,"名稱2":null,"行業代號3":null,"名稱3":null,"category":"夜市/市場攤販","id":10060104,"pay_list":"","pay_tool":""},{"index":123,"shop":"文澳攤販集中場-飲食12號","zone":"金馬離島","city":"澎湖縣","area":"馬公市","market_address":"馬公市文德路3號","user":"蔣黃梅","行業代號":null,"market_name":"文澳攤販集中場","行業代號1":null,"名稱1":null,"行業代號2":null,"名稱2":null,"行業代號3":null,"名稱3":null,"category":"夜市/市場攤販","id":10060105,"pay_list":"","pay_tool":""},{"index":124,"shop":"文澳攤販集中場-飲食13號","zone":"金馬離島","city":"澎湖縣","area":"馬公市","market_address":"馬公市文德路3號","user":"林陳麗嬌","行業代號":null,"market_name":"文澳攤販集中場","行業代號1":null,"名稱1":null,"行業代號2":null,"名稱2":null,"行業代號3":null,"名稱3":null,"category":"夜市/市場攤販","id":10060106,"pay_list":"","pay_tool":""},{"index":125,"shop":"文澳攤販集中場-飲食14號","zone":"金馬離島","city":"澎湖縣","area":"馬公市","market_address":"馬公市文德路3號","user":"王顏春枝","行業代號":null,"market_name":"文澳攤販集中場","行業代號1":null,"名稱1":null,"行業代號2":null,"名稱2":null,"行業代號3":null,"名稱3":null,"category":"夜市/市場攤販","id":10060107,"pay_list":"","pay_tool":""},{"index":126,"shop":"文澳攤販集中場-百貨1號","zone":"金馬離島","city":"澎湖縣","area":"馬公市","market_address":"馬公市文德路3號","user":"王金鏂","行業代號":null,"market_name":"文澳攤販集中場","行業代號1":null,"名稱1":null,"行業代號2":null,"名稱2":null,"行業代號3":null,"名稱3":null,"category":"夜市/市場攤販","id":10060108,"pay_list":"","pay_tool":""},{"index":127,"shop":"文澳攤販集中場-百貨3號","zone":"金馬離島","city":"澎湖縣","area":"馬公市","market_address":"馬公市文德路3號","user":"林桂蓁","行業代號":null,"market_name":"文澳攤販集中場","行業代號1":null,"名稱1":null,"行業代號2":null,"名稱2":null,"行業代號3":null,"名稱3":null,"category":"夜市/市場攤販","id":10060109,"pay_list":"","pay_tool":""},{"index":128,"shop":"文澳攤販集中場-百貨4號","zone":"金馬離島","city":"澎湖縣","area":"馬公市","market_address":"馬公市文德路3號","user":"吳雅鈞","行業代號":null,"market_name":"文澳攤販集中場","行業代號1":null,"名稱1":null,"行業代號2":null,"名稱2":null,"行業代號3":null,"名稱3":null,"category":"夜市/市場攤販","id":10060110,"pay_list":"","pay_tool":""},{"index":129,"shop":"文澳攤販集中場-百貨6號","zone":"金馬離島","city":"澎湖縣","area":"馬公市","market_address":"馬公市文德路3號","user":"李錦香","行業代號":null,"market_name":"文澳攤販集中場","行業代號1":null,"名稱1":null,"行業代號2":null,"名稱2":null,"行業代號3":null,"名稱3":null,"category":"夜市/市場攤販","id":10060111,"pay_list":"","pay_tool":""},{"index":130,"shop":"文澳攤販集中場-百貨7號","zone":"金馬離島","city":"澎湖縣","area":"馬公市","market_address":"馬公市文德路3號","user":"莊秀甄","行業代號":null,"market_name":"文澳攤販集中場","行業代號1":null,"名稱1":null,"行業代號2":null,"名稱2":null,"行業代號3":null,"名稱3":null,"category":"夜市/市場攤販","id":10060112,"pay_list":"","pay_tool":""},{"index":131,"shop":"文澳攤販集中場-百貨8號","zone":"金馬離島","city":"澎湖縣","area":"馬公市","market_address":"馬公市文德路3號","user":"許春葉","行業代號":null,"market_name":"文澳攤販集中場","行業代號1":null,"名稱1":null,"行業代號2":null,"名稱2":null,"行業代號3":null,"名稱3":null,"category":"夜市/市場攤販","id":10060113,"pay_list":"","pay_tool":""},{"index":132,"shop":"文澳攤販集中場-百貨10號","zone":"金馬離島","city":"澎湖縣","area":"馬公市","market_address":"馬公市文德路3號","user":"蔡欣銘","行業代號":null,"market_name":"文澳攤販集中場","行業代號1":null,"名稱1":null,"行業代號2":null,"名稱2":null,"行業代號3":null,"名稱3":null,"category":"夜市/市場攤販","id":10060115,"pay_list":"","pay_tool":""},{"index":133,"shop":"文澳攤販集中場-百貨12號","zone":"金馬離島","city":"澎湖縣","area":"馬公市","market_address":"馬公市文德路3號","user":"陳紅柿","行業代號":null,"market_name":"文澳攤販集中場","行業代號1":null,"名稱1":null,"行業代號2":null,"名稱2":null,"行業代號3":null,"名稱3":null,"category":"夜市/市場攤販","id":10060116,"pay_list":"","pay_tool":""},{"index":134,"shop":"文澳攤販集中場-百貨13號","zone":"金馬離島","city":"澎湖縣","area":"馬公市","market_address":"馬公市文德路3號","user":"蔡宛蓁","行業代號":null,"market_name":"文澳攤販集中場","行業代號1":null,"名稱1":null,"行業代號2":null,"名稱2":null,"行業代號3":null,"名稱3":null,"category":"夜市/市場攤販","id":10060117,"pay_list":"","pay_tool":""},{"index":135,"shop":"文澳攤販集中場-百貨14號","zone":"金馬離島","city":"澎湖縣","area":"馬公市","market_address":"馬公市文德路3號","user":"黃慧明","行業代號":null,"market_name":"文澳攤販集中場","行業代號1":null,"名稱1":null,"行業代號2":null,"名稱2":null,"行業代號3":null,"名稱3":null,"category":"夜市/市場攤販","id":10060118,"pay_list":"","pay_tool":""},{"index":136,"shop":"文澳攤販集中場-百貨15號","zone":"金馬離島","city":"澎湖縣","area":"馬公市","market_address":"馬公市文德路3號","user":"周高阿雀","行業代號":null,"market_name":"文澳攤販集中場","行業代號1":null,"名稱1":null,"行業代號2":null,"名稱2":null,"行業代號3":null,"名稱3":null,"category":"夜市/市場攤販","id":10060119,"pay_list":"","pay_tool":""},{"index":137,"shop":"文澳攤販集中場-百貨16號","zone":"金馬離島","city":"澎湖縣","area":"馬公市","market_address":"馬公市文德路3號","user":"葉蕙君","行業代號":null,"market_name":"文澳攤販集中場","行業代號1":null,"名稱1":null,"行業代號2":null,"名稱2":null,"行業代號3":null,"名稱3":null,"category":"夜市/市場攤販","id":10060120,"pay_list":"","pay_tool":""},{"index":138,"shop":"文澳攤販集中場-百貨17號","zone":"金馬離島","city":"澎湖縣","area":"馬公市","market_address":"馬公市文德路3號","user":"吳彩英","行業代號":null,"market_name":"文澳攤販集中場","行業代號1":null,"名稱1":null,"行業代號2":null,"名稱2":null,"行業代號3":null,"名稱3":null,"category":"夜市/市場攤販","id":10060121,"pay_list":"","pay_tool":""},{"index":139,"shop":"文澳攤販集中場-百貨18號","zone":"金馬離島","city":"澎湖縣","area":"馬公市","market_address":"馬公市文德路3號","user":"許素美","行業代號":null,"market_name":"文澳攤販集中場","行業代號1":null,"名稱1":null,"行業代號2":null,"名稱2":null,"行業代號3":null,"名稱3":null,"category":"夜市/市場攤販","id":10060122,"pay_list":"","pay_tool":""},{"index":140,"shop":"文澳攤販集中場-百貨19號","zone":"金馬離島","city":"澎湖縣","area":"馬公市","market_address":"馬公市文德路3號","user":"王銀碟","行業代號":null,"market_name":"文澳攤販集中場","行業代號1":null,"名稱1":null,"行業代號2":null,"名稱2":null,"行業代號3":null,"名稱3":null,"category":"夜市/市場攤販","id":10060123,"pay_list":"","pay_tool":""},{"index":141,"shop":"文澳攤販集中場-百貨20號","zone":"金馬離島","city":"澎湖縣","area":"馬公市","market_address":"馬公市文德路3號","user":"紀正雄","行業代號":null,"market_name":"文澳攤販集中場","行業代號1":null,"名稱1":null,"行業代號2":null,"名稱2":null,"行業代號3":null,"名稱3":null,"category":"夜市/市場攤販","id":10060124,"pay_list":"","pay_tool":""},{"index":142,"shop":"文澳攤販集中場-百貨21號","zone":"金馬離島","city":"澎湖縣","area":"馬公市","market_address":"馬公市文德路3號","user":"歐寶秋","行業代號":null,"market_name":"文澳攤販集中場","行業代號1":null,"名稱1":null,"行業代號2":null,"名稱2":null,"行業代號3":null,"名稱3":null,"category":"夜市/市場攤販","id":10060126,"pay_list":"","pay_tool":""},{"index":143,"shop":"文澳攤販集中場-百貨22號","zone":"金馬離島","city":"澎湖縣","area":"馬公市","market_address":"馬公市文德路3號","user":"周冠伶","行業代號":null,"market_name":"文澳攤販集中場","行業代號1":null,"名稱1":null,"行業代號2":null,"名稱2":null,"行業代號3":null,"名稱3":null,"category":"夜市/市場攤販","id":10060127,"pay_list":"","pay_tool":""},{"index":144,"shop":"文澳攤販集中場-百貨24號","zone":"金馬離島","city":"澎湖縣","area":"馬公市","market_address":"馬公市文德路3號","user":"高金英","行業代號":null,"market_name":"文澳攤販集中場","行業代號1":null,"名稱1":null,"行業代號2":null,"名稱2":null,"行業代號3":null,"名稱3":null,"category":"夜市/市場攤販","id":10060128,"pay_list":"","pay_tool":""},{"index":145,"shop":"文澳攤販集中場-百貨25號","zone":"金馬離島","city":"澎湖縣","area":"馬公市","market_address":"馬公市文德路3號","user":"陳美絹","行業代號":null,"market_name":"文澳攤販集中場","行業代號1":null,"名稱1":null,"行業代號2":null,"名稱2":null,"行業代號3":null,"名稱3":null,"category":"夜市/市場攤販","id":10060129,"pay_list":"","pay_tool":""},{"index":146,"shop":"文澳攤販集中場-百貨26號","zone":"金馬離島","city":"澎湖縣","area":"馬公市","market_address":"馬公市文德路3號","user":"王美惠","行業代號":null,"market_name":"文澳攤販集中場","行業代號1":null,"名稱1":null,"行業代號2":null,"名稱2":null,"行業代號3":null,"名稱3":null,"category":"夜市/市場攤販","id":10060130,"pay_list":"","pay_tool":""},{"index":147,"shop":"文澳攤販集中場-百貨27號","zone":"金馬離島","city":"澎湖縣","area":"馬公市","market_address":"馬公市文德路3號","user":"林麗玉","行業代號":null,"market_name":"文澳攤販集中場","行業代號1":null,"名稱1":null,"行業代號2":null,"名稱2":null,"行業代號3":null,"名稱3":null,"category":"夜市/市場攤販","id":10060131,"pay_list":"","pay_tool":""},{"index":148,"shop":"文澳攤販集中場-其他1號","zone":"金馬離島","city":"澎湖縣","area":"馬公市","market_address":"馬公市文德路3號","user":"陳美玲","行業代號":null,"market_name":"文澳攤販集中場","行業代號1":null,"名稱1":null,"行業代號2":null,"名稱2":null,"行業代號3":null,"名稱3":null,"category":"夜市/市場攤販","id":10060132,"pay_list":"","pay_tool":""},{"index":149,"shop":"文澳攤販集中場-其他2號","zone":"金馬離島","city":"澎湖縣","area":"馬公市","market_address":"馬公市文德路3號","user":"陳諺德","行業代號":null,"market_name":"文澳攤販集中場","行業代號1":null,"名稱1":null,"行業代號2":null,"名稱2":null,"行業代號3":null,"名稱3":null,"category":"夜市/市場攤販","id":10060133,"pay_list":"","pay_tool":""},{"index":150,"shop":"文澳攤販集中場-其他4號","zone":"金馬離島","city":"澎湖縣","area":"馬公市","market_address":"馬公市文德路3號","user":"林森源","行業代號":null,"market_name":"文澳攤販集中場","行業代號1":null,"名稱1":null,"行業代號2":null,"名稱2":null,"行業代號3":null,"名稱3":null,"category":"夜市/市場攤販","id":10060134,"pay_list":"","pay_tool":""},{"index":151,"shop":"文澳攤販集中場-其他5號","zone":"金馬離島","city":"澎湖縣","area":"馬公市","market_address":"馬公市文德路3號","user":"黃彩鳳","行業代號":null,"market_name":"文澳攤販集中場","行業代號1":null,"名稱1":null,"行業代號2":null,"名稱2":null,"行業代號3":null,"名稱3":null,"category":"夜市/市場攤販","id":10060135,"pay_list":"","pay_tool":""},{"index":152,"shop":"文澳攤販集中場-其他6號","zone":"金馬離島","city":"澎湖縣","area":"馬公市","market_address":"馬公市文德路3號","user":"黃瓊瑩","行業代號":null,"market_name":"文澳攤販集中場","行業代號1":null,"名稱1":null,"行業代號2":null,"名稱2":null,"行業代號3":null,"名稱3":null,"category":"夜市/市場攤販","id":10060137,"pay_list":"","pay_tool":""},{"index":153,"shop":"文澳攤販集中場-其他7號","zone":"金馬離島","city":"澎湖縣","area":"馬公市","market_address":"馬公市文德路3號","user":"楊淑香","行業代號":null,"market_name":"文澳攤販集中場","行業代號1":null,"名稱1":null,"行業代號2":null,"名稱2":null,"行業代號3":null,"名稱3":null,"category":"夜市/市場攤販","id":10060138,"pay_list":"","pay_tool":""},{"index":154,"shop":"文澳攤販集中場-其他8號","zone":"金馬離島","city":"澎湖縣","area":"馬公市","market_address":"馬公市文德路3號","user":"楊火炎","行業代號":null,"market_name":"文澳攤販集中場","行業代號1":null,"名稱1":null,"行業代號2":null,"名稱2":null,"行業代號3":null,"名稱3":null,"category":"夜市/市場攤販","id":10060139,"pay_list":"","pay_tool":""},{"index":155,"shop":"文澳攤販集中場-其他9號","zone":"金馬離島","city":"澎湖縣","area":"馬公市","market_address":"馬公市文德路3號","user":"洪瑞霙","行業代號":null,"market_name":"文澳攤販集中場","行業代號1":null,"名稱1":null,"行業代號2":null,"名稱2":null,"行業代號3":null,"名稱3":null,"category":"夜市/市場攤販","id":10060140,"pay_list":"","pay_tool":""},{"index":156,"shop":"文澳攤販集中場-其他10號","zone":"金馬離島","city":"澎湖縣","area":"馬公市","market_address":"馬公市文德路3號","user":"許得料","行業代號":null,"market_name":"文澳攤販集中場","行業代號1":null,"名稱1":null,"行業代號2":null,"名稱2":null,"行業代號3":null,"名稱3":null,"category":"夜市/市場攤販","id":10060141,"pay_list":"","pay_tool":""},{"index":157,"shop":"文澳攤販集中場-其他11號","zone":"金馬離島","city":"澎湖縣","area":"馬公市","market_address":"馬公市文德路3號","user":"蔡志宏","行業代號":null,"market_name":"文澳攤販集中場","行業代號1":null,"名稱1":null,"行業代號2":null,"名稱2":null,"行業代號3":null,"名稱3":null,"category":"夜市/市場攤販","id":10060142,"pay_list":"","pay_tool":""},{"index":158,"shop":"文澳攤販集中場-其他12號","zone":"金馬離島","city":"澎湖縣","area":"馬公市","market_address":"馬公市文德路3號","user":"林光明","行業代號":null,"market_name":"文澳攤販集中場","行業代號1":null,"名稱1":null,"行業代號2":null,"名稱2":null,"行業代號3":null,"名稱3":null,"category":"夜市/市場攤販","id":10060143,"pay_list":"","pay_tool":""},{"index":159,"shop":"文澳攤販集中場-其他13號","zone":"金馬離島","city":"澎湖縣","area":"馬公市","market_address":"馬公市文德路3號","user":"趙秀盈","行業代號":null,"market_name":"文澳攤販集中場","行業代號1":null,"名稱1":null,"行業代號2":null,"名稱2":null,"行業代號3":null,"名稱3":null,"category":"夜市/市場攤販","id":10060144,"pay_list":"","pay_tool":""},{"index":160,"shop":"文澳攤販集中場-其他14號","zone":"金馬離島","city":"澎湖縣","area":"馬公市","market_address":"馬公市文德路3號","user":"王志傑","行業代號":null,"market_name":"文澳攤販集中場","行業代號1":null,"名稱1":null,"行業代號2":null,"名稱2":null,"行業代號3":null,"名稱3":null,"category":"夜市/市場攤販","id":10060145,"pay_list":"","pay_tool":""},{"index":161,"shop":"北辰公有零售市場-1A1","zone":"金馬離島","city":"澎湖縣","area":"馬公市","market_address":"馬公市北辰街20號","user":"顏丁財","行業代號":null,"market_name":"北辰公有零售市場","行業代號1":null,"名稱1":null,"行業代號2":null,"名稱2":null,"行業代號3":null,"名稱3":null,"category":"夜市/市場攤販","id":10060146,"pay_list":"","pay_tool":""},{"index":162,"shop":"北辰公有零售市場-1A2","zone":"金馬離島","city":"澎湖縣","area":"馬公市","market_address":"馬公市北辰街20號","user":"許平姍","行業代號":null,"market_name":"北辰公有零售市場","行業代號1":null,"名稱1":null,"行業代號2":null,"名稱2":null,"行業代號3":null,"名稱3":null,"category":"夜市/市場攤販","id":10060148,"pay_list":"","pay_tool":""},{"index":163,"shop":"北辰公有零售市場-1A3","zone":"金馬離島","city":"澎湖縣","area":"馬公市","market_address":"馬公市北辰街20號","user":"郭立宗","行業代號":null,"market_name":"北辰公有零售市場","行業代號1":null,"名稱1":null,"行業代號2":null,"名稱2":null,"行業代號3":null,"名稱3":null,"category":"夜市/市場攤販","id":10060149,"pay_list":"","pay_tool":""},{"index":164,"shop":"北辰公有零售市場-1A4","zone":"金馬離島","city":"澎湖縣","area":"馬公市","market_address":"馬公市北辰街20號","user":"陳玉芬","行業代號":null,"market_name":"北辰公有零售市場","行業代號1":null,"名稱1":null,"行業代號2":null,"名稱2":null,"行業代號3":null,"名稱3":null,"category":"夜市/市場攤販","id":10060150,"pay_list":"","pay_tool":""},{"index":165,"shop":"北辰公有零售市場-1A5","zone":"金馬離島","city":"澎湖縣","area":"馬公市","market_address":"馬公市北辰街20號","user":"謝財發","行業代號":null,"market_name":"北辰公有零售市場","行業代號1":null,"名稱1":null,"行業代號2":null,"名稱2":null,"行業代號3":null,"名稱3":null,"category":"夜市/市場攤販","id":10060151,"pay_list":"","pay_tool":""},{"index":166,"shop":"北辰公有零售市場-1A6","zone":"金馬離島","city":"澎湖縣","area":"馬公市","market_address":"馬公市北辰街20號","user":"鄧春全","行業代號":null,"market_name":"北辰公有零售市場","行業代號1":null,"名稱1":null,"行業代號2":null,"名稱2":null,"行業代號3":null,"名稱3":null,"category":"夜市/市場攤販","id":10060152,"pay_list":"","pay_tool":""},{"index":167,"shop":"北辰公有零售市場-1A7","zone":"金馬離島","city":"澎湖縣","area":"馬公市","market_address":"馬公市北辰街20號","user":"王陳素鸞","行業代號":null,"market_name":"北辰公有零售市場","行業代號1":null,"名稱1":null,"行業代號2":null,"名稱2":null,"行業代號3":null,"名稱3":null,"category":"夜市/市場攤販","id":10060153,"pay_list":"","pay_tool":""},{"index":168,"shop":"北辰公有零售市場-1A8","zone":"金馬離島","city":"澎湖縣","area":"馬公市","market_address":"馬公市北辰街20號","user":"薛吳?枝","行業代號":null,"market_name":"北辰公有零售市場","行業代號1":null,"名稱1":null,"行業代號2":null,"名稱2":null,"行業代號3":null,"名稱3":null,"category":"夜市/市場攤販","id":10060154,"pay_list":"","pay_tool":""},{"index":169,"shop":"北辰公有零售市場-1A9","zone":"金馬離島","city":"澎湖縣","area":"馬公市","market_address":"馬公市北辰街20號","user":"黃加麟","行業代號":null,"market_name":"北辰公有零售市場","行業代號1":null,"名稱1":null,"行業代號2":null,"名稱2":null,"行業代號3":null,"名稱3":null,"category":"夜市/市場攤販","id":10060155,"pay_list":"","pay_tool":""},{"index":170,"shop":"北辰公有零售市場-1A10","zone":"金馬離島","city":"澎湖縣","area":"馬公市","market_address":"馬公市北辰街20號","user":"陳月珠","行業代號":null,"market_name":"北辰公有零售市場","行業代號1":null,"名稱1":null,"行業代號2":null,"名稱2":null,"行業代號3":null,"名稱3":null,"category":"夜市/市場攤販","id":10060156,"pay_list":"","pay_tool":""},{"index":171,"shop":"北辰公有零售市場-1A11","zone":"金馬離島","city":"澎湖縣","area":"馬公市","market_address":"馬公市北辰街20號","user":"許文全","行業代號":null,"market_name":"北辰公有零售市場","行業代號1":null,"名稱1":null,"行業代號2":null,"名稱2":null,"行業代號3":null,"名稱3":null,"category":"夜市/市場攤販","id":10060157,"pay_list":"","pay_tool":""},{"index":172,"shop":"北辰公有零售市場-1A12","zone":"金馬離島","city":"澎湖縣","area":"馬公市","market_address":"馬公市北辰街20號","user":"陳淑華","行業代號":null,"market_name":"北辰公有零售市場","行業代號1":null,"名稱1":null,"行業代號2":null,"名稱2":null,"行業代號3":null,"名稱3":null,"category":"夜市/市場攤販","id":10060159,"pay_list":"","pay_tool":""},{"index":173,"shop":"北辰公有零售市場-1A13","zone":"金馬離島","city":"澎湖縣","area":"馬公市","market_address":"馬公市北辰街20號","user":"蘇文弘","行業代號":null,"market_name":"北辰公有零售市場","行業代號1":null,"名稱1":null,"行業代號2":null,"名稱2":null,"行業代號3":null,"名稱3":null,"category":"夜市/市場攤販","id":10060160,"pay_list":"","pay_tool":""},{"index":174,"shop":"北辰公有零售市場-1A14","zone":"金馬離島","city":"澎湖縣","area":"馬公市","market_address":"馬公市北辰街20號","user":"呂文壹","行業代號":null,"market_name":"北辰公有零售市場","行業代號1":null,"名稱1":null,"行業代號2":null,"名稱2":null,"行業代號3":null,"名稱3":null,"category":"夜市/市場攤販","id":10060161,"pay_list":"","pay_tool":""},{"index":175,"shop":"北辰公有零售市場-1A15","zone":"金馬離島","city":"澎湖縣","area":"馬公市","market_address":"馬公市北辰街20號","user":"曾東富","行業代號":null,"market_name":"北辰公有零售市場","行業代號1":null,"名稱1":null,"行業代號2":null,"名稱2":null,"行業代號3":null,"名稱3":null,"category":"夜市/市場攤販","id":10060162,"pay_list":"","pay_tool":""},{"index":176,"shop":"北辰公有零售市場-1A16","zone":"金馬離島","city":"澎湖縣","area":"馬公市","market_address":"馬公市北辰街20號","user":"洪秋菊","行業代號":null,"market_name":"北辰公有零售市場","行業代號1":null,"名稱1":null,"行業代號2":null,"名稱2":null,"行業代號3":null,"名稱3":null,"category":"夜市/市場攤販","id":10060163,"pay_list":"","pay_tool":""},{"index":177,"shop":"北辰公有零售市場-1A17","zone":"金馬離島","city":"澎湖縣","area":"馬公市","market_address":"馬公市北辰街20號","user":"吳文正","行業代號":null,"market_name":"北辰公有零售市場","行業代號1":null,"名稱1":null,"行業代號2":null,"名稱2":null,"行業代號3":null,"名稱3":null,"category":"夜市/市場攤販","id":10060164,"pay_list":"","pay_tool":""},{"index":178,"shop":"北辰公有零售市場-1A18","zone":"金馬離島","city":"澎湖縣","area":"馬公市","market_address":"馬公市北辰街20號","user":"許永聖","行業代號":null,"market_name":"北辰公有零售市場","行業代號1":null,"名稱1":null,"行業代號2":null,"名稱2":null,"行業代號3":null,"名稱3":null,"category":"夜市/市場攤販","id":10060165,"pay_list":"","pay_tool":""},{"index":179,"shop":"北辰公有零售市場-1A19","zone":"金馬離島","city":"澎湖縣","area":"馬公市","market_address":"馬公市北辰街20號","user":"洪朝霖","行業代號":null,"market_name":"北辰公有零售市場","行業代號1":null,"名稱1":null,"行業代號2":null,"名稱2":null,"行業代號3":null,"名稱3":null,"category":"夜市/市場攤販","id":10060166,"pay_list":"","pay_tool":""},{"index":180,"shop":"北辰公有零售市場-1A20","zone":"金馬離島","city":"澎湖縣","area":"馬公市","market_address":"馬公市北辰街20號","user":"歐桂華","行業代號":null,"market_name":"北辰公有零售市場","行業代號1":null,"名稱1":null,"行業代號2":null,"名稱2":null,"行業代號3":null,"名稱3":null,"category":"夜市/市場攤販","id":10060167,"pay_list":"","pay_tool":""},{"index":181,"shop":"北辰公有零售市場-1A21","zone":"金馬離島","city":"澎湖縣","area":"馬公市","market_address":"馬公市北辰街20號","user":"蔡麗華","行業代號":null,"market_name":"北辰公有零售市場","行業代號1":null,"名稱1":null,"行業代號2":null,"名稱2":null,"行業代號3":null,"名稱3":null,"category":"夜市/市場攤販","id":10060168,"pay_list":"","pay_tool":""},{"index":182,"shop":"北辰公有零售市場-1A22","zone":"金馬離島","city":"澎湖縣","area":"馬公市","market_address":"馬公市北辰街20號","user":"許淑芬","行業代號":null,"market_name":"北辰公有零售市場","行業代號1":null,"名稱1":null,"行業代號2":null,"名稱2":null,"行業代號3":null,"名稱3":null,"category":"夜市/市場攤販","id":10060170,"pay_list":"","pay_tool":""},{"index":183,"shop":"北辰公有零售市場-1A23","zone":"金馬離島","city":"澎湖縣","area":"馬公市","market_address":"馬公市北辰街20號","user":"陳顏金柳","行業代號":null,"market_name":"北辰公有零售市場","行業代號1":null,"名稱1":null,"行業代號2":null,"名稱2":null,"行業代號3":null,"名稱3":null,"category":"夜市/市場攤販","id":10060171,"pay_list":"","pay_tool":""},{"index":184,"shop":"北辰公有零售市場-1A24","zone":"金馬離島","city":"澎湖縣","area":"馬公市","market_address":"馬公市北辰街20號","user":"王美華","行業代號":null,"market_name":"北辰公有零售市場","行業代號1":null,"名稱1":null,"行業代號2":null,"名稱2":null,"行業代號3":null,"名稱3":null,"category":"夜市/市場攤販","id":10060172,"pay_list":"","pay_tool":""},{"index":185,"shop":"北辰公有零售市場-1A25","zone":"金馬離島","city":"澎湖縣","area":"馬公市","market_address":"馬公市北辰街20號","user":"周盧美系","行業代號":null,"market_name":"北辰公有零售市場","行業代號1":null,"名稱1":null,"行業代號2":null,"名稱2":null,"行業代號3":null,"名稱3":null,"category":"夜市/市場攤販","id":10060173,"pay_list":"","pay_tool":""},{"index":186,"shop":"北辰公有零售市場-1A26","zone":"金馬離島","city":"澎湖縣","area":"馬公市","market_address":"馬公市北辰街20號","user":"廖素惠","行業代號":null,"market_name":"北辰公有零售市場","行業代號1":null,"名稱1":null,"行業代號2":null,"名稱2":null,"行業代號3":null,"名稱3":null,"category":"夜市/市場攤販","id":10060174,"pay_list":"","pay_tool":""},{"index":187,"shop":"北辰公有零售市場-1A27","zone":"金馬離島","city":"澎湖縣","area":"馬公市","market_address":"馬公市北辰街20號","user":"陳耀宗","行業代號":null,"market_name":"北辰公有零售市場","行業代號1":null,"名稱1":null,"行業代號2":null,"名稱2":null,"行業代號3":null,"名稱3":null,"category":"夜市/市場攤販","id":10060175,"pay_list":"","pay_tool":""},{"index":188,"shop":"北辰公有零售市場-1A28","zone":"金馬離島","city":"澎湖縣","area":"馬公市","market_address":"馬公市北辰街20號","user":"王美秀","行業代號":null,"market_name":"北辰公有零售市場","行業代號1":null,"名稱1":null,"行業代號2":null,"名稱2":null,"行業代號3":null,"名稱3":null,"category":"夜市/市場攤販","id":10060176,"pay_list":"","pay_tool":""},{"index":189,"shop":"北辰公有零售市場-1A29","zone":"金馬離島","city":"澎湖縣","area":"馬公市","market_address":"馬公市北辰街20號","user":"孫瓊珠","行業代號":null,"market_name":"北辰公有零售市場","行業代號1":null,"名稱1":null,"行業代號2":null,"名稱2":null,"行業代號3":null,"名稱3":null,"category":"夜市/市場攤販","id":10060177,"pay_list":"","pay_tool":""},{"index":190,"shop":"北辰公有零售市場-1A30","zone":"金馬離島","city":"澎湖縣","area":"馬公市","market_address":"馬公市北辰街20號","user":"張裕興","行業代號":null,"market_name":"北辰公有零售市場","行業代號1":null,"名稱1":null,"行業代號2":null,"名稱2":null,"行業代號3":null,"名稱3":null,"category":"夜市/市場攤販","id":10060178,"pay_list":"","pay_tool":""},{"index":191,"shop":"北辰公有零售市場-1A31","zone":"金馬離島","city":"澎湖縣","area":"馬公市","market_address":"馬公市北辰街20號","user":"高雪嬌","行業代號":null,"market_name":"北辰公有零售市場","行業代號1":null,"名稱1":null,"行業代號2":null,"名稱2":null,"行業代號3":null,"名稱3":null,"category":"夜市/市場攤販","id":10060179,"pay_list":"","pay_tool":""},{"index":192,"shop":"北辰公有零售市場-1A32","zone":"金馬離島","city":"澎湖縣","area":"馬公市","market_address":"馬公市北辰街20號","user":"許玉桂","行業代號":null,"market_name":"北辰公有零售市場","行業代號1":null,"名稱1":null,"行業代號2":null,"名稱2":null,"行業代號3":null,"名稱3":null,"category":"夜市/市場攤販","id":10060181,"pay_list":"","pay_tool":""},{"index":193,"shop":"北辰公有零售市場-1A33","zone":"金馬離島","city":"澎湖縣","area":"馬公市","market_address":"馬公市北辰街20號","user":"蔡愛玉","行業代號":null,"market_name":"北辰公有零售市場","行業代號1":null,"名稱1":null,"行業代號2":null,"名稱2":null,"行業代號3":null,"名稱3":null,"category":"夜市/市場攤販","id":10060182,"pay_list":"","pay_tool":""},{"index":194,"shop":"北辰公有零售市場-1A34","zone":"金馬離島","city":"澎湖縣","area":"馬公市","market_address":"馬公市北辰街20號","user":"許美玲","行業代號":null,"market_name":"北辰公有零售市場","行業代號1":null,"名稱1":null,"行業代號2":null,"名稱2":null,"行業代號3":null,"名稱3":null,"category":"夜市/市場攤販","id":10060183,"pay_list":"","pay_tool":""},{"index":195,"shop":"北辰公有零售市場-1A35","zone":"金馬離島","city":"澎湖縣","area":"馬公市","market_address":"馬公市北辰街20號","user":"黃金環","行業代號":null,"market_name":"北辰公有零售市場","行業代號1":null,"名稱1":null,"行業代號2":null,"名稱2":null,"行業代號3":null,"名稱3":null,"category":"夜市/市場攤販","id":10060184,"pay_list":"","pay_tool":""},{"index":196,"shop":"北辰公有零售市場-1A36","zone":"金馬離島","city":"澎湖縣","area":"馬公市","market_address":"馬公市北辰街20號","user":"林財桂","行業代號":null,"market_name":"北辰公有零售市場","行業代號1":null,"名稱1":null,"行業代號2":null,"名稱2":null,"行業代號3":null,"名稱3":null,"category":"夜市/市場攤販","id":10060185,"pay_list":"","pay_tool":""},{"index":197,"shop":"北辰公有零售市場-1A37","zone":"金馬離島","city":"澎湖縣","area":"馬公市","market_address":"馬公市北辰街20號","user":"高福成","行業代號":null,"market_name":"北辰公有零售市場","行業代號1":null,"名稱1":null,"行業代號2":null,"名稱2":null,"行業代號3":null,"名稱3":null,"category":"夜市/市場攤販","id":10060186,"pay_list":"","pay_tool":""},{"index":198,"shop":"北辰公有零售市場-1A38","zone":"金馬離島","city":"澎湖縣","area":"馬公市","market_address":"馬公市北辰街20號","user":"辛柳桂","行業代號":null,"market_name":"北辰公有零售市場","行業代號1":null,"名稱1":null,"行業代號2":null,"名稱2":null,"行業代號3":null,"名稱3":null,"category":"夜市/市場攤販","id":10060187,"pay_list":"","pay_tool":""},{"index":199,"shop":"北辰公有零售市場-1A39","zone":"金馬離島","city":"澎湖縣","area":"馬公市","market_address":"馬公市北辰街20號","user":"曾吉賢","行業代號":null,"market_name":"北辰公有零售市場","行業代號1":null,"名稱1":null,"行業代號2":null,"名稱2":null,"行業代號3":null,"名稱3":null,"category":"夜市/市場攤販","id":10060188,"pay_list":"","pay_tool":""},{"index":200,"shop":"北辰公有零售市場-1A40","zone":"金馬離島","city":"澎湖縣","area":"馬公市","market_address":"馬公市北辰街20號","user":"張許阿英","行業代號":null,"market_name":"北辰公有零售市場","行業代號1":null,"名稱1":null,"行業代號2":null,"名稱2":null,"行業代號3":null,"名稱3":null,"category":"夜市/市場攤販","id":10060189,"pay_list":"","pay_tool":""}]