[{"index":1,"id":10050835,"user":"陳民正","shop":"山上公有零售市場-鋪013","category":"夜市/市場攤販","zone":"雲嘉南","city":"臺南市","area":"山上區","market_name":"山上公有零售市場","market_address":"台南市山上區南洲里南州1號","pay_list":"","pay_tool":""},{"index":2,"id":10050836,"user":"田秋月","shop":"山上公有零售市場-鋪014","category":"夜市/市場攤販","zone":"雲嘉南","city":"臺南市","area":"山上區","market_name":"山上公有零售市場","market_address":"台南市山上區南洲里南州1號","pay_list":"","pay_tool":""},{"index":3,"id":10050837,"user":"汪獻文","shop":"山上公有零售市場-鋪015","category":"夜市/市場攤販","zone":"雲嘉南","city":"臺南市","area":"山上區","market_name":"山上公有零售市場","market_address":"台南市山上區南洲里南州1號","pay_list":"","pay_tool":""},{"index":4,"id":10050838,"user":"江明勳","shop":"山上公有零售市場-鋪016","category":"夜市/市場攤販","zone":"雲嘉南","city":"臺南市","area":"山上區","market_name":"山上公有零售市場","market_address":"台南市山上區南洲里南州1號","pay_list":"","pay_tool":""},{"index":5,"id":10050839,"user":"洪田秀金","shop":"山上公有零售市場-鋪017","category":"夜市/市場攤販","zone":"雲嘉南","city":"臺南市","area":"山上區","market_name":"山上公有零售市場","market_address":"台南市山上區南洲里南州1號","pay_list":"","pay_tool":""},{"index":6,"id":10050840,"user":"王吳淑芬","shop":"山上公有零售市場-鋪018","category":"夜市/市場攤販","zone":"雲嘉南","city":"臺南市","area":"山上區","market_name":"山上公有零售市場","market_address":"台南市山上區南洲里南州1號","pay_list":"","pay_tool":""},{"index":7,"id":10050841,"user":"王雅鈴","shop":"山上公有零售市場-019","category":"夜市/市場攤販","zone":"雲嘉南","city":"臺南市","area":"山上區","market_name":"山上公有零售市場","market_address":"台南市山上區南洲里南州1號","pay_list":"","pay_tool":""},{"index":8,"id":10050842,"user":"王雅鈴","shop":"山上公有零售市場-020","category":"夜市/市場攤販","zone":"雲嘉南","city":"臺南市","area":"山上區","market_name":"山上公有零售市場","market_address":"台南市山上區南洲里南州1號","pay_list":"","pay_tool":""},{"index":9,"id":10050843,"user":"李文智","shop":"山上公有零售市場-021翔發商號","category":"夜市/市場攤販","zone":"雲嘉南","city":"臺南市","area":"山上區","market_name":"山上公有零售市場","market_address":"台南市山上區南洲里南州1號","pay_list":"","pay_tool":""},{"index":10,"id":10050844,"user":"陳秀金","shop":"山上公有零售市場-022","category":"夜市/市場攤販","zone":"雲嘉南","city":"臺南市","area":"山上區","market_name":"山上公有零售市場","market_address":"台南市山上區南洲里南州1號","pay_list":"","pay_tool":""},{"index":11,"id":10050845,"user":"李怡慧","shop":"山上公有零售市場-023","category":"夜市/市場攤販","zone":"雲嘉南","city":"臺南市","area":"山上區","market_name":"山上公有零售市場","market_address":"台南市山上區南洲里南州1號","pay_list":"","pay_tool":""},{"index":12,"id":10050846,"user":"曾耀南","shop":"山上公有零售市場-024","category":"夜市/市場攤販","zone":"雲嘉南","city":"臺南市","area":"山上區","market_name":"山上公有零售市場","market_address":"台南市山上區南洲里南州1號","pay_list":"","pay_tool":""},{"index":13,"id":10050847,"user":"李佳芳","shop":"山上公有零售市場-025","category":"夜市/市場攤販","zone":"雲嘉南","city":"臺南市","area":"山上區","market_name":"山上公有零售市場","market_address":"台南市山上區南洲里南州1號","pay_list":"","pay_tool":""},{"index":14,"id":10050848,"user":"李國正","shop":"山上公有零售市場-026國正食堂","category":"夜市/市場攤販","zone":"雲嘉南","city":"臺南市","area":"山上區","market_name":"山上公有零售市場","market_address":"台南市山上區南洲里南州1號","pay_list":"","pay_tool":""},{"index":15,"id":10050849,"user":"田清井","shop":"山上公有零售市場-027","category":"夜市/市場攤販","zone":"雲嘉南","city":"臺南市","area":"山上區","market_name":"山上公有零售市場","market_address":"台南市山上區南洲里南州1號","pay_list":"","pay_tool":""},{"index":16,"id":10050850,"user":"李榮源","shop":"山上公有零售市場-028","category":"夜市/市場攤販","zone":"雲嘉南","city":"臺南市","area":"山上區","market_name":"山上公有零售市場","market_address":"台南市山上區南洲里南州1號","pay_list":"","pay_tool":""},{"index":17,"id":10050851,"user":"李文智","shop":"山上公有零售市場-029","category":"夜市/市場攤販","zone":"雲嘉南","city":"臺南市","area":"山上區","market_name":"山上公有零售市場","market_address":"台南市山上區南洲里南州1號","pay_list":"","pay_tool":""},{"index":18,"id":10050852,"user":"王雅鈴","shop":"山上公有零售市場-030","category":"夜市/市場攤販","zone":"雲嘉南","city":"臺南市","area":"山上區","market_name":"山上公有零售市場","market_address":"台南市山上區南洲里南州1號","pay_list":"","pay_tool":""},{"index":19,"id":10050853,"user":"黃?蘭","shop":"山上公有零售市場-031","category":"夜市/市場攤販","zone":"雲嘉南","city":"臺南市","area":"山上區","market_name":"山上公有零售市場","market_address":"台南市山上區南洲里南州1號","pay_list":"","pay_tool":""},{"index":20,"id":10050854,"user":"高進明","shop":"山上公有零售市場-032","category":"夜市/市場攤販","zone":"雲嘉南","city":"臺南市","area":"山上區","market_name":"山上公有零售市場","market_address":"台南市山上區南洲里南州1號","pay_list":"","pay_tool":""},{"index":21,"id":10050855,"user":"周東山","shop":"山上公有零售市場-033","category":"夜市/市場攤販","zone":"雲嘉南","city":"臺南市","area":"山上區","market_name":"山上公有零售市場","market_address":"台南市山上區南洲里南州1號","pay_list":"","pay_tool":""},{"index":22,"id":10050856,"user":"周吳麗華","shop":"山上公有零售市場-034","category":"夜市/市場攤販","zone":"雲嘉南","city":"臺南市","area":"山上區","market_name":"山上公有零售市場","market_address":"台南市山上區南洲里南州1號","pay_list":"","pay_tool":""},{"index":23,"id":10050857,"user":"林靚縈","shop":"山上公有零售市場-035","category":"夜市/市場攤販","zone":"雲嘉南","city":"臺南市","area":"山上區","market_name":"山上公有零售市場","market_address":"台南市山上區南洲里南州1號","pay_list":"","pay_tool":""},{"index":24,"id":10050858,"user":"周晉揚","shop":"山上公有零售市場-036晉揚商行","category":"夜市/市場攤販","zone":"雲嘉南","city":"臺南市","area":"山上區","market_name":"山上公有零售市場","market_address":"台南市山上區南洲里南州1號","pay_list":"","pay_tool":""},{"index":25,"id":10050859,"user":"周晉揚","shop":"山上公有零售市場-037","category":"夜市/市場攤販","zone":"雲嘉南","city":"臺南市","area":"山上區","market_name":"山上公有零售市場","market_address":"台南市山上區南洲里南州1號","pay_list":"","pay_tool":""},{"index":26,"id":10050860,"user":"林靚縈","shop":"山上公有零售市場-038","category":"夜市/市場攤販","zone":"雲嘉南","city":"臺南市","area":"山上區","market_name":"山上公有零售市場","market_address":"台南市山上區南洲里南州1號","pay_list":"","pay_tool":""},{"index":27,"id":10050861,"user":"周吳麗華","shop":"山上公有零售市場-039","category":"夜市/市場攤販","zone":"雲嘉南","city":"臺南市","area":"山上區","market_name":"山上公有零售市場","market_address":"台南市山上區南洲里南州1號","pay_list":"","pay_tool":""},{"index":28,"id":10050862,"user":"周田秀菊","shop":"山上公有零售市場-040","category":"夜市/市場攤販","zone":"雲嘉南","city":"臺南市","area":"山上區","market_name":"山上公有零售市場","market_address":"台南市山上區南洲里南州1號","pay_list":"","pay_tool":""},{"index":29,"id":10050863,"user":"高世榮","shop":"山上公有零售市場-041","category":"夜市/市場攤販","zone":"雲嘉南","city":"臺南市","area":"山上區","market_name":"山上公有零售市場","market_address":"台南市山上區南洲里南州1號","pay_list":"","pay_tool":""},{"index":30,"id":10050864,"user":"周滎家","shop":"山上公有零售市場-042","category":"夜市/市場攤販","zone":"雲嘉南","city":"臺南市","area":"山上區","market_name":"山上公有零售市場","market_address":"台南市山上區南洲里南州1號","pay_list":"","pay_tool":""},{"index":31,"id":10050865,"user":"賴銘震","shop":"山上公有零售市場-043","category":"夜市/市場攤販","zone":"雲嘉南","city":"臺南市","area":"山上區","market_name":"山上公有零售市場","market_address":"台南市山上區南洲里南州1號","pay_list":"","pay_tool":""},{"index":32,"id":10050866,"user":"李櫻雪","shop":"山上公有零售市場-044","category":"夜市/市場攤販","zone":"雲嘉南","city":"臺南市","area":"山上區","market_name":"山上公有零售市場","market_address":"台南市山上區南洲里南州1號","pay_list":"","pay_tool":""},{"index":33,"id":10050867,"user":"黃文品","shop":"山上公有零售市場-045","category":"夜市/市場攤販","zone":"雲嘉南","city":"臺南市","area":"山上區","market_name":"山上公有零售市場","market_address":"台南市山上區南洲里南州1號","pay_list":"","pay_tool":""},{"index":34,"id":10050868,"user":"蘇梅玉","shop":"山上公有零售市場-046","category":"夜市/市場攤販","zone":"雲嘉南","city":"臺南市","area":"山上區","market_name":"山上公有零售市場","market_address":"台南市山上區南洲里南州1號","pay_list":"","pay_tool":""},{"index":35,"id":10050869,"user":"林靚縈","shop":"山上公有零售市場-047","category":"夜市/市場攤販","zone":"雲嘉南","city":"臺南市","area":"山上區","market_name":"山上公有零售市場","market_address":"台南市山上區南洲里南州1號","pay_list":"","pay_tool":""},{"index":36,"id":10050870,"user":"林陳糖","shop":"山上公有零售市場-048","category":"夜市/市場攤販","zone":"雲嘉南","city":"臺南市","area":"山上區","market_name":"山上公有零售市場","market_address":"台南市山上區南洲里南州1號","pay_list":"","pay_tool":""},{"index":37,"id":10050871,"user":"黃義和","shop":"山上公有零售市場-049","category":"夜市/市場攤販","zone":"雲嘉南","city":"臺南市","area":"山上區","market_name":"山上公有零售市場","market_address":"台南市山上區南洲里南州1號","pay_list":"","pay_tool":""},{"index":38,"id":10050872,"user":"周家合","shop":"山上公有零售市場-050","category":"夜市/市場攤販","zone":"雲嘉南","city":"臺南市","area":"山上區","market_name":"山上公有零售市場","market_address":"台南市山上區南洲里南州1號","pay_list":"","pay_tool":""},{"index":39,"id":10050873,"user":"李櫻香","shop":"山上公有零售市場-051","category":"夜市/市場攤販","zone":"雲嘉南","city":"臺南市","area":"山上區","market_name":"山上公有零售市場","market_address":"台南市山上區南洲里南州1號","pay_list":"","pay_tool":""},{"index":40,"id":10050874,"user":"林榮章","shop":"山上公有零售市場-052","category":"夜市/市場攤販","zone":"雲嘉南","city":"臺南市","area":"山上區","market_name":"山上公有零售市場","market_address":"台南市山上區南洲里南州1號","pay_list":"","pay_tool":""},{"index":41,"id":10050875,"user":"蘇建旭","shop":"山上公有零售市場-053","category":"夜市/市場攤販","zone":"雲嘉南","city":"臺南市","area":"山上區","market_name":"山上公有零售市場","market_address":"台南市山上區南洲里南州1號","pay_list":"","pay_tool":""},{"index":42,"id":10050877,"user":"林錦良","shop":"山上公有零售市場-054","category":"夜市/市場攤販","zone":"雲嘉南","city":"臺南市","area":"山上區","market_name":"山上公有零售市場","market_address":"台南市山上區南洲里南州1號","pay_list":"","pay_tool":""},{"index":43,"id":10050878,"user":"林淑娟","shop":"山上公有零售市場-055","category":"夜市/市場攤販","zone":"雲嘉南","city":"臺南市","area":"山上區","market_name":"山上公有零售市場","market_address":"台南市山上區南洲里南州1號","pay_list":"","pay_tool":""},{"index":44,"id":10050879,"user":"郭彩娥","shop":"山上公有零售市場-057","category":"夜市/市場攤販","zone":"雲嘉南","city":"臺南市","area":"山上區","market_name":"山上公有零售市場","market_address":"台南市山上區南洲里南州1號","pay_list":"","pay_tool":""},{"index":45,"id":10050880,"user":"王佑通","shop":"山上公有零售市場-058","category":"夜市/市場攤販","zone":"雲嘉南","city":"臺南市","area":"山上區","market_name":"山上公有零售市場","market_address":"台南市山上區南洲里南州1號","pay_list":"","pay_tool":""},{"index":46,"id":10050881,"user":"陳寶蜜","shop":"山上公有零售市場-060","category":"夜市/市場攤販","zone":"雲嘉南","city":"臺南市","area":"山上區","market_name":"山上公有零售市場","market_address":"台南市山上區南洲里南州1號","pay_list":"","pay_tool":""},{"index":47,"id":20016546,"user":"周黃淑貞","shop":"周黃淑貞","category":["夜市/市場攤販"],"zone":"雲嘉南","city":"臺南市","area":"山上區","market_name":["餐食攤販"],"market_address":"臺南市山上區南洲里南洲３０７―２號","pay_list":["LINE PAY MONEY"],"pay_tool":["行動支付"]},{"index":48,"id":20022269,"user":"高淑蓉","shop":"高淑蓉","category":["夜市/市場攤販"],"zone":"雲嘉南","city":"臺南市","area":"山上區","market_name":["調理飲料攤販"],"market_address":"臺南市山上區山上里２４８號","pay_list":"","pay_tool":""},{"index":49,"id":20022300,"user":"王美珍","shop":"麥味登早餐店","category":["夜市/市場攤販"],"zone":"雲嘉南","city":"臺南市","area":"山上區","market_name":["餐食攤販"],"market_address":"臺南市山上區南洲里７２－１號","pay_list":"","pay_tool":""},{"index":50,"id":20022334,"user":"林燕玉","shop":"林燕玉","category":["夜市/市場攤販"],"zone":"雲嘉南","city":"臺南市","area":"山上區","market_name":["餐食攤販"],"market_address":"臺南市山上區南洲里６４號","pay_list":"","pay_tool":""},{"index":51,"id":20022371,"user":"李玉涵","shop":"李玉涵","category":["夜市/市場攤販"],"zone":"雲嘉南","city":"臺南市","area":"山上區","market_name":["餐食攤販"],"market_address":"臺南市山上區南洲里南洲３３６－６號","pay_list":"","pay_tool":""},{"index":52,"id":20052374,"user":"羅妮達","shop":"３６９商店","category":["夜市/市場攤販"],"zone":"雲嘉南","city":"臺南市","area":"山上區","market_name":["餐食攤販"],"market_address":"臺南市山上區山上里００９鄰山上１５８－５號１樓","pay_list":"","pay_tool":""}]