[{"index":1,"shop":"古坑公有零售市場-吳俊佑","zone":"雲嘉南","city":"雲林縣","area":"古坑鄉","market_address":"雲林縣古坑鄉西平村中山路135號","user":"吳俊佑","行業代號":null,"market_name":"古坑公有零售市場","行業代號1":null,"名稱1":null,"行業代號2":null,"名稱2":null,"行業代號3":null,"名稱3":null,"category":"夜市/市場攤販","id":10004071,"pay_list":"","pay_tool":""},{"index":2,"shop":"古坑公有零售市場-曾明光","zone":"雲嘉南","city":"雲林縣","area":"古坑鄉","market_address":"雲林縣古坑鄉西平村中山路135號","user":"曾明光","行業代號":null,"market_name":"古坑公有零售市場","行業代號1":null,"名稱1":null,"行業代號2":null,"名稱2":null,"行業代號3":null,"名稱3":null,"category":"夜市/市場攤販","id":10004072,"pay_list":"","pay_tool":""},{"index":3,"shop":"古坑公有零售市場-吳淑慧","zone":"雲嘉南","city":"雲林縣","area":"古坑鄉","market_address":"雲林縣古坑鄉西平村中山路135號","user":"吳淑慧","行業代號":null,"market_name":"古坑公有零售市場","行業代號1":null,"名稱1":null,"行業代號2":null,"名稱2":null,"行業代號3":null,"名稱3":null,"category":"夜市/市場攤販","id":10004073,"pay_list":"","pay_tool":""},{"index":4,"shop":"古坑公有零售市場-古文堂","zone":"雲嘉南","city":"雲林縣","area":"古坑鄉","market_address":"雲林縣古坑鄉西平村中山路135號","user":"葉林夏月","行業代號":null,"market_name":"古坑公有零售市場","行業代號1":null,"名稱1":null,"行業代號2":null,"名稱2":null,"行業代號3":null,"名稱3":null,"category":"夜市/市場攤販","id":10004074,"pay_list":"","pay_tool":""},{"index":5,"shop":"古坑公有零售市場-徐翠緞","zone":"雲嘉南","city":"雲林縣","area":"古坑鄉","market_address":"雲林縣古坑鄉西平村中山路135號","user":"徐翠緞","行業代號":null,"market_name":"古坑公有零售市場","行業代號1":null,"名稱1":null,"行業代號2":null,"名稱2":null,"行業代號3":null,"名稱3":null,"category":"夜市/市場攤販","id":10004075,"pay_list":"","pay_tool":""},{"index":6,"shop":"古坑公有零售市場-光昌裝璜行","zone":"雲嘉南","city":"雲林縣","area":"古坑鄉","market_address":"雲林縣古坑鄉西平村中山路135號","user":"林韋仲","行業代號":null,"market_name":"古坑公有零售市場","行業代號1":null,"名稱1":null,"行業代號2":null,"名稱2":null,"行業代號3":null,"名稱3":null,"category":"夜市/市場攤販","id":10004076,"pay_list":"","pay_tool":""},{"index":7,"shop":"古坑公有零售市場-林明谷","zone":"雲嘉南","city":"雲林縣","area":"古坑鄉","market_address":"雲林縣古坑鄉西平村中山路135號","user":"林明谷","行業代號":null,"market_name":"古坑公有零售市場","行業代號1":null,"名稱1":null,"行業代號2":null,"名稱2":null,"行業代號3":null,"名稱3":null,"category":"夜市/市場攤販","id":10004077,"pay_list":"","pay_tool":""},{"index":8,"shop":"古坑公有零售市場-光昌裝璜行","zone":"雲嘉南","city":"雲林縣","area":"古坑鄉","market_address":"雲林縣古坑鄉西平村中山路135號","user":"林路養","行業代號":null,"market_name":"古坑公有零售市場","行業代號1":null,"名稱1":null,"行業代號2":null,"名稱2":null,"行業代號3":null,"名稱3":null,"category":"夜市/市場攤販","id":10004078,"pay_list":"","pay_tool":""},{"index":9,"shop":"古坑公有零售市場-劉建昌","zone":"雲嘉南","city":"雲林縣","area":"古坑鄉","market_address":"雲林縣古坑鄉西平村中山路135號","user":"劉建昌","行業代號":null,"market_name":"古坑公有零售市場","行業代號1":null,"名稱1":null,"行業代號2":null,"名稱2":null,"行業代號3":null,"名稱3":null,"category":"夜市/市場攤販","id":10004079,"pay_list":"","pay_tool":""},{"index":10,"shop":"古坑公有零售市場-林王秀和","zone":"雲嘉南","city":"雲林縣","area":"古坑鄉","market_address":"雲林縣古坑鄉西平村中山路135號","user":"林王秀和","行業代號":null,"market_name":"古坑公有零售市場","行業代號1":null,"名稱1":null,"行業代號2":null,"名稱2":null,"行業代號3":null,"名稱3":null,"category":"夜市/市場攤販","id":10004080,"pay_list":"","pay_tool":""},{"index":11,"shop":"古坑公有零售市場-曾明山","zone":"雲嘉南","city":"雲林縣","area":"古坑鄉","market_address":"雲林縣古坑鄉西平村中山路135號","user":"曾明山","行業代號":null,"market_name":"古坑公有零售市場","行業代號1":null,"名稱1":null,"行業代號2":null,"名稱2":null,"行業代號3":null,"名稱3":null,"category":"夜市/市場攤販","id":10004082,"pay_list":"","pay_tool":""},{"index":12,"shop":"古坑公有零售市場-黃武勇","zone":"雲嘉南","city":"雲林縣","area":"古坑鄉","market_address":"雲林縣古坑鄉西平村中山路135號","user":"黃武勇","行業代號":null,"market_name":"古坑公有零售市場","行業代號1":null,"名稱1":null,"行業代號2":null,"名稱2":null,"行業代號3":null,"名稱3":null,"category":"夜市/市場攤販","id":10004083,"pay_list":"","pay_tool":""},{"index":13,"shop":"古坑公有零售市場-郭坤林","zone":"雲嘉南","city":"雲林縣","area":"古坑鄉","market_address":"雲林縣古坑鄉西平村中山路135號","user":"郭坤林","行業代號":null,"market_name":"古坑公有零售市場","行業代號1":null,"名稱1":null,"行業代號2":null,"名稱2":null,"行業代號3":null,"名稱3":null,"category":"夜市/市場攤販","id":10004084,"pay_list":"","pay_tool":""},{"index":14,"shop":"古坑公有零售市場-林路清","zone":"雲嘉南","city":"雲林縣","area":"古坑鄉","market_address":"雲林縣古坑鄉西平村中山路135號","user":"林路清","行業代號":null,"market_name":"古坑公有零售市場","行業代號1":null,"名稱1":null,"行業代號2":null,"名稱2":null,"行業代號3":null,"名稱3":null,"category":"夜市/市場攤販","id":10004085,"pay_list":"","pay_tool":""},{"index":15,"shop":"古坑公有零售市場-許釉善","zone":"雲嘉南","city":"雲林縣","area":"古坑鄉","market_address":"雲林縣古坑鄉西平村中山路135號","user":"許釉善","行業代號":null,"market_name":"古坑公有零售市場","行業代號1":null,"名稱1":null,"行業代號2":null,"名稱2":null,"行業代號3":null,"名稱3":null,"category":"夜市/市場攤販","id":10004086,"pay_list":"","pay_tool":""},{"index":16,"shop":"古坑公有零售市場-徐榮斌","zone":"雲嘉南","city":"雲林縣","area":"古坑鄉","market_address":"雲林縣古坑鄉西平村中山路135號","user":"徐榮斌","行業代號":null,"market_name":"古坑公有零售市場","行業代號1":null,"名稱1":null,"行業代號2":null,"名稱2":null,"行業代號3":null,"名稱3":null,"category":"夜市/市場攤販","id":10004087,"pay_list":"","pay_tool":""},{"index":17,"shop":"古坑公有零售市場-宋惠珊","zone":"雲嘉南","city":"雲林縣","area":"古坑鄉","market_address":"雲林縣古坑鄉西平村中山路135號","user":"宋惠珊","行業代號":null,"market_name":"古坑公有零售市場","行業代號1":null,"名稱1":null,"行業代號2":null,"名稱2":null,"行業代號3":null,"名稱3":null,"category":"夜市/市場攤販","id":10004088,"pay_list":"","pay_tool":""},{"index":18,"shop":"古坑公有零售市場-王禎洋","zone":"雲嘉南","city":"雲林縣","area":"古坑鄉","market_address":"雲林縣古坑鄉西平村中山路135號","user":"王禎洋","行業代號":null,"market_name":"古坑公有零售市場","行業代號1":null,"名稱1":null,"行業代號2":null,"名稱2":null,"行業代號3":null,"名稱3":null,"category":"夜市/市場攤販","id":10004089,"pay_list":"","pay_tool":""},{"index":19,"shop":"古坑公有零售市場-王宏仁","zone":"雲嘉南","city":"雲林縣","area":"古坑鄉","market_address":"雲林縣古坑鄉西平村中山路135號","user":"王宏仁","行業代號":null,"market_name":"古坑公有零售市場","行業代號1":null,"名稱1":null,"行業代號2":null,"名稱2":null,"行業代號3":null,"名稱3":null,"category":"夜市/市場攤販","id":10004090,"pay_list":"","pay_tool":""},{"index":20,"shop":"古坑公有零售市場-張春禧","zone":"雲嘉南","city":"雲林縣","area":"古坑鄉","market_address":"雲林縣古坑鄉西平村中山路135號","user":"張春禧","行業代號":null,"market_name":"古坑公有零售市場","行業代號1":null,"名稱1":null,"行業代號2":null,"名稱2":null,"行業代號3":null,"名稱3":null,"category":"夜市/市場攤販","id":10004091,"pay_list":"","pay_tool":""},{"index":21,"shop":"古坑公有零售市場-蕭麗紅","zone":"雲嘉南","city":"雲林縣","area":"古坑鄉","market_address":"雲林縣古坑鄉西平村中山路135號","user":"蕭麗紅","行業代號":null,"market_name":"古坑公有零售市場","行業代號1":null,"名稱1":null,"行業代號2":null,"名稱2":null,"行業代號3":null,"名稱3":null,"category":"夜市/市場攤販","id":10004093,"pay_list":"","pay_tool":""},{"index":22,"shop":"古坑公有零售市場-賴雅眉","zone":"雲嘉南","city":"雲林縣","area":"古坑鄉","market_address":"雲林縣古坑鄉西平村中山路135號","user":"賴雅眉","行業代號":null,"market_name":"古坑公有零售市場","行業代號1":null,"名稱1":null,"行業代號2":null,"名稱2":null,"行業代號3":null,"名稱3":null,"category":"夜市/市場攤販","id":10004094,"pay_list":"","pay_tool":""},{"index":23,"shop":"古坑公有零售市場-朱三郎","zone":"雲嘉南","city":"雲林縣","area":"古坑鄉","market_address":"雲林縣古坑鄉西平村中山路135號","user":"朱三郎","行業代號":null,"market_name":"古坑公有零售市場","行業代號1":null,"名稱1":null,"行業代號2":null,"名稱2":null,"行業代號3":null,"名稱3":null,"category":"夜市/市場攤販","id":10004095,"pay_list":"","pay_tool":""},{"index":24,"shop":"古坑夜市-李益忠","zone":"雲嘉南","city":"雲林縣","area":"古坑鄉","market_address":"西平村西平路64號","user":"李益忠","行業代號":null,"market_name":"古坑夜市","行業代號1":null,"名稱1":null,"行業代號2":null,"名稱2":null,"行業代號3":null,"名稱3":null,"category":"夜市/市場攤販","id":10004096,"pay_list":"","pay_tool":""},{"index":25,"shop":"古坑夜市-王錥侖","zone":"雲嘉南","city":"雲林縣","area":"古坑鄉","market_address":"西平村西平路64號","user":"王錥侖","行業代號":null,"market_name":"古坑夜市","行業代號1":null,"名稱1":null,"行業代號2":null,"名稱2":null,"行業代號3":null,"名稱3":null,"category":"夜市/市場攤販","id":10004097,"pay_list":"","pay_tool":""},{"index":26,"shop":"古坑夜市-張漢朝","zone":"雲嘉南","city":"雲林縣","area":"古坑鄉","market_address":"西平村西平路64號","user":"張漢朝","行業代號":null,"market_name":"古坑夜市","行業代號1":null,"名稱1":null,"行業代號2":null,"名稱2":null,"行業代號3":null,"名稱3":null,"category":"夜市/市場攤販","id":10004098,"pay_list":"","pay_tool":""},{"index":27,"shop":"古坑夜市-張碧蓮","zone":"雲嘉南","city":"雲林縣","area":"古坑鄉","market_address":"西平村西平路64號","user":"張碧蓮","行業代號":null,"market_name":"古坑夜市","行業代號1":null,"名稱1":null,"行業代號2":null,"名稱2":null,"行業代號3":null,"名稱3":null,"category":"夜市/市場攤販","id":10004099,"pay_list":"","pay_tool":""},{"index":28,"shop":"古坑夜市-沈文欽","zone":"雲嘉南","city":"雲林縣","area":"古坑鄉","market_address":"西平村西平路64號","user":"沈文欽","行業代號":null,"market_name":"古坑夜市","行業代號1":null,"名稱1":null,"行業代號2":null,"名稱2":null,"行業代號3":null,"名稱3":null,"category":"夜市/市場攤販","id":10004100,"pay_list":"","pay_tool":""},{"index":29,"shop":"古坑夜市-宋新德","zone":"雲嘉南","city":"雲林縣","area":"古坑鄉","market_address":"西平村西平路64號","user":"宋新德","行業代號":null,"market_name":"古坑夜市","行業代號1":null,"名稱1":null,"行業代號2":null,"名稱2":null,"行業代號3":null,"名稱3":null,"category":"夜市/市場攤販","id":10004101,"pay_list":"","pay_tool":""},{"index":30,"shop":"古坑夜市-蔡俊明","zone":"雲嘉南","city":"雲林縣","area":"古坑鄉","market_address":"西平村西平路64號","user":"蔡俊明","行業代號":null,"market_name":"古坑夜市","行業代號1":null,"名稱1":null,"行業代號2":null,"名稱2":null,"行業代號3":null,"名稱3":null,"category":"夜市/市場攤販","id":10004102,"pay_list":"","pay_tool":""},{"index":31,"shop":"古坑夜市-謝建良","zone":"雲嘉南","city":"雲林縣","area":"古坑鄉","market_address":"西平村西平路64號","user":"謝建良","行業代號":null,"market_name":"古坑夜市","行業代號1":null,"名稱1":null,"行業代號2":null,"名稱2":null,"行業代號3":null,"名稱3":null,"category":"夜市/市場攤販","id":10004104,"pay_list":"","pay_tool":""},{"index":32,"shop":"古坑夜市-謝明曲","zone":"雲嘉南","city":"雲林縣","area":"古坑鄉","market_address":"西平村西平路64號","user":"謝明曲","行業代號":null,"market_name":"古坑夜市","行業代號1":null,"名稱1":null,"行業代號2":null,"名稱2":null,"行業代號3":null,"名稱3":null,"category":"夜市/市場攤販","id":10004105,"pay_list":"","pay_tool":""},{"index":33,"shop":"古坑夜市-邱協興","zone":"雲嘉南","city":"雲林縣","area":"古坑鄉","market_address":"西平村西平路64號","user":"邱協興","行業代號":null,"market_name":"古坑夜市","行業代號1":null,"名稱1":null,"行業代號2":null,"名稱2":null,"行業代號3":null,"名稱3":null,"category":"夜市/市場攤販","id":10004106,"pay_list":"","pay_tool":""},{"index":34,"shop":"古坑夜市-黃慶興","zone":"雲嘉南","city":"雲林縣","area":"古坑鄉","market_address":"西平村西平路64號","user":"黃慶興","行業代號":null,"market_name":"古坑夜市","行業代號1":null,"名稱1":null,"行業代號2":null,"名稱2":null,"行業代號3":null,"名稱3":null,"category":"夜市/市場攤販","id":10004107,"pay_list":"","pay_tool":""},{"index":35,"shop":"古坑夜市-廖義格","zone":"雲嘉南","city":"雲林縣","area":"古坑鄉","market_address":"西平村西平路64號","user":"廖義格","行業代號":null,"market_name":"古坑夜市","行業代號1":null,"名稱1":null,"行業代號2":null,"名稱2":null,"行業代號3":null,"名稱3":null,"category":"夜市/市場攤販","id":10004108,"pay_list":"","pay_tool":""},{"index":36,"shop":"古坑夜市-曾柏維","zone":"雲嘉南","city":"雲林縣","area":"古坑鄉","market_address":"西平村西平路64號","user":"曾柏維","行業代號":null,"market_name":"古坑夜市","行業代號1":null,"名稱1":null,"行業代號2":null,"名稱2":null,"行業代號3":null,"名稱3":null,"category":"夜市/市場攤販","id":10004109,"pay_list":"","pay_tool":""},{"index":37,"shop":"古坑夜市-張大舜","zone":"雲嘉南","city":"雲林縣","area":"古坑鄉","market_address":"西平村西平路64號","user":"張大舜","行業代號":null,"market_name":"古坑夜市","行業代號1":null,"名稱1":null,"行業代號2":null,"名稱2":null,"行業代號3":null,"名稱3":null,"category":"夜市/市場攤販","id":10004110,"pay_list":"","pay_tool":""},{"index":38,"shop":"古坑夜市-劉仲雄","zone":"雲嘉南","city":"雲林縣","area":"古坑鄉","market_address":"西平村西平路64號","user":"劉仲雄","行業代號":null,"market_name":"古坑夜市","行業代號1":null,"名稱1":null,"行業代號2":null,"名稱2":null,"行業代號3":null,"名稱3":null,"category":"夜市/市場攤販","id":10004111,"pay_list":"","pay_tool":""},{"index":39,"shop":"古坑夜市-陳金進","zone":"雲嘉南","city":"雲林縣","area":"古坑鄉","market_address":"西平村西平路64號","user":"陳金進","行業代號":null,"market_name":"古坑夜市","行業代號1":null,"名稱1":null,"行業代號2":null,"名稱2":null,"行業代號3":null,"名稱3":null,"category":"夜市/市場攤販","id":10004112,"pay_list":"","pay_tool":""},{"index":40,"shop":"古坑夜市-盧秀美","zone":"雲嘉南","city":"雲林縣","area":"古坑鄉","market_address":"西平村西平路64號","user":"盧秀美","行業代號":null,"market_name":"古坑夜市","行業代號1":null,"名稱1":null,"行業代號2":null,"名稱2":null,"行業代號3":null,"名稱3":null,"category":"夜市/市場攤販","id":10004113,"pay_list":"","pay_tool":""},{"index":41,"shop":"古坑夜市-許石朋","zone":"雲嘉南","city":"雲林縣","area":"古坑鄉","market_address":"西平村西平路64號","user":"許石朋","行業代號":null,"market_name":"古坑夜市","行業代號1":null,"名稱1":null,"行業代號2":null,"名稱2":null,"行業代號3":null,"名稱3":null,"category":"夜市/市場攤販","id":10004115,"pay_list":"","pay_tool":""},{"index":42,"shop":"古坑夜市-吳育如","zone":"雲嘉南","city":"雲林縣","area":"古坑鄉","market_address":"西平村西平路64號","user":"吳育如","行業代號":null,"market_name":"古坑夜市","行業代號1":null,"名稱1":null,"行業代號2":null,"名稱2":null,"行業代號3":null,"名稱3":null,"category":"夜市/市場攤販","id":10004116,"pay_list":"","pay_tool":""},{"index":43,"shop":"古坑夜市-廖文成","zone":"雲嘉南","city":"雲林縣","area":"古坑鄉","market_address":"西平村西平路64號","user":"廖文成","行業代號":null,"market_name":"古坑夜市","行業代號1":null,"名稱1":null,"行業代號2":null,"名稱2":null,"行業代號3":null,"名稱3":null,"category":"夜市/市場攤販","id":10004117,"pay_list":"","pay_tool":""},{"index":44,"shop":"古坑夜市-賴苡琳","zone":"雲嘉南","city":"雲林縣","area":"古坑鄉","market_address":"西平村西平路64號","user":"賴苡琳","行業代號":null,"market_name":"古坑夜市","行業代號1":null,"名稱1":null,"行業代號2":null,"名稱2":null,"行業代號3":null,"名稱3":null,"category":"夜市/市場攤販","id":10004118,"pay_list":"","pay_tool":""},{"index":45,"shop":"古坑夜市-林子恩","zone":"雲嘉南","city":"雲林縣","area":"古坑鄉","market_address":"西平村西平路64號","user":"林子恩","行業代號":null,"market_name":"古坑夜市","行業代號1":null,"名稱1":null,"行業代號2":null,"名稱2":null,"行業代號3":null,"名稱3":null,"category":"夜市/市場攤販","id":10004119,"pay_list":"","pay_tool":""},{"index":46,"shop":"古坑夜市-林朝文","zone":"雲嘉南","city":"雲林縣","area":"古坑鄉","market_address":"西平村西平路64號","user":"林朝文","行業代號":null,"market_name":"古坑夜市","行業代號1":null,"名稱1":null,"行業代號2":null,"名稱2":null,"行業代號3":null,"名稱3":null,"category":"夜市/市場攤販","id":10004120,"pay_list":"","pay_tool":""},{"index":47,"shop":"古坑夜市-田素華","zone":"雲嘉南","city":"雲林縣","area":"古坑鄉","market_address":"西平村西平路64號","user":"田素華","行業代號":null,"market_name":"古坑夜市","行業代號1":null,"名稱1":null,"行業代號2":null,"名稱2":null,"行業代號3":null,"名稱3":null,"category":"夜市/市場攤販","id":10004121,"pay_list":"","pay_tool":""},{"index":48,"shop":"古坑夜市-賴信嵐","zone":"雲嘉南","city":"雲林縣","area":"古坑鄉","market_address":"西平村西平路64號","user":"賴信嵐","行業代號":null,"market_name":"古坑夜市","行業代號1":null,"名稱1":null,"行業代號2":null,"名稱2":null,"行業代號3":null,"名稱3":null,"category":"夜市/市場攤販","id":10004122,"pay_list":"","pay_tool":""},{"index":49,"shop":"古坑夜市-劉榮水","zone":"雲嘉南","city":"雲林縣","area":"古坑鄉","market_address":"西平村西平路64號","user":"劉榮水","行業代號":null,"market_name":"古坑夜市","行業代號1":null,"名稱1":null,"行業代號2":null,"名稱2":null,"行業代號3":null,"名稱3":null,"category":"夜市/市場攤販","id":10004123,"pay_list":"","pay_tool":""},{"index":50,"shop":"古坑夜市-楊麗霜","zone":"雲嘉南","city":"雲林縣","area":"古坑鄉","market_address":"西平村西平路64號","user":"楊麗霜","行業代號":null,"market_name":"古坑夜市","行業代號1":null,"名稱1":null,"行業代號2":null,"名稱2":null,"行業代號3":null,"名稱3":null,"category":"夜市/市場攤販","id":10004124,"pay_list":"","pay_tool":""},{"index":51,"shop":"古坑夜市-蕭月華","zone":"雲嘉南","city":"雲林縣","area":"古坑鄉","market_address":"西平村西平路64號","user":"蕭月華","行業代號":null,"market_name":"古坑夜市","行業代號1":null,"名稱1":null,"行業代號2":null,"名稱2":null,"行業代號3":null,"名稱3":null,"category":"夜市/市場攤販","id":10004126,"pay_list":"","pay_tool":""},{"index":52,"shop":"古坑夜市-沈聰哲","zone":"雲嘉南","city":"雲林縣","area":"古坑鄉","market_address":"西平村西平路64號","user":"沈聰哲","行業代號":null,"market_name":"古坑夜市","行業代號1":null,"名稱1":null,"行業代號2":null,"名稱2":null,"行業代號3":null,"名稱3":null,"category":"夜市/市場攤販","id":10004127,"pay_list":"","pay_tool":""},{"index":53,"shop":"古坑夜市-唐茂興","zone":"雲嘉南","city":"雲林縣","area":"古坑鄉","market_address":"西平村西平路64號","user":"唐茂興","行業代號":null,"market_name":"古坑夜市","行業代號1":null,"名稱1":null,"行業代號2":null,"名稱2":null,"行業代號3":null,"名稱3":null,"category":"夜市/市場攤販","id":10004128,"pay_list":"","pay_tool":""},{"index":54,"shop":"古坑夜市-陳榮臨","zone":"雲嘉南","city":"雲林縣","area":"古坑鄉","market_address":"西平村西平路64號","user":"陳榮臨","行業代號":null,"market_name":"古坑夜市","行業代號1":null,"名稱1":null,"行業代號2":null,"名稱2":null,"行業代號3":null,"名稱3":null,"category":"夜市/市場攤販","id":10004129,"pay_list":"","pay_tool":""},{"index":55,"shop":"古坑夜市-沈訓各","zone":"雲嘉南","city":"雲林縣","area":"古坑鄉","market_address":"西平村西平路64號","user":"沈訓各","行業代號":null,"market_name":"古坑夜市","行業代號1":null,"名稱1":null,"行業代號2":null,"名稱2":null,"行業代號3":null,"名稱3":null,"category":"夜市/市場攤販","id":10004130,"pay_list":"","pay_tool":""},{"index":56,"shop":"古坑夜市-顏景彬","zone":"雲嘉南","city":"雲林縣","area":"古坑鄉","market_address":"西平村西平路64號","user":"顏景彬","行業代號":null,"market_name":"古坑夜市","行業代號1":null,"名稱1":null,"行業代號2":null,"名稱2":null,"行業代號3":null,"名稱3":null,"category":"夜市/市場攤販","id":10004131,"pay_list":"","pay_tool":""},{"index":57,"shop":"古坑夜市-陳素珍","zone":"雲嘉南","city":"雲林縣","area":"古坑鄉","market_address":"西平村西平路64號","user":"陳素珍","行業代號":null,"market_name":"古坑夜市","行業代號1":null,"名稱1":null,"行業代號2":null,"名稱2":null,"行業代號3":null,"名稱3":null,"category":"夜市/市場攤販","id":10004132,"pay_list":"","pay_tool":""},{"index":58,"shop":"古坑夜市-唐維志","zone":"雲嘉南","city":"雲林縣","area":"古坑鄉","market_address":"西平村西平路64號","user":"唐維志","行業代號":null,"market_name":"古坑夜市","行業代號1":null,"名稱1":null,"行業代號2":null,"名稱2":null,"行業代號3":null,"名稱3":null,"category":"夜市/市場攤販","id":10004133,"pay_list":"","pay_tool":""},{"index":59,"shop":"古坑夜市-李紅鍛","zone":"雲嘉南","city":"雲林縣","area":"古坑鄉","market_address":"西平村西平路64號","user":"李紅鍛","行業代號":null,"market_name":"古坑夜市","行業代號1":null,"名稱1":null,"行業代號2":null,"名稱2":null,"行業代號3":null,"名稱3":null,"category":"夜市/市場攤販","id":10004134,"pay_list":"","pay_tool":""},{"index":60,"shop":"古坑夜市-劉文溪","zone":"雲嘉南","city":"雲林縣","area":"古坑鄉","market_address":"西平村西平路64號","user":"劉文溪","行業代號":null,"market_name":"古坑夜市","行業代號1":null,"名稱1":null,"行業代號2":null,"名稱2":null,"行業代號3":null,"名稱3":null,"category":"夜市/市場攤販","id":10004135,"pay_list":"","pay_tool":""},{"index":61,"shop":"古坑夜市-鄭育智","zone":"雲嘉南","city":"雲林縣","area":"古坑鄉","market_address":"西平村西平路64號","user":"鄭育智","行業代號":null,"market_name":"古坑夜市","行業代號1":null,"名稱1":null,"行業代號2":null,"名稱2":null,"行業代號3":null,"名稱3":null,"category":"夜市/市場攤販","id":10004137,"pay_list":"","pay_tool":""},{"index":62,"shop":"古坑夜市-周碧炭","zone":"雲嘉南","city":"雲林縣","area":"古坑鄉","market_address":"西平村西平路64號","user":"周碧炭","行業代號":null,"market_name":"古坑夜市","行業代號1":null,"名稱1":null,"行業代號2":null,"名稱2":null,"行業代號3":null,"名稱3":null,"category":"夜市/市場攤販","id":10004138,"pay_list":"","pay_tool":""},{"index":63,"shop":"古坑夜市-王萬來","zone":"雲嘉南","city":"雲林縣","area":"古坑鄉","market_address":"西平村西平路64號","user":"王萬來","行業代號":null,"market_name":"古坑夜市","行業代號1":null,"名稱1":null,"行業代號2":null,"名稱2":null,"行業代號3":null,"名稱3":null,"category":"夜市/市場攤販","id":10004139,"pay_list":"","pay_tool":""},{"index":64,"shop":"古坑夜市-謝建鴻","zone":"雲嘉南","city":"雲林縣","area":"古坑鄉","market_address":"西平村西平路64號","user":"謝建鴻","行業代號":null,"market_name":"古坑夜市","行業代號1":null,"名稱1":null,"行業代號2":null,"名稱2":null,"行業代號3":null,"名稱3":null,"category":"夜市/市場攤販","id":10004140,"pay_list":"","pay_tool":""},{"index":65,"shop":"古坑夜市-連瑞進","zone":"雲嘉南","city":"雲林縣","area":"古坑鄉","market_address":"西平村西平路64號","user":"連瑞進","行業代號":null,"market_name":"古坑夜市","行業代號1":null,"名稱1":null,"行業代號2":null,"名稱2":null,"行業代號3":null,"名稱3":null,"category":"夜市/市場攤販","id":10004141,"pay_list":"","pay_tool":""},{"index":66,"shop":"古坑夜市-詹忠榮","zone":"雲嘉南","city":"雲林縣","area":"古坑鄉","market_address":"西平村西平路64號","user":"詹忠榮","行業代號":null,"market_name":"古坑夜市","行業代號1":null,"名稱1":null,"行業代號2":null,"名稱2":null,"行業代號3":null,"名稱3":null,"category":"夜市/市場攤販","id":10004142,"pay_list":"","pay_tool":""},{"index":67,"shop":"古坑夜市-詹秉燊","zone":"雲嘉南","city":"雲林縣","area":"古坑鄉","market_address":"西平村西平路64號","user":"詹秉燊","行業代號":null,"market_name":"古坑夜市","行業代號1":null,"名稱1":null,"行業代號2":null,"名稱2":null,"行業代號3":null,"名稱3":null,"category":"夜市/市場攤販","id":10004143,"pay_list":"","pay_tool":""},{"index":68,"shop":"古坑夜市-黃煌木","zone":"雲嘉南","city":"雲林縣","area":"古坑鄉","market_address":"西平村西平路64號","user":"黃煌木","行業代號":null,"market_name":"古坑夜市","行業代號1":null,"名稱1":null,"行業代號2":null,"名稱2":null,"行業代號3":null,"名稱3":null,"category":"夜市/市場攤販","id":10004144,"pay_list":"","pay_tool":""},{"index":69,"shop":"古坑夜市-林高宗","zone":"雲嘉南","city":"雲林縣","area":"古坑鄉","market_address":"西平村西平路64號","user":"林高宗","行業代號":null,"market_name":"古坑夜市","行業代號1":null,"名稱1":null,"行業代號2":null,"名稱2":null,"行業代號3":null,"名稱3":null,"category":"夜市/市場攤販","id":10004145,"pay_list":"","pay_tool":""},{"index":70,"shop":"古坑夜市-莊貴美","zone":"雲嘉南","city":"雲林縣","area":"古坑鄉","market_address":"西平村西平路64號","user":"莊貴美","行業代號":null,"market_name":"古坑夜市","行業代號1":null,"名稱1":null,"行業代號2":null,"名稱2":null,"行業代號3":null,"名稱3":null,"category":"夜市/市場攤販","id":10004146,"pay_list":"","pay_tool":""},{"index":71,"shop":"古坑夜市-沈松析","zone":"雲嘉南","city":"雲林縣","area":"古坑鄉","market_address":"西平村西平路64號","user":"沈松析","行業代號":null,"market_name":"古坑夜市","行業代號1":null,"名稱1":null,"行業代號2":null,"名稱2":null,"行業代號3":null,"名稱3":null,"category":"夜市/市場攤販","id":10004148,"pay_list":"","pay_tool":""},{"index":72,"shop":"古坑夜市-沈金鈴","zone":"雲嘉南","city":"雲林縣","area":"古坑鄉","market_address":"西平村西平路64號","user":"沈金鈴","行業代號":null,"market_name":"古坑夜市","行業代號1":null,"名稱1":null,"行業代號2":null,"名稱2":null,"行業代號3":null,"名稱3":null,"category":"夜市/市場攤販","id":10004149,"pay_list":"","pay_tool":""},{"index":73,"shop":"古坑夜市-吳權堅","zone":"雲嘉南","city":"雲林縣","area":"古坑鄉","market_address":"西平村西平路64號","user":"吳權堅","行業代號":null,"market_name":"古坑夜市","行業代號1":null,"名稱1":null,"行業代號2":null,"名稱2":null,"行業代號3":null,"名稱3":null,"category":"夜市/市場攤販","id":10004150,"pay_list":"","pay_tool":""},{"index":74,"shop":"永光公有零售市場-沈吟","zone":"雲嘉南","city":"雲林縣","area":"古坑鄉","market_address":"雲林縣古坑鄉永昌村永興路16至32號","user":"沈吟","行業代號":null,"market_name":"永光公有零售市場","行業代號1":null,"名稱1":null,"行業代號2":null,"名稱2":null,"行業代號3":null,"名稱3":null,"category":"夜市/市場攤販","id":10004151,"pay_list":"","pay_tool":""},{"index":75,"shop":"永光公有零售市場-東昇號","zone":"雲嘉南","city":"雲林縣","area":"古坑鄉","market_address":"雲林縣古坑鄉永昌村永興路16至32號","user":"顏佳成","行業代號":null,"market_name":"永光公有零售市場","行業代號1":null,"名稱1":null,"行業代號2":null,"名稱2":null,"行業代號3":null,"名稱3":null,"category":"夜市/市場攤販","id":10004152,"pay_list":"","pay_tool":""},{"index":76,"shop":"永光公有零售市場-進寶號","zone":"雲嘉南","city":"雲林縣","area":"古坑鄉","market_address":"雲林縣古坑鄉永昌村永興路16至32號","user":"沈漢忠","行業代號":null,"market_name":"永光公有零售市場","行業代號1":null,"名稱1":null,"行業代號2":null,"名稱2":null,"行業代號3":null,"名稱3":null,"category":"夜市/市場攤販","id":10004153,"pay_list":"","pay_tool":""},{"index":77,"shop":"永光公有零售市場-賴品君","zone":"雲嘉南","city":"雲林縣","area":"古坑鄉","market_address":"雲林縣古坑鄉永昌村永興路16至32號","user":"賴品君","行業代號":null,"market_name":"永光公有零售市場","行業代號1":null,"名稱1":null,"行業代號2":null,"名稱2":null,"行業代號3":null,"名稱3":null,"category":"夜市/市場攤販","id":10004154,"pay_list":"","pay_tool":""},{"index":78,"shop":"永光公有零售市場-晉福肉商號","zone":"雲嘉南","city":"雲林縣","area":"古坑鄉","market_address":"雲林縣古坑鄉永昌村永興路16至32號","user":"陳新福","行業代號":null,"market_name":"永光公有零售市場","行業代號1":null,"名稱1":null,"行業代號2":null,"名稱2":null,"行業代號3":null,"名稱3":null,"category":"夜市/市場攤販","id":10004155,"pay_list":"","pay_tool":""},{"index":79,"shop":"永光公有零售市場-張學文","zone":"雲嘉南","city":"雲林縣","area":"古坑鄉","market_address":"雲林縣古坑鄉永昌村永興路16至32號","user":"張學文","行業代號":null,"market_name":"永光公有零售市場","行業代號1":null,"名稱1":null,"行業代號2":null,"名稱2":null,"行業代號3":null,"名稱3":null,"category":"夜市/市場攤販","id":10004156,"pay_list":"","pay_tool":""},{"index":80,"shop":"永光公有零售市場-吳莉蓁","zone":"雲嘉南","city":"雲林縣","area":"古坑鄉","market_address":"雲林縣古坑鄉永昌村永興路16至32號","user":"吳莉蓁","行業代號":null,"market_name":"永光公有零售市場","行業代號1":null,"名稱1":null,"行業代號2":null,"名稱2":null,"行業代號3":null,"名稱3":null,"category":"夜市/市場攤販","id":10004157,"pay_list":"","pay_tool":""},{"index":81,"shop":"永光公有零售市場-百裕商店","zone":"雲嘉南","city":"雲林縣","area":"古坑鄉","market_address":"雲林縣古坑鄉永昌村永興路16至32號","user":"吳?彩蓮","行業代號":null,"market_name":"永光公有零售市場","行業代號1":null,"名稱1":null,"行業代號2":null,"名稱2":null,"行業代號3":null,"名稱3":null,"category":"夜市/市場攤販","id":10004161,"pay_list":"","pay_tool":""},{"index":82,"shop":"永光公有零售市場-林豊傑","zone":"雲嘉南","city":"雲林縣","area":"古坑鄉","market_address":"雲林縣古坑鄉永昌村永興路16至32號","user":"林豊傑","行業代號":null,"market_name":"永光公有零售市場","行業代號1":null,"名稱1":null,"行業代號2":null,"名稱2":null,"行業代號3":null,"名稱3":null,"category":"夜市/市場攤販","id":10004162,"pay_list":"","pay_tool":""},{"index":83,"shop":"永光公有零售市場-林俞妗","zone":"雲嘉南","city":"雲林縣","area":"古坑鄉","market_address":"雲林縣古坑鄉永昌村永興路16至32號","user":"林俞妗","行業代號":null,"market_name":"永光公有零售市場","行業代號1":null,"名稱1":null,"行業代號2":null,"名稱2":null,"行業代號3":null,"名稱3":null,"category":"夜市/市場攤販","id":10004163,"pay_list":"","pay_tool":""},{"index":84,"shop":"永光公有零售市場-吉芳金香店","zone":"雲嘉南","city":"雲林縣","area":"古坑鄉","market_address":"雲林縣古坑鄉永昌村永興路16至32號","user":"姚張嬌娥","行業代號":null,"market_name":"永光公有零售市場","行業代號1":null,"名稱1":null,"行業代號2":null,"名稱2":null,"行業代號3":null,"名稱3":null,"category":"夜市/市場攤販","id":10004164,"pay_list":"","pay_tool":""},{"index":85,"shop":"永光公有零售市場-林偉鎮","zone":"雲嘉南","city":"雲林縣","area":"古坑鄉","market_address":"雲林縣古坑鄉永昌村永興路16至32號","user":"林偉鎮","行業代號":null,"market_name":"永光公有零售市場","行業代號1":null,"名稱1":null,"行業代號2":null,"名稱2":null,"行業代號3":null,"名稱3":null,"category":"夜市/市場攤販","id":10004165,"pay_list":"","pay_tool":""},{"index":86,"shop":"永光公有零售市場-呂碧珠","zone":"雲嘉南","city":"雲林縣","area":"古坑鄉","market_address":"雲林縣古坑鄉永昌村永興路16至32號","user":"呂碧珠","行業代號":null,"market_name":"永光公有零售市場","行業代號1":null,"名稱1":null,"行業代號2":null,"名稱2":null,"行業代號3":null,"名稱3":null,"category":"夜市/市場攤販","id":10004166,"pay_list":"","pay_tool":""},{"index":87,"shop":"永光公有零售市場-林曾淑凰","zone":"雲嘉南","city":"雲林縣","area":"古坑鄉","market_address":"雲林縣古坑鄉永昌村永興路16至32號","user":"林曾淑凰","行業代號":null,"market_name":"永光公有零售市場","行業代號1":null,"名稱1":null,"行業代號2":null,"名稱2":null,"行業代號3":null,"名稱3":null,"category":"夜市/市場攤販","id":10004167,"pay_list":"","pay_tool":""},{"index":88,"shop":"東和公有零售市場-阿霞美食坊","zone":"雲嘉南","city":"雲林縣","area":"古坑鄉","market_address":"雲林縣古坑鄉東和村文化路62至78號","user":"張玉霞","行業代號":null,"market_name":"東和公有零售市場","行業代號1":null,"名稱1":null,"行業代號2":null,"名稱2":null,"行業代號3":null,"名稱3":null,"category":"夜市/市場攤販","id":10004168,"pay_list":"","pay_tool":""},{"index":89,"shop":"東和公有零售市場-雜貨行","zone":"雲嘉南","city":"雲林縣","area":"古坑鄉","market_address":"雲林縣古坑鄉東和村文化路62至78號","user":"王杰森","行業代號":null,"market_name":"東和公有零售市場","行業代號1":null,"名稱1":null,"行業代號2":null,"名稱2":null,"行業代號3":null,"名稱3":null,"category":"夜市/市場攤販","id":10004169,"pay_list":"","pay_tool":""},{"index":90,"shop":"東和公有零售市場-陳玉芬","zone":"雲嘉南","city":"雲林縣","area":"古坑鄉","market_address":"雲林縣古坑鄉東和村文化路62至78號","user":"陳玉芬","行業代號":null,"market_name":"東和公有零售市場","行業代號1":null,"名稱1":null,"行業代號2":null,"名稱2":null,"行業代號3":null,"名稱3":null,"category":"夜市/市場攤販","id":10004170,"pay_list":"","pay_tool":""},{"index":91,"shop":"東和公有零售市場-吳雙欽","zone":"雲嘉南","city":"雲林縣","area":"古坑鄉","market_address":"雲林縣古坑鄉東和村文化路62至78號","user":"吳雙欽","行業代號":null,"market_name":"東和公有零售市場","行業代號1":null,"名稱1":null,"行業代號2":null,"名稱2":null,"行業代號3":null,"名稱3":null,"category":"夜市/市場攤販","id":10004172,"pay_list":"","pay_tool":""},{"index":92,"shop":"東和公有零售市場-張阿柳","zone":"雲嘉南","city":"雲林縣","area":"古坑鄉","market_address":"雲林縣古坑鄉東和村文化路62至78號","user":"張阿柳","行業代號":null,"market_name":"東和公有零售市場","行業代號1":null,"名稱1":null,"行業代號2":null,"名稱2":null,"行業代號3":null,"名稱3":null,"category":"夜市/市場攤販","id":10004173,"pay_list":"","pay_tool":""},{"index":93,"shop":"東和公有零售市場-鄭安軒","zone":"雲嘉南","city":"雲林縣","area":"古坑鄉","market_address":"雲林縣古坑鄉東和村文化路62至78號","user":"鄭安軒","行業代號":null,"market_name":"東和公有零售市場","行業代號1":null,"名稱1":null,"行業代號2":null,"名稱2":null,"行業代號3":null,"名稱3":null,"category":"夜市/市場攤販","id":10004174,"pay_list":"","pay_tool":""},{"index":94,"shop":"東和公有零售市場-鄧連為","zone":"雲嘉南","city":"雲林縣","area":"古坑鄉","market_address":"雲林縣古坑鄉東和村文化路62至78號","user":"鄧連為","行業代號":null,"market_name":"東和公有零售市場","行業代號1":null,"名稱1":null,"行業代號2":null,"名稱2":null,"行業代號3":null,"名稱3":null,"category":"夜市/市場攤販","id":10004175,"pay_list":"","pay_tool":""},{"index":95,"shop":"東和公有零售市場-陳合成","zone":"雲嘉南","city":"雲林縣","area":"古坑鄉","market_address":"雲林縣古坑鄉東和村文化路62至78號","user":"陳合成","行業代號":null,"market_name":"東和公有零售市場","行業代號1":null,"名稱1":null,"行業代號2":null,"名稱2":null,"行業代號3":null,"名稱3":null,"category":"夜市/市場攤販","id":10004176,"pay_list":"","pay_tool":""},{"index":96,"shop":"東和公有零售市場-美食坊","zone":"雲嘉南","city":"雲林縣","area":"古坑鄉","market_address":"雲林縣古坑鄉東和村文化路62至78號","user":"高碧","行業代號":null,"market_name":"東和公有零售市場","行業代號1":null,"名稱1":null,"行業代號2":null,"名稱2":null,"行業代號3":null,"名稱3":null,"category":"夜市/市場攤販","id":10004177,"pay_list":"","pay_tool":""},{"index":97,"shop":"東和公有零售市場-郭宗?","zone":"雲嘉南","city":"雲林縣","area":"古坑鄉","market_address":"雲林縣古坑鄉東和村文化路62至78號","user":"郭宗?","行業代號":null,"market_name":"東和公有零售市場","行業代號1":null,"名稱1":null,"行業代號2":null,"名稱2":null,"行業代號3":null,"名稱3":null,"category":"夜市/市場攤販","id":10004178,"pay_list":"","pay_tool":""},{"index":98,"shop":"東和公有零售市場-高?紳","zone":"雲嘉南","city":"雲林縣","area":"古坑鄉","market_address":"雲林縣古坑鄉東和村文化路62至78號","user":"高?紳","行業代號":null,"market_name":"東和公有零售市場","行業代號1":null,"名稱1":null,"行業代號2":null,"名稱2":null,"行業代號3":null,"名稱3":null,"category":"夜市/市場攤販","id":10004179,"pay_list":"","pay_tool":""},{"index":99,"shop":"東和公有零售市場-李淑?","zone":"雲嘉南","city":"雲林縣","area":"古坑鄉","market_address":"雲林縣古坑鄉東和村文化路62至78號","user":"李淑?","行業代號":null,"market_name":"東和公有零售市場","行業代號1":null,"名稱1":null,"行業代號2":null,"名稱2":null,"行業代號3":null,"名稱3":null,"category":"夜市/市場攤販","id":10004180,"pay_list":"","pay_tool":""},{"index":100,"shop":"東和公有零售市場-東和肉圓","zone":"雲嘉南","city":"雲林縣","area":"古坑鄉","market_address":"雲林縣古坑鄉東和村文化路62至78號","user":"賴鄧絨","行業代號":null,"market_name":"東和公有零售市場","行業代號1":null,"名稱1":null,"行業代號2":null,"名稱2":null,"行業代號3":null,"名稱3":null,"category":"夜市/市場攤販","id":10004181,"pay_list":"","pay_tool":""},{"index":101,"shop":"東和公有零售市場-三源檳榔","zone":"雲嘉南","city":"雲林縣","area":"古坑鄉","market_address":"雲林縣古坑鄉東和村文化路62至78號","user":"張嘉哲","行業代號":null,"market_name":"東和公有零售市場","行業代號1":null,"名稱1":null,"行業代號2":null,"名稱2":null,"行業代號3":null,"名稱3":null,"category":"夜市/市場攤販","id":10004183,"pay_list":"","pay_tool":""},{"index":102,"shop":"東和公有零售市場-美食坊","zone":"雲嘉南","city":"雲林縣","area":"古坑鄉","market_address":"雲林縣古坑鄉東和村文化路62至78號","user":"孫靖雅","行業代號":null,"market_name":"東和公有零售市場","行業代號1":null,"名稱1":null,"行業代號2":null,"名稱2":null,"行業代號3":null,"名稱3":null,"category":"夜市/市場攤販","id":10004184,"pay_list":"","pay_tool":""},{"index":103,"shop":"東和公有零售市場-米苔目","zone":"雲嘉南","city":"雲林縣","area":"古坑鄉","market_address":"雲林縣古坑鄉東和村文化路62至78號","user":"曾雪絨","行業代號":null,"market_name":"東和公有零售市場","行業代號1":null,"名稱1":null,"行業代號2":null,"名稱2":null,"行業代號3":null,"名稱3":null,"category":"夜市/市場攤販","id":10004185,"pay_list":"","pay_tool":""},{"index":104,"shop":"東和公有零售市場-米苔目","zone":"雲嘉南","city":"雲林縣","area":"古坑鄉","market_address":"雲林縣古坑鄉東和村文化路62至78號","user":"曾鏡棋","行業代號":null,"market_name":"東和公有零售市場","行業代號1":null,"名稱1":null,"行業代號2":null,"名稱2":null,"行業代號3":null,"名稱3":null,"category":"夜市/市場攤販","id":10004186,"pay_list":"","pay_tool":""},{"index":105,"shop":"東和公有零售市場-陳威淵","zone":"雲嘉南","city":"雲林縣","area":"古坑鄉","market_address":"雲林縣古坑鄉東和村文化路62至78號","user":"陳威淵","行業代號":null,"market_name":"東和公有零售市場","行業代號1":null,"名稱1":null,"行業代號2":null,"名稱2":null,"行業代號3":null,"名稱3":null,"category":"夜市/市場攤販","id":10004187,"pay_list":"","pay_tool":""},{"index":106,"shop":"東和公有零售市場-吳劉碧桃","zone":"雲嘉南","city":"雲林縣","area":"古坑鄉","market_address":"雲林縣古坑鄉東和村文化路62至78號","user":"吳劉碧桃","行業代號":null,"market_name":"東和公有零售市場","行業代號1":null,"名稱1":null,"行業代號2":null,"名稱2":null,"行業代號3":null,"名稱3":null,"category":"夜市/市場攤販","id":10004188,"pay_list":"","pay_tool":""},{"index":107,"shop":"東和公有零售市場-賴淑惠早餐","zone":"雲嘉南","city":"雲林縣","area":"古坑鄉","market_address":"雲林縣古坑鄉東和村文化路62至78號","user":"高耿祥","行業代號":null,"market_name":"東和公有零售市場","行業代號1":null,"名稱1":null,"行業代號2":null,"名稱2":null,"行業代號3":null,"名稱3":null,"category":"夜市/市場攤販","id":10004189,"pay_list":"","pay_tool":""},{"index":108,"shop":"東和公有零售市場-松旻自行車行","zone":"雲嘉南","city":"雲林縣","area":"古坑鄉","market_address":"雲林縣古坑鄉東和村文化路62至78號","user":"歐松旻","行業代號":null,"market_name":"東和公有零售市場","行業代號1":null,"名稱1":null,"行業代號2":null,"名稱2":null,"行業代號3":null,"名稱3":null,"category":"夜市/市場攤販","id":10004190,"pay_list":"","pay_tool":""},{"index":109,"shop":"東和公有零售市場-高信宇理髮","zone":"雲嘉南","city":"雲林縣","area":"古坑鄉","market_address":"雲林縣古坑鄉東和村文化路62至78號","user":"高信宇","行業代號":null,"market_name":"東和公有零售市場","行業代號1":null,"名稱1":null,"行業代號2":null,"名稱2":null,"行業代號3":null,"名稱3":null,"category":"夜市/市場攤販","id":10004191,"pay_list":"","pay_tool":""},{"index":110,"shop":"東和公有零售市場-泉泰行","zone":"雲嘉南","city":"雲林縣","area":"古坑鄉","market_address":"雲林縣古坑鄉東和村文化路62至78號","user":"謝黃翠鶴","行業代號":null,"market_name":"東和公有零售市場","行業代號1":null,"名稱1":null,"行業代號2":null,"名稱2":null,"行業代號3":null,"名稱3":null,"category":"夜市/市場攤販","id":10004192,"pay_list":"","pay_tool":""},{"index":111,"shop":"東和公有零售市場-陳政霖","zone":"雲嘉南","city":"雲林縣","area":"古坑鄉","market_address":"雲林縣古坑鄉東和村文化路62至78號","user":"陳政霖","行業代號":null,"market_name":"東和公有零售市場","行業代號1":null,"名稱1":null,"行業代號2":null,"名稱2":null,"行業代號3":null,"名稱3":null,"category":"夜市/市場攤販","id":10004194,"pay_list":"","pay_tool":""},{"index":112,"shop":"東和公有零售市場-世華百貨","zone":"雲嘉南","city":"雲林縣","area":"古坑鄉","market_address":"雲林縣古坑鄉東和村文化路62至78號","user":"張黃捷","行業代號":null,"market_name":"東和公有零售市場","行業代號1":null,"名稱1":null,"行業代號2":null,"名稱2":null,"行業代號3":null,"名稱3":null,"category":"夜市/市場攤販","id":10004195,"pay_list":"","pay_tool":""},{"index":113,"shop":"綠色市集-葉秉樺","zone":"雲嘉南","city":"雲林縣","area":"古坑鄉","market_address":"舊台3線綠色隧道","user":"葉秉樺","行業代號":null,"market_name":"綠色市集","行業代號1":null,"名稱1":null,"行業代號2":null,"名稱2":null,"行業代號3":null,"名稱3":null,"category":"夜市/市場攤販","id":10004196,"pay_list":"","pay_tool":""},{"index":114,"shop":"綠色市集-吳彩華","zone":"雲嘉南","city":"雲林縣","area":"古坑鄉","market_address":"舊台3線綠色隧道","user":"吳彩華","行業代號":null,"market_name":"綠色市集","行業代號1":null,"名稱1":null,"行業代號2":null,"名稱2":null,"行業代號3":null,"名稱3":null,"category":"夜市/市場攤販","id":10004197,"pay_list":"","pay_tool":""},{"index":115,"shop":"綠色市集-湳仔社區發展協會","zone":"雲嘉南","city":"雲林縣","area":"古坑鄉","market_address":"舊台3線綠色隧道","user":"鐘月珠","行業代號":null,"market_name":"綠色市集","行業代號1":null,"名稱1":null,"行業代號2":null,"名稱2":null,"行業代號3":null,"名稱3":null,"category":"夜市/市場攤販","id":10004198,"pay_list":"","pay_tool":""},{"index":116,"shop":"綠色市集-蘇亞力","zone":"雲嘉南","city":"雲林縣","area":"古坑鄉","market_address":"舊台3線綠色隧道","user":"蘇亞力","行業代號":null,"market_name":"綠色市集","行業代號1":null,"名稱1":null,"行業代號2":null,"名稱2":null,"行業代號3":null,"名稱3":null,"category":"夜市/市場攤販","id":10004199,"pay_list":"","pay_tool":""},{"index":117,"shop":"綠色市集-潘志成","zone":"雲嘉南","city":"雲林縣","area":"古坑鄉","market_address":"舊台3線綠色隧道","user":"潘志成","行業代號":null,"market_name":"綠色市集","行業代號1":null,"名稱1":null,"行業代號2":null,"名稱2":null,"行業代號3":null,"名稱3":null,"category":"夜市/市場攤販","id":10004200,"pay_list":"","pay_tool":""},{"index":118,"shop":"綠色市集-巴登咖啡","zone":"雲嘉南","city":"雲林縣","area":"古坑鄉","market_address":"舊台3線綠色隧道","user":"王有聰","行業代號":null,"market_name":"綠色市集","行業代號1":null,"名稱1":null,"行業代號2":null,"名稱2":null,"行業代號3":null,"名稱3":null,"category":"夜市/市場攤販","id":10004201,"pay_list":"","pay_tool":""},{"index":119,"shop":"綠色市集-天廬工作坊","zone":"雲嘉南","city":"雲林縣","area":"古坑鄉","market_address":"舊台3線綠色隧道","user":"江宗慶","行業代號":null,"market_name":"綠色市集","行業代號1":null,"名稱1":null,"行業代號2":null,"名稱2":null,"行業代號3":null,"名稱3":null,"category":"夜市/市場攤販","id":10004202,"pay_list":"","pay_tool":""},{"index":120,"shop":"綠色市集-櫞花藝資材","zone":"雲嘉南","city":"雲林縣","area":"古坑鄉","market_address":"舊台3線綠色隧道","user":"黃佳誼","行業代號":null,"market_name":"綠色市集","行業代號1":null,"名稱1":null,"行業代號2":null,"名稱2":null,"行業代號3":null,"名稱3":null,"category":"夜市/市場攤販","id":10004203,"pay_list":"","pay_tool":""},{"index":121,"shop":"綠色市集-徐秀華","zone":"雲嘉南","city":"雲林縣","area":"古坑鄉","market_address":"舊台3線綠色隧道","user":"徐秀華","行業代號":null,"market_name":"綠色市集","行業代號1":null,"名稱1":null,"行業代號2":null,"名稱2":null,"行業代號3":null,"名稱3":null,"category":"夜市/市場攤販","id":10004205,"pay_list":"","pay_tool":""},{"index":122,"shop":"綠色市集-蘇恆成","zone":"雲嘉南","city":"雲林縣","area":"古坑鄉","market_address":"舊台3線綠色隧道","user":"蘇恆成","行業代號":null,"market_name":"綠色市集","行業代號1":null,"名稱1":null,"行業代號2":null,"名稱2":null,"行業代號3":null,"名稱3":null,"category":"夜市/市場攤販","id":10004206,"pay_list":"","pay_tool":""},{"index":123,"shop":"綠色市集-臺一蜂業養蜂場","zone":"雲嘉南","city":"雲林縣","area":"古坑鄉","market_address":"舊台3線綠色隧道","user":"李岳隆","行業代號":null,"market_name":"綠色市集","行業代號1":null,"名稱1":null,"行業代號2":null,"名稱2":null,"行業代號3":null,"名稱3":null,"category":"夜市/市場攤販","id":10004207,"pay_list":"","pay_tool":""},{"index":124,"shop":"綠色市集-綠色隧道咖啡故事館","zone":"雲嘉南","city":"雲林縣","area":"古坑鄉","market_address":"舊台3線綠色隧道","user":"盧騏惠","行業代號":null,"market_name":"綠色市集","行業代號1":null,"名稱1":null,"行業代號2":null,"名稱2":null,"行業代號3":null,"名稱3":null,"category":"夜市/市場攤販","id":10004208,"pay_list":"","pay_tool":""},{"index":125,"shop":"綠色市集-紀素蘭","zone":"雲嘉南","city":"雲林縣","area":"古坑鄉","market_address":"舊台3線綠色隧道","user":"紀素蘭","行業代號":null,"market_name":"綠色市集","行業代號1":null,"名稱1":null,"行業代號2":null,"名稱2":null,"行業代號3":null,"名稱3":null,"category":"夜市/市場攤販","id":10004209,"pay_list":"","pay_tool":""},{"index":126,"shop":"綠色市集-紀泯傑","zone":"雲嘉南","city":"雲林縣","area":"古坑鄉","market_address":"舊台3線綠色隧道","user":"紀泯傑","行業代號":null,"market_name":"綠色市集","行業代號1":null,"名稱1":null,"行業代號2":null,"名稱2":null,"行業代號3":null,"名稱3":null,"category":"夜市/市場攤販","id":10004210,"pay_list":"","pay_tool":""},{"index":127,"shop":"綠色市集-潘英香","zone":"雲嘉南","city":"雲林縣","area":"古坑鄉","market_address":"舊台3線綠色隧道","user":"潘英香","行業代號":null,"market_name":"綠色市集","行業代號1":null,"名稱1":null,"行業代號2":null,"名稱2":null,"行業代號3":null,"名稱3":null,"category":"夜市/市場攤販","id":10004211,"pay_list":"","pay_tool":""},{"index":128,"shop":"綠色市集-呂曉錞","zone":"雲嘉南","city":"雲林縣","area":"古坑鄉","market_address":"舊台3線綠色隧道","user":"呂曉錞","行業代號":null,"market_name":"綠色市集","行業代號1":null,"名稱1":null,"行業代號2":null,"名稱2":null,"行業代號3":null,"名稱3":null,"category":"夜市/市場攤販","id":10004212,"pay_list":"","pay_tool":""},{"index":129,"shop":"綠色市集-葉沛瑩","zone":"雲嘉南","city":"雲林縣","area":"古坑鄉","market_address":"舊台3線綠色隧道","user":"葉沛瑩","行業代號":null,"market_name":"綠色市集","行業代號1":null,"名稱1":null,"行業代號2":null,"名稱2":null,"行業代號3":null,"名稱3":null,"category":"夜市/市場攤販","id":10004213,"pay_list":"","pay_tool":""},{"index":130,"shop":"綠色市集-鐘偉志","zone":"雲嘉南","city":"雲林縣","area":"古坑鄉","market_address":"舊台3線綠色隧道","user":"鐘偉志","行業代號":null,"market_name":"綠色市集","行業代號1":null,"名稱1":null,"行業代號2":null,"名稱2":null,"行業代號3":null,"名稱3":null,"category":"夜市/市場攤販","id":10004214,"pay_list":"","pay_tool":""},{"index":131,"shop":"綠色市集-張珍綺","zone":"雲嘉南","city":"雲林縣","area":"古坑鄉","market_address":"舊台3線綠色隧道","user":"張珍綺","行業代號":null,"market_name":"綠色市集","行業代號1":null,"名稱1":null,"行業代號2":null,"名稱2":null,"行業代號3":null,"名稱3":null,"category":"夜市/市場攤販","id":10004216,"pay_list":"","pay_tool":""},{"index":132,"shop":"綠色市集-長盛製酒食品股份有限公司","zone":"雲嘉南","city":"雲林縣","area":"古坑鄉","market_address":"舊台3線綠色隧道","user":"康家翔","行業代號":null,"market_name":"綠色市集","行業代號1":null,"名稱1":null,"行業代號2":null,"名稱2":null,"行業代號3":null,"名稱3":null,"category":"夜市/市場攤販","id":10004217,"pay_list":"","pay_tool":""},{"index":133,"shop":"綠色市集-徐弘翰","zone":"雲嘉南","city":"雲林縣","area":"古坑鄉","market_address":"舊台3線綠色隧道","user":"徐弘翰","行業代號":null,"market_name":"綠色市集","行業代號1":null,"名稱1":null,"行業代號2":null,"名稱2":null,"行業代號3":null,"名稱3":null,"category":"夜市/市場攤販","id":10004218,"pay_list":"","pay_tool":""},{"index":134,"shop":"綠色市集-雲林縣水林鄉果樹桑葚產銷第一班","zone":"雲嘉南","city":"雲林縣","area":"古坑鄉","market_address":"舊台3線綠色隧道","user":"黃周秋香","行業代號":null,"market_name":"綠色市集","行業代號1":null,"名稱1":null,"行業代號2":null,"名稱2":null,"行業代號3":null,"名稱3":null,"category":"夜市/市場攤販","id":10004219,"pay_list":"","pay_tool":""},{"index":135,"shop":"綠色市集-黃秉富","zone":"雲嘉南","city":"雲林縣","area":"古坑鄉","market_address":"舊台3線綠色隧道","user":"黃秉富","行業代號":null,"market_name":"綠色市集","行業代號1":null,"名稱1":null,"行業代號2":null,"名稱2":null,"行業代號3":null,"名稱3":null,"category":"夜市/市場攤販","id":10004220,"pay_list":"","pay_tool":""},{"index":136,"shop":"綠色市集-劉淑媛","zone":"雲嘉南","city":"雲林縣","area":"古坑鄉","market_address":"舊台3線綠色隧道","user":"劉淑媛","行業代號":null,"market_name":"綠色市集","行業代號1":null,"名稱1":null,"行業代號2":null,"名稱2":null,"行業代號3":null,"名稱3":null,"category":"夜市/市場攤販","id":10004221,"pay_list":"","pay_tool":""},{"index":137,"shop":"綠色市集-賴俊佑","zone":"雲嘉南","city":"雲林縣","area":"古坑鄉","market_address":"舊台3線綠色隧道","user":"賴俊佑","行業代號":null,"market_name":"綠色市集","行業代號1":null,"名稱1":null,"行業代號2":null,"名稱2":null,"行業代號3":null,"名稱3":null,"category":"夜市/市場攤販","id":10004222,"pay_list":"","pay_tool":""},{"index":138,"shop":"綠色市集-石松湖","zone":"雲嘉南","city":"雲林縣","area":"古坑鄉","market_address":"舊台3線綠色隧道","user":"石松湖","行業代號":null,"market_name":"綠色市集","行業代號1":null,"名稱1":null,"行業代號2":null,"名稱2":null,"行業代號3":null,"名稱3":null,"category":"夜市/市場攤販","id":10004223,"pay_list":"","pay_tool":""},{"index":139,"shop":"綠色市集-良讚食品股份有限公司","zone":"雲嘉南","city":"雲林縣","area":"古坑鄉","market_address":"舊台3線綠色隧道","user":"林淑芳","行業代號":null,"market_name":"綠色市集","行業代號1":null,"名稱1":null,"行業代號2":null,"名稱2":null,"行業代號3":null,"名稱3":null,"category":"夜市/市場攤販","id":10004224,"pay_list":"","pay_tool":""},{"index":140,"shop":"綠色市集-陳金玫","zone":"雲嘉南","city":"雲林縣","area":"古坑鄉","market_address":"舊台3線綠色隧道","user":"陳金玫","行業代號":null,"market_name":"綠色市集","行業代號1":null,"名稱1":null,"行業代號2":null,"名稱2":null,"行業代號3":null,"名稱3":null,"category":"夜市/市場攤販","id":10004225,"pay_list":"","pay_tool":""},{"index":141,"shop":"綠色市集-嵩岳咖啡莊園","zone":"雲嘉南","city":"雲林縣","area":"古坑鄉","market_address":"舊台3線綠色隧道","user":"郭章盛","行業代號":null,"market_name":"綠色市集","行業代號1":null,"名稱1":null,"行業代號2":null,"名稱2":null,"行業代號3":null,"名稱3":null,"category":"夜市/市場攤販","id":10004227,"pay_list":"","pay_tool":""},{"index":142,"shop":"綠色市集-林怡伶","zone":"雲嘉南","city":"雲林縣","area":"古坑鄉","market_address":"舊台3線綠色隧道","user":"林怡伶","行業代號":null,"market_name":"綠色市集","行業代號1":null,"名稱1":null,"行業代號2":null,"名稱2":null,"行業代號3":null,"名稱3":null,"category":"夜市/市場攤販","id":10004228,"pay_list":"","pay_tool":""},{"index":143,"shop":"綠色市集-黃麗純","zone":"雲嘉南","city":"雲林縣","area":"古坑鄉","market_address":"舊台3線綠色隧道","user":"黃麗純","行業代號":null,"market_name":"綠色市集","行業代號1":null,"名稱1":null,"行業代號2":null,"名稱2":null,"行業代號3":null,"名稱3":null,"category":"夜市/市場攤販","id":10004229,"pay_list":"","pay_tool":""},{"index":144,"shop":"綠色市集-保證責任雲林縣永昌合作農場","zone":"雲嘉南","city":"雲林縣","area":"古坑鄉","market_address":"舊台3線綠色隧道","user":"吳精福","行業代號":null,"market_name":"綠色市集","行業代號1":null,"名稱1":null,"行業代號2":null,"名稱2":null,"行業代號3":null,"名稱3":null,"category":"夜市/市場攤販","id":10004230,"pay_list":"","pay_tool":""},{"index":145,"shop":"綠色市集-沈聯義","zone":"雲嘉南","city":"雲林縣","area":"古坑鄉","market_address":"舊台3線綠色隧道","user":"沈聯義","行業代號":null,"market_name":"綠色市集","行業代號1":null,"名稱1":null,"行業代號2":null,"名稱2":null,"行業代號3":null,"名稱3":null,"category":"夜市/市場攤販","id":10004231,"pay_list":"","pay_tool":""},{"index":146,"shop":"綠色市集-?朝勇","zone":"雲嘉南","city":"雲林縣","area":"古坑鄉","market_address":"舊台3線綠色隧道","user":"?朝勇","行業代號":null,"market_name":"綠色市集","行業代號1":null,"名稱1":null,"行業代號2":null,"名稱2":null,"行業代號3":null,"名稱3":null,"category":"夜市/市場攤販","id":10004232,"pay_list":"","pay_tool":""},{"index":147,"shop":"綠色市集-王建勳","zone":"雲嘉南","city":"雲林縣","area":"古坑鄉","market_address":"舊台3線綠色隧道","user":"王建勳","行業代號":null,"market_name":"綠色市集","行業代號1":null,"名稱1":null,"行業代號2":null,"名稱2":null,"行業代號3":null,"名稱3":null,"category":"夜市/市場攤販","id":10004233,"pay_list":"","pay_tool":""},{"index":148,"shop":"綠色市集-常卉手作坊","zone":"雲嘉南","city":"雲林縣","area":"古坑鄉","market_address":"舊台3線綠色隧道","user":"汪紅華","行業代號":null,"market_name":"綠色市集","行業代號1":null,"名稱1":null,"行業代號2":null,"名稱2":null,"行業代號3":null,"名稱3":null,"category":"夜市/市場攤販","id":10004234,"pay_list":"","pay_tool":""},{"index":149,"shop":"綠色市集-社團法人雲林縣老人保護協會","zone":"雲嘉南","city":"雲林縣","area":"古坑鄉","market_address":"舊台3線綠色隧道","user":"黃秉宥","行業代號":null,"market_name":"綠色市集","行業代號1":null,"名稱1":null,"行業代號2":null,"名稱2":null,"行業代號3":null,"名稱3":null,"category":"夜市/市場攤販","id":10004235,"pay_list":"","pay_tool":""},{"index":150,"shop":"綠色市集-社團法人雲林縣聲暉協進會","zone":"雲嘉南","city":"雲林縣","area":"古坑鄉","market_address":"舊台3線綠色隧道","user":"高富勉","行業代號":null,"market_name":"綠色市集","行業代號1":null,"名稱1":null,"行業代號2":null,"名稱2":null,"行業代號3":null,"名稱3":null,"category":"夜市/市場攤販","id":10004236,"pay_list":"","pay_tool":""},{"index":151,"shop":"綠色市集-社團法人雲林縣身心照顧協會","zone":"雲嘉南","city":"雲林縣","area":"古坑鄉","market_address":"舊台3線綠色隧道","user":"鄭英綺","行業代號":null,"market_name":"綠色市集","行業代號1":null,"名稱1":null,"行業代號2":null,"名稱2":null,"行業代號3":null,"名稱3":null,"category":"夜市/市場攤販","id":10004238,"pay_list":"","pay_tool":""},{"index":152,"shop":"綠色市集-雲林縣按摩職業工會","zone":"雲嘉南","city":"雲林縣","area":"古坑鄉","market_address":"舊台3線綠色隧道","user":"劉玉成","行業代號":null,"market_name":"綠色市集","行業代號1":null,"名稱1":null,"行業代號2":null,"名稱2":null,"行業代號3":null,"名稱3":null,"category":"夜市/市場攤販","id":10004239,"pay_list":"","pay_tool":""},{"index":153,"shop":"綠色市集-社團法人雲林縣聽語障福利協進會","zone":"雲嘉南","city":"雲林縣","area":"古坑鄉","market_address":"舊台3線綠色隧道","user":"李政軒","行業代號":null,"market_name":"綠色市集","行業代號1":null,"名稱1":null,"行業代號2":null,"名稱2":null,"行業代號3":null,"名稱3":null,"category":"夜市/市場攤販","id":10004240,"pay_list":"","pay_tool":""},{"index":154,"shop":"綠色市集-江例霞","zone":"雲嘉南","city":"雲林縣","area":"古坑鄉","market_address":"舊台3線綠色隧道","user":"江例霞","行業代號":null,"market_name":"綠色市集","行業代號1":null,"名稱1":null,"行業代號2":null,"名稱2":null,"行業代號3":null,"名稱3":null,"category":"夜市/市場攤販","id":10004241,"pay_list":"","pay_tool":""},{"index":155,"shop":"綠色市集-社團法人雲林縣古坑綠色市集農產觀光發展協會","zone":"雲嘉南","city":"雲林縣","area":"古坑鄉","market_address":"舊台3線綠色隧道","user":"吳春欄","行業代號":null,"market_name":"綠色市集","行業代號1":null,"名稱1":null,"行業代號2":null,"名稱2":null,"行業代號3":null,"名稱3":null,"category":"夜市/市場攤販","id":10004242,"pay_list":"","pay_tool":""},{"index":156,"shop":"綠色市集-南昌社區發展協會","zone":"雲嘉南","city":"雲林縣","area":"古坑鄉","market_address":"舊台3線綠色隧道","user":"謝泰山","行業代號":null,"market_name":"綠色市集","行業代號1":null,"名稱1":null,"行業代號2":null,"名稱2":null,"行業代號3":null,"名稱3":null,"category":"夜市/市場攤販","id":10004243,"pay_list":"","pay_tool":""},{"index":157,"shop":"綠色市集-石壁社區發展協會","zone":"雲嘉南","city":"雲林縣","area":"古坑鄉","market_address":"舊台3線綠色隧道","user":"廖惠娟","行業代號":null,"market_name":"綠色市集","行業代號1":null,"名稱1":null,"行業代號2":null,"名稱2":null,"行業代號3":null,"名稱3":null,"category":"夜市/市場攤販","id":10004244,"pay_list":"","pay_tool":""},{"index":158,"shop":"綠色市集-黃順益","zone":"雲嘉南","city":"雲林縣","area":"古坑鄉","market_address":"舊台3線綠色隧道","user":"黃順益","行業代號":null,"market_name":"綠色市集","行業代號1":null,"名稱1":null,"行業代號2":null,"名稱2":null,"行業代號3":null,"名稱3":null,"category":"夜市/市場攤販","id":10004245,"pay_list":"","pay_tool":""},{"index":159,"shop":"綠色市集-草嶺社區發展協會","zone":"雲嘉南","city":"雲林縣","area":"古坑鄉","market_address":"舊台3線綠色隧道","user":"葉陳彩翠","行業代號":null,"market_name":"綠色市集","行業代號1":null,"名稱1":null,"行業代號2":null,"名稱2":null,"行業代號3":null,"名稱3":null,"category":"夜市/市場攤販","id":10004246,"pay_list":"","pay_tool":""},{"index":160,"shop":"綠色市集-荷苞社區發展協會","zone":"雲嘉南","city":"雲林縣","area":"古坑鄉","market_address":"舊台3線綠色隧道","user":"高勝豐","行業代號":null,"market_name":"綠色市集","行業代號1":null,"名稱1":null,"行業代號2":null,"名稱2":null,"行業代號3":null,"名稱3":null,"category":"夜市/市場攤販","id":10004247,"pay_list":"","pay_tool":""},{"index":161,"shop":"綠色市集-西平社區發展協會","zone":"雲嘉南","city":"雲林縣","area":"古坑鄉","market_address":"舊台3線綠色隧道","user":"陳盟憲","行業代號":null,"market_name":"綠色市集","行業代號1":null,"名稱1":null,"行業代號2":null,"名稱2":null,"行業代號3":null,"名稱3":null,"category":"夜市/市場攤販","id":10004249,"pay_list":"","pay_tool":""},{"index":162,"shop":"綠色市集-東和社區發展協會","zone":"雲嘉南","city":"雲林縣","area":"古坑鄉","market_address":"舊台3線綠色隧道","user":"曾宜蓁","行業代號":null,"market_name":"綠色市集","行業代號1":null,"名稱1":null,"行業代號2":null,"名稱2":null,"行業代號3":null,"名稱3":null,"category":"夜市/市場攤販","id":10004250,"pay_list":"","pay_tool":""},{"index":163,"shop":"綠色市集-林銀來","zone":"雲嘉南","city":"雲林縣","area":"古坑鄉","market_address":"舊台3線綠色隧道","user":"林銀來","行業代號":null,"market_name":"綠色市集","行業代號1":null,"名稱1":null,"行業代號2":null,"名稱2":null,"行業代號3":null,"名稱3":null,"category":"夜市/市場攤販","id":10004251,"pay_list":"","pay_tool":""},{"index":164,"shop":"綠色市集-朝陽社區發展協會","zone":"雲嘉南","city":"雲林縣","area":"古坑鄉","market_address":"舊台3線綠色隧道","user":"潘惠君","行業代號":null,"market_name":"綠色市集","行業代號1":null,"名稱1":null,"行業代號2":null,"名稱2":null,"行業代號3":null,"名稱3":null,"category":"夜市/市場攤販","id":10004252,"pay_list":"","pay_tool":""},{"index":165,"shop":"綠色市集-新庄社區發展協會","zone":"雲嘉南","city":"雲林縣","area":"古坑鄉","market_address":"舊台3線綠色隧道","user":"林秋蓮","行業代號":null,"market_name":"綠色市集","行業代號1":null,"名稱1":null,"行業代號2":null,"名稱2":null,"行業代號3":null,"名稱3":null,"category":"夜市/市場攤販","id":10004253,"pay_list":"","pay_tool":""},{"index":166,"shop":"綠色市集-棋盤社區發展協會","zone":"雲嘉南","city":"雲林縣","area":"古坑鄉","market_address":"舊台3線綠色隧道","user":"王詹罔市","行業代號":null,"market_name":"綠色市集","行業代號1":null,"名稱1":null,"行業代號2":null,"名稱2":null,"行業代號3":null,"名稱3":null,"category":"夜市/市場攤販","id":10004254,"pay_list":"","pay_tool":""},{"index":167,"shop":"綠色市集-高林社區發展協會","zone":"雲嘉南","city":"雲林縣","area":"古坑鄉","market_address":"舊台3線綠色隧道","user":"高佳園","行業代號":null,"market_name":"綠色市集","行業代號1":null,"名稱1":null,"行業代號2":null,"名稱2":null,"行業代號3":null,"名稱3":null,"category":"夜市/市場攤販","id":10004255,"pay_list":"","pay_tool":""},{"index":168,"shop":"綠色市集-湳仔社區發展協會","zone":"雲嘉南","city":"雲林縣","area":"古坑鄉","market_address":"舊台3線綠色隧道","user":"陳貞伶","行業代號":null,"market_name":"綠色市集","行業代號1":null,"名稱1":null,"行業代號2":null,"名稱2":null,"行業代號3":null,"名稱3":null,"category":"夜市/市場攤販","id":10004256,"pay_list":"","pay_tool":""},{"index":169,"shop":"綠色市集-崁頭厝社區發展協會","zone":"雲嘉南","city":"雲林縣","area":"古坑鄉","market_address":"舊台3線綠色隧道","user":"陳慧芬","行業代號":null,"market_name":"綠色市集","行業代號1":null,"名稱1":null,"行業代號2":null,"名稱2":null,"行業代號3":null,"名稱3":null,"category":"夜市/市場攤販","id":10004257,"pay_list":"","pay_tool":""},{"index":170,"shop":"綠色市集-雲林縣休閒旅遊推展協會","zone":"雲嘉南","city":"雲林縣","area":"古坑鄉","market_address":"舊台3線綠色隧道","user":"沈坤榮","行業代號":null,"market_name":"綠色市集","行業代號1":null,"名稱1":null,"行業代號2":null,"名稱2":null,"行業代號3":null,"名稱3":null,"category":"夜市/市場攤販","id":10004258,"pay_list":"","pay_tool":""},{"index":171,"shop":"綠色市集-華南社區發展協會","zone":"雲嘉南","city":"雲林縣","area":"古坑鄉","market_address":"舊台3線綠色隧道","user":"賴雅玫","行業代號":null,"market_name":"綠色市集","行業代號1":null,"名稱1":null,"行業代號2":null,"名稱2":null,"行業代號3":null,"名稱3":null,"category":"夜市/市場攤販","id":10004260,"pay_list":"","pay_tool":""},{"index":172,"shop":"綠色市集-水碓社區發展協會","zone":"雲嘉南","city":"雲林縣","area":"古坑鄉","market_address":"舊台3線綠色隧道","user":"李哲宇","行業代號":null,"market_name":"綠色市集","行業代號1":null,"名稱1":null,"行業代號2":null,"名稱2":null,"行業代號3":null,"名稱3":null,"category":"夜市/市場攤販","id":10004261,"pay_list":"","pay_tool":""},{"index":173,"shop":"綠色市集-樟湖社區發展協會","zone":"雲嘉南","city":"雲林縣","area":"古坑鄉","market_address":"舊台3線綠色隧道","user":"謝艾霖","行業代號":null,"market_name":"綠色市集","行業代號1":null,"名稱1":null,"行業代號2":null,"名稱2":null,"行業代號3":null,"名稱3":null,"category":"夜市/市場攤販","id":10004262,"pay_list":"","pay_tool":""},{"index":174,"shop":"綠色市集-古坑社區發展協會","zone":"雲嘉南","city":"雲林縣","area":"古坑鄉","market_address":"舊台3線綠色隧道","user":"李麗珠","行業代號":null,"market_name":"綠色市集","行業代號1":null,"名稱1":null,"行業代號2":null,"名稱2":null,"行業代號3":null,"名稱3":null,"category":"夜市/市場攤販","id":10004263,"pay_list":"","pay_tool":""},{"index":175,"shop":"綠色市集-大浦社區發展協會","zone":"雲嘉南","city":"雲林縣","area":"古坑鄉","market_address":"舊台3線綠色隧道","user":"吳鳳嬌","行業代號":null,"market_name":"綠色市集","行業代號1":null,"名稱1":null,"行業代號2":null,"名稱2":null,"行業代號3":null,"名稱3":null,"category":"夜市/市場攤販","id":10004264,"pay_list":"","pay_tool":""},{"index":176,"shop":"綠色市集-麻園社區發展協會","zone":"雲嘉南","city":"雲林縣","area":"古坑鄉","market_address":"舊台3線綠色隧道","user":"符曼","行業代號":null,"market_name":"綠色市集","行業代號1":null,"名稱1":null,"行業代號2":null,"名稱2":null,"行業代號3":null,"名稱3":null,"category":"夜市/市場攤販","id":10004265,"pay_list":"","pay_tool":""},{"index":177,"shop":"綠色市集-田心社區發展協會","zone":"雲嘉南","city":"雲林縣","area":"古坑鄉","market_address":"舊台3線綠色隧道","user":"劉明聰","行業代號":null,"market_name":"綠色市集","行業代號1":null,"名稱1":null,"行業代號2":null,"名稱2":null,"行業代號3":null,"名稱3":null,"category":"夜市/市場攤販","id":10004266,"pay_list":"","pay_tool":""},{"index":178,"shop":"綠色市集-崁腳社區發展協會","zone":"雲嘉南","city":"雲林縣","area":"古坑鄉","market_address":"舊台3線綠色隧道","user":"許立憲","行業代號":null,"market_name":"綠色市集","行業代號1":null,"名稱1":null,"行業代號2":null,"名稱2":null,"行業代號3":null,"名稱3":null,"category":"夜市/市場攤販","id":10004267,"pay_list":"","pay_tool":""},{"index":179,"shop":"綠色市集-許素寧","zone":"雲嘉南","city":"雲林縣","area":"古坑鄉","market_address":"舊台3線綠色隧道","user":"許素寧","行業代號":null,"market_name":"綠色市集","行業代號1":null,"名稱1":null,"行業代號2":null,"名稱2":null,"行業代號3":null,"名稱3":null,"category":"夜市/市場攤販","id":10004268,"pay_list":"","pay_tool":""},{"index":180,"shop":"綠色市集-張翠屏","zone":"雲嘉南","city":"雲林縣","area":"古坑鄉","market_address":"舊台3線綠色隧道","user":"張翠屏","行業代號":null,"market_name":"綠色市集","行業代號1":null,"名稱1":null,"行業代號2":null,"名稱2":null,"行業代號3":null,"名稱3":null,"category":"夜市/市場攤販","id":10004269,"pay_list":"","pay_tool":""},{"index":181,"shop":"綠色市集-徐珠嬌","zone":"雲嘉南","city":"雲林縣","area":"古坑鄉","market_address":"舊台3線綠色隧道","user":"徐珠嬌","行業代號":null,"market_name":"綠色市集","行業代號1":null,"名稱1":null,"行業代號2":null,"名稱2":null,"行業代號3":null,"名稱3":null,"category":"夜市/市場攤販","id":10004272,"pay_list":"","pay_tool":""},{"index":182,"shop":"綠色市集-社團法人雲林縣古坑綠色市集農產觀光發展協會","zone":"雲嘉南","city":"雲林縣","area":"古坑鄉","market_address":"舊台3線綠色隧道","user":"凌文鵬","行業代號":null,"market_name":"綠色市集","行業代號1":null,"名稱1":null,"行業代號2":null,"名稱2":null,"行業代號3":null,"名稱3":null,"category":"夜市/市場攤販","id":10004273,"pay_list":"","pay_tool":""},{"index":183,"shop":"綠色市集-陳明裕","zone":"雲嘉南","city":"雲林縣","area":"古坑鄉","market_address":"舊台3線綠色隧道","user":"陳明裕","行業代號":null,"market_name":"綠色市集","行業代號1":null,"名稱1":null,"行業代號2":null,"名稱2":null,"行業代號3":null,"名稱3":null,"category":"夜市/市場攤販","id":10004274,"pay_list":"","pay_tool":""},{"index":184,"shop":"綠色市集-許琇年","zone":"雲嘉南","city":"雲林縣","area":"古坑鄉","market_address":"舊台3線綠色隧道","user":"許琇年","行業代號":null,"market_name":"綠色市集","行業代號1":null,"名稱1":null,"行業代號2":null,"名稱2":null,"行業代號3":null,"名稱3":null,"category":"夜市/市場攤販","id":10004275,"pay_list":"","pay_tool":""},{"index":185,"shop":"綠色市集-周昭頤","zone":"雲嘉南","city":"雲林縣","area":"古坑鄉","market_address":"舊台3線綠色隧道","user":"周昭頤","行業代號":null,"market_name":"綠色市集","行業代號1":null,"名稱1":null,"行業代號2":null,"名稱2":null,"行業代號3":null,"名稱3":null,"category":"夜市/市場攤販","id":10004276,"pay_list":"","pay_tool":""},{"index":186,"shop":"綠色市集-光華社區發展協會","zone":"雲嘉南","city":"雲林縣","area":"古坑鄉","market_address":"舊台3線綠色隧道","user":"王秀如","行業代號":null,"market_name":"綠色市集","行業代號1":null,"名稱1":null,"行業代號2":null,"名稱2":null,"行業代號3":null,"名稱3":null,"category":"夜市/市場攤販","id":10004277,"pay_list":"","pay_tool":""},{"index":187,"shop":"綠色市集-楊若嘉","zone":"雲嘉南","city":"雲林縣","area":"古坑鄉","market_address":"舊台3線綠色隧道","user":"楊若嘉","行業代號":null,"market_name":"綠色市集","行業代號1":null,"名稱1":null,"行業代號2":null,"名稱2":null,"行業代號3":null,"名稱3":null,"category":"夜市/市場攤販","id":10004278,"pay_list":"","pay_tool":""},{"index":188,"shop":"綠色市集-吳彬旗","zone":"雲嘉南","city":"雲林縣","area":"古坑鄉","market_address":"舊台3線綠色隧道","user":"吳彬旗","行業代號":null,"market_name":"綠色市集","行業代號1":null,"名稱1":null,"行業代號2":null,"名稱2":null,"行業代號3":null,"名稱3":null,"category":"夜市/市場攤販","id":10004279,"pay_list":"","pay_tool":""},{"index":189,"shop":"綠色市集-周杉元","zone":"雲嘉南","city":"雲林縣","area":"古坑鄉","market_address":"舊台3線綠色隧道","user":"周杉元","行業代號":null,"market_name":"綠色市集","行業代號1":null,"名稱1":null,"行業代號2":null,"名稱2":null,"行業代號3":null,"名稱3":null,"category":"夜市/市場攤販","id":10004280,"pay_list":"","pay_tool":""},{"index":190,"shop":"綠色市集-陳慧敏","zone":"雲嘉南","city":"雲林縣","area":"古坑鄉","market_address":"舊台3線綠色隧道","user":"陳慧敏","行業代號":null,"market_name":"綠色市集","行業代號1":null,"名稱1":null,"行業代號2":null,"名稱2":null,"行業代號3":null,"名稱3":null,"category":"夜市/市場攤販","id":10004281,"pay_list":"","pay_tool":""},{"index":191,"shop":"綠色市集-吳榮科","zone":"雲嘉南","city":"雲林縣","area":"古坑鄉","market_address":"舊台3線綠色隧道","user":"吳榮科","行業代號":null,"market_name":"綠色市集","行業代號1":null,"名稱1":null,"行業代號2":null,"名稱2":null,"行業代號3":null,"名稱3":null,"category":"夜市/市場攤販","id":10004283,"pay_list":"","pay_tool":""},{"index":192,"shop":"綠色市集-鄧祁元","zone":"雲嘉南","city":"雲林縣","area":"古坑鄉","market_address":"舊台3線綠色隧道","user":"鄧祁元","行業代號":null,"market_name":"綠色市集","行業代號1":null,"名稱1":null,"行業代號2":null,"名稱2":null,"行業代號3":null,"名稱3":null,"category":"夜市/市場攤販","id":10004284,"pay_list":"","pay_tool":""},{"index":193,"shop":"綠色市集-瑩州農產行","zone":"雲嘉南","city":"雲林縣","area":"古坑鄉","market_address":"舊台3線綠色隧道","user":"廖宜燈","行業代號":null,"market_name":"綠色市集","行業代號1":null,"名稱1":null,"行業代號2":null,"名稱2":null,"行業代號3":null,"名稱3":null,"category":"夜市/市場攤販","id":10004285,"pay_list":"","pay_tool":""},{"index":194,"shop":"綠色市集-陳淑娟","zone":"雲嘉南","city":"雲林縣","area":"古坑鄉","market_address":"舊台3線綠色隧道","user":"陳淑娟","行業代號":null,"market_name":"綠色市集","行業代號1":null,"名稱1":null,"行業代號2":null,"名稱2":null,"行業代號3":null,"名稱3":null,"category":"夜市/市場攤販","id":10004286,"pay_list":"","pay_tool":""},{"index":195,"shop":"綠色市集-廖崇志","zone":"雲嘉南","city":"雲林縣","area":"古坑鄉","market_address":"舊台3線綠色隧道","user":"廖崇志","行業代號":null,"market_name":"綠色市集","行業代號1":null,"名稱1":null,"行業代號2":null,"名稱2":null,"行業代號3":null,"名稱3":null,"category":"夜市/市場攤販","id":10004287,"pay_list":"","pay_tool":""},{"index":196,"shop":"綠色市集-廖崇志","zone":"雲嘉南","city":"雲林縣","area":"古坑鄉","market_address":"舊台3線綠色隧道","user":"廖崇志","行業代號":null,"market_name":"綠色市集","行業代號1":null,"名稱1":null,"行業代號2":null,"名稱2":null,"行業代號3":null,"名稱3":null,"category":"夜市/市場攤販","id":10004288,"pay_list":"","pay_tool":""},{"index":197,"shop":"綠色市集-李春秀","zone":"雲嘉南","city":"雲林縣","area":"古坑鄉","market_address":"舊台3線綠色隧道","user":"李春秀","行業代號":null,"market_name":"綠色市集","行業代號1":null,"名稱1":null,"行業代號2":null,"名稱2":null,"行業代號3":null,"名稱3":null,"category":"夜市/市場攤販","id":10004289,"pay_list":"","pay_tool":""},{"index":198,"shop":"綠色市集-劉嘉恩","zone":"雲嘉南","city":"雲林縣","area":"古坑鄉","market_address":"舊台3線綠色隧道","user":"劉嘉恩","行業代號":null,"market_name":"綠色市集","行業代號1":null,"名稱1":null,"行業代號2":null,"名稱2":null,"行業代號3":null,"名稱3":null,"category":"夜市/市場攤販","id":10004290,"pay_list":"","pay_tool":""},{"index":199,"shop":"綠色市集-陳翠芳","zone":"雲嘉南","city":"雲林縣","area":"古坑鄉","market_address":"舊台3線綠色隧道","user":"陳翠芳","行業代號":null,"market_name":"綠色市集","行業代號1":null,"名稱1":null,"行業代號2":null,"名稱2":null,"行業代號3":null,"名稱3":null,"category":"夜市/市場攤販","id":10004291,"pay_list":"","pay_tool":""},{"index":200,"shop":"綠色市集-許惠婷","zone":"雲嘉南","city":"雲林縣","area":"古坑鄉","market_address":"舊台3線綠色隧道","user":"許惠婷","行業代號":null,"market_name":"綠色市集","行業代號1":null,"名稱1":null,"行業代號2":null,"名稱2":null,"行業代號3":null,"名稱3":null,"category":"夜市/市場攤販","id":10004292,"pay_list":"","pay_tool":""}]