[{"index":1,"id":20016283,"user":"張憲明","shop":"張憲明","category":["夜市/市場攤販"],"zone":"高屏","city":"高雄市","area":"杉林區","market_name":["餐食攤販"],"market_address":"高雄市杉林區上平里山仙路４２之１號前面","pay_list":"","pay_tool":""},{"index":2,"id":20040805,"user":"徐秀麟","shop":"徐秀麟","category":["夜市/市場攤販"],"zone":"高屏","city":"高雄市","area":"杉林區","market_name":["餐食攤販"],"market_address":"高雄市杉林區上平里山仙路（杉林農會停車廣場）","pay_list":"","pay_tool":""}]