[{"index":1,"shop":"中山公有零售市場-小蜜蜂糖果屋","zone":"中彰投","city":"南投縣","area":"竹山鎮","market_address":"南投縣竹山鎮雲林路57-6號","user":"林美珠","行業代號":null,"market_name":"中山公有零售市場","行業代號1":null,"名稱1":null,"行業代號2":null,"名稱2":null,"行業代號3":null,"名稱3":null,"category":"夜市/市場攤販","id":10016336,"pay_list":"","pay_tool":""},{"index":2,"shop":"中山公有零售市場-千岱服飾","zone":"中彰投","city":"南投縣","area":"竹山鎮","market_address":"南投縣竹山鎮雲林路57-6號","user":"王淑慧","行業代號":null,"market_name":"中山公有零售市場","行業代號1":null,"名稱1":null,"行業代號2":null,"名稱2":null,"行業代號3":null,"名稱3":null,"category":"夜市/市場攤販","id":10016347,"pay_list":"","pay_tool":""},{"index":3,"shop":"中山公有零售市場-衣之林服飾店","zone":"中彰投","city":"南投縣","area":"竹山鎮","market_address":"南投縣竹山鎮雲林路57-6號","user":"陳建良","行業代號":null,"market_name":"中山公有零售市場","行業代號1":null,"名稱1":null,"行業代號2":null,"名稱2":null,"行業代號3":null,"名稱3":null,"category":"夜市/市場攤販","id":10016358,"pay_list":"","pay_tool":""},{"index":4,"shop":"中山公有零售市場-東陽鐘錶眼鏡行","zone":"中彰投","city":"南投縣","area":"竹山鎮","market_address":"南投縣竹山鎮雲林路57-6號","user":"劉照憲","行業代號":null,"market_name":"中山公有零售市場","行業代號1":null,"名稱1":null,"行業代號2":null,"名稱2":null,"行業代號3":null,"名稱3":null,"category":"夜市/市場攤販","id":10016369,"pay_list":"","pay_tool":""},{"index":5,"shop":"中山公有零售市場-林蔡雪","zone":"中彰投","city":"南投縣","area":"竹山鎮","market_address":"南投縣竹山鎮雲林路57-6號","user":"林蔡雪","行業代號":null,"market_name":"中山公有零售市場","行業代號1":null,"名稱1":null,"行業代號2":null,"名稱2":null,"行業代號3":null,"名稱3":null,"category":"夜市/市場攤販","id":10016382,"pay_list":"","pay_tool":""},{"index":6,"shop":"中山公有零售市場-原味香食品店","zone":"中彰投","city":"南投縣","area":"竹山鎮","market_address":"南投縣竹山鎮雲林路57-6號","user":"黃松原","行業代號":null,"market_name":"中山公有零售市場","行業代號1":null,"名稱1":null,"行業代號2":null,"名稱2":null,"行業代號3":null,"名稱3":null,"category":"夜市/市場攤販","id":10016393,"pay_list":"","pay_tool":""},{"index":7,"shop":"中山公有零售市場-民生行","zone":"中彰投","city":"南投縣","area":"竹山鎮","market_address":"南投縣竹山鎮雲林路57-6號","user":"賴朝源","行業代號":null,"market_name":"中山公有零售市場","行業代號1":null,"名稱1":null,"行業代號2":null,"名稱2":null,"行業代號3":null,"名稱3":null,"category":"夜市/市場攤販","id":10016404,"pay_list":"","pay_tool":""},{"index":8,"shop":"竹山第一公有零售市場-新日隆商店","zone":"中彰投","city":"南投縣","area":"竹山鎮","market_address":"南投縣竹山鎮橫街90號","user":"郭文裕","行業代號":null,"market_name":"竹山第一公有零售市場","行業代號1":null,"名稱1":null,"行業代號2":null,"名稱2":null,"行業代號3":null,"名稱3":null,"category":"夜市/市場攤販","id":10016415,"pay_list":"","pay_tool":""},{"index":9,"shop":"竹山第一公有零售市場-林滿榮","zone":"中彰投","city":"南投縣","area":"竹山鎮","market_address":"南投縣竹山鎮橫街90號","user":"林滿榮","行業代號":null,"market_name":"竹山第一公有零售市場","行業代號1":null,"名稱1":null,"行業代號2":null,"名稱2":null,"行業代號3":null,"名稱3":null,"category":"夜市/市場攤販","id":10016426,"pay_list":"","pay_tool":""},{"index":10,"shop":"竹山第一公有零售市場-立成五金行","zone":"中彰投","city":"南投縣","area":"竹山鎮","market_address":"南投縣竹山鎮橫街90號","user":"葉清忠","行業代號":null,"market_name":"竹山第一公有零售市場","行業代號1":null,"名稱1":null,"行業代號2":null,"名稱2":null,"行業代號3":null,"名稱3":null,"category":"夜市/市場攤販","id":10016437,"pay_list":"","pay_tool":""},{"index":11,"shop":"竹山第一公有零售市場-農昌種子行","zone":"中彰投","city":"南投縣","area":"竹山鎮","market_address":"南投縣竹山鎮橫街90號","user":"莊錦輝","行業代號":null,"market_name":"竹山第一公有零售市場","行業代號1":null,"名稱1":null,"行業代號2":null,"名稱2":null,"行業代號3":null,"名稱3":null,"category":"夜市/市場攤販","id":10016448,"pay_list":"","pay_tool":""},{"index":12,"shop":"竹山第一公有零售市場-農昌種子行","zone":"中彰投","city":"南投縣","area":"竹山鎮","market_address":"南投縣竹山鎮橫街90號","user":"莊錦煌","行業代號":null,"market_name":"竹山第一公有零售市場","行業代號1":null,"名稱1":null,"行業代號2":null,"名稱2":null,"行業代號3":null,"名稱3":null,"category":"夜市/市場攤販","id":10016459,"pay_list":"","pay_tool":""},{"index":13,"shop":"竹山第一公有零售市場-農昌種子行","zone":"中彰投","city":"南投縣","area":"竹山鎮","market_address":"南投縣竹山鎮橫街90號","user":"莊素珍","行業代號":null,"market_name":"竹山第一公有零售市場","行業代號1":null,"名稱1":null,"行業代號2":null,"名稱2":null,"行業代號3":null,"名稱3":null,"category":"夜市/市場攤販","id":10016470,"pay_list":"","pay_tool":""},{"index":14,"shop":"竹山第一公有零售市場-農昌種子行","zone":"中彰投","city":"南投縣","area":"竹山鎮","market_address":"南投縣竹山鎮橫街90號","user":"簡淑惠","行業代號":null,"market_name":"竹山第一公有零售市場","行業代號1":null,"名稱1":null,"行業代號2":null,"名稱2":null,"行業代號3":null,"名稱3":null,"category":"夜市/市場攤販","id":10016481,"pay_list":"","pay_tool":""},{"index":15,"shop":"竹山第一公有零售市場-台灣味蔥抓餅","zone":"中彰投","city":"南投縣","area":"竹山鎮","market_address":"南投縣竹山鎮橫街90號","user":"葉景亮","行業代號":null,"market_name":"竹山第一公有零售市場","行業代號1":null,"名稱1":null,"行業代號2":null,"名稱2":null,"行業代號3":null,"名稱3":null,"category":"夜市/市場攤販","id":10016493,"pay_list":"","pay_tool":""},{"index":16,"shop":"竹山第一公有零售市場-愛兒房","zone":"中彰投","city":"南投縣","area":"竹山鎮","market_address":"南投縣竹山鎮橫街90號","user":"林秀容","行業代號":null,"market_name":"竹山第一公有零售市場","行業代號1":null,"名稱1":null,"行業代號2":null,"名稱2":null,"行業代號3":null,"名稱3":null,"category":"夜市/市場攤販","id":10016504,"pay_list":"","pay_tool":""},{"index":17,"shop":"竹山第一公有零售市場-國清藥局","zone":"中彰投","city":"南投縣","area":"竹山鎮","market_address":"南投縣竹山鎮橫街90號","user":"陳聯翹","行業代號":null,"market_name":"竹山第一公有零售市場","行業代號1":null,"名稱1":null,"行業代號2":null,"名稱2":null,"行業代號3":null,"名稱3":null,"category":"夜市/市場攤販","id":10016515,"pay_list":"","pay_tool":""},{"index":18,"shop":"竹山第一公有零售市場-林家飼料行","zone":"中彰投","city":"南投縣","area":"竹山鎮","market_address":"南投縣竹山鎮橫街90號","user":"林倫山","行業代號":null,"market_name":"竹山第一公有零售市場","行業代號1":null,"名稱1":null,"行業代號2":null,"名稱2":null,"行業代號3":null,"名稱3":null,"category":"夜市/市場攤販","id":10016526,"pay_list":"","pay_tool":""},{"index":19,"shop":"竹山第一公有零售市場-吳美蓮","zone":"中彰投","city":"南投縣","area":"竹山鎮","market_address":"南投縣竹山鎮橫街90號","user":"吳美蓮","行業代號":null,"market_name":"竹山第一公有零售市場","行業代號1":null,"名稱1":null,"行業代號2":null,"名稱2":null,"行業代號3":null,"名稱3":null,"category":"夜市/市場攤販","id":10016537,"pay_list":"","pay_tool":""},{"index":20,"shop":"竹山第一公有零售市場-劉白雲","zone":"中彰投","city":"南投縣","area":"竹山鎮","market_address":"南投縣竹山鎮橫街90號","user":"劉白雲","行業代號":null,"market_name":"竹山第一公有零售市場","行業代號1":null,"名稱1":null,"行業代號2":null,"名稱2":null,"行業代號3":null,"名稱3":null,"category":"夜市/市場攤販","id":10016548,"pay_list":"","pay_tool":""},{"index":21,"shop":"竹山第一公有零售市場-林素卿","zone":"中彰投","city":"南投縣","area":"竹山鎮","market_address":"南投縣竹山鎮橫街90號","user":"林素卿","行業代號":null,"market_name":"竹山第一公有零售市場","行業代號1":null,"名稱1":null,"行業代號2":null,"名稱2":null,"行業代號3":null,"名稱3":null,"category":"夜市/市場攤販","id":10016559,"pay_list":"","pay_tool":""},{"index":22,"shop":"竹山第一公有零售市場-愛兒房","zone":"中彰投","city":"南投縣","area":"竹山鎮","market_address":"南投縣竹山鎮橫街90號","user":"葉書萍","行業代號":null,"market_name":"竹山第一公有零售市場","行業代號1":null,"名稱1":null,"行業代號2":null,"名稱2":null,"行業代號3":null,"名稱3":null,"category":"夜市/市場攤販","id":10016570,"pay_list":"","pay_tool":""},{"index":23,"shop":"竹山第一公有零售市場-鎮山商店","zone":"中彰投","city":"南投縣","area":"竹山鎮","market_address":"南投縣竹山鎮橫街90號","user":"劉建志","行業代號":null,"market_name":"竹山第一公有零售市場","行業代號1":null,"名稱1":null,"行業代號2":null,"名稱2":null,"行業代號3":null,"名稱3":null,"category":"夜市/市場攤販","id":10016581,"pay_list":"","pay_tool":""},{"index":24,"shop":"竹山第一公有零售市場-吳崇熙","zone":"中彰投","city":"南投縣","area":"竹山鎮","market_address":"南投縣竹山鎮橫街90號","user":"吳崇熙","行業代號":null,"market_name":"竹山第一公有零售市場","行業代號1":null,"名稱1":null,"行業代號2":null,"名稱2":null,"行業代號3":null,"名稱3":null,"category":"夜市/市場攤販","id":10016592,"pay_list":"","pay_tool":""},{"index":25,"shop":"竹山第一公有零售市場-王美鳳","zone":"中彰投","city":"南投縣","area":"竹山鎮","market_address":"南投縣竹山鎮橫街90號","user":"王美鳳","行業代號":null,"market_name":"竹山第一公有零售市場","行業代號1":null,"名稱1":null,"行業代號2":null,"名稱2":null,"行業代號3":null,"名稱3":null,"category":"夜市/市場攤販","id":10016604,"pay_list":"","pay_tool":""},{"index":26,"shop":"竹山第一公有零售市場-許緯乾","zone":"中彰投","city":"南投縣","area":"竹山鎮","market_address":"南投縣竹山鎮橫街90號","user":"許緯乾","行業代號":null,"market_name":"竹山第一公有零售市場","行業代號1":null,"名稱1":null,"行業代號2":null,"名稱2":null,"行業代號3":null,"名稱3":null,"category":"夜市/市場攤販","id":10016615,"pay_list":"","pay_tool":""},{"index":27,"shop":"竹山第一公有零售市場-和春洋品店","zone":"中彰投","city":"南投縣","area":"竹山鎮","market_address":"南投縣竹山鎮橫街90號","user":"鄭玉梅","行業代號":null,"market_name":"竹山第一公有零售市場","行業代號1":null,"名稱1":null,"行業代號2":null,"名稱2":null,"行業代號3":null,"名稱3":null,"category":"夜市/市場攤販","id":10016626,"pay_list":"","pay_tool":""},{"index":28,"shop":"竹山第一公有零售市場-鄭嘉瑩","zone":"中彰投","city":"南投縣","area":"竹山鎮","market_address":"南投縣竹山鎮橫街90號","user":"鄭嘉瑩","行業代號":null,"market_name":"竹山第一公有零售市場","行業代號1":null,"名稱1":null,"行業代號2":null,"名稱2":null,"行業代號3":null,"名稱3":null,"category":"夜市/市場攤販","id":10016637,"pay_list":"","pay_tool":""},{"index":29,"shop":"竹山第一公有零售市場-林淑芬","zone":"中彰投","city":"南投縣","area":"竹山鎮","market_address":"南投縣竹山鎮橫街90號","user":"林淑芬","行業代號":null,"market_name":"竹山第一公有零售市場","行業代號1":null,"名稱1":null,"行業代號2":null,"名稱2":null,"行業代號3":null,"名稱3":null,"category":"夜市/市場攤販","id":10016648,"pay_list":"","pay_tool":""},{"index":30,"shop":"竹山第一公有零售市場-陳家惶","zone":"中彰投","city":"南投縣","area":"竹山鎮","market_address":"南投縣竹山鎮橫街90號","user":"陳家惶","行業代號":null,"market_name":"竹山第一公有零售市場","行業代號1":null,"名稱1":null,"行業代號2":null,"名稱2":null,"行業代號3":null,"名稱3":null,"category":"夜市/市場攤販","id":10016659,"pay_list":"","pay_tool":""},{"index":31,"shop":"竹山第一公有零售市場-陳詠唐","zone":"中彰投","city":"南投縣","area":"竹山鎮","market_address":"南投縣竹山鎮橫街90號","user":"陳詠唐","行業代號":null,"market_name":"竹山第一公有零售市場","行業代號1":null,"名稱1":null,"行業代號2":null,"名稱2":null,"行業代號3":null,"名稱3":null,"category":"夜市/市場攤販","id":10016670,"pay_list":"","pay_tool":""},{"index":32,"shop":"竹山第一公有零售市場-劉?紅","zone":"中彰投","city":"南投縣","area":"竹山鎮","market_address":"南投縣竹山鎮橫街90號","user":"劉?紅","行業代號":null,"market_name":"竹山第一公有零售市場","行業代號1":null,"名稱1":null,"行業代號2":null,"名稱2":null,"行業代號3":null,"名稱3":null,"category":"夜市/市場攤販","id":10016681,"pay_list":"","pay_tool":""},{"index":33,"shop":"竹山第一公有零售市場-杯樂飲料店","zone":"中彰投","city":"南投縣","area":"竹山鎮","market_address":"南投縣竹山鎮橫街90號","user":"楊儒欽","行業代號":null,"market_name":"竹山第一公有零售市場","行業代號1":null,"名稱1":null,"行業代號2":null,"名稱2":null,"行業代號3":null,"名稱3":null,"category":"夜市/市場攤販","id":10016692,"pay_list":"","pay_tool":""},{"index":34,"shop":"竹山第一公有零售市場-陳宣志","zone":"中彰投","city":"南投縣","area":"竹山鎮","market_address":"南投縣竹山鎮橫街90號","user":"陳宣志","行業代號":null,"market_name":"竹山第一公有零售市場","行業代號1":null,"名稱1":null,"行業代號2":null,"名稱2":null,"行業代號3":null,"名稱3":null,"category":"夜市/市場攤販","id":10016703,"pay_list":"","pay_tool":""},{"index":35,"shop":"竹山第一公有零售市場-林育君","zone":"中彰投","city":"南投縣","area":"竹山鎮","market_address":"南投縣竹山鎮橫街90號","user":"林育君","行業代號":null,"market_name":"竹山第一公有零售市場","行業代號1":null,"名稱1":null,"行業代號2":null,"名稱2":null,"行業代號3":null,"名稱3":null,"category":"夜市/市場攤販","id":10016715,"pay_list":"","pay_tool":""},{"index":36,"shop":"竹山第一公有零售市場-和順行","zone":"中彰投","city":"南投縣","area":"竹山鎮","market_address":"南投縣竹山鎮橫街90號","user":"黃美雅","行業代號":null,"market_name":"竹山第一公有零售市場","行業代號1":null,"名稱1":null,"行業代號2":null,"名稱2":null,"行業代號3":null,"名稱3":null,"category":"夜市/市場攤販","id":10016726,"pay_list":"","pay_tool":""},{"index":37,"shop":"竹山第一公有零售市場-高瑜彤","zone":"中彰投","city":"南投縣","area":"竹山鎮","market_address":"南投縣竹山鎮橫街90號","user":"高瑜彤","行業代號":null,"market_name":"竹山第一公有零售市場","行業代號1":null,"名稱1":null,"行業代號2":null,"名稱2":null,"行業代號3":null,"名稱3":null,"category":"夜市/市場攤販","id":10016737,"pay_list":"","pay_tool":""},{"index":38,"shop":"竹山第一公有零售市場-宏明堂藥房","zone":"中彰投","city":"南投縣","area":"竹山鎮","market_address":"南投縣竹山鎮橫街90號","user":"郭煥昕","行業代號":null,"market_name":"竹山第一公有零售市場","行業代號1":null,"名稱1":null,"行業代號2":null,"名稱2":null,"行業代號3":null,"名稱3":null,"category":"夜市/市場攤販","id":10016748,"pay_list":"","pay_tool":""},{"index":39,"shop":"竹山第一公有零售市場-黃瑤玫","zone":"中彰投","city":"南投縣","area":"竹山鎮","market_address":"南投縣竹山鎮橫街90號","user":"黃瑤玫","行業代號":null,"market_name":"竹山第一公有零售市場","行業代號1":null,"名稱1":null,"行業代號2":null,"名稱2":null,"行業代號3":null,"名稱3":null,"category":"夜市/市場攤販","id":10016759,"pay_list":"","pay_tool":""},{"index":40,"shop":"竹山第一公有零售市場-福園港式叉燒","zone":"中彰投","city":"南投縣","area":"竹山鎮","market_address":"南投縣竹山鎮橫街90號","user":"蔡玉珠","行業代號":null,"market_name":"竹山第一公有零售市場","行業代號1":null,"名稱1":null,"行業代號2":null,"名稱2":null,"行業代號3":null,"名稱3":null,"category":"夜市/市場攤販","id":10016770,"pay_list":"","pay_tool":""},{"index":41,"shop":"竹山第一公有零售市場-佳香早餐店","zone":"中彰投","city":"南投縣","area":"竹山鎮","market_address":"南投縣竹山鎮橫街90號","user":"陳瓊美","行業代號":null,"market_name":"竹山第一公有零售市場","行業代號1":null,"名稱1":null,"行業代號2":null,"名稱2":null,"行業代號3":null,"名稱3":null,"category":"夜市/市場攤販","id":10016781,"pay_list":"","pay_tool":""},{"index":42,"shop":"竹山第一公有零售市場-日船小丸子","zone":"中彰投","city":"南投縣","area":"竹山鎮","market_address":"南投縣竹山鎮橫街90號","user":"李美謙","行業代號":null,"market_name":"竹山第一公有零售市場","行業代號1":null,"名稱1":null,"行業代號2":null,"名稱2":null,"行業代號3":null,"名稱3":null,"category":"夜市/市場攤販","id":10016792,"pay_list":"","pay_tool":""},{"index":43,"shop":"水哮竹海客棧","zone":"中彰投","city":"南投縣","area":"竹山鎮","market_address":"南投縣竹山鎮大鞍里頂林路５５１號","user":"辜聰雄","行業代號":null,"market_name":["餐食攤販","運動及娛樂用品租賃"],"行業代號1":null,"名稱1":null,"行業代號2":null,"名稱2":null,"行業代號3":null,"名稱3":null,"category":["夜市/市場攤販"],"id":20001484,"pay_list":"","pay_tool":""},{"index":44,"shop":"攤販","zone":"中彰投","city":"南投縣","area":"竹山鎮","market_address":"南投縣竹山鎮中崎里集山路３段１４８２號前","user":"楊玉美","行業代號":null,"market_name":["餐食攤販"],"行業代號1":null,"名稱1":null,"行業代號2":null,"名稱2":null,"行業代號3":null,"名稱3":null,"category":["夜市/市場攤販"],"id":20001490,"pay_list":"","pay_tool":""},{"index":45,"shop":"七分醉海產","zone":"中彰投","city":"南投縣","area":"竹山鎮","market_address":"南投縣竹山鎮延祥里集山路３段１４０號","user":"鍾麗英","行業代號":null,"market_name":["餐食攤販"],"行業代號1":null,"名稱1":null,"行業代號2":null,"名稱2":null,"行業代號3":null,"名稱3":null,"category":["夜市/市場攤販"],"id":20001493,"pay_list":"","pay_tool":""},{"index":46,"shop":"張隆振","zone":"中彰投","city":"南投縣","area":"竹山鎮","market_address":"南投縣竹山鎮竹山里１４鄰竹山路２１號","user":"張隆振","行業代號":null,"market_name":["餐食攤販","視唱中心（ＫＴＶ）"],"行業代號1":null,"名稱1":null,"行業代號2":null,"名稱2":null,"行業代號3":null,"名稱3":null,"category":["夜市/市場攤販"],"id":20003557,"pay_list":"","pay_tool":""},{"index":47,"shop":"山頂上甕缸雞","zone":"中彰投","city":"南投縣","area":"竹山鎮","market_address":"南投縣竹山鎮山崇里集山路１段２３１６號旁","user":"林金英","行業代號":null,"market_name":["餐食攤販"],"行業代號1":null,"名稱1":null,"行業代號2":null,"名稱2":null,"行業代號3":null,"名稱3":null,"category":["夜市/市場攤販"],"id":20006549,"pay_list":"","pay_tool":""},{"index":48,"shop":"秀霞小吃","zone":"中彰投","city":"南投縣","area":"竹山鎮","market_address":"南投縣竹山鎮竹山里下橫街５９之１之１號","user":"張淑倫","行業代號":null,"market_name":["餐食攤販"],"行業代號1":null,"名稱1":null,"行業代號2":null,"名稱2":null,"行業代號3":null,"名稱3":null,"category":["夜市/市場攤販"],"id":20008584,"pay_list":"","pay_tool":""},{"index":49,"shop":"坤谷小吃部","zone":"中彰投","city":"南投縣","area":"竹山鎮","market_address":"南投縣竹山鎮延平里集山路３段２－１號","user":"黃昭憲","行業代號":null,"market_name":["餐食攤販"],"行業代號1":null,"名稱1":null,"行業代號2":null,"名稱2":null,"行業代號3":null,"名稱3":null,"category":["夜市/市場攤販"],"id":20008587,"pay_list":"","pay_tool":""},{"index":50,"shop":"麥味登延平店","zone":"中彰投","city":"南投縣","area":"竹山鎮","market_address":"南投縣竹山鎮延平里集山路３段１５號","user":"蕭家景","行業代號":null,"market_name":["餐食攤販"],"行業代號1":null,"名稱1":null,"行業代號2":null,"名稱2":null,"行業代號3":null,"名稱3":null,"category":["夜市/市場攤販"],"id":20008588,"pay_list":"","pay_tool":""},{"index":51,"shop":"雅加達","zone":"中彰投","city":"南投縣","area":"竹山鎮","market_address":"南投縣竹山鎮竹圍里大明路５６６號","user":"陳李英","行業代號":null,"market_name":["餐食攤販"],"行業代號1":null,"名稱1":null,"行業代號2":null,"名稱2":null,"行業代號3":null,"名稱3":null,"category":["夜市/市場攤販"],"id":20008590,"pay_list":"","pay_tool":""},{"index":52,"shop":"永明奶舖","zone":"中彰投","city":"南投縣","area":"竹山鎮","market_address":"南投縣竹山鎮延和里鹿山路３８號","user":"彭大川","行業代號":null,"market_name":["調理飲料攤販"],"行業代號1":null,"名稱1":null,"行業代號2":null,"名稱2":null,"行業代號3":null,"名稱3":null,"category":["夜市/市場攤販"],"id":20008591,"pay_list":"","pay_tool":""},{"index":53,"shop":"詹媽媽脆皮炸雞","zone":"中彰投","city":"南投縣","area":"竹山鎮","market_address":"南投縣竹山鎮延和里鹿山路３８號","user":"蕭秀月","行業代號":null,"market_name":["餐食攤販"],"行業代號1":null,"名稱1":null,"行業代號2":null,"名稱2":null,"行業代號3":null,"名稱3":null,"category":["夜市/市場攤販"],"id":20008592,"pay_list":"","pay_tool":""},{"index":54,"shop":"美而美早餐（延平店)","zone":"中彰投","city":"南投縣","area":"竹山鎮","market_address":"南投縣竹山鎮延平里３鄰集山路２段１１６７號","user":"張淑楨","行業代號":null,"market_name":["餐食攤販"],"行業代號1":null,"名稱1":null,"行業代號2":null,"名稱2":null,"行業代號3":null,"名稱3":null,"category":["夜市/市場攤販"],"id":20008595,"pay_list":"","pay_tool":""},{"index":55,"shop":"佳味自助餐","zone":"中彰投","city":"南投縣","area":"竹山鎮","market_address":"南投縣竹山鎮山崇里集山路２段１６之３號","user":"李瑞龍","行業代號":null,"market_name":["餐食攤販"],"行業代號1":null,"名稱1":null,"行業代號2":null,"名稱2":null,"行業代號3":null,"名稱3":null,"category":["夜市/市場攤販"],"id":20008615,"pay_list":"","pay_tool":""},{"index":56,"shop":"家鄉魷魚??","zone":"中彰投","city":"南投縣","area":"竹山鎮","market_address":"南投縣竹山鎮中正里１３鄰菜園路１１―２號","user":"簡月鳳","行業代號":null,"market_name":["餐食攤販"],"行業代號1":null,"名稱1":null,"行業代號2":null,"名稱2":null,"行業代號3":null,"名稱3":null,"category":["夜市/市場攤販"],"id":20011536,"pay_list":"","pay_tool":""},{"index":57,"shop":"圓滿料理","zone":"中彰投","city":"南投縣","area":"竹山鎮","market_address":"南投縣竹山鎮山崇里集山路２段２６１－１號","user":"賴根松","行業代號":null,"market_name":["餐食攤販","調理飲料攤販"],"行業代號1":null,"名稱1":null,"行業代號2":null,"名稱2":null,"行業代號3":null,"名稱3":null,"category":["夜市/市場攤販","餐飲"],"id":20012747,"pay_list":"","pay_tool":""},{"index":58,"shop":"我家悠閒站","zone":"中彰投","city":"南投縣","area":"竹山鎮","market_address":"南投縣竹山鎮中山里菜園路４６號之３（前）","user":"陳虹修","行業代號":null,"market_name":["調理飲料攤販"],"行業代號1":null,"名稱1":null,"行業代號2":null,"名稱2":null,"行業代號3":null,"名稱3":null,"category":["夜市/市場攤販"],"id":20013135,"pay_list":"","pay_tool":""},{"index":59,"shop":"咕嚕咕嚕泡沫冷熱系列","zone":"中彰投","city":"南投縣","area":"竹山鎮","market_address":"南投縣竹山鎮雲林里集山路３段１０４６號前","user":"董盈玲","行業代號":null,"market_name":["調理飲料攤販"],"行業代號1":null,"名稱1":null,"行業代號2":null,"名稱2":null,"行業代號3":null,"名稱3":null,"category":["夜市/市場攤販"],"id":20013136,"pay_list":"","pay_tool":""},{"index":60,"shop":"藤湖小吃部","zone":"中彰投","city":"南投縣","area":"竹山鎮","market_address":"南投縣竹山鎮延平里集山路２段６１７號","user":"吳文玲","行業代號":null,"market_name":["餐食攤販"],"行業代號1":null,"名稱1":null,"行業代號2":null,"名稱2":null,"行業代號3":null,"名稱3":null,"category":["夜市/市場攤販"],"id":20013179,"pay_list":"","pay_tool":""},{"index":61,"shop":"南投意麵","zone":"中彰投","city":"南投縣","area":"竹山鎮","market_address":"南投縣竹山鎮社寮里大公街（紫南宮）Ａ棟空地","user":"莊淑琴","行業代號":null,"market_name":["餐食攤販"],"行業代號1":null,"名稱1":null,"行業代號2":null,"名稱2":null,"行業代號3":null,"名稱3":null,"category":["夜市/市場攤販"],"id":20013801,"pay_list":"","pay_tool":""},{"index":62,"shop":"何林笑（攤販）","zone":"中彰投","city":"南投縣","area":"竹山鎮","market_address":"南投縣竹山鎮社寮里大公街（紫南宮）Ｂ棟空地","user":"何林笑","行業代號":null,"market_name":["餐食攤販"],"行業代號1":null,"名稱1":null,"行業代號2":null,"名稱2":null,"行業代號3":null,"名稱3":null,"category":["夜市/市場攤販"],"id":20013804,"pay_list":"","pay_tool":""},{"index":63,"shop":"福伯黃金雞","zone":"中彰投","city":"南投縣","area":"竹山鎮","market_address":"南投縣竹山鎮山崇里集山路１段１８３５號旁","user":"楊小燕","行業代號":null,"market_name":["餐食攤販","飲料零售"],"行業代號1":null,"名稱1":null,"行業代號2":null,"名稱2":null,"行業代號3":null,"名稱3":null,"category":["夜市/市場攤販"],"id":20014990,"pay_list":"","pay_tool":""},{"index":64,"shop":"阿仁甕缸雞","zone":"中彰投","city":"南投縣","area":"竹山鎮","market_address":"南投縣竹山鎮社寮里集山路一段１６６７號","user":"林家禎","行業代號":null,"market_name":["餐食攤販","飲料零售"],"行業代號1":null,"名稱1":null,"行業代號2":null,"名稱2":null,"行業代號3":null,"名稱3":null,"category":["夜市/市場攤販"],"id":20015041,"pay_list":"","pay_tool":""},{"index":65,"shop":"台雞店甕仔雞","zone":"中彰投","city":"南投縣","area":"竹山鎮","market_address":"南投縣竹山鎮山崇里集山路２段１６０－１號","user":"黃淑櫻","行業代號":null,"market_name":["餐食攤販"],"行業代號1":null,"名稱1":null,"行業代號2":null,"名稱2":null,"行業代號3":null,"名稱3":null,"category":["夜市/市場攤販"],"id":20018498,"pay_list":"","pay_tool":""},{"index":66,"shop":"社寮甕缸雞","zone":"中彰投","city":"南投縣","area":"竹山鎮","market_address":"南投縣竹山鎮山崇里集山路１段１８８６號前面","user":"徐燕珍","行業代號":null,"market_name":["餐食攤販"],"行業代號1":null,"名稱1":null,"行業代號2":null,"名稱2":null,"行業代號3":null,"名稱3":null,"category":["夜市/市場攤販"],"id":20018522,"pay_list":"","pay_tool":""},{"index":67,"shop":"竹山飽休息站","zone":"中彰投","city":"南投縣","area":"竹山鎮","market_address":"南投縣竹山鎮社寮里００９鄰集山路一段１７８８號","user":"林麗英","行業代號":null,"market_name":["餐食攤販"],"行業代號1":null,"名稱1":null,"行業代號2":null,"名稱2":null,"行業代號3":null,"名稱3":null,"category":["夜市/市場攤販"],"id":20018737,"pay_list":"","pay_tool":""},{"index":68,"shop":"泉聯小吃部","zone":"中彰投","city":"南投縣","area":"竹山鎮","market_address":"南投縣竹山鎮竹圍里大榮街１３０號","user":"賴瑞旻","行業代號":null,"market_name":["餐食攤販"],"行業代號1":null,"名稱1":null,"行業代號2":null,"名稱2":null,"行業代號3":null,"名稱3":null,"category":["夜市/市場攤販"],"id":20018774,"pay_list":"","pay_tool":""},{"index":69,"shop":"施玉燕","zone":"中彰投","city":"南投縣","area":"竹山鎮","market_address":"南投縣竹山鎮中正里１鄰雲林路１１號","user":"施玉燕","行業代號":null,"market_name":["餐食攤販"],"行業代號1":null,"名稱1":null,"行業代號2":null,"名稱2":null,"行業代號3":null,"名稱3":null,"category":["夜市/市場攤販"],"id":20018821,"pay_list":"","pay_tool":""},{"index":70,"shop":"海雞會甕缸雞","zone":"中彰投","city":"南投縣","area":"竹山鎮","market_address":"南投縣竹山鎮山崇里集山路２段１１０號","user":"謝張來春","行業代號":null,"market_name":["餐食攤販","飲料零售"],"行業代號1":null,"名稱1":null,"行業代號2":null,"名稱2":null,"行業代號3":null,"名稱3":null,"category":["夜市/市場攤販"],"id":20018879,"pay_list":"","pay_tool":""},{"index":71,"shop":"黃慧敏","zone":"中彰投","city":"南投縣","area":"竹山鎮","market_address":"南投縣竹山鎮延和里大智路３６號","user":"黃慧敏","行業代號":null,"market_name":["餐食攤販"],"行業代號1":null,"名稱1":null,"行業代號2":null,"名稱2":null,"行業代號3":null,"名稱3":null,"category":["夜市/市場攤販"],"id":20018890,"pay_list":"","pay_tool":""},{"index":72,"shop":"鄭筠蓁","zone":"中彰投","city":"南投縣","area":"竹山鎮","market_address":"南投縣竹山鎮竹山里７鄰下橫街４０―４號","user":"鄭筠蓁","行業代號":null,"market_name":["餐食攤販"],"行業代號1":null,"名稱1":null,"行業代號2":null,"名稱2":null,"行業代號3":null,"名稱3":null,"category":["夜市/市場攤販"],"id":20018913,"pay_list":"","pay_tool":""},{"index":73,"shop":"蔡錫印","zone":"中彰投","city":"南投縣","area":"竹山鎮","market_address":"南投縣竹山鎮竹山里下橫街２８－２號","user":"蔡錫印","行業代號":null,"market_name":["餐食攤販"],"行業代號1":null,"名稱1":null,"行業代號2":null,"名稱2":null,"行業代號3":null,"名稱3":null,"category":["夜市/市場攤販"],"id":20018932,"pay_list":"","pay_tool":""},{"index":74,"shop":"王美鶯","zone":"中彰投","city":"南投縣","area":"竹山鎮","market_address":"南投縣竹山鎮雲林里集山路３段９２７號","user":"王美鶯","行業代號":null,"market_name":["餐食攤販"],"行業代號1":null,"名稱1":null,"行業代號2":null,"名稱2":null,"行業代號3":null,"名稱3":null,"category":["夜市/市場攤販"],"id":20018937,"pay_list":"","pay_tool":""},{"index":75,"shop":"李雪慧","zone":"中彰投","city":"南投縣","area":"竹山鎮","market_address":"南投縣竹山鎮中山里１０鄰竹山路１８１號","user":"李雪慧","行業代號":null,"market_name":["餐食攤販"],"行業代號1":null,"名稱1":null,"行業代號2":null,"名稱2":null,"行業代號3":null,"名稱3":null,"category":["夜市/市場攤販"],"id":20018963,"pay_list":"","pay_tool":""},{"index":76,"shop":"北港肉??","zone":"中彰投","city":"南投縣","area":"竹山鎮","market_address":"南投縣竹山鎮中正里下橫街３７之１號","user":"李坤圖","行業代號":null,"market_name":["餐食攤販"],"行業代號1":null,"名稱1":null,"行業代號2":null,"名稱2":null,"行業代號3":null,"名稱3":null,"category":["夜市/市場攤販"],"id":20018966,"pay_list":"","pay_tool":""},{"index":77,"shop":"鐘滿","zone":"中彰投","city":"南投縣","area":"竹山鎮","market_address":"南投縣竹山鎮中正里下橫街３９號","user":"鐘滿","行業代號":null,"market_name":["餐食攤販"],"行業代號1":null,"名稱1":null,"行業代號2":null,"名稱2":null,"行業代號3":null,"名稱3":null,"category":["夜市/市場攤販"],"id":20018967,"pay_list":"","pay_tool":""},{"index":78,"shop":"柴喜甕仔雞","zone":"中彰投","city":"南投縣","area":"竹山鎮","market_address":"南投縣竹山鎮山崇里集山路一段１８８６－８號","user":"賴俊卿","行業代號":null,"market_name":["餐食攤販"],"行業代號1":null,"名稱1":null,"行業代號2":null,"名稱2":null,"行業代號3":null,"名稱3":null,"category":["夜市/市場攤販"],"id":20026136,"pay_list":"","pay_tool":""},{"index":79,"shop":"小竹屋","zone":"中彰投","city":"南投縣","area":"竹山鎮","market_address":"南投縣竹山鎮延平里保甲路８－３號","user":"吳宇峰","行業代號":null,"market_name":["餐食攤販"],"行業代號1":null,"名稱1":null,"行業代號2":null,"名稱2":null,"行業代號3":null,"名稱3":null,"category":["夜市/市場攤販"],"id":20026431,"pay_list":"","pay_tool":""},{"index":80,"shop":"不二園食堂","zone":"中彰投","city":"南投縣","area":"竹山鎮","market_address":"南投縣竹山鎮山崇里集山路２段２１１之８號","user":"蔡淑華","行業代號":null,"market_name":["餐食攤販","飲料零售"],"行業代號1":null,"名稱1":null,"行業代號2":null,"名稱2":null,"行業代號3":null,"名稱3":null,"category":["夜市/市場攤販"],"id":20026691,"pay_list":"","pay_tool":""},{"index":81,"shop":"豪家桶仔雞店","zone":"中彰投","city":"南投縣","area":"竹山鎮","market_address":"南投縣竹山鎮山崇里２２鄰南雲路６５號旁（豪家桶子雞）","user":"林金連","行業代號":null,"market_name":["餐食攤販","飲料零售"],"行業代號1":null,"名稱1":null,"行業代號2":null,"名稱2":null,"行業代號3":null,"名稱3":null,"category":["夜市/市場攤販"],"id":20026884,"pay_list":"","pay_tool":""},{"index":82,"shop":"早餐店","zone":"中彰投","city":"南投縣","area":"竹山鎮","market_address":"南投縣竹山鎮中山里竹山路２１１號","user":"陳文村","行業代號":null,"market_name":["餐食攤販","飲料零售"],"行業代號1":null,"名稱1":null,"行業代號2":null,"名稱2":null,"行業代號3":null,"名稱3":null,"category":["夜市/市場攤販"],"id":20032769,"pay_list":"","pay_tool":""},{"index":83,"shop":"江旺照","zone":"中彰投","city":"南投縣","area":"竹山鎮","market_address":"南投縣竹山鎮社寮里發財街９號","user":"江旺照","行業代號":null,"market_name":["餐食攤販"],"行業代號1":null,"名稱1":null,"行業代號2":null,"名稱2":null,"行業代號3":null,"名稱3":null,"category":["夜市/市場攤販"],"id":20033359,"pay_list":["街口支付"],"pay_tool":["行動支付"]},{"index":84,"shop":"社寮甕缸雞南雲店","zone":"中彰投","city":"南投縣","area":"竹山鎮","market_address":"南投縣竹山鎮社寮里南雲路２８１之１號","user":"徐燕珍","行業代號":null,"market_name":["餐食攤販"],"行業代號1":null,"名稱1":null,"行業代號2":null,"名稱2":null,"行業代號3":null,"名稱3":null,"category":["夜市/市場攤販"],"id":20054474,"pay_list":"","pay_tool":""},{"index":85,"shop":"尚品桶仔雞","zone":"中彰投","city":"南投縣","area":"竹山鎮","market_address":"南投縣竹山鎮山崇里集山路二段１１０號","user":"黃崨瑀","行業代號":null,"market_name":["餐食攤販"],"行業代號1":null,"名稱1":null,"行業代號2":null,"名稱2":null,"行業代號3":null,"名稱3":null,"category":["夜市/市場攤販"],"id":20054515,"pay_list":"","pay_tool":""},{"index":86,"shop":"大山食堂","zone":"中彰投","city":"南投縣","area":"竹山鎮","market_address":"南投縣竹山鎮社寮里大公街６９號","user":"李惠鈴","行業代號":"561200","market_name":["餐食攤販"],"行業代號1":"","名稱1":"","行業代號2":"","名稱2":"","行業代號3":"","名稱3":"","category":["夜市/市場攤販"],"id":60059316,"pay_list":null,"pay_tool":null}]