[{"index":1,"id":10014603,"category":"夜市小吃/市場","city":"宜蘭縣","area":"宜蘭市","market_name":"北館公有零售市場","market_address":"宜蘭縣宜蘭市昇平街33-1號","shop":"北館公有零售市場 109三源臘味行","pay_list":["台灣 PAY"],"zone":"宜蘭","user":"林正雄","pay_tool":["行動支付"]},{"index":2,"id":10040269,"category":"夜市小吃/市場","city":"宜蘭縣","area":"宜蘭市","market_name":"東門觀光夜市","market_address":"宜蘭縣宜蘭市聖後街25號","shop":"東門觀光夜市 65","pay_list":["LINE Pay Money"],"zone":"宜蘭","user":"林李素玉","pay_tool":["行動支付"]},{"index":3,"id":10040713,"category":"夜市小吃/市場","city":"宜蘭縣","area":"宜蘭市","market_name":"東門觀光夜市","market_address":"宜蘭縣宜蘭市聖後街25號","shop":"東門觀光夜市 69","pay_list":["LINE Pay Money"],"zone":"宜蘭","user":"潘榮信","pay_tool":["行動支付"]},{"index":4,"id":10056769,"category":"夜市小吃/市場","city":"宜蘭縣","area":"宜蘭市","market_name":"東門觀光夜市","market_address":"宜蘭縣宜蘭市聖後街25號","shop":"東門觀光夜市 226","pay_list":["LINE Pay Money"],"zone":"宜蘭","user":"林宗聖","pay_tool":["行動支付"]},{"index":5,"id":10057880,"category":"夜市小吃/市場","city":"宜蘭縣","area":"宜蘭市","market_name":"東門觀光夜市","market_address":"宜蘭縣宜蘭市聖後街25號","shop":"東門觀光夜市 茶水攤","pay_list":["玉山銀行","街口支付","LINE Pay Money","台灣 PAY"],"zone":"宜蘭","user":"王紳佑","pay_tool":["信用卡","行動支付"]},{"index":6,"id":10057991,"category":"夜市小吃/市場","city":"宜蘭縣","area":"宜蘭市","market_name":"東門觀光夜市","market_address":"宜蘭縣宜蘭市聖後街25號","shop":"東門觀光夜市 雞老爺","pay_list":["街口支付","LINE Pay Money","台灣 PAY"],"zone":"宜蘭","user":"陳立繽","pay_tool":["行動支付"]},{"index":7,"id":10058102,"category":"夜市小吃/市場","city":"宜蘭縣","area":"宜蘭市","market_name":"東門觀光夜市","market_address":"宜蘭縣宜蘭市聖後街25號","shop":"東門觀光夜市 可口香碳烤","pay_list":["街口支付","LINE Pay Money"],"zone":"宜蘭","user":"林允","pay_tool":["行動支付"]},{"index":8,"id":10058213,"category":"夜市小吃/市場","city":"宜蘭縣","area":"宜蘭市","market_name":"東門觀光夜市","market_address":"宜蘭縣宜蘭市聖後街25號","shop":"東門觀光夜市 老店豆花","pay_list":["街口支付","LINE Pay Money"],"zone":"宜蘭","user":"謝曉惠","pay_tool":["行動支付"]},{"index":9,"id":10058324,"category":"夜市小吃/市場","city":"宜蘭縣","area":"宜蘭市","market_name":"東門觀光夜市","market_address":"宜蘭縣宜蘭市聖後街25號","shop":"東門觀光夜市 珍記手工烙餅","pay_list":["街口支付","LINE Pay Money"],"zone":"宜蘭","user":"簡楷恩","pay_tool":["行動支付"]},{"index":10,"id":10058435,"category":"夜市小吃/市場","city":"宜蘭縣","area":"宜蘭市","market_name":"東門觀光夜市","market_address":"宜蘭縣宜蘭市聖後街25號","shop":"東門觀光夜市 友情雞排","pay_list":["街口支付","LINE Pay Money"],"zone":"宜蘭","user":"魏成安","pay_tool":["行動支付"]},{"index":11,"id":10058546,"category":"夜市小吃/市場","city":"宜蘭縣","area":"宜蘭市","market_name":"東門觀光夜市","market_address":"宜蘭縣宜蘭市聖後街25號","shop":"東門觀光夜市 辣媽的店","pay_list":["玉山銀行","街口支付","LINE Pay Money","台灣 PAY"],"zone":"宜蘭","user":"林春成","pay_tool":["信用卡","行動支付"]},{"index":12,"id":10058657,"category":"夜市小吃/市場","city":"宜蘭縣","area":"宜蘭市","market_name":"東門觀光夜市","market_address":"宜蘭縣宜蘭市聖後街25號","shop":"東門觀光夜市 首都碳烤","pay_list":["LINE Pay Money"],"zone":"宜蘭","user":"林秀卿","pay_tool":["行動支付"]},{"index":13,"id":10058769,"category":"夜市小吃/市場","city":"宜蘭縣","area":"宜蘭市","market_name":"東門觀光夜市","market_address":"宜蘭縣宜蘭市聖後街25號","shop":"東門觀光夜市 鳥蛋達人","pay_list":["街口支付","LINE Pay Money","台灣 PAY"],"zone":"宜蘭","user":"林崇聖","pay_tool":["行動支付"]},{"index":14,"id":10058880,"category":"夜市小吃/市場","city":"宜蘭縣","area":"宜蘭市","market_name":"東門觀光夜市","market_address":"宜蘭縣宜蘭市聖後街25號","shop":"東門觀光夜市 港式串烤雞蛋仔","pay_list":["街口支付","LINE Pay Money"],"zone":"宜蘭","user":"游蕎瑄","pay_tool":["行動支付"]},{"index":15,"id":10058991,"category":"夜市小吃/市場","city":"宜蘭縣","area":"宜蘭市","market_name":"東門觀光夜市","market_address":"宜蘭縣宜蘭市聖後街25號","shop":"東門觀光夜市 沙茶魷魚羹","pay_list":["街口支付","LINE Pay Money"],"zone":"宜蘭","user":"李正皇","pay_tool":["行動支付"]},{"index":16,"id":10059102,"category":"夜市小吃/市場","city":"宜蘭縣","area":"宜蘭市","market_name":"東門觀光夜市","market_address":"宜蘭縣宜蘭市聖後街25號","shop":"東門觀光夜市 林家潤餅","pay_list":["街口支付","LINE Pay Money"],"zone":"宜蘭","user":"王桂菊","pay_tool":["行動支付"]},{"index":17,"id":10059213,"category":"夜市小吃/市場","city":"宜蘭縣","area":"宜蘭市","market_name":"東門觀光夜市","market_address":"宜蘭縣宜蘭市聖後街25號","shop":"東門觀光夜市 東門木瓜牛乳","pay_list":["街口支付","LINE Pay Money","台灣 PAY"],"zone":"宜蘭","user":"李宏益","pay_tool":["行動支付"]},{"index":18,"id":10059324,"category":"夜市小吃/市場","city":"宜蘭縣","area":"宜蘭市","market_name":"東門觀光夜市","market_address":"宜蘭縣宜蘭市聖後街25號","shop":"東門觀光夜市 金鑽紅茶冰","pay_list":["街口支付","LINE Pay Money"],"zone":"宜蘭","user":"林閔軒","pay_tool":["行動支付"]},{"index":19,"id":10059435,"category":"夜市小吃/市場","city":"宜蘭縣","area":"宜蘭市","market_name":"東門觀光夜市","market_address":"宜蘭縣宜蘭市聖後街25號","shop":"東門觀光夜市 阿諾可麗餅","pay_list":["街口支付","LINE Pay Money"],"zone":"宜蘭","user":"莊雯雅","pay_tool":["行動支付"]},{"index":20,"id":10059546,"category":"夜市小吃/市場","city":"宜蘭縣","area":"宜蘭市","market_name":"東門觀光夜市","market_address":"宜蘭縣宜蘭市聖後街25號","shop":"東門觀光夜市 阿春哥雞排","pay_list":["LINE Pay Money"],"zone":"宜蘭","user":"林建春","pay_tool":["行動支付"]},{"index":21,"id":10059657,"category":"夜市小吃/市場","city":"宜蘭縣","area":"宜蘭市","market_name":"東門觀光夜市","market_address":"宜蘭縣宜蘭市聖後街25號","shop":"東門觀光夜市 雀弟可麗餅","pay_list":["街口支付","LINE Pay Money"],"zone":"宜蘭","user":"林琳","pay_tool":["行動支付"]},{"index":22,"id":10059768,"category":"夜市小吃/市場","city":"宜蘭縣","area":"宜蘭市","market_name":"東門觀光夜市","market_address":"宜蘭縣宜蘭市聖後街25號","shop":"東門觀光夜市 心心牛排","pay_list":["LINE Pay Money"],"zone":"宜蘭","user":"李素玉","pay_tool":["行動支付"]},{"index":23,"id":10059880,"category":"夜市小吃/市場","city":"宜蘭縣","area":"宜蘭市","market_name":"東門觀光夜市","market_address":"宜蘭縣宜蘭市聖後街25號","shop":"東門觀光夜市 大滷麵","pay_list":["街口支付"],"zone":"宜蘭","user":"吳佳玟","pay_tool":["行動支付"]},{"index":24,"id":10059991,"category":"夜市小吃/市場","city":"宜蘭縣","area":"宜蘭市","market_name":"東門觀光夜市","market_address":"宜蘭縣宜蘭市聖後街25號","shop":"東門觀光夜市 3C美容館","pay_list":["街口支付","LINE Pay Money"],"zone":"宜蘭","user":"藤鎮閔","pay_tool":["行動支付"]},{"index":25,"id":10060102,"category":"夜市小吃/市場","city":"宜蘭縣","area":"宜蘭市","market_name":"東門觀光夜市","market_address":"宜蘭縣宜蘭市聖後街25號","shop":"東門觀光夜市 香酥棒甜點","pay_list":["街口支付","LINE Pay Money"],"zone":"宜蘭","user":"羅寶鳳","pay_tool":["行動支付"]},{"index":26,"id":10060213,"category":"夜市小吃/市場","city":"宜蘭縣","area":"宜蘭市","market_name":"東門觀光夜市","market_address":"宜蘭縣宜蘭市聖後街25號","shop":"東門觀光夜市 彈珠台","pay_list":["街口支付","LINE Pay Money"],"zone":"宜蘭","user":"石顯榮","pay_tool":["行動支付"]},{"index":27,"id":10060324,"category":"夜市小吃/市場","city":"宜蘭縣","area":"宜蘭市","market_name":"東門觀光夜市","market_address":"宜蘭縣宜蘭市聖後街25號","shop":"東門觀光夜市 盡好喝","pay_list":["(PG)","街口支付"],"zone":"宜蘭","user":"施家蓉","pay_tool":["行動支付"]},{"index":28,"id":10060349,"category":"夜市小吃/市場","city":"宜蘭縣","area":"宜蘭市","market_name":"東門觀光夜市","market_address":"宜蘭縣宜蘭市聖後街25號","shop":"東門觀光夜市 善美仙草","pay_list":["玉山銀行","街口支付","LINE Pay Money","台灣 PAY"],"zone":"宜蘭","user":"江詩婷","pay_tool":["信用卡","行動支付"]},{"index":29,"id":10060360,"category":"夜市小吃/市場","city":"宜蘭縣","area":"宜蘭市","market_name":"東門觀光夜市","market_address":"宜蘭縣宜蘭市聖後街25號","shop":"東門觀光夜市 鬥炙牛排","pay_list":["LINE Pay Money","台灣 PAY"],"zone":"宜蘭","user":"詹原保","pay_tool":["行動支付"]},{"index":30,"id":10060371,"category":"夜市小吃/市場","city":"宜蘭縣","area":"宜蘭市","market_name":"東門觀光夜市","market_address":"宜蘭縣宜蘭市聖後街25號","shop":"東門觀光夜市 傳香臭臭鍋","pay_list":["街口支付","LINE Pay Money"],"zone":"宜蘭","user":"楊來益","pay_tool":["行動支付"]},{"index":31,"id":10060382,"category":"夜市小吃/市場","city":"宜蘭縣","area":"宜蘭市","market_name":"東門觀光夜市","market_address":"宜蘭縣宜蘭市聖後街25號","shop":"東門觀光夜市 東山鴨頭","pay_list":["街口支付","LINE Pay Money","台灣 PAY"],"zone":"宜蘭","user":"林碧瑩","pay_tool":["行動支付"]},{"index":32,"id":10060393,"category":"夜市小吃/市場","city":"宜蘭縣","area":"宜蘭市","market_name":"東門觀光夜市","market_address":"宜蘭縣宜蘭市聖後街25號","shop":"東門觀光夜市 瓶子服飾","pay_list":["(信用卡)","街口支付","LINE Pay Money"],"zone":"宜蘭","user":"游雅萍","pay_tool":["信用卡","行動支付"]},{"index":33,"id":10060405,"category":"夜市小吃/市場","city":"宜蘭縣","area":"宜蘭市","market_name":"東門觀光夜市","market_address":"宜蘭縣宜蘭市聖後街25號","shop":"東門觀光夜市 女主角少淑女服飾","pay_list":["LINE Pay Money"],"zone":"宜蘭","user":"林于超","pay_tool":["行動支付"]},{"index":34,"id":10060416,"category":"夜市小吃/市場","city":"宜蘭縣","area":"宜蘭市","market_name":"東門觀光夜市","market_address":"宜蘭縣宜蘭市聖後街25號","shop":"東門觀光夜市 金東門寵物生活館","pay_list":["玉山銀行","台灣 PAY","街口支付","LINE Pay Money","(信用卡)"],"zone":"宜蘭","user":"彭美誠","pay_tool":["信用卡","行動支付"]},{"index":35,"id":10060427,"category":"夜市小吃/市場","city":"宜蘭縣","area":"宜蘭市","market_name":"東門觀光夜市","market_address":"宜蘭縣宜蘭市聖後街25號","shop":"東門觀光夜市 林小胖滷味","pay_list":["街口支付","LINE Pay Money"],"zone":"宜蘭","user":"林美志","pay_tool":["行動支付"]},{"index":36,"id":10060438,"category":"夜市小吃/市場","city":"宜蘭縣","area":"宜蘭市","market_name":"東門觀光夜市","market_address":"宜蘭縣宜蘭市聖後街25號","shop":"東門觀光夜市 小姐童鋪","pay_list":["街口支付","LINE Pay Money"],"zone":"宜蘭","user":"李亞純","pay_tool":["行動支付"]},{"index":37,"id":10060449,"category":"夜市小吃/市場","city":"宜蘭縣","area":"宜蘭市","market_name":"東門觀光夜市","market_address":"宜蘭縣宜蘭市聖後街25號","shop":"東門觀光夜市 夏戀微風","pay_list":["玉山銀行","台灣 PAY","街口支付","LINE Pay Money"],"zone":"宜蘭","user":"吳靜姿","pay_tool":["信用卡","行動支付"]},{"index":38,"id":30000775,"category":"夜市小吃/市場","city":"宜蘭縣","area":"宜蘭市","market_name":"北館公有零售市場","market_address":"宜蘭縣宜蘭市昇平街33-1號","shop":"北館公有零售市場 109三源臘味行","pay_list":["台灣 PAY"],"zone":"宜蘭","user":"林正雄","pay_tool":["行動支付"]},{"index":39,"id":30000810,"category":"夜市小吃/市場","city":"宜蘭縣","area":"宜蘭市","market_name":"東門觀光夜市","market_address":"宜蘭縣宜蘭市聖後街25號","shop":"東門觀光夜市 善美仙草","pay_list":["台灣 PAY","玉山銀行","街口支付","LINE Pay Money"],"zone":"宜蘭","user":"江詩婷","pay_tool":["行動支付","信用卡"]},{"index":40,"id":30000984,"category":"夜市小吃/市場","city":"宜蘭縣","area":"宜蘭市","market_name":"東門觀光夜市","market_address":"宜蘭縣宜蘭市聖後街25號","shop":"東門觀光夜市 茶水攤","pay_list":["台灣 PAY","玉山銀行","街口支付","LINE Pay Money"],"zone":"宜蘭","user":"王紳佑","pay_tool":["行動支付","信用卡"]},{"index":41,"id":30002172,"category":"夜市小吃/市場","city":"宜蘭縣","area":"宜蘭市","market_name":"東門觀光夜市","market_address":"宜蘭縣宜蘭市聖後街25號","shop":"東門觀光夜市 盡好喝","pay_list":["(PG)","街口支付"],"zone":"宜蘭","user":"施家蓉","pay_tool":["行動支付"]},{"index":42,"id":30002173,"category":"夜市小吃/市場","city":"宜蘭縣","area":"宜蘭市","market_name":"東門觀光夜市","market_address":"宜蘭縣宜蘭市聖後街25號","shop":"東門觀光夜市 鳥蛋達人","pay_list":["台灣 PAY","街口支付","LINE Pay Money"],"zone":"宜蘭","user":"林崇聖","pay_tool":["行動支付"]},{"index":43,"id":30002225,"category":"夜市小吃/市場","city":"宜蘭縣","area":"宜蘭市","market_name":"東門觀光夜市","market_address":"宜蘭縣宜蘭市聖後街25號","shop":"東門觀光夜市 雞老爺","pay_list":["台灣 PAY","街口支付","LINE Pay Money"],"zone":"宜蘭","user":"陳立繽","pay_tool":["行動支付"]},{"index":44,"id":30040587,"category":"夜市小吃/市場","city":"宜蘭縣","area":"宜蘭市","market_name":"東門觀光夜市","market_address":"宜蘭縣宜蘭市聖後街25號","shop":"東門觀光夜市 65","pay_list":["LINE Pay Money"],"zone":"宜蘭","user":"林李素玉","pay_tool":["行動支付"]},{"index":45,"id":30041031,"category":"夜市小吃/市場","city":"宜蘭縣","area":"宜蘭市","market_name":"東門觀光夜市","market_address":"宜蘭縣宜蘭市聖後街25號","shop":"東門觀光夜市 69","pay_list":["LINE Pay Money"],"zone":"宜蘭","user":"潘榮信","pay_tool":["行動支付"]},{"index":46,"id":30042240,"category":"夜市小吃/市場","city":"宜蘭縣","area":"宜蘭市","market_name":"東門觀光夜市","market_address":"宜蘭縣宜蘭市聖後街25號","shop":"東門觀光夜市 80","pay_list":["台灣 PAY"],"zone":"宜蘭","user":"梁銘棋","pay_tool":["行動支付"]},{"index":47,"id":30053485,"category":"夜市小吃/市場","city":"宜蘭縣","area":"宜蘭市","market_name":"東門觀光夜市","market_address":"宜蘭縣宜蘭市聖後街25號","shop":"東門觀光夜市 190","pay_list":["台灣 PAY"],"zone":"宜蘭","user":"彭烈堂","pay_tool":["行動支付"]},{"index":48,"id":30057310,"category":"夜市小吃/市場","city":"宜蘭縣","area":"宜蘭市","market_name":"東門觀光夜市","market_address":"宜蘭縣宜蘭市聖後街25號","shop":"東門觀光夜市 226","pay_list":["LINE Pay Money"],"zone":"宜蘭","user":"林宗聖","pay_tool":["行動支付"]},{"index":49,"id":30058539,"category":"夜市小吃/市場","city":"宜蘭縣","area":"宜蘭市","market_name":"東門觀光夜市","market_address":"宜蘭縣宜蘭市聖後街25號","shop":"東門觀光夜市 可口香碳烤","pay_list":["街口支付","LINE Pay Money"],"zone":"宜蘭","user":"林允","pay_tool":["行動支付"]},{"index":50,"id":30058650,"category":"夜市小吃/市場","city":"宜蘭縣","area":"宜蘭市","market_name":"東門觀光夜市","market_address":"宜蘭縣宜蘭市聖後街25號","shop":"東門觀光夜市 老店豆花","pay_list":["街口支付","LINE Pay Money"],"zone":"宜蘭","user":"謝曉惠","pay_tool":["行動支付"]},{"index":51,"id":30058761,"category":"夜市小吃/市場","city":"宜蘭縣","area":"宜蘭市","market_name":"東門觀光夜市","market_address":"宜蘭縣宜蘭市聖後街25號","shop":"東門觀光夜市 珍記手工烙餅","pay_list":["街口支付","LINE Pay Money"],"zone":"宜蘭","user":"簡楷恩","pay_tool":["行動支付"]},{"index":52,"id":30058867,"category":"夜市小吃/市場","city":"宜蘭縣","area":"宜蘭市","market_name":"東門觀光夜市","market_address":"宜蘭縣宜蘭市聖後街25號","shop":"東門觀光夜市 友情雞排","pay_list":["街口支付","LINE Pay Money"],"zone":"宜蘭","user":"魏成安","pay_tool":["行動支付"]},{"index":53,"id":30058977,"category":"夜市小吃/市場","city":"宜蘭縣","area":"宜蘭市","market_name":"東門觀光夜市","market_address":"宜蘭縣宜蘭市聖後街25號","shop":"東門觀光夜市 辣媽的店","pay_list":["台灣 PAY","玉山銀行","街口支付","LINE Pay Money"],"zone":"宜蘭","user":"林春成","pay_tool":["行動支付","信用卡"]},{"index":54,"id":30059083,"category":"夜市小吃/市場","city":"宜蘭縣","area":"宜蘭市","market_name":"東門觀光夜市","market_address":"宜蘭縣宜蘭市聖後街25號","shop":"東門觀光夜市 首都碳烤","pay_list":["LINE Pay Money"],"zone":"宜蘭","user":"林秀卿","pay_tool":["行動支付"]},{"index":55,"id":30059298,"category":"夜市小吃/市場","city":"宜蘭縣","area":"宜蘭市","market_name":"東門觀光夜市","market_address":"宜蘭縣宜蘭市聖後街25號","shop":"東門觀光夜市 港式串烤雞蛋仔","pay_list":["街口支付","LINE Pay Money"],"zone":"宜蘭","user":"游蕎瑄","pay_tool":["行動支付"]},{"index":56,"id":30059403,"category":"夜市小吃/市場","city":"宜蘭縣","area":"宜蘭市","market_name":"東門觀光夜市","market_address":"宜蘭縣宜蘭市聖後街25號","shop":"東門觀光夜市 沙茶魷魚羹","pay_list":["街口支付","LINE Pay Money"],"zone":"宜蘭","user":"李正皇","pay_tool":["行動支付"]},{"index":57,"id":30059509,"category":"夜市小吃/市場","city":"宜蘭縣","area":"宜蘭市","market_name":"東門觀光夜市","market_address":"宜蘭縣宜蘭市聖後街25號","shop":"東門觀光夜市 林家潤餅","pay_list":["街口支付","LINE Pay Money"],"zone":"宜蘭","user":"王桂菊","pay_tool":["行動支付"]},{"index":58,"id":30059616,"category":"夜市小吃/市場","city":"宜蘭縣","area":"宜蘭市","market_name":"東門觀光夜市","market_address":"宜蘭縣宜蘭市聖後街25號","shop":"東門觀光夜市 東門木瓜牛乳","pay_list":["台灣 PAY","街口支付","LINE Pay Money"],"zone":"宜蘭","user":"李宏益","pay_tool":["行動支付"]},{"index":59,"id":30059725,"category":"夜市小吃/市場","city":"宜蘭縣","area":"宜蘭市","market_name":"東門觀光夜市","market_address":"宜蘭縣宜蘭市聖後街25號","shop":"東門觀光夜市 金鑽紅茶冰","pay_list":["街口支付","LINE Pay Money"],"zone":"宜蘭","user":"林閔軒","pay_tool":["行動支付"]},{"index":60,"id":30059830,"category":"夜市小吃/市場","city":"宜蘭縣","area":"宜蘭市","market_name":"東門觀光夜市","market_address":"宜蘭縣宜蘭市聖後街25號","shop":"東門觀光夜市 阿諾可麗餅","pay_list":["街口支付","LINE Pay Money"],"zone":"宜蘭","user":"莊雯雅","pay_tool":["行動支付"]},{"index":61,"id":30059941,"category":"夜市小吃/市場","city":"宜蘭縣","area":"宜蘭市","market_name":"東門觀光夜市","market_address":"宜蘭縣宜蘭市聖後街25號","shop":"東門觀光夜市 阿春哥雞排","pay_list":["LINE Pay Money"],"zone":"宜蘭","user":"林建春","pay_tool":["行動支付"]},{"index":62,"id":30060052,"category":"夜市小吃/市場","city":"宜蘭縣","area":"宜蘭市","market_name":"東門觀光夜市","market_address":"宜蘭縣宜蘭市聖後街25號","shop":"東門觀光夜市 雀弟可麗餅","pay_list":["街口支付","LINE Pay Money"],"zone":"宜蘭","user":"林琳","pay_tool":["行動支付"]},{"index":63,"id":30060163,"category":"夜市小吃/市場","city":"宜蘭縣","area":"宜蘭市","market_name":"東門觀光夜市","market_address":"宜蘭縣宜蘭市聖後街25號","shop":"東門觀光夜市 心心牛排","pay_list":["LINE Pay Money"],"zone":"宜蘭","user":"李素玉","pay_tool":["行動支付"]},{"index":64,"id":30060275,"category":"夜市小吃/市場","city":"宜蘭縣","area":"宜蘭市","market_name":"東門觀光夜市","market_address":"宜蘭縣宜蘭市聖後街25號","shop":"東門觀光夜市 大滷麵","pay_list":["街口支付"],"zone":"宜蘭","user":"吳佳玟","pay_tool":["行動支付"]},{"index":65,"id":30060386,"category":"夜市小吃/市場","city":"宜蘭縣","area":"宜蘭市","market_name":"東門觀光夜市","market_address":"宜蘭縣宜蘭市聖後街25號","shop":"東門觀光夜市 3C美容館","pay_list":["街口支付","LINE Pay Money"],"zone":"宜蘭","user":"藤鎮閔","pay_tool":["行動支付"]},{"index":66,"id":30060497,"category":"夜市小吃/市場","city":"宜蘭縣","area":"宜蘭市","market_name":"東門觀光夜市","market_address":"宜蘭縣宜蘭市聖後街25號","shop":"東門觀光夜市 香酥棒甜點","pay_list":["街口支付","LINE Pay Money"],"zone":"宜蘭","user":"羅寶鳳","pay_tool":["行動支付"]},{"index":67,"id":30060608,"category":"夜市小吃/市場","city":"宜蘭縣","area":"宜蘭市","market_name":"東門觀光夜市","market_address":"宜蘭縣宜蘭市聖後街25號","shop":"東門觀光夜市 彈珠台","pay_list":["街口支付","LINE Pay Money"],"zone":"宜蘭","user":"石顯榮","pay_tool":["行動支付"]},{"index":68,"id":30060939,"category":"夜市小吃/市場","city":"宜蘭縣","area":"宜蘭市","market_name":"東門觀光夜市","market_address":"宜蘭縣宜蘭市聖後街25號","shop":"東門觀光夜市 鬥炙牛排","pay_list":["台灣 PAY","LINE Pay Money"],"zone":"宜蘭","user":"詹原保","pay_tool":["行動支付"]},{"index":69,"id":30061044,"category":"夜市小吃/市場","city":"宜蘭縣","area":"宜蘭市","market_name":"東門觀光夜市","market_address":"宜蘭縣宜蘭市聖後街25號","shop":"東門觀光夜市 傳香臭臭鍋","pay_list":["街口支付","LINE Pay Money"],"zone":"宜蘭","user":"楊來益","pay_tool":["行動支付"]},{"index":70,"id":30061112,"category":"夜市小吃/市場","city":"宜蘭縣","area":"宜蘭市","market_name":"東門觀光夜市","market_address":"宜蘭縣宜蘭市聖後街25號","shop":"東門觀光夜市 東山鴨頭","pay_list":["台灣 PAY","街口支付","LINE Pay Money"],"zone":"宜蘭","user":"林碧瑩","pay_tool":["行動支付"]},{"index":71,"id":30061223,"category":"夜市小吃/市場","city":"宜蘭縣","area":"宜蘭市","market_name":"東門觀光夜市","market_address":"宜蘭縣宜蘭市聖後街25號","shop":"東門觀光夜市 瓶子服飾","pay_list":["街口支付","(信用卡)","LINE Pay Money"],"zone":"宜蘭","user":"游雅萍","pay_tool":["行動支付","信用卡"]},{"index":72,"id":30061322,"category":"夜市小吃/市場","city":"宜蘭縣","area":"宜蘭市","market_name":"東門觀光夜市","market_address":"宜蘭縣宜蘭市聖後街25號","shop":"東門觀光夜市 女主角少淑女服飾","pay_list":["LINE Pay Money"],"zone":"宜蘭","user":"林于超","pay_tool":["行動支付"]},{"index":73,"id":30061408,"category":"夜市小吃/市場","city":"宜蘭縣","area":"宜蘭市","market_name":"東門觀光夜市","market_address":"宜蘭縣宜蘭市聖後街25號","shop":"東門觀光夜市 金東門寵物生活館","pay_list":["(信用卡)","玉山銀行","LINE Pay Money","街口支付","台灣 PAY"],"zone":"宜蘭","user":"彭美誠","pay_tool":["行動支付","信用卡"]},{"index":74,"id":30061484,"category":"夜市小吃/市場","city":"宜蘭縣","area":"宜蘭市","market_name":"東門觀光夜市","market_address":"宜蘭縣宜蘭市聖後街25號","shop":"東門觀光夜市 林小胖滷味","pay_list":["街口支付","LINE Pay Money"],"zone":"宜蘭","user":"林美志","pay_tool":["行動支付"]},{"index":75,"id":30061580,"category":"夜市小吃/市場","city":"宜蘭縣","area":"宜蘭市","market_name":"東門觀光夜市","market_address":"宜蘭縣宜蘭市聖後街25號","shop":"東門觀光夜市 小姐童鋪","pay_list":["街口支付","LINE Pay Money"],"zone":"宜蘭","user":"李亞純","pay_tool":["行動支付"]},{"index":76,"id":30061676,"category":"夜市小吃/市場","city":"宜蘭縣","area":"宜蘭市","market_name":"東門觀光夜市","market_address":"宜蘭縣宜蘭市聖後街25號","shop":"東門觀光夜市 夏戀微風","pay_list":["玉山銀行","LINE Pay Money","街口支付","台灣 PAY"],"zone":"宜蘭","user":"吳靜姿","pay_tool":["行動支付","信用卡"]},{"index":77,"id":30068489,"category":"夜市小吃/市場","city":"宜蘭縣","area":"宜蘭市","market_name":"南館公有零售市場","market_address":"宜蘭縣宜蘭市光復路125號","shop":"南館公有零售市場 59","pay_list":["台灣 PAY"],"zone":"宜蘭","user":"游文媛","pay_tool":["行動支付"]},{"index":78,"id":30068600,"category":"夜市小吃/市場","city":"宜蘭縣","area":"宜蘭市","market_name":"南館公有零售市場","market_address":"宜蘭縣宜蘭市光復路125號","shop":"南館公有零售市場 60","pay_list":["台灣 PAY"],"zone":"宜蘭","user":"郭晉毓","pay_tool":["行動支付"]},{"index":79,"id":30072425,"category":"夜市小吃/市場","city":"宜蘭縣","area":"宜蘭市","market_name":"南館公有零售市場","market_address":"宜蘭縣宜蘭市光復路125號","shop":"南館公有零售市場 104","pay_list":["台灣 PAY"],"zone":"宜蘭","user":"藍國銘","pay_tool":["行動支付"]},{"index":80,"id":40000091,"category":"夜市小吃/市場","city":"宜蘭縣","area":"宜蘭市","market_name":"旭工實業有限公司","market_address":"宜蘭縣宜蘭市梅洲二路33號","shop":"旭工實業有限公司 橘之鄉蜜餞觀光工廠","pay_list":["台灣 PAY","愛金卡"],"zone":"宜蘭","user":"","pay_tool":["電子票證","行動支付"]}]