[{"index":1,"id":10030939,"user":"游林淑玉","shop":"第一公有零售市場-科有藥局","category":"夜市/市場攤販","zone":"雲嘉南","city":"嘉義縣","area":"梅山鄉","market_name":"第一公有零售市場","market_address":"嘉義縣梅山鄉中山路梅東村114號","pay_list":"","pay_tool":"","行業代號":null,"行業代號1":null,"名稱1":null,"行業代號2":null,"名稱2":null,"行業代號3":null,"名稱3":null},{"index":2,"id":10030940,"user":"游政棕","shop":"第一公有零售市場-科有藥局","category":"夜市/市場攤販","zone":"雲嘉南","city":"嘉義縣","area":"梅山鄉","market_name":"第一公有零售市場","market_address":"嘉義縣梅山鄉中山路梅東村114號","pay_list":"","pay_tool":"","行業代號":null,"行業代號1":null,"名稱1":null,"行業代號2":null,"名稱2":null,"行業代號3":null,"名稱3":null},{"index":3,"id":10030941,"user":"游江玉媄","shop":"第一公有零售市場-科有藥局","category":"夜市/市場攤販","zone":"雲嘉南","city":"嘉義縣","area":"梅山鄉","market_name":"第一公有零售市場","market_address":"嘉義縣梅山鄉中山路梅東村114號","pay_list":"","pay_tool":"","行業代號":null,"行業代號1":null,"名稱1":null,"行業代號2":null,"名稱2":null,"行業代號3":null,"名稱3":null},{"index":4,"id":10030942,"user":"簡宗欽","shop":"第一公有零售市場-簡宗欽","category":"夜市/市場攤販","zone":"雲嘉南","city":"嘉義縣","area":"梅山鄉","market_name":"第一公有零售市場","market_address":"嘉義縣梅山鄉中山路梅東村114號","pay_list":"","pay_tool":"","行業代號":null,"行業代號1":null,"名稱1":null,"行業代號2":null,"名稱2":null,"行業代號3":null,"名稱3":null},{"index":5,"id":10030943,"user":"葉秀春","shop":"第一公有零售市場-葉秀春","category":"夜市/市場攤販","zone":"雲嘉南","city":"嘉義縣","area":"梅山鄉","market_name":"第一公有零售市場","market_address":"嘉義縣梅山鄉中山路梅東村114號","pay_list":"","pay_tool":"","行業代號":null,"行業代號1":null,"名稱1":null,"行業代號2":null,"名稱2":null,"行業代號3":null,"名稱3":null},{"index":6,"id":10030944,"user":"詹育蓁","shop":"第一公有零售市場-詹育蓁","category":"夜市/市場攤販","zone":"雲嘉南","city":"嘉義縣","area":"梅山鄉","market_name":"第一公有零售市場","market_address":"嘉義縣梅山鄉中山路梅東村114號","pay_list":"","pay_tool":"","行業代號":null,"行業代號1":null,"名稱1":null,"行業代號2":null,"名稱2":null,"行業代號3":null,"名稱3":null},{"index":7,"id":10030945,"user":"劉永慶","shop":"第一公有零售市場-劉永慶","category":"夜市/市場攤販","zone":"雲嘉南","city":"嘉義縣","area":"梅山鄉","market_name":"第一公有零售市場","market_address":"嘉義縣梅山鄉中山路梅東村114號","pay_list":"","pay_tool":"","行業代號":null,"行業代號1":null,"名稱1":null,"行業代號2":null,"名稱2":null,"行業代號3":null,"名稱3":null},{"index":8,"id":10030946,"user":"陳亮宇","shop":"第一公有零售市場-陳亮宇","category":"夜市/市場攤販","zone":"雲嘉南","city":"嘉義縣","area":"梅山鄉","market_name":"第一公有零售市場","market_address":"嘉義縣梅山鄉中山路梅東村114號","pay_list":"","pay_tool":"","行業代號":null,"行業代號1":null,"名稱1":null,"行業代號2":null,"名稱2":null,"行業代號3":null,"名稱3":null},{"index":9,"id":10030947,"user":"黃鳳蓮","shop":"第一公有零售市場-黃鳳蓮","category":"夜市/市場攤販","zone":"雲嘉南","city":"嘉義縣","area":"梅山鄉","market_name":"第一公有零售市場","market_address":"嘉義縣梅山鄉中山路梅東村114號","pay_list":"","pay_tool":"","行業代號":null,"行業代號1":null,"名稱1":null,"行業代號2":null,"名稱2":null,"行業代號3":null,"名稱3":null},{"index":10,"id":10030949,"user":"盧璻雅","shop":"第一公有零售市場-盧璻雅","category":"夜市/市場攤販","zone":"雲嘉南","city":"嘉義縣","area":"梅山鄉","market_name":"第一公有零售市場","market_address":"嘉義縣梅山鄉中山路梅東村114號","pay_list":"","pay_tool":"","行業代號":null,"行業代號1":null,"名稱1":null,"行業代號2":null,"名稱2":null,"行業代號3":null,"名稱3":null},{"index":11,"id":10030950,"user":"盧冠廷","shop":"第一公有零售市場-盧冠廷","category":"夜市/市場攤販","zone":"雲嘉南","city":"嘉義縣","area":"梅山鄉","market_name":"第一公有零售市場","market_address":"嘉義縣梅山鄉中山路梅東村114號","pay_list":"","pay_tool":"","行業代號":null,"行業代號1":null,"名稱1":null,"行業代號2":null,"名稱2":null,"行業代號3":null,"名稱3":null},{"index":12,"id":10030951,"user":"郭義獅","shop":"第一公有零售市場-郭義獅","category":"夜市/市場攤販","zone":"雲嘉南","city":"嘉義縣","area":"梅山鄉","market_name":"第一公有零售市場","market_address":"嘉義縣梅山鄉中山路梅東村114號","pay_list":"","pay_tool":"","行業代號":null,"行業代號1":null,"名稱1":null,"行業代號2":null,"名稱2":null,"行業代號3":null,"名稱3":null},{"index":13,"id":10030952,"user":"郭芳旭","shop":"第一公有零售市場-郭芳旭","category":"夜市/市場攤販","zone":"雲嘉南","city":"嘉義縣","area":"梅山鄉","market_name":"第一公有零售市場","market_address":"嘉義縣梅山鄉中山路梅東村114號","pay_list":"","pay_tool":"","行業代號":null,"行業代號1":null,"名稱1":null,"行業代號2":null,"名稱2":null,"行業代號3":null,"名稱3":null},{"index":14,"id":10030953,"user":"何桓池","shop":"第一公有零售市場-何桓池","category":"夜市/市場攤販","zone":"雲嘉南","city":"嘉義縣","area":"梅山鄉","market_name":"第一公有零售市場","market_address":"嘉義縣梅山鄉中山路梅東村114號","pay_list":"","pay_tool":"","行業代號":null,"行業代號1":null,"名稱1":null,"行業代號2":null,"名稱2":null,"行業代號3":null,"名稱3":null},{"index":15,"id":10030954,"user":"蘇朝正","shop":"第一公有零售市場-蘇朝正","category":"夜市/市場攤販","zone":"雲嘉南","city":"嘉義縣","area":"梅山鄉","market_name":"第一公有零售市場","market_address":"嘉義縣梅山鄉中山路梅東村114號","pay_list":"","pay_tool":"","行業代號":null,"行業代號1":null,"名稱1":null,"行業代號2":null,"名稱2":null,"行業代號3":null,"名稱3":null},{"index":16,"id":10030955,"user":"吳炳宗","shop":"第一公有零售市場-吳炳宗","category":"夜市/市場攤販","zone":"雲嘉南","city":"嘉義縣","area":"梅山鄉","market_name":"第一公有零售市場","market_address":"嘉義縣梅山鄉中山路梅東村114號","pay_list":"","pay_tool":"","行業代號":null,"行業代號1":null,"名稱1":null,"行業代號2":null,"名稱2":null,"行業代號3":null,"名稱3":null},{"index":17,"id":10030956,"user":"簡武雄","shop":"第一公有零售市場-簡武雄","category":"夜市/市場攤販","zone":"雲嘉南","city":"嘉義縣","area":"梅山鄉","market_name":"第一公有零售市場","market_address":"嘉義縣梅山鄉中山路梅東村114號","pay_list":"","pay_tool":"","行業代號":null,"行業代號1":null,"名稱1":null,"行業代號2":null,"名稱2":null,"行業代號3":null,"名稱3":null},{"index":18,"id":10030957,"user":"蘇陳淑華","shop":"第一公有零售市場-蘇陳淑華","category":"夜市/市場攤販","zone":"雲嘉南","city":"嘉義縣","area":"梅山鄉","market_name":"第一公有零售市場","market_address":"嘉義縣梅山鄉中山路梅東村114號","pay_list":"","pay_tool":"","行業代號":null,"行業代號1":null,"名稱1":null,"行業代號2":null,"名稱2":null,"行業代號3":null,"名稱3":null},{"index":19,"id":10030958,"user":"林聰枝","shop":"第一公有零售市場-林聰枝","category":"夜市/市場攤販","zone":"雲嘉南","city":"嘉義縣","area":"梅山鄉","market_name":"第一公有零售市場","market_address":"嘉義縣梅山鄉中山路梅東村114號","pay_list":"","pay_tool":"","行業代號":null,"行業代號1":null,"名稱1":null,"行業代號2":null,"名稱2":null,"行業代號3":null,"名稱3":null},{"index":20,"id":10030960,"user":"林魏素月","shop":"第一公有零售市場-林魏素月","category":"夜市/市場攤販","zone":"雲嘉南","city":"嘉義縣","area":"梅山鄉","market_name":"第一公有零售市場","market_address":"嘉義縣梅山鄉中山路梅東村114號","pay_list":"","pay_tool":"","行業代號":null,"行業代號1":null,"名稱1":null,"行業代號2":null,"名稱2":null,"行業代號3":null,"名稱3":null},{"index":21,"id":10030961,"user":"劉美玉","shop":"第一公有零售市場-劉美玉","category":"夜市/市場攤販","zone":"雲嘉南","city":"嘉義縣","area":"梅山鄉","market_name":"第一公有零售市場","market_address":"嘉義縣梅山鄉中山路梅東村114號","pay_list":"","pay_tool":"","行業代號":null,"行業代號1":null,"名稱1":null,"行業代號2":null,"名稱2":null,"行業代號3":null,"名稱3":null},{"index":22,"id":10030962,"user":"郭芳凱","shop":"第一公有零售市場-郭芳凱","category":"夜市/市場攤販","zone":"雲嘉南","city":"嘉義縣","area":"梅山鄉","market_name":"第一公有零售市場","market_address":"嘉義縣梅山鄉中山路梅東村114號","pay_list":"","pay_tool":"","行業代號":null,"行業代號1":null,"名稱1":null,"行業代號2":null,"名稱2":null,"行業代號3":null,"名稱3":null},{"index":23,"id":10030963,"user":"蘇麒翔","shop":"第一公有零售市場-蘇麒翔","category":"夜市/市場攤販","zone":"雲嘉南","city":"嘉義縣","area":"梅山鄉","market_name":"第一公有零售市場","market_address":"嘉義縣梅山鄉中山路梅東村114號","pay_list":"","pay_tool":"","行業代號":null,"行業代號1":null,"名稱1":null,"行業代號2":null,"名稱2":null,"行業代號3":null,"名稱3":null},{"index":24,"id":10030964,"user":"陳俊吉","shop":"第一公有零售市場-陳俊吉","category":"夜市/市場攤販","zone":"雲嘉南","city":"嘉義縣","area":"梅山鄉","market_name":"第一公有零售市場","market_address":"嘉義縣梅山鄉中山路梅東村114號","pay_list":"","pay_tool":"","行業代號":null,"行業代號1":null,"名稱1":null,"行業代號2":null,"名稱2":null,"行業代號3":null,"名稱3":null},{"index":25,"id":10030965,"user":"鄭秀麗","shop":"第一公有零售市場-鄭秀麗","category":"夜市/市場攤販","zone":"雲嘉南","city":"嘉義縣","area":"梅山鄉","market_name":"第一公有零售市場","market_address":"嘉義縣梅山鄉中山路梅東村114號","pay_list":"","pay_tool":"","行業代號":null,"行業代號1":null,"名稱1":null,"行業代號2":null,"名稱2":null,"行業代號3":null,"名稱3":null},{"index":26,"id":10030966,"user":"郭簡玉花","shop":"第一公有零售市場-肉粽修","category":"夜市/市場攤販","zone":"雲嘉南","city":"嘉義縣","area":"梅山鄉","market_name":"第一公有零售市場","market_address":"嘉義縣梅山鄉中山路梅東村114號","pay_list":"","pay_tool":"","行業代號":null,"行業代號1":null,"名稱1":null,"行業代號2":null,"名稱2":null,"行業代號3":null,"名稱3":null},{"index":27,"id":10030967,"user":"郭芳修","shop":"第一公有零售市場-肉粽修","category":"夜市/市場攤販","zone":"雲嘉南","city":"嘉義縣","area":"梅山鄉","market_name":"第一公有零售市場","market_address":"嘉義縣梅山鄉中山路梅東村114號","pay_list":"","pay_tool":"","行業代號":null,"行業代號1":null,"名稱1":null,"行業代號2":null,"名稱2":null,"行業代號3":null,"名稱3":null},{"index":28,"id":10030968,"user":"朱吳鳳媛","shop":"第一公有零售市場-朱吳鳳媛","category":"夜市/市場攤販","zone":"雲嘉南","city":"嘉義縣","area":"梅山鄉","market_name":"第一公有零售市場","market_address":"嘉義縣梅山鄉中山路梅東村114號","pay_list":"","pay_tool":"","行業代號":null,"行業代號1":null,"名稱1":null,"行業代號2":null,"名稱2":null,"行業代號3":null,"名稱3":null},{"index":29,"id":10030969,"user":"朱書林","shop":"第一公有零售市場-朱書林","category":"夜市/市場攤販","zone":"雲嘉南","city":"嘉義縣","area":"梅山鄉","market_name":"第一公有零售市場","market_address":"嘉義縣梅山鄉中山路梅東村114號","pay_list":"","pay_tool":"","行業代號":null,"行業代號1":null,"名稱1":null,"行業代號2":null,"名稱2":null,"行業代號3":null,"名稱3":null},{"index":30,"id":10030971,"user":"劉俊良","shop":"第一公有零售市場-阿良黑豬肉","category":"夜市/市場攤販","zone":"雲嘉南","city":"嘉義縣","area":"梅山鄉","market_name":"第一公有零售市場","market_address":"嘉義縣梅山鄉中山路梅東村114號","pay_list":"","pay_tool":"","行業代號":null,"行業代號1":null,"名稱1":null,"行業代號2":null,"名稱2":null,"行業代號3":null,"名稱3":null},{"index":31,"id":10030972,"user":"李梔琴","shop":"第一公有零售市場-李梔琴","category":"夜市/市場攤販","zone":"雲嘉南","city":"嘉義縣","area":"梅山鄉","market_name":"第一公有零售市場","market_address":"嘉義縣梅山鄉中山路梅東村114號","pay_list":"","pay_tool":"","行業代號":null,"行業代號1":null,"名稱1":null,"行業代號2":null,"名稱2":null,"行業代號3":null,"名稱3":null},{"index":32,"id":10030973,"user":"邱芳盛","shop":"第一公有零售市場-18番","category":"夜市/市場攤販","zone":"雲嘉南","city":"嘉義縣","area":"梅山鄉","market_name":"第一公有零售市場","market_address":"嘉義縣梅山鄉中山路梅東村114號","pay_list":"","pay_tool":"","行業代號":null,"行業代號1":null,"名稱1":null,"行業代號2":null,"名稱2":null,"行業代號3":null,"名稱3":null},{"index":33,"id":10030974,"user":"邱雪鳳","shop":"第一公有零售市場-18番","category":"夜市/市場攤販","zone":"雲嘉南","city":"嘉義縣","area":"梅山鄉","market_name":"第一公有零售市場","market_address":"嘉義縣梅山鄉中山路梅東村114號","pay_list":"","pay_tool":"","行業代號":null,"行業代號1":null,"名稱1":null,"行業代號2":null,"名稱2":null,"行業代號3":null,"名稱3":null},{"index":34,"id":10030975,"user":"郭義振","shop":"第一公有零售市場-18番","category":"夜市/市場攤販","zone":"雲嘉南","city":"嘉義縣","area":"梅山鄉","market_name":"第一公有零售市場","market_address":"嘉義縣梅山鄉中山路梅東村114號","pay_list":"","pay_tool":"","行業代號":null,"行業代號1":null,"名稱1":null,"行業代號2":null,"名稱2":null,"行業代號3":null,"名稱3":null},{"index":35,"id":10030976,"user":"簡木印","shop":"第一公有零售市場-鱔魚麵","category":"夜市/市場攤販","zone":"雲嘉南","city":"嘉義縣","area":"梅山鄉","market_name":"第一公有零售市場","market_address":"嘉義縣梅山鄉中山路梅東村114號","pay_list":"","pay_tool":"","行業代號":null,"行業代號1":null,"名稱1":null,"行業代號2":null,"名稱2":null,"行業代號3":null,"名稱3":null},{"index":36,"id":10030977,"user":"吳春琴","shop":"第一公有零售市場-吳春琴","category":"夜市/市場攤販","zone":"雲嘉南","city":"嘉義縣","area":"梅山鄉","market_name":"第一公有零售市場","market_address":"嘉義縣梅山鄉中山路梅東村114號","pay_list":"","pay_tool":"","行業代號":null,"行業代號1":null,"名稱1":null,"行業代號2":null,"名稱2":null,"行業代號3":null,"名稱3":null},{"index":37,"id":20008817,"user":"周永譚","shop":"阿譚肉粽","category":["夜市/市場攤販"],"zone":"雲嘉南","city":"嘉義縣","area":"梅山鄉","market_name":["餐食攤販"],"market_address":"嘉義縣梅山鄉梅南村６鄰中山路１１９－１號前","pay_list":"","pay_tool":"","行業代號":null,"行業代號1":null,"名稱1":null,"行業代號2":null,"名稱2":null,"行業代號3":null,"名稱3":null},{"index":38,"id":20047188,"user":"黃安生","shop":"一隻香桶仔雞","category":["夜市/市場攤販"],"zone":"雲嘉南","city":"嘉義縣","area":"梅山鄉","market_name":["餐食攤販"],"market_address":"嘉義縣梅山鄉梅南村００６鄰南興街１０１―２號１樓","pay_list":"","pay_tool":"","行業代號":null,"行業代號1":null,"名稱1":null,"行業代號2":null,"名稱2":null,"行業代號3":null,"名稱3":null},{"index":39,"id":60074341,"user":"陳秉鈞","shop":"最高分咖啡莊園","category":["夜市/市場攤販"],"zone":"雲嘉南","city":"嘉義縣","area":"梅山鄉","market_name":["調理飲料攤販"],"market_address":"嘉義縣梅山鄉龍眼村００７鄰龍眼林２８號","pay_list":null,"pay_tool":null,"行業代號":"563200","行業代號1":"","名稱1":"","行業代號2":"","名稱2":"","行業代號3":"","名稱3":""},{"index":40,"id":60125186,"user":"張正懷","shop":"梅山三年九班快餐店","category":["餐飲","夜市/市場攤販"],"zone":"雲嘉南","city":"嘉義縣","area":"梅山鄉","market_name":["冰果店、冷（熱）飲店","餐食攤販"],"market_address":"嘉義縣梅山鄉梅北村６鄰中山路２３０號","pay_list":null,"pay_tool":null,"行業代號":"563111","行業代號1":"561200","名稱1":"餐食攤販","行業代號2":"","名稱2":"","行業代號3":"","名稱3":""}]