[{"index":1,"id":10034000,"user":"吳明群","shop":"合作公有零售市場-吳明群","category":"夜市/市場攤販","zone":"中彰投","city":"臺中市","area":"東區","market_name":"合作公有零售市場","market_address":"臺中市東區進化路230-3號","pay_list":"","pay_tool":"","行業代號":null,"行業代號1":null,"名稱1":null,"行業代號2":null,"名稱2":null,"行業代號3":null,"名稱3":null},{"index":2,"id":10034001,"user":"朱昭雄","shop":"合作公有零售市場-朱昭雄","category":"夜市/市場攤販","zone":"中彰投","city":"臺中市","area":"東區","market_name":"合作公有零售市場","market_address":"臺中市東區進化路230-3號","pay_list":"","pay_tool":"","行業代號":null,"行業代號1":null,"名稱1":null,"行業代號2":null,"名稱2":null,"行業代號3":null,"名稱3":null},{"index":3,"id":10034003,"user":"黃仁德","shop":"合作公有零售市場-黃仁德","category":"夜市/市場攤販","zone":"中彰投","city":"臺中市","area":"東區","market_name":"合作公有零售市場","market_address":"臺中市東區進化路230-3號","pay_list":"","pay_tool":"","行業代號":null,"行業代號1":null,"名稱1":null,"行業代號2":null,"名稱2":null,"行業代號3":null,"名稱3":null},{"index":4,"id":10034004,"user":"陳阿月","shop":"合作公有零售市場-陳阿月","category":"夜市/市場攤販","zone":"中彰投","city":"臺中市","area":"東區","market_name":"合作公有零售市場","market_address":"臺中市東區進化路230-3號","pay_list":"","pay_tool":"","行業代號":null,"行業代號1":null,"名稱1":null,"行業代號2":null,"名稱2":null,"行業代號3":null,"名稱3":null},{"index":5,"id":10034005,"user":"林美蓉","shop":"合作公有零售市場-林美蓉","category":"夜市/市場攤販","zone":"中彰投","city":"臺中市","area":"東區","market_name":"合作公有零售市場","market_address":"臺中市東區進化路230-3號","pay_list":"","pay_tool":"","行業代號":null,"行業代號1":null,"名稱1":null,"行業代號2":null,"名稱2":null,"行業代號3":null,"名稱3":null},{"index":6,"id":10034006,"user":"范益文","shop":"合作公有零售市場-范益文","category":"夜市/市場攤販","zone":"中彰投","city":"臺中市","area":"東區","market_name":"合作公有零售市場","market_address":"臺中市東區進化路230-3號","pay_list":"","pay_tool":"","行業代號":null,"行業代號1":null,"名稱1":null,"行業代號2":null,"名稱2":null,"行業代號3":null,"名稱3":null},{"index":7,"id":10034007,"user":"蘇佳慧","shop":"合作公有零售市場-蘇佳慧","category":"夜市/市場攤販","zone":"中彰投","city":"臺中市","area":"東區","market_name":"合作公有零售市場","market_address":"臺中市東區進化路230-3號","pay_list":"","pay_tool":"","行業代號":null,"行業代號1":null,"名稱1":null,"行業代號2":null,"名稱2":null,"行業代號3":null,"名稱3":null},{"index":8,"id":10034008,"user":"魏秀鳳","shop":"合作公有零售市場-魏秀鳳","category":"夜市/市場攤販","zone":"中彰投","city":"臺中市","area":"東區","market_name":"合作公有零售市場","market_address":"臺中市東區進化路230-3號","pay_list":"","pay_tool":"","行業代號":null,"行業代號1":null,"名稱1":null,"行業代號2":null,"名稱2":null,"行業代號3":null,"名稱3":null},{"index":9,"id":10034009,"user":"蘇林寬玉","shop":"合作公有零售市場-蘇林寬玉","category":"夜市/市場攤販","zone":"中彰投","city":"臺中市","area":"東區","market_name":"合作公有零售市場","market_address":"臺中市東區進化路230-3號","pay_list":"","pay_tool":"","行業代號":null,"行業代號1":null,"名稱1":null,"行業代號2":null,"名稱2":null,"行業代號3":null,"名稱3":null},{"index":10,"id":10034010,"user":"范鴻軒","shop":"合作公有零售市場-范鴻軒","category":"夜市/市場攤販","zone":"中彰投","city":"臺中市","area":"東區","market_name":"合作公有零售市場","market_address":"臺中市東區進化路230-3號","pay_list":"","pay_tool":"","行業代號":null,"行業代號1":null,"名稱1":null,"行業代號2":null,"名稱2":null,"行業代號3":null,"名稱3":null},{"index":11,"id":10034011,"user":"林玉菁","shop":"合作公有零售市場-林玉菁","category":"夜市/市場攤販","zone":"中彰投","city":"臺中市","area":"東區","market_name":"合作公有零售市場","market_address":"臺中市東區進化路230-3號","pay_list":"","pay_tool":"","行業代號":null,"行業代號1":null,"名稱1":null,"行業代號2":null,"名稱2":null,"行業代號3":null,"名稱3":null},{"index":12,"id":10034012,"user":"董秀麗","shop":"合作公有零售市場-董秀麗","category":"夜市/市場攤販","zone":"中彰投","city":"臺中市","area":"東區","market_name":"合作公有零售市場","market_address":"臺中市東區進化路230-3號","pay_list":"","pay_tool":"","行業代號":null,"行業代號1":null,"名稱1":null,"行業代號2":null,"名稱2":null,"行業代號3":null,"名稱3":null},{"index":13,"id":10034014,"user":"林陳罔腰","shop":"合作公有零售市場-林陳罔腰","category":"夜市/市場攤販","zone":"中彰投","city":"臺中市","area":"東區","market_name":"合作公有零售市場","market_address":"臺中市東區進化路230-3號","pay_list":"","pay_tool":"","行業代號":null,"行業代號1":null,"名稱1":null,"行業代號2":null,"名稱2":null,"行業代號3":null,"名稱3":null},{"index":14,"id":10034015,"user":"戴本清","shop":"合作公有零售市場-戴本清","category":"夜市/市場攤販","zone":"中彰投","city":"臺中市","area":"東區","market_name":"合作公有零售市場","market_address":"臺中市東區進化路230-3號","pay_list":"","pay_tool":"","行業代號":null,"行業代號1":null,"名稱1":null,"行業代號2":null,"名稱2":null,"行業代號3":null,"名稱3":null},{"index":15,"id":10034016,"user":"魏素芬","shop":"合作公有零售市場-魏素芬","category":"夜市/市場攤販","zone":"中彰投","city":"臺中市","area":"東區","market_name":"合作公有零售市場","market_address":"臺中市東區進化路230-3號","pay_list":"","pay_tool":"","行業代號":null,"行業代號1":null,"名稱1":null,"行業代號2":null,"名稱2":null,"行業代號3":null,"名稱3":null},{"index":16,"id":10034017,"user":"吳明川","shop":"合作公有零售市場-吳明川","category":"夜市/市場攤販","zone":"中彰投","city":"臺中市","area":"東區","market_name":"合作公有零售市場","market_address":"臺中市東區進化路230-3號","pay_list":"","pay_tool":"","行業代號":null,"行業代號1":null,"名稱1":null,"行業代號2":null,"名稱2":null,"行業代號3":null,"名稱3":null},{"index":17,"id":10034018,"user":"陳詩茹","shop":"合作公有零售市場-陳詩茹","category":"夜市/市場攤販","zone":"中彰投","city":"臺中市","area":"東區","market_name":"合作公有零售市場","market_address":"臺中市東區進化路230-3號","pay_list":"","pay_tool":"","行業代號":null,"行業代號1":null,"名稱1":null,"行業代號2":null,"名稱2":null,"行業代號3":null,"名稱3":null},{"index":18,"id":10034019,"user":"戴仲民","shop":"合作公有零售市場-戴仲民","category":"夜市/市場攤販","zone":"中彰投","city":"臺中市","area":"東區","market_name":"合作公有零售市場","market_address":"臺中市東區進化路230-3號","pay_list":"","pay_tool":"","行業代號":null,"行業代號1":null,"名稱1":null,"行業代號2":null,"名稱2":null,"行業代號3":null,"名稱3":null},{"index":19,"id":10034020,"user":"蔣晏糴","shop":"合作公有零售市場-蔣晏糴","category":"夜市/市場攤販","zone":"中彰投","city":"臺中市","area":"東區","market_name":"合作公有零售市場","market_address":"臺中市東區進化路230-3號","pay_list":"","pay_tool":"","行業代號":null,"行業代號1":null,"名稱1":null,"行業代號2":null,"名稱2":null,"行業代號3":null,"名稱3":null},{"index":20,"id":10034021,"user":"王蔡亂","shop":"合作公有零售市場-王蔡亂","category":"夜市/市場攤販","zone":"中彰投","city":"臺中市","area":"東區","market_name":"合作公有零售市場","market_address":"臺中市東區進化路230-3號","pay_list":"","pay_tool":"","行業代號":null,"行業代號1":null,"名稱1":null,"行業代號2":null,"名稱2":null,"行業代號3":null,"名稱3":null},{"index":21,"id":10034022,"user":"賴新彬","shop":"合作公有零售市場-賴新彬","category":"夜市/市場攤販","zone":"中彰投","city":"臺中市","area":"東區","market_name":"合作公有零售市場","market_address":"臺中市東區進化路230-3號","pay_list":"","pay_tool":"","行業代號":null,"行業代號1":null,"名稱1":null,"行業代號2":null,"名稱2":null,"行業代號3":null,"名稱3":null},{"index":22,"id":10034023,"user":"徐瑞芳","shop":"合作公有零售市場-徐瑞芳","category":"夜市/市場攤販","zone":"中彰投","city":"臺中市","area":"東區","market_name":"合作公有零售市場","market_address":"臺中市東區進化路230-3號","pay_list":"","pay_tool":"","行業代號":null,"行業代號1":null,"名稱1":null,"行業代號2":null,"名稱2":null,"行業代號3":null,"名稱3":null},{"index":23,"id":10034025,"user":"施學富","shop":"合作公有零售市場-施學富","category":"夜市/市場攤販","zone":"中彰投","city":"臺中市","area":"東區","market_name":"合作公有零售市場","market_address":"臺中市東區進化路230-3號","pay_list":"","pay_tool":"","行業代號":null,"行業代號1":null,"名稱1":null,"行業代號2":null,"名稱2":null,"行業代號3":null,"名稱3":null},{"index":24,"id":10034026,"user":"徐瑞芳","shop":"合作公有零售市場-徐瑞芳","category":"夜市/市場攤販","zone":"中彰投","city":"臺中市","area":"東區","market_name":"合作公有零售市場","market_address":"臺中市東區進化路230-3號","pay_list":"","pay_tool":"","行業代號":null,"行業代號1":null,"名稱1":null,"行業代號2":null,"名稱2":null,"行業代號3":null,"名稱3":null},{"index":25,"id":10034027,"user":"施張鈴","shop":"合作公有零售市場-施張鈴","category":"夜市/市場攤販","zone":"中彰投","city":"臺中市","area":"東區","market_name":"合作公有零售市場","market_address":"臺中市東區進化路230-3號","pay_list":"","pay_tool":"","行業代號":null,"行業代號1":null,"名稱1":null,"行業代號2":null,"名稱2":null,"行業代號3":null,"名稱3":null},{"index":26,"id":10034028,"user":"黃柯猛市","shop":"合作公有零售市場-黃柯猛市","category":"夜市/市場攤販","zone":"中彰投","city":"臺中市","area":"東區","market_name":"合作公有零售市場","market_address":"臺中市東區進化路230-3號","pay_list":"","pay_tool":"","行業代號":null,"行業代號1":null,"名稱1":null,"行業代號2":null,"名稱2":null,"行業代號3":null,"名稱3":null},{"index":27,"id":10034029,"user":"洪素君","shop":"合作公有零售市場-洪素君","category":"夜市/市場攤販","zone":"中彰投","city":"臺中市","area":"東區","market_name":"合作公有零售市場","market_address":"臺中市東區進化路230-3號","pay_list":"","pay_tool":"","行業代號":null,"行業代號1":null,"名稱1":null,"行業代號2":null,"名稱2":null,"行業代號3":null,"名稱3":null},{"index":28,"id":10034030,"user":"王美","shop":"合作公有零售市場-王美","category":"夜市/市場攤販","zone":"中彰投","city":"臺中市","area":"東區","market_name":"合作公有零售市場","market_address":"臺中市東區進化路230-3號","pay_list":"","pay_tool":"","行業代號":null,"行業代號1":null,"名稱1":null,"行業代號2":null,"名稱2":null,"行業代號3":null,"名稱3":null},{"index":29,"id":10034031,"user":"徐明村","shop":"合作公有零售市場-徐明村","category":"夜市/市場攤販","zone":"中彰投","city":"臺中市","area":"東區","market_name":"合作公有零售市場","market_address":"臺中市東區進化路230-3號","pay_list":"","pay_tool":"","行業代號":null,"行業代號1":null,"名稱1":null,"行業代號2":null,"名稱2":null,"行業代號3":null,"名稱3":null},{"index":30,"id":10034032,"user":"王秀絨","shop":"合作公有零售市場-王秀絨","category":"夜市/市場攤販","zone":"中彰投","city":"臺中市","area":"東區","market_name":"合作公有零售市場","market_address":"臺中市東區進化路230-3號","pay_list":"","pay_tool":"","行業代號":null,"行業代號1":null,"名稱1":null,"行業代號2":null,"名稱2":null,"行業代號3":null,"名稱3":null},{"index":31,"id":10034033,"user":"蕭美惠","shop":"合作公有零售市場-蕭美惠","category":"夜市/市場攤販","zone":"中彰投","city":"臺中市","area":"東區","market_name":"合作公有零售市場","market_address":"臺中市東區進化路230-3號","pay_list":"","pay_tool":"","行業代號":null,"行業代號1":null,"名稱1":null,"行業代號2":null,"名稱2":null,"行業代號3":null,"名稱3":null},{"index":32,"id":10034034,"user":"潘奕君","shop":"合作公有零售市場-潘奕君","category":"夜市/市場攤販","zone":"中彰投","city":"臺中市","area":"東區","market_name":"合作公有零售市場","market_address":"臺中市東區進化路230-3號","pay_list":"","pay_tool":"","行業代號":null,"行業代號1":null,"名稱1":null,"行業代號2":null,"名稱2":null,"行業代號3":null,"名稱3":null},{"index":33,"id":10034036,"user":"黃瑞焜","shop":"合作公有零售市場-黃瑞焜","category":"夜市/市場攤販","zone":"中彰投","city":"臺中市","area":"東區","market_name":"合作公有零售市場","market_address":"臺中市東區進化路230-3號","pay_list":"","pay_tool":"","行業代號":null,"行業代號1":null,"名稱1":null,"行業代號2":null,"名稱2":null,"行業代號3":null,"名稱3":null},{"index":34,"id":10034037,"user":"李秀足","shop":"合作公有零售市場-李秀足","category":"夜市/市場攤販","zone":"中彰投","city":"臺中市","area":"東區","market_name":"合作公有零售市場","market_address":"臺中市東區進化路230-3號","pay_list":"","pay_tool":"","行業代號":null,"行業代號1":null,"名稱1":null,"行業代號2":null,"名稱2":null,"行業代號3":null,"名稱3":null},{"index":35,"id":10034038,"user":"莊寶鎮","shop":"合作公有零售市場-莊寶鎮","category":"夜市/市場攤販","zone":"中彰投","city":"臺中市","area":"東區","market_name":"合作公有零售市場","market_address":"臺中市東區進化路230-3號","pay_list":"","pay_tool":"","行業代號":null,"行業代號1":null,"名稱1":null,"行業代號2":null,"名稱2":null,"行業代號3":null,"名稱3":null},{"index":36,"id":10034039,"user":"林佳蓁","shop":"合作公有零售市場-林佳蓁","category":"夜市/市場攤販","zone":"中彰投","city":"臺中市","area":"東區","market_name":"合作公有零售市場","market_address":"臺中市東區進化路230-3號","pay_list":"","pay_tool":"","行業代號":null,"行業代號1":null,"名稱1":null,"行業代號2":null,"名稱2":null,"行業代號3":null,"名稱3":null},{"index":37,"id":10034040,"user":"莊銘耀","shop":"合作公有零售市場-莊銘耀","category":"夜市/市場攤販","zone":"中彰投","city":"臺中市","area":"東區","market_name":"合作公有零售市場","market_address":"臺中市東區進化路230-3號","pay_list":"","pay_tool":"","行業代號":null,"行業代號1":null,"名稱1":null,"行業代號2":null,"名稱2":null,"行業代號3":null,"名稱3":null},{"index":38,"id":10034041,"user":"林倪秀","shop":"合作公有零售市場-林倪秀","category":"夜市/市場攤販","zone":"中彰投","city":"臺中市","area":"東區","market_name":"合作公有零售市場","market_address":"臺中市東區進化路230-3號","pay_list":"","pay_tool":"","行業代號":null,"行業代號1":null,"名稱1":null,"行業代號2":null,"名稱2":null,"行業代號3":null,"名稱3":null},{"index":39,"id":10034042,"user":"林哲男","shop":"合作公有零售市場-林哲男","category":"夜市/市場攤販","zone":"中彰投","city":"臺中市","area":"東區","market_name":"合作公有零售市場","market_address":"臺中市東區進化路230-3號","pay_list":"","pay_tool":"","行業代號":null,"行業代號1":null,"名稱1":null,"行業代號2":null,"名稱2":null,"行業代號3":null,"名稱3":null},{"index":40,"id":10034043,"user":"林堆金","shop":"合作公有零售市場-林堆金","category":"夜市/市場攤販","zone":"中彰投","city":"臺中市","area":"東區","market_name":"合作公有零售市場","market_address":"臺中市東區進化路230-3號","pay_list":"","pay_tool":"","行業代號":null,"行業代號1":null,"名稱1":null,"行業代號2":null,"名稱2":null,"行業代號3":null,"名稱3":null},{"index":41,"id":10034044,"user":"游禮洽","shop":"合作公有零售市場-游禮洽","category":"夜市/市場攤販","zone":"中彰投","city":"臺中市","area":"東區","market_name":"合作公有零售市場","market_address":"臺中市東區進化路230-3號","pay_list":"","pay_tool":"","行業代號":null,"行業代號1":null,"名稱1":null,"行業代號2":null,"名稱2":null,"行業代號3":null,"名稱3":null},{"index":42,"id":10034045,"user":"黃孟紅","shop":"合作公有零售市場-黃孟紅","category":"夜市/市場攤販","zone":"中彰投","city":"臺中市","area":"東區","market_name":"合作公有零售市場","market_address":"臺中市東區進化路230-3號","pay_list":"","pay_tool":"","行業代號":null,"行業代號1":null,"名稱1":null,"行業代號2":null,"名稱2":null,"行業代號3":null,"名稱3":null},{"index":43,"id":10034048,"user":"王振崇","shop":"合作公有零售市場-王振崇","category":"夜市/市場攤販","zone":"中彰投","city":"臺中市","area":"東區","market_name":"合作公有零售市場","market_address":"臺中市東區進化路230-3號","pay_list":"","pay_tool":"","行業代號":null,"行業代號1":null,"名稱1":null,"行業代號2":null,"名稱2":null,"行業代號3":null,"名稱3":null},{"index":44,"id":10034049,"user":"黃麗芬","shop":"合作公有零售市場-黃麗芬","category":"夜市/市場攤販","zone":"中彰投","city":"臺中市","area":"東區","market_name":"合作公有零售市場","market_address":"臺中市東區進化路230-3號","pay_list":"","pay_tool":"","行業代號":null,"行業代號1":null,"名稱1":null,"行業代號2":null,"名稱2":null,"行業代號3":null,"名稱3":null},{"index":45,"id":10034050,"user":"黃林秀春","shop":"合作公有零售市場-黃林秀春","category":"夜市/市場攤販","zone":"中彰投","city":"臺中市","area":"東區","market_name":"合作公有零售市場","market_address":"臺中市東區進化路230-3號","pay_list":"","pay_tool":"","行業代號":null,"行業代號1":null,"名稱1":null,"行業代號2":null,"名稱2":null,"行業代號3":null,"名稱3":null},{"index":46,"id":10034051,"user":"盧素珍","shop":"合作公有零售市場-盧素珍","category":"夜市/市場攤販","zone":"中彰投","city":"臺中市","area":"東區","market_name":"合作公有零售市場","market_address":"臺中市東區進化路230-3號","pay_list":"","pay_tool":"","行業代號":null,"行業代號1":null,"名稱1":null,"行業代號2":null,"名稱2":null,"行業代號3":null,"名稱3":null},{"index":47,"id":10034052,"user":"劉泉","shop":"合作公有零售市場-劉泉","category":"夜市/市場攤販","zone":"中彰投","city":"臺中市","area":"東區","market_name":"合作公有零售市場","market_address":"臺中市東區進化路230-3號","pay_list":"","pay_tool":"","行業代號":null,"行業代號1":null,"名稱1":null,"行業代號2":null,"名稱2":null,"行業代號3":null,"名稱3":null},{"index":48,"id":10034053,"user":"盧正田","shop":"合作公有零售市場-盧正田","category":"夜市/市場攤販","zone":"中彰投","city":"臺中市","area":"東區","market_name":"合作公有零售市場","market_address":"臺中市東區進化路230-3號","pay_list":"","pay_tool":"","行業代號":null,"行業代號1":null,"名稱1":null,"行業代號2":null,"名稱2":null,"行業代號3":null,"名稱3":null},{"index":49,"id":10034054,"user":"張秋寶","shop":"合作公有零售市場-張秋寶","category":"夜市/市場攤販","zone":"中彰投","city":"臺中市","area":"東區","market_name":"合作公有零售市場","market_address":"臺中市東區進化路230-3號","pay_list":"","pay_tool":"","行業代號":null,"行業代號1":null,"名稱1":null,"行業代號2":null,"名稱2":null,"行業代號3":null,"名稱3":null},{"index":50,"id":10034055,"user":"許明星","shop":"合作公有零售市場-許明星","category":"夜市/市場攤販","zone":"中彰投","city":"臺中市","area":"東區","market_name":"合作公有零售市場","market_address":"臺中市東區進化路230-3號","pay_list":"","pay_tool":"","行業代號":null,"行業代號1":null,"名稱1":null,"行業代號2":null,"名稱2":null,"行業代號3":null,"名稱3":null},{"index":51,"id":10034056,"user":"董明忠","shop":"合作公有零售市場-董明忠","category":"夜市/市場攤販","zone":"中彰投","city":"臺中市","area":"東區","market_name":"合作公有零售市場","market_address":"臺中市東區進化路230-3號","pay_list":"","pay_tool":"","行業代號":null,"行業代號1":null,"名稱1":null,"行業代號2":null,"名稱2":null,"行業代號3":null,"名稱3":null},{"index":52,"id":10034057,"user":"黃美桃","shop":"合作公有零售市場-黃美桃","category":"夜市/市場攤販","zone":"中彰投","city":"臺中市","area":"東區","market_name":"合作公有零售市場","market_address":"臺中市東區進化路230-3號","pay_list":"","pay_tool":"","行業代號":null,"行業代號1":null,"名稱1":null,"行業代號2":null,"名稱2":null,"行業代號3":null,"名稱3":null},{"index":53,"id":10034059,"user":"林洪阿鳳","shop":"合作公有零售市場-林洪阿鳳","category":"夜市/市場攤販","zone":"中彰投","city":"臺中市","area":"東區","market_name":"合作公有零售市場","market_address":"臺中市東區進化路230-3號","pay_list":"","pay_tool":"","行業代號":null,"行業代號1":null,"名稱1":null,"行業代號2":null,"名稱2":null,"行業代號3":null,"名稱3":null},{"index":54,"id":10034060,"user":"張錦木","shop":"建國公有零售市場-丸通鮮魚行","category":"夜市/市場攤販","zone":"中彰投","city":"臺中市","area":"東區","market_name":"建國公有零售市場","market_address":"臺中市東區建成路500號","pay_list":"","pay_tool":"","行業代號":null,"行業代號1":null,"名稱1":null,"行業代號2":null,"名稱2":null,"行業代號3":null,"名稱3":null},{"index":55,"id":10034061,"user":"廖銘洲","shop":"建國公有零售市場-利輝鮮魚行","category":"夜市/市場攤販","zone":"中彰投","city":"臺中市","area":"東區","market_name":"建國公有零售市場","market_address":"臺中市東區建成路500號","pay_list":"","pay_tool":"","行業代號":null,"行業代號1":null,"名稱1":null,"行業代號2":null,"名稱2":null,"行業代號3":null,"名稱3":null},{"index":56,"id":10034062,"user":"劉英一","shop":"建國公有零售市場-劉鮮魚行","category":"夜市/市場攤販","zone":"中彰投","city":"臺中市","area":"東區","market_name":"建國公有零售市場","market_address":"臺中市東區建成路500號","pay_list":"","pay_tool":"","行業代號":null,"行業代號1":null,"名稱1":null,"行業代號2":null,"名稱2":null,"行業代號3":null,"名稱3":null},{"index":57,"id":10034063,"user":"李文玉","shop":"建國公有零售市場-阿玉鮮魚行","category":"夜市/市場攤販","zone":"中彰投","city":"臺中市","area":"東區","market_name":"建國公有零售市場","market_address":"臺中市東區建成路500號","pay_list":"","pay_tool":"","行業代號":null,"行業代號1":null,"名稱1":null,"行業代號2":null,"名稱2":null,"行業代號3":null,"名稱3":null},{"index":58,"id":10034064,"user":"周榮祺","shop":"建國公有零售市場-利輝鮮魚行","category":"夜市/市場攤販","zone":"中彰投","city":"臺中市","area":"東區","market_name":"建國公有零售市場","market_address":"臺中市東區建成路500號","pay_list":"","pay_tool":"","行業代號":null,"行業代號1":null,"名稱1":null,"行業代號2":null,"名稱2":null,"行業代號3":null,"名稱3":null},{"index":59,"id":10034065,"user":"郭登偉","shop":"建國公有零售市場-登偉鮮魚行","category":"夜市/市場攤販","zone":"中彰投","city":"臺中市","area":"東區","market_name":"建國公有零售市場","market_address":"臺中市東區建成路500號","pay_list":"","pay_tool":"","行業代號":null,"行業代號1":null,"名稱1":null,"行業代號2":null,"名稱2":null,"行業代號3":null,"名稱3":null},{"index":60,"id":10034066,"user":"何阿素","shop":"建國公有零售市場-香港城","category":"夜市/市場攤販","zone":"中彰投","city":"臺中市","area":"東區","market_name":"建國公有零售市場","market_address":"臺中市東區建成路500號","pay_list":"","pay_tool":"","行業代號":null,"行業代號1":null,"名稱1":null,"行業代號2":null,"名稱2":null,"行業代號3":null,"名稱3":null},{"index":61,"id":10034067,"user":"紀榮洲","shop":"建國公有零售市場-丸紀蔬菜行","category":"夜市/市場攤販","zone":"中彰投","city":"臺中市","area":"東區","market_name":"建國公有零售市場","market_address":"臺中市東區建成路500號","pay_list":"","pay_tool":"","行業代號":null,"行業代號1":null,"名稱1":null,"行業代號2":null,"名稱2":null,"行業代號3":null,"名稱3":null},{"index":62,"id":10034068,"user":"林芳美","shop":"建國公有零售市場-三源商行","category":"夜市/市場攤販","zone":"中彰投","city":"臺中市","area":"東區","market_name":"建國公有零售市場","market_address":"臺中市東區建成路500號","pay_list":"","pay_tool":"","行業代號":null,"行業代號1":null,"名稱1":null,"行業代號2":null,"名稱2":null,"行業代號3":null,"名稱3":null},{"index":63,"id":10034070,"user":"許紹勝","shop":"建國公有零售市場-新利春製香舖","category":"夜市/市場攤販","zone":"中彰投","city":"臺中市","area":"東區","market_name":"建國公有零售市場","market_address":"臺中市東區建成路500號","pay_list":"","pay_tool":"","行業代號":null,"行業代號1":null,"名稱1":null,"行業代號2":null,"名稱2":null,"行業代號3":null,"名稱3":null},{"index":64,"id":10034071,"user":"梁寶珠","shop":"建國公有零售市場-丸慶農產行","category":"夜市/市場攤販","zone":"中彰投","city":"臺中市","area":"東區","market_name":"建國公有零售市場","market_address":"臺中市東區建成路500號","pay_list":"","pay_tool":"","行業代號":null,"行業代號1":null,"名稱1":null,"行業代號2":null,"名稱2":null,"行業代號3":null,"名稱3":null},{"index":65,"id":10034072,"user":"江順風","shop":"建國公有零售市場-鑽","category":"夜市/市場攤販","zone":"中彰投","city":"臺中市","area":"東區","market_name":"建國公有零售市場","market_address":"臺中市東區建成路500號","pay_list":"","pay_tool":"","行業代號":null,"行業代號1":null,"名稱1":null,"行業代號2":null,"名稱2":null,"行業代號3":null,"名稱3":null},{"index":66,"id":10034073,"user":"簡茂隆","shop":"建國公有零售市場-榮茂行","category":"夜市/市場攤販","zone":"中彰投","city":"臺中市","area":"東區","market_name":"建國公有零售市場","market_address":"臺中市東區建成路500號","pay_list":"","pay_tool":"","行業代號":null,"行業代號1":null,"名稱1":null,"行業代號2":null,"名稱2":null,"行業代號3":null,"名稱3":null},{"index":67,"id":10034074,"user":"江幸君","shop":"建國公有零售市場-老丸日","category":"夜市/市場攤販","zone":"中彰投","city":"臺中市","area":"東區","market_name":"建國公有零售市場","market_address":"臺中市東區建成路500號","pay_list":"","pay_tool":"","行業代號":null,"行業代號1":null,"名稱1":null,"行業代號2":null,"名稱2":null,"行業代號3":null,"名稱3":null},{"index":68,"id":10034075,"user":"陳泰宏","shop":"建國公有零售市場-華華食品","category":"夜市/市場攤販","zone":"中彰投","city":"臺中市","area":"東區","market_name":"建國公有零售市場","market_address":"臺中市東區建成路500號","pay_list":"","pay_tool":"","行業代號":null,"行業代號1":null,"名稱1":null,"行業代號2":null,"名稱2":null,"行業代號3":null,"名稱3":null},{"index":69,"id":10034076,"user":"謝銘能","shop":"建國公有零售市場-日益素食材料","category":"夜市/市場攤販","zone":"中彰投","city":"臺中市","area":"東區","market_name":"建國公有零售市場","market_address":"臺中市東區建成路500號","pay_list":"","pay_tool":"","行業代號":null,"行業代號1":null,"名稱1":null,"行業代號2":null,"名稱2":null,"行業代號3":null,"名稱3":null},{"index":70,"id":10034077,"user":"張士杰","shop":"建國公有零售市場-源興行","category":"夜市/市場攤販","zone":"中彰投","city":"臺中市","area":"東區","market_name":"建國公有零售市場","market_address":"臺中市東區建成路500號","pay_list":"","pay_tool":"","行業代號":null,"行業代號1":null,"名稱1":null,"行業代號2":null,"名稱2":null,"行業代號3":null,"名稱3":null},{"index":71,"id":10034078,"user":"吳翠娥","shop":"建國公有零售市場-丸卯鮮魚行","category":"夜市/市場攤販","zone":"中彰投","city":"臺中市","area":"東區","market_name":"建國公有零售市場","market_address":"臺中市東區建成路500號","pay_list":"","pay_tool":"","行業代號":null,"行業代號1":null,"名稱1":null,"行業代號2":null,"名稱2":null,"行業代號3":null,"名稱3":null},{"index":72,"id":10034079,"user":"朱寶鈴","shop":"建國公有零售市場-太平阿源","category":"夜市/市場攤販","zone":"中彰投","city":"臺中市","area":"東區","market_name":"建國公有零售市場","market_address":"臺中市東區建成路500號","pay_list":"","pay_tool":"","行業代號":null,"行業代號1":null,"名稱1":null,"行業代號2":null,"名稱2":null,"行業代號3":null,"名稱3":null},{"index":73,"id":10034081,"user":"何宗敬","shop":"建國公有零售市場-基隆現撈","category":"夜市/市場攤販","zone":"中彰投","city":"臺中市","area":"東區","market_name":"建國公有零售市場","market_address":"臺中市東區建成路500號","pay_list":"","pay_tool":"","行業代號":null,"行業代號1":null,"名稱1":null,"行業代號2":null,"名稱2":null,"行業代號3":null,"名稱3":null},{"index":74,"id":10034082,"user":"陳維彬","shop":"建國公有零售市場-丸立鮮魚商","category":"夜市/市場攤販","zone":"中彰投","city":"臺中市","area":"東區","market_name":"建國公有零售市場","market_address":"臺中市東區建成路500號","pay_list":"","pay_tool":"","行業代號":null,"行業代號1":null,"名稱1":null,"行業代號2":null,"名稱2":null,"行業代號3":null,"名稱3":null},{"index":75,"id":10034083,"user":"陳政任","shop":"建國公有零售市場-丸立鮮魚商","category":"夜市/市場攤販","zone":"中彰投","city":"臺中市","area":"東區","market_name":"建國公有零售市場","market_address":"臺中市東區建成路500號","pay_list":"","pay_tool":"","行業代號":null,"行業代號1":null,"名稱1":null,"行業代號2":null,"名稱2":null,"行業代號3":null,"名稱3":null},{"index":76,"id":10034084,"user":"李秋足","shop":"建國公有零售市場-丸立鮮魚商","category":"夜市/市場攤販","zone":"中彰投","city":"臺中市","area":"東區","market_name":"建國公有零售市場","market_address":"臺中市東區建成路500號","pay_list":"","pay_tool":"","行業代號":null,"行業代號1":null,"名稱1":null,"行業代號2":null,"名稱2":null,"行業代號3":null,"名稱3":null},{"index":77,"id":10034085,"user":"林慧芳","shop":"建國公有零售市場-丸立鮮魚商","category":"夜市/市場攤販","zone":"中彰投","city":"臺中市","area":"東區","market_name":"建國公有零售市場","market_address":"臺中市東區建成路500號","pay_list":"","pay_tool":"","行業代號":null,"行業代號1":null,"名稱1":null,"行業代號2":null,"名稱2":null,"行業代號3":null,"名稱3":null},{"index":78,"id":10034086,"user":"邱太雄","shop":"建國公有零售市場-太郎鮮魚","category":"夜市/市場攤販","zone":"中彰投","city":"臺中市","area":"東區","market_name":"建國公有零售市場","market_address":"臺中市東區建成路500號","pay_list":"","pay_tool":"","行業代號":null,"行業代號1":null,"名稱1":null,"行業代號2":null,"名稱2":null,"行業代號3":null,"名稱3":null},{"index":79,"id":10034087,"user":"何蔡炒","shop":"建國公有零售市場-花友鮮魚行","category":"夜市/市場攤販","zone":"中彰投","city":"臺中市","area":"東區","market_name":"建國公有零售市場","market_address":"臺中市東區建成路500號","pay_list":"","pay_tool":"","行業代號":null,"行業代號1":null,"名稱1":null,"行業代號2":null,"名稱2":null,"行業代號3":null,"名稱3":null},{"index":80,"id":10034088,"user":"楊閔榛","shop":"建國公有零售市場-一郎鮮魚行","category":"夜市/市場攤販","zone":"中彰投","city":"臺中市","area":"東區","market_name":"建國公有零售市場","market_address":"臺中市東區建成路500號","pay_list":"","pay_tool":"","行業代號":null,"行業代號1":null,"名稱1":null,"行業代號2":null,"名稱2":null,"行業代號3":null,"名稱3":null},{"index":81,"id":10034089,"user":"陳仕欣","shop":"建國公有零售市場-錦花鮮魚行","category":"夜市/市場攤販","zone":"中彰投","city":"臺中市","area":"東區","market_name":"建國公有零售市場","market_address":"臺中市東區建成路500號","pay_list":"","pay_tool":"","行業代號":null,"行業代號1":null,"名稱1":null,"行業代號2":null,"名稱2":null,"行業代號3":null,"名稱3":null},{"index":82,"id":10034090,"user":"鍾惠羽","shop":"建國公有零售市場-振豪淡水魚","category":"夜市/市場攤販","zone":"中彰投","city":"臺中市","area":"東區","market_name":"建國公有零售市場","market_address":"臺中市東區建成路500號","pay_list":"","pay_tool":"","行業代號":null,"行業代號1":null,"名稱1":null,"行業代號2":null,"名稱2":null,"行業代號3":null,"名稱3":null},{"index":83,"id":10034092,"user":"李振豪","shop":"建國公有零售市場-振豪淡水魚","category":"夜市/市場攤販","zone":"中彰投","city":"臺中市","area":"東區","market_name":"建國公有零售市場","market_address":"臺中市東區建成路500號","pay_list":"","pay_tool":"","行業代號":null,"行業代號1":null,"名稱1":null,"行業代號2":null,"名稱2":null,"行業代號3":null,"名稱3":null},{"index":84,"id":10034093,"user":"徐正大","shop":"建國公有零售市場-龍記鮮魚行","category":"夜市/市場攤販","zone":"中彰投","city":"臺中市","area":"東區","market_name":"建國公有零售市場","market_address":"臺中市東區建成路500號","pay_list":"","pay_tool":"","行業代號":null,"行業代號1":null,"名稱1":null,"行業代號2":null,"名稱2":null,"行業代號3":null,"名稱3":null},{"index":85,"id":10034094,"user":"簡文祺","shop":"建國公有零售市場-龍記鮮魚行","category":"夜市/市場攤販","zone":"中彰投","city":"臺中市","area":"東區","market_name":"建國公有零售市場","market_address":"臺中市東區建成路500號","pay_list":"","pay_tool":"","行業代號":null,"行業代號1":null,"名稱1":null,"行業代號2":null,"名稱2":null,"行業代號3":null,"名稱3":null},{"index":86,"id":10034095,"user":"陳國斌","shop":"建國公有零售市場-晴天芭樂","category":"夜市/市場攤販","zone":"中彰投","city":"臺中市","area":"東區","market_name":"建國公有零售市場","market_address":"臺中市東區建成路500號","pay_list":"","pay_tool":"","行業代號":null,"行業代號1":null,"名稱1":null,"行業代號2":null,"名稱2":null,"行業代號3":null,"名稱3":null},{"index":87,"id":10034096,"user":"張明鎰","shop":"建國公有零售市場-山產","category":"夜市/市場攤販","zone":"中彰投","city":"臺中市","area":"東區","market_name":"建國公有零售市場","market_address":"臺中市東區建成路500號","pay_list":"","pay_tool":"","行業代號":null,"行業代號1":null,"名稱1":null,"行業代號2":null,"名稱2":null,"行業代號3":null,"名稱3":null},{"index":88,"id":10034097,"user":"張麗份","shop":"建國公有零售市場-山產","category":"夜市/市場攤販","zone":"中彰投","city":"臺中市","area":"東區","market_name":"建國公有零售市場","market_address":"臺中市東區建成路500號","pay_list":"","pay_tool":"","行業代號":null,"行業代號1":null,"名稱1":null,"行業代號2":null,"名稱2":null,"行業代號3":null,"名稱3":null},{"index":89,"id":10034098,"user":"張腰治","shop":"建國公有零售市場-鹿港人","category":"夜市/市場攤販","zone":"中彰投","city":"臺中市","area":"東區","market_name":"建國公有零售市場","market_address":"臺中市東區建成路500號","pay_list":"","pay_tool":"","行業代號":null,"行業代號1":null,"名稱1":null,"行業代號2":null,"名稱2":null,"行業代號3":null,"名稱3":null},{"index":90,"id":10034099,"user":"游陳秋香","shop":"建國公有零售市場-三井鮮魚","category":"夜市/市場攤販","zone":"中彰投","city":"臺中市","area":"東區","market_name":"建國公有零售市場","market_address":"臺中市東區建成路500號","pay_list":"","pay_tool":"","行業代號":null,"行業代號1":null,"名稱1":null,"行業代號2":null,"名稱2":null,"行業代號3":null,"名稱3":null},{"index":91,"id":10034100,"user":"柯明麗","shop":"建國公有零售市場-大盛魚行","category":"夜市/市場攤販","zone":"中彰投","city":"臺中市","area":"東區","market_name":"建國公有零售市場","market_address":"臺中市東區建成路500號","pay_list":"","pay_tool":"","行業代號":null,"行業代號1":null,"名稱1":null,"行業代號2":null,"名稱2":null,"行業代號3":null,"名稱3":null},{"index":92,"id":10034101,"user":"薛志清","shop":"建國公有零售市場-志清鮮魚行","category":"夜市/市場攤販","zone":"中彰投","city":"臺中市","area":"東區","market_name":"建國公有零售市場","market_address":"臺中市東區建成路500號","pay_list":"","pay_tool":"","行業代號":null,"行業代號1":null,"名稱1":null,"行業代號2":null,"名稱2":null,"行業代號3":null,"名稱3":null},{"index":93,"id":10034103,"user":"林三夫","shop":"建國公有零售市場-蝦蟹本舖","category":"夜市/市場攤販","zone":"中彰投","city":"臺中市","area":"東區","market_name":"建國公有零售市場","market_address":"臺中市東區建成路500號","pay_list":"","pay_tool":"","行業代號":null,"行業代號1":null,"名稱1":null,"行業代號2":null,"名稱2":null,"行業代號3":null,"名稱3":null},{"index":94,"id":10034104,"user":"黃錦泉","shop":"建國公有零售市場-魚","category":"夜市/市場攤販","zone":"中彰投","city":"臺中市","area":"東區","market_name":"建國公有零售市場","market_address":"臺中市東區建成路500號","pay_list":"","pay_tool":"","行業代號":null,"行業代號1":null,"名稱1":null,"行業代號2":null,"名稱2":null,"行業代號3":null,"名稱3":null},{"index":95,"id":10034105,"user":"黃詩涵","shop":"建國公有零售市場-丸利鮮魚行","category":"夜市/市場攤販","zone":"中彰投","city":"臺中市","area":"東區","market_name":"建國公有零售市場","market_address":"臺中市東區建成路500號","pay_list":"","pay_tool":"","行業代號":null,"行業代號1":null,"名稱1":null,"行業代號2":null,"名稱2":null,"行業代號3":null,"名稱3":null},{"index":96,"id":10034106,"user":"黃明宗","shop":"建國公有零售市場-丸黃","category":"夜市/市場攤販","zone":"中彰投","city":"臺中市","area":"東區","market_name":"建國公有零售市場","market_address":"臺中市東區建成路500號","pay_list":"","pay_tool":"","行業代號":null,"行業代號1":null,"名稱1":null,"行業代號2":null,"名稱2":null,"行業代號3":null,"名稱3":null},{"index":97,"id":10034107,"user":"黃榮洲","shop":"建國公有零售市場-丸黃","category":"夜市/市場攤販","zone":"中彰投","city":"臺中市","area":"東區","market_name":"建國公有零售市場","market_address":"臺中市東區建成路500號","pay_list":"","pay_tool":"","行業代號":null,"行業代號1":null,"名稱1":null,"行業代號2":null,"名稱2":null,"行業代號3":null,"名稱3":null},{"index":98,"id":10034108,"user":"黃俊霖","shop":"建國公有零售市場-丸黃鮮魚行","category":"夜市/市場攤販","zone":"中彰投","city":"臺中市","area":"東區","market_name":"建國公有零售市場","market_address":"臺中市東區建成路500號","pay_list":"","pay_tool":"","行業代號":null,"行業代號1":null,"名稱1":null,"行業代號2":null,"名稱2":null,"行業代號3":null,"名稱3":null},{"index":99,"id":10034109,"user":"黃建仁","shop":"建國公有零售市場-丸黃鮮魚行","category":"夜市/市場攤販","zone":"中彰投","city":"臺中市","area":"東區","market_name":"建國公有零售市場","market_address":"臺中市東區建成路500號","pay_list":"","pay_tool":"","行業代號":null,"行業代號1":null,"名稱1":null,"行業代號2":null,"名稱2":null,"行業代號3":null,"名稱3":null},{"index":100,"id":10034110,"user":"陳裕明","shop":"建國公有零售市場-祥豐冷凍水產","category":"夜市/市場攤販","zone":"中彰投","city":"臺中市","area":"東區","market_name":"建國公有零售市場","market_address":"臺中市東區建成路500號","pay_list":"","pay_tool":"","行業代號":null,"行業代號1":null,"名稱1":null,"行業代號2":null,"名稱2":null,"行業代號3":null,"名稱3":null},{"index":101,"id":10034111,"user":"陳世明","shop":"建國公有零售市場-祥豐冷凍水產","category":"夜市/市場攤販","zone":"中彰投","city":"臺中市","area":"東區","market_name":"建國公有零售市場","market_address":"臺中市東區建成路500號","pay_list":"","pay_tool":"","行業代號":null,"行業代號1":null,"名稱1":null,"行業代號2":null,"名稱2":null,"行業代號3":null,"名稱3":null},{"index":102,"id":10034112,"user":"王子勻","shop":"建國公有零售市場-國際水產物流平價中心","category":"夜市/市場攤販","zone":"中彰投","city":"臺中市","area":"東區","market_name":"建國公有零售市場","market_address":"臺中市東區建成路500號","pay_list":"","pay_tool":"","行業代號":null,"行業代號1":null,"名稱1":null,"行業代號2":null,"名稱2":null,"行業代號3":null,"名稱3":null},{"index":103,"id":10034114,"user":"吳致安","shop":"建國公有零售市場-七美商行","category":"夜市/市場攤販","zone":"中彰投","city":"臺中市","area":"東區","market_name":"建國公有零售市場","market_address":"臺中市東區建成路500號","pay_list":"","pay_tool":"","行業代號":null,"行業代號1":null,"名稱1":null,"行業代號2":null,"名稱2":null,"行業代號3":null,"名稱3":null},{"index":104,"id":10034115,"user":"柯佳榮","shop":"建國公有零售市場-洪記家禽","category":"夜市/市場攤販","zone":"中彰投","city":"臺中市","area":"東區","market_name":"建國公有零售市場","market_address":"臺中市東區建成路500號","pay_list":"","pay_tool":"","行業代號":null,"行業代號1":null,"名稱1":null,"行業代號2":null,"名稱2":null,"行業代號3":null,"名稱3":null},{"index":105,"id":10034116,"user":"蔡桂英","shop":"建國公有零售市場-大坑麻竹筍","category":"夜市/市場攤販","zone":"中彰投","city":"臺中市","area":"東區","market_name":"建國公有零售市場","market_address":"臺中市東區建成路500號","pay_list":"","pay_tool":"","行業代號":null,"行業代號1":null,"名稱1":null,"行業代號2":null,"名稱2":null,"行業代號3":null,"名稱3":null},{"index":106,"id":10034117,"user":"林香蘭","shop":"建國公有零售市場-鯰魚泥鰍昌魚行","category":"夜市/市場攤販","zone":"中彰投","city":"臺中市","area":"東區","market_name":"建國公有零售市場","market_address":"臺中市東區建成路500號","pay_list":"","pay_tool":"","行業代號":null,"行業代號1":null,"名稱1":null,"行業代號2":null,"名稱2":null,"行業代號3":null,"名稱3":null},{"index":107,"id":10034118,"user":"朱晉昌","shop":"建國公有零售市場-鯰魚泥鰍昌魚行","category":"夜市/市場攤販","zone":"中彰投","city":"臺中市","area":"東區","market_name":"建國公有零售市場","market_address":"臺中市東區建成路500號","pay_list":"","pay_tool":"","行業代號":null,"行業代號1":null,"名稱1":null,"行業代號2":null,"名稱2":null,"行業代號3":null,"名稱3":null},{"index":108,"id":10034119,"user":"陳娟娟","shop":"建國公有零售市場-蛤蜊蚵水產批發鈞發水產行(圖騰)","category":"夜市/市場攤販","zone":"中彰投","city":"臺中市","area":"東區","market_name":"建國公有零售市場","market_address":"臺中市東區建成路500號","pay_list":"","pay_tool":"","行業代號":null,"行業代號1":null,"名稱1":null,"行業代號2":null,"名稱2":null,"行業代號3":null,"名稱3":null},{"index":109,"id":10034120,"user":"林坤振","shop":"建國公有零售市場-038冷凍庫","category":"夜市/市場攤販","zone":"中彰投","city":"臺中市","area":"東區","market_name":"建國公有零售市場","market_address":"臺中市東區建成路500號","pay_list":"","pay_tool":"","行業代號":null,"行業代號1":null,"名稱1":null,"行業代號2":null,"名稱2":null,"行業代號3":null,"名稱3":null},{"index":110,"id":10034121,"user":"陳三井","shop":"建國公有零售市場-三井鮮魚行","category":"夜市/市場攤販","zone":"中彰投","city":"臺中市","area":"東區","market_name":"建國公有零售市場","market_address":"臺中市東區建成路500號","pay_list":"","pay_tool":"","行業代號":null,"行業代號1":null,"名稱1":null,"行業代號2":null,"名稱2":null,"行業代號3":null,"名稱3":null},{"index":111,"id":10034122,"user":"陳仕家","shop":"建國公有零售市場-三井鮮魚行","category":"夜市/市場攤販","zone":"中彰投","city":"臺中市","area":"東區","market_name":"建國公有零售市場","market_address":"臺中市東區建成路500號","pay_list":"","pay_tool":"","行業代號":null,"行業代號1":null,"名稱1":null,"行業代號2":null,"名稱2":null,"行業代號3":null,"名稱3":null},{"index":112,"id":10034123,"user":"柯美麗","shop":"建國公有零售市場-三井鮮魚行","category":"夜市/市場攤販","zone":"中彰投","city":"臺中市","area":"東區","market_name":"建國公有零售市場","market_address":"臺中市東區建成路500號","pay_list":"","pay_tool":"","行業代號":null,"行業代號1":null,"名稱1":null,"行業代號2":null,"名稱2":null,"行業代號3":null,"名稱3":null},{"index":113,"id":10034125,"user":"薛婷瑜","shop":"建國公有零售市場-銘永鮮魚行","category":"夜市/市場攤販","zone":"中彰投","city":"臺中市","area":"東區","market_name":"建國公有零售市場","market_address":"臺中市東區建成路500號","pay_list":"","pay_tool":"","行業代號":null,"行業代號1":null,"名稱1":null,"行業代號2":null,"名稱2":null,"行業代號3":null,"名稱3":null},{"index":114,"id":10034126,"user":"潘福齊","shop":"建國公有零售市場-丸易鮮魚行","category":"夜市/市場攤販","zone":"中彰投","city":"臺中市","area":"東區","market_name":"建國公有零售市場","market_address":"臺中市東區建成路500號","pay_list":"","pay_tool":"","行業代號":null,"行業代號1":null,"名稱1":null,"行業代號2":null,"名稱2":null,"行業代號3":null,"名稱3":null},{"index":115,"id":10034127,"user":"陳思彤","shop":"建國公有零售市場-吳樂師蛤蜊店","category":"夜市/市場攤販","zone":"中彰投","city":"臺中市","area":"東區","market_name":"建國公有零售市場","market_address":"臺中市東區建成路500號","pay_list":"","pay_tool":"","行業代號":null,"行業代號1":null,"名稱1":null,"行業代號2":null,"名稱2":null,"行業代號3":null,"名稱3":null},{"index":116,"id":10034128,"user":"顏彭雲蕉","shop":"建國公有零售市場-丸永鮮魚行","category":"夜市/市場攤販","zone":"中彰投","city":"臺中市","area":"東區","market_name":"建國公有零售市場","market_address":"臺中市東區建成路500號","pay_list":"","pay_tool":"","行業代號":null,"行業代號1":null,"名稱1":null,"行業代號2":null,"名稱2":null,"行業代號3":null,"名稱3":null},{"index":117,"id":10034129,"user":"林江南","shop":"建國公有零售市場-永豐海產行","category":"夜市/市場攤販","zone":"中彰投","city":"臺中市","area":"東區","market_name":"建國公有零售市場","market_address":"臺中市東區建成路500號","pay_list":"","pay_tool":"","行業代號":null,"行業代號1":null,"名稱1":null,"行業代號2":null,"名稱2":null,"行業代號3":null,"名稱3":null},{"index":118,"id":10034130,"user":"林家呈","shop":"建國公有零售市場-永豐海產行","category":"夜市/市場攤販","zone":"中彰投","city":"臺中市","area":"東區","market_name":"建國公有零售市場","market_address":"臺中市東區建成路500號","pay_list":"","pay_tool":"","行業代號":null,"行業代號1":null,"名稱1":null,"行業代號2":null,"名稱2":null,"行業代號3":null,"名稱3":null},{"index":119,"id":10034131,"user":"何俊雄","shop":"建國公有零售市場-美人魚","category":"夜市/市場攤販","zone":"中彰投","city":"臺中市","area":"東區","market_name":"建國公有零售市場","market_address":"臺中市東區建成路500號","pay_list":"","pay_tool":"","行業代號":null,"行業代號1":null,"名稱1":null,"行業代號2":null,"名稱2":null,"行業代號3":null,"名稱3":null},{"index":120,"id":10034132,"user":"陳根民","shop":"建國公有零售市場-隨勝鮮魚行","category":"夜市/市場攤販","zone":"中彰投","city":"臺中市","area":"東區","market_name":"建國公有零售市場","market_address":"臺中市東區建成路500號","pay_list":"","pay_tool":"","行業代號":null,"行業代號1":null,"名稱1":null,"行業代號2":null,"名稱2":null,"行業代號3":null,"名稱3":null},{"index":121,"id":10034133,"user":"劉振宏","shop":"建國公有零售市場-俊棠鮮魚行","category":"夜市/市場攤販","zone":"中彰投","city":"臺中市","area":"東區","market_name":"建國公有零售市場","market_address":"臺中市東區建成路500號","pay_list":"","pay_tool":"","行業代號":null,"行業代號1":null,"名稱1":null,"行業代號2":null,"名稱2":null,"行業代號3":null,"名稱3":null},{"index":122,"id":10034134,"user":"謝永居","shop":"建國公有零售市場-魚","category":"夜市/市場攤販","zone":"中彰投","city":"臺中市","area":"東區","market_name":"建國公有零售市場","market_address":"臺中市東區建成路500號","pay_list":"","pay_tool":"","行業代號":null,"行業代號1":null,"名稱1":null,"行業代號2":null,"名稱2":null,"行業代號3":null,"名稱3":null},{"index":123,"id":10034136,"user":"梁文?","shop":"建國公有零售市場-丸梁澎湖海產","category":"夜市/市場攤販","zone":"中彰投","city":"臺中市","area":"東區","market_name":"建國公有零售市場","market_address":"臺中市東區建成路500號","pay_list":"","pay_tool":"","行業代號":null,"行業代號1":null,"名稱1":null,"行業代號2":null,"名稱2":null,"行業代號3":null,"名稱3":null},{"index":124,"id":10034137,"user":"柯妍瑀","shop":"建國公有零售市場-環球進口水產","category":"夜市/市場攤販","zone":"中彰投","city":"臺中市","area":"東區","market_name":"建國公有零售市場","market_address":"臺中市東區建成路500號","pay_list":"","pay_tool":"","行業代號":null,"行業代號1":null,"名稱1":null,"行業代號2":null,"名稱2":null,"行業代號3":null,"名稱3":null},{"index":125,"id":10034138,"user":"賴榮平","shop":"建國公有零售市場-阿妹鵝鴨大批發","category":"夜市/市場攤販","zone":"中彰投","city":"臺中市","area":"東區","market_name":"建國公有零售市場","market_address":"臺中市東區建成路500號","pay_list":"","pay_tool":"","行業代號":null,"行業代號1":null,"名稱1":null,"行業代號2":null,"名稱2":null,"行業代號3":null,"名稱3":null},{"index":126,"id":10034139,"user":"童麗鳳","shop":"建國公有零售市場-達誠牛羊肉","category":"夜市/市場攤販","zone":"中彰投","city":"臺中市","area":"東區","market_name":"建國公有零售市場","market_address":"臺中市東區建成路500號","pay_list":"","pay_tool":"","行業代號":null,"行業代號1":null,"名稱1":null,"行業代號2":null,"名稱2":null,"行業代號3":null,"名稱3":null},{"index":127,"id":10034140,"user":"傅裕璋","shop":"建國公有零售市場-達誠牛羊肉","category":"夜市/市場攤販","zone":"中彰投","city":"臺中市","area":"東區","market_name":"建國公有零售市場","market_address":"臺中市東區建成路500號","pay_list":"","pay_tool":"","行業代號":null,"行業代號1":null,"名稱1":null,"行業代號2":null,"名稱2":null,"行業代號3":null,"名稱3":null},{"index":128,"id":10034141,"user":"蔡心珆","shop":"建國公有零售市場-青菜","category":"夜市/市場攤販","zone":"中彰投","city":"臺中市","area":"東區","market_name":"建國公有零售市場","market_address":"臺中市東區建成路500號","pay_list":"","pay_tool":"","行業代號":null,"行業代號1":null,"名稱1":null,"行業代號2":null,"名稱2":null,"行業代號3":null,"名稱3":null},{"index":129,"id":10034142,"user":"陳昭裕","shop":"建國公有零售市場-鯰魚泥鰍青蛙鰻魚","category":"夜市/市場攤販","zone":"中彰投","city":"臺中市","area":"東區","market_name":"建國公有零售市場","market_address":"臺中市東區建成路500號","pay_list":"","pay_tool":"","行業代號":null,"行業代號1":null,"名稱1":null,"行業代號2":null,"名稱2":null,"行業代號3":null,"名稱3":null},{"index":130,"id":10034143,"user":"陳宗傑","shop":"建國公有零售市場-鯰魚泥鰍青蛙鰻魚","category":"夜市/市場攤販","zone":"中彰投","city":"臺中市","area":"東區","market_name":"建國公有零售市場","market_address":"臺中市東區建成路500號","pay_list":"","pay_tool":"","行業代號":null,"行業代號1":null,"名稱1":null,"行業代號2":null,"名稱2":null,"行業代號3":null,"名稱3":null},{"index":131,"id":10034144,"user":"陳俊洋","shop":"建國公有零售市場-鯰魚泥鰍青蛙鰻魚","category":"夜市/市場攤販","zone":"中彰投","city":"臺中市","area":"東區","market_name":"建國公有零售市場","market_address":"臺中市東區建成路500號","pay_list":"","pay_tool":"","行業代號":null,"行業代號1":null,"名稱1":null,"行業代號2":null,"名稱2":null,"行業代號3":null,"名稱3":null},{"index":132,"id":10034145,"user":"陳林秀美","shop":"建國公有零售市場-阿文鮮魚行","category":"夜市/市場攤販","zone":"中彰投","city":"臺中市","area":"東區","market_name":"建國公有零售市場","market_address":"臺中市東區建成路500號","pay_list":"","pay_tool":"","行業代號":null,"行業代號1":null,"名稱1":null,"行業代號2":null,"名稱2":null,"行業代號3":null,"名稱3":null},{"index":133,"id":10034147,"user":"陳孟蘋","shop":"建國公有零售市場-阿蘋鮮魚行","category":"夜市/市場攤販","zone":"中彰投","city":"臺中市","area":"東區","market_name":"建國公有零售市場","market_address":"臺中市東區建成路500號","pay_list":"","pay_tool":"","行業代號":null,"行業代號1":null,"名稱1":null,"行業代號2":null,"名稱2":null,"行業代號3":null,"名稱3":null},{"index":134,"id":10034148,"user":"邱菊嬌","shop":"建國公有零售市場-丸川鮮魚行","category":"夜市/市場攤販","zone":"中彰投","city":"臺中市","area":"東區","market_name":"建國公有零售市場","market_address":"臺中市東區建成路500號","pay_list":"","pay_tool":"","行業代號":null,"行業代號1":null,"名稱1":null,"行業代號2":null,"名稱2":null,"行業代號3":null,"名稱3":null},{"index":135,"id":10034149,"user":"廖良女","shop":"建國公有零售市場-信宏海產","category":"夜市/市場攤販","zone":"中彰投","city":"臺中市","area":"東區","market_name":"建國公有零售市場","market_address":"臺中市東區建成路500號","pay_list":"","pay_tool":"","行業代號":null,"行業代號1":null,"名稱1":null,"行業代號2":null,"名稱2":null,"行業代號3":null,"名稱3":null},{"index":136,"id":10034150,"user":"施嘉和","shop":"建國公有零售市場-信宏海產","category":"夜市/市場攤販","zone":"中彰投","city":"臺中市","area":"東區","market_name":"建國公有零售市場","market_address":"臺中市東區建成路500號","pay_list":"","pay_tool":"","行業代號":null,"行業代號1":null,"名稱1":null,"行業代號2":null,"名稱2":null,"行業代號3":null,"名稱3":null},{"index":137,"id":10034151,"user":"?隆琪","shop":"建國公有零售市場-信宏海產","category":"夜市/市場攤販","zone":"中彰投","city":"臺中市","area":"東區","market_name":"建國公有零售市場","market_address":"臺中市東區建成路500號","pay_list":"","pay_tool":"","行業代號":null,"行業代號1":null,"名稱1":null,"行業代號2":null,"名稱2":null,"行業代號3":null,"名稱3":null},{"index":138,"id":10034152,"user":"謝璟珊","shop":"建國公有零售市場-丸忠","category":"夜市/市場攤販","zone":"中彰投","city":"臺中市","area":"東區","market_name":"建國公有零售市場","market_address":"臺中市東區建成路500號","pay_list":"","pay_tool":"","行業代號":null,"行業代號1":null,"名稱1":null,"行業代號2":null,"名稱2":null,"行業代號3":null,"名稱3":null},{"index":139,"id":10034153,"user":"何志鵬","shop":"建國公有零售市場-丸忠","category":"夜市/市場攤販","zone":"中彰投","city":"臺中市","area":"東區","market_name":"建國公有零售市場","market_address":"臺中市東區建成路500號","pay_list":"","pay_tool":"","行業代號":null,"行業代號1":null,"名稱1":null,"行業代號2":null,"名稱2":null,"行業代號3":null,"名稱3":null},{"index":140,"id":10034154,"user":"何志鵬","shop":"建國公有零售市場-丸忠","category":"夜市/市場攤販","zone":"中彰投","city":"臺中市","area":"東區","market_name":"建國公有零售市場","market_address":"臺中市東區建成路500號","pay_list":"","pay_tool":"","行業代號":null,"行業代號1":null,"名稱1":null,"行業代號2":null,"名稱2":null,"行業代號3":null,"名稱3":null},{"index":141,"id":10034155,"user":"蔡陳素月","shop":"建國公有零售市場-素月海產行","category":"夜市/市場攤販","zone":"中彰投","city":"臺中市","area":"東區","market_name":"建國公有零售市場","market_address":"臺中市東區建成路500號","pay_list":"","pay_tool":"","行業代號":null,"行業代號1":null,"名稱1":null,"行業代號2":null,"名稱2":null,"行業代號3":null,"名稱3":null},{"index":142,"id":10034156,"user":"林阿正","shop":"建國公有零售市場-丸網鮮魚行","category":"夜市/市場攤販","zone":"中彰投","city":"臺中市","area":"東區","market_name":"建國公有零售市場","market_address":"臺中市東區建成路500號","pay_list":"","pay_tool":"","行業代號":null,"行業代號1":null,"名稱1":null,"行業代號2":null,"名稱2":null,"行業代號3":null,"名稱3":null},{"index":143,"id":10034161,"user":"邱志彬","shop":"建國公有零售市場-玄川水產","category":"夜市/市場攤販","zone":"中彰投","city":"臺中市","area":"東區","market_name":"建國公有零售市場","market_address":"臺中市東區建成路500號","pay_list":"","pay_tool":"","行業代號":null,"行業代號1":null,"名稱1":null,"行業代號2":null,"名稱2":null,"行業代號3":null,"名稱3":null},{"index":144,"id":10034162,"user":"洪進財","shop":"建國公有零售市場-丸洪鮮魚行","category":"夜市/市場攤販","zone":"中彰投","city":"臺中市","area":"東區","market_name":"建國公有零售市場","market_address":"臺中市東區建成路500號","pay_list":"","pay_tool":"","行業代號":null,"行業代號1":null,"名稱1":null,"行業代號2":null,"名稱2":null,"行業代號3":null,"名稱3":null},{"index":145,"id":10034163,"user":"洪德旺","shop":"建國公有零售市場-丸洪鮮魚行","category":"夜市/市場攤販","zone":"中彰投","city":"臺中市","area":"東區","market_name":"建國公有零售市場","market_address":"臺中市東區建成路500號","pay_list":"","pay_tool":"","行業代號":null,"行業代號1":null,"名稱1":null,"行業代號2":null,"名稱2":null,"行業代號3":null,"名稱3":null},{"index":146,"id":10034164,"user":"洪淑勤","shop":"建國公有零售市場-丸洪鮮魚行","category":"夜市/市場攤販","zone":"中彰投","city":"臺中市","area":"東區","market_name":"建國公有零售市場","market_address":"臺中市東區建成路500號","pay_list":"","pay_tool":"","行業代號":null,"行業代號1":null,"名稱1":null,"行業代號2":null,"名稱2":null,"行業代號3":null,"名稱3":null},{"index":147,"id":10034165,"user":"劉瓊雲","shop":"建國公有零售市場-柯秀村海產","category":"夜市/市場攤販","zone":"中彰投","city":"臺中市","area":"東區","market_name":"建國公有零售市場","market_address":"臺中市東區建成路500號","pay_list":"","pay_tool":"","行業代號":null,"行業代號1":null,"名稱1":null,"行業代號2":null,"名稱2":null,"行業代號3":null,"名稱3":null},{"index":148,"id":10034166,"user":"柯小華","shop":"建國公有零售市場-柯秀村海產","category":"夜市/市場攤販","zone":"中彰投","city":"臺中市","area":"東區","market_name":"建國公有零售市場","market_address":"臺中市東區建成路500號","pay_list":"","pay_tool":"","行業代號":null,"行業代號1":null,"名稱1":null,"行業代號2":null,"名稱2":null,"行業代號3":null,"名稱3":null},{"index":149,"id":10034167,"user":"柯惠瑜","shop":"建國公有零售市場-柯秀村海產","category":"夜市/市場攤販","zone":"中彰投","city":"臺中市","area":"東區","market_name":"建國公有零售市場","market_address":"臺中市東區建成路500號","pay_list":"","pay_tool":"","行業代號":null,"行業代號1":null,"名稱1":null,"行業代號2":null,"名稱2":null,"行業代號3":null,"名稱3":null},{"index":150,"id":10034168,"user":"陳昭銘","shop":"建國公有零售市場-078冷凍庫","category":"夜市/市場攤販","zone":"中彰投","city":"臺中市","area":"東區","market_name":"建國公有零售市場","market_address":"臺中市東區建成路500號","pay_list":"","pay_tool":"","行業代號":null,"行業代號1":null,"名稱1":null,"行業代號2":null,"名稱2":null,"行業代號3":null,"名稱3":null},{"index":151,"id":10034169,"user":"陳登足","shop":"建國公有零售市場-足 放山雞‧土雞","category":"夜市/市場攤販","zone":"中彰投","city":"臺中市","area":"東區","market_name":"建國公有零售市場","market_address":"臺中市東區建成路500號","pay_list":"","pay_tool":"","行業代號":null,"行業代號1":null,"名稱1":null,"行業代號2":null,"名稱2":null,"行業代號3":null,"名稱3":null},{"index":152,"id":10034170,"user":"林秀美","shop":"建國公有零售市場-豬血‧鴨血批發","category":"夜市/市場攤販","zone":"中彰投","city":"臺中市","area":"東區","market_name":"建國公有零售市場","market_address":"臺中市東區建成路500號","pay_list":"","pay_tool":"","行業代號":null,"行業代號1":null,"名稱1":null,"行業代號2":null,"名稱2":null,"行業代號3":null,"名稱3":null},{"index":153,"id":10034172,"user":"林正鏗","shop":"建國公有零售市場-阿倫牛羊肉專賣","category":"夜市/市場攤販","zone":"中彰投","city":"臺中市","area":"東區","market_name":"建國公有零售市場","market_address":"臺中市東區建成路500號","pay_list":"","pay_tool":"","行業代號":null,"行業代號1":null,"名稱1":null,"行業代號2":null,"名稱2":null,"行業代號3":null,"名稱3":null},{"index":154,"id":10034173,"user":"李鴻偉","shop":"建國公有零售市場-太和商號","category":"夜市/市場攤販","zone":"中彰投","city":"臺中市","area":"東區","market_name":"建國公有零售市場","market_address":"臺中市東區建成路500號","pay_list":"","pay_tool":"","行業代號":null,"行業代號1":null,"名稱1":null,"行業代號2":null,"名稱2":null,"行業代號3":null,"名稱3":null},{"index":155,"id":10034174,"user":"周志達","shop":"建國公有零售市場-展 現宰放山雞","category":"夜市/市場攤販","zone":"中彰投","city":"臺中市","area":"東區","market_name":"建國公有零售市場","market_address":"臺中市東區建成路500號","pay_list":"","pay_tool":"","行業代號":null,"行業代號1":null,"名稱1":null,"行業代號2":null,"名稱2":null,"行業代號3":null,"名稱3":null},{"index":156,"id":10034175,"user":"葉珮甄","shop":"建國公有零售市場-中田商號","category":"夜市/市場攤販","zone":"中彰投","city":"臺中市","area":"東區","market_name":"建國公有零售市場","market_address":"臺中市東區建成路500號","pay_list":"","pay_tool":"","行業代號":null,"行業代號1":null,"名稱1":null,"行業代號2":null,"名稱2":null,"行業代號3":null,"名稱3":null},{"index":157,"id":10034176,"user":"陳明星","shop":"建國公有零售市場-華勳肉舖","category":"夜市/市場攤販","zone":"中彰投","city":"臺中市","area":"東區","market_name":"建國公有零售市場","market_address":"臺中市東區建成路500號","pay_list":"","pay_tool":"","行業代號":null,"行業代號1":null,"名稱1":null,"行業代號2":null,"名稱2":null,"行業代號3":null,"名稱3":null},{"index":158,"id":10034177,"user":"鍾雅婷","shop":"建國公有零售市場-興隆獸肉行","category":"夜市/市場攤販","zone":"中彰投","city":"臺中市","area":"東區","market_name":"建國公有零售市場","market_address":"臺中市東區建成路500號","pay_list":"","pay_tool":"","行業代號":null,"行業代號1":null,"名稱1":null,"行業代號2":null,"名稱2":null,"行業代號3":null,"名稱3":null},{"index":159,"id":10034178,"user":"張秋玉","shop":"建國公有零售市場-春和肉舖","category":"夜市/市場攤販","zone":"中彰投","city":"臺中市","area":"東區","market_name":"建國公有零售市場","market_address":"臺中市東區建成路500號","pay_list":"","pay_tool":"","行業代號":null,"行業代號1":null,"名稱1":null,"行業代號2":null,"名稱2":null,"行業代號3":null,"名稱3":null},{"index":160,"id":10034179,"user":"陳榮貴","shop":"建國公有零售市場-丸田鮮魚行","category":"夜市/市場攤販","zone":"中彰投","city":"臺中市","area":"東區","market_name":"建國公有零售市場","market_address":"臺中市東區建成路500號","pay_list":"","pay_tool":"","行業代號":null,"行業代號1":null,"名稱1":null,"行業代號2":null,"名稱2":null,"行業代號3":null,"名稱3":null},{"index":161,"id":10034180,"user":"卓偉翔","shop":"建國公有零售市場-龍鳳漁港","category":"夜市/市場攤販","zone":"中彰投","city":"臺中市","area":"東區","market_name":"建國公有零售市場","market_address":"臺中市東區建成路500號","pay_list":"","pay_tool":"","行業代號":null,"行業代號1":null,"名稱1":null,"行業代號2":null,"名稱2":null,"行業代號3":null,"名稱3":null},{"index":162,"id":10034181,"user":"李清吉","shop":"建國公有零售市場-清吉鮮魚行","category":"夜市/市場攤販","zone":"中彰投","city":"臺中市","area":"東區","market_name":"建國公有零售市場","market_address":"臺中市東區建成路500號","pay_list":"","pay_tool":"","行業代號":null,"行業代號1":null,"名稱1":null,"行業代號2":null,"名稱2":null,"行業代號3":null,"名稱3":null},{"index":163,"id":10034183,"user":"林阿琴","shop":"建國公有零售市場-趙 鯨站水產","category":"夜市/市場攤販","zone":"中彰投","city":"臺中市","area":"東區","market_name":"建國公有零售市場","market_address":"臺中市東區建成路500號","pay_list":"","pay_tool":"","行業代號":null,"行業代號1":null,"名稱1":null,"行業代號2":null,"名稱2":null,"行業代號3":null,"名稱3":null},{"index":164,"id":10034184,"user":"陳蔡絹","shop":"建國公有零售市場-祥豐水產","category":"夜市/市場攤販","zone":"中彰投","city":"臺中市","area":"東區","market_name":"建國公有零售市場","market_address":"臺中市東區建成路500號","pay_list":"","pay_tool":"","行業代號":null,"行業代號1":null,"名稱1":null,"行業代號2":null,"名稱2":null,"行業代號3":null,"名稱3":null},{"index":165,"id":10034185,"user":"鍾楊玉雪","shop":"建國公有零售市場-日興 雞鴨行","category":"夜市/市場攤販","zone":"中彰投","city":"臺中市","area":"東區","market_name":"建國公有零售市場","market_address":"臺中市東區建成路500號","pay_list":"","pay_tool":"","行業代號":null,"行業代號1":null,"名稱1":null,"行業代號2":null,"名稱2":null,"行業代號3":null,"名稱3":null},{"index":166,"id":10034186,"user":"趙炳入","shop":"建國公有零售市場-魚","category":"夜市/市場攤販","zone":"中彰投","city":"臺中市","area":"東區","market_name":"建國公有零售市場","market_address":"臺中市東區建成路500號","pay_list":"","pay_tool":"","行業代號":null,"行業代號1":null,"名稱1":null,"行業代號2":null,"名稱2":null,"行業代號3":null,"名稱3":null},{"index":167,"id":10034187,"user":"楊春發","shop":"建國公有零售市場-帆 鮮魚行","category":"夜市/市場攤販","zone":"中彰投","city":"臺中市","area":"東區","market_name":"建國公有零售市場","market_address":"臺中市東區建成路500號","pay_list":"","pay_tool":"","行業代號":null,"行業代號1":null,"名稱1":null,"行業代號2":null,"名稱2":null,"行業代號3":null,"名稱3":null},{"index":168,"id":10034188,"user":"賴正清","shop":"建國公有零售市場-魚","category":"夜市/市場攤販","zone":"中彰投","city":"臺中市","area":"東區","market_name":"建國公有零售市場","market_address":"臺中市東區建成路500號","pay_list":"","pay_tool":"","行業代號":null,"行業代號1":null,"名稱1":null,"行業代號2":null,"名稱2":null,"行業代號3":null,"名稱3":null},{"index":169,"id":10034189,"user":"趙庭裕","shop":"建國公有零售市場-丸卯鮮魚行","category":"夜市/市場攤販","zone":"中彰投","city":"臺中市","area":"東區","market_name":"建國公有零售市場","market_address":"臺中市東區建成路500號","pay_list":"","pay_tool":"","行業代號":null,"行業代號1":null,"名稱1":null,"行業代號2":null,"名稱2":null,"行業代號3":null,"名稱3":null},{"index":170,"id":10034190,"user":"周孟汝","shop":"建國公有零售市場-丸利鮮魚行","category":"夜市/市場攤販","zone":"中彰投","city":"臺中市","area":"東區","market_name":"建國公有零售市場","market_address":"臺中市東區建成路500號","pay_list":"","pay_tool":"","行業代號":null,"行業代號1":null,"名稱1":null,"行業代號2":null,"名稱2":null,"行業代號3":null,"名稱3":null},{"index":171,"id":10034191,"user":"湯賴素貞","shop":"建國公有零售市場-勝田商號","category":"夜市/市場攤販","zone":"中彰投","city":"臺中市","area":"東區","market_name":"建國公有零售市場","market_address":"臺中市東區建成路500號","pay_list":"","pay_tool":"","行業代號":null,"行業代號1":null,"名稱1":null,"行業代號2":null,"名稱2":null,"行業代號3":null,"名稱3":null},{"index":172,"id":10034192,"user":"盧國村","shop":"建國公有零售市場-東海肉舖","category":"夜市/市場攤販","zone":"中彰投","city":"臺中市","area":"東區","market_name":"建國公有零售市場","market_address":"臺中市東區建成路500號","pay_list":"","pay_tool":"","行業代號":null,"行業代號1":null,"名稱1":null,"行業代號2":null,"名稱2":null,"行業代號3":null,"名稱3":null},{"index":173,"id":10034194,"user":"林柏宏","shop":"建國公有零售市場-東海肉舖","category":"夜市/市場攤販","zone":"中彰投","city":"臺中市","area":"東區","market_name":"建國公有零售市場","market_address":"臺中市東區建成路500號","pay_list":"","pay_tool":"","行業代號":null,"行業代號1":null,"名稱1":null,"行業代號2":null,"名稱2":null,"行業代號3":null,"名稱3":null},{"index":174,"id":10034195,"user":"阮莊慧珠","shop":"建國公有零售市場-建成商號","category":"夜市/市場攤販","zone":"中彰投","city":"臺中市","area":"東區","market_name":"建國公有零售市場","market_address":"臺中市東區建成路500號","pay_list":"","pay_tool":"","行業代號":null,"行業代號1":null,"名稱1":null,"行業代號2":null,"名稱2":null,"行業代號3":null,"名稱3":null},{"index":175,"id":10034196,"user":"賴天富","shop":"建國公有零售市場-秀富商號","category":"夜市/市場攤販","zone":"中彰投","city":"臺中市","area":"東區","market_name":"建國公有零售市場","market_address":"臺中市東區建成路500號","pay_list":"","pay_tool":"","行業代號":null,"行業代號1":null,"名稱1":null,"行業代號2":null,"名稱2":null,"行業代號3":null,"名稱3":null},{"index":176,"id":10034197,"user":"江玉蘭","shop":"建國公有零售市場-大里肉舖","category":"夜市/市場攤販","zone":"中彰投","city":"臺中市","area":"東區","market_name":"建國公有零售市場","market_address":"臺中市東區建成路500號","pay_list":"","pay_tool":"","行業代號":null,"行業代號1":null,"名稱1":null,"行業代號2":null,"名稱2":null,"行業代號3":null,"名稱3":null},{"index":177,"id":10034198,"user":"鄭湘玲","shop":"建國公有零售市場-來杰肉舖","category":"夜市/市場攤販","zone":"中彰投","city":"臺中市","area":"東區","market_name":"建國公有零售市場","market_address":"臺中市東區建成路500號","pay_list":"","pay_tool":"","行業代號":null,"行業代號1":null,"名稱1":null,"行業代號2":null,"名稱2":null,"行業代號3":null,"名稱3":null},{"index":178,"id":10034199,"user":"吳天泉","shop":"建國公有零售市場-光榮商號","category":"夜市/市場攤販","zone":"中彰投","city":"臺中市","area":"東區","market_name":"建國公有零售市場","market_address":"臺中市東區建成路500號","pay_list":"","pay_tool":"","行業代號":null,"行業代號1":null,"名稱1":null,"行業代號2":null,"名稱2":null,"行業代號3":null,"名稱3":null},{"index":179,"id":10034200,"user":"曾阿蜜","shop":"建國公有零售市場-光榮商號","category":"夜市/市場攤販","zone":"中彰投","city":"臺中市","area":"東區","market_name":"建國公有零售市場","market_address":"臺中市東區建成路500號","pay_list":"","pay_tool":"","行業代號":null,"行業代號1":null,"名稱1":null,"行業代號2":null,"名稱2":null,"行業代號3":null,"名稱3":null},{"index":180,"id":10034201,"user":"吳佳樺","shop":"建國公有零售市場-志龍商號","category":"夜市/市場攤販","zone":"中彰投","city":"臺中市","area":"東區","market_name":"建國公有零售市場","market_address":"臺中市東區建成路500號","pay_list":"","pay_tool":"","行業代號":null,"行業代號1":null,"名稱1":null,"行業代號2":null,"名稱2":null,"行業代號3":null,"名稱3":null},{"index":181,"id":10034202,"user":"廖柏清","shop":"建國公有零售市場-厚德商號","category":"夜市/市場攤販","zone":"中彰投","city":"臺中市","area":"東區","market_name":"建國公有零售市場","market_address":"臺中市東區建成路500號","pay_list":"","pay_tool":"","行業代號":null,"行業代號1":null,"名稱1":null,"行業代號2":null,"名稱2":null,"行業代號3":null,"名稱3":null},{"index":182,"id":10034203,"user":"何照雲","shop":"建國公有零售市場-陸輝獸肉商","category":"夜市/市場攤販","zone":"中彰投","city":"臺中市","area":"東區","market_name":"建國公有零售市場","market_address":"臺中市東區建成路500號","pay_list":"","pay_tool":"","行業代號":null,"行業代號1":null,"名稱1":null,"行業代號2":null,"名稱2":null,"行業代號3":null,"名稱3":null},{"index":183,"id":10034205,"user":"江陳玥湄","shop":"建國公有零售市場-陸輝獸肉商","category":"夜市/市場攤販","zone":"中彰投","city":"臺中市","area":"東區","market_name":"建國公有零售市場","market_address":"臺中市東區建成路500號","pay_list":"","pay_tool":"","行業代號":null,"行業代號1":null,"名稱1":null,"行業代號2":null,"名稱2":null,"行業代號3":null,"名稱3":null},{"index":184,"id":10034206,"user":"楊竹林","shop":"建國公有零售市場-天池商號","category":"夜市/市場攤販","zone":"中彰投","city":"臺中市","area":"東區","market_name":"建國公有零售市場","market_address":"臺中市東區建成路500號","pay_list":"","pay_tool":"","行業代號":null,"行業代號1":null,"名稱1":null,"行業代號2":null,"名稱2":null,"行業代號3":null,"名稱3":null},{"index":185,"id":10034207,"user":"陳芓諠","shop":"建國公有零售市場-芬芳正義","category":"夜市/市場攤販","zone":"中彰投","city":"臺中市","area":"東區","market_name":"建國公有零售市場","market_address":"臺中市東區建成路500號","pay_list":"","pay_tool":"","行業代號":null,"行業代號1":null,"名稱1":null,"行業代號2":null,"名稱2":null,"行業代號3":null,"名稱3":null},{"index":186,"id":10034208,"user":"葉承錩","shop":"建國公有零售市場-台灣生鮮豬肉","category":"夜市/市場攤販","zone":"中彰投","city":"臺中市","area":"東區","market_name":"建國公有零售市場","market_address":"臺中市東區建成路500號","pay_list":"","pay_tool":"","行業代號":null,"行業代號1":null,"名稱1":null,"行業代號2":null,"名稱2":null,"行業代號3":null,"名稱3":null},{"index":187,"id":10034209,"user":"張秀桃","shop":"建國公有零售市場-芬芳‧正義商號","category":"夜市/市場攤販","zone":"中彰投","city":"臺中市","area":"東區","market_name":"建國公有零售市場","market_address":"臺中市東區建成路500號","pay_list":"","pay_tool":"","行業代號":null,"行業代號1":null,"名稱1":null,"行業代號2":null,"名稱2":null,"行業代號3":null,"名稱3":null},{"index":188,"id":10034210,"user":"張家彰","shop":"建國公有零售市場-錦堂肉舖","category":"夜市/市場攤販","zone":"中彰投","city":"臺中市","area":"東區","market_name":"建國公有零售市場","market_address":"臺中市東區建成路500號","pay_list":"","pay_tool":"","行業代號":null,"行業代號1":null,"名稱1":null,"行業代號2":null,"名稱2":null,"行業代號3":null,"名稱3":null},{"index":189,"id":10034211,"user":"游尚霖","shop":"建國公有零售市場-源順豚肉專門店","category":"夜市/市場攤販","zone":"中彰投","city":"臺中市","area":"東區","market_name":"建國公有零售市場","market_address":"臺中市東區建成路500號","pay_list":"","pay_tool":"","行業代號":null,"行業代號1":null,"名稱1":null,"行業代號2":null,"名稱2":null,"行業代號3":null,"名稱3":null},{"index":190,"id":10034212,"user":"黎龍傑","shop":"建國公有零售市場-源順豚肉專門店","category":"夜市/市場攤販","zone":"中彰投","city":"臺中市","area":"東區","market_name":"建國公有零售市場","market_address":"臺中市東區建成路500號","pay_list":"","pay_tool":"","行業代號":null,"行業代號1":null,"名稱1":null,"行業代號2":null,"名稱2":null,"行業代號3":null,"名稱3":null},{"index":191,"id":10034213,"user":"余煜通","shop":"建國公有零售市場-永春雞行","category":"夜市/市場攤販","zone":"中彰投","city":"臺中市","area":"東區","market_name":"建國公有零售市場","market_address":"臺中市東區建成路500號","pay_list":"","pay_tool":"","行業代號":null,"行業代號1":null,"名稱1":null,"行業代號2":null,"名稱2":null,"行業代號3":null,"名稱3":null},{"index":192,"id":10034214,"user":"陳慶和","shop":"建國公有零售市場-采紘肉舖","category":"夜市/市場攤販","zone":"中彰投","city":"臺中市","area":"東區","market_name":"建國公有零售市場","market_address":"臺中市東區建成路500號","pay_list":"","pay_tool":"","行業代號":null,"行業代號1":null,"名稱1":null,"行業代號2":null,"名稱2":null,"行業代號3":null,"名稱3":null},{"index":193,"id":10034216,"user":"謝承昱","shop":"建國公有零售市場-榮泰肉舖","category":"夜市/市場攤販","zone":"中彰投","city":"臺中市","area":"東區","market_name":"建國公有零售市場","market_address":"臺中市東區建成路500號","pay_list":"","pay_tool":"","行業代號":null,"行業代號1":null,"名稱1":null,"行業代號2":null,"名稱2":null,"行業代號3":null,"名稱3":null},{"index":194,"id":10034217,"user":"江陳弘悅","shop":"建國公有零售市場-裕弘肉舖","category":"夜市/市場攤販","zone":"中彰投","city":"臺中市","area":"東區","market_name":"建國公有零售市場","market_address":"臺中市東區建成路500號","pay_list":"","pay_tool":"","行業代號":null,"行業代號1":null,"名稱1":null,"行業代號2":null,"名稱2":null,"行業代號3":null,"名稱3":null},{"index":195,"id":10034218,"user":"吳淑如","shop":"建國公有零售市場-裕苑商號","category":"夜市/市場攤販","zone":"中彰投","city":"臺中市","area":"東區","market_name":"建國公有零售市場","market_address":"臺中市東區建成路500號","pay_list":"","pay_tool":"","行業代號":null,"行業代號1":null,"名稱1":null,"行業代號2":null,"名稱2":null,"行業代號3":null,"名稱3":null},{"index":196,"id":10034219,"user":"鄭天偉","shop":"建國公有零售市場-天偉肉舖","category":"夜市/市場攤販","zone":"中彰投","city":"臺中市","area":"東區","market_name":"建國公有零售市場","market_address":"臺中市東區建成路500號","pay_list":"","pay_tool":"","行業代號":null,"行業代號1":null,"名稱1":null,"行業代號2":null,"名稱2":null,"行業代號3":null,"名稱3":null},{"index":197,"id":10034220,"user":"張榮河","shop":"建國公有零售市場-益吉肉舖","category":"夜市/市場攤販","zone":"中彰投","city":"臺中市","area":"東區","market_name":"建國公有零售市場","market_address":"臺中市東區建成路500號","pay_list":"","pay_tool":"","行業代號":null,"行業代號1":null,"名稱1":null,"行業代號2":null,"名稱2":null,"行業代號3":null,"名稱3":null},{"index":198,"id":10034221,"user":"林君穗","shop":"建國公有零售市場-益吉肉舖","category":"夜市/市場攤販","zone":"中彰投","city":"臺中市","area":"東區","market_name":"建國公有零售市場","market_address":"臺中市東區建成路500號","pay_list":"","pay_tool":"","行業代號":null,"行業代號1":null,"名稱1":null,"行業代號2":null,"名稱2":null,"行業代號3":null,"名稱3":null},{"index":199,"id":10034222,"user":"黃哲維","shop":"建國公有零售市場-芬芳‧正義豬肉","category":"夜市/市場攤販","zone":"中彰投","city":"臺中市","area":"東區","market_name":"建國公有零售市場","market_address":"臺中市東區建成路500號","pay_list":"","pay_tool":"","行業代號":null,"行業代號1":null,"名稱1":null,"行業代號2":null,"名稱2":null,"行業代號3":null,"名稱3":null},{"index":200,"id":10034223,"user":"林如翔","shop":"建國公有零售市場-新聯興牛肉店","category":"夜市/市場攤販","zone":"中彰投","city":"臺中市","area":"東區","market_name":"建國公有零售市場","market_address":"臺中市東區建成路500號","pay_list":"","pay_tool":"","行業代號":null,"行業代號1":null,"名稱1":null,"行業代號2":null,"名稱2":null,"行業代號3":null,"名稱3":null}]