[{"index":1,"id":30045470,"category":"夜市小吃/市場","city":"臺中市","area":"南屯區","market_name":"大進公有零售市場","market_address":"臺中市南屯區大墩六街161號","shop":"大進公有零售市場 A002","pay_list":["LINE Pay Money"],"zone":"中彰投","user":"陳嘉祥","pay_tool":["行動支付"]},{"index":2,"id":30045491,"category":"夜市小吃/市場","city":"臺中市","area":"南屯區","market_name":"大進公有零售市場","market_address":"臺中市南屯區大墩六街161號","shop":"大進公有零售市場 6","pay_list":["LINE Pay Money"],"zone":"中彰投","user":"黃素珍","pay_tool":["行動支付"]},{"index":3,"id":30045502,"category":"夜市小吃/市場","city":"臺中市","area":"南屯區","market_name":"大進公有零售市場","market_address":"臺中市南屯區大墩六街161號","shop":"大進公有零售市場 19","pay_list":["LINE Pay Money"],"zone":"中彰投","user":"曹雪燕","pay_tool":["行動支付"]},{"index":4,"id":30045516,"category":"夜市小吃/市場","city":"臺中市","area":"南屯區","market_name":"大新公有零售市場","market_address":"臺中市南屯區東興路三段125號","shop":"大新公有零售市場 A001HOGA廚具","pay_list":["街口支付","LINE Pay Money"],"zone":"中彰投","user":"羅卉玲","pay_tool":["行動支付"]},{"index":5,"id":30045520,"category":"夜市小吃/市場","city":"臺中市","area":"南屯區","market_name":"大新公有零售市場","market_address":"臺中市南屯區東興路三段125號","shop":"大新公有零售市場 A006雞優股鹹酥雞","pay_list":["LINE Pay Money"],"zone":"中彰投","user":"游昱仁","pay_tool":["行動支付"]},{"index":6,"id":30045521,"category":"夜市小吃/市場","city":"臺中市","area":"南屯區","market_name":"大新公有零售市場","market_address":"臺中市南屯區東興路三段125號","shop":"大新公有零售市場 A007欣興臭豆腐","pay_list":["台灣 PAY","街口支付","LINE Pay Money"],"zone":"中彰投","user":"高文通","pay_tool":["行動支付"]},{"index":7,"id":30045522,"category":"夜市小吃/市場","city":"臺中市","area":"南屯區","market_name":"大新公有零售市場","market_address":"臺中市南屯區東興路三段125號","shop":"大新公有零售市場 A008詹家紅茶冰","pay_list":["台灣 PAY","街口支付","LINE Pay Money"],"zone":"中彰投","user":"賴添廣","pay_tool":["行動支付"]},{"index":8,"id":30045523,"category":"夜市小吃/市場","city":"臺中市","area":"南屯區","market_name":"大新公有零售市場","market_address":"臺中市南屯區東興路三段125號","shop":"大新公有零售市場 A009馬蔥餅","pay_list":["街口支付","台灣 PAY"],"zone":"中彰投","user":"侯廖雪里","pay_tool":["行動支付"]},{"index":9,"id":30045599,"category":"夜市小吃/市場","city":"臺中市","area":"南屯區","market_name":"南屯公有零售市場","market_address":"臺中市南屯區南屯路2段595號","shop":"南屯公有零售市場 008ㄚ弟?菜店","pay_list":["LINE Pay Money"],"zone":"中彰投","user":"施雅芳","pay_tool":["行動支付"]},{"index":10,"id":30045600,"category":"夜市小吃/市場","city":"臺中市","area":"南屯區","market_name":"南屯公有零售市場","market_address":"臺中市南屯區南屯路2段595號","shop":"南屯公有零售市場 009ㄚ弟?菜店","pay_list":["LINE Pay Money"],"zone":"中彰投","user":"施琬莙","pay_tool":["行動支付"]}]