[{"index":1,"id":30006434,"category":"夜市小吃/市場","city":"高雄市","area":"苓雅區","market_name":"光華二路攤販臨時集中場","market_address":"高雄市苓雅區光華二路（三多路至林西路）","shop":"光華二路攤販臨時集中場 馬月娥","pay_list":["LINE Pay Money"],"zone":"高屏","user":"馬月娥","pay_tool":["行動支付"]},{"index":2,"id":30006448,"category":"夜市小吃/市場","city":"高雄市","area":"苓雅區","market_name":"光華二路攤販臨時集中場","market_address":"高雄市苓雅區光華二路（三多路至林西路）","shop":"光華二路攤販臨時集中場 林仁生","pay_list":["LINE Pay Money"],"zone":"高屏","user":"林仁生","pay_tool":["行動支付"]},{"index":3,"id":30006507,"category":"夜市小吃/市場","city":"高雄市","area":"苓雅區","market_name":"光華二路攤販臨時集中場","market_address":"高雄市苓雅區光華二路（三多路至林西路）","shop":"光華二路攤販臨時集中場 陳志皓","pay_list":["LINE Pay Money"],"zone":"高屏","user":"陳志皓","pay_tool":["行動支付"]},{"index":4,"id":30006511,"category":"夜市小吃/市場","city":"高雄市","area":"苓雅區","market_name":"光華二路攤販臨時集中場","market_address":"高雄市苓雅區光華二路（三多路至林西路）","shop":"光華二路攤販臨時集中場 吳昌軍","pay_list":["LINE Pay Money"],"zone":"高屏","user":"吳昌軍","pay_tool":["行動支付"]},{"index":5,"id":30006520,"category":"夜市小吃/市場","city":"高雄市","area":"苓雅區","market_name":"光華二路攤販臨時集中場","market_address":"高雄市苓雅區光華二路（三多路至林西路）","shop":"光華二路攤販臨時集中場 潘信宇","pay_list":["LINE Pay Money"],"zone":"高屏","user":"潘信宇","pay_tool":["行動支付"]},{"index":6,"id":30006525,"category":"夜市小吃/市場","city":"高雄市","area":"苓雅區","market_name":"光華二路攤販臨時集中場","market_address":"高雄市苓雅區光華二路（三多路至林西路）","shop":"光華二路攤販臨時集中場 蔡進發","pay_list":["LINE Pay Money"],"zone":"高屏","user":"蔡進發","pay_tool":["行動支付"]},{"index":7,"id":30006526,"category":"夜市小吃/市場","city":"高雄市","area":"苓雅區","market_name":"光華二路攤販臨時集中場","market_address":"高雄市苓雅區光華二路（三多路至林西路）","shop":"光華二路攤販臨時集中場 陳文君","pay_list":["LINE Pay Money"],"zone":"高屏","user":"陳文君","pay_tool":["行動支付"]}]