[{"index":1,"id":10062830,"user":"周柯美麗","shop":"中原公有零售市場-周柯美麗","category":"夜市/市場攤販","zone":"宜蘭","city":"宜蘭縣","area":"蘇澳鎮","market_name":"中原公有零售市場","market_address":"宜蘭縣蘇澳鎮中原路64號","pay_list":"","pay_tool":"","行業代號":null,"行業代號1":null,"名稱1":null,"行業代號2":null,"名稱2":null,"行業代號3":null,"名稱3":null},{"index":2,"id":10062841,"user":"張南山","shop":"中原公有零售市場-純豐商號","category":"夜市/市場攤販","zone":"宜蘭","city":"宜蘭縣","area":"蘇澳鎮","market_name":"中原公有零售市場","market_address":"宜蘭縣蘇澳鎮中原路64號","pay_list":"","pay_tool":"","行業代號":null,"行業代號1":null,"名稱1":null,"行業代號2":null,"名稱2":null,"行業代號3":null,"名稱3":null},{"index":3,"id":10062852,"user":"黃張碧蓮","shop":"中原公有零售市場-黃張碧蓮","category":"夜市/市場攤販","zone":"宜蘭","city":"宜蘭縣","area":"蘇澳鎮","market_name":"中原公有零售市場","market_address":"宜蘭縣蘇澳鎮中原路64號","pay_list":"","pay_tool":"","行業代號":null,"行業代號1":null,"名稱1":null,"行業代號2":null,"名稱2":null,"行業代號3":null,"名稱3":null},{"index":4,"id":10062863,"user":"黃條基","shop":"中原公有零售市場-基鑾商號","category":"夜市/市場攤販","zone":"宜蘭","city":"宜蘭縣","area":"蘇澳鎮","market_name":"中原公有零售市場","market_address":"宜蘭縣蘇澳鎮中原路64號","pay_list":"","pay_tool":"","行業代號":null,"行業代號1":null,"名稱1":null,"行業代號2":null,"名稱2":null,"行業代號3":null,"名稱3":null},{"index":5,"id":10062874,"user":"李讚輝","shop":"中原公有零售市場-素娥肉鋪","category":"夜市/市場攤販","zone":"宜蘭","city":"宜蘭縣","area":"蘇澳鎮","market_name":"中原公有零售市場","market_address":"宜蘭縣蘇澳鎮中原路64號","pay_list":"","pay_tool":"","行業代號":null,"行業代號1":null,"名稱1":null,"行業代號2":null,"名稱2":null,"行業代號3":null,"名稱3":null},{"index":6,"id":10062887,"user":"伍勝遠","shop":"中原公有零售市場-伍勝遠","category":"夜市/市場攤販","zone":"宜蘭","city":"宜蘭縣","area":"蘇澳鎮","market_name":"中原公有零售市場","market_address":"宜蘭縣蘇澳鎮中原路64號","pay_list":"","pay_tool":"","行業代號":null,"行業代號1":null,"名稱1":null,"行業代號2":null,"名稱2":null,"行業代號3":null,"名稱3":null},{"index":7,"id":10062898,"user":"張錦雲","shop":"中原公有零售市場-錦雲肉鋪","category":"夜市/市場攤販","zone":"宜蘭","city":"宜蘭縣","area":"蘇澳鎮","market_name":"中原公有零售市場","market_address":"宜蘭縣蘇澳鎮中原路64號","pay_list":"","pay_tool":"","行業代號":null,"行業代號1":null,"名稱1":null,"行業代號2":null,"名稱2":null,"行業代號3":null,"名稱3":null},{"index":8,"id":10062909,"user":"王秋美","shop":"中原公有零售市場-王秋美","category":"夜市/市場攤販","zone":"宜蘭","city":"宜蘭縣","area":"蘇澳鎮","market_name":"中原公有零售市場","market_address":"宜蘭縣蘇澳鎮中原路64號","pay_list":"","pay_tool":"","行業代號":null,"行業代號1":null,"名稱1":null,"行業代號2":null,"名稱2":null,"行業代號3":null,"名稱3":null},{"index":9,"id":10062920,"user":"林姿妤","shop":"中原公有零售市場-林姿妤","category":"夜市/市場攤販","zone":"宜蘭","city":"宜蘭縣","area":"蘇澳鎮","market_name":"中原公有零售市場","market_address":"宜蘭縣蘇澳鎮中原路64號","pay_list":"","pay_tool":"","行業代號":null,"行業代號1":null,"名稱1":null,"行業代號2":null,"名稱2":null,"行業代號3":null,"名稱3":null},{"index":10,"id":10062931,"user":"吳林燕說","shop":"中原公有零售市場-吳林燕說","category":"夜市/市場攤販","zone":"宜蘭","city":"宜蘭縣","area":"蘇澳鎮","market_name":"中原公有零售市場","market_address":"宜蘭縣蘇澳鎮中原路64號","pay_list":"","pay_tool":"","行業代號":null,"行業代號1":null,"名稱1":null,"行業代號2":null,"名稱2":null,"行業代號3":null,"名稱3":null},{"index":11,"id":10062942,"user":"胡忠裕","shop":"中原公有零售市場-金來果菜行","category":"夜市/市場攤販","zone":"宜蘭","city":"宜蘭縣","area":"蘇澳鎮","market_name":"中原公有零售市場","market_address":"宜蘭縣蘇澳鎮中原路64號","pay_list":"","pay_tool":"","行業代號":null,"行業代號1":null,"名稱1":null,"行業代號2":null,"名稱2":null,"行業代號3":null,"名稱3":null},{"index":12,"id":10062953,"user":"游架郎","shop":"中原公有零售市場-游架郎","category":"夜市/市場攤販","zone":"宜蘭","city":"宜蘭縣","area":"蘇澳鎮","market_name":"中原公有零售市場","market_address":"宜蘭縣蘇澳鎮中原路64號","pay_list":"","pay_tool":"","行業代號":null,"行業代號1":null,"名稱1":null,"行業代號2":null,"名稱2":null,"行業代號3":null,"名稱3":null},{"index":13,"id":10062964,"user":"譚羽宸","shop":"中原公有零售市場-譚羽宸","category":"夜市/市場攤販","zone":"宜蘭","city":"宜蘭縣","area":"蘇澳鎮","market_name":"中原公有零售市場","market_address":"宜蘭縣蘇澳鎮中原路64號","pay_list":"","pay_tool":"","行業代號":null,"行業代號1":null,"名稱1":null,"行業代號2":null,"名稱2":null,"行業代號3":null,"名稱3":null},{"index":14,"id":10062975,"user":"林文雄","shop":"中原公有零售市場-林文雄","category":"夜市/市場攤販","zone":"宜蘭","city":"宜蘭縣","area":"蘇澳鎮","market_name":"中原公有零售市場","market_address":"宜蘭縣蘇澳鎮中原路64號","pay_list":"","pay_tool":"","行業代號":null,"行業代號1":null,"名稱1":null,"行業代號2":null,"名稱2":null,"行業代號3":null,"名稱3":null},{"index":15,"id":10062986,"user":"康陳淑梅","shop":"中原公有零售市場-康陳淑梅","category":"夜市/市場攤販","zone":"宜蘭","city":"宜蘭縣","area":"蘇澳鎮","market_name":"中原公有零售市場","market_address":"宜蘭縣蘇澳鎮中原路64號","pay_list":"","pay_tool":"","行業代號":null,"行業代號1":null,"名稱1":null,"行業代號2":null,"名稱2":null,"行業代號3":null,"名稱3":null},{"index":16,"id":10062998,"user":"黃鈺珊","shop":"中原公有零售市場-黃鈺珊","category":"夜市/市場攤販","zone":"宜蘭","city":"宜蘭縣","area":"蘇澳鎮","market_name":"中原公有零售市場","market_address":"宜蘭縣蘇澳鎮中原路64號","pay_list":"","pay_tool":"","行業代號":null,"行業代號1":null,"名稱1":null,"行業代號2":null,"名稱2":null,"行業代號3":null,"名稱3":null},{"index":17,"id":10063009,"user":"林怡君","shop":"中原公有零售市場-早餐","category":"夜市/市場攤販","zone":"宜蘭","city":"宜蘭縣","area":"蘇澳鎮","market_name":"中原公有零售市場","market_address":"宜蘭縣蘇澳鎮中原路64號","pay_list":"","pay_tool":"","行業代號":null,"行業代號1":null,"名稱1":null,"行業代號2":null,"名稱2":null,"行業代號3":null,"名稱3":null},{"index":18,"id":10063020,"user":"吳震寅","shop":"中原公有零售市場-富康製麵","category":"夜市/市場攤販","zone":"宜蘭","city":"宜蘭縣","area":"蘇澳鎮","market_name":"中原公有零售市場","market_address":"宜蘭縣蘇澳鎮中原路64號","pay_list":"","pay_tool":"","行業代號":null,"行業代號1":null,"名稱1":null,"行業代號2":null,"名稱2":null,"行業代號3":null,"名稱3":null},{"index":19,"id":10063031,"user":"楊林寶鳳","shop":"中原公有零售市場-楊林寶鳳","category":"夜市/市場攤販","zone":"宜蘭","city":"宜蘭縣","area":"蘇澳鎮","market_name":"中原公有零售市場","market_address":"宜蘭縣蘇澳鎮中原路64號","pay_list":"","pay_tool":"","行業代號":null,"行業代號1":null,"名稱1":null,"行業代號2":null,"名稱2":null,"行業代號3":null,"名稱3":null},{"index":20,"id":10063042,"user":"林蔡色娥","shop":"南天宮側臨時攤販集中場-1","category":"夜市/市場攤販","zone":"宜蘭","city":"宜蘭縣","area":"蘇澳鎮","market_name":"南天宮側臨時攤販集中場","market_address":"宜蘭縣蘇澳鎮江夏路段","pay_list":"","pay_tool":"","行業代號":null,"行業代號1":null,"名稱1":null,"行業代號2":null,"名稱2":null,"行業代號3":null,"名稱3":null},{"index":21,"id":10063053,"user":"許惠華","shop":"南天宮側臨時攤販集中場-2","category":"夜市/市場攤販","zone":"宜蘭","city":"宜蘭縣","area":"蘇澳鎮","market_name":"南天宮側臨時攤販集中場","market_address":"宜蘭縣蘇澳鎮江夏路段","pay_list":"","pay_tool":"","行業代號":null,"行業代號1":null,"名稱1":null,"行業代號2":null,"名稱2":null,"行業代號3":null,"名稱3":null},{"index":22,"id":10063064,"user":"林文溪","shop":"南天宮側臨時攤販集中場-3","category":"夜市/市場攤販","zone":"宜蘭","city":"宜蘭縣","area":"蘇澳鎮","market_name":"南天宮側臨時攤販集中場","market_address":"宜蘭縣蘇澳鎮江夏路段","pay_list":"","pay_tool":"","行業代號":null,"行業代號1":null,"名稱1":null,"行業代號2":null,"名稱2":null,"行業代號3":null,"名稱3":null},{"index":23,"id":10063075,"user":"王秀芬","shop":"南天宮側臨時攤販集中場-4","category":"夜市/市場攤販","zone":"宜蘭","city":"宜蘭縣","area":"蘇澳鎮","market_name":"南天宮側臨時攤販集中場","market_address":"宜蘭縣蘇澳鎮江夏路段","pay_list":"","pay_tool":"","行業代號":null,"行業代號1":null,"名稱1":null,"行業代號2":null,"名稱2":null,"行業代號3":null,"名稱3":null},{"index":24,"id":10063086,"user":"吳庚","shop":"南天宮側臨時攤販集中場-5","category":"夜市/市場攤販","zone":"宜蘭","city":"宜蘭縣","area":"蘇澳鎮","market_name":"南天宮側臨時攤販集中場","market_address":"宜蘭縣蘇澳鎮江夏路段","pay_list":"","pay_tool":"","行業代號":null,"行業代號1":null,"名稱1":null,"行業代號2":null,"名稱2":null,"行業代號3":null,"名稱3":null},{"index":25,"id":10063097,"user":"簡美秀","shop":"南天宮側臨時攤販集中場-6","category":"夜市/市場攤販","zone":"宜蘭","city":"宜蘭縣","area":"蘇澳鎮","market_name":"南天宮側臨時攤販集中場","market_address":"宜蘭縣蘇澳鎮江夏路段","pay_list":"","pay_tool":"","行業代號":null,"行業代號1":null,"名稱1":null,"行業代號2":null,"名稱2":null,"行業代號3":null,"名稱3":null},{"index":26,"id":10063109,"user":"沈勝宏","shop":"南天宮側臨時攤販集中場-7","category":"夜市/市場攤販","zone":"宜蘭","city":"宜蘭縣","area":"蘇澳鎮","market_name":"南天宮側臨時攤販集中場","market_address":"宜蘭縣蘇澳鎮江夏路段","pay_list":"","pay_tool":"","行業代號":null,"行業代號1":null,"名稱1":null,"行業代號2":null,"名稱2":null,"行業代號3":null,"名稱3":null},{"index":27,"id":10063120,"user":"陳宏志","shop":"南天宮側臨時攤販集中場-8","category":"夜市/市場攤販","zone":"宜蘭","city":"宜蘭縣","area":"蘇澳鎮","market_name":"南天宮側臨時攤販集中場","market_address":"宜蘭縣蘇澳鎮江夏路段","pay_list":"","pay_tool":"","行業代號":null,"行業代號1":null,"名稱1":null,"行業代號2":null,"名稱2":null,"行業代號3":null,"名稱3":null},{"index":28,"id":10063131,"user":"陳玉英","shop":"南天宮側臨時攤販集中場-9","category":"夜市/市場攤販","zone":"宜蘭","city":"宜蘭縣","area":"蘇澳鎮","market_name":"南天宮側臨時攤販集中場","market_address":"宜蘭縣蘇澳鎮江夏路段","pay_list":"","pay_tool":"","行業代號":null,"行業代號1":null,"名稱1":null,"行業代號2":null,"名稱2":null,"行業代號3":null,"名稱3":null},{"index":29,"id":10063142,"user":"柳俊雄","shop":"南天宮側臨時攤販集中場-10","category":"夜市/市場攤販","zone":"宜蘭","city":"宜蘭縣","area":"蘇澳鎮","market_name":"南天宮側臨時攤販集中場","market_address":"宜蘭縣蘇澳鎮江夏路段","pay_list":"","pay_tool":"","行業代號":null,"行業代號1":null,"名稱1":null,"行業代號2":null,"名稱2":null,"行業代號3":null,"名稱3":null},{"index":30,"id":10063153,"user":"游鴻明","shop":"南天宮側臨時攤販集中場-11","category":"夜市/市場攤販","zone":"宜蘭","city":"宜蘭縣","area":"蘇澳鎮","market_name":"南天宮側臨時攤販集中場","market_address":"宜蘭縣蘇澳鎮江夏路段","pay_list":"","pay_tool":"","行業代號":null,"行業代號1":null,"名稱1":null,"行業代號2":null,"名稱2":null,"行業代號3":null,"名稱3":null},{"index":31,"id":10063164,"user":"游子歆","shop":"南天宮側臨時攤販集中場-12","category":"夜市/市場攤販","zone":"宜蘭","city":"宜蘭縣","area":"蘇澳鎮","market_name":"南天宮側臨時攤販集中場","market_address":"宜蘭縣蘇澳鎮江夏路段","pay_list":"","pay_tool":"","行業代號":null,"行業代號1":null,"名稱1":null,"行業代號2":null,"名稱2":null,"行業代號3":null,"名稱3":null},{"index":32,"id":10063175,"user":"胡?偉","shop":"南天宮側臨時攤販集中場-13","category":"夜市/市場攤販","zone":"宜蘭","city":"宜蘭縣","area":"蘇澳鎮","market_name":"南天宮側臨時攤販集中場","market_address":"宜蘭縣蘇澳鎮江夏路段","pay_list":"","pay_tool":"","行業代號":null,"行業代號1":null,"名稱1":null,"行業代號2":null,"名稱2":null,"行業代號3":null,"名稱3":null},{"index":33,"id":10063186,"user":"林再興","shop":"南天宮側臨時攤販集中場-14","category":"夜市/市場攤販","zone":"宜蘭","city":"宜蘭縣","area":"蘇澳鎮","market_name":"南天宮側臨時攤販集中場","market_address":"宜蘭縣蘇澳鎮江夏路段","pay_list":"","pay_tool":"","行業代號":null,"行業代號1":null,"名稱1":null,"行業代號2":null,"名稱2":null,"行業代號3":null,"名稱3":null},{"index":34,"id":10063197,"user":"王玉春","shop":"南天宮側臨時攤販集中場-15","category":"夜市/市場攤販","zone":"宜蘭","city":"宜蘭縣","area":"蘇澳鎮","market_name":"南天宮側臨時攤販集中場","market_address":"宜蘭縣蘇澳鎮江夏路段","pay_list":"","pay_tool":"","行業代號":null,"行業代號1":null,"名稱1":null,"行業代號2":null,"名稱2":null,"行業代號3":null,"名稱3":null},{"index":35,"id":10063208,"user":"陳芳枝","shop":"南天宮側臨時攤販集中場-16","category":"夜市/市場攤販","zone":"宜蘭","city":"宜蘭縣","area":"蘇澳鎮","market_name":"南天宮側臨時攤販集中場","market_address":"宜蘭縣蘇澳鎮江夏路段","pay_list":"","pay_tool":"","行業代號":null,"行業代號1":null,"名稱1":null,"行業代號2":null,"名稱2":null,"行業代號3":null,"名稱3":null},{"index":36,"id":10063220,"user":"朱燦宗","shop":"南天宮側臨時攤販集中場-17","category":"夜市/市場攤販","zone":"宜蘭","city":"宜蘭縣","area":"蘇澳鎮","market_name":"南天宮側臨時攤販集中場","market_address":"宜蘭縣蘇澳鎮江夏路段","pay_list":"","pay_tool":"","行業代號":null,"行業代號1":null,"名稱1":null,"行業代號2":null,"名稱2":null,"行業代號3":null,"名稱3":null},{"index":37,"id":10063231,"user":"郭淑秀","shop":"南天宮側臨時攤販集中場-18","category":"夜市/市場攤販","zone":"宜蘭","city":"宜蘭縣","area":"蘇澳鎮","market_name":"南天宮側臨時攤販集中場","market_address":"宜蘭縣蘇澳鎮江夏路段","pay_list":"","pay_tool":"","行業代號":null,"行業代號1":null,"名稱1":null,"行業代號2":null,"名稱2":null,"行業代號3":null,"名稱3":null},{"index":38,"id":10063242,"user":"曾春海","shop":"南天宮側臨時攤販集中場-19","category":"夜市/市場攤販","zone":"宜蘭","city":"宜蘭縣","area":"蘇澳鎮","market_name":"南天宮側臨時攤販集中場","market_address":"宜蘭縣蘇澳鎮江夏路段","pay_list":"","pay_tool":"","行業代號":null,"行業代號1":null,"名稱1":null,"行業代號2":null,"名稱2":null,"行業代號3":null,"名稱3":null},{"index":39,"id":10063253,"user":"張阿環","shop":"南天宮側臨時攤販集中場-20","category":"夜市/市場攤販","zone":"宜蘭","city":"宜蘭縣","area":"蘇澳鎮","market_name":"南天宮側臨時攤販集中場","market_address":"宜蘭縣蘇澳鎮江夏路段","pay_list":"","pay_tool":"","行業代號":null,"行業代號1":null,"名稱1":null,"行業代號2":null,"名稱2":null,"行業代號3":null,"名稱3":null},{"index":40,"id":10063264,"user":"黃玉珍","shop":"南天宮側臨時攤販集中場-21","category":"夜市/市場攤販","zone":"宜蘭","city":"宜蘭縣","area":"蘇澳鎮","market_name":"南天宮側臨時攤販集中場","market_address":"宜蘭縣蘇澳鎮江夏路段","pay_list":"","pay_tool":"","行業代號":null,"行業代號1":null,"名稱1":null,"行業代號2":null,"名稱2":null,"行業代號3":null,"名稱3":null},{"index":41,"id":10063275,"user":"黃農維","shop":"南天宮側臨時攤販集中場-22","category":"夜市/市場攤販","zone":"宜蘭","city":"宜蘭縣","area":"蘇澳鎮","market_name":"南天宮側臨時攤販集中場","market_address":"宜蘭縣蘇澳鎮江夏路段","pay_list":"","pay_tool":"","行業代號":null,"行業代號1":null,"名稱1":null,"行業代號2":null,"名稱2":null,"行業代號3":null,"名稱3":null},{"index":42,"id":10063286,"user":"陳其財","shop":"南天宮側臨時攤販集中場-23","category":"夜市/市場攤販","zone":"宜蘭","city":"宜蘭縣","area":"蘇澳鎮","market_name":"南天宮側臨時攤販集中場","market_address":"宜蘭縣蘇澳鎮江夏路段","pay_list":"","pay_tool":"","行業代號":null,"行業代號1":null,"名稱1":null,"行業代號2":null,"名稱2":null,"行業代號3":null,"名稱3":null},{"index":43,"id":10063297,"user":"陳麗真","shop":"南天宮側臨時攤販集中場-24.25","category":"夜市/市場攤販","zone":"宜蘭","city":"宜蘭縣","area":"蘇澳鎮","market_name":"南天宮側臨時攤販集中場","market_address":"宜蘭縣蘇澳鎮江夏路段","pay_list":"","pay_tool":"","行業代號":null,"行業代號1":null,"名稱1":null,"行業代號2":null,"名稱2":null,"行業代號3":null,"名稱3":null},{"index":44,"id":10063308,"user":"陳麗精","shop":"南天宮側臨時攤販集中場-26","category":"夜市/市場攤販","zone":"宜蘭","city":"宜蘭縣","area":"蘇澳鎮","market_name":"南天宮側臨時攤販集中場","market_address":"宜蘭縣蘇澳鎮江夏路段","pay_list":"","pay_tool":"","行業代號":null,"行業代號1":null,"名稱1":null,"行業代號2":null,"名稱2":null,"行業代號3":null,"名稱3":null},{"index":45,"id":10063319,"user":"陳百合","shop":"南天宮側臨時攤販集中場-27","category":"夜市/市場攤販","zone":"宜蘭","city":"宜蘭縣","area":"蘇澳鎮","market_name":"南天宮側臨時攤販集中場","market_address":"宜蘭縣蘇澳鎮江夏路段","pay_list":"","pay_tool":"","行業代號":null,"行業代號1":null,"名稱1":null,"行業代號2":null,"名稱2":null,"行業代號3":null,"名稱3":null},{"index":46,"id":10063331,"user":"陳錦全","shop":"新馬公有零售市場-連春獸肉舖","category":"夜市/市場攤販","zone":"宜蘭","city":"宜蘭縣","area":"蘇澳鎮","market_name":"新馬公有零售市場","market_address":"宜蘭縣蘇澳鎮大同路101號","pay_list":"","pay_tool":"","行業代號":null,"行業代號1":null,"名稱1":null,"行業代號2":null,"名稱2":null,"行業代號3":null,"名稱3":null},{"index":47,"id":10063342,"user":"張淑芬","shop":"新馬公有零售市場-張淑芬","category":"夜市/市場攤販","zone":"宜蘭","city":"宜蘭縣","area":"蘇澳鎮","market_name":"新馬公有零售市場","market_address":"宜蘭縣蘇澳鎮大同路101號","pay_list":"","pay_tool":"","行業代號":null,"行業代號1":null,"名稱1":null,"行業代號2":null,"名稱2":null,"行業代號3":null,"名稱3":null},{"index":48,"id":10063353,"user":"曹吳寶桂","shop":"新馬公有零售市場-曹吳寶桂","category":"夜市/市場攤販","zone":"宜蘭","city":"宜蘭縣","area":"蘇澳鎮","market_name":"新馬公有零售市場","market_address":"宜蘭縣蘇澳鎮大同路101號","pay_list":"","pay_tool":"","行業代號":null,"行業代號1":null,"名稱1":null,"行業代號2":null,"名稱2":null,"行業代號3":null,"名稱3":null},{"index":49,"id":10063364,"user":"許旺樹","shop":"新馬公有零售市場-許旺樹","category":"夜市/市場攤販","zone":"宜蘭","city":"宜蘭縣","area":"蘇澳鎮","market_name":"新馬公有零售市場","market_address":"宜蘭縣蘇澳鎮大同路101號","pay_list":"","pay_tool":"","行業代號":null,"行業代號1":null,"名稱1":null,"行業代號2":null,"名稱2":null,"行業代號3":null,"名稱3":null},{"index":50,"id":10063375,"user":"李冠承","shop":"新馬公有零售市場-連昌肉舖","category":"夜市/市場攤販","zone":"宜蘭","city":"宜蘭縣","area":"蘇澳鎮","market_name":"新馬公有零售市場","market_address":"宜蘭縣蘇澳鎮大同路101號","pay_list":"","pay_tool":"","行業代號":null,"行業代號1":null,"名稱1":null,"行業代號2":null,"名稱2":null,"行業代號3":null,"名稱3":null},{"index":51,"id":10063386,"user":"陳春福","shop":"新馬公有零售市場-陳春福","category":"夜市/市場攤販","zone":"宜蘭","city":"宜蘭縣","area":"蘇澳鎮","market_name":"新馬公有零售市場","market_address":"宜蘭縣蘇澳鎮大同路101號","pay_list":"","pay_tool":"","行業代號":null,"行業代號1":null,"名稱1":null,"行業代號2":null,"名稱2":null,"行業代號3":null,"名稱3":null},{"index":52,"id":10063397,"user":"林方麗珠","shop":"新馬公有零售市場-林方麗珠","category":"夜市/市場攤販","zone":"宜蘭","city":"宜蘭縣","area":"蘇澳鎮","market_name":"新馬公有零售市場","market_address":"宜蘭縣蘇澳鎮大同路101號","pay_list":"","pay_tool":"","行業代號":null,"行業代號1":null,"名稱1":null,"行業代號2":null,"名稱2":null,"行業代號3":null,"名稱3":null},{"index":53,"id":10063408,"user":"賴文成","shop":"新馬公有零售市場-賴文成","category":"夜市/市場攤販","zone":"宜蘭","city":"宜蘭縣","area":"蘇澳鎮","market_name":"新馬公有零售市場","market_address":"宜蘭縣蘇澳鎮大同路101號","pay_list":"","pay_tool":"","行業代號":null,"行業代號1":null,"名稱1":null,"行業代號2":null,"名稱2":null,"行業代號3":null,"名稱3":null},{"index":54,"id":10063419,"user":"林玉玲","shop":"新馬公有零售市場-林玉玲","category":"夜市/市場攤販","zone":"宜蘭","city":"宜蘭縣","area":"蘇澳鎮","market_name":"新馬公有零售市場","market_address":"宜蘭縣蘇澳鎮大同路101號","pay_list":"","pay_tool":"","行業代號":null,"行業代號1":null,"名稱1":null,"行業代號2":null,"名稱2":null,"行業代號3":null,"名稱3":null},{"index":55,"id":10063430,"user":"許芸嘉","shop":"新馬公有零售市場-許芸嘉","category":"夜市/市場攤販","zone":"宜蘭","city":"宜蘭縣","area":"蘇澳鎮","market_name":"新馬公有零售市場","market_address":"宜蘭縣蘇澳鎮大同路101號","pay_list":"","pay_tool":"","行業代號":null,"行業代號1":null,"名稱1":null,"行業代號2":null,"名稱2":null,"行業代號3":null,"名稱3":null},{"index":56,"id":10063442,"user":"賴阿漢","shop":"新馬公有零售市場-賴林美子肉舖","category":"夜市/市場攤販","zone":"宜蘭","city":"宜蘭縣","area":"蘇澳鎮","market_name":"新馬公有零售市場","market_address":"宜蘭縣蘇澳鎮大同路101號","pay_list":"","pay_tool":"","行業代號":null,"行業代號1":null,"名稱1":null,"行業代號2":null,"名稱2":null,"行業代號3":null,"名稱3":null},{"index":57,"id":10063453,"user":"陳秀琴","shop":"新馬公有零售市場-陳秀琴","category":"夜市/市場攤販","zone":"宜蘭","city":"宜蘭縣","area":"蘇澳鎮","market_name":"新馬公有零售市場","market_address":"宜蘭縣蘇澳鎮大同路101號","pay_list":"","pay_tool":"","行業代號":null,"行業代號1":null,"名稱1":null,"行業代號2":null,"名稱2":null,"行業代號3":null,"名稱3":null},{"index":58,"id":10063464,"user":"吳月英","shop":"新馬公有零售市場-吳月英","category":"夜市/市場攤販","zone":"宜蘭","city":"宜蘭縣","area":"蘇澳鎮","market_name":"新馬公有零售市場","market_address":"宜蘭縣蘇澳鎮大同路101號","pay_list":"","pay_tool":"","行業代號":null,"行業代號1":null,"名稱1":null,"行業代號2":null,"名稱2":null,"行業代號3":null,"名稱3":null},{"index":59,"id":10063475,"user":"陳文盛","shop":"新馬公有零售市場-陳文盛","category":"夜市/市場攤販","zone":"宜蘭","city":"宜蘭縣","area":"蘇澳鎮","market_name":"新馬公有零售市場","market_address":"宜蘭縣蘇澳鎮大同路101號","pay_list":"","pay_tool":"","行業代號":null,"行業代號1":null,"名稱1":null,"行業代號2":null,"名稱2":null,"行業代號3":null,"名稱3":null},{"index":60,"id":10063486,"user":"林麗紅","shop":"新馬公有零售市場-林麗紅","category":"夜市/市場攤販","zone":"宜蘭","city":"宜蘭縣","area":"蘇澳鎮","market_name":"新馬公有零售市場","market_address":"宜蘭縣蘇澳鎮大同路101號","pay_list":"","pay_tool":"","行業代號":null,"行業代號1":null,"名稱1":null,"行業代號2":null,"名稱2":null,"行業代號3":null,"名稱3":null},{"index":61,"id":10063497,"user":"林張月里","shop":"蘇澳鎮南方澳臨時攤販集中區-1","category":"夜市/市場攤販","zone":"宜蘭","city":"宜蘭縣","area":"蘇澳鎮","market_name":"蘇澳鎮南方澳臨時攤販集中區","market_address":"宜蘭縣蘇澳鎮海邊路段","pay_list":"","pay_tool":"","行業代號":null,"行業代號1":null,"名稱1":null,"行業代號2":null,"名稱2":null,"行業代號3":null,"名稱3":null},{"index":62,"id":10063508,"user":"歐秀琴","shop":"蘇澳鎮南方澳臨時攤販集中區-2","category":"夜市/市場攤販","zone":"宜蘭","city":"宜蘭縣","area":"蘇澳鎮","market_name":"蘇澳鎮南方澳臨時攤販集中區","market_address":"宜蘭縣蘇澳鎮海邊路段","pay_list":"","pay_tool":"","行業代號":null,"行業代號1":null,"名稱1":null,"行業代號2":null,"名稱2":null,"行業代號3":null,"名稱3":null},{"index":63,"id":10063519,"user":"邱朝濱","shop":"蘇澳鎮南方澳臨時攤販集中區-3","category":"夜市/市場攤販","zone":"宜蘭","city":"宜蘭縣","area":"蘇澳鎮","market_name":"蘇澳鎮南方澳臨時攤販集中區","market_address":"宜蘭縣蘇澳鎮海邊路段","pay_list":"","pay_tool":"","行業代號":null,"行業代號1":null,"名稱1":null,"行業代號2":null,"名稱2":null,"行業代號3":null,"名稱3":null},{"index":64,"id":10063530,"user":"林文英","shop":"蘇澳鎮南方澳臨時攤販集中區-4","category":"夜市/市場攤販","zone":"宜蘭","city":"宜蘭縣","area":"蘇澳鎮","market_name":"蘇澳鎮南方澳臨時攤販集中區","market_address":"宜蘭縣蘇澳鎮海邊路段","pay_list":"","pay_tool":"","行業代號":null,"行業代號1":null,"名稱1":null,"行業代號2":null,"名稱2":null,"行業代號3":null,"名稱3":null},{"index":65,"id":10063541,"user":"黃玉春","shop":"蘇澳鎮南方澳臨時攤販集中區-5","category":"夜市/市場攤販","zone":"宜蘭","city":"宜蘭縣","area":"蘇澳鎮","market_name":"蘇澳鎮南方澳臨時攤販集中區","market_address":"宜蘭縣蘇澳鎮海邊路段","pay_list":"","pay_tool":"","行業代號":null,"行業代號1":null,"名稱1":null,"行業代號2":null,"名稱2":null,"行業代號3":null,"名稱3":null},{"index":66,"id":10063553,"user":"池清政","shop":"蘇澳鎮南方澳臨時攤販集中區-7","category":"夜市/市場攤販","zone":"宜蘭","city":"宜蘭縣","area":"蘇澳鎮","market_name":"蘇澳鎮南方澳臨時攤販集中區","market_address":"宜蘭縣蘇澳鎮海邊路段","pay_list":"","pay_tool":"","行業代號":null,"行業代號1":null,"名稱1":null,"行業代號2":null,"名稱2":null,"行業代號3":null,"名稱3":null},{"index":67,"id":10063564,"user":"邱敏霞","shop":"蘇澳鎮南方澳臨時攤販集中區-8","category":"夜市/市場攤販","zone":"宜蘭","city":"宜蘭縣","area":"蘇澳鎮","market_name":"蘇澳鎮南方澳臨時攤販集中區","market_address":"宜蘭縣蘇澳鎮海邊路段","pay_list":"","pay_tool":"","行業代號":null,"行業代號1":null,"名稱1":null,"行業代號2":null,"名稱2":null,"行業代號3":null,"名稱3":null},{"index":68,"id":10063575,"user":"邱怡菁","shop":"蘇澳鎮南方澳臨時攤販集中區-9","category":"夜市/市場攤販","zone":"宜蘭","city":"宜蘭縣","area":"蘇澳鎮","market_name":"蘇澳鎮南方澳臨時攤販集中區","market_address":"宜蘭縣蘇澳鎮海邊路段","pay_list":"","pay_tool":"","行業代號":null,"行業代號1":null,"名稱1":null,"行業代號2":null,"名稱2":null,"行業代號3":null,"名稱3":null},{"index":69,"id":10063586,"user":"陳茂","shop":"蘇澳鎮南方澳臨時攤販集中區-12","category":"夜市/市場攤販","zone":"宜蘭","city":"宜蘭縣","area":"蘇澳鎮","market_name":"蘇澳鎮南方澳臨時攤販集中區","market_address":"宜蘭縣蘇澳鎮海邊路段","pay_list":"","pay_tool":"","行業代號":null,"行業代號1":null,"名稱1":null,"行業代號2":null,"名稱2":null,"行業代號3":null,"名稱3":null},{"index":70,"id":10063597,"user":"胡國隆","shop":"蘇澳鎮南方澳臨時攤販集中區-13","category":"夜市/市場攤販","zone":"宜蘭","city":"宜蘭縣","area":"蘇澳鎮","market_name":"蘇澳鎮南方澳臨時攤販集中區","market_address":"宜蘭縣蘇澳鎮海邊路段","pay_list":"","pay_tool":"","行業代號":null,"行業代號1":null,"名稱1":null,"行業代號2":null,"名稱2":null,"行業代號3":null,"名稱3":null},{"index":71,"id":10063608,"user":"蔡邱水趁","shop":"蘇澳鎮南方澳臨時攤販集中區-14","category":"夜市/市場攤販","zone":"宜蘭","city":"宜蘭縣","area":"蘇澳鎮","market_name":"蘇澳鎮南方澳臨時攤販集中區","market_address":"宜蘭縣蘇澳鎮海邊路段","pay_list":"","pay_tool":"","行業代號":null,"行業代號1":null,"名稱1":null,"行業代號2":null,"名稱2":null,"行業代號3":null,"名稱3":null},{"index":72,"id":10063619,"user":"沈裕和","shop":"蘇澳鎮南方澳臨時攤販集中區-17","category":"夜市/市場攤販","zone":"宜蘭","city":"宜蘭縣","area":"蘇澳鎮","market_name":"蘇澳鎮南方澳臨時攤販集中區","market_address":"宜蘭縣蘇澳鎮海邊路段","pay_list":"","pay_tool":"","行業代號":null,"行業代號1":null,"名稱1":null,"行業代號2":null,"名稱2":null,"行業代號3":null,"名稱3":null},{"index":73,"id":10063630,"user":"林文烽","shop":"蘇澳鎮南方澳臨時攤販集中區-20","category":"夜市/市場攤販","zone":"宜蘭","city":"宜蘭縣","area":"蘇澳鎮","market_name":"蘇澳鎮南方澳臨時攤販集中區","market_address":"宜蘭縣蘇澳鎮海邊路段","pay_list":"","pay_tool":"","行業代號":null,"行業代號1":null,"名稱1":null,"行業代號2":null,"名稱2":null,"行業代號3":null,"名稱3":null},{"index":74,"id":10063641,"user":"徐阿素","shop":"蘇澳鎮南方澳臨時攤販集中區-25","category":"夜市/市場攤販","zone":"宜蘭","city":"宜蘭縣","area":"蘇澳鎮","market_name":"蘇澳鎮南方澳臨時攤販集中區","market_address":"宜蘭縣蘇澳鎮海邊路段","pay_list":"","pay_tool":"","行業代號":null,"行業代號1":null,"名稱1":null,"行業代號2":null,"名稱2":null,"行業代號3":null,"名稱3":null},{"index":75,"id":10063652,"user":"張秋月","shop":"蘇澳鎮南方澳臨時攤販集中區-27","category":"夜市/市場攤販","zone":"宜蘭","city":"宜蘭縣","area":"蘇澳鎮","market_name":"蘇澳鎮南方澳臨時攤販集中區","market_address":"宜蘭縣蘇澳鎮海邊路段","pay_list":"","pay_tool":"","行業代號":null,"行業代號1":null,"名稱1":null,"行業代號2":null,"名稱2":null,"行業代號3":null,"名稱3":null},{"index":76,"id":10063664,"user":"陳林和錠","shop":"蘇澳鎮南方澳臨時攤販集中區-28.29","category":"夜市/市場攤販","zone":"宜蘭","city":"宜蘭縣","area":"蘇澳鎮","market_name":"蘇澳鎮南方澳臨時攤販集中區","market_address":"宜蘭縣蘇澳鎮海邊路段","pay_list":"","pay_tool":"","行業代號":null,"行業代號1":null,"名稱1":null,"行業代號2":null,"名稱2":null,"行業代號3":null,"名稱3":null},{"index":77,"id":10063675,"user":"吳何純子","shop":"蘇澳鎮南方澳臨時攤販集中區-32","category":"夜市/市場攤販","zone":"宜蘭","city":"宜蘭縣","area":"蘇澳鎮","market_name":"蘇澳鎮南方澳臨時攤販集中區","market_address":"宜蘭縣蘇澳鎮海邊路段","pay_list":"","pay_tool":"","行業代號":null,"行業代號1":null,"名稱1":null,"行業代號2":null,"名稱2":null,"行業代號3":null,"名稱3":null},{"index":78,"id":10063686,"user":"陳麗華","shop":"蘇澳鎮南方澳臨時攤販集中區-34","category":"夜市/市場攤販","zone":"宜蘭","city":"宜蘭縣","area":"蘇澳鎮","market_name":"蘇澳鎮南方澳臨時攤販集中區","market_address":"宜蘭縣蘇澳鎮海邊路段","pay_list":"","pay_tool":"","行業代號":null,"行業代號1":null,"名稱1":null,"行業代號2":null,"名稱2":null,"行業代號3":null,"名稱3":null},{"index":79,"id":10063697,"user":"陳錦田","shop":"蘇澳鎮南方澳臨時攤販集中區-35","category":"夜市/市場攤販","zone":"宜蘭","city":"宜蘭縣","area":"蘇澳鎮","market_name":"蘇澳鎮南方澳臨時攤販集中區","market_address":"宜蘭縣蘇澳鎮海邊路段","pay_list":"","pay_tool":"","行業代號":null,"行業代號1":null,"名稱1":null,"行業代號2":null,"名稱2":null,"行業代號3":null,"名稱3":null},{"index":80,"id":10063708,"user":"羅雯馨","shop":"蘇澳鎮南方澳臨時攤販集中區-36","category":"夜市/市場攤販","zone":"宜蘭","city":"宜蘭縣","area":"蘇澳鎮","market_name":"蘇澳鎮南方澳臨時攤販集中區","market_address":"宜蘭縣蘇澳鎮海邊路段","pay_list":"","pay_tool":"","行業代號":null,"行業代號1":null,"名稱1":null,"行業代號2":null,"名稱2":null,"行業代號3":null,"名稱3":null},{"index":81,"id":10063719,"user":"林碧蓮","shop":"蘇澳鎮南方澳臨時攤販集中區-37","category":"夜市/市場攤販","zone":"宜蘭","city":"宜蘭縣","area":"蘇澳鎮","market_name":"蘇澳鎮南方澳臨時攤販集中區","market_address":"宜蘭縣蘇澳鎮海邊路段","pay_list":"","pay_tool":"","行業代號":null,"行業代號1":null,"名稱1":null,"行業代號2":null,"名稱2":null,"行業代號3":null,"名稱3":null},{"index":82,"id":10063730,"user":"張雪嬌","shop":"蘇澳鎮南方澳臨時攤販集中區-38","category":"夜市/市場攤販","zone":"宜蘭","city":"宜蘭縣","area":"蘇澳鎮","market_name":"蘇澳鎮南方澳臨時攤販集中區","market_address":"宜蘭縣蘇澳鎮海邊路段","pay_list":"","pay_tool":"","行業代號":null,"行業代號1":null,"名稱1":null,"行業代號2":null,"名稱2":null,"行業代號3":null,"名稱3":null},{"index":83,"id":10063741,"user":"黃吉雄","shop":"蘇澳鎮南方澳臨時攤販集中區-39","category":"夜市/市場攤販","zone":"宜蘭","city":"宜蘭縣","area":"蘇澳鎮","market_name":"蘇澳鎮南方澳臨時攤販集中區","market_address":"宜蘭縣蘇澳鎮海邊路段","pay_list":"","pay_tool":"","行業代號":null,"行業代號1":null,"名稱1":null,"行業代號2":null,"名稱2":null,"行業代號3":null,"名稱3":null},{"index":84,"id":10063752,"user":"楊欣穎","shop":"蘇澳鎮南方澳臨時攤販集中區-40","category":"夜市/市場攤販","zone":"宜蘭","city":"宜蘭縣","area":"蘇澳鎮","market_name":"蘇澳鎮南方澳臨時攤販集中區","market_address":"宜蘭縣蘇澳鎮海邊路段","pay_list":"","pay_tool":"","行業代號":null,"行業代號1":null,"名稱1":null,"行業代號2":null,"名稱2":null,"行業代號3":null,"名稱3":null},{"index":85,"id":10063763,"user":"潘建都","shop":"蘇澳鎮南方澳臨時攤販集中區-42","category":"夜市/市場攤販","zone":"宜蘭","city":"宜蘭縣","area":"蘇澳鎮","market_name":"蘇澳鎮南方澳臨時攤販集中區","market_address":"宜蘭縣蘇澳鎮海邊路段","pay_list":"","pay_tool":"","行業代號":null,"行業代號1":null,"名稱1":null,"行業代號2":null,"名稱2":null,"行業代號3":null,"名稱3":null},{"index":86,"id":20011700,"user":"張陳阿匏","shop":"張陳阿匏攤販","category":["夜市/市場攤販"],"zone":"宜蘭","city":"宜蘭縣","area":"蘇澳鎮","market_name":["餐食攤販"],"market_address":"宜蘭縣蘇澳鎮南強里大通路２４３號","pay_list":"","pay_tool":"","行業代號":null,"行業代號1":null,"名稱1":null,"行業代號2":null,"名稱2":null,"行業代號3":null,"名稱3":null},{"index":87,"id":20011702,"user":"林美月","shop":"林美月小吃攤","category":["夜市/市場攤販"],"zone":"宜蘭","city":"宜蘭縣","area":"蘇澳鎮","market_name":["餐食攤販"],"market_address":"宜蘭縣蘇澳鎮東澳里東澳路１號","pay_list":"","pay_tool":"","行業代號":null,"行業代號1":null,"名稱1":null,"行業代號2":null,"名稱2":null,"行業代號3":null,"名稱3":null},{"index":88,"id":20020882,"user":"賴麗華","shop":"南澳太祖魷魚羹攤販","category":["夜市/市場攤販"],"zone":"宜蘭","city":"宜蘭縣","area":"蘇澳鎮","market_name":["餐食攤販"],"market_address":"宜蘭縣蘇澳鎮南強里５鄰蘇花路２段２６０號","pay_list":"","pay_tool":"","行業代號":null,"行業代號1":null,"名稱1":null,"行業代號2":null,"名稱2":null,"行業代號3":null,"名稱3":null},{"index":89,"id":20045220,"user":"黃麗美","shop":"黃麗美江夏路攤販","category":["夜市/市場攤販"],"zone":"宜蘭","city":"宜蘭縣","area":"蘇澳鎮","market_name":["餐食攤販"],"market_address":"宜蘭縣蘇澳鎮南成里力行街４２巷１４號","pay_list":"","pay_tool":"","行業代號":null,"行業代號1":null,"名稱1":null,"行業代號2":null,"名稱2":null,"行業代號3":null,"名稱3":null},{"index":90,"id":20045221,"user":"王秀芬","shop":"王秀芬江夏路攤販","category":["夜市/市場攤販"],"zone":"宜蘭","city":"宜蘭縣","area":"蘇澳鎮","market_name":["餐食攤販"],"market_address":"宜蘭縣蘇澳鎮陽明巷十號","pay_list":["LINE PAY MONEY"],"pay_tool":["行動支付"],"行業代號":null,"行業代號1":null,"名稱1":null,"行業代號2":null,"名稱2":null,"行業代號3":null,"名稱3":null},{"index":91,"id":20045222,"user":"簡美秀","shop":"簡美秀江夏路攤販（寄：蘇澳鎮思村路５１之１１號）","category":["夜市/市場攤販"],"zone":"宜蘭","city":"宜蘭縣","area":"蘇澳鎮","market_name":["餐食攤販"],"market_address":"宜蘭縣蘇澳鎮江夏路１２號","pay_list":"","pay_tool":"","行業代號":null,"行業代號1":null,"名稱1":null,"行業代號2":null,"名稱2":null,"行業代號3":null,"名稱3":null},{"index":92,"id":20045223,"user":"胡陳美玉","shop":"胡陳美玉江夏路攤販","category":["夜市/市場攤販"],"zone":"宜蘭","city":"宜蘭縣","area":"蘇澳鎮","market_name":["餐食攤販"],"market_address":"宜蘭縣蘇澳鎮南正里陽明巷１０之１７號４樓","pay_list":"","pay_tool":"","行業代號":null,"行業代號1":null,"名稱1":null,"行業代號2":null,"名稱2":null,"行業代號3":null,"名稱3":null},{"index":93,"id":20045224,"user":"林再興","shop":"林再興江夏路攤販","category":["夜市/市場攤販"],"zone":"宜蘭","city":"宜蘭縣","area":"蘇澳鎮","market_name":["餐食攤販"],"market_address":"宜蘭縣蘇澳鎮南正里漁港路１２５號","pay_list":"","pay_tool":"","行業代號":null,"行業代號1":null,"名稱1":null,"行業代號2":null,"名稱2":null,"行業代號3":null,"名稱3":null},{"index":94,"id":20045225,"user":"林蔡色娥","shop":"林蔡色娥江夏路攤販","category":["夜市/市場攤販"],"zone":"宜蘭","city":"宜蘭縣","area":"蘇澳鎮","market_name":["餐食攤販"],"market_address":"宜蘭縣蘇澳鎮南正里民生路４９號","pay_list":"","pay_tool":"","行業代號":null,"行業代號1":null,"名稱1":null,"行業代號2":null,"名稱2":null,"行業代號3":null,"名稱3":null},{"index":95,"id":20045226,"user":"沈勝宏","shop":"沈勝宏南天宮攤販（編號７號）","category":["夜市/市場攤販"],"zone":"宜蘭","city":"宜蘭縣","area":"蘇澳鎮","market_name":["餐食攤販"],"market_address":"宜蘭縣蘇澳鎮江夏路１７號南天宮旁","pay_list":"","pay_tool":"","行業代號":null,"行業代號1":null,"名稱1":null,"行業代號2":null,"名稱2":null,"行業代號3":null,"名稱3":null},{"index":96,"id":20045227,"user":"朱燦宗","shop":"陽春口味南天宮攤販","category":["夜市/市場攤販"],"zone":"宜蘭","city":"宜蘭縣","area":"蘇澳鎮","market_name":["餐食攤販"],"market_address":"宜蘭縣蘇澳鎮蘇西里民貴街２３號","pay_list":"","pay_tool":"","行業代號":null,"行業代號1":null,"名稱1":null,"行業代號2":null,"名稱2":null,"行業代號3":null,"名稱3":null},{"index":97,"id":20045235,"user":"林桂菊","shop":"林桂菊（攤販）","category":["夜市/市場攤販"],"zone":"宜蘭","city":"宜蘭縣","area":"蘇澳鎮","market_name":["餐食攤販"],"market_address":"宜蘭縣蘇澳鎮江夏路１５號寄華山４巷３號","pay_list":"","pay_tool":"","行業代號":null,"行業代號1":null,"名稱1":null,"行業代號2":null,"名稱2":null,"行業代號3":null,"名稱3":null},{"index":98,"id":20059619,"user":"吳庚","shop":"貴族派香雞排","category":["夜市/市場攤販"],"zone":"宜蘭","city":"宜蘭縣","area":"蘇澳鎮","market_name":["餐食攤販"],"market_address":"宜蘭縣蘇澳鎮江夏路廣場寄蘇澳南成里文化巷２８號","pay_list":"","pay_tool":"","行業代號":null,"行業代號1":null,"名稱1":null,"行業代號2":null,"名稱2":null,"行業代號3":null,"名稱3":null},{"index":99,"id":20059624,"user":"林忠誠","shop":"上好飲食麵店","category":["夜市/市場攤販"],"zone":"宜蘭","city":"宜蘭縣","area":"蘇澳鎮","market_name":["餐食攤販"],"market_address":"宜蘭縣蘇澳鎮蘇北里新生路９－１號","pay_list":"","pay_tool":"","行業代號":null,"行業代號1":null,"名稱1":null,"行業代號2":null,"名稱2":null,"行業代號3":null,"名稱3":null},{"index":100,"id":20059625,"user":"李應村","shop":"李應村（攤販）","category":["夜市/市場攤販"],"zone":"宜蘭","city":"宜蘭縣","area":"蘇澳鎮","market_name":["餐食攤販"],"market_address":"宜蘭縣蘇澳鎮中正路６號","pay_list":"","pay_tool":"","行業代號":null,"行業代號1":null,"名稱1":null,"行業代號2":null,"名稱2":null,"行業代號3":null,"名稱3":null},{"index":101,"id":60051177,"user":"陳秀夫","shop":"區界早點","category":["夜市/市場攤販"],"zone":"宜蘭","city":"宜蘭縣","area":"蘇澳鎮","market_name":["餐食攤販"],"market_address":"宜蘭縣蘇澳鎮龍德里７鄰福德路４６３號","pay_list":null,"pay_tool":null,"行業代號":"561200","行業代號1":"","名稱1":"","行業代號2":"","名稱2":"","行業代號3":"","名稱3":""},{"index":102,"id":60066602,"user":"林忠苹","shop":"王味王自助餐","category":["夜市/市場攤販"],"zone":"宜蘭","city":"宜蘭縣","area":"蘇澳鎮","market_name":["餐食攤販"],"market_address":"宜蘭縣蘇澳鎮蘇南里１９及２１號","pay_list":null,"pay_tool":null,"行業代號":"561200","行業代號1":"","名稱1":"","行業代號2":"","名稱2":"","行業代號3":"","名稱3":""},{"index":103,"id":60085471,"user":"張自琴","shop":"貴族複合式餐飲","category":["夜市/市場攤販"],"zone":"宜蘭","city":"宜蘭縣","area":"蘇澳鎮","market_name":["餐食攤販"],"market_address":"宜蘭縣蘇澳鎮南強里蘇花路二段１９０號","pay_list":null,"pay_tool":null,"行業代號":"561200","行業代號1":"","名稱1":"","行業代號2":"","名稱2":"","行業代號3":"","名稱3":""},{"index":104,"id":60115930,"user":"鄧宇廷","shop":"蓉淳香雞蛋糕","category":["夜市/市場攤販"],"zone":"宜蘭","city":"宜蘭縣","area":"蘇澳鎮","market_name":["餐食攤販"],"market_address":"宜蘭縣蘇澳鎮龍德里建福路１９號一樓","pay_list":null,"pay_tool":null,"行業代號":"561200","行業代號1":"","名稱1":"","行業代號2":"","名稱2":"","行業代號3":"","名稱3":""}]