[{"index":1,"id":10004795,"user":"蘇三華","shop":"褒忠公有零售市場-阿華肉粽","category":"夜市/市場攤販","zone":"雲嘉南","city":"雲林縣","area":"褒忠鄉","market_name":"褒忠公有零售市場","market_address":"雲林縣褒忠鄉中正路348號","pay_list":"","pay_tool":"","行業代號":null,"行業代號1":null,"名稱1":null,"行業代號2":null,"名稱2":null,"行業代號3":null,"名稱3":null},{"index":2,"id":10004796,"user":"林蘇善","shop":"褒忠公有零售市場-阿善紅龜粿","category":"夜市/市場攤販","zone":"雲嘉南","city":"雲林縣","area":"褒忠鄉","market_name":"褒忠公有零售市場","market_address":"雲林縣褒忠鄉中正路348號","pay_list":"","pay_tool":"","行業代號":null,"行業代號1":null,"名稱1":null,"行業代號2":null,"名稱2":null,"行業代號3":null,"名稱3":null},{"index":3,"id":10004797,"user":"柯曾秀娥","shop":"褒忠公有零售市場-坤暘水果批發零售","category":"夜市/市場攤販","zone":"雲嘉南","city":"雲林縣","area":"褒忠鄉","market_name":"褒忠公有零售市場","market_address":"雲林縣褒忠鄉中正路348號","pay_list":"","pay_tool":"","行業代號":null,"行業代號1":null,"名稱1":null,"行業代號2":null,"名稱2":null,"行業代號3":null,"名稱3":null},{"index":4,"id":10004798,"user":"曾景和","shop":"褒忠公有零售市場-坤暘水果批發零售","category":"夜市/市場攤販","zone":"雲嘉南","city":"雲林縣","area":"褒忠鄉","market_name":"褒忠公有零售市場","market_address":"雲林縣褒忠鄉中正路348號","pay_list":"","pay_tool":"","行業代號":null,"行業代號1":null,"名稱1":null,"行業代號2":null,"名稱2":null,"行業代號3":null,"名稱3":null},{"index":5,"id":10004799,"user":"陳信翰","shop":"褒忠公有零售市場-雜貨","category":"夜市/市場攤販","zone":"雲嘉南","city":"雲林縣","area":"褒忠鄉","market_name":"褒忠公有零售市場","market_address":"雲林縣褒忠鄉中正路348號","pay_list":"","pay_tool":"","行業代號":null,"行業代號1":null,"名稱1":null,"行業代號2":null,"名稱2":null,"行業代號3":null,"名稱3":null},{"index":6,"id":10004800,"user":"王有諒","shop":"褒忠公有零售市場-有諒肉商","category":"夜市/市場攤販","zone":"雲嘉南","city":"雲林縣","area":"褒忠鄉","market_name":"褒忠公有零售市場","market_address":"雲林縣褒忠鄉中正路348號","pay_list":"","pay_tool":"","行業代號":null,"行業代號1":null,"名稱1":null,"行業代號2":null,"名稱2":null,"行業代號3":null,"名稱3":null},{"index":7,"id":10004801,"user":"陳許鶴美","shop":"褒忠公有零售市場-惠美豬肉羊肉","category":"夜市/市場攤販","zone":"雲嘉南","city":"雲林縣","area":"褒忠鄉","market_name":"褒忠公有零售市場","market_address":"雲林縣褒忠鄉中正路348號","pay_list":"","pay_tool":"","行業代號":null,"行業代號1":null,"名稱1":null,"行業代號2":null,"名稱2":null,"行業代號3":null,"名稱3":null},{"index":8,"id":10004802,"user":"章碧珠","shop":"褒忠公有零售市場-碧珠小吃","category":"夜市/市場攤販","zone":"雲嘉南","city":"雲林縣","area":"褒忠鄉","market_name":"褒忠公有零售市場","market_address":"雲林縣褒忠鄉中正路348號","pay_list":"","pay_tool":"","行業代號":null,"行業代號1":null,"名稱1":null,"行業代號2":null,"名稱2":null,"行業代號3":null,"名稱3":null},{"index":9,"id":10004804,"user":"吳月蘭","shop":"褒忠公有零售市場-阿蘭紅龜","category":"夜市/市場攤販","zone":"雲嘉南","city":"雲林縣","area":"褒忠鄉","market_name":"褒忠公有零售市場","market_address":"雲林縣褒忠鄉中正路348號","pay_list":"","pay_tool":"","行業代號":null,"行業代號1":null,"名稱1":null,"行業代號2":null,"名稱2":null,"行業代號3":null,"名稱3":null},{"index":10,"id":10004805,"user":"吳麗惠","shop":"褒忠公有零售市場-阿惠鮮魚舖","category":"夜市/市場攤販","zone":"雲嘉南","city":"雲林縣","area":"褒忠鄉","market_name":"褒忠公有零售市場","market_address":"雲林縣褒忠鄉中正路348號","pay_list":"","pay_tool":"","行業代號":null,"行業代號1":null,"名稱1":null,"行業代號2":null,"名稱2":null,"行業代號3":null,"名稱3":null},{"index":11,"id":10004806,"user":"張螺虹","shop":"褒忠公有零售市場-手工水餃","category":"夜市/市場攤販","zone":"雲嘉南","city":"雲林縣","area":"褒忠鄉","market_name":"褒忠公有零售市場","market_address":"雲林縣褒忠鄉中正路348號","pay_list":"","pay_tool":"","行業代號":null,"行業代號1":null,"名稱1":null,"行業代號2":null,"名稱2":null,"行業代號3":null,"名稱3":null},{"index":12,"id":10004807,"user":"張俊益","shop":"褒忠公有零售市場-阿惠鮮魚舖","category":"夜市/市場攤販","zone":"雲嘉南","city":"雲林縣","area":"褒忠鄉","market_name":"褒忠公有零售市場","market_address":"雲林縣褒忠鄉中正路348號","pay_list":"","pay_tool":"","行業代號":null,"行業代號1":null,"名稱1":null,"行業代號2":null,"名稱2":null,"行業代號3":null,"名稱3":null},{"index":13,"id":10004808,"user":"陳燕姿","shop":"褒忠公有零售市場-火鍋料","category":"夜市/市場攤販","zone":"雲嘉南","city":"雲林縣","area":"褒忠鄉","market_name":"褒忠公有零售市場","market_address":"雲林縣褒忠鄉中正路348號","pay_list":"","pay_tool":"","行業代號":null,"行業代號1":null,"名稱1":null,"行業代號2":null,"名稱2":null,"行業代號3":null,"名稱3":null},{"index":14,"id":10004809,"user":"施佩儀","shop":"褒忠公有零售市場-佩儀水果店","category":"夜市/市場攤販","zone":"雲嘉南","city":"雲林縣","area":"褒忠鄉","market_name":"褒忠公有零售市場","market_address":"雲林縣褒忠鄉中正路348號","pay_list":"","pay_tool":"","行業代號":null,"行業代號1":null,"名稱1":null,"行業代號2":null,"名稱2":null,"行業代號3":null,"名稱3":null},{"index":15,"id":10004810,"user":"練朝隆","shop":"褒忠公有零售市場-滷味","category":"夜市/市場攤販","zone":"雲嘉南","city":"雲林縣","area":"褒忠鄉","market_name":"褒忠公有零售市場","market_address":"雲林縣褒忠鄉中正路348號","pay_list":"","pay_tool":"","行業代號":null,"行業代號1":null,"名稱1":null,"行業代號2":null,"名稱2":null,"行業代號3":null,"名稱3":null},{"index":16,"id":10004811,"user":"郭秋桂","shop":"褒忠公有零售市場-佩儀水果店","category":"夜市/市場攤販","zone":"雲嘉南","city":"雲林縣","area":"褒忠鄉","market_name":"褒忠公有零售市場","market_address":"雲林縣褒忠鄉中正路348號","pay_list":"","pay_tool":"","行業代號":null,"行業代號1":null,"名稱1":null,"行業代號2":null,"名稱2":null,"行業代號3":null,"名稱3":null},{"index":17,"id":10004812,"user":"廖春桂","shop":"褒忠公有零售市場-阿忠蔬菜店","category":"夜市/市場攤販","zone":"雲嘉南","city":"雲林縣","area":"褒忠鄉","market_name":"褒忠公有零售市場","market_address":"雲林縣褒忠鄉中正路348號","pay_list":"","pay_tool":"","行業代號":null,"行業代號1":null,"名稱1":null,"行業代號2":null,"名稱2":null,"行業代號3":null,"名稱3":null},{"index":18,"id":10004813,"user":"張憲忠","shop":"褒忠公有零售市場-阿忠蔬菜店","category":"夜市/市場攤販","zone":"雲嘉南","city":"雲林縣","area":"褒忠鄉","market_name":"褒忠公有零售市場","market_address":"雲林縣褒忠鄉中正路348號","pay_list":"","pay_tool":"","行業代號":null,"行業代號1":null,"名稱1":null,"行業代號2":null,"名稱2":null,"行業代號3":null,"名稱3":null},{"index":19,"id":10004815,"user":"廖素碧","shop":"褒忠公有零售市場-阿忠蔬菜店","category":"夜市/市場攤販","zone":"雲嘉南","city":"雲林縣","area":"褒忠鄉","market_name":"褒忠公有零售市場","market_address":"雲林縣褒忠鄉中正路348號","pay_list":"","pay_tool":"","行業代號":null,"行業代號1":null,"名稱1":null,"行業代號2":null,"名稱2":null,"行業代號3":null,"名稱3":null},{"index":20,"id":10004816,"user":"張家榮","shop":"褒忠公有零售市場-福榮麵粉加工部","category":"夜市/市場攤販","zone":"雲嘉南","city":"雲林縣","area":"褒忠鄉","market_name":"褒忠公有零售市場","market_address":"雲林縣褒忠鄉中正路348號","pay_list":"","pay_tool":"","行業代號":null,"行業代號1":null,"名稱1":null,"行業代號2":null,"名稱2":null,"行業代號3":null,"名稱3":null},{"index":21,"id":10004817,"user":"蘇炯誠","shop":"褒忠公有零售市場-包饅族手工包子饅頭","category":"夜市/市場攤販","zone":"雲嘉南","city":"雲林縣","area":"褒忠鄉","market_name":"褒忠公有零售市場","market_address":"雲林縣褒忠鄉中正路348號","pay_list":"","pay_tool":"","行業代號":null,"行業代號1":null,"名稱1":null,"行業代號2":null,"名稱2":null,"行業代號3":null,"名稱3":null},{"index":22,"id":10004818,"user":"蘇坤和","shop":"褒忠公有零售市場-阿和豬肉攤","category":"夜市/市場攤販","zone":"雲嘉南","city":"雲林縣","area":"褒忠鄉","market_name":"褒忠公有零售市場","market_address":"雲林縣褒忠鄉中正路348號","pay_list":"","pay_tool":"","行業代號":null,"行業代號1":null,"名稱1":null,"行業代號2":null,"名稱2":null,"行業代號3":null,"名稱3":null},{"index":23,"id":10004819,"user":"黃蘇勤珠","shop":"褒忠公有零售市場-阿和豬肉攤","category":"夜市/市場攤販","zone":"雲嘉南","city":"雲林縣","area":"褒忠鄉","market_name":"褒忠公有零售市場","market_address":"雲林縣褒忠鄉中正路348號","pay_list":"","pay_tool":"","行業代號":null,"行業代號1":null,"名稱1":null,"行業代號2":null,"名稱2":null,"行業代號3":null,"名稱3":null},{"index":24,"id":10004820,"user":"蘇春帆","shop":"褒忠公有零售市場-阿和豬肉攤","category":"夜市/市場攤販","zone":"雲嘉南","city":"雲林縣","area":"褒忠鄉","market_name":"褒忠公有零售市場","market_address":"雲林縣褒忠鄉中正路348號","pay_list":"","pay_tool":"","行業代號":null,"行業代號1":null,"名稱1":null,"行業代號2":null,"名稱2":null,"行業代號3":null,"名稱3":null},{"index":25,"id":10004821,"user":"蔡明華","shop":"褒忠公有零售市場-明華禽肉賣店","category":"夜市/市場攤販","zone":"雲嘉南","city":"雲林縣","area":"褒忠鄉","market_name":"褒忠公有零售市場","market_address":"雲林縣褒忠鄉中正路348號","pay_list":"","pay_tool":"","行業代號":null,"行業代號1":null,"名稱1":null,"行業代號2":null,"名稱2":null,"行業代號3":null,"名稱3":null},{"index":26,"id":10004822,"user":"張百惠","shop":"褒忠公有零售市場-蚵嗲炸粿肉嗲","category":"夜市/市場攤販","zone":"雲嘉南","city":"雲林縣","area":"褒忠鄉","market_name":"褒忠公有零售市場","market_address":"雲林縣褒忠鄉中正路348號","pay_list":"","pay_tool":"","行業代號":null,"行業代號1":null,"名稱1":null,"行業代號2":null,"名稱2":null,"行業代號3":null,"名稱3":null},{"index":27,"id":10004823,"user":"陳吳美金","shop":"褒忠公有零售市場-蔬菜","category":"夜市/市場攤販","zone":"雲嘉南","city":"雲林縣","area":"褒忠鄉","market_name":"褒忠公有零售市場","market_address":"雲林縣褒忠鄉中正路348號","pay_list":"","pay_tool":"","行業代號":null,"行業代號1":null,"名稱1":null,"行業代號2":null,"名稱2":null,"行業代號3":null,"名稱3":null},{"index":28,"id":10004824,"user":"張蘇春桂","shop":"褒忠公有零售市場-蚵嗲炸粿肉嗲","category":"夜市/市場攤販","zone":"雲嘉南","city":"雲林縣","area":"褒忠鄉","market_name":"褒忠公有零售市場","market_address":"雲林縣褒忠鄉中正路348號","pay_list":"","pay_tool":"","行業代號":null,"行業代號1":null,"名稱1":null,"行業代號2":null,"名稱2":null,"行業代號3":null,"名稱3":null},{"index":29,"id":10004827,"user":"蘇膺中","shop":"褒忠公有零售市場-蘇記熟食專賣店","category":"夜市/市場攤販","zone":"雲嘉南","city":"雲林縣","area":"褒忠鄉","market_name":"褒忠公有零售市場","market_address":"雲林縣褒忠鄉中正路348號","pay_list":"","pay_tool":"","行業代號":null,"行業代號1":null,"名稱1":null,"行業代號2":null,"名稱2":null,"行業代號3":null,"名稱3":null},{"index":30,"id":10004828,"user":"李好","shop":"褒忠公有零售市場-老溫的店(麵食)","category":"夜市/市場攤販","zone":"雲嘉南","city":"雲林縣","area":"褒忠鄉","market_name":"褒忠公有零售市場","market_address":"雲林縣褒忠鄉中正路348號","pay_list":"","pay_tool":"","行業代號":null,"行業代號1":null,"名稱1":null,"行業代號2":null,"名稱2":null,"行業代號3":null,"名稱3":null},{"index":31,"id":10004829,"user":"謝月桃","shop":"褒忠公有零售市場-蔬菜","category":"夜市/市場攤販","zone":"雲嘉南","city":"雲林縣","area":"褒忠鄉","market_name":"褒忠公有零售市場","market_address":"雲林縣褒忠鄉中正路348號","pay_list":"","pay_tool":"","行業代號":null,"行業代號1":null,"名稱1":null,"行業代號2":null,"名稱2":null,"行業代號3":null,"名稱3":null},{"index":32,"id":10004830,"user":"許秋淑","shop":"褒忠公有零售市場-有諒肉商","category":"夜市/市場攤販","zone":"雲嘉南","city":"雲林縣","area":"褒忠鄉","market_name":"褒忠公有零售市場","market_address":"雲林縣褒忠鄉中正路348號","pay_list":"","pay_tool":"","行業代號":null,"行業代號1":null,"名稱1":null,"行業代號2":null,"名稱2":null,"行業代號3":null,"名稱3":null},{"index":33,"id":10004831,"user":"張黃腰","shop":"褒忠公有零售市場-蔬菜","category":"夜市/市場攤販","zone":"雲嘉南","city":"雲林縣","area":"褒忠鄉","market_name":"褒忠公有零售市場","market_address":"雲林縣褒忠鄉中正路348號","pay_list":"","pay_tool":"","行業代號":null,"行業代號1":null,"名稱1":null,"行業代號2":null,"名稱2":null,"行業代號3":null,"名稱3":null},{"index":34,"id":10004832,"user":"蕭雪玲","shop":"褒忠公有零售市場-熟食店","category":"夜市/市場攤販","zone":"雲嘉南","city":"雲林縣","area":"褒忠鄉","market_name":"褒忠公有零售市場","market_address":"雲林縣褒忠鄉中正路348號","pay_list":"","pay_tool":"","行業代號":null,"行業代號1":null,"名稱1":null,"行業代號2":null,"名稱2":null,"行業代號3":null,"名稱3":null},{"index":35,"id":10004833,"user":"謝永田","shop":"褒忠公有零售市場-雞鴨鵝熟食魯味","category":"夜市/市場攤販","zone":"雲嘉南","city":"雲林縣","area":"褒忠鄉","market_name":"褒忠公有零售市場","market_address":"雲林縣褒忠鄉中正路348號","pay_list":"","pay_tool":"","行業代號":null,"行業代號1":null,"名稱1":null,"行業代號2":null,"名稱2":null,"行業代號3":null,"名稱3":null},{"index":36,"id":10004834,"user":"許世賢","shop":"褒忠公有零售市場-雞鴨鵝熟食魯味","category":"夜市/市場攤販","zone":"雲嘉南","city":"雲林縣","area":"褒忠鄉","market_name":"褒忠公有零售市場","market_address":"雲林縣褒忠鄉中正路348號","pay_list":"","pay_tool":"","行業代號":null,"行業代號1":null,"名稱1":null,"行業代號2":null,"名稱2":null,"行業代號3":null,"名稱3":null},{"index":37,"id":10004835,"user":"陳炯文","shop":"褒忠公有零售市場-阿謀菜店","category":"夜市/市場攤販","zone":"雲嘉南","city":"雲林縣","area":"褒忠鄉","market_name":"褒忠公有零售市場","market_address":"雲林縣褒忠鄉中正路348號","pay_list":"","pay_tool":"","行業代號":null,"行業代號1":null,"名稱1":null,"行業代號2":null,"名稱2":null,"行業代號3":null,"名稱3":null},{"index":38,"id":10004836,"user":"陳玄偉","shop":"褒忠公有零售市場-阿謀菜店","category":"夜市/市場攤販","zone":"雲嘉南","city":"雲林縣","area":"褒忠鄉","market_name":"褒忠公有零售市場","market_address":"雲林縣褒忠鄉中正路348號","pay_list":"","pay_tool":"","行業代號":null,"行業代號1":null,"名稱1":null,"行業代號2":null,"名稱2":null,"行業代號3":null,"名稱3":null},{"index":39,"id":10004838,"user":"溫昆霖","shop":"褒忠公有零售市場-老溫的店(麵食)","category":"夜市/市場攤販","zone":"雲嘉南","city":"雲林縣","area":"褒忠鄉","market_name":"褒忠公有零售市場","market_address":"雲林縣褒忠鄉中正路348號","pay_list":"","pay_tool":"","行業代號":null,"行業代號1":null,"名稱1":null,"行業代號2":null,"名稱2":null,"行業代號3":null,"名稱3":null},{"index":40,"id":20010346,"user":"王素連","shop":"王素連","category":["夜市/市場攤販"],"zone":"雲嘉南","city":"雲林縣","area":"褒忠鄉","market_name":["餐食攤販"],"market_address":"雲林縣褒忠鄉中民村中正路１８６號","pay_list":"","pay_tool":"","行業代號":null,"行業代號1":null,"名稱1":null,"行業代號2":null,"名稱2":null,"行業代號3":null,"名稱3":null},{"index":41,"id":20011589,"user":"陳雅惠","shop":"鮮堡漢堡店","category":["夜市/市場攤販","餐飲"],"zone":"雲嘉南","city":"雲林縣","area":"褒忠鄉","market_name":["餐食攤販","早餐店"],"market_address":"雲林縣褒忠鄉中勝村１鄰中正路２１０號１樓","pay_list":"","pay_tool":"","行業代號":null,"行業代號1":null,"名稱1":null,"行業代號2":null,"名稱2":null,"行業代號3":null,"名稱3":null},{"index":42,"id":60040322,"user":"許錦波","shop":"二撇薑母鴨","category":["餐飲","夜市/市場攤販"],"zone":"雲嘉南","city":"雲林縣","area":"褒忠鄉","market_name":["麵店、小吃店","餐食攤販"],"market_address":"雲林縣褒忠鄉埔姜村３鄰中正路１８６巷３３號１樓","pay_list":null,"pay_tool":null,"行業代號":"561113","行業代號1":"561200","名稱1":"餐食攤販","行業代號2":"","名稱2":"","行業代號3":"","名稱3":""},{"index":43,"id":60069532,"user":"施福桐","shop":"施家屯牛肉麵店","category":["餐飲","夜市/市場攤販"],"zone":"雲嘉南","city":"雲林縣","area":"褒忠鄉","market_name":["麵店、小吃店","餐食攤販"],"market_address":"雲林縣褒忠鄉埔姜村４鄰三民路１２１號１樓","pay_list":null,"pay_tool":null,"行業代號":"561113","行業代號1":"561200","名稱1":"餐食攤販","行業代號2":"","名稱2":"","行業代號3":"","名稱3":""}]