[{"index":1,"id":30001253,"category":"夜市小吃/市場","city":"臺中市","area":"豐原區","market_name":"豐原第一公有零售市場","market_address":"臺中市豐原區市前街88號","shop":"豐原第一公有零售市場 143","pay_list":["台灣 PAY","街口支付","LINE Pay Money"],"zone":"中彰投","user":"呂學鋒","pay_tool":["行動支付"]},{"index":2,"id":30001262,"category":"夜市小吃/市場","city":"臺中市","area":"豐原區","market_name":"豐原第一公有零售市場","market_address":"臺中市豐原區市前街88號","shop":"豐原第一公有零售市場 188","pay_list":["台灣 PAY","街口支付","LINE Pay Money"],"zone":"中彰投","user":"施王秀花","pay_tool":["行動支付"]},{"index":3,"id":30001266,"category":"夜市小吃/市場","city":"臺中市","area":"豐原區","market_name":"豐原第一公有零售市場","market_address":"臺中市豐原區市前街88號","shop":"豐原第一公有零售市場 61","pay_list":["台灣 PAY","街口支付","LINE Pay Money"],"zone":"中彰投","user":"蔣永水","pay_tool":["行動支付"]},{"index":4,"id":30001267,"category":"夜市小吃/市場","city":"臺中市","area":"豐原區","market_name":"豐原第一公有零售市場","market_address":"臺中市豐原區市前街88號","shop":"豐原第一公有零售市場 62","pay_list":["台灣 PAY","街口支付","LINE Pay Money"],"zone":"中彰投","user":"蔣永水","pay_tool":["行動支付"]},{"index":5,"id":30046988,"category":"夜市小吃/市場","city":"臺中市","area":"豐原區","market_name":"豐原第一公有零售市場","market_address":"臺中市豐原區市前街88號","shop":"豐原第一公有零售市場 6","pay_list":["台灣 PAY","街口支付","LINE Pay Money"],"zone":"中彰投","user":"巫宗旻","pay_tool":["行動支付"]},{"index":6,"id":30047012,"category":"夜市小吃/市場","city":"臺中市","area":"豐原區","market_name":"豐原第一公有零售市場","market_address":"臺中市豐原區市前街88號","shop":"豐原第一公有零售市場 35","pay_list":["台灣 PAY","街口支付","LINE Pay Money"],"zone":"中彰投","user":"曾富妹","pay_tool":["行動支付"]},{"index":7,"id":30047019,"category":"夜市小吃/市場","city":"臺中市","area":"豐原區","market_name":"豐原第一公有零售市場","market_address":"臺中市豐原區市前街88號","shop":"豐原第一公有零售市場 44","pay_list":["台灣 PAY","街口支付","LINE Pay Money"],"zone":"中彰投","user":"莊張?滿","pay_tool":["行動支付"]},{"index":8,"id":30047020,"category":"夜市小吃/市場","city":"臺中市","area":"豐原區","market_name":"豐原第一公有零售市場","market_address":"臺中市豐原區市前街88號","shop":"豐原第一公有零售市場 45","pay_list":["台灣 PAY","街口支付","LINE Pay Money"],"zone":"中彰投","user":"蔣莊秀煖","pay_tool":["行動支付"]},{"index":9,"id":30047021,"category":"夜市小吃/市場","city":"臺中市","area":"豐原區","market_name":"豐原第一公有零售市場","market_address":"臺中市豐原區市前街88號","shop":"豐原第一公有零售市場 46","pay_list":["台灣 PAY","街口支付","LINE Pay Money"],"zone":"中彰投","user":"陳賴碧雲","pay_tool":["行動支付"]},{"index":10,"id":30047022,"category":"夜市小吃/市場","city":"臺中市","area":"豐原區","market_name":"豐原第一公有零售市場","market_address":"臺中市豐原區市前街88號","shop":"豐原第一公有零售市場 47","pay_list":["台灣 PAY","街口支付","LINE Pay Money"],"zone":"中彰投","user":"洪昱君","pay_tool":["行動支付"]},{"index":11,"id":30047023,"category":"夜市小吃/市場","city":"臺中市","area":"豐原區","market_name":"豐原第一公有零售市場","market_address":"臺中市豐原區市前街88號","shop":"豐原第一公有零售市場 48","pay_list":["台灣 PAY","街口支付","LINE Pay Money"],"zone":"中彰投","user":"陳碧宜","pay_tool":["行動支付"]},{"index":12,"id":30047027,"category":"夜市小吃/市場","city":"臺中市","area":"豐原區","market_name":"豐原第一公有零售市場","market_address":"臺中市豐原區市前街88號","shop":"豐原第一公有零售市場 52","pay_list":["台灣 PAY","街口支付","LINE Pay Money"],"zone":"中彰投","user":"林燕若","pay_tool":["行動支付"]},{"index":13,"id":30047029,"category":"夜市小吃/市場","city":"臺中市","area":"豐原區","market_name":"豐原第一公有零售市場","market_address":"臺中市豐原區市前街88號","shop":"豐原第一公有零售市場 54","pay_list":["台灣 PAY","街口支付","LINE Pay Money"],"zone":"中彰投","user":"林明姿","pay_tool":["行動支付"]},{"index":14,"id":30047082,"category":"夜市小吃/市場","city":"臺中市","area":"豐原區","market_name":"豐原第一公有零售市場","market_address":"臺中市豐原區市前街88號","shop":"豐原第一公有零售市場 108","pay_list":["台灣 PAY","街口支付","LINE Pay Money"],"zone":"中彰投","user":"劉淑雲","pay_tool":["行動支付"]},{"index":15,"id":30047086,"category":"夜市小吃/市場","city":"臺中市","area":"豐原區","market_name":"豐原第一公有零售市場","market_address":"臺中市豐原區市前街88號","shop":"豐原第一公有零售市場 111","pay_list":["台灣 PAY","街口支付","LINE Pay Money"],"zone":"中彰投","user":"王生傳","pay_tool":["行動支付"]},{"index":16,"id":30047090,"category":"夜市小吃/市場","city":"臺中市","area":"豐原區","market_name":"豐原第一公有零售市場","market_address":"臺中市豐原區市前街88號","shop":"豐原第一公有零售市場 115","pay_list":["台灣 PAY","街口支付","LINE Pay Money"],"zone":"中彰投","user":"洪正雄","pay_tool":["行動支付"]},{"index":17,"id":30047120,"category":"夜市小吃/市場","city":"臺中市","area":"豐原區","market_name":"豐原第一公有零售市場","market_address":"臺中市豐原區市前街88號","shop":"豐原第一公有零售市場 142","pay_list":["台灣 PAY","街口支付","LINE Pay Money"],"zone":"中彰投","user":"林宜蓁","pay_tool":["行動支付"]},{"index":18,"id":30047133,"category":"夜市小吃/市場","city":"臺中市","area":"豐原區","market_name":"豐原第一公有零售市場","market_address":"臺中市豐原區市前街88號","shop":"豐原第一公有零售市場 155","pay_list":["台灣 PAY","街口支付","LINE Pay Money"],"zone":"中彰投","user":"李慧穎","pay_tool":["行動支付"]},{"index":19,"id":30047134,"category":"夜市小吃/市場","city":"臺中市","area":"豐原區","market_name":"豐原第一公有零售市場","market_address":"臺中市豐原區市前街88號","shop":"豐原第一公有零售市場 156","pay_list":["台灣 PAY","街口支付","LINE Pay Money"],"zone":"中彰投","user":"李浩遠","pay_tool":["行動支付"]},{"index":20,"id":30047138,"category":"夜市小吃/市場","city":"臺中市","area":"豐原區","market_name":"豐原第一公有零售市場","market_address":"臺中市豐原區市前街88號","shop":"豐原第一公有零售市場 160","pay_list":["台灣 PAY","街口支付","LINE Pay Money"],"zone":"中彰投","user":"黃朝儀","pay_tool":["行動支付"]},{"index":21,"id":30047140,"category":"夜市小吃/市場","city":"臺中市","area":"豐原區","market_name":"豐原第一公有零售市場","market_address":"臺中市豐原區市前街88號","shop":"豐原第一公有零售市場 161","pay_list":["台灣 PAY","街口支付","LINE Pay Money"],"zone":"中彰投","user":"黃林幸","pay_tool":["行動支付"]},{"index":22,"id":30047141,"category":"夜市小吃/市場","city":"臺中市","area":"豐原區","market_name":"豐原第一公有零售市場","market_address":"臺中市豐原區市前街88號","shop":"豐原第一公有零售市場 162","pay_list":["台灣 PAY","街口支付","LINE Pay Money"],"zone":"中彰投","user":"盧東孝","pay_tool":["行動支付"]},{"index":23,"id":30047142,"category":"夜市小吃/市場","city":"臺中市","area":"豐原區","market_name":"豐原第一公有零售市場","market_address":"臺中市豐原區市前街88號","shop":"豐原第一公有零售市場 163","pay_list":["台灣 PAY","街口支付","LINE Pay Money"],"zone":"中彰投","user":"盧東義","pay_tool":["行動支付"]},{"index":24,"id":30047143,"category":"夜市小吃/市場","city":"臺中市","area":"豐原區","market_name":"豐原第一公有零售市場","market_address":"臺中市豐原區市前街88號","shop":"豐原第一公有零售市場 164","pay_list":["台灣 PAY","街口支付","LINE Pay Money"],"zone":"中彰投","user":"黃信億","pay_tool":["行動支付"]},{"index":25,"id":30047144,"category":"夜市小吃/市場","city":"臺中市","area":"豐原區","market_name":"豐原第一公有零售市場","market_address":"臺中市豐原區市前街88號","shop":"豐原第一公有零售市場 165","pay_list":["台灣 PAY","街口支付","LINE Pay Money"],"zone":"中彰投","user":"黃信億","pay_tool":["行動支付"]},{"index":26,"id":30047145,"category":"夜市小吃/市場","city":"臺中市","area":"豐原區","market_name":"豐原第一公有零售市場","market_address":"臺中市豐原區市前街88號","shop":"豐原第一公有零售市場 166","pay_list":["台灣 PAY","街口支付","LINE Pay Money"],"zone":"中彰投","user":"顏金燦","pay_tool":["行動支付"]},{"index":27,"id":30047146,"category":"夜市小吃/市場","city":"臺中市","area":"豐原區","market_name":"豐原第一公有零售市場","market_address":"臺中市豐原區市前街88號","shop":"豐原第一公有零售市場 167","pay_list":["台灣 PAY","街口支付","LINE Pay Money"],"zone":"中彰投","user":"顏良武","pay_tool":["行動支付"]},{"index":28,"id":30047151,"category":"夜市小吃/市場","city":"臺中市","area":"豐原區","market_name":"豐原第一公有零售市場","market_address":"臺中市豐原區市前街88號","shop":"豐原第一公有零售市場 172","pay_list":["台灣 PAY","街口支付","LINE Pay Money"],"zone":"中彰投","user":"謝秉穎","pay_tool":["行動支付"]},{"index":29,"id":30047152,"category":"夜市小吃/市場","city":"臺中市","area":"豐原區","market_name":"豐原第一公有零售市場","market_address":"臺中市豐原區市前街88號","shop":"豐原第一公有零售市場 173","pay_list":["台灣 PAY","街口支付","LINE Pay Money"],"zone":"中彰投","user":"曾鈺釵","pay_tool":["行動支付"]},{"index":30,"id":30047153,"category":"夜市小吃/市場","city":"臺中市","area":"豐原區","market_name":"豐原第一公有零售市場","market_address":"臺中市豐原區市前街88號","shop":"豐原第一公有零售市場 174","pay_list":["台灣 PAY","街口支付","LINE Pay Money"],"zone":"中彰投","user":"呂昆霖","pay_tool":["行動支付"]},{"index":31,"id":30047154,"category":"夜市小吃/市場","city":"臺中市","area":"豐原區","market_name":"豐原第一公有零售市場","market_address":"臺中市豐原區市前街88號","shop":"豐原第一公有零售市場 175","pay_list":["台灣 PAY","街口支付","LINE Pay Money"],"zone":"中彰投","user":"賴桂蓮","pay_tool":["行動支付"]},{"index":32,"id":30047155,"category":"夜市小吃/市場","city":"臺中市","area":"豐原區","market_name":"豐原第一公有零售市場","market_address":"臺中市豐原區市前街88號","shop":"豐原第一公有零售市場 176","pay_list":["台灣 PAY","街口支付","LINE Pay Money"],"zone":"中彰投","user":"施王秀花","pay_tool":["行動支付"]},{"index":33,"id":30047168,"category":"夜市小吃/市場","city":"臺中市","area":"豐原區","market_name":"豐原第一公有零售市場","market_address":"臺中市豐原區市前街88號","shop":"豐原第一公有零售市場 189","pay_list":["台灣 PAY","街口支付","LINE Pay Money"],"zone":"中彰投","user":"丁水春","pay_tool":["行動支付"]},{"index":34,"id":30047171,"category":"夜市小吃/市場","city":"臺中市","area":"豐原區","market_name":"豐原第一公有零售市場","market_address":"臺中市豐原區市前街88號","shop":"豐原第一公有零售市場 191","pay_list":["台灣 PAY","街口支付","LINE Pay Money"],"zone":"中彰投","user":"盧韋成","pay_tool":["行動支付"]},{"index":35,"id":30047174,"category":"夜市小吃/市場","city":"臺中市","area":"豐原區","market_name":"豐原第一公有零售市場","market_address":"臺中市豐原區市前街88號","shop":"豐原第一公有零售市場 196","pay_list":["台灣 PAY","街口支付","LINE Pay Money"],"zone":"中彰投","user":"林侒僮","pay_tool":["行動支付"]},{"index":36,"id":30047176,"category":"夜市小吃/市場","city":"臺中市","area":"豐原區","market_name":"豐原第一公有零售市場","market_address":"臺中市豐原區市前街88號","shop":"豐原第一公有零售市場 198","pay_list":["台灣 PAY","街口支付","LINE Pay Money"],"zone":"中彰投","user":"劉國治","pay_tool":["行動支付"]},{"index":37,"id":30047177,"category":"夜市小吃/市場","city":"臺中市","area":"豐原區","market_name":"豐原第一公有零售市場","market_address":"臺中市豐原區市前街88號","shop":"豐原第一公有零售市場 199","pay_list":["台灣 PAY","街口支付","LINE Pay Money"],"zone":"中彰投","user":"徐健豪","pay_tool":["行動支付"]},{"index":38,"id":30047178,"category":"夜市小吃/市場","city":"臺中市","area":"豐原區","market_name":"豐原第一公有零售市場","market_address":"臺中市豐原區市前街88號","shop":"豐原第一公有零售市場 200","pay_list":["台灣 PAY","街口支付","LINE Pay Money"],"zone":"中彰投","user":"李淑春","pay_tool":["行動支付"]},{"index":39,"id":30047197,"category":"夜市小吃/市場","city":"臺中市","area":"豐原區","market_name":"豐原第一公有零售市場","market_address":"臺中市豐原區市前街88號","shop":"豐原第一公有零售市場 218","pay_list":["台灣 PAY","街口支付","LINE Pay Money"],"zone":"中彰投","user":"陳君菱","pay_tool":["行動支付"]},{"index":40,"id":30047198,"category":"夜市小吃/市場","city":"臺中市","area":"豐原區","market_name":"豐原第一公有零售市場","market_address":"臺中市豐原區市前街88號","shop":"豐原第一公有零售市場 219","pay_list":["台灣 PAY","街口支付","LINE Pay Money"],"zone":"中彰投","user":"陳素貞","pay_tool":["行動支付"]},{"index":41,"id":30047226,"category":"夜市小吃/市場","city":"臺中市","area":"豐原區","market_name":"豐原第一公有零售市場","market_address":"臺中市豐原區市前街88號","shop":"豐原第一公有零售市場 256","pay_list":["台灣 PAY","街口支付","LINE Pay Money"],"zone":"中彰投","user":"蔡瑋仁","pay_tool":["行動支付"]},{"index":42,"id":30047227,"category":"夜市小吃/市場","city":"臺中市","area":"豐原區","market_name":"豐原第一公有零售市場","market_address":"臺中市豐原區市前街88號","shop":"豐原第一公有零售市場 257","pay_list":["台灣 PAY","街口支付","LINE Pay Money"],"zone":"中彰投","user":"蔡瑋仁","pay_tool":["行動支付"]},{"index":43,"id":30047234,"category":"夜市小吃/市場","city":"臺中市","area":"豐原區","market_name":"豐原第一公有零售市場","market_address":"臺中市豐原區市前街88號","shop":"豐原第一公有零售市場 263","pay_list":["台灣 PAY","街口支付","LINE Pay Money"],"zone":"中彰投","user":"蔡燕雪","pay_tool":["行動支付"]},{"index":44,"id":40000035,"category":"夜市小吃/市場","city":"臺中市","area":"豐原區","market_name":"味榮食品工業股份有限公司","market_address":"臺中市豐原區三村里西勢路701號","shop":"味榮食品工業股份有限公司 台灣味噌釀造文化館","pay_list":["台灣 PAY"],"zone":"中彰投","user":"","pay_tool":["行動支付"]}]