[{"index":1,"shop":"梧棲第一公有零售市場-阿寬苜蓿芽捲/春捲皮","zone":"中彰投","city":"臺中市","area":"梧棲區","market_address":"臺中市梧棲區雲集街2號","user":"吳本芳","行業代號":null,"market_name":"梧棲第一公有零售市場","行業代號1":null,"名稱1":null,"行業代號2":null,"名稱2":null,"行業代號3":null,"名稱3":null,"category":"夜市/市場攤販","id":10035571,"pay_list":"","pay_tool":""},{"index":2,"shop":"梧棲第一公有零售市場-阿寬苜蓿芽捲/春捲皮","zone":"中彰投","city":"臺中市","area":"梧棲區","market_address":"臺中市梧棲區雲集街2號","user":"李瑞稽","行業代號":null,"market_name":"梧棲第一公有零售市場","行業代號1":null,"名稱1":null,"行業代號2":null,"名稱2":null,"行業代號3":null,"名稱3":null,"category":"夜市/市場攤販","id":10035572,"pay_list":"","pay_tool":""},{"index":3,"shop":"梧棲第一公有零售市場-阿雲小吃店","zone":"中彰投","city":"臺中市","area":"梧棲區","market_address":"臺中市梧棲區雲集街2號","user":"李  日","行業代號":null,"market_name":"梧棲第一公有零售市場","行業代號1":null,"名稱1":null,"行業代號2":null,"名稱2":null,"行業代號3":null,"名稱3":null,"category":"夜市/市場攤販","id":10035573,"pay_list":"","pay_tool":""},{"index":4,"shop":"梧棲第一公有零售市場-阿雲小吃店","zone":"中彰投","city":"臺中市","area":"梧棲區","market_address":"臺中市梧棲區雲集街2號","user":"李啟瑞","行業代號":null,"market_name":"梧棲第一公有零售市場","行業代號1":null,"名稱1":null,"行業代號2":null,"名稱2":null,"行業代號3":null,"名稱3":null,"category":"夜市/市場攤販","id":10035574,"pay_list":"","pay_tool":""},{"index":5,"shop":"梧棲第一公有零售市場-阿雲小吃店","zone":"中彰投","city":"臺中市","area":"梧棲區","market_address":"臺中市梧棲區雲集街2號","user":"林金枝","行業代號":null,"market_name":"梧棲第一公有零售市場","行業代號1":null,"名稱1":null,"行業代號2":null,"名稱2":null,"行業代號3":null,"名稱3":null,"category":"夜市/市場攤販","id":10035575,"pay_list":"","pay_tool":""},{"index":6,"shop":"梧棲第一公有零售市場-儷青e店","zone":"中彰投","city":"臺中市","area":"梧棲區","market_address":"臺中市梧棲區雲集街2號","user":"李師賢","行業代號":null,"market_name":"梧棲第一公有零售市場","行業代號1":null,"名稱1":null,"行業代號2":null,"名稱2":null,"行業代號3":null,"名稱3":null,"category":"夜市/市場攤販","id":10035576,"pay_list":"","pay_tool":""},{"index":7,"shop":"梧棲第一公有零售市場-雞.鴨.鵝肉專賣店","zone":"中彰投","city":"臺中市","area":"梧棲區","market_address":"臺中市梧棲區雲集街2號","user":"陳志賢","行業代號":null,"market_name":"梧棲第一公有零售市場","行業代號1":null,"名稱1":null,"行業代號2":null,"名稱2":null,"行業代號3":null,"名稱3":null,"category":"夜市/市場攤販","id":10035577,"pay_list":"","pay_tool":""},{"index":8,"shop":"梧棲第一公有零售市場-蒜頭.薑母.紅蔥頭.糖果.餅乾","zone":"中彰投","city":"臺中市","area":"梧棲區","market_address":"臺中市梧棲區雲集街2號","user":"王淑女","行業代號":null,"market_name":"梧棲第一公有零售市場","行業代號1":null,"名稱1":null,"行業代號2":null,"名稱2":null,"行業代號3":null,"名稱3":null,"category":"夜市/市場攤販","id":10035578,"pay_list":"","pay_tool":""},{"index":9,"shop":"梧棲第一公有零售市場-傳興行","zone":"中彰投","city":"臺中市","area":"梧棲區","market_address":"臺中市梧棲區雲集街2號","user":"薛翠瑤","行業代號":null,"market_name":"梧棲第一公有零售市場","行業代號1":null,"名稱1":null,"行業代號2":null,"名稱2":null,"行業代號3":null,"名稱3":null,"category":"夜市/市場攤販","id":10035579,"pay_list":"","pay_tool":""},{"index":10,"shop":"梧棲第一公有零售市場-中港大麵店","zone":"中彰投","city":"臺中市","area":"梧棲區","market_address":"臺中市梧棲區雲集街2號","user":"卓健文","行業代號":null,"market_name":"梧棲第一公有零售市場","行業代號1":null,"名稱1":null,"行業代號2":null,"名稱2":null,"行業代號3":null,"名稱3":null,"category":"夜市/市場攤販","id":10035580,"pay_list":"","pay_tool":""},{"index":11,"shop":"梧棲第一公有零售市場-傳興行","zone":"中彰投","city":"臺中市","area":"梧棲區","market_address":"臺中市梧棲區雲集街2號","user":"楊阿蘭","行業代號":null,"market_name":"梧棲第一公有零售市場","行業代號1":null,"名稱1":null,"行業代號2":null,"名稱2":null,"行業代號3":null,"名稱3":null,"category":"夜市/市場攤販","id":10035582,"pay_list":"","pay_tool":""},{"index":12,"shop":"梧棲第一公有零售市場-傳興行","zone":"中彰投","city":"臺中市","area":"梧棲區","market_address":"臺中市梧棲區雲集街2號","user":"薛政賢","行業代號":null,"market_name":"梧棲第一公有零售市場","行業代號1":null,"名稱1":null,"行業代號2":null,"名稱2":null,"行業代號3":null,"名稱3":null,"category":"夜市/市場攤販","id":10035583,"pay_list":"","pay_tool":""},{"index":13,"shop":"梧棲第一公有零售市場-羅梧棲貢丸","zone":"中彰投","city":"臺中市","area":"梧棲區","market_address":"臺中市梧棲區雲集街2號","user":"陳勝其","行業代號":null,"market_name":"梧棲第一公有零售市場","行業代號1":null,"名稱1":null,"行業代號2":null,"名稱2":null,"行業代號3":null,"名稱3":null,"category":"夜市/市場攤販","id":10035584,"pay_list":"","pay_tool":""},{"index":14,"shop":"梧棲第一公有零售市場-羅梧棲貢丸","zone":"中彰投","city":"臺中市","area":"梧棲區","market_address":"臺中市梧棲區雲集街2號","user":"羅育倫","行業代號":null,"market_name":"梧棲第一公有零售市場","行業代號1":null,"名稱1":null,"行業代號2":null,"名稱2":null,"行業代號3":null,"名稱3":null,"category":"夜市/市場攤販","id":10035585,"pay_list":"","pay_tool":""},{"index":15,"shop":"梧棲第一公有零售市場-滿家園肉鬆","zone":"中彰投","city":"臺中市","area":"梧棲區","market_address":"臺中市梧棲區雲集街2號","user":"黃林木","行業代號":null,"market_name":"梧棲第一公有零售市場","行業代號1":null,"名稱1":null,"行業代號2":null,"名稱2":null,"行業代號3":null,"名稱3":null,"category":"夜市/市場攤販","id":10035586,"pay_list":"","pay_tool":""},{"index":16,"shop":"梧棲第一公有零售市場-涼麵˙面霜","zone":"中彰投","city":"臺中市","area":"梧棲區","market_address":"臺中市梧棲區雲集街2號","user":"李淑碧","行業代號":null,"market_name":"梧棲第一公有零售市場","行業代號1":null,"名稱1":null,"行業代號2":null,"名稱2":null,"行業代號3":null,"名稱3":null,"category":"夜市/市場攤販","id":10035587,"pay_list":"","pay_tool":""},{"index":17,"shop":"梧棲第一公有零售市場-阿票修改服飾","zone":"中彰投","city":"臺中市","area":"梧棲區","market_address":"臺中市梧棲區雲集街2號","user":"許票","行業代號":null,"market_name":"梧棲第一公有零售市場","行業代號1":null,"名稱1":null,"行業代號2":null,"名稱2":null,"行業代號3":null,"名稱3":null,"category":"夜市/市場攤販","id":10035588,"pay_list":"","pay_tool":""},{"index":18,"shop":"梧棲第一公有零售市場-雙餘堂壽司專賣店","zone":"中彰投","city":"臺中市","area":"梧棲區","market_address":"臺中市梧棲區雲集街2號","user":"蔡月卿","行業代號":null,"market_name":"梧棲第一公有零售市場","行業代號1":null,"名稱1":null,"行業代號2":null,"名稱2":null,"行業代號3":null,"名稱3":null,"category":"夜市/市場攤販","id":10035589,"pay_list":"","pay_tool":""},{"index":19,"shop":"梧棲第一公有零售市場-巧馥食品行","zone":"中彰投","city":"臺中市","area":"梧棲區","market_address":"臺中市梧棲區雲集街2號","user":"李洽長","行業代號":null,"market_name":"梧棲第一公有零售市場","行業代號1":null,"名稱1":null,"行業代號2":null,"名稱2":null,"行業代號3":null,"名稱3":null,"category":"夜市/市場攤販","id":10035590,"pay_list":"","pay_tool":""},{"index":20,"shop":"梧棲第一公有零售市場-賴涼菜攤冷凍食品","zone":"中彰投","city":"臺中市","area":"梧棲區","market_address":"臺中市梧棲區雲集街2號","user":"林沛璇","行業代號":null,"market_name":"梧棲第一公有零售市場","行業代號1":null,"名稱1":null,"行業代號2":null,"名稱2":null,"行業代號3":null,"名稱3":null,"category":"夜市/市場攤販","id":10035591,"pay_list":"","pay_tool":""},{"index":21,"shop":"梧棲第一公有零售市場-賴涼菜攤冷凍食品","zone":"中彰投","city":"臺中市","area":"梧棲區","market_address":"臺中市梧棲區雲集街2號","user":"蔡淑姿","行業代號":null,"market_name":"梧棲第一公有零售市場","行業代號1":null,"名稱1":null,"行業代號2":null,"名稱2":null,"行業代號3":null,"名稱3":null,"category":"夜市/市場攤販","id":10035593,"pay_list":"","pay_tool":""},{"index":22,"shop":"梧棲第一公有零售市場-素食","zone":"中彰投","city":"臺中市","area":"梧棲區","market_address":"臺中市梧棲區雲集街2號","user":"呂宏謨","行業代號":null,"market_name":"梧棲第一公有零售市場","行業代號1":null,"名稱1":null,"行業代號2":null,"名稱2":null,"行業代號3":null,"名稱3":null,"category":"夜市/市場攤販","id":10035594,"pay_list":"","pay_tool":""},{"index":23,"shop":"梧棲第一公有零售市場-丸華鮮魚號","zone":"中彰投","city":"臺中市","area":"梧棲區","market_address":"臺中市梧棲區雲集街2號","user":"顏振隆","行業代號":null,"market_name":"梧棲第一公有零售市場","行業代號1":null,"名稱1":null,"行業代號2":null,"名稱2":null,"行業代號3":null,"名稱3":null,"category":"夜市/市場攤販","id":10035595,"pay_list":"","pay_tool":""},{"index":24,"shop":"梧棲第一公有零售市場-丸華鮮魚號","zone":"中彰投","city":"臺中市","area":"梧棲區","market_address":"臺中市梧棲區雲集街2號","user":"楊知勉","行業代號":null,"market_name":"梧棲第一公有零售市場","行業代號1":null,"名稱1":null,"行業代號2":null,"名稱2":null,"行業代號3":null,"名稱3":null,"category":"夜市/市場攤販","id":10035596,"pay_list":"","pay_tool":""},{"index":25,"shop":"梧棲第一公有零售市場-空白","zone":"中彰投","city":"臺中市","area":"梧棲區","market_address":"臺中市梧棲區雲集街2號","user":"柯鳳琪","行業代號":null,"market_name":"梧棲第一公有零售市場","行業代號1":null,"名稱1":null,"行業代號2":null,"名稱2":null,"行業代號3":null,"名稱3":null,"category":"夜市/市場攤販","id":10035597,"pay_list":"","pay_tool":""},{"index":26,"shop":"梧棲第一公有零售市場-雞.鴨.鵝肉專賣店","zone":"中彰投","city":"臺中市","area":"梧棲區","market_address":"臺中市梧棲區雲集街2號","user":"陳岳群","行業代號":null,"market_name":"梧棲第一公有零售市場","行業代號1":null,"名稱1":null,"行業代號2":null,"名稱2":null,"行業代號3":null,"名稱3":null,"category":"夜市/市場攤販","id":10035598,"pay_list":"","pay_tool":""},{"index":27,"shop":"梧棲第一公有零售市場-雲龍商店","zone":"中彰投","city":"臺中市","area":"梧棲區","market_address":"臺中市梧棲區雲集街2號","user":"林文鴻","行業代號":null,"market_name":"梧棲第一公有零售市場","行業代號1":null,"名稱1":null,"行業代號2":null,"名稱2":null,"行業代號3":null,"名稱3":null,"category":"夜市/市場攤販","id":10035599,"pay_list":"","pay_tool":""},{"index":28,"shop":"梧棲第一公有零售市場-雲龍商店","zone":"中彰投","city":"臺中市","area":"梧棲區","market_address":"臺中市梧棲區雲集街2號","user":"王瑞美","行業代號":null,"market_name":"梧棲第一公有零售市場","行業代號1":null,"名稱1":null,"行業代號2":null,"名稱2":null,"行業代號3":null,"名稱3":null,"category":"夜市/市場攤販","id":10035600,"pay_list":"","pay_tool":""},{"index":29,"shop":"梧棲第一公有零售市場-空白","zone":"中彰投","city":"臺中市","area":"梧棲區","market_address":"臺中市梧棲區雲集街2號","user":"李啟裕","行業代號":null,"market_name":"梧棲第一公有零售市場","行業代號1":null,"名稱1":null,"行業代號2":null,"名稱2":null,"行業代號3":null,"名稱3":null,"category":"夜市/市場攤販","id":10035601,"pay_list":"","pay_tool":""},{"index":30,"shop":"梧棲第一公有零售市場-善緣坊素食","zone":"中彰投","city":"臺中市","area":"梧棲區","market_address":"臺中市梧棲區雲集街2號","user":"紀政宏","行業代號":null,"market_name":"梧棲第一公有零售市場","行業代號1":null,"名稱1":null,"行業代號2":null,"名稱2":null,"行業代號3":null,"名稱3":null,"category":"夜市/市場攤販","id":10035602,"pay_list":"","pay_tool":""},{"index":31,"shop":"梧棲第一公有零售市場-各種林海鮮","zone":"中彰投","city":"臺中市","area":"梧棲區","market_address":"臺中市梧棲區雲集街2號","user":"許美麗","行業代號":null,"market_name":"梧棲第一公有零售市場","行業代號1":null,"名稱1":null,"行業代號2":null,"名稱2":null,"行業代號3":null,"名稱3":null,"category":"夜市/市場攤販","id":10035605,"pay_list":"","pay_tool":""},{"index":32,"shop":"梧棲第一公有零售市場-中港製麵廠","zone":"中彰投","city":"臺中市","area":"梧棲區","market_address":"臺中市梧棲區雲集街2號","user":"卓江淑如","行業代號":null,"market_name":"梧棲第一公有零售市場","行業代號1":null,"名稱1":null,"行業代號2":null,"名稱2":null,"行業代號3":null,"名稱3":null,"category":"夜市/市場攤販","id":10035606,"pay_list":"","pay_tool":""},{"index":33,"shop":"梧棲第一公有零售市場-龍鳳服飾","zone":"中彰投","city":"臺中市","area":"梧棲區","market_address":"臺中市梧棲區雲集街2號","user":"蔡陳淑鳳","行業代號":null,"market_name":"梧棲第一公有零售市場","行業代號1":null,"名稱1":null,"行業代號2":null,"名稱2":null,"行業代號3":null,"名稱3":null,"category":"夜市/市場攤販","id":10035607,"pay_list":"","pay_tool":""},{"index":34,"shop":"梧棲第一公有零售市場-各種林海鮮","zone":"中彰投","city":"臺中市","area":"梧棲區","market_address":"臺中市梧棲區雲集街2號","user":"林淑芬","行業代號":null,"market_name":"梧棲第一公有零售市場","行業代號1":null,"名稱1":null,"行業代號2":null,"名稱2":null,"行業代號3":null,"名稱3":null,"category":"夜市/市場攤販","id":10035608,"pay_list":"","pay_tool":""},{"index":35,"shop":"梧棲第一公有零售市場-歌王豆花.粉圓.綜合豆花","zone":"中彰投","city":"臺中市","area":"梧棲區","market_address":"臺中市梧棲區雲集街2號","user":"陳瑞佶","行業代號":null,"market_name":"梧棲第一公有零售市場","行業代號1":null,"名稱1":null,"行業代號2":null,"名稱2":null,"行業代號3":null,"名稱3":null,"category":"夜市/市場攤販","id":10035609,"pay_list":"","pay_tool":""},{"index":36,"shop":"梧棲第一公有零售市場-瑜安洋行(幸福服飾)","zone":"中彰投","city":"臺中市","area":"梧棲區","market_address":"臺中市梧棲區雲集街2號","user":"林妍筑","行業代號":null,"market_name":"梧棲第一公有零售市場","行業代號1":null,"名稱1":null,"行業代號2":null,"名稱2":null,"行業代號3":null,"名稱3":null,"category":"夜市/市場攤販","id":10035610,"pay_list":"","pay_tool":""},{"index":37,"shop":"梧棲第一公有零售市場-168尚好吃雞肉","zone":"中彰投","city":"臺中市","area":"梧棲區","market_address":"臺中市梧棲區雲集街2號","user":"林佳玲","行業代號":null,"market_name":"梧棲第一公有零售市場","行業代號1":null,"名稱1":null,"行業代號2":null,"名稱2":null,"行業代號3":null,"名稱3":null,"category":"夜市/市場攤販","id":10035611,"pay_list":"","pay_tool":""},{"index":38,"shop":"梧棲第一公有零售市場-168尚好吃雞肉","zone":"中彰投","city":"臺中市","area":"梧棲區","market_address":"臺中市梧棲區雲集街2號","user":"廖振宇","行業代號":null,"market_name":"梧棲第一公有零售市場","行業代號1":null,"名稱1":null,"行業代號2":null,"名稱2":null,"行業代號3":null,"名稱3":null,"category":"夜市/市場攤販","id":10035612,"pay_list":"","pay_tool":""},{"index":39,"shop":"梧棲第一公有零售市場-丫昌豬肉店","zone":"中彰投","city":"臺中市","area":"梧棲區","market_address":"臺中市梧棲區雲集街2號","user":"李婷婷","行業代號":null,"market_name":"梧棲第一公有零售市場","行業代號1":null,"名稱1":null,"行業代號2":null,"名稱2":null,"行業代號3":null,"名稱3":null,"category":"夜市/市場攤販","id":10035613,"pay_list":"","pay_tool":""},{"index":40,"shop":"梧棲第一公有零售市場-丫昌豬肉店","zone":"中彰投","city":"臺中市","area":"梧棲區","market_address":"臺中市梧棲區雲集街2號","user":"李從安","行業代號":null,"market_name":"梧棲第一公有零售市場","行業代號1":null,"名稱1":null,"行業代號2":null,"名稱2":null,"行業代號3":null,"名稱3":null,"category":"夜市/市場攤販","id":10035614,"pay_list":"","pay_tool":""},{"index":41,"shop":"梧棲第一公有零售市場-清水家","zone":"中彰投","city":"臺中市","area":"梧棲區","market_address":"臺中市梧棲區雲集街2號","user":"童照霖","行業代號":null,"market_name":"梧棲第一公有零售市場","行業代號1":null,"名稱1":null,"行業代號2":null,"名稱2":null,"行業代號3":null,"名稱3":null,"category":"夜市/市場攤販","id":10035616,"pay_list":"","pay_tool":""},{"index":42,"shop":"梧棲第一公有零售市場-丫昌豬肉店","zone":"中彰投","city":"臺中市","area":"梧棲區","market_address":"臺中市梧棲區雲集街2號","user":"李志昌","行業代號":null,"market_name":"梧棲第一公有零售市場","行業代號1":null,"名稱1":null,"行業代號2":null,"名稱2":null,"行業代號3":null,"名稱3":null,"category":"夜市/市場攤販","id":10035617,"pay_list":"","pay_tool":""},{"index":43,"shop":"梧棲第一公有零售市場-新鮮蔬果/美味可口","zone":"中彰投","city":"臺中市","area":"梧棲區","market_address":"臺中市梧棲區雲集街2號","user":"紀欽議","行業代號":null,"market_name":"梧棲第一公有零售市場","行業代號1":null,"名稱1":null,"行業代號2":null,"名稱2":null,"行業代號3":null,"名稱3":null,"category":"夜市/市場攤販","id":10035618,"pay_list":"","pay_tool":""},{"index":44,"shop":"梧棲第一公有零售市場-楊","zone":"中彰投","city":"臺中市","area":"梧棲區","market_address":"臺中市梧棲區雲集街2號","user":"莊金精","行業代號":null,"market_name":"梧棲第一公有零售市場","行業代號1":null,"名稱1":null,"行業代號2":null,"名稱2":null,"行業代號3":null,"名稱3":null,"category":"夜市/市場攤販","id":10035619,"pay_list":"","pay_tool":""},{"index":45,"shop":"梧棲第一公有零售市場-長興果菜","zone":"中彰投","city":"臺中市","area":"梧棲區","market_address":"臺中市梧棲區雲集街2號","user":"林易信","行業代號":null,"market_name":"梧棲第一公有零售市場","行業代號1":null,"名稱1":null,"行業代號2":null,"名稱2":null,"行業代號3":null,"名稱3":null,"category":"夜市/市場攤販","id":10035620,"pay_list":"","pay_tool":""},{"index":46,"shop":"梧棲第一公有零售市場-阿生海鮮商行","zone":"中彰投","city":"臺中市","area":"梧棲區","market_address":"臺中市梧棲區雲集街2號","user":"鄒龍雲","行業代號":null,"market_name":"梧棲第一公有零售市場","行業代號1":null,"名稱1":null,"行業代號2":null,"名稱2":null,"行業代號3":null,"名稱3":null,"category":"夜市/市場攤販","id":10035621,"pay_list":"","pay_tool":""},{"index":47,"shop":"梧棲第一公有零售市場-雅堂軒精品店","zone":"中彰投","city":"臺中市","area":"梧棲區","market_address":"臺中市梧棲區雲集街2號","user":"王淑麗","行業代號":null,"market_name":"梧棲第一公有零售市場","行業代號1":null,"名稱1":null,"行業代號2":null,"名稱2":null,"行業代號3":null,"名稱3":null,"category":"夜市/市場攤販","id":10035622,"pay_list":"","pay_tool":""},{"index":48,"shop":"梧棲第一公有零售市場-Melissa童舖","zone":"中彰投","city":"臺中市","area":"梧棲區","market_address":"臺中市梧棲區雲集街2號","user":"王淑銀","行業代號":null,"market_name":"梧棲第一公有零售市場","行業代號1":null,"名稱1":null,"行業代號2":null,"名稱2":null,"行業代號3":null,"名稱3":null,"category":"夜市/市場攤販","id":10035623,"pay_list":"","pay_tool":""},{"index":49,"shop":"梧棲第一公有零售市場-長興果菜","zone":"中彰投","city":"臺中市","area":"梧棲區","market_address":"臺中市梧棲區雲集街2號","user":"林英能","行業代號":null,"market_name":"梧棲第一公有零售市場","行業代號1":null,"名稱1":null,"行業代號2":null,"名稱2":null,"行業代號3":null,"名稱3":null,"category":"夜市/市場攤販","id":10035624,"pay_list":"","pay_tool":""},{"index":50,"shop":"梧棲第一公有零售市場-蔬菜水果行","zone":"中彰投","city":"臺中市","area":"梧棲區","market_address":"臺中市梧棲區雲集街2號","user":"蔡振弘","行業代號":null,"market_name":"梧棲第一公有零售市場","行業代號1":null,"名稱1":null,"行業代號2":null,"名稱2":null,"行業代號3":null,"名稱3":null,"category":"夜市/市場攤販","id":10035625,"pay_list":"","pay_tool":""},{"index":51,"shop":"梧棲第一公有零售市場-蔬菜水果行零售批發","zone":"中彰投","city":"臺中市","area":"梧棲區","market_address":"臺中市梧棲區雲集街2號","user":"張素鈴","行業代號":null,"market_name":"梧棲第一公有零售市場","行業代號1":null,"名稱1":null,"行業代號2":null,"名稱2":null,"行業代號3":null,"名稱3":null,"category":"夜市/市場攤販","id":10035627,"pay_list":"","pay_tool":""},{"index":52,"shop":"梧棲第一公有零售市場-蔬菜水果行零售批發","zone":"中彰投","city":"臺中市","area":"梧棲區","market_address":"臺中市梧棲區雲集街2號","user":"蔡羽絜","行業代號":null,"market_name":"梧棲第一公有零售市場","行業代號1":null,"名稱1":null,"行業代號2":null,"名稱2":null,"行業代號3":null,"名稱3":null,"category":"夜市/市場攤販","id":10035628,"pay_list":"","pay_tool":""},{"index":53,"shop":"梧棲第一公有零售市場-空白","zone":"中彰投","city":"臺中市","area":"梧棲區","market_address":"臺中市梧棲區雲集街2號","user":"黃御嵐","行業代號":null,"market_name":"梧棲第一公有零售市場","行業代號1":null,"名稱1":null,"行業代號2":null,"名稱2":null,"行業代號3":null,"名稱3":null,"category":"夜市/市場攤販","id":10035629,"pay_list":"","pay_tool":""},{"index":54,"shop":"梧棲第一公有零售市場-空白","zone":"中彰投","city":"臺中市","area":"梧棲區","market_address":"臺中市梧棲區雲集街2號","user":"紀金鐘","行業代號":null,"market_name":"梧棲第一公有零售市場","行業代號1":null,"名稱1":null,"行業代號2":null,"名稱2":null,"行業代號3":null,"名稱3":null,"category":"夜市/市場攤販","id":10035630,"pay_list":"","pay_tool":""},{"index":55,"shop":"梧棲第一公有零售市場-善緣坊素食","zone":"中彰投","city":"臺中市","area":"梧棲區","market_address":"臺中市梧棲區雲集街2號","user":"紀美蘭","行業代號":null,"market_name":"梧棲第一公有零售市場","行業代號1":null,"名稱1":null,"行業代號2":null,"名稱2":null,"行業代號3":null,"名稱3":null,"category":"夜市/市場攤販","id":10035631,"pay_list":"","pay_tool":""},{"index":56,"shop":"梧棲第一公有零售市場-善緣坊素食","zone":"中彰投","city":"臺中市","area":"梧棲區","market_address":"臺中市梧棲區雲集街2號","user":"鄭彩鳳","行業代號":null,"market_name":"梧棲第一公有零售市場","行業代號1":null,"名稱1":null,"行業代號2":null,"名稱2":null,"行業代號3":null,"名稱3":null,"category":"夜市/市場攤販","id":10035632,"pay_list":"","pay_tool":""},{"index":57,"shop":"梧棲第一公有零售市場-善緣坊素食","zone":"中彰投","city":"臺中市","area":"梧棲區","market_address":"臺中市梧棲區雲集街2號","user":"林儀芳","行業代號":null,"market_name":"梧棲第一公有零售市場","行業代號1":null,"名稱1":null,"行業代號2":null,"名稱2":null,"行業代號3":null,"名稱3":null,"category":"夜市/市場攤販","id":10035633,"pay_list":"","pay_tool":""},{"index":58,"shop":"梧棲第一公有零售市場-蔬菜行","zone":"中彰投","city":"臺中市","area":"梧棲區","market_address":"臺中市梧棲區雲集街2號","user":"陳秀琪","行業代號":null,"market_name":"梧棲第一公有零售市場","行業代號1":null,"名稱1":null,"行業代號2":null,"名稱2":null,"行業代號3":null,"名稱3":null,"category":"夜市/市場攤販","id":10035634,"pay_list":"","pay_tool":""},{"index":59,"shop":"梧棲第一公有零售市場-蔬菜行","zone":"中彰投","city":"臺中市","area":"梧棲區","market_address":"臺中市梧棲區雲集街2號","user":"楊基本","行業代號":null,"market_name":"梧棲第一公有零售市場","行業代號1":null,"名稱1":null,"行業代號2":null,"名稱2":null,"行業代號3":null,"名稱3":null,"category":"夜市/市場攤販","id":10035635,"pay_list":"","pay_tool":""},{"index":60,"shop":"梧棲第一公有零售市場-旺伯正魚","zone":"中彰投","city":"臺中市","area":"梧棲區","market_address":"臺中市梧棲區雲集街2號","user":"紀國平","行業代號":null,"market_name":"梧棲第一公有零售市場","行業代號1":null,"名稱1":null,"行業代號2":null,"名稱2":null,"行業代號3":null,"名稱3":null,"category":"夜市/市場攤販","id":10035636,"pay_list":"","pay_tool":""},{"index":61,"shop":"梧棲第一公有零售市場-阿蜜蔬菜行","zone":"中彰投","city":"臺中市","area":"梧棲區","market_address":"臺中市梧棲區雲集街2號","user":"童乖","行業代號":null,"market_name":"梧棲第一公有零售市場","行業代號1":null,"名稱1":null,"行業代號2":null,"名稱2":null,"行業代號3":null,"名稱3":null,"category":"夜市/市場攤販","id":10035638,"pay_list":"","pay_tool":""},{"index":62,"shop":"梧棲第一公有零售市場-阿蜜蔬菜行","zone":"中彰投","city":"臺中市","area":"梧棲區","market_address":"臺中市梧棲區雲集街2號","user":"謝東穎","行業代號":null,"market_name":"梧棲第一公有零售市場","行業代號1":null,"名稱1":null,"行業代號2":null,"名稱2":null,"行業代號3":null,"名稱3":null,"category":"夜市/市場攤販","id":10035639,"pay_list":"","pay_tool":""},{"index":63,"shop":"梧棲第一公有零售市場-瑞源豆腐廠","zone":"中彰投","city":"臺中市","area":"梧棲區","market_address":"臺中市梧棲區雲集街2號","user":"洪景翔","行業代號":null,"market_name":"梧棲第一公有零售市場","行業代號1":null,"名稱1":null,"行業代號2":null,"名稱2":null,"行業代號3":null,"名稱3":null,"category":"夜市/市場攤販","id":10035640,"pay_list":"","pay_tool":""},{"index":64,"shop":"梧棲第一公有零售市場-瑞源豆腐廠","zone":"中彰投","city":"臺中市","area":"梧棲區","market_address":"臺中市梧棲區雲集街2號","user":"詹吳秀微","行業代號":null,"market_name":"梧棲第一公有零售市場","行業代號1":null,"名稱1":null,"行業代號2":null,"名稱2":null,"行業代號3":null,"名稱3":null,"category":"夜市/市場攤販","id":10035641,"pay_list":"","pay_tool":""},{"index":65,"shop":"梧棲第一公有零售市場-炳津肉舖","zone":"中彰投","city":"臺中市","area":"梧棲區","market_address":"臺中市梧棲區雲集街2號","user":"蔡炳津","行業代號":null,"market_name":"梧棲第一公有零售市場","行業代號1":null,"名稱1":null,"行業代號2":null,"名稱2":null,"行業代號3":null,"名稱3":null,"category":"夜市/市場攤販","id":10035642,"pay_list":"","pay_tool":""},{"index":66,"shop":"梧棲第一公有零售市場-尚介青鮮魚","zone":"中彰投","city":"臺中市","area":"梧棲區","market_address":"臺中市梧棲區雲集街2號","user":"李勝童","行業代號":null,"market_name":"梧棲第一公有零售市場","行業代號1":null,"名稱1":null,"行業代號2":null,"名稱2":null,"行業代號3":null,"名稱3":null,"category":"夜市/市場攤販","id":10035643,"pay_list":"","pay_tool":""},{"index":67,"shop":"梧棲第一公有零售市場-尚介青鮮魚","zone":"中彰投","city":"臺中市","area":"梧棲區","market_address":"臺中市梧棲區雲集街2號","user":"李茂青","行業代號":null,"market_name":"梧棲第一公有零售市場","行業代號1":null,"名稱1":null,"行業代號2":null,"名稱2":null,"行業代號3":null,"名稱3":null,"category":"夜市/市場攤販","id":10035644,"pay_list":"","pay_tool":""},{"index":68,"shop":"梧棲第一公有零售市場-尚介青鮮魚","zone":"中彰投","city":"臺中市","area":"梧棲區","market_address":"臺中市梧棲區雲集街2號","user":"林英發","行業代號":null,"market_name":"梧棲第一公有零售市場","行業代號1":null,"名稱1":null,"行業代號2":null,"名稱2":null,"行業代號3":null,"名稱3":null,"category":"夜市/市場攤販","id":10035645,"pay_list":"","pay_tool":""},{"index":69,"shop":"梧棲第一公有零售市場-丸良鮮魚行","zone":"中彰投","city":"臺中市","area":"梧棲區","market_address":"臺中市梧棲區雲集街2號","user":"顏格良","行業代號":null,"market_name":"梧棲第一公有零售市場","行業代號1":null,"名稱1":null,"行業代號2":null,"名稱2":null,"行業代號3":null,"名稱3":null,"category":"夜市/市場攤販","id":10035646,"pay_list":"","pay_tool":""},{"index":70,"shop":"梧棲第一公有零售市場-新鮮螺類","zone":"中彰投","city":"臺中市","area":"梧棲區","market_address":"臺中市梧棲區雲集街2號","user":"陳添文","行業代號":null,"market_name":"梧棲第一公有零售市場","行業代號1":null,"名稱1":null,"行業代號2":null,"名稱2":null,"行業代號3":null,"名稱3":null,"category":"夜市/市場攤販","id":10035647,"pay_list":"","pay_tool":""},{"index":71,"shop":"梧棲第一公有零售市場-各式海菜","zone":"中彰投","city":"臺中市","area":"梧棲區","market_address":"臺中市梧棲區雲集街2號","user":"陳何盡","行業代號":null,"market_name":"梧棲第一公有零售市場","行業代號1":null,"名稱1":null,"行業代號2":null,"名稱2":null,"行業代號3":null,"名稱3":null,"category":"夜市/市場攤販","id":10035649,"pay_list":"","pay_tool":""},{"index":72,"shop":"梧棲第一公有零售市場-養樂多","zone":"中彰投","city":"臺中市","area":"梧棲區","market_address":"臺中市梧棲區雲集街2號","user":"李珊儀","行業代號":null,"market_name":"梧棲第一公有零售市場","行業代號1":null,"名稱1":null,"行業代號2":null,"名稱2":null,"行業代號3":null,"名稱3":null,"category":"夜市/市場攤販","id":10035650,"pay_list":"","pay_tool":""},{"index":73,"shop":"梧棲第一公有零售市場-丸良鮮魚行","zone":"中彰投","city":"臺中市","area":"梧棲區","market_address":"臺中市梧棲區雲集街2號","user":"顏忠忍","行業代號":null,"market_name":"梧棲第一公有零售市場","行業代號1":null,"名稱1":null,"行業代號2":null,"名稱2":null,"行業代號3":null,"名稱3":null,"category":"夜市/市場攤販","id":10035651,"pay_list":"","pay_tool":""},{"index":74,"shop":"梧棲第一公有零售市場-火鍋王.豬.牛.羊肉","zone":"中彰投","city":"臺中市","area":"梧棲區","market_address":"臺中市梧棲區雲集街2號","user":"王水鴻","行業代號":null,"market_name":"梧棲第一公有零售市場","行業代號1":null,"名稱1":null,"行業代號2":null,"名稱2":null,"行業代號3":null,"名稱3":null,"category":"夜市/市場攤販","id":10035652,"pay_list":"","pay_tool":""},{"index":75,"shop":"梧棲第一公有零售市場-楊","zone":"中彰投","city":"臺中市","area":"梧棲區","market_address":"臺中市梧棲區雲集街2號","user":"詹楊美花","行業代號":null,"market_name":"梧棲第一公有零售市場","行業代號1":null,"名稱1":null,"行業代號2":null,"名稱2":null,"行業代號3":null,"名稱3":null,"category":"夜市/市場攤販","id":10035653,"pay_list":"","pay_tool":""},{"index":76,"shop":"梧棲第一公有零售市場-楊","zone":"中彰投","city":"臺中市","area":"梧棲區","market_address":"臺中市梧棲區雲集街2號","user":"莊秀美","行業代號":null,"market_name":"梧棲第一公有零售市場","行業代號1":null,"名稱1":null,"行業代號2":null,"名稱2":null,"行業代號3":null,"名稱3":null,"category":"夜市/市場攤販","id":10035654,"pay_list":"","pay_tool":""},{"index":77,"shop":"梧棲第一公有零售市場-各種林海鮮","zone":"中彰投","city":"臺中市","area":"梧棲區","market_address":"臺中市梧棲區雲集街2號","user":"林天送","行業代號":null,"market_name":"梧棲第一公有零售市場","行業代號1":null,"名稱1":null,"行業代號2":null,"名稱2":null,"行業代號3":null,"名稱3":null,"category":"夜市/市場攤販","id":10035655,"pay_list":"","pay_tool":""},{"index":78,"shop":"梧棲第一公有零售市場-忠和蛋行","zone":"中彰投","city":"臺中市","area":"梧棲區","market_address":"臺中市梧棲區雲集街2號","user":"林基坤","行業代號":null,"market_name":"梧棲第一公有零售市場","行業代號1":null,"名稱1":null,"行業代號2":null,"名稱2":null,"行業代號3":null,"名稱3":null,"category":"夜市/市場攤販","id":10035656,"pay_list":"","pay_tool":""},{"index":79,"shop":"梧棲第一公有零售市場-俊佑水產有限公司","zone":"中彰投","city":"臺中市","area":"梧棲區","market_address":"臺中市梧棲區雲集街2號","user":"林曉珊","行業代號":null,"market_name":"梧棲第一公有零售市場","行業代號1":null,"名稱1":null,"行業代號2":null,"名稱2":null,"行業代號3":null,"名稱3":null,"category":"夜市/市場攤販","id":10035657,"pay_list":"","pay_tool":""},{"index":80,"shop":"梧棲第一公有零售市場-俊佑水產有限公司","zone":"中彰投","city":"臺中市","area":"梧棲區","market_address":"臺中市梧棲區雲集街2號","user":"許麗君","行業代號":null,"market_name":"梧棲第一公有零售市場","行業代號1":null,"名稱1":null,"行業代號2":null,"名稱2":null,"行業代號3":null,"名稱3":null,"category":"夜市/市場攤販","id":10035658,"pay_list":"","pay_tool":""},{"index":81,"shop":"梧棲第一公有零售市場-俊佑水產有限公司","zone":"中彰投","city":"臺中市","area":"梧棲區","market_address":"臺中市梧棲區雲集街2號","user":"蔡存豐","行業代號":null,"market_name":"梧棲第一公有零售市場","行業代號1":null,"名稱1":null,"行業代號2":null,"名稱2":null,"行業代號3":null,"名稱3":null,"category":"夜市/市場攤販","id":10035660,"pay_list":"","pay_tool":""},{"index":82,"shop":"梧棲第一公有零售市場-丸華鮮魚號","zone":"中彰投","city":"臺中市","area":"梧棲區","market_address":"臺中市梧棲區雲集街2號","user":"顏金水","行業代號":null,"market_name":"梧棲第一公有零售市場","行業代號1":null,"名稱1":null,"行業代號2":null,"名稱2":null,"行業代號3":null,"名稱3":null,"category":"夜市/市場攤販","id":10035661,"pay_list":"","pay_tool":""},{"index":83,"shop":"梧棲第一公有零售市場-丸華鮮魚號","zone":"中彰投","city":"臺中市","area":"梧棲區","market_address":"臺中市梧棲區雲集街2號","user":"顏欽忠","行業代號":null,"market_name":"梧棲第一公有零售市場","行業代號1":null,"名稱1":null,"行業代號2":null,"名稱2":null,"行業代號3":null,"名稱3":null,"category":"夜市/市場攤販","id":10035662,"pay_list":"","pay_tool":""},{"index":84,"shop":"梧棲第一公有零售市場-中港大麵店","zone":"中彰投","city":"臺中市","area":"梧棲區","market_address":"臺中市梧棲區雲集街2號","user":"卓聖宗","行業代號":null,"market_name":"梧棲第一公有零售市場","行業代號1":null,"名稱1":null,"行業代號2":null,"名稱2":null,"行業代號3":null,"名稱3":null,"category":"夜市/市場攤販","id":10035663,"pay_list":"","pay_tool":""},{"index":85,"shop":"梧棲第一公有零售市場-海國行","zone":"中彰投","city":"臺中市","area":"梧棲區","market_address":"臺中市梧棲區雲集街2號","user":"林香華","行業代號":null,"market_name":"梧棲第一公有零售市場","行業代號1":null,"名稱1":null,"行業代號2":null,"名稱2":null,"行業代號3":null,"名稱3":null,"category":"夜市/市場攤販","id":10035664,"pay_list":"","pay_tool":""},{"index":86,"shop":"梧棲第一公有零售市場-各種林海鮮","zone":"中彰投","city":"臺中市","area":"梧棲區","market_address":"臺中市梧棲區雲集街2號","user":"李斯洋","行業代號":null,"market_name":"梧棲第一公有零售市場","行業代號1":null,"名稱1":null,"行業代號2":null,"名稱2":null,"行業代號3":null,"名稱3":null,"category":"夜市/市場攤販","id":10035665,"pay_list":"","pay_tool":""},{"index":87,"shop":"梧棲第一公有零售市場-丸俊雞鴨鵝","zone":"中彰投","city":"臺中市","area":"梧棲區","market_address":"臺中市梧棲區雲集街2號","user":"紀燕雪","行業代號":null,"market_name":"梧棲第一公有零售市場","行業代號1":null,"名稱1":null,"行業代號2":null,"名稱2":null,"行業代號3":null,"名稱3":null,"category":"夜市/市場攤販","id":10035666,"pay_list":"","pay_tool":""},{"index":88,"shop":"梧棲第一公有零售市場-玉蘭肉品批發","zone":"中彰投","city":"臺中市","area":"梧棲區","market_address":"臺中市梧棲區雲集街2號","user":"黃玉蘭","行業代號":null,"market_name":"梧棲第一公有零售市場","行業代號1":null,"名稱1":null,"行業代號2":null,"名稱2":null,"行業代號3":null,"名稱3":null,"category":"夜市/市場攤販","id":10035667,"pay_list":"","pay_tool":""},{"index":89,"shop":"梧棲第一公有零售市場-丸俊雞鴨鵝","zone":"中彰投","city":"臺中市","area":"梧棲區","market_address":"臺中市梧棲區雲集街2號","user":"林如萍","行業代號":null,"market_name":"梧棲第一公有零售市場","行業代號1":null,"名稱1":null,"行業代號2":null,"名稱2":null,"行業代號3":null,"名稱3":null,"category":"夜市/市場攤販","id":10035668,"pay_list":"","pay_tool":""},{"index":90,"shop":"梧棲第一公有零售市場-丸俊雞鴨鵝","zone":"中彰投","city":"臺中市","area":"梧棲區","market_address":"臺中市梧棲區雲集街2號","user":"林紀玉燕","行業代號":null,"market_name":"梧棲第一公有零售市場","行業代號1":null,"名稱1":null,"行業代號2":null,"名稱2":null,"行業代號3":null,"名稱3":null,"category":"夜市/市場攤販","id":10035669,"pay_list":"","pay_tool":""},{"index":91,"shop":"梧棲第一公有零售市場-空白","zone":"中彰投","city":"臺中市","area":"梧棲區","market_address":"臺中市梧棲區雲集街2號","user":"黃建發","行業代號":null,"market_name":"梧棲第一公有零售市場","行業代號1":null,"名稱1":null,"行業代號2":null,"名稱2":null,"行業代號3":null,"名稱3":null,"category":"夜市/市場攤販","id":10035671,"pay_list":"","pay_tool":""},{"index":92,"shop":"梧棲第一公有零售市場-炳津肉舖","zone":"中彰投","city":"臺中市","area":"梧棲區","market_address":"臺中市梧棲區雲集街2號","user":"黃林枝梅","行業代號":null,"market_name":"梧棲第一公有零售市場","行業代號1":null,"名稱1":null,"行業代號2":null,"名稱2":null,"行業代號3":null,"名稱3":null,"category":"夜市/市場攤販","id":10035672,"pay_list":"","pay_tool":""},{"index":93,"shop":"梧棲第一公有零售市場-吳鮮魚行","zone":"中彰投","city":"臺中市","area":"梧棲區","market_address":"臺中市梧棲區雲集街2號","user":"吳世雄","行業代號":null,"market_name":"梧棲第一公有零售市場","行業代號1":null,"名稱1":null,"行業代號2":null,"名稱2":null,"行業代號3":null,"名稱3":null,"category":"夜市/市場攤販","id":10035673,"pay_list":"","pay_tool":""},{"index":94,"shop":"梧棲第一公有零售市場-吳鮮魚行","zone":"中彰投","city":"臺中市","area":"梧棲區","market_address":"臺中市梧棲區雲集街2號","user":"吳泰聰","行業代號":null,"market_name":"梧棲第一公有零售市場","行業代號1":null,"名稱1":null,"行業代號2":null,"名稱2":null,"行業代號3":null,"名稱3":null,"category":"夜市/市場攤販","id":10035674,"pay_list":"","pay_tool":""},{"index":95,"shop":"梧棲第一公有零售市場-濱哥尚青菁韓式泡菜","zone":"中彰投","city":"臺中市","area":"梧棲區","market_address":"臺中市梧棲區雲集街2號","user":"劉有斐","行業代號":null,"market_name":"梧棲第一公有零售市場","行業代號1":null,"名稱1":null,"行業代號2":null,"名稱2":null,"行業代號3":null,"名稱3":null,"category":"夜市/市場攤販","id":10035675,"pay_list":"","pay_tool":""},{"index":96,"shop":"梧棲第一公有零售市場-金來海鮮","zone":"中彰投","city":"臺中市","area":"梧棲區","market_address":"臺中市梧棲區雲集街2號","user":"王培枝","行業代號":null,"market_name":"梧棲第一公有零售市場","行業代號1":null,"名稱1":null,"行業代號2":null,"名稱2":null,"行業代號3":null,"名稱3":null,"category":"夜市/市場攤販","id":10035676,"pay_list":"","pay_tool":""},{"index":97,"shop":"梧棲第一公有零售市場-黃長咸","zone":"中彰投","city":"臺中市","area":"梧棲區","market_address":"臺中市梧棲區雲集街2號","user":"黃長咸","行業代號":null,"market_name":"梧棲第一公有零售市場","行業代號1":null,"名稱1":null,"行業代號2":null,"名稱2":null,"行業代號3":null,"名稱3":null,"category":"夜市/市場攤販","id":10035677,"pay_list":"","pay_tool":""},{"index":98,"shop":"梧棲第一公有零售市場-黃洪秀蘭","zone":"中彰投","city":"臺中市","area":"梧棲區","market_address":"臺中市梧棲區雲集街2號","user":"黃洪秀蘭","行業代號":null,"market_name":"梧棲第一公有零售市場","行業代號1":null,"名稱1":null,"行業代號2":null,"名稱2":null,"行業代號3":null,"名稱3":null,"category":"夜市/市場攤販","id":10035678,"pay_list":"","pay_tool":""},{"index":99,"shop":"梧棲第一公有零售市場-芫荃天然草本之家","zone":"中彰投","city":"臺中市","area":"梧棲區","market_address":"臺中市梧棲區雲集街2號","user":"蘇秀桃","行業代號":null,"market_name":"梧棲第一公有零售市場","行業代號1":null,"名稱1":null,"行業代號2":null,"名稱2":null,"行業代號3":null,"名稱3":null,"category":"夜市/市場攤販","id":10035679,"pay_list":"","pay_tool":""},{"index":100,"shop":"梧棲第一公有零售市場-阿含蔬菜行","zone":"中彰投","city":"臺中市","area":"梧棲區","market_address":"臺中市梧棲區雲集街2號","user":"楊來含","行業代號":null,"market_name":"梧棲第一公有零售市場","行業代號1":null,"名稱1":null,"行業代號2":null,"名稱2":null,"行業代號3":null,"名稱3":null,"category":"夜市/市場攤販","id":10035680,"pay_list":"","pay_tool":""},{"index":101,"shop":"梧棲第一公有零售市場-蔬菜行","zone":"中彰投","city":"臺中市","area":"梧棲區","market_address":"臺中市梧棲區雲集街2號","user":"柯雅淑","行業代號":null,"market_name":"梧棲第一公有零售市場","行業代號1":null,"名稱1":null,"行業代號2":null,"名稱2":null,"行業代號3":null,"名稱3":null,"category":"夜市/市場攤販","id":10035682,"pay_list":"","pay_tool":""},{"index":102,"shop":"梧棲第一公有零售市場-新益.製麵廠","zone":"中彰投","city":"臺中市","area":"梧棲區","market_address":"臺中市梧棲區雲集街2號","user":"蔡黃金滿","行業代號":null,"market_name":"梧棲第一公有零售市場","行業代號1":null,"名稱1":null,"行業代號2":null,"名稱2":null,"行業代號3":null,"名稱3":null,"category":"夜市/市場攤販","id":10035683,"pay_list":"","pay_tool":""},{"index":103,"shop":"梧棲第一公有零售市場-文凱肉品","zone":"中彰投","city":"臺中市","area":"梧棲區","market_address":"臺中市梧棲區雲集街2號","user":"蔡文凱","行業代號":null,"market_name":"梧棲第一公有零售市場","行業代號1":null,"名稱1":null,"行業代號2":null,"名稱2":null,"行業代號3":null,"名稱3":null,"category":"夜市/市場攤販","id":10035684,"pay_list":"","pay_tool":""},{"index":104,"shop":"梧棲第一公有零售市場-順展肉舖","zone":"中彰投","city":"臺中市","area":"梧棲區","market_address":"臺中市梧棲區雲集街2號","user":"楊忠義","行業代號":null,"market_name":"梧棲第一公有零售市場","行業代號1":null,"名稱1":null,"行業代號2":null,"名稱2":null,"行業代號3":null,"名稱3":null,"category":"夜市/市場攤販","id":10035685,"pay_list":"","pay_tool":""},{"index":105,"shop":"梧棲第一公有零售市場-瑞東號","zone":"中彰投","city":"臺中市","area":"梧棲區","market_address":"臺中市梧棲區雲集街2號","user":"陳煥霖","行業代號":null,"market_name":"梧棲第一公有零售市場","行業代號1":null,"名稱1":null,"行業代號2":null,"名稱2":null,"行業代號3":null,"名稱3":null,"category":"夜市/市場攤販","id":10035686,"pay_list":"","pay_tool":""},{"index":106,"shop":"梧棲第一公有零售市場-松村水果行","zone":"中彰投","city":"臺中市","area":"梧棲區","market_address":"臺中市梧棲區雲集街2號","user":"林黃金蘭","行業代號":null,"market_name":"梧棲第一公有零售市場","行業代號1":null,"名稱1":null,"行業代號2":null,"名稱2":null,"行業代號3":null,"名稱3":null,"category":"夜市/市場攤販","id":10035687,"pay_list":"","pay_tool":""},{"index":107,"shop":"梧棲第一公有零售市場-松村水果行","zone":"中彰投","city":"臺中市","area":"梧棲區","market_address":"臺中市梧棲區雲集街2號","user":"童玉英","行業代號":null,"market_name":"梧棲第一公有零售市場","行業代號1":null,"名稱1":null,"行業代號2":null,"名稱2":null,"行業代號3":null,"名稱3":null,"category":"夜市/市場攤販","id":10035688,"pay_list":"","pay_tool":""},{"index":108,"shop":"梧棲第一公有零售市場-永艷肉店","zone":"中彰投","city":"臺中市","area":"梧棲區","market_address":"臺中市梧棲區雲集街2號","user":"郭育豪","行業代號":null,"market_name":"梧棲第一公有零售市場","行業代號1":null,"名稱1":null,"行業代號2":null,"名稱2":null,"行業代號3":null,"名稱3":null,"category":"夜市/市場攤販","id":10035689,"pay_list":"","pay_tool":""},{"index":109,"shop":"梧棲第一公有零售市場-賓仔豬肉","zone":"中彰投","city":"臺中市","area":"梧棲區","market_address":"臺中市梧棲區雲集街2號","user":"王朝嘉","行業代號":null,"market_name":"梧棲第一公有零售市場","行業代號1":null,"名稱1":null,"行業代號2":null,"名稱2":null,"行業代號3":null,"名稱3":null,"category":"夜市/市場攤販","id":10035690,"pay_list":"","pay_tool":""},{"index":110,"shop":"梧棲第一公有零售市場-瑞東號","zone":"中彰投","city":"臺中市","area":"梧棲區","market_address":"臺中市梧棲區雲集街2號","user":"陳蔡雪華","行業代號":null,"market_name":"梧棲第一公有零售市場","行業代號1":null,"名稱1":null,"行業代號2":null,"名稱2":null,"行業代號3":null,"名稱3":null,"category":"夜市/市場攤販","id":10035691,"pay_list":"","pay_tool":""},{"index":111,"shop":"梧棲第一公有零售市場-阿臻@蔬菜舖","zone":"中彰投","city":"臺中市","area":"梧棲區","market_address":"臺中市梧棲區雲集街2號","user":"林劭洳","行業代號":null,"market_name":"梧棲第一公有零售市場","行業代號1":null,"名稱1":null,"行業代號2":null,"名稱2":null,"行業代號3":null,"名稱3":null,"category":"夜市/市場攤販","id":10035693,"pay_list":"","pay_tool":""},{"index":112,"shop":"梧棲第一公有零售市場-正義雞鴨鵝","zone":"中彰投","city":"臺中市","area":"梧棲區","market_address":"臺中市梧棲區雲集街2號","user":"蔡麗真","行業代號":null,"market_name":"梧棲第一公有零售市場","行業代號1":null,"名稱1":null,"行業代號2":null,"名稱2":null,"行業代號3":null,"名稱3":null,"category":"夜市/市場攤販","id":10035694,"pay_list":"","pay_tool":""},{"index":113,"shop":"梧棲第一公有零售市場-正義雞鴨鵝","zone":"中彰投","city":"臺中市","area":"梧棲區","market_address":"臺中市梧棲區雲集街2號","user":"楊再得","行業代號":null,"market_name":"梧棲第一公有零售市場","行業代號1":null,"名稱1":null,"行業代號2":null,"名稱2":null,"行業代號3":null,"名稱3":null,"category":"夜市/市場攤販","id":10035695,"pay_list":"","pay_tool":""},{"index":114,"shop":"梧棲第一公有零售市場-劉小玲傳統美食","zone":"中彰投","city":"臺中市","area":"梧棲區","market_address":"臺中市梧棲區雲集街2號","user":"林宗騰","行業代號":null,"market_name":"梧棲第一公有零售市場","行業代號1":null,"名稱1":null,"行業代號2":null,"名稱2":null,"行業代號3":null,"名稱3":null,"category":"夜市/市場攤販","id":10035696,"pay_list":"","pay_tool":""},{"index":115,"shop":"梧棲第一公有零售市場-阿臻@蔬菜舖","zone":"中彰投","city":"臺中市","area":"梧棲區","market_address":"臺中市梧棲區雲集街2號","user":"林佳臻","行業代號":null,"market_name":"梧棲第一公有零售市場","行業代號1":null,"名稱1":null,"行業代號2":null,"名稱2":null,"行業代號3":null,"名稱3":null,"category":"夜市/市場攤販","id":10035697,"pay_list":"","pay_tool":""},{"index":116,"shop":"梧棲第一公有零售市場-金來海鮮","zone":"中彰投","city":"臺中市","area":"梧棲區","market_address":"臺中市梧棲區雲集街2號","user":"石中龍","行業代號":null,"market_name":"梧棲第一公有零售市場","行業代號1":null,"名稱1":null,"行業代號2":null,"名稱2":null,"行業代號3":null,"名稱3":null,"category":"夜市/市場攤販","id":10035698,"pay_list":"","pay_tool":""},{"index":117,"shop":"梧棲第一公有零售市場-金元寶","zone":"中彰投","city":"臺中市","area":"梧棲區","market_address":"臺中市梧棲區雲集街2號","user":"陳美代","行業代號":null,"market_name":"梧棲第一公有零售市場","行業代號1":null,"名稱1":null,"行業代號2":null,"名稱2":null,"行業代號3":null,"名稱3":null,"category":"夜市/市場攤販","id":10035699,"pay_list":"","pay_tool":""},{"index":118,"shop":"梧棲第一公有零售市場-源利商行","zone":"中彰投","city":"臺中市","area":"梧棲區","market_address":"臺中市梧棲區雲集街2號","user":"林春桂","行業代號":null,"market_name":"梧棲第一公有零售市場","行業代號1":null,"名稱1":null,"行業代號2":null,"名稱2":null,"行業代號3":null,"名稱3":null,"category":"夜市/市場攤販","id":10035700,"pay_list":"","pay_tool":""},{"index":119,"shop":"梧棲第一公有零售市場-源利商行","zone":"中彰投","city":"臺中市","area":"梧棲區","market_address":"臺中市梧棲區雲集街2號","user":"黃敏庭","行業代號":null,"market_name":"梧棲第一公有零售市場","行業代號1":null,"名稱1":null,"行業代號2":null,"名稱2":null,"行業代號3":null,"名稱3":null,"category":"夜市/市場攤販","id":10035701,"pay_list":"","pay_tool":""},{"index":120,"shop":"梧棲第一公有零售市場-源利商行","zone":"中彰投","city":"臺中市","area":"梧棲區","market_address":"臺中市梧棲區雲集街2號","user":"黃敏財","行業代號":null,"market_name":"梧棲第一公有零售市場","行業代號1":null,"名稱1":null,"行業代號2":null,"名稱2":null,"行業代號3":null,"名稱3":null,"category":"夜市/市場攤販","id":10035702,"pay_list":"","pay_tool":""},{"index":121,"shop":"梧棲第一公有零售市場-劉小玲傳統美食","zone":"中彰投","city":"臺中市","area":"梧棲區","market_address":"臺中市梧棲區雲集街2號","user":"林孟玲","行業代號":null,"market_name":"梧棲第一公有零售市場","行業代號1":null,"名稱1":null,"行業代號2":null,"名稱2":null,"行業代號3":null,"名稱3":null,"category":"夜市/市場攤販","id":10035704,"pay_list":"","pay_tool":""},{"index":122,"shop":"梧棲第一公有零售市場-源利商行","zone":"中彰投","city":"臺中市","area":"梧棲區","market_address":"臺中市梧棲區雲集街2號","user":"賴英珠","行業代號":null,"market_name":"梧棲第一公有零售市場","行業代號1":null,"名稱1":null,"行業代號2":null,"名稱2":null,"行業代號3":null,"名稱3":null,"category":"夜市/市場攤販","id":10035705,"pay_list":"","pay_tool":""},{"index":123,"shop":"梧棲第一公有零售市場-萬居素食","zone":"中彰投","city":"臺中市","area":"梧棲區","market_address":"臺中市梧棲區雲集街2號","user":"王張麗玉","行業代號":null,"market_name":"梧棲第一公有零售市場","行業代號1":null,"名稱1":null,"行業代號2":null,"名稱2":null,"行業代號3":null,"名稱3":null,"category":"夜市/市場攤販","id":10035706,"pay_list":"","pay_tool":""},{"index":124,"shop":"梧棲第一公有零售市場-萬居素食","zone":"中彰投","city":"臺中市","area":"梧棲區","market_address":"臺中市梧棲區雲集街2號","user":"卓石明","行業代號":null,"market_name":"梧棲第一公有零售市場","行業代號1":null,"名稱1":null,"行業代號2":null,"名稱2":null,"行業代號3":null,"名稱3":null,"category":"夜市/市場攤販","id":10035707,"pay_list":"","pay_tool":""},{"index":125,"shop":"梧棲第一公有零售市場-素食","zone":"中彰投","city":"臺中市","area":"梧棲區","market_address":"臺中市梧棲區雲集街2號","user":"郭鳳文","行業代號":null,"market_name":"梧棲第一公有零售市場","行業代號1":null,"名稱1":null,"行業代號2":null,"名稱2":null,"行業代號3":null,"名稱3":null,"category":"夜市/市場攤販","id":10035708,"pay_list":"","pay_tool":""},{"index":126,"shop":"梧棲第一公有零售市場-瑞東號","zone":"中彰投","city":"臺中市","area":"梧棲區","market_address":"臺中市梧棲區雲集街2號","user":"陳秋琴","行業代號":null,"market_name":"梧棲第一公有零售市場","行業代號1":null,"名稱1":null,"行業代號2":null,"名稱2":null,"行業代號3":null,"名稱3":null,"category":"夜市/市場攤販","id":10035709,"pay_list":"","pay_tool":""},{"index":127,"shop":"梧棲第一公有零售市場-雲龍商店","zone":"中彰投","city":"臺中市","area":"梧棲區","market_address":"臺中市梧棲區雲集街2號","user":"蔡政宏","行業代號":null,"market_name":"梧棲第一公有零售市場","行業代號1":null,"名稱1":null,"行業代號2":null,"名稱2":null,"行業代號3":null,"名稱3":null,"category":"夜市/市場攤販","id":10035710,"pay_list":"","pay_tool":""},{"index":128,"shop":"梧棲第一公有零售市場-萬居素食","zone":"中彰投","city":"臺中市","area":"梧棲區","market_address":"臺中市梧棲區雲集街2號","user":"郭鳳嬌","行業代號":null,"market_name":"梧棲第一公有零售市場","行業代號1":null,"名稱1":null,"行業代號2":null,"名稱2":null,"行業代號3":null,"名稱3":null,"category":"夜市/市場攤販","id":10035711,"pay_list":"","pay_tool":""},{"index":129,"shop":"梧棲第一公有零售市場-萬居素食","zone":"中彰投","city":"臺中市","area":"梧棲區","market_address":"臺中市梧棲區雲集街2號","user":"郭萬居","行業代號":null,"market_name":"梧棲第一公有零售市場","行業代號1":null,"名稱1":null,"行業代號2":null,"名稱2":null,"行業代號3":null,"名稱3":null,"category":"夜市/市場攤販","id":10035712,"pay_list":"","pay_tool":""},{"index":130,"shop":"梧棲第一公有零售市場-空白","zone":"中彰投","city":"臺中市","area":"梧棲區","market_address":"臺中市梧棲區雲集街2號","user":"林琬婷","行業代號":null,"market_name":"梧棲第一公有零售市場","行業代號1":null,"名稱1":null,"行業代號2":null,"名稱2":null,"行業代號3":null,"名稱3":null,"category":"夜市/市場攤販","id":10035713,"pay_list":"","pay_tool":""},{"index":131,"shop":"梧棲第一公有零售市場-炳津肉舖","zone":"中彰投","city":"臺中市","area":"梧棲區","market_address":"臺中市梧棲區雲集街2號","user":"蔡博建","行業代號":null,"market_name":"梧棲第一公有零售市場","行業代號1":null,"名稱1":null,"行業代號2":null,"名稱2":null,"行業代號3":null,"名稱3":null,"category":"夜市/市場攤販","id":10035716,"pay_list":"","pay_tool":""},{"index":132,"shop":"梧棲第二公有零售市場-楊程貴","zone":"中彰投","city":"臺中市","area":"梧棲區","market_address":"臺中市梧棲區自強二街76號","user":"楊程貴","行業代號":null,"market_name":"梧棲第二公有零售市場","行業代號1":null,"名稱1":null,"行業代號2":null,"名稱2":null,"行業代號3":null,"名稱3":null,"category":"夜市/市場攤販","id":10035717,"pay_list":"","pay_tool":""},{"index":133,"shop":"梧棲第二公有零售市場-徐淑珣","zone":"中彰投","city":"臺中市","area":"梧棲區","market_address":"臺中市梧棲區自強二街76號","user":"徐淑珣","行業代號":null,"market_name":"梧棲第二公有零售市場","行業代號1":null,"名稱1":null,"行業代號2":null,"名稱2":null,"行業代號3":null,"名稱3":null,"category":"夜市/市場攤販","id":10035718,"pay_list":"","pay_tool":""},{"index":134,"shop":"梧棲第二公有零售市場-林麒祿","zone":"中彰投","city":"臺中市","area":"梧棲區","market_address":"臺中市梧棲區自強二街76號","user":"林麒祿","行業代號":null,"market_name":"梧棲第二公有零售市場","行業代號1":null,"名稱1":null,"行業代號2":null,"名稱2":null,"行業代號3":null,"名稱3":null,"category":"夜市/市場攤販","id":10035719,"pay_list":"","pay_tool":""},{"index":135,"shop":"梧棲第二公有零售市場-劉麗香","zone":"中彰投","city":"臺中市","area":"梧棲區","market_address":"臺中市梧棲區自強二街76號","user":"劉麗香","行業代號":null,"market_name":"梧棲第二公有零售市場","行業代號1":null,"名稱1":null,"行業代號2":null,"名稱2":null,"行業代號3":null,"名稱3":null,"category":"夜市/市場攤販","id":10035720,"pay_list":"","pay_tool":""},{"index":136,"shop":"梧棲第二公有零售市場-韓愛萍","zone":"中彰投","city":"臺中市","area":"梧棲區","market_address":"臺中市梧棲區自強二街76號","user":"韓愛萍","行業代號":null,"market_name":"梧棲第二公有零售市場","行業代號1":null,"名稱1":null,"行業代號2":null,"名稱2":null,"行業代號3":null,"名稱3":null,"category":"夜市/市場攤販","id":10035721,"pay_list":"","pay_tool":""},{"index":137,"shop":"梧棲第二公有零售市場-趙美","zone":"中彰投","city":"臺中市","area":"梧棲區","market_address":"臺中市梧棲區自強二街76號","user":"趙美","行業代號":null,"market_name":"梧棲第二公有零售市場","行業代號1":null,"名稱1":null,"行業代號2":null,"名稱2":null,"行業代號3":null,"名稱3":null,"category":"夜市/市場攤販","id":10035722,"pay_list":"","pay_tool":""},{"index":138,"shop":"梧棲第二公有零售市場-曾貴蘭","zone":"中彰投","city":"臺中市","area":"梧棲區","market_address":"臺中市梧棲區自強二街76號","user":"曾貴蘭","行業代號":null,"market_name":"梧棲第二公有零售市場","行業代號1":null,"名稱1":null,"行業代號2":null,"名稱2":null,"行業代號3":null,"名稱3":null,"category":"夜市/市場攤販","id":10035723,"pay_list":"","pay_tool":""},{"index":139,"shop":"梧棲第二公有零售市場-鄧秀芳","zone":"中彰投","city":"臺中市","area":"梧棲區","market_address":"臺中市梧棲區自強二街76號","user":"鄧秀芳","行業代號":null,"market_name":"梧棲第二公有零售市場","行業代號1":null,"名稱1":null,"行業代號2":null,"名稱2":null,"行業代號3":null,"名稱3":null,"category":"夜市/市場攤販","id":10035724,"pay_list":"","pay_tool":""},{"index":140,"shop":"梧棲第二公有零售市場-阮清霞","zone":"中彰投","city":"臺中市","area":"梧棲區","market_address":"臺中市梧棲區自強二街76號","user":"阮清霞","行業代號":null,"market_name":"梧棲第二公有零售市場","行業代號1":null,"名稱1":null,"行業代號2":null,"名稱2":null,"行業代號3":null,"名稱3":null,"category":"夜市/市場攤販","id":10035725,"pay_list":"","pay_tool":""},{"index":141,"shop":"梧棲第二公有零售市場-李淑美","zone":"中彰投","city":"臺中市","area":"梧棲區","market_address":"臺中市梧棲區自強二街76號","user":"李淑美","行業代號":null,"market_name":"梧棲第二公有零售市場","行業代號1":null,"名稱1":null,"行業代號2":null,"名稱2":null,"行業代號3":null,"名稱3":null,"category":"夜市/市場攤販","id":10035727,"pay_list":"","pay_tool":""},{"index":142,"shop":"梧棲第二公有零售市場-陳妘宜","zone":"中彰投","city":"臺中市","area":"梧棲區","market_address":"臺中市梧棲區自強二街76號","user":"陳妘宜","行業代號":null,"market_name":"梧棲第二公有零售市場","行業代號1":null,"名稱1":null,"行業代號2":null,"名稱2":null,"行業代號3":null,"名稱3":null,"category":"夜市/市場攤販","id":10035728,"pay_list":"","pay_tool":""},{"index":143,"shop":"梧棲第二公有零售市場-胡心瑀","zone":"中彰投","city":"臺中市","area":"梧棲區","market_address":"臺中市梧棲區自強二街76號","user":"胡心瑀","行業代號":null,"market_name":"梧棲第二公有零售市場","行業代號1":null,"名稱1":null,"行業代號2":null,"名稱2":null,"行業代號3":null,"名稱3":null,"category":"夜市/市場攤販","id":10035729,"pay_list":"","pay_tool":""},{"index":144,"shop":"梧棲第二公有零售市場-林佳儀","zone":"中彰投","city":"臺中市","area":"梧棲區","market_address":"臺中市梧棲區自強二街76號","user":"林佳儀","行業代號":null,"market_name":"梧棲第二公有零售市場","行業代號1":null,"名稱1":null,"行業代號2":null,"名稱2":null,"行業代號3":null,"名稱3":null,"category":"夜市/市場攤販","id":10035730,"pay_list":"","pay_tool":""},{"index":145,"shop":"梧棲第二公有零售市場-丁鎂寶","zone":"中彰投","city":"臺中市","area":"梧棲區","market_address":"臺中市梧棲區自強二街76號","user":"丁鎂寶","行業代號":null,"market_name":"梧棲第二公有零售市場","行業代號1":null,"名稱1":null,"行業代號2":null,"名稱2":null,"行業代號3":null,"名稱3":null,"category":"夜市/市場攤販","id":10035731,"pay_list":"","pay_tool":""},{"index":146,"shop":"美又美早點","zone":"中彰投","city":"臺中市","area":"梧棲區","market_address":"臺中市梧棲區草湳里港埠路１段９４３號","user":"侯淑美","行業代號":null,"market_name":["餐食攤販"],"行業代號1":null,"名稱1":null,"行業代號2":null,"名稱2":null,"行業代號3":null,"名稱3":null,"category":["夜市/市場攤販"],"id":20002155,"pay_list":"","pay_tool":""},{"index":147,"shop":"美滋美早點","zone":"中彰投","city":"臺中市","area":"梧棲區","market_address":"臺中市梧棲區中正里中和街１０２號","user":"童永鴻","行業代號":null,"market_name":["餐食攤販"],"行業代號1":null,"名稱1":null,"行業代號2":null,"名稱2":null,"行業代號3":null,"名稱3":null,"category":["夜市/市場攤販"],"id":20002159,"pay_list":"","pay_tool":""},{"index":148,"shop":"味之鄉排骨飯","zone":"中彰投","city":"臺中市","area":"梧棲區","market_address":"臺中市梧棲區中正里港埠路２段２４９號１樓","user":"陳蔡柑","行業代號":null,"market_name":["餐食攤販"],"行業代號1":null,"名稱1":null,"行業代號2":null,"名稱2":null,"行業代號3":null,"名稱3":null,"category":["夜市/市場攤販"],"id":20002173,"pay_list":"","pay_tool":""},{"index":149,"shop":"榕樹下豆花","zone":"中彰投","city":"臺中市","area":"梧棲區","market_address":"臺中市梧棲區中正里民族街９號","user":"蔡其謀","行業代號":null,"market_name":["餐食攤販"],"行業代號1":null,"名稱1":null,"行業代號2":null,"名稱2":null,"行業代號3":null,"名稱3":null,"category":["夜市/市場攤販"],"id":20002182,"pay_list":"","pay_tool":""},{"index":150,"shop":"原燒燒肉飯","zone":"中彰投","city":"臺中市","area":"梧棲區","market_address":"臺中市梧棲區文化里中和街１５號","user":"翁美齡","行業代號":null,"market_name":["餐食攤販"],"行業代號1":null,"名稱1":null,"行業代號2":null,"名稱2":null,"行業代號3":null,"名稱3":null,"category":["夜市/市場攤販"],"id":20002183,"pay_list":"","pay_tool":""},{"index":151,"shop":"巧有福早餐店","zone":"中彰投","city":"臺中市","area":"梧棲區","market_address":"臺中市梧棲區中正里中和街１８２號","user":"王錦連","行業代號":null,"market_name":["餐食攤販"],"行業代號1":null,"名稱1":null,"行業代號2":null,"名稱2":null,"行業代號3":null,"名稱3":null,"category":["夜市/市場攤販"],"id":20002195,"pay_list":"","pay_tool":""},{"index":152,"shop":"鄭聖隆","zone":"中彰投","city":"臺中市","area":"梧棲區","market_address":"臺中市梧棲區中和里文化路２段１７７號","user":"鄭聖隆","行業代號":null,"market_name":["餐食攤販"],"行業代號1":null,"名稱1":null,"行業代號2":null,"名稱2":null,"行業代號3":null,"名稱3":null,"category":["夜市/市場攤販"],"id":20002199,"pay_list":"","pay_tool":""},{"index":153,"shop":"李淑惠","zone":"中彰投","city":"臺中市","area":"梧棲區","market_address":"臺中市梧棲區文化里文化路２段１３３號","user":"李淑惠","行業代號":null,"market_name":["餐食攤販"],"行業代號1":null,"名稱1":null,"行業代號2":null,"名稱2":null,"行業代號3":null,"名稱3":null,"category":["夜市/市場攤販"],"id":20002200,"pay_list":"","pay_tool":""},{"index":154,"shop":"休閒茶坊","zone":"中彰投","city":"臺中市","area":"梧棲區","market_address":"臺中市梧棲區文化里中和街３０號","user":"楊秋雲","行業代號":null,"market_name":["餐食攤販"],"行業代號1":null,"名稱1":null,"行業代號2":null,"名稱2":null,"行業代號3":null,"名稱3":null,"category":["夜市/市場攤販"],"id":20002201,"pay_list":"","pay_tool":""},{"index":155,"shop":"民生早餐店","zone":"中彰投","city":"臺中市","area":"梧棲區","market_address":"臺中市梧棲區文化里民生街２２－３號","user":"王來有","行業代號":null,"market_name":["餐食攤販"],"行業代號1":null,"名稱1":null,"行業代號2":null,"名稱2":null,"行業代號3":null,"名稱3":null,"category":["夜市/市場攤販"],"id":20002243,"pay_list":"","pay_tool":""},{"index":156,"shop":"阿蘭肉圓","zone":"中彰投","city":"臺中市","area":"梧棲區","market_address":"臺中市梧棲區永寧里中央路１段１４５號","user":"林綉蘭","行業代號":null,"market_name":["餐食攤販"],"行業代號1":null,"名稱1":null,"行業代號2":null,"名稱2":null,"行業代號3":null,"名稱3":null,"category":["夜市/市場攤販"],"id":20013070,"pay_list":"","pay_tool":""},{"index":157,"shop":"蔚力食品行","zone":"中彰投","city":"臺中市","area":"梧棲區","market_address":"臺中市梧棲區草湳里梧南路１４８號","user":"陳聰雄","行業代號":"561200","market_name":["餐食攤販"],"行業代號1":"","名稱1":"","行業代號2":"","名稱2":"","行業代號3":"","名稱3":"","category":["夜市/市場攤販"],"id":60032439,"pay_list":null,"pay_tool":null},{"index":158,"shop":"貴人油飯商行","zone":"中彰投","city":"臺中市","area":"梧棲區","market_address":"臺中市梧棲區南簡里港埠路２段３２８巷２３號","user":"黃淑華","行業代號":"561200","market_name":["餐食攤販"],"行業代號1":"","名稱1":"","行業代號2":"","名稱2":"","行業代號3":"","名稱3":"","category":["夜市/市場攤販"],"id":60059133,"pay_list":null,"pay_tool":null},{"index":159,"shop":"福盛餐飲店","zone":"中彰投","city":"臺中市","area":"梧棲區","market_address":"臺中市梧棲區南簡里大智路１段１００４號","user":"蔡福一","行業代號":"561200","market_name":["餐食攤販"],"行業代號1":"","名稱1":"","行業代號2":"","名稱2":"","行業代號3":"","名稱3":"","category":["夜市/市場攤販"],"id":60121611,"pay_list":null,"pay_tool":null},{"index":160,"shop":"尚圓膳食坊","zone":"中彰投","city":"臺中市","area":"梧棲區","market_address":"臺中市梧棲區中正里仁美街６９號","user":"黃桂森","行業代號":"561200","market_name":["未分類其他食品、飲料及菸草製品零售","餐食攤販"],"行業代號1":"472999","名稱1":"未分類其他食品、飲料及菸草製品零售","行業代號2":"","名稱2":"","行業代號3":"","名稱3":"","category":["夜市/市場攤販"],"id":60125775,"pay_list":null,"pay_tool":null}]