[{"index":1,"shop":"水上公有零售市場-林宏男","zone":"雲嘉南","city":"嘉義縣","area":"水上鄉","market_address":"嘉義縣水上鄉水上村正義路141號旁","user":"林宏男","行業代號":null,"market_name":"水上公有零售市場","行業代號1":null,"名稱1":null,"行業代號2":null,"名稱2":null,"行業代號3":null,"名稱3":null,"category":"夜市/市場攤販","id":10030241,"pay_list":"","pay_tool":""},{"index":2,"shop":"水上公有零售市場-阿文雞肉攤","zone":"雲嘉南","city":"嘉義縣","area":"水上鄉","market_address":"嘉義縣水上鄉水上村正義路141號旁","user":"賴慶文","行業代號":null,"market_name":"水上公有零售市場","行業代號1":null,"名稱1":null,"行業代號2":null,"名稱2":null,"行業代號3":null,"名稱3":null,"category":"夜市/市場攤販","id":10030242,"pay_list":"","pay_tool":""},{"index":3,"shop":"水上公有零售市場-吳素真","zone":"雲嘉南","city":"嘉義縣","area":"水上鄉","market_address":"嘉義縣水上鄉水上村正義路141號旁","user":"吳素真","行業代號":null,"market_name":"水上公有零售市場","行業代號1":null,"名稱1":null,"行業代號2":null,"名稱2":null,"行業代號3":null,"名稱3":null,"category":"夜市/市場攤販","id":10030243,"pay_list":"","pay_tool":""},{"index":4,"shop":"水上公有零售市場-唐玲娜","zone":"雲嘉南","city":"嘉義縣","area":"水上鄉","market_address":"嘉義縣水上鄉水上村正義路141號旁","user":"唐玲娜","行業代號":null,"market_name":"水上公有零售市場","行業代號1":null,"名稱1":null,"行業代號2":null,"名稱2":null,"行業代號3":null,"名稱3":null,"category":"夜市/市場攤販","id":10030244,"pay_list":"","pay_tool":""},{"index":5,"shop":"水上公有零售市場-王海產","zone":"雲嘉南","city":"嘉義縣","area":"水上鄉","market_address":"嘉義縣水上鄉水上村正義路141號旁","user":"王益成","行業代號":null,"market_name":"水上公有零售市場","行業代號1":null,"名稱1":null,"行業代號2":null,"名稱2":null,"行業代號3":null,"名稱3":null,"category":"夜市/市場攤販","id":10030245,"pay_list":"","pay_tool":""},{"index":6,"shop":"水上公有零售市場-吳威諕","zone":"雲嘉南","city":"嘉義縣","area":"水上鄉","market_address":"嘉義縣水上鄉水上村正義路141號旁","user":"吳威諕","行業代號":null,"market_name":"水上公有零售市場","行業代號1":null,"名稱1":null,"行業代號2":null,"名稱2":null,"行業代號3":null,"名稱3":null,"category":"夜市/市場攤販","id":10030246,"pay_list":"","pay_tool":""},{"index":7,"shop":"水上公有零售市場-王海產","zone":"雲嘉南","city":"嘉義縣","area":"水上鄉","market_address":"嘉義縣水上鄉水上村正義路141號旁","user":"蕭貞齡","行業代號":null,"market_name":"水上公有零售市場","行業代號1":null,"名稱1":null,"行業代號2":null,"名稱2":null,"行業代號3":null,"名稱3":null,"category":"夜市/市場攤販","id":10030248,"pay_list":"","pay_tool":""},{"index":8,"shop":"水上公有零售市場-黃茂松","zone":"雲嘉南","city":"嘉義縣","area":"水上鄉","market_address":"嘉義縣水上鄉水上村正義路141號旁","user":"黃茂松","行業代號":null,"market_name":"水上公有零售市場","行業代號1":null,"名稱1":null,"行業代號2":null,"名稱2":null,"行業代號3":null,"名稱3":null,"category":"夜市/市場攤販","id":10030249,"pay_list":"","pay_tool":""},{"index":9,"shop":"水上公有零售市場-馮志信","zone":"雲嘉南","city":"嘉義縣","area":"水上鄉","market_address":"嘉義縣水上鄉水上村正義路141號旁","user":"馮志信","行業代號":null,"market_name":"水上公有零售市場","行業代號1":null,"名稱1":null,"行業代號2":null,"名稱2":null,"行業代號3":null,"名稱3":null,"category":"夜市/市場攤販","id":10030250,"pay_list":"","pay_tool":""},{"index":10,"shop":"水上公有零售市場-振興商號","zone":"雲嘉南","city":"嘉義縣","area":"水上鄉","market_address":"嘉義縣水上鄉水上村正義路141號旁","user":"李秀春","行業代號":null,"market_name":"水上公有零售市場","行業代號1":null,"名稱1":null,"行業代號2":null,"名稱2":null,"行業代號3":null,"名稱3":null,"category":"夜市/市場攤販","id":10030251,"pay_list":"","pay_tool":""},{"index":11,"shop":"水上公有零售市場-明祈商號","zone":"雲嘉南","city":"嘉義縣","area":"水上鄉","market_address":"嘉義縣水上鄉水上村正義路141號旁","user":"廖芷儀","行業代號":null,"market_name":"水上公有零售市場","行業代號1":null,"名稱1":null,"行業代號2":null,"名稱2":null,"行業代號3":null,"名稱3":null,"category":"夜市/市場攤販","id":10030252,"pay_list":"","pay_tool":""},{"index":12,"shop":"水上公有零售市場-許溫新","zone":"雲嘉南","city":"嘉義縣","area":"水上鄉","market_address":"嘉義縣水上鄉水上村正義路141號旁","user":"許溫新","行業代號":null,"market_name":"水上公有零售市場","行業代號1":null,"名稱1":null,"行業代號2":null,"名稱2":null,"行業代號3":null,"名稱3":null,"category":"夜市/市場攤販","id":10030253,"pay_list":"","pay_tool":""},{"index":13,"shop":"水上公有零售市場-邱建源","zone":"雲嘉南","city":"嘉義縣","area":"水上鄉","market_address":"嘉義縣水上鄉水上村正義路141號旁","user":"邱建源","行業代號":null,"market_name":"水上公有零售市場","行業代號1":null,"名稱1":null,"行業代號2":null,"名稱2":null,"行業代號3":null,"名稱3":null,"category":"夜市/市場攤販","id":10030254,"pay_list":"","pay_tool":""},{"index":14,"shop":"水上公有零售市場-振興商號","zone":"雲嘉南","city":"嘉義縣","area":"水上鄉","market_address":"嘉義縣水上鄉水上村正義路141號旁","user":"周志誠","行業代號":null,"market_name":"水上公有零售市場","行業代號1":null,"名稱1":null,"行業代號2":null,"名稱2":null,"行業代號3":null,"名稱3":null,"category":"夜市/市場攤販","id":10030255,"pay_list":"","pay_tool":""},{"index":15,"shop":"水上公有零售市場-林豐平","zone":"雲嘉南","city":"嘉義縣","area":"水上鄉","market_address":"嘉義縣水上鄉水上村正義路141號旁","user":"林豐平","行業代號":null,"market_name":"水上公有零售市場","行業代號1":null,"名稱1":null,"行業代號2":null,"名稱2":null,"行業代號3":null,"名稱3":null,"category":"夜市/市場攤販","id":10030256,"pay_list":"","pay_tool":""},{"index":16,"shop":"水上公有零售市場-志民肉舖","zone":"雲嘉南","city":"嘉義縣","area":"水上鄉","market_address":"嘉義縣水上鄉水上村正義路141號旁","user":"馮志民","行業代號":null,"market_name":"水上公有零售市場","行業代號1":null,"名稱1":null,"行業代號2":null,"名稱2":null,"行業代號3":null,"名稱3":null,"category":"夜市/市場攤販","id":10030257,"pay_list":"","pay_tool":""},{"index":17,"shop":"水上公有零售市場-賴雨鈴","zone":"雲嘉南","city":"嘉義縣","area":"水上鄉","market_address":"嘉義縣水上鄉水上村正義路141號旁","user":"賴雨鈴","行業代號":null,"market_name":"水上公有零售市場","行業代號1":null,"名稱1":null,"行業代號2":null,"名稱2":null,"行業代號3":null,"名稱3":null,"category":"夜市/市場攤販","id":10030259,"pay_list":"","pay_tool":""},{"index":18,"shop":"水上公有零售市場-馮志強","zone":"雲嘉南","city":"嘉義縣","area":"水上鄉","market_address":"嘉義縣水上鄉水上村正義路141號旁","user":"馮志強","行業代號":null,"market_name":"水上公有零售市場","行業代號1":null,"名稱1":null,"行業代號2":null,"名稱2":null,"行業代號3":null,"名稱3":null,"category":"夜市/市場攤販","id":10030260,"pay_list":"","pay_tool":""},{"index":19,"shop":"水上公有零售市場-張碧玉","zone":"雲嘉南","city":"嘉義縣","area":"水上鄉","market_address":"嘉義縣水上鄉水上村正義路141號旁","user":"張碧玉","行業代號":null,"market_name":"水上公有零售市場","行業代號1":null,"名稱1":null,"行業代號2":null,"名稱2":null,"行業代號3":null,"名稱3":null,"category":"夜市/市場攤販","id":10030261,"pay_list":"","pay_tool":""},{"index":20,"shop":"水上公有零售市場-成發商號","zone":"雲嘉南","city":"嘉義縣","area":"水上鄉","market_address":"嘉義縣水上鄉水上村正義路141號旁","user":"鄭秋足","行業代號":null,"market_name":"水上公有零售市場","行業代號1":null,"名稱1":null,"行業代號2":null,"名稱2":null,"行業代號3":null,"名稱3":null,"category":"夜市/市場攤販","id":10030262,"pay_list":"","pay_tool":""},{"index":21,"shop":"水上公有零售市場-鄭凱仁","zone":"雲嘉南","city":"嘉義縣","area":"水上鄉","market_address":"嘉義縣水上鄉水上村正義路141號旁","user":"鄭凱仁","行業代號":null,"market_name":"水上公有零售市場","行業代號1":null,"名稱1":null,"行業代號2":null,"名稱2":null,"行業代號3":null,"名稱3":null,"category":"夜市/市場攤販","id":10030263,"pay_list":"","pay_tool":""},{"index":22,"shop":"水上公有零售市場-阿梅雞肉","zone":"雲嘉南","city":"嘉義縣","area":"水上鄉","market_address":"嘉義縣水上鄉水上村正義路141號旁","user":"賴蔡阿梅","行業代號":null,"market_name":"水上公有零售市場","行業代號1":null,"名稱1":null,"行業代號2":null,"名稱2":null,"行業代號3":null,"名稱3":null,"category":"夜市/市場攤販","id":10030264,"pay_list":"","pay_tool":""},{"index":23,"shop":"水上公有零售市場-蔡有福","zone":"雲嘉南","city":"嘉義縣","area":"水上鄉","market_address":"嘉義縣水上鄉水上村正義路141號旁","user":"蔡有福","行業代號":null,"market_name":"水上公有零售市場","行業代號1":null,"名稱1":null,"行業代號2":null,"名稱2":null,"行業代號3":null,"名稱3":null,"category":"夜市/市場攤販","id":10030265,"pay_list":"","pay_tool":""},{"index":24,"shop":"水上公有零售市場-阿梅雞肉","zone":"雲嘉南","city":"嘉義縣","area":"水上鄉","market_address":"嘉義縣水上鄉水上村正義路141號旁","user":"賴松生","行業代號":null,"market_name":"水上公有零售市場","行業代號1":null,"名稱1":null,"行業代號2":null,"名稱2":null,"行業代號3":null,"名稱3":null,"category":"夜市/市場攤販","id":10030266,"pay_list":"","pay_tool":""},{"index":25,"shop":"水上公有零售市場-阿安海產","zone":"雲嘉南","city":"嘉義縣","area":"水上鄉","market_address":"嘉義縣水上鄉水上村正義路141號旁","user":"蔡安傑","行業代號":null,"market_name":"水上公有零售市場","行業代號1":null,"名稱1":null,"行業代號2":null,"名稱2":null,"行業代號3":null,"名稱3":null,"category":"夜市/市場攤販","id":10030267,"pay_list":"","pay_tool":""},{"index":26,"shop":"水上公有零售市場-海產","zone":"雲嘉南","city":"嘉義縣","area":"水上鄉","market_address":"嘉義縣水上鄉水上村正義路141號旁","user":"林淑蘭","行業代號":null,"market_name":"水上公有零售市場","行業代號1":null,"名稱1":null,"行業代號2":null,"名稱2":null,"行業代號3":null,"名稱3":null,"category":"夜市/市場攤販","id":10030268,"pay_list":"","pay_tool":""},{"index":27,"shop":"水上公有零售市場-阿安海產","zone":"雲嘉南","city":"嘉義縣","area":"水上鄉","market_address":"嘉義縣水上鄉水上村正義路141號旁","user":"賴盈錚","行業代號":null,"market_name":"水上公有零售市場","行業代號1":null,"名稱1":null,"行業代號2":null,"名稱2":null,"行業代號3":null,"名稱3":null,"category":"夜市/市場攤販","id":10030271,"pay_list":"","pay_tool":""},{"index":28,"shop":"水上公有零售市場-海產","zone":"雲嘉南","city":"嘉義縣","area":"水上鄉","market_address":"嘉義縣水上鄉水上村正義路141號旁","user":"蔡鑫玉","行業代號":null,"market_name":"水上公有零售市場","行業代號1":null,"名稱1":null,"行業代號2":null,"名稱2":null,"行業代號3":null,"名稱3":null,"category":"夜市/市場攤販","id":10030272,"pay_list":"","pay_tool":""},{"index":29,"shop":"水上公有零售市場-玉珍食品行","zone":"雲嘉南","city":"嘉義縣","area":"水上鄉","market_address":"嘉義縣水上鄉水上村正義路141號旁","user":"柯秀芬","行業代號":null,"market_name":"水上公有零售市場","行業代號1":null,"名稱1":null,"行業代號2":null,"名稱2":null,"行業代號3":null,"名稱3":null,"category":"夜市/市場攤販","id":10030273,"pay_list":"","pay_tool":""},{"index":30,"shop":"水上公有零售市場-阿興碗粿","zone":"雲嘉南","city":"嘉義縣","area":"水上鄉","market_address":"嘉義縣水上鄉水上村正義路141號旁","user":"黃順興","行業代號":null,"market_name":"水上公有零售市場","行業代號1":null,"名稱1":null,"行業代號2":null,"名稱2":null,"行業代號3":null,"名稱3":null,"category":"夜市/市場攤販","id":10030274,"pay_list":"","pay_tool":""},{"index":31,"shop":"水上公有零售市場-玉珍食品行","zone":"雲嘉南","city":"嘉義縣","area":"水上鄉","market_address":"嘉義縣水上鄉水上村正義路141號旁","user":"柯秀燕","行業代號":null,"market_name":"水上公有零售市場","行業代號1":null,"名稱1":null,"行業代號2":null,"名稱2":null,"行業代號3":null,"名稱3":null,"category":"夜市/市場攤販","id":10030275,"pay_list":"","pay_tool":""},{"index":32,"shop":"水上公有零售市場-陳國治","zone":"雲嘉南","city":"嘉義縣","area":"水上鄉","market_address":"嘉義縣水上鄉水上村正義路141號旁","user":"陳國治","行業代號":null,"market_name":"水上公有零售市場","行業代號1":null,"名稱1":null,"行業代號2":null,"名稱2":null,"行業代號3":null,"名稱3":null,"category":"夜市/市場攤販","id":10030276,"pay_list":"","pay_tool":""},{"index":33,"shop":"水上公有零售市場-張永祿","zone":"雲嘉南","city":"嘉義縣","area":"水上鄉","market_address":"嘉義縣水上鄉水上村正義路141號旁","user":"張永祿","行業代號":null,"market_name":"水上公有零售市場","行業代號1":null,"名稱1":null,"行業代號2":null,"名稱2":null,"行業代號3":null,"名稱3":null,"category":"夜市/市場攤販","id":10030277,"pay_list":"","pay_tool":""},{"index":34,"shop":"水上公有零售市場-邱李玉","zone":"雲嘉南","city":"嘉義縣","area":"水上鄉","market_address":"嘉義縣水上鄉水上村正義路141號旁","user":"邱李玉","行業代號":null,"market_name":"水上公有零售市場","行業代號1":null,"名稱1":null,"行業代號2":null,"名稱2":null,"行業代號3":null,"名稱3":null,"category":"夜市/市場攤販","id":10030278,"pay_list":"","pay_tool":""},{"index":35,"shop":"水上公有零售市場-允口自助餐","zone":"雲嘉南","city":"嘉義縣","area":"水上鄉","market_address":"嘉義縣水上鄉水上村正義路141號旁","user":"陳黃淑慧","行業代號":null,"market_name":"水上公有零售市場","行業代號1":null,"名稱1":null,"行業代號2":null,"名稱2":null,"行業代號3":null,"名稱3":null,"category":"夜市/市場攤販","id":10030279,"pay_list":"","pay_tool":""},{"index":36,"shop":"水上公有零售市場-羅媽媽早餐","zone":"雲嘉南","city":"嘉義縣","area":"水上鄉","market_address":"嘉義縣水上鄉水上村正義路141號旁","user":"羅素殷","行業代號":null,"market_name":"水上公有零售市場","行業代號1":null,"名稱1":null,"行業代號2":null,"名稱2":null,"行業代號3":null,"名稱3":null,"category":"夜市/市場攤販","id":10030280,"pay_list":"","pay_tool":""},{"index":37,"shop":"水上公有零售市場-陳明聰","zone":"雲嘉南","city":"嘉義縣","area":"水上鄉","market_address":"嘉義縣水上鄉水上村正義路141號旁","user":"陳明聰","行業代號":null,"market_name":"水上公有零售市場","行業代號1":null,"名稱1":null,"行業代號2":null,"名稱2":null,"行業代號3":null,"名稱3":null,"category":"夜市/市場攤販","id":10030282,"pay_list":"","pay_tool":""},{"index":38,"shop":"水上公有零售市場-佳品","zone":"雲嘉南","city":"嘉義縣","area":"水上鄉","market_address":"嘉義縣水上鄉水上村正義路141號旁","user":"陳春月","行業代號":null,"market_name":"水上公有零售市場","行業代號1":null,"名稱1":null,"行業代號2":null,"名稱2":null,"行業代號3":null,"名稱3":null,"category":"夜市/市場攤販","id":10030283,"pay_list":"","pay_tool":""},{"index":39,"shop":"水上公有零售市場-阿夆師肉捲","zone":"雲嘉南","city":"嘉義縣","area":"水上鄉","market_address":"嘉義縣水上鄉水上村正義路141號旁","user":"黎氏姍","行業代號":null,"market_name":"水上公有零售市場","行業代號1":null,"名稱1":null,"行業代號2":null,"名稱2":null,"行業代號3":null,"名稱3":null,"category":"夜市/市場攤販","id":10030284,"pay_list":"","pay_tool":""},{"index":40,"shop":"水上公有零售市場-何張素珠","zone":"雲嘉南","city":"嘉義縣","area":"水上鄉","market_address":"嘉義縣水上鄉水上村正義路141號旁","user":"何張素珠","行業代號":null,"market_name":"水上公有零售市場","行業代號1":null,"名稱1":null,"行業代號2":null,"名稱2":null,"行業代號3":null,"名稱3":null,"category":"夜市/市場攤販","id":10030285,"pay_list":"","pay_tool":""},{"index":41,"shop":"水上公有零售市場-素料","zone":"雲嘉南","city":"嘉義縣","area":"水上鄉","market_address":"嘉義縣水上鄉水上村正義路141號旁","user":"柯怡秀","行業代號":null,"market_name":"水上公有零售市場","行業代號1":null,"名稱1":null,"行業代號2":null,"名稱2":null,"行業代號3":null,"名稱3":null,"category":"夜市/市場攤販","id":10030286,"pay_list":"","pay_tool":""},{"index":42,"shop":"水上公有零售市場-玉山食品","zone":"雲嘉南","city":"嘉義縣","area":"水上鄉","market_address":"嘉義縣水上鄉水上村正義路141號旁","user":"唐琪媛","行業代號":null,"market_name":"水上公有零售市場","行業代號1":null,"名稱1":null,"行業代號2":null,"名稱2":null,"行業代號3":null,"名稱3":null,"category":"夜市/市場攤販","id":10030287,"pay_list":"","pay_tool":""},{"index":43,"shop":"水上公有零售市場-玉山食品","zone":"雲嘉南","city":"嘉義縣","area":"水上鄉","market_address":"嘉義縣水上鄉水上村正義路141號旁","user":"唐松宏","行業代號":null,"market_name":"水上公有零售市場","行業代號1":null,"名稱1":null,"行業代號2":null,"名稱2":null,"行業代號3":null,"名稱3":null,"category":"夜市/市場攤販","id":10030288,"pay_list":"","pay_tool":""},{"index":44,"shop":"水上公有零售市場-黃茂焜","zone":"雲嘉南","city":"嘉義縣","area":"水上鄉","market_address":"嘉義縣水上鄉水上村正義路141號旁","user":"黃茂焜","行業代號":null,"market_name":"水上公有零售市場","行業代號1":null,"名稱1":null,"行業代號2":null,"名稱2":null,"行業代號3":null,"名稱3":null,"category":"夜市/市場攤販","id":10030289,"pay_list":"","pay_tool":""},{"index":45,"shop":"水上公有零售市場-?華商號","zone":"雲嘉南","city":"嘉義縣","area":"水上鄉","market_address":"嘉義縣水上鄉水上村正義路141號旁","user":"林賴華","行業代號":null,"market_name":"水上公有零售市場","行業代號1":null,"名稱1":null,"行業代號2":null,"名稱2":null,"行業代號3":null,"名稱3":null,"category":"夜市/市場攤販","id":10030290,"pay_list":"","pay_tool":""},{"index":46,"shop":"水上公有零售市場-旺橘早餐","zone":"雲嘉南","city":"嘉義縣","area":"水上鄉","market_address":"嘉義縣水上鄉水上村正義路141號旁","user":"李鴻隆","行業代號":null,"market_name":"水上公有零售市場","行業代號1":null,"名稱1":null,"行業代號2":null,"名稱2":null,"行業代號3":null,"名稱3":null,"category":"夜市/市場攤販","id":10030291,"pay_list":"","pay_tool":""},{"index":47,"shop":"水上公有零售市場-馮世章","zone":"雲嘉南","city":"嘉義縣","area":"水上鄉","market_address":"嘉義縣水上鄉水上村正義路141號旁","user":"馮世章","行業代號":null,"market_name":"水上公有零售市場","行業代號1":null,"名稱1":null,"行業代號2":null,"名稱2":null,"行業代號3":null,"名稱3":null,"category":"夜市/市場攤販","id":10030293,"pay_list":"","pay_tool":""},{"index":48,"shop":"水上公有零售市場-馮張麗珍","zone":"雲嘉南","city":"嘉義縣","area":"水上鄉","market_address":"嘉義縣水上鄉水上村正義路141號旁","user":"馮張麗珍","行業代號":null,"market_name":"水上公有零售市場","行業代號1":null,"名稱1":null,"行業代號2":null,"名稱2":null,"行業代號3":null,"名稱3":null,"category":"夜市/市場攤販","id":10030294,"pay_list":"","pay_tool":""},{"index":49,"shop":"水上公有零售市場-吳麗娥","zone":"雲嘉南","city":"嘉義縣","area":"水上鄉","market_address":"嘉義縣水上鄉水上村正義路141號旁","user":"吳麗娥","行業代號":null,"market_name":"水上公有零售市場","行業代號1":null,"名稱1":null,"行業代號2":null,"名稱2":null,"行業代號3":null,"名稱3":null,"category":"夜市/市場攤販","id":10030295,"pay_list":"","pay_tool":""},{"index":50,"shop":"水上公有零售市場-黃財?","zone":"雲嘉南","city":"嘉義縣","area":"水上鄉","market_address":"嘉義縣水上鄉水上村正義路141號旁","user":"黃財?","行業代號":null,"market_name":"水上公有零售市場","行業代號1":null,"名稱1":null,"行業代號2":null,"名稱2":null,"行業代號3":null,"名稱3":null,"category":"夜市/市場攤販","id":10030296,"pay_list":"","pay_tool":""},{"index":51,"shop":"水上公有零售市場-謝素珍","zone":"雲嘉南","city":"嘉義縣","area":"水上鄉","market_address":"嘉義縣水上鄉水上村正義路141號旁","user":"謝素珍","行業代號":null,"market_name":"水上公有零售市場","行業代號1":null,"名稱1":null,"行業代號2":null,"名稱2":null,"行業代號3":null,"名稱3":null,"category":"夜市/市場攤販","id":10030297,"pay_list":"","pay_tool":""},{"index":52,"shop":"水上公有零售市場-陳國豪","zone":"雲嘉南","city":"嘉義縣","area":"水上鄉","market_address":"嘉義縣水上鄉水上村正義路141號旁","user":"陳國豪","行業代號":null,"market_name":"水上公有零售市場","行業代號1":null,"名稱1":null,"行業代號2":null,"名稱2":null,"行業代號3":null,"名稱3":null,"category":"夜市/市場攤販","id":10030298,"pay_list":"","pay_tool":""},{"index":53,"shop":"水上公有零售市場-賴沛琦","zone":"雲嘉南","city":"嘉義縣","area":"水上鄉","market_address":"嘉義縣水上鄉水上村正義路141號旁","user":"賴沛琦","行業代號":null,"market_name":"水上公有零售市場","行業代號1":null,"名稱1":null,"行業代號2":null,"名稱2":null,"行業代號3":null,"名稱3":null,"category":"夜市/市場攤販","id":10030299,"pay_list":"","pay_tool":""},{"index":54,"shop":"水上公有零售市場-賴建志","zone":"雲嘉南","city":"嘉義縣","area":"水上鄉","market_address":"嘉義縣水上鄉水上村正義路141號旁","user":"賴建志","行業代號":null,"market_name":"水上公有零售市場","行業代號1":null,"名稱1":null,"行業代號2":null,"名稱2":null,"行業代號3":null,"名稱3":null,"category":"夜市/市場攤販","id":10030300,"pay_list":"","pay_tool":""},{"index":55,"shop":"水上公有零售市場-林靜慧","zone":"雲嘉南","city":"嘉義縣","area":"水上鄉","market_address":"嘉義縣水上鄉水上村正義路141號旁","user":"林靜慧","行業代號":null,"market_name":"水上公有零售市場","行業代號1":null,"名稱1":null,"行業代號2":null,"名稱2":null,"行業代號3":null,"名稱3":null,"category":"夜市/市場攤販","id":10030301,"pay_list":"","pay_tool":""},{"index":56,"shop":"水上公有零售市場-蕭愷楠","zone":"雲嘉南","city":"嘉義縣","area":"水上鄉","market_address":"嘉義縣水上鄉水上村正義路141號旁","user":"蕭愷楠","行業代號":null,"market_name":"水上公有零售市場","行業代號1":null,"名稱1":null,"行業代號2":null,"名稱2":null,"行業代號3":null,"名稱3":null,"category":"夜市/市場攤販","id":10030302,"pay_list":"","pay_tool":""},{"index":57,"shop":"南靖公有零售市場-攤15","zone":"雲嘉南","city":"嘉義縣","area":"水上鄉","market_address":"嘉義縣水上鄉三鎮村42號","user":"胡昀","行業代號":null,"market_name":"南靖公有零售市場","行業代號1":null,"名稱1":null,"行業代號2":null,"名稱2":null,"行業代號3":null,"名稱3":null,"category":"夜市/市場攤販","id":10030304,"pay_list":"","pay_tool":""},{"index":58,"shop":"南靖公有零售市場-攤18","zone":"雲嘉南","city":"嘉義縣","area":"水上鄉","market_address":"嘉義縣水上鄉三鎮村42號","user":"蘇黃綵票","行業代號":null,"market_name":"南靖公有零售市場","行業代號1":null,"名稱1":null,"行業代號2":null,"名稱2":null,"行業代號3":null,"名稱3":null,"category":"夜市/市場攤販","id":10030305,"pay_list":"","pay_tool":""},{"index":59,"shop":"南靖公有零售市場-攤31","zone":"雲嘉南","city":"嘉義縣","area":"水上鄉","market_address":"嘉義縣水上鄉三鎮村42號","user":"黃呂金花","行業代號":null,"market_name":"南靖公有零售市場","行業代號1":null,"名稱1":null,"行業代號2":null,"名稱2":null,"行業代號3":null,"名稱3":null,"category":"夜市/市場攤販","id":10030306,"pay_list":"","pay_tool":""},{"index":60,"shop":"南靖公有零售市場-攤33","zone":"雲嘉南","city":"嘉義縣","area":"水上鄉","market_address":"嘉義縣水上鄉三鎮村42號","user":"黃明榮","行業代號":null,"market_name":"南靖公有零售市場","行業代號1":null,"名稱1":null,"行業代號2":null,"名稱2":null,"行業代號3":null,"名稱3":null,"category":"夜市/市場攤販","id":10030307,"pay_list":"","pay_tool":""},{"index":61,"shop":"南靖公有零售市場-攤13","zone":"雲嘉南","city":"嘉義縣","area":"水上鄉","market_address":"嘉義縣水上鄉三鎮村42號","user":"賴佳煜","行業代號":null,"market_name":"南靖公有零售市場","行業代號1":null,"名稱1":null,"行業代號2":null,"名稱2":null,"行業代號3":null,"名稱3":null,"category":"夜市/市場攤販","id":10030308,"pay_list":"","pay_tool":""},{"index":62,"shop":"南靖公有零售市場-攤11","zone":"雲嘉南","city":"嘉義縣","area":"水上鄉","market_address":"嘉義縣水上鄉三鎮村42號","user":"劉嘉宗","行業代號":null,"market_name":"南靖公有零售市場","行業代號1":null,"名稱1":null,"行業代號2":null,"名稱2":null,"行業代號3":null,"名稱3":null,"category":"夜市/市場攤販","id":10030309,"pay_list":"","pay_tool":""},{"index":63,"shop":"南靖公有零售市場-攤10","zone":"雲嘉南","city":"嘉義縣","area":"水上鄉","market_address":"嘉義縣水上鄉三鎮村42號","user":"賴建協","行業代號":null,"market_name":"南靖公有零售市場","行業代號1":null,"名稱1":null,"行業代號2":null,"名稱2":null,"行業代號3":null,"名稱3":null,"category":"夜市/市場攤販","id":10030310,"pay_list":"","pay_tool":""},{"index":64,"shop":"鄭安恬","zone":"雲嘉南","city":"嘉義縣","area":"水上鄉","market_address":"嘉義縣水上鄉水上村１鄰中正路１６３號前","user":"鄭安恬","行業代號":null,"market_name":["餐食攤販"],"行業代號1":null,"名稱1":null,"行業代號2":null,"名稱2":null,"行業代號3":null,"名稱3":null,"category":["夜市/市場攤販"],"id":20013464,"pay_list":"","pay_tool":""},{"index":65,"shop":"頂厝二十七碳烤店","zone":"雲嘉南","city":"嘉義縣","area":"水上鄉","market_address":"嘉義縣水上鄉寬士村１４鄰崎子頭２７―２０５號","user":"蔡育典","行業代號":null,"market_name":["餐食攤販"],"行業代號1":null,"名稱1":null,"行業代號2":null,"名稱2":null,"行業代號3":null,"名稱3":null,"category":["夜市/市場攤販"],"id":20052372,"pay_list":"","pay_tool":""},{"index":66,"shop":"王家屁孩冷飲店","zone":"雲嘉南","city":"嘉義縣","area":"水上鄉","market_address":"嘉義縣水上鄉回歸村建國四村１９１－３號１樓","user":"呂貴美","行業代號":"563200","market_name":["調理飲料攤販"],"行業代號1":"","名稱1":"","行業代號2":"","名稱2":"","行業代號3":"","名稱3":"","category":["夜市/市場攤販"],"id":60074307,"pay_list":null,"pay_tool":null},{"index":67,"shop":"嘉琪企業社","zone":"雲嘉南","city":"嘉義縣","area":"水上鄉","market_address":"嘉義縣水上鄉水頭村正義路２１號","user":"林恩嘉","行業代號":"561200","market_name":["冰果店、冷（熱）飲店","其他未分類食品製造","餐食攤販"],"行業代號1":"563111","名稱1":"冰果店、冷（熱）飲店","行業代號2":"089999","名稱2":"其他未分類食品製造","行業代號3":"","名稱3":"","category":["餐飲","夜市/市場攤販"],"id":60095623,"pay_list":null,"pay_tool":null},{"index":68,"shop":"水釧燒烤","zone":"雲嘉南","city":"嘉義縣","area":"水上鄉","market_address":"嘉義縣水上鄉中庄村中庄７１―１０５號","user":"黃水池","行業代號":"561200","market_name":["餐食攤販"],"行業代號1":"","名稱1":"","行業代號2":"","名稱2":"","行業代號3":"","名稱3":"","category":["夜市/市場攤販"],"id":60095686,"pay_list":null,"pay_tool":null},{"index":69,"shop":"口口加家廚料理","zone":"雲嘉南","city":"嘉義縣","area":"水上鄉","market_address":"嘉義縣水上鄉粗溪村粗溪２０―１７７號６樓","user":"吳培慈","行業代號":"561200","market_name":["餐食攤販"],"行業代號1":"","名稱1":"","行業代號2":"","名稱2":"","行業代號3":"","名稱3":"","category":["夜市/市場攤販"],"id":60110142,"pay_list":null,"pay_tool":null}]