[{"index":1,"id":10029572,"user":"張素貞","shop":"北興公有零售市場-張素貞","category":"夜市/市場攤販","zone":"雲嘉南","city":"嘉義市","area":"西區","market_name":"北興公有零售市場","market_address":"嘉義市西區北興陸橋下","pay_list":"","pay_tool":"","行業代號":null,"行業代號1":null,"名稱1":null,"行業代號2":null,"名稱2":null,"行業代號3":null,"名稱3":null},{"index":2,"id":10029573,"user":"陳吳美秀","shop":"北興公有零售市場-陳吳美秀","category":"夜市/市場攤販","zone":"雲嘉南","city":"嘉義市","area":"西區","market_name":"北興公有零售市場","market_address":"嘉義市西區北興陸橋下","pay_list":"","pay_tool":"","行業代號":null,"行業代號1":null,"名稱1":null,"行業代號2":null,"名稱2":null,"行業代號3":null,"名稱3":null},{"index":3,"id":10029574,"user":"陳許梅花","shop":"北興公有零售市場-陳許梅花","category":"夜市/市場攤販","zone":"雲嘉南","city":"嘉義市","area":"西區","market_name":"北興公有零售市場","market_address":"嘉義市西區北興陸橋下","pay_list":"","pay_tool":"","行業代號":null,"行業代號1":null,"名稱1":null,"行業代號2":null,"名稱2":null,"行業代號3":null,"名稱3":null},{"index":4,"id":10029575,"user":"陳惠君","shop":"北興公有零售市場-陳惠君","category":"夜市/市場攤販","zone":"雲嘉南","city":"嘉義市","area":"西區","market_name":"北興公有零售市場","market_address":"嘉義市西區北興陸橋下","pay_list":"","pay_tool":"","行業代號":null,"行業代號1":null,"名稱1":null,"行業代號2":null,"名稱2":null,"行業代號3":null,"名稱3":null},{"index":5,"id":10029576,"user":"蔡繡玲","shop":"北興公有零售市場-蔡繡玲","category":"夜市/市場攤販","zone":"雲嘉南","city":"嘉義市","area":"西區","market_name":"北興公有零售市場","market_address":"嘉義市西區北興陸橋下","pay_list":"","pay_tool":"","行業代號":null,"行業代號1":null,"名稱1":null,"行業代號2":null,"名稱2":null,"行業代號3":null,"名稱3":null},{"index":6,"id":10029577,"user":"許勝景","shop":"北興公有零售市場-許勝景","category":"夜市/市場攤販","zone":"雲嘉南","city":"嘉義市","area":"西區","market_name":"北興公有零售市場","market_address":"嘉義市西區北興陸橋下","pay_list":"","pay_tool":"","行業代號":null,"行業代號1":null,"名稱1":null,"行業代號2":null,"名稱2":null,"行業代號3":null,"名稱3":null},{"index":7,"id":10029578,"user":"許秀雄","shop":"北興公有零售市場-許秀雄","category":"夜市/市場攤販","zone":"雲嘉南","city":"嘉義市","area":"西區","market_name":"北興公有零售市場","market_address":"嘉義市西區北興陸橋下","pay_list":"","pay_tool":"","行業代號":null,"行業代號1":null,"名稱1":null,"行業代號2":null,"名稱2":null,"行業代號3":null,"名稱3":null},{"index":8,"id":10029579,"user":"黃秉豐","shop":"北興公有零售市場-黃秉豐","category":"夜市/市場攤販","zone":"雲嘉南","city":"嘉義市","area":"西區","market_name":"北興公有零售市場","market_address":"嘉義市西區北興陸橋下","pay_list":"","pay_tool":"","行業代號":null,"行業代號1":null,"名稱1":null,"行業代號2":null,"名稱2":null,"行業代號3":null,"名稱3":null},{"index":9,"id":10029581,"user":"顏榮利","shop":"北興公有零售市場-顏榮利","category":"夜市/市場攤販","zone":"雲嘉南","city":"嘉義市","area":"西區","market_name":"北興公有零售市場","market_address":"嘉義市西區北興陸橋下","pay_list":"","pay_tool":"","行業代號":null,"行業代號1":null,"名稱1":null,"行業代號2":null,"名稱2":null,"行業代號3":null,"名稱3":null},{"index":10,"id":10029582,"user":"曾筱文","shop":"北興公有零售市場-曾筱文","category":"夜市/市場攤販","zone":"雲嘉南","city":"嘉義市","area":"西區","market_name":"北興公有零售市場","market_address":"嘉義市西區北興陸橋下","pay_list":"","pay_tool":"","行業代號":null,"行業代號1":null,"名稱1":null,"行業代號2":null,"名稱2":null,"行業代號3":null,"名稱3":null},{"index":11,"id":10029583,"user":"黃秀月","shop":"北興公有零售市場-黃秀月","category":"夜市/市場攤販","zone":"雲嘉南","city":"嘉義市","area":"西區","market_name":"北興公有零售市場","market_address":"嘉義市西區北興陸橋下","pay_list":"","pay_tool":"","行業代號":null,"行業代號1":null,"名稱1":null,"行業代號2":null,"名稱2":null,"行業代號3":null,"名稱3":null},{"index":12,"id":10029584,"user":"王仁忠","shop":"北興公有零售市場-王仁忠","category":"夜市/市場攤販","zone":"雲嘉南","city":"嘉義市","area":"西區","market_name":"北興公有零售市場","market_address":"嘉義市西區北興陸橋下","pay_list":"","pay_tool":"","行業代號":null,"行業代號1":null,"名稱1":null,"行業代號2":null,"名稱2":null,"行業代號3":null,"名稱3":null},{"index":13,"id":10029585,"user":"吳阿雲","shop":"北興公有零售市場-吳阿雲","category":"夜市/市場攤販","zone":"雲嘉南","city":"嘉義市","area":"西區","market_name":"北興公有零售市場","market_address":"嘉義市西區北興陸橋下","pay_list":"","pay_tool":"","行業代號":null,"行業代號1":null,"名稱1":null,"行業代號2":null,"名稱2":null,"行業代號3":null,"名稱3":null},{"index":14,"id":10029586,"user":"洪?嘉","shop":"北興公有零售市場-洪?嘉","category":"夜市/市場攤販","zone":"雲嘉南","city":"嘉義市","area":"西區","market_name":"北興公有零售市場","market_address":"嘉義市西區北興陸橋下","pay_list":"","pay_tool":"","行業代號":null,"行業代號1":null,"名稱1":null,"行業代號2":null,"名稱2":null,"行業代號3":null,"名稱3":null},{"index":15,"id":10029587,"user":"謝凱莉","shop":"北興公有零售市場-謝凱莉","category":"夜市/市場攤販","zone":"雲嘉南","city":"嘉義市","area":"西區","market_name":"北興公有零售市場","market_address":"嘉義市西區北興陸橋下","pay_list":"","pay_tool":"","行業代號":null,"行業代號1":null,"名稱1":null,"行業代號2":null,"名稱2":null,"行業代號3":null,"名稱3":null},{"index":16,"id":10029588,"user":"蔡宜靜","shop":"北興公有零售市場-蔡宜靜","category":"夜市/市場攤販","zone":"雲嘉南","city":"嘉義市","area":"西區","market_name":"北興公有零售市場","market_address":"嘉義市西區北興陸橋下","pay_list":"","pay_tool":"","行業代號":null,"行業代號1":null,"名稱1":null,"行業代號2":null,"名稱2":null,"行業代號3":null,"名稱3":null},{"index":17,"id":10029589,"user":"邱謝碧茸","shop":"北興公有零售市場-邱謝碧茸","category":"夜市/市場攤販","zone":"雲嘉南","city":"嘉義市","area":"西區","market_name":"北興公有零售市場","market_address":"嘉義市西區北興陸橋下","pay_list":"","pay_tool":"","行業代號":null,"行業代號1":null,"名稱1":null,"行業代號2":null,"名稱2":null,"行業代號3":null,"名稱3":null},{"index":18,"id":10029590,"user":"陳嘉全","shop":"北興公有零售市場-陳嘉全","category":"夜市/市場攤販","zone":"雲嘉南","city":"嘉義市","area":"西區","market_name":"北興公有零售市場","market_address":"嘉義市西區北興陸橋下","pay_list":"","pay_tool":"","行業代號":null,"行業代號1":null,"名稱1":null,"行業代號2":null,"名稱2":null,"行業代號3":null,"名稱3":null},{"index":19,"id":10029592,"user":"陳貴枝","shop":"北興公有零售市場-陳貴枝","category":"夜市/市場攤販","zone":"雲嘉南","city":"嘉義市","area":"西區","market_name":"北興公有零售市場","market_address":"嘉義市西區北興陸橋下","pay_list":"","pay_tool":"","行業代號":null,"行業代號1":null,"名稱1":null,"行業代號2":null,"名稱2":null,"行業代號3":null,"名稱3":null},{"index":20,"id":10029593,"user":"黃秋香","shop":"北興公有零售市場-黃秋香","category":"夜市/市場攤販","zone":"雲嘉南","city":"嘉義市","area":"西區","market_name":"北興公有零售市場","market_address":"嘉義市西區北興陸橋下","pay_list":"","pay_tool":"","行業代號":null,"行業代號1":null,"名稱1":null,"行業代號2":null,"名稱2":null,"行業代號3":null,"名稱3":null},{"index":21,"id":10029594,"user":"王玉珠","shop":"北興公有零售市場-王玉珠","category":"夜市/市場攤販","zone":"雲嘉南","city":"嘉義市","area":"西區","market_name":"北興公有零售市場","market_address":"嘉義市西區北興陸橋下","pay_list":"","pay_tool":"","行業代號":null,"行業代號1":null,"名稱1":null,"行業代號2":null,"名稱2":null,"行業代號3":null,"名稱3":null},{"index":22,"id":10029595,"user":"劉美翠","shop":"北興公有零售市場-劉美翠","category":"夜市/市場攤販","zone":"雲嘉南","city":"嘉義市","area":"西區","market_name":"北興公有零售市場","market_address":"嘉義市西區北興陸橋下","pay_list":"","pay_tool":"","行業代號":null,"行業代號1":null,"名稱1":null,"行業代號2":null,"名稱2":null,"行業代號3":null,"名稱3":null},{"index":23,"id":10029596,"user":"呂旻昌","shop":"北興公有零售市場-呂旻昌","category":"夜市/市場攤販","zone":"雲嘉南","city":"嘉義市","area":"西區","market_name":"北興公有零售市場","market_address":"嘉義市西區北興陸橋下","pay_list":"","pay_tool":"","行業代號":null,"行業代號1":null,"名稱1":null,"行業代號2":null,"名稱2":null,"行業代號3":null,"名稱3":null},{"index":24,"id":10029597,"user":"鄭素琴","shop":"北興公有零售市場-鄭素琴","category":"夜市/市場攤販","zone":"雲嘉南","city":"嘉義市","area":"西區","market_name":"北興公有零售市場","market_address":"嘉義市西區北興陸橋下","pay_list":"","pay_tool":"","行業代號":null,"行業代號1":null,"名稱1":null,"行業代號2":null,"名稱2":null,"行業代號3":null,"名稱3":null},{"index":25,"id":10029598,"user":"王培霖","shop":"北興公有零售市場-王培霖","category":"夜市/市場攤販","zone":"雲嘉南","city":"嘉義市","area":"西區","market_name":"北興公有零售市場","market_address":"嘉義市西區北興陸橋下","pay_list":"","pay_tool":"","行業代號":null,"行業代號1":null,"名稱1":null,"行業代號2":null,"名稱2":null,"行業代號3":null,"名稱3":null},{"index":26,"id":10029599,"user":"王蘭馨","shop":"北興公有零售市場-王蘭馨","category":"夜市/市場攤販","zone":"雲嘉南","city":"嘉義市","area":"西區","market_name":"北興公有零售市場","market_address":"嘉義市西區北興陸橋下","pay_list":"","pay_tool":"","行業代號":null,"行業代號1":null,"名稱1":null,"行業代號2":null,"名稱2":null,"行業代號3":null,"名稱3":null},{"index":27,"id":10029600,"user":"翁麗雲","shop":"北興公有零售市場-翁麗雲","category":"夜市/市場攤販","zone":"雲嘉南","city":"嘉義市","area":"西區","market_name":"北興公有零售市場","market_address":"嘉義市西區北興陸橋下","pay_list":"","pay_tool":"","行業代號":null,"行業代號1":null,"名稱1":null,"行業代號2":null,"名稱2":null,"行業代號3":null,"名稱3":null},{"index":28,"id":10029601,"user":"陳盈達","shop":"北興公有零售市場-陳盈達","category":"夜市/市場攤販","zone":"雲嘉南","city":"嘉義市","area":"西區","market_name":"北興公有零售市場","market_address":"嘉義市西區北興陸橋下","pay_list":"","pay_tool":"","行業代號":null,"行業代號1":null,"名稱1":null,"行業代號2":null,"名稱2":null,"行業代號3":null,"名稱3":null},{"index":29,"id":10029604,"user":"陳清福","shop":"北興公有零售市場-陳清福","category":"夜市/市場攤販","zone":"雲嘉南","city":"嘉義市","area":"西區","market_name":"北興公有零售市場","market_address":"嘉義市西區北興陸橋下","pay_list":"","pay_tool":"","行業代號":null,"行業代號1":null,"名稱1":null,"行業代號2":null,"名稱2":null,"行業代號3":null,"名稱3":null},{"index":30,"id":10029605,"user":"林伶俐","shop":"北興公有零售市場-林伶俐","category":"夜市/市場攤販","zone":"雲嘉南","city":"嘉義市","area":"西區","market_name":"北興公有零售市場","market_address":"嘉義市西區北興陸橋下","pay_list":"","pay_tool":"","行業代號":null,"行業代號1":null,"名稱1":null,"行業代號2":null,"名稱2":null,"行業代號3":null,"名稱3":null},{"index":31,"id":10029606,"user":"吳春菊","shop":"北興公有零售市場-吳春菊","category":"夜市/市場攤販","zone":"雲嘉南","city":"嘉義市","area":"西區","market_name":"北興公有零售市場","market_address":"嘉義市西區北興陸橋下","pay_list":"","pay_tool":"","行業代號":null,"行業代號1":null,"名稱1":null,"行業代號2":null,"名稱2":null,"行業代號3":null,"名稱3":null},{"index":32,"id":10029607,"user":"吳鳳春","shop":"北興公有零售市場-吳鳳春","category":"夜市/市場攤販","zone":"雲嘉南","city":"嘉義市","area":"西區","market_name":"北興公有零售市場","market_address":"嘉義市西區北興陸橋下","pay_list":"","pay_tool":"","行業代號":null,"行業代號1":null,"名稱1":null,"行業代號2":null,"名稱2":null,"行業代號3":null,"名稱3":null},{"index":33,"id":10029608,"user":"陳林愛嬌","shop":"北興公有零售市場-陳林愛嬌","category":"夜市/市場攤販","zone":"雲嘉南","city":"嘉義市","area":"西區","market_name":"北興公有零售市場","market_address":"嘉義市西區北興陸橋下","pay_list":"","pay_tool":"","行業代號":null,"行業代號1":null,"名稱1":null,"行業代號2":null,"名稱2":null,"行業代號3":null,"名稱3":null},{"index":34,"id":10029609,"user":"李黃麗美","shop":"北興公有零售市場-李黃麗美","category":"夜市/市場攤販","zone":"雲嘉南","city":"嘉義市","area":"西區","market_name":"北興公有零售市場","market_address":"嘉義市西區北興陸橋下","pay_list":"","pay_tool":"","行業代號":null,"行業代號1":null,"名稱1":null,"行業代號2":null,"名稱2":null,"行業代號3":null,"名稱3":null},{"index":35,"id":10029610,"user":"蘇黃玉花","shop":"北興公有零售市場-蘇黃玉花","category":"夜市/市場攤販","zone":"雲嘉南","city":"嘉義市","area":"西區","market_name":"北興公有零售市場","market_address":"嘉義市西區北興陸橋下","pay_list":"","pay_tool":"","行業代號":null,"行業代號1":null,"名稱1":null,"行業代號2":null,"名稱2":null,"行業代號3":null,"名稱3":null},{"index":36,"id":10029611,"user":"林英蓮","shop":"北興公有零售市場-林英蓮","category":"夜市/市場攤販","zone":"雲嘉南","city":"嘉義市","area":"西區","market_name":"北興公有零售市場","market_address":"嘉義市西區北興陸橋下","pay_list":"","pay_tool":"","行業代號":null,"行業代號1":null,"名稱1":null,"行業代號2":null,"名稱2":null,"行業代號3":null,"名稱3":null},{"index":37,"id":10029612,"user":"陳淑容","shop":"北興公有零售市場-陳淑容","category":"夜市/市場攤販","zone":"雲嘉南","city":"嘉義市","area":"西區","market_name":"北興公有零售市場","market_address":"嘉義市西區北興陸橋下","pay_list":"","pay_tool":"","行業代號":null,"行業代號1":null,"名稱1":null,"行業代號2":null,"名稱2":null,"行業代號3":null,"名稱3":null},{"index":38,"id":10029613,"user":"巫淑婷","shop":"北興公有零售市場-巫淑婷","category":"夜市/市場攤販","zone":"雲嘉南","city":"嘉義市","area":"西區","market_name":"北興公有零售市場","market_address":"嘉義市西區北興陸橋下","pay_list":"","pay_tool":"","行業代號":null,"行業代號1":null,"名稱1":null,"行業代號2":null,"名稱2":null,"行業代號3":null,"名稱3":null},{"index":39,"id":10029615,"user":"李淑珍","shop":"北興公有零售市場-李淑珍","category":"夜市/市場攤販","zone":"雲嘉南","city":"嘉義市","area":"西區","market_name":"北興公有零售市場","market_address":"嘉義市西區北興陸橋下","pay_list":"","pay_tool":"","行業代號":null,"行業代號1":null,"名稱1":null,"行業代號2":null,"名稱2":null,"行業代號3":null,"名稱3":null},{"index":40,"id":10029616,"user":"許明鑾","shop":"北興公有零售市場-許明鑾","category":"夜市/市場攤販","zone":"雲嘉南","city":"嘉義市","area":"西區","market_name":"北興公有零售市場","market_address":"嘉義市西區北興陸橋下","pay_list":"","pay_tool":"","行業代號":null,"行業代號1":null,"名稱1":null,"行業代號2":null,"名稱2":null,"行業代號3":null,"名稱3":null},{"index":41,"id":10029617,"user":"賴慧美","shop":"北興公有零售市場-賴慧美","category":"夜市/市場攤販","zone":"雲嘉南","city":"嘉義市","area":"西區","market_name":"北興公有零售市場","market_address":"嘉義市西區北興陸橋下","pay_list":"","pay_tool":"","行業代號":null,"行業代號1":null,"名稱1":null,"行業代號2":null,"名稱2":null,"行業代號3":null,"名稱3":null},{"index":42,"id":10029618,"user":"李文智","shop":"北興公有零售市場-李文智","category":"夜市/市場攤販","zone":"雲嘉南","city":"嘉義市","area":"西區","market_name":"北興公有零售市場","market_address":"嘉義市西區北興陸橋下","pay_list":"","pay_tool":"","行業代號":null,"行業代號1":null,"名稱1":null,"行業代號2":null,"名稱2":null,"行業代號3":null,"名稱3":null},{"index":43,"id":10029619,"user":"蔡蕙?","shop":"北興公有零售市場-蔡蕙?","category":"夜市/市場攤販","zone":"雲嘉南","city":"嘉義市","area":"西區","market_name":"北興公有零售市場","market_address":"嘉義市西區北興陸橋下","pay_list":"","pay_tool":"","行業代號":null,"行業代號1":null,"名稱1":null,"行業代號2":null,"名稱2":null,"行業代號3":null,"名稱3":null},{"index":44,"id":10029620,"user":"郭良用","shop":"北興公有零售市場-郭良用","category":"夜市/市場攤販","zone":"雲嘉南","city":"嘉義市","area":"西區","market_name":"北興公有零售市場","market_address":"嘉義市西區北興陸橋下","pay_list":"","pay_tool":"","行業代號":null,"行業代號1":null,"名稱1":null,"行業代號2":null,"名稱2":null,"行業代號3":null,"名稱3":null},{"index":45,"id":10029621,"user":"林水源","shop":"北興公有零售市場-林水源","category":"夜市/市場攤販","zone":"雲嘉南","city":"嘉義市","area":"西區","market_name":"北興公有零售市場","market_address":"嘉義市西區北興陸橋下","pay_list":"","pay_tool":"","行業代號":null,"行業代號1":null,"名稱1":null,"行業代號2":null,"名稱2":null,"行業代號3":null,"名稱3":null},{"index":46,"id":10029622,"user":"蔡並珊","shop":"西公有零售市場-采衣舖","category":"夜市/市場攤販","zone":"雲嘉南","city":"嘉義市","area":"西區","market_name":"西公有零售市場","market_address":"嘉義市西區國華街245號","pay_list":"","pay_tool":"","行業代號":null,"行業代號1":null,"名稱1":null,"行業代號2":null,"名稱2":null,"行業代號3":null,"名稱3":null},{"index":47,"id":10029623,"user":"李文志","shop":"西公有零售市場-西市草魚湯","category":"夜市/市場攤販","zone":"雲嘉南","city":"嘉義市","area":"西區","market_name":"西公有零售市場","market_address":"嘉義市西區國華街245號","pay_list":"","pay_tool":"","行業代號":null,"行業代號1":null,"名稱1":null,"行業代號2":null,"名稱2":null,"行業代號3":null,"名稱3":null},{"index":48,"id":10029624,"user":"黃金樟","shop":"西公有零售市場-我們的店","category":"夜市/市場攤販","zone":"雲嘉南","city":"嘉義市","area":"西區","market_name":"西公有零售市場","market_address":"嘉義市西區國華街245號","pay_list":"","pay_tool":"","行業代號":null,"行業代號1":null,"名稱1":null,"行業代號2":null,"名稱2":null,"行業代號3":null,"名稱3":null},{"index":49,"id":10029626,"user":"陳信良","shop":"西公有零售市場-寶聖童裝","category":"夜市/市場攤販","zone":"雲嘉南","city":"嘉義市","area":"西區","market_name":"西公有零售市場","market_address":"嘉義市西區國華街245號","pay_list":"","pay_tool":"","行業代號":null,"行業代號1":null,"名稱1":null,"行業代號2":null,"名稱2":null,"行業代號3":null,"名稱3":null},{"index":50,"id":10029627,"user":"呂旻安","shop":"西公有零售市場-納尼","category":"夜市/市場攤販","zone":"雲嘉南","city":"嘉義市","area":"西區","market_name":"西公有零售市場","market_address":"嘉義市西區國華街245號","pay_list":"","pay_tool":"","行業代號":null,"行業代號1":null,"名稱1":null,"行業代號2":null,"名稱2":null,"行業代號3":null,"名稱3":null},{"index":51,"id":10029628,"user":"張徐美津","shop":"西公有零售市場-美達百貨行","category":"夜市/市場攤販","zone":"雲嘉南","city":"嘉義市","area":"西區","market_name":"西公有零售市場","market_address":"嘉義市西區國華街245號","pay_list":"","pay_tool":"","行業代號":null,"行業代號1":null,"名稱1":null,"行業代號2":null,"名稱2":null,"行業代號3":null,"名稱3":null},{"index":52,"id":10029629,"user":"楊順福","shop":"西公有零售市場-無名","category":"夜市/市場攤販","zone":"雲嘉南","city":"嘉義市","area":"西區","market_name":"西公有零售市場","market_address":"嘉義市西區國華街245號","pay_list":"","pay_tool":"","行業代號":null,"行業代號1":null,"名稱1":null,"行業代號2":null,"名稱2":null,"行業代號3":null,"名稱3":null},{"index":53,"id":10029630,"user":"沈承峰","shop":"西公有零售市場-小沈服飾","category":"夜市/市場攤販","zone":"雲嘉南","city":"嘉義市","area":"西區","market_name":"西公有零售市場","market_address":"嘉義市西區國華街245號","pay_list":"","pay_tool":"","行業代號":null,"行業代號1":null,"名稱1":null,"行業代號2":null,"名稱2":null,"行業代號3":null,"名稱3":null},{"index":54,"id":10029631,"user":"林美賢","shop":"西公有零售市場-巧欣手工坊","category":"夜市/市場攤販","zone":"雲嘉南","city":"嘉義市","area":"西區","market_name":"西公有零售市場","market_address":"嘉義市西區國華街245號","pay_list":"","pay_tool":"","行業代號":null,"行業代號1":null,"名稱1":null,"行業代號2":null,"名稱2":null,"行業代號3":null,"名稱3":null},{"index":55,"id":10029632,"user":"李白櫻","shop":"西公有零售市場-Mide","category":"夜市/市場攤販","zone":"雲嘉南","city":"嘉義市","area":"西區","market_name":"西公有零售市場","market_address":"嘉義市西區國華街245號","pay_list":"","pay_tool":"","行業代號":null,"行業代號1":null,"名稱1":null,"行業代號2":null,"名稱2":null,"行業代號3":null,"名稱3":null},{"index":56,"id":10029633,"user":"黃振南","shop":"西公有零售市場-素食材料","category":"夜市/市場攤販","zone":"雲嘉南","city":"嘉義市","area":"西區","market_name":"西公有零售市場","market_address":"嘉義市西區國華街245號","pay_list":"","pay_tool":"","行業代號":null,"行業代號1":null,"名稱1":null,"行業代號2":null,"名稱2":null,"行業代號3":null,"名稱3":null},{"index":57,"id":10029634,"user":"王姵臻","shop":"西公有零售市場-甄品冷凍","category":"夜市/市場攤販","zone":"雲嘉南","city":"嘉義市","area":"西區","market_name":"西公有零售市場","market_address":"嘉義市西區國華街245號","pay_list":"","pay_tool":"","行業代號":null,"行業代號1":null,"名稱1":null,"行業代號2":null,"名稱2":null,"行業代號3":null,"名稱3":null},{"index":58,"id":10029635,"user":"陳玉貞","shop":"西公有零售市場-愛玩美","category":"夜市/市場攤販","zone":"雲嘉南","city":"嘉義市","area":"西區","market_name":"西公有零售市場","market_address":"嘉義市西區國華街245號","pay_list":"","pay_tool":"","行業代號":null,"行業代號1":null,"名稱1":null,"行業代號2":null,"名稱2":null,"行業代號3":null,"名稱3":null},{"index":59,"id":10029637,"user":"林尚鴻","shop":"西公有零售市場-新合發葯房","category":"夜市/市場攤販","zone":"雲嘉南","city":"嘉義市","area":"西區","market_name":"西公有零售市場","market_address":"嘉義市西區國華街245號","pay_list":"","pay_tool":"","行業代號":null,"行業代號1":null,"名稱1":null,"行業代號2":null,"名稱2":null,"行業代號3":null,"名稱3":null},{"index":60,"id":10029638,"user":"吳文沂","shop":"西公有零售市場-水果行","category":"夜市/市場攤販","zone":"雲嘉南","city":"嘉義市","area":"西區","market_name":"西公有零售市場","market_address":"嘉義市西區國華街245號","pay_list":"","pay_tool":"","行業代號":null,"行業代號1":null,"名稱1":null,"行業代號2":null,"名稱2":null,"行業代號3":null,"名稱3":null},{"index":61,"id":10029639,"user":"黃江淑容","shop":"西公有零售市場-景耀雞肉店","category":"夜市/市場攤販","zone":"雲嘉南","city":"嘉義市","area":"西區","market_name":"西公有零售市場","market_address":"嘉義市西區國華街245號","pay_list":"","pay_tool":"","行業代號":null,"行業代號1":null,"名稱1":null,"行業代號2":null,"名稱2":null,"行業代號3":null,"名稱3":null},{"index":62,"id":10029640,"user":"王淑美","shop":"西公有零售市場-阿美鮮魚店","category":"夜市/市場攤販","zone":"雲嘉南","city":"嘉義市","area":"西區","market_name":"西公有零售市場","market_address":"嘉義市西區國華街245號","pay_list":"","pay_tool":"","行業代號":null,"行業代號1":null,"名稱1":null,"行業代號2":null,"名稱2":null,"行業代號3":null,"名稱3":null},{"index":63,"id":10029641,"user":"郭義文","shop":"西公有零售市場-台北珍","category":"夜市/市場攤販","zone":"雲嘉南","city":"嘉義市","area":"西區","market_name":"西公有零售市場","market_address":"嘉義市西區國華街245號","pay_list":"","pay_tool":"","行業代號":null,"行業代號1":null,"名稱1":null,"行業代號2":null,"名稱2":null,"行業代號3":null,"名稱3":null},{"index":64,"id":10029642,"user":"郭義隆","shop":"西公有零售市場-肉脯店","category":"夜市/市場攤販","zone":"雲嘉南","city":"嘉義市","area":"西區","market_name":"西公有零售市場","market_address":"嘉義市西區國華街245號","pay_list":"","pay_tool":"","行業代號":null,"行業代號1":null,"名稱1":null,"行業代號2":null,"名稱2":null,"行業代號3":null,"名稱3":null},{"index":65,"id":10029643,"user":"黃慶峰","shop":"西公有零售市場-毛豆的店","category":"夜市/市場攤販","zone":"雲嘉南","city":"嘉義市","area":"西區","market_name":"西公有零售市場","market_address":"嘉義市西區國華街245號","pay_list":"","pay_tool":"","行業代號":null,"行業代號1":null,"名稱1":null,"行業代號2":null,"名稱2":null,"行業代號3":null,"名稱3":null},{"index":66,"id":10029644,"user":"鄭樹蕾","shop":"西公有零售市場-樹蕾服飾","category":"夜市/市場攤販","zone":"雲嘉南","city":"嘉義市","area":"西區","market_name":"西公有零售市場","market_address":"嘉義市西區國華街245號","pay_list":"","pay_tool":"","行業代號":null,"行業代號1":null,"名稱1":null,"行業代號2":null,"名稱2":null,"行業代號3":null,"名稱3":null},{"index":67,"id":10029645,"user":"吳芳蘭","shop":"西公有零售市場-阿蘭手作","category":"夜市/市場攤販","zone":"雲嘉南","city":"嘉義市","area":"西區","market_name":"西公有零售市場","market_address":"嘉義市西區國華街245號","pay_list":"","pay_tool":"","行業代號":null,"行業代號1":null,"名稱1":null,"行業代號2":null,"名稱2":null,"行業代號3":null,"名稱3":null},{"index":68,"id":10029646,"user":"林中博","shop":"西公有零售市場-膜速屋","category":"夜市/市場攤販","zone":"雲嘉南","city":"嘉義市","area":"西區","market_name":"西公有零售市場","market_address":"嘉義市西區國華街245號","pay_list":"","pay_tool":"","行業代號":null,"行業代號1":null,"名稱1":null,"行業代號2":null,"名稱2":null,"行業代號3":null,"名稱3":null},{"index":69,"id":10029648,"user":"謝吉達","shop":"西公有零售市場-手機維修","category":"夜市/市場攤販","zone":"雲嘉南","city":"嘉義市","area":"西區","market_name":"西公有零售市場","market_address":"嘉義市西區國華街245號","pay_list":"","pay_tool":"","行業代號":null,"行業代號1":null,"名稱1":null,"行業代號2":null,"名稱2":null,"行業代號3":null,"名稱3":null},{"index":70,"id":10029649,"user":"翁士倫","shop":"西公有零售市場-二手店","category":"夜市/市場攤販","zone":"雲嘉南","city":"嘉義市","area":"西區","market_name":"西公有零售市場","market_address":"嘉義市西區國華街245號","pay_list":"","pay_tool":"","行業代號":null,"行業代號1":null,"名稱1":null,"行業代號2":null,"名稱2":null,"行業代號3":null,"名稱3":null},{"index":71,"id":10029650,"user":"陳康玉紅","shop":"西公有零售市場-馬卡龍","category":"夜市/市場攤販","zone":"雲嘉南","city":"嘉義市","area":"西區","market_name":"西公有零售市場","market_address":"嘉義市西區國華街245號","pay_list":"","pay_tool":"","行業代號":null,"行業代號1":null,"名稱1":null,"行業代號2":null,"名稱2":null,"行業代號3":null,"名稱3":null},{"index":72,"id":10029651,"user":"徐宜婷","shop":"西公有零售市場-10號童裝","category":"夜市/市場攤販","zone":"雲嘉南","city":"嘉義市","area":"西區","market_name":"西公有零售市場","market_address":"嘉義市西區國華街245號","pay_list":"","pay_tool":"","行業代號":null,"行業代號1":null,"名稱1":null,"行業代號2":null,"名稱2":null,"行業代號3":null,"名稱3":null},{"index":73,"id":10029652,"user":"溫秀季","shop":"西公有零售市場-竹海素食","category":"夜市/市場攤販","zone":"雲嘉南","city":"嘉義市","area":"西區","market_name":"西公有零售市場","market_address":"嘉義市西區國華街245號","pay_list":"","pay_tool":"","行業代號":null,"行業代號1":null,"名稱1":null,"行業代號2":null,"名稱2":null,"行業代號3":null,"名稱3":null},{"index":74,"id":10029653,"user":"洪崑明","shop":"西公有零售市場-巧手屋","category":"夜市/市場攤販","zone":"雲嘉南","city":"嘉義市","area":"西區","market_name":"西公有零售市場","market_address":"嘉義市西區國華街245號","pay_list":"","pay_tool":"","行業代號":null,"行業代號1":null,"名稱1":null,"行業代號2":null,"名稱2":null,"行業代號3":null,"名稱3":null},{"index":75,"id":10029654,"user":"黃幼春","shop":"西公有零售市場-愛玩美","category":"夜市/市場攤販","zone":"雲嘉南","city":"嘉義市","area":"西區","market_name":"西公有零售市場","market_address":"嘉義市西區國華街245號","pay_list":"","pay_tool":"","行業代號":null,"行業代號1":null,"名稱1":null,"行業代號2":null,"名稱2":null,"行業代號3":null,"名稱3":null},{"index":76,"id":10029655,"user":"吳啟銘","shop":"西公有零售市場-阿華雜貨店","category":"夜市/市場攤販","zone":"雲嘉南","city":"嘉義市","area":"西區","market_name":"西公有零售市場","market_address":"嘉義市西區國華街245號","pay_list":"","pay_tool":"","行業代號":null,"行業代號1":null,"名稱1":null,"行業代號2":null,"名稱2":null,"行業代號3":null,"名稱3":null},{"index":77,"id":10029656,"user":"王國棟","shop":"西公有零售市場-上海湯包","category":"夜市/市場攤販","zone":"雲嘉南","city":"嘉義市","area":"西區","market_name":"西公有零售市場","market_address":"嘉義市西區國華街245號","pay_list":"","pay_tool":"","行業代號":null,"行業代號1":null,"名稱1":null,"行業代號2":null,"名稱2":null,"行業代號3":null,"名稱3":null},{"index":78,"id":10029657,"user":"黃建榮","shop":"西公有零售市場-一元素食","category":"夜市/市場攤販","zone":"雲嘉南","city":"嘉義市","area":"西區","market_name":"西公有零售市場","market_address":"嘉義市西區國華街245號","pay_list":"","pay_tool":"","行業代號":null,"行業代號1":null,"名稱1":null,"行業代號2":null,"名稱2":null,"行業代號3":null,"名稱3":null},{"index":79,"id":10029659,"user":"王文豪","shop":"西公有零售市場-王記","category":"夜市/市場攤販","zone":"雲嘉南","city":"嘉義市","area":"西區","market_name":"西公有零售市場","market_address":"嘉義市西區國華街245號","pay_list":"","pay_tool":"","行業代號":null,"行業代號1":null,"名稱1":null,"行業代號2":null,"名稱2":null,"行業代號3":null,"名稱3":null},{"index":80,"id":10029660,"user":"林碧莉","shop":"西公有零售市場-碧莉屋","category":"夜市/市場攤販","zone":"雲嘉南","city":"嘉義市","area":"西區","market_name":"西公有零售市場","market_address":"嘉義市西區國華街245號","pay_list":"","pay_tool":"","行業代號":null,"行業代號1":null,"名稱1":null,"行業代號2":null,"名稱2":null,"行業代號3":null,"名稱3":null},{"index":81,"id":10029661,"user":"王鳳英","shop":"西公有零售市場-巧藝服飾工作坊","category":"夜市/市場攤販","zone":"雲嘉南","city":"嘉義市","area":"西區","market_name":"西公有零售市場","market_address":"嘉義市西區國華街245號","pay_list":"","pay_tool":"","行業代號":null,"行業代號1":null,"名稱1":null,"行業代號2":null,"名稱2":null,"行業代號3":null,"名稱3":null},{"index":82,"id":10029662,"user":"陳慶棠","shop":"西公有零售市場-二手店","category":"夜市/市場攤販","zone":"雲嘉南","city":"嘉義市","area":"西區","market_name":"西公有零售市場","market_address":"嘉義市西區國華街245號","pay_list":"","pay_tool":"","行業代號":null,"行業代號1":null,"名稱1":null,"行業代號2":null,"名稱2":null,"行業代號3":null,"名稱3":null},{"index":83,"id":10029663,"user":"翁椗薳","shop":"西公有零售市場-二手雜貨","category":"夜市/市場攤販","zone":"雲嘉南","city":"嘉義市","area":"西區","market_name":"西公有零售市場","market_address":"嘉義市西區國華街245號","pay_list":"","pay_tool":"","行業代號":null,"行業代號1":null,"名稱1":null,"行業代號2":null,"名稱2":null,"行業代號3":null,"名稱3":null},{"index":84,"id":10029664,"user":"官志豪","shop":"西公有零售市場-雜貨","category":"夜市/市場攤販","zone":"雲嘉南","city":"嘉義市","area":"西區","market_name":"西公有零售市場","market_address":"嘉義市西區國華街245號","pay_list":"","pay_tool":"","行業代號":null,"行業代號1":null,"名稱1":null,"行業代號2":null,"名稱2":null,"行業代號3":null,"名稱3":null},{"index":85,"id":10029665,"user":"陳秀美","shop":"西公有零售市場-二手貨","category":"夜市/市場攤販","zone":"雲嘉南","city":"嘉義市","area":"西區","market_name":"西公有零售市場","market_address":"嘉義市西區國華街245號","pay_list":"","pay_tool":"","行業代號":null,"行業代號1":null,"名稱1":null,"行業代號2":null,"名稱2":null,"行業代號3":null,"名稱3":null},{"index":86,"id":10029666,"user":"倪士晴","shop":"西公有零售市場-chia","category":"夜市/市場攤販","zone":"雲嘉南","city":"嘉義市","area":"西區","market_name":"西公有零售市場","market_address":"嘉義市西區國華街245號","pay_list":"","pay_tool":"","行業代號":null,"行業代號1":null,"名稱1":null,"行業代號2":null,"名稱2":null,"行業代號3":null,"名稱3":null},{"index":87,"id":10029667,"user":"葉秋月","shop":"西公有零售市場-阿月豬肉攤","category":"夜市/市場攤販","zone":"雲嘉南","city":"嘉義市","area":"西區","market_name":"西公有零售市場","market_address":"嘉義市西區國華街245號","pay_list":"","pay_tool":"","行業代號":null,"行業代號1":null,"名稱1":null,"行業代號2":null,"名稱2":null,"行業代號3":null,"名稱3":null},{"index":88,"id":10029668,"user":"葉金桃","shop":"西公有零售市場-協興商號","category":"夜市/市場攤販","zone":"雲嘉南","city":"嘉義市","area":"西區","market_name":"西公有零售市場","market_address":"嘉義市西區國華街245號","pay_list":"","pay_tool":"","行業代號":null,"行業代號1":null,"名稱1":null,"行業代號2":null,"名稱2":null,"行業代號3":null,"名稱3":null},{"index":89,"id":10029670,"user":"紀秉鋒","shop":"西公有零售市場-阿美小舖","category":"夜市/市場攤販","zone":"雲嘉南","city":"嘉義市","area":"西區","market_name":"西公有零售市場","market_address":"嘉義市西區國華街245號","pay_list":"","pay_tool":"","行業代號":null,"行業代號1":null,"名稱1":null,"行業代號2":null,"名稱2":null,"行業代號3":null,"名稱3":null},{"index":90,"id":10029671,"user":"紀秉宸","shop":"西公有零售市場-協進發","category":"夜市/市場攤販","zone":"雲嘉南","city":"嘉義市","area":"西區","market_name":"西公有零售市場","market_address":"嘉義市西區國華街245號","pay_list":"","pay_tool":"","行業代號":null,"行業代號1":null,"名稱1":null,"行業代號2":null,"名稱2":null,"行業代號3":null,"名稱3":null},{"index":91,"id":10029672,"user":"梁陳美娟","shop":"西公有零售市場-阿美豬肉攤","category":"夜市/市場攤販","zone":"雲嘉南","city":"嘉義市","area":"西區","market_name":"西公有零售市場","market_address":"嘉義市西區國華街245號","pay_list":"","pay_tool":"","行業代號":null,"行業代號1":null,"名稱1":null,"行業代號2":null,"名稱2":null,"行業代號3":null,"名稱3":null},{"index":92,"id":10029673,"user":"梁哲誠","shop":"西公有零售市場-吉勝商號","category":"夜市/市場攤販","zone":"雲嘉南","city":"嘉義市","area":"西區","market_name":"西公有零售市場","market_address":"嘉義市西區國華街245號","pay_list":"","pay_tool":"","行業代號":null,"行業代號1":null,"名稱1":null,"行業代號2":null,"名稱2":null,"行業代號3":null,"名稱3":null},{"index":93,"id":10029674,"user":"許美暖","shop":"西公有零售市場-金子商號","category":"夜市/市場攤販","zone":"雲嘉南","city":"嘉義市","area":"西區","market_name":"西公有零售市場","market_address":"嘉義市西區國華街245號","pay_list":"","pay_tool":"","行業代號":null,"行業代號1":null,"名稱1":null,"行業代號2":null,"名稱2":null,"行業代號3":null,"名稱3":null},{"index":94,"id":10029675,"user":"侯素霞","shop":"西公有零售市場-阿珠菜行","category":"夜市/市場攤販","zone":"雲嘉南","city":"嘉義市","area":"西區","market_name":"西公有零售市場","market_address":"嘉義市西區國華街245號","pay_list":"","pay_tool":"","行業代號":null,"行業代號1":null,"名稱1":null,"行業代號2":null,"名稱2":null,"行業代號3":null,"名稱3":null},{"index":95,"id":10029676,"user":"吳育家","shop":"西公有零售市場-阿家海鮮","category":"夜市/市場攤販","zone":"雲嘉南","city":"嘉義市","area":"西區","market_name":"西公有零售市場","market_address":"嘉義市西區國華街245號","pay_list":"","pay_tool":"","行業代號":null,"行業代號1":null,"名稱1":null,"行業代號2":null,"名稱2":null,"行業代號3":null,"名稱3":null},{"index":96,"id":10029677,"user":"王榮三","shop":"西公有零售市場-呷飽堡","category":"夜市/市場攤販","zone":"雲嘉南","city":"嘉義市","area":"西區","market_name":"西公有零售市場","market_address":"嘉義市西區國華街245號","pay_list":"","pay_tool":"","行業代號":null,"行業代號1":null,"名稱1":null,"行業代號2":null,"名稱2":null,"行業代號3":null,"名稱3":null},{"index":97,"id":10029678,"user":"蕭妍伶","shop":"西公有零售市場-選物販賣","category":"夜市/市場攤販","zone":"雲嘉南","city":"嘉義市","area":"西區","market_name":"西公有零售市場","market_address":"嘉義市西區國華街245號","pay_list":"","pay_tool":"","行業代號":null,"行業代號1":null,"名稱1":null,"行業代號2":null,"名稱2":null,"行業代號3":null,"名稱3":null},{"index":98,"id":10029679,"user":"沈秀憶","shop":"西公有零售市場-幸福廚娘","category":"夜市/市場攤販","zone":"雲嘉南","city":"嘉義市","area":"西區","market_name":"西公有零售市場","market_address":"嘉義市西區國華街245號","pay_list":"","pay_tool":"","行業代號":null,"行業代號1":null,"名稱1":null,"行業代號2":null,"名稱2":null,"行業代號3":null,"名稱3":null},{"index":99,"id":10029681,"user":"李嘉祐","shop":"西公有零售市場-當歸鴨","category":"夜市/市場攤販","zone":"雲嘉南","city":"嘉義市","area":"西區","market_name":"西公有零售市場","market_address":"嘉義市西區國華街245號","pay_list":"","pay_tool":"","行業代號":null,"行業代號1":null,"名稱1":null,"行業代號2":null,"名稱2":null,"行業代號3":null,"名稱3":null},{"index":100,"id":10029682,"user":"蘇美秀","shop":"西公有零售市場-美秀服飾","category":"夜市/市場攤販","zone":"雲嘉南","city":"嘉義市","area":"西區","market_name":"西公有零售市場","market_address":"嘉義市西區國華街245號","pay_list":"","pay_tool":"","行業代號":null,"行業代號1":null,"名稱1":null,"行業代號2":null,"名稱2":null,"行業代號3":null,"名稱3":null},{"index":101,"id":10029683,"user":"陳紫瓊","shop":"西公有零售市場-瓊服飾","category":"夜市/市場攤販","zone":"雲嘉南","city":"嘉義市","area":"西區","market_name":"西公有零售市場","market_address":"嘉義市西區國華街245號","pay_list":"","pay_tool":"","行業代號":null,"行業代號1":null,"名稱1":null,"行業代號2":null,"名稱2":null,"行業代號3":null,"名稱3":null},{"index":102,"id":10029684,"user":"江文彰","shop":"西公有零售市場-愛嘉冰館","category":"夜市/市場攤販","zone":"雲嘉南","city":"嘉義市","area":"西區","market_name":"西公有零售市場","market_address":"嘉義市西區國華街245號","pay_list":"","pay_tool":"","行業代號":null,"行業代號1":null,"名稱1":null,"行業代號2":null,"名稱2":null,"行業代號3":null,"名稱3":null},{"index":103,"id":10029685,"user":"吳黃秀霞","shop":"西公有零售市場-新百草堂","category":"夜市/市場攤販","zone":"雲嘉南","city":"嘉義市","area":"西區","market_name":"西公有零售市場","market_address":"嘉義市西區國華街245號","pay_list":"","pay_tool":"","行業代號":null,"行業代號1":null,"名稱1":null,"行業代號2":null,"名稱2":null,"行業代號3":null,"名稱3":null},{"index":104,"id":10029686,"user":"翁文彬","shop":"西公有零售市場-二姐內衣","category":"夜市/市場攤販","zone":"雲嘉南","city":"嘉義市","area":"西區","market_name":"西公有零售市場","market_address":"嘉義市西區國華街245號","pay_list":"","pay_tool":"","行業代號":null,"行業代號1":null,"名稱1":null,"行業代號2":null,"名稱2":null,"行業代號3":null,"名稱3":null},{"index":105,"id":10029687,"user":"吳岱蓉","shop":"西公有零售市場-超強電腦","category":"夜市/市場攤販","zone":"雲嘉南","city":"嘉義市","area":"西區","market_name":"西公有零售市場","market_address":"嘉義市西區國華街245號","pay_list":"","pay_tool":"","行業代號":null,"行業代號1":null,"名稱1":null,"行業代號2":null,"名稱2":null,"行業代號3":null,"名稱3":null},{"index":106,"id":10029688,"user":"郭李素真","shop":"西公有零售市場-阿真美髮店","category":"夜市/市場攤販","zone":"雲嘉南","city":"嘉義市","area":"西區","market_name":"西公有零售市場","market_address":"嘉義市西區國華街245號","pay_list":"","pay_tool":"","行業代號":null,"行業代號1":null,"名稱1":null,"行業代號2":null,"名稱2":null,"行業代號3":null,"名稱3":null},{"index":107,"id":10029689,"user":"李哲男","shop":"西公有零售市場-明興鮮魚","category":"夜市/市場攤販","zone":"雲嘉南","city":"嘉義市","area":"西區","market_name":"西公有零售市場","market_address":"嘉義市西區國華街245號","pay_list":"","pay_tool":"","行業代號":null,"行業代號1":null,"名稱1":null,"行業代號2":null,"名稱2":null,"行業代號3":null,"名稱3":null},{"index":108,"id":10029690,"user":"王順生","shop":"西公有零售市場-南北雜貨","category":"夜市/市場攤販","zone":"雲嘉南","city":"嘉義市","area":"西區","market_name":"西公有零售市場","market_address":"嘉義市西區國華街245號","pay_list":"","pay_tool":"","行業代號":null,"行業代號1":null,"名稱1":null,"行業代號2":null,"名稱2":null,"行業代號3":null,"名稱3":null},{"index":109,"id":10029692,"user":"張鳳珊","shop":"西公有零售市場-文發商號","category":"夜市/市場攤販","zone":"雲嘉南","city":"嘉義市","area":"西區","market_name":"西公有零售市場","market_address":"嘉義市西區國華街245號","pay_list":"","pay_tool":"","行業代號":null,"行業代號1":null,"名稱1":null,"行業代號2":null,"名稱2":null,"行業代號3":null,"名稱3":null},{"index":110,"id":10029693,"user":"官哲安","shop":"西公有零售市場-佳人美睫","category":"夜市/市場攤販","zone":"雲嘉南","city":"嘉義市","area":"西區","market_name":"西公有零售市場","market_address":"嘉義市西區國華街245號","pay_list":"","pay_tool":"","行業代號":null,"行業代號1":null,"名稱1":null,"行業代號2":null,"名稱2":null,"行業代號3":null,"名稱3":null},{"index":111,"id":10029694,"user":"柯政裕","shop":"西公有零售市場-壽山商號","category":"夜市/市場攤販","zone":"雲嘉南","city":"嘉義市","area":"西區","market_name":"西公有零售市場","market_address":"嘉義市西區國華街245號","pay_list":"","pay_tool":"","行業代號":null,"行業代號1":null,"名稱1":null,"行業代號2":null,"名稱2":null,"行業代號3":null,"名稱3":null},{"index":112,"id":10029695,"user":"陳宜貝","shop":"西公有零售市場-香林乾貨","category":"夜市/市場攤販","zone":"雲嘉南","city":"嘉義市","area":"西區","market_name":"西公有零售市場","market_address":"嘉義市西區國華街245號","pay_list":"","pay_tool":"","行業代號":null,"行業代號1":null,"名稱1":null,"行業代號2":null,"名稱2":null,"行業代號3":null,"名稱3":null},{"index":113,"id":10029696,"user":"鄒勝峰","shop":"西公有零售市場-勝峰商號","category":"夜市/市場攤販","zone":"雲嘉南","city":"嘉義市","area":"西區","market_name":"西公有零售市場","market_address":"嘉義市西區國華街245號","pay_list":"","pay_tool":"","行業代號":null,"行業代號1":null,"名稱1":null,"行業代號2":null,"名稱2":null,"行業代號3":null,"名稱3":null},{"index":114,"id":10029697,"user":"蔡安清","shop":"西公有零售市場-醋姖物語","category":"夜市/市場攤販","zone":"雲嘉南","city":"嘉義市","area":"西區","market_name":"西公有零售市場","market_address":"嘉義市西區國華街245號","pay_list":"","pay_tool":"","行業代號":null,"行業代號1":null,"名稱1":null,"行業代號2":null,"名稱2":null,"行業代號3":null,"名稱3":null},{"index":115,"id":10029698,"user":"賴婉蓁","shop":"西公有零售市場-南北貨","category":"夜市/市場攤販","zone":"雲嘉南","city":"嘉義市","area":"西區","market_name":"西公有零售市場","market_address":"嘉義市西區國華街245號","pay_list":"","pay_tool":"","行業代號":null,"行業代號1":null,"名稱1":null,"行業代號2":null,"名稱2":null,"行業代號3":null,"名稱3":null},{"index":116,"id":10029699,"user":"林玉凡","shop":"西公有零售市場-鮮魚","category":"夜市/市場攤販","zone":"雲嘉南","city":"嘉義市","area":"西區","market_name":"西公有零售市場","market_address":"嘉義市西區國華街245號","pay_list":"","pay_tool":"","行業代號":null,"行業代號1":null,"名稱1":null,"行業代號2":null,"名稱2":null,"行業代號3":null,"名稱3":null},{"index":117,"id":10029700,"user":"紀金文","shop":"西公有零售市場-紀家生鮮雞肉","category":"夜市/市場攤販","zone":"雲嘉南","city":"嘉義市","area":"西區","market_name":"西公有零售市場","market_address":"嘉義市西區國華街245號","pay_list":"","pay_tool":"","行業代號":null,"行業代號1":null,"名稱1":null,"行業代號2":null,"名稱2":null,"行業代號3":null,"名稱3":null},{"index":118,"id":10029701,"user":"吳春實","shop":"西公有零售市場-生魚貨","category":"夜市/市場攤販","zone":"雲嘉南","city":"嘉義市","area":"西區","market_name":"西公有零售市場","market_address":"嘉義市西區國華街245號","pay_list":"","pay_tool":"","行業代號":null,"行業代號1":null,"名稱1":null,"行業代號2":null,"名稱2":null,"行業代號3":null,"名稱3":null},{"index":119,"id":10029703,"user":"蕭智源","shop":"西公有零售市場-漢生魚片","category":"夜市/市場攤販","zone":"雲嘉南","city":"嘉義市","area":"西區","market_name":"西公有零售市場","market_address":"嘉義市西區國華街245號","pay_list":"","pay_tool":"","行業代號":null,"行業代號1":null,"名稱1":null,"行業代號2":null,"名稱2":null,"行業代號3":null,"名稱3":null},{"index":120,"id":10029704,"user":"林水木","shop":"西公有零售市場-EZ服飾","category":"夜市/市場攤販","zone":"雲嘉南","city":"嘉義市","area":"西區","market_name":"西公有零售市場","market_address":"嘉義市西區國華街245號","pay_list":"","pay_tool":"","行業代號":null,"行業代號1":null,"名稱1":null,"行業代號2":null,"名稱2":null,"行業代號3":null,"名稱3":null},{"index":121,"id":10029705,"user":"蔡銘豐","shop":"西公有零售市場-銘豐魯熟肉","category":"夜市/市場攤販","zone":"雲嘉南","city":"嘉義市","area":"西區","market_name":"西公有零售市場","market_address":"嘉義市西區國華街245號","pay_list":["LINE PAY"],"pay_tool":["行動支付"],"行業代號":null,"行業代號1":null,"名稱1":null,"行業代號2":null,"名稱2":null,"行業代號3":null,"名稱3":null},{"index":122,"id":10029706,"user":"楊玉梅","shop":"西公有零售市場-西市魯熟肉","category":"夜市/市場攤販","zone":"雲嘉南","city":"嘉義市","area":"西區","market_name":"西公有零售市場","market_address":"嘉義市西區國華街245號","pay_list":"","pay_tool":"","行業代號":null,"行業代號1":null,"名稱1":null,"行業代號2":null,"名稱2":null,"行業代號3":null,"名稱3":null},{"index":123,"id":10029707,"user":"柯筱恩","shop":"西公有零售市場-柯氏簡餐","category":"夜市/市場攤販","zone":"雲嘉南","city":"嘉義市","area":"西區","market_name":"西公有零售市場","market_address":"嘉義市西區國華街245號","pay_list":"","pay_tool":"","行業代號":null,"行業代號1":null,"名稱1":null,"行業代號2":null,"名稱2":null,"行業代號3":null,"名稱3":null},{"index":124,"id":10029708,"user":"陳素禎","shop":"西公有零售市場-選物販賣","category":"夜市/市場攤販","zone":"雲嘉南","city":"嘉義市","area":"西區","market_name":"西公有零售市場","market_address":"嘉義市西區國華街245號","pay_list":"","pay_tool":"","行業代號":null,"行業代號1":null,"名稱1":null,"行業代號2":null,"名稱2":null,"行業代號3":null,"名稱3":null},{"index":125,"id":10029709,"user":"鄭德忠","shop":"西公有零售市場-選物販賣","category":"夜市/市場攤販","zone":"雲嘉南","city":"嘉義市","area":"西區","market_name":"西公有零售市場","market_address":"嘉義市西區國華街245號","pay_list":"","pay_tool":"","行業代號":null,"行業代號1":null,"名稱1":null,"行業代號2":null,"名稱2":null,"行業代號3":null,"名稱3":null},{"index":126,"id":10029710,"user":"莊聰敏","shop":"西公有零售市場-選物販賣","category":"夜市/市場攤販","zone":"雲嘉南","city":"嘉義市","area":"西區","market_name":"西公有零售市場","market_address":"嘉義市西區國華街245號","pay_list":"","pay_tool":"","行業代號":null,"行業代號1":null,"名稱1":null,"行業代號2":null,"名稱2":null,"行業代號3":null,"名稱3":null},{"index":127,"id":10029711,"user":"吳山林","shop":"西公有零售市場-徠雅","category":"夜市/市場攤販","zone":"雲嘉南","city":"嘉義市","area":"西區","market_name":"西公有零售市場","market_address":"嘉義市西區國華街245號","pay_list":"","pay_tool":"","行業代號":null,"行業代號1":null,"名稱1":null,"行業代號2":null,"名稱2":null,"行業代號3":null,"名稱3":null},{"index":128,"id":10029712,"user":"蔡岱錡","shop":"西公有零售市場-丁美睫","category":"夜市/市場攤販","zone":"雲嘉南","city":"嘉義市","area":"西區","market_name":"西公有零售市場","market_address":"嘉義市西區國華街245號","pay_list":"","pay_tool":"","行業代號":null,"行業代號1":null,"名稱1":null,"行業代號2":null,"名稱2":null,"行業代號3":null,"名稱3":null},{"index":129,"id":10029716,"user":"林王金子","shop":"西公有零售市場-小G","category":"夜市/市場攤販","zone":"雲嘉南","city":"嘉義市","area":"西區","market_name":"西公有零售市場","market_address":"嘉義市西區國華街245號","pay_list":"","pay_tool":"","行業代號":null,"行業代號1":null,"名稱1":null,"行業代號2":null,"名稱2":null,"行業代號3":null,"名稱3":null},{"index":130,"id":10029717,"user":"林士玄","shop":"西公有零售市場-雜貨","category":"夜市/市場攤販","zone":"雲嘉南","city":"嘉義市","area":"西區","market_name":"西公有零售市場","market_address":"嘉義市西區國華街245號","pay_list":"","pay_tool":"","行業代號":null,"行業代號1":null,"名稱1":null,"行業代號2":null,"名稱2":null,"行業代號3":null,"名稱3":null},{"index":131,"id":10029718,"user":"李東河","shop":"西公有零售市場-富專水產","category":"夜市/市場攤販","zone":"雲嘉南","city":"嘉義市","area":"西區","market_name":"西公有零售市場","market_address":"嘉義市西區國華街245號","pay_list":"","pay_tool":"","行業代號":null,"行業代號1":null,"名稱1":null,"行業代號2":null,"名稱2":null,"行業代號3":null,"名稱3":null},{"index":132,"id":10029719,"user":"顏玉燕","shop":"西公有零售市場-為曼國際企業社","category":"夜市/市場攤販","zone":"雲嘉南","city":"嘉義市","area":"西區","market_name":"西公有零售市場","market_address":"嘉義市西區國華街245號","pay_list":"","pay_tool":"","行業代號":null,"行業代號1":null,"名稱1":null,"行業代號2":null,"名稱2":null,"行業代號3":null,"名稱3":null},{"index":133,"id":10029720,"user":"許育琿","shop":"西公有零售市場-雜貨","category":"夜市/市場攤販","zone":"雲嘉南","city":"嘉義市","area":"西區","market_name":"西公有零售市場","market_address":"嘉義市西區國華街245號","pay_list":"","pay_tool":"","行業代號":null,"行業代號1":null,"名稱1":null,"行業代號2":null,"名稱2":null,"行業代號3":null,"名稱3":null},{"index":134,"id":10029721,"user":"王孟暄","shop":"西公有零售市場-手機維修","category":"夜市/市場攤販","zone":"雲嘉南","city":"嘉義市","area":"西區","market_name":"西公有零售市場","market_address":"嘉義市西區國華街245號","pay_list":"","pay_tool":"","行業代號":null,"行業代號1":null,"名稱1":null,"行業代號2":null,"名稱2":null,"行業代號3":null,"名稱3":null},{"index":135,"id":10029722,"user":"劉素琴","shop":"西公有零售市場-素琴早餐","category":"夜市/市場攤販","zone":"雲嘉南","city":"嘉義市","area":"西區","market_name":"西公有零售市場","market_address":"嘉義市西區國華街245號","pay_list":"","pay_tool":"","行業代號":null,"行業代號1":null,"名稱1":null,"行業代號2":null,"名稱2":null,"行業代號3":null,"名稱3":null},{"index":136,"id":10029723,"user":"柯林秀碧","shop":"西公有零售市場-尚亨商店","category":"夜市/市場攤販","zone":"雲嘉南","city":"嘉義市","area":"西區","market_name":"西公有零售市場","market_address":"嘉義市西區國華街245號","pay_list":"","pay_tool":"","行業代號":null,"行業代號1":null,"名稱1":null,"行業代號2":null,"名稱2":null,"行業代號3":null,"名稱3":null},{"index":137,"id":10029724,"user":"周棟樑","shop":"西公有零售市場-雜貨","category":"夜市/市場攤販","zone":"雲嘉南","city":"嘉義市","area":"西區","market_name":"西公有零售市場","market_address":"嘉義市西區國華街245號","pay_list":"","pay_tool":"","行業代號":null,"行業代號1":null,"名稱1":null,"行業代號2":null,"名稱2":null,"行業代號3":null,"名稱3":null},{"index":138,"id":10029725,"user":"柯美慧","shop":"西公有零售市場-廣東油雞","category":"夜市/市場攤販","zone":"雲嘉南","city":"嘉義市","area":"西區","market_name":"西公有零售市場","market_address":"嘉義市西區國華街245號","pay_list":"","pay_tool":"","行業代號":null,"行業代號1":null,"名稱1":null,"行業代號2":null,"名稱2":null,"行業代號3":null,"名稱3":null},{"index":139,"id":10029727,"user":"童彥萍","shop":"西公有零售市場-柯氏春捲皮","category":"夜市/市場攤販","zone":"雲嘉南","city":"嘉義市","area":"西區","market_name":"西公有零售市場","market_address":"嘉義市西區國華街245號","pay_list":"","pay_tool":"","行業代號":null,"行業代號1":null,"名稱1":null,"行業代號2":null,"名稱2":null,"行業代號3":null,"名稱3":null},{"index":140,"id":10029728,"user":"柯榮裕","shop":"西公有零售市場-?山商號","category":"夜市/市場攤販","zone":"雲嘉南","city":"嘉義市","area":"西區","market_name":"西公有零售市場","market_address":"嘉義市西區國華街245號","pay_list":"","pay_tool":"","行業代號":null,"行業代號1":null,"名稱1":null,"行業代號2":null,"名稱2":null,"行業代號3":null,"名稱3":null},{"index":141,"id":10029729,"user":"黃啟安","shop":"西公有零售市場-福州安師","category":"夜市/市場攤販","zone":"雲嘉南","city":"嘉義市","area":"西區","market_name":"西公有零售市場","market_address":"嘉義市西區國華街245號","pay_list":"","pay_tool":"","行業代號":null,"行業代號1":null,"名稱1":null,"行業代號2":null,"名稱2":null,"行業代號3":null,"名稱3":null},{"index":142,"id":10029730,"user":"蕭政寬","shop":"西公有零售市場-全味珍","category":"夜市/市場攤販","zone":"雲嘉南","city":"嘉義市","area":"西區","market_name":"西公有零售市場","market_address":"嘉義市西區國華街245號","pay_list":"","pay_tool":"","行業代號":null,"行業代號1":null,"名稱1":null,"行業代號2":null,"名稱2":null,"行業代號3":null,"名稱3":null},{"index":143,"id":10029731,"user":"賴明昌","shop":"西公有零售市場-香林鮮果汁","category":"夜市/市場攤販","zone":"雲嘉南","city":"嘉義市","area":"西區","market_name":"西公有零售市場","market_address":"嘉義市西區國華街245號","pay_list":"","pay_tool":"","行業代號":null,"行業代號1":null,"名稱1":null,"行業代號2":null,"名稱2":null,"行業代號3":null,"名稱3":null},{"index":144,"id":10029732,"user":"許莉華","shop":"西公有零售市場-明昌商號","category":"夜市/市場攤販","zone":"雲嘉南","city":"嘉義市","area":"西區","market_name":"西公有零售市場","market_address":"嘉義市西區國華街245號","pay_list":"","pay_tool":"","行業代號":null,"行業代號1":null,"名稱1":null,"行業代號2":null,"名稱2":null,"行業代號3":null,"名稱3":null},{"index":145,"id":10029733,"user":"賴建安","shop":"西公有零售市場-香林蔥頭","category":"夜市/市場攤販","zone":"雲嘉南","city":"嘉義市","area":"西區","market_name":"西公有零售市場","market_address":"嘉義市西區國華街245號","pay_list":"","pay_tool":"","行業代號":null,"行業代號1":null,"名稱1":null,"行業代號2":null,"名稱2":null,"行業代號3":null,"名稱3":null},{"index":146,"id":10029734,"user":"張月齡","shop":"西公有零售市場-明玉","category":"夜市/市場攤販","zone":"雲嘉南","city":"嘉義市","area":"西區","market_name":"西公有零售市場","market_address":"嘉義市西區國華街245號","pay_list":"","pay_tool":"","行業代號":null,"行業代號1":null,"名稱1":null,"行業代號2":null,"名稱2":null,"行業代號3":null,"名稱3":null},{"index":147,"id":10029735,"user":"黃子瑜","shop":"西公有零售市場-楓華小舖","category":"夜市/市場攤販","zone":"雲嘉南","city":"嘉義市","area":"西區","market_name":"西公有零售市場","market_address":"嘉義市西區國華街245號","pay_list":"","pay_tool":"","行業代號":null,"行業代號1":null,"名稱1":null,"行業代號2":null,"名稱2":null,"行業代號3":null,"名稱3":null},{"index":148,"id":10029736,"user":"陳國昌","shop":"西公有零售市場-丸萬商號","category":"夜市/市場攤販","zone":"雲嘉南","city":"嘉義市","area":"西區","market_name":"西公有零售市場","market_address":"嘉義市西區國華街245號","pay_list":"","pay_tool":"","行業代號":null,"行業代號1":null,"名稱1":null,"行業代號2":null,"名稱2":null,"行業代號3":null,"名稱3":null},{"index":149,"id":10029738,"user":"楊秉融","shop":"西公有零售市場-一禾便當","category":"夜市/市場攤販","zone":"雲嘉南","city":"嘉義市","area":"西區","market_name":"西公有零售市場","market_address":"嘉義市西區國華街245號","pay_list":["LINE PAY","台灣 PAY"],"pay_tool":["行動支付"],"行業代號":null,"行業代號1":null,"名稱1":null,"行業代號2":null,"名稱2":null,"行業代號3":null,"名稱3":null},{"index":150,"id":10029739,"user":"郭耀徽","shop":"西公有零售市場-健康便當","category":"夜市/市場攤販","zone":"雲嘉南","city":"嘉義市","area":"西區","market_name":"西公有零售市場","market_address":"嘉義市西區國華街245號","pay_list":"","pay_tool":"","行業代號":null,"行業代號1":null,"名稱1":null,"行業代號2":null,"名稱2":null,"行業代號3":null,"名稱3":null},{"index":151,"id":10029740,"user":"張育偉","shop":"西公有零售市場-阿坤師土魠魚羹","category":"夜市/市場攤販","zone":"雲嘉南","city":"嘉義市","area":"西區","market_name":"西公有零售市場","market_address":"嘉義市西區國華街245號","pay_list":"","pay_tool":"","行業代號":null,"行業代號1":null,"名稱1":null,"行業代號2":null,"名稱2":null,"行業代號3":null,"名稱3":null},{"index":152,"id":10029741,"user":"詹育彰","shop":"西公有零售市場-歐嗨呦","category":"夜市/市場攤販","zone":"雲嘉南","city":"嘉義市","area":"西區","market_name":"西公有零售市場","market_address":"嘉義市西區國華街245號","pay_list":"","pay_tool":"","行業代號":null,"行業代號1":null,"名稱1":null,"行業代號2":null,"名稱2":null,"行業代號3":null,"名稱3":null},{"index":153,"id":10029742,"user":"林仲良","shop":"西公有零售市場-店小餓","category":"夜市/市場攤販","zone":"雲嘉南","city":"嘉義市","area":"西區","market_name":"西公有零售市場","market_address":"嘉義市西區國華街245號","pay_list":"","pay_tool":"","行業代號":null,"行業代號1":null,"名稱1":null,"行業代號2":null,"名稱2":null,"行業代號3":null,"名稱3":null},{"index":154,"id":10029743,"user":"林埤","shop":"西公有零售市場-林園","category":"夜市/市場攤販","zone":"雲嘉南","city":"嘉義市","area":"西區","market_name":"西公有零售市場","market_address":"嘉義市西區國華街245號","pay_list":"","pay_tool":"","行業代號":null,"行業代號1":null,"名稱1":null,"行業代號2":null,"名稱2":null,"行業代號3":null,"名稱3":null},{"index":155,"id":10029744,"user":"梁志誠","shop":"西公有零售市場-台灣好貨","category":"夜市/市場攤販","zone":"雲嘉南","city":"嘉義市","area":"西區","market_name":"西公有零售市場","market_address":"嘉義市西區國華街245號","pay_list":"","pay_tool":"","行業代號":null,"行業代號1":null,"名稱1":null,"行業代號2":null,"名稱2":null,"行業代號3":null,"名稱3":null},{"index":156,"id":10029745,"user":"黃心薇","shop":"西公有零售市場-喜橙果汁店","category":"夜市/市場攤販","zone":"雲嘉南","city":"嘉義市","area":"西區","market_name":"西公有零售市場","market_address":"嘉義市西區國華街245號","pay_list":"","pay_tool":"","行業代號":null,"行業代號1":null,"名稱1":null,"行業代號2":null,"名稱2":null,"行業代號3":null,"名稱3":null},{"index":157,"id":10029746,"user":"蔡嘉容","shop":"西公有零售市場-協源茂製麵商店","category":"夜市/市場攤販","zone":"雲嘉南","city":"嘉義市","area":"西區","market_name":"西公有零售市場","market_address":"嘉義市西區國華街245號","pay_list":"","pay_tool":"","行業代號":null,"行業代號1":null,"名稱1":null,"行業代號2":null,"名稱2":null,"行業代號3":null,"名稱3":null},{"index":158,"id":10029747,"user":"陸啟楨","shop":"西公有零售市場-章魚燒","category":"夜市/市場攤販","zone":"雲嘉南","city":"嘉義市","area":"西區","market_name":"西公有零售市場","market_address":"嘉義市西區國華街245號","pay_list":"","pay_tool":"","行業代號":null,"行業代號1":null,"名稱1":null,"行業代號2":null,"名稱2":null,"行業代號3":null,"名稱3":null},{"index":159,"id":10029749,"user":"陸重仁","shop":"西公有零售市場-日船","category":"夜市/市場攤販","zone":"雲嘉南","city":"嘉義市","area":"西區","market_name":"西公有零售市場","market_address":"嘉義市西區國華街245號","pay_list":"","pay_tool":"","行業代號":null,"行業代號1":null,"名稱1":null,"行業代號2":null,"名稱2":null,"行業代號3":null,"名稱3":null},{"index":160,"id":10029750,"user":"陸建廷","shop":"西公有零售市場-小陸碳烤","category":"夜市/市場攤販","zone":"雲嘉南","city":"嘉義市","area":"西區","market_name":"西公有零售市場","market_address":"嘉義市西區國華街245號","pay_list":"","pay_tool":"","行業代號":null,"行業代號1":null,"名稱1":null,"行業代號2":null,"名稱2":null,"行業代號3":null,"名稱3":null},{"index":161,"id":10029751,"user":"林茂成","shop":"西公有零售市場-光華簡餐","category":"夜市/市場攤販","zone":"雲嘉南","city":"嘉義市","area":"西區","market_name":"西公有零售市場","market_address":"嘉義市西區國華街245號","pay_list":"","pay_tool":"","行業代號":null,"行業代號1":null,"名稱1":null,"行業代號2":null,"名稱2":null,"行業代號3":null,"名稱3":null},{"index":162,"id":10029752,"user":"黃?茹","shop":"西公有零售市場-茹服飾精品","category":"夜市/市場攤販","zone":"雲嘉南","city":"嘉義市","area":"西區","market_name":"西公有零售市場","market_address":"嘉義市西區國華街245號","pay_list":"","pay_tool":"","行業代號":null,"行業代號1":null,"名稱1":null,"行業代號2":null,"名稱2":null,"行業代號3":null,"名稱3":null},{"index":163,"id":10029753,"user":"許瑜珊","shop":"西公有零售市場-ysHairsaloy","category":"夜市/市場攤販","zone":"雲嘉南","city":"嘉義市","area":"西區","market_name":"西公有零售市場","market_address":"嘉義市西區國華街245號","pay_list":"","pay_tool":"","行業代號":null,"行業代號1":null,"名稱1":null,"行業代號2":null,"名稱2":null,"行業代號3":null,"名稱3":null},{"index":164,"id":10029754,"user":"孔令群","shop":"西公有零售市場-多元","category":"夜市/市場攤販","zone":"雲嘉南","city":"嘉義市","area":"西區","market_name":"西公有零售市場","market_address":"嘉義市西區國華街245號","pay_list":"","pay_tool":"","行業代號":null,"行業代號1":null,"名稱1":null,"行業代號2":null,"名稱2":null,"行業代號3":null,"名稱3":null},{"index":165,"id":10029755,"user":"張秀寬","shop":"西公有零售市場-幸福角落","category":"夜市/市場攤販","zone":"雲嘉南","city":"嘉義市","area":"西區","market_name":"西公有零售市場","market_address":"嘉義市西區國華街245號","pay_list":"","pay_tool":"","行業代號":null,"行業代號1":null,"名稱1":null,"行業代號2":null,"名稱2":null,"行業代號3":null,"名稱3":null},{"index":166,"id":10029756,"user":"李欣穎","shop":"西公有零售市場-欣穎沙龍","category":"夜市/市場攤販","zone":"雲嘉南","city":"嘉義市","area":"西區","market_name":"西公有零售市場","market_address":"嘉義市西區國華街245號","pay_list":"","pay_tool":"","行業代號":null,"行業代號1":null,"名稱1":null,"行業代號2":null,"名稱2":null,"行業代號3":null,"名稱3":null},{"index":167,"id":10029757,"user":"陳志剛","shop":"西公有零售市場-盤古電腦","category":"夜市/市場攤販","zone":"雲嘉南","city":"嘉義市","area":"西區","market_name":"西公有零售市場","market_address":"嘉義市西區國華街245號","pay_list":"","pay_tool":"","行業代號":null,"行業代號1":null,"名稱1":null,"行業代號2":null,"名稱2":null,"行業代號3":null,"名稱3":null},{"index":168,"id":10029758,"user":"薛俊朋","shop":"西公有零售市場-家木居","category":"夜市/市場攤販","zone":"雲嘉南","city":"嘉義市","area":"西區","market_name":"西公有零售市場","market_address":"嘉義市西區國華街245號","pay_list":"","pay_tool":"","行業代號":null,"行業代號1":null,"名稱1":null,"行業代號2":null,"名稱2":null,"行業代號3":null,"名稱3":null},{"index":169,"id":10029760,"user":"陳春杏","shop":"西公有零售市場-公仔店","category":"夜市/市場攤販","zone":"雲嘉南","city":"嘉義市","area":"西區","market_name":"西公有零售市場","market_address":"嘉義市西區國華街245號","pay_list":"","pay_tool":"","行業代號":null,"行業代號1":null,"名稱1":null,"行業代號2":null,"名稱2":null,"行業代號3":null,"名稱3":null},{"index":170,"id":10029761,"user":"何嘉穎","shop":"西公有零售市場-藜蓓卡","category":"夜市/市場攤販","zone":"雲嘉南","city":"嘉義市","area":"西區","market_name":"西公有零售市場","market_address":"嘉義市西區國華街245號","pay_list":"","pay_tool":"","行業代號":null,"行業代號1":null,"名稱1":null,"行業代號2":null,"名稱2":null,"行業代號3":null,"名稱3":null},{"index":171,"id":10029762,"user":"辜潤遠","shop":"西公有零售市場-髮藝","category":"夜市/市場攤販","zone":"雲嘉南","city":"嘉義市","area":"西區","market_name":"西公有零售市場","market_address":"嘉義市西區國華街245號","pay_list":"","pay_tool":"","行業代號":null,"行業代號1":null,"名稱1":null,"行業代號2":null,"名稱2":null,"行業代號3":null,"名稱3":null},{"index":172,"id":10029763,"user":"黃浩倫","shop":"西公有零售市場-阿倫精品","category":"夜市/市場攤販","zone":"雲嘉南","city":"嘉義市","area":"西區","market_name":"西公有零售市場","market_address":"嘉義市西區國華街245號","pay_list":"","pay_tool":"","行業代號":null,"行業代號1":null,"名稱1":null,"行業代號2":null,"名稱2":null,"行業代號3":null,"名稱3":null},{"index":173,"id":10029764,"user":"柯閔峻","shop":"西公有零售市場-西恩電腦維修","category":"夜市/市場攤販","zone":"雲嘉南","city":"嘉義市","area":"西區","market_name":"西公有零售市場","market_address":"嘉義市西區國華街245號","pay_list":"","pay_tool":"","行業代號":null,"行業代號1":null,"名稱1":null,"行業代號2":null,"名稱2":null,"行業代號3":null,"名稱3":null},{"index":174,"id":10029765,"user":"陳炳駿","shop":"西公有零售市場-家逸電腦","category":"夜市/市場攤販","zone":"雲嘉南","city":"嘉義市","area":"西區","market_name":"西公有零售市場","market_address":"嘉義市西區國華街245號","pay_list":"","pay_tool":"","行業代號":null,"行業代號1":null,"名稱1":null,"行業代號2":null,"名稱2":null,"行業代號3":null,"名稱3":null},{"index":175,"id":10029766,"user":"王妤安","shop":"西公有零售市場-幼兒文創","category":"夜市/市場攤販","zone":"雲嘉南","city":"嘉義市","area":"西區","market_name":"西公有零售市場","market_address":"嘉義市西區國華街245號","pay_list":"","pay_tool":"","行業代號":null,"行業代號1":null,"名稱1":null,"行業代號2":null,"名稱2":null,"行業代號3":null,"名稱3":null},{"index":176,"id":10029767,"user":"林奕任","shop":"西公有零售市場-紋青","category":"夜市/市場攤販","zone":"雲嘉南","city":"嘉義市","area":"西區","market_name":"西公有零售市場","market_address":"嘉義市西區國華街245號","pay_list":"","pay_tool":"","行業代號":null,"行業代號1":null,"名稱1":null,"行業代號2":null,"名稱2":null,"行業代號3":null,"名稱3":null},{"index":177,"id":10029768,"user":"張志誠","shop":"西公有零售市場-嘉義抓週文創館","category":"夜市/市場攤販","zone":"雲嘉南","city":"嘉義市","area":"西區","market_name":"西公有零售市場","market_address":"嘉義市西區國華街245號","pay_list":"","pay_tool":"","行業代號":null,"行業代號1":null,"名稱1":null,"行業代號2":null,"名稱2":null,"行業代號3":null,"名稱3":null},{"index":178,"id":10029769,"user":"翁紫銘","shop":"西公有零售市場-遊Love園","category":"夜市/市場攤販","zone":"雲嘉南","city":"嘉義市","area":"西區","market_name":"西公有零售市場","market_address":"嘉義市西區國華街245號","pay_list":"","pay_tool":"","行業代號":null,"行業代號1":null,"名稱1":null,"行業代號2":null,"名稱2":null,"行業代號3":null,"名稱3":null},{"index":179,"id":10029771,"user":"許雲龍","shop":"西公有零售市場-鴻極科技","category":"夜市/市場攤販","zone":"雲嘉南","city":"嘉義市","area":"西區","market_name":"西公有零售市場","market_address":"嘉義市西區國華街245號","pay_list":"","pay_tool":"","行業代號":null,"行業代號1":null,"名稱1":null,"行業代號2":null,"名稱2":null,"行業代號3":null,"名稱3":null},{"index":180,"id":10029772,"user":"李佳妮","shop":"西公有零售市場-嘉義胖哥","category":"夜市/市場攤販","zone":"雲嘉南","city":"嘉義市","area":"西區","market_name":"西公有零售市場","market_address":"嘉義市西區國華街245號","pay_list":"","pay_tool":"","行業代號":null,"行業代號1":null,"名稱1":null,"行業代號2":null,"名稱2":null,"行業代號3":null,"名稱3":null},{"index":181,"id":10029773,"user":"陳倖珮","shop":"西公有零售市場-僈俐髮藝工坊","category":"夜市/市場攤販","zone":"雲嘉南","city":"嘉義市","area":"西區","market_name":"西公有零售市場","market_address":"嘉義市西區國華街245號","pay_list":"","pay_tool":"","行業代號":null,"行業代號1":null,"名稱1":null,"行業代號2":null,"名稱2":null,"行業代號3":null,"名稱3":null},{"index":182,"id":10029774,"user":"鄭孝慈","shop":"西公有零售市場-鄭電腦","category":"夜市/市場攤販","zone":"雲嘉南","city":"嘉義市","area":"西區","market_name":"西公有零售市場","market_address":"嘉義市西區國華街245號","pay_list":"","pay_tool":"","行業代號":null,"行業代號1":null,"名稱1":null,"行業代號2":null,"名稱2":null,"行業代號3":null,"名稱3":null},{"index":183,"id":10029775,"user":"洪德仁","shop":"西公有零售市場-捷興專業鞋材","category":"夜市/市場攤販","zone":"雲嘉南","city":"嘉義市","area":"西區","market_name":"西公有零售市場","market_address":"嘉義市西區國華街245號","pay_list":"","pay_tool":"","行業代號":null,"行業代號1":null,"名稱1":null,"行業代號2":null,"名稱2":null,"行業代號3":null,"名稱3":null},{"index":184,"id":10029776,"user":"張智明","shop":"西公有零售市場-朵萊卡","category":"夜市/市場攤販","zone":"雲嘉南","city":"嘉義市","area":"西區","market_name":"西公有零售市場","market_address":"嘉義市西區國華街245號","pay_list":["LINE PAY"],"pay_tool":["行動支付"],"行業代號":null,"行業代號1":null,"名稱1":null,"行業代號2":null,"名稱2":null,"行業代號3":null,"名稱3":null},{"index":185,"id":10029777,"user":"周益正","shop":"西公有零售市場-海產","category":"夜市/市場攤販","zone":"雲嘉南","city":"嘉義市","area":"西區","market_name":"西公有零售市場","market_address":"嘉義市西區國華街245號","pay_list":"","pay_tool":"","行業代號":null,"行業代號1":null,"名稱1":null,"行業代號2":null,"名稱2":null,"行業代號3":null,"名稱3":null},{"index":186,"id":10029778,"user":"蔡信順","shop":"西公有零售市場-信順資訊","category":"夜市/市場攤販","zone":"雲嘉南","city":"嘉義市","area":"西區","market_name":"西公有零售市場","market_address":"嘉義市西區國華街245號","pay_list":"","pay_tool":"","行業代號":null,"行業代號1":null,"名稱1":null,"行業代號2":null,"名稱2":null,"行業代號3":null,"名稱3":null},{"index":187,"id":10029779,"user":"葉桂蘭","shop":"保安攤販集中場-葉桂蘭","category":"夜市/市場攤販","zone":"雲嘉南","city":"嘉義市","area":"西區","market_name":"保安攤販集中場","market_address":"嘉義市西區保安一路與保安四路口","pay_list":"","pay_tool":"","行業代號":null,"行業代號1":null,"名稱1":null,"行業代號2":null,"名稱2":null,"行業代號3":null,"名稱3":null},{"index":188,"id":10029780,"user":"劉蓮香","shop":"保安攤販集中場-劉蓮香","category":"夜市/市場攤販","zone":"雲嘉南","city":"嘉義市","area":"西區","market_name":"保安攤販集中場","market_address":"嘉義市西區保安一路與保安四路口","pay_list":"","pay_tool":"","行業代號":null,"行業代號1":null,"名稱1":null,"行業代號2":null,"名稱2":null,"行業代號3":null,"名稱3":null},{"index":189,"id":10029782,"user":"吳景燕","shop":"保安攤販集中場-吳景燕","category":"夜市/市場攤販","zone":"雲嘉南","city":"嘉義市","area":"西區","market_name":"保安攤販集中場","market_address":"嘉義市西區保安一路與保安四路口","pay_list":"","pay_tool":"","行業代號":null,"行業代號1":null,"名稱1":null,"行業代號2":null,"名稱2":null,"行業代號3":null,"名稱3":null},{"index":190,"id":10029783,"user":"陳?枝","shop":"保安攤販集中場-陳?枝","category":"夜市/市場攤販","zone":"雲嘉南","city":"嘉義市","area":"西區","market_name":"保安攤販集中場","market_address":"嘉義市西區保安一路與保安四路口","pay_list":"","pay_tool":"","行業代號":null,"行業代號1":null,"名稱1":null,"行業代號2":null,"名稱2":null,"行業代號3":null,"名稱3":null},{"index":191,"id":10029784,"user":"鄭惠勻","shop":"保安攤販集中場-鄭惠勻","category":"夜市/市場攤販","zone":"雲嘉南","city":"嘉義市","area":"西區","market_name":"保安攤販集中場","market_address":"嘉義市西區保安一路與保安四路口","pay_list":"","pay_tool":"","行業代號":null,"行業代號1":null,"名稱1":null,"行業代號2":null,"名稱2":null,"行業代號3":null,"名稱3":null},{"index":192,"id":10029785,"user":"蔡奇峰","shop":"保安攤販集中場-蔡奇峰","category":"夜市/市場攤販","zone":"雲嘉南","city":"嘉義市","area":"西區","market_name":"保安攤販集中場","market_address":"嘉義市西區保安一路與保安四路口","pay_list":"","pay_tool":"","行業代號":null,"行業代號1":null,"名稱1":null,"行業代號2":null,"名稱2":null,"行業代號3":null,"名稱3":null},{"index":193,"id":10029786,"user":"蘇美如","shop":"保安攤販集中場-蘇美如","category":"夜市/市場攤販","zone":"雲嘉南","city":"嘉義市","area":"西區","market_name":"保安攤販集中場","market_address":"嘉義市西區保安一路與保安四路口","pay_list":"","pay_tool":"","行業代號":null,"行業代號1":null,"名稱1":null,"行業代號2":null,"名稱2":null,"行業代號3":null,"名稱3":null},{"index":194,"id":10029787,"user":"潘水山","shop":"保安攤販集中場-潘水山","category":"夜市/市場攤販","zone":"雲嘉南","city":"嘉義市","area":"西區","market_name":"保安攤販集中場","market_address":"嘉義市西區保安一路與保安四路口","pay_list":"","pay_tool":"","行業代號":null,"行業代號1":null,"名稱1":null,"行業代號2":null,"名稱2":null,"行業代號3":null,"名稱3":null},{"index":195,"id":10029788,"user":"周金英","shop":"保安攤販集中場-周金英","category":"夜市/市場攤販","zone":"雲嘉南","city":"嘉義市","area":"西區","market_name":"保安攤販集中場","market_address":"嘉義市西區保安一路與保安四路口","pay_list":"","pay_tool":"","行業代號":null,"行業代號1":null,"名稱1":null,"行業代號2":null,"名稱2":null,"行業代號3":null,"名稱3":null},{"index":196,"id":10029789,"user":"葉順強","shop":"保安攤販集中場-葉順強","category":"夜市/市場攤販","zone":"雲嘉南","city":"嘉義市","area":"西區","market_name":"保安攤販集中場","market_address":"嘉義市西區保安一路與保安四路口","pay_list":"","pay_tool":"","行業代號":null,"行業代號1":null,"名稱1":null,"行業代號2":null,"名稱2":null,"行業代號3":null,"名稱3":null},{"index":197,"id":10029790,"user":"陳麗秋","shop":"保安攤販集中場-陳麗秋","category":"夜市/市場攤販","zone":"雲嘉南","city":"嘉義市","area":"西區","market_name":"保安攤販集中場","market_address":"嘉義市西區保安一路與保安四路口","pay_list":"","pay_tool":"","行業代號":null,"行業代號1":null,"名稱1":null,"行業代號2":null,"名稱2":null,"行業代號3":null,"名稱3":null},{"index":198,"id":10029791,"user":"吳昭賢","shop":"保安攤販集中場-吳昭賢","category":"夜市/市場攤販","zone":"雲嘉南","city":"嘉義市","area":"西區","market_name":"保安攤販集中場","market_address":"嘉義市西區保安一路與保安四路口","pay_list":"","pay_tool":"","行業代號":null,"行業代號1":null,"名稱1":null,"行業代號2":null,"名稱2":null,"行業代號3":null,"名稱3":null},{"index":199,"id":10029793,"user":"康語婕","shop":"保安攤販集中場-康語婕","category":"夜市/市場攤販","zone":"雲嘉南","city":"嘉義市","area":"西區","market_name":"保安攤販集中場","market_address":"嘉義市西區保安一路與保安四路口","pay_list":"","pay_tool":"","行業代號":null,"行業代號1":null,"名稱1":null,"行業代號2":null,"名稱2":null,"行業代號3":null,"名稱3":null},{"index":200,"id":10029794,"user":"何郁梅","shop":"保安攤販集中場-何郁梅","category":"夜市/市場攤販","zone":"雲嘉南","city":"嘉義市","area":"西區","market_name":"保安攤販集中場","market_address":"嘉義市西區保安一路與保安四路口","pay_list":"","pay_tool":"","行業代號":null,"行業代號1":null,"名稱1":null,"行業代號2":null,"名稱2":null,"行業代號3":null,"名稱3":null}]