[{"index":1,"id":10001346,"category":"夜市小吃/市場","city":"宜蘭縣","area":"冬山鄉","market_name":"冬山公有零售市場","market_address":"宜蘭縣冬山鄉冬山路186號","shop":"冬山公有零售市場 40","pay_list":["LINE Pay Money","台灣 PAY"],"zone":"宜蘭","user":"蔡麗珠","pay_tool":["行動支付"]},{"index":2,"id":10058768,"category":"夜市小吃/市場","city":"宜蘭縣","area":"冬山鄉","market_name":"冬山公有零售市場","market_address":"宜蘭縣冬山鄉冬山路186號","shop":"冬山公有零售市場 1","pay_list":["LINE Pay Money","台灣 PAY"],"zone":"宜蘭","user":"黃素珍","pay_tool":["行動支付"]},{"index":3,"id":10060626,"category":"夜市小吃/市場","city":"宜蘭縣","area":"冬山鄉","market_name":"冬山公有零售市場","market_address":"宜蘭縣冬山鄉冬山路186號","shop":"冬山公有零售市場 5","pay_list":["LINE Pay Money","台灣 PAY"],"zone":"宜蘭","user":"李玉菁","pay_tool":["行動支付"]},{"index":4,"id":10061071,"category":"夜市小吃/市場","city":"宜蘭縣","area":"冬山鄉","market_name":"冬山公有零售市場","market_address":"宜蘭縣冬山鄉冬山路186號","shop":"冬山公有零售市場 9","pay_list":["LINE Pay Money","台灣 PAY"],"zone":"宜蘭","user":"何飛燕","pay_tool":["行動支付"]},{"index":5,"id":10061626,"category":"夜市小吃/市場","city":"宜蘭縣","area":"冬山鄉","market_name":"冬山公有零售市場","market_address":"宜蘭縣冬山鄉冬山路186號","shop":"冬山公有零售市場 14/飛魚食染冷飲","pay_list":["LINE Pay Money","台灣 PAY"],"zone":"宜蘭","user":"賴祥語","pay_tool":["行動支付"]},{"index":6,"id":30001442,"category":"夜市小吃/市場","city":"宜蘭縣","area":"冬山鄉","market_name":"冬山公有零售市場","market_address":"宜蘭縣冬山鄉冬山路186號","shop":"冬山公有零售市場 14/飛魚食染冷飲","pay_list":["台灣 PAY","LINE Pay Money"],"zone":"宜蘭","user":"賴祥語","pay_tool":["行動支付"]},{"index":7,"id":30002572,"category":"夜市小吃/市場","city":"宜蘭縣","area":"冬山鄉","market_name":"冬山公有零售市場","market_address":"宜蘭縣冬山鄉冬山路186號","shop":"冬山公有零售市場 40","pay_list":["台灣 PAY","LINE Pay Money"],"zone":"宜蘭","user":"蔡麗珠","pay_tool":["行動支付"]},{"index":8,"id":30059190,"category":"夜市小吃/市場","city":"宜蘭縣","area":"冬山鄉","market_name":"冬山公有零售市場","market_address":"宜蘭縣冬山鄉冬山路186號","shop":"冬山公有零售市場 1","pay_list":["台灣 PAY","LINE Pay Money"],"zone":"宜蘭","user":"黃素珍","pay_tool":["行動支付"]},{"index":9,"id":30063448,"category":"夜市小吃/市場","city":"宜蘭縣","area":"冬山鄉","market_name":"冬山公有零售市場","market_address":"宜蘭縣冬山鄉冬山路186號","shop":"冬山公有零售市場 5","pay_list":["台灣 PAY","LINE Pay Money"],"zone":"宜蘭","user":"李玉菁","pay_tool":["行動支付"]},{"index":10,"id":30067832,"category":"夜市小吃/市場","city":"宜蘭縣","area":"冬山鄉","market_name":"冬山公有零售市場","market_address":"宜蘭縣冬山鄉冬山路186號","shop":"冬山公有零售市場 9","pay_list":["台灣 PAY","LINE Pay Money"],"zone":"宜蘭","user":"何飛燕","pay_tool":["行動支付"]}]