[{"index":1,"shop":"郭金葉","zone":"高屏","city":"高雄市","area":"左營區","market_address":"高雄市左營區尾北里三山國王廟攤販集中市場","user":"郭金葉","行業代號":null,"market_name":["餐食攤販"],"行業代號1":null,"名稱1":null,"行業代號2":null,"名稱2":null,"行業代號3":null,"名稱3":null,"category":["夜市/市場攤販"],"id":20001657,"pay_list":"","pay_tool":""},{"index":2,"shop":"邱洪雪","zone":"高屏","city":"高雄市","area":"左營區","market_address":"高雄市左營區尾北里三山國王廟攤販集中市場","user":"邱洪雪","行業代號":null,"market_name":["餐食攤販"],"行業代號1":null,"名稱1":null,"行業代號2":null,"名稱2":null,"行業代號3":null,"名稱3":null,"category":["夜市/市場攤販"],"id":20001658,"pay_list":"","pay_tool":""},{"index":3,"shop":"早安！美芝城左營實踐分店","zone":"高屏","city":"高雄市","area":"左營區","market_address":"高雄市左營區尾西里實踐路１９號","user":"張筱美","行業代號":null,"market_name":["餐食攤販"],"行業代號1":null,"名稱1":null,"行業代號2":null,"名稱2":null,"行業代號3":null,"名稱3":null,"category":["夜市/市場攤販"],"id":20002355,"pay_list":"","pay_tool":""},{"index":4,"shop":"民富澎澎漢堡店","zone":"高屏","city":"高雄市","area":"左營區","market_address":"高雄市左營區新光里新庄仔路４９號","user":"曾啓修","行業代號":null,"market_name":["餐食攤販"],"行業代號1":null,"名稱1":null,"行業代號2":null,"名稱2":null,"行業代號3":null,"名稱3":null,"category":["夜市/市場攤販"],"id":20002407,"pay_list":"","pay_tool":""},{"index":5,"shop":"家的感覺丁字第１４號百貨攤","zone":"高屏","city":"高雄市","area":"左營區","market_address":"高雄市左營區新上里富國路６０號","user":"李碧燕","行業代號":null,"market_name":["餐食攤販"],"行業代號1":null,"名稱1":null,"行業代號2":null,"名稱2":null,"行業代號3":null,"名稱3":null,"category":["夜市/市場攤販"],"id":20004997,"pay_list":"","pay_tool":""},{"index":6,"shop":"鹹酥雞","zone":"高屏","city":"高雄市","area":"左營區","market_address":"高雄市左營區新上里富民路９８號","user":"王誠輝","行業代號":null,"market_name":["餐食攤販"],"行業代號1":null,"名稱1":null,"行業代號2":null,"名稱2":null,"行業代號3":null,"名稱3":null,"category":["夜市/市場攤販"],"id":20005049,"pay_list":"","pay_tool":""},{"index":7,"shop":"排骨飯豬腳飯","zone":"高屏","city":"高雄市","area":"左營區","market_address":"高雄市左營區頂西里店仔頂路１３６號","user":"陳建明","行業代號":null,"market_name":["餐食攤販"],"行業代號1":null,"名稱1":null,"行業代號2":null,"名稱2":null,"行業代號3":null,"名稱3":null,"category":["夜市/市場攤販"],"id":20007002,"pay_list":"","pay_tool":""},{"index":8,"shop":"牛排","zone":"高屏","city":"高雄市","area":"左營區","market_address":"高雄市左營區南屏路裕誠路口","user":"陳錦瑋","行業代號":null,"market_name":["餐食攤販"],"行業代號1":null,"名稱1":null,"行業代號2":null,"名稱2":null,"行業代號3":null,"名稱3":null,"category":["夜市/市場攤販"],"id":20008095,"pay_list":"","pay_tool":""},{"index":9,"shop":"??酥雞","zone":"高屏","city":"高雄市","area":"左營區","market_address":"高雄市左營區南屏路裕誠路口","user":"連金泉","行業代號":null,"market_name":["餐食攤販"],"行業代號1":null,"名稱1":null,"行業代號2":null,"名稱2":null,"行業代號3":null,"名稱3":null,"category":["夜市/市場攤販"],"id":20008096,"pay_list":"","pay_tool":""},{"index":10,"shop":"臭豆腐","zone":"高屏","city":"高雄市","area":"左營區","market_address":"高雄市左營區南屏路裕誠路口","user":"郭素連","行業代號":null,"market_name":["餐食攤販"],"行業代號1":null,"名稱1":null,"行業代號2":null,"名稱2":null,"行業代號3":null,"名稱3":null,"category":["夜市/市場攤販"],"id":20008097,"pay_list":"","pay_tool":""},{"index":11,"shop":"蚵仔煎","zone":"高屏","city":"高雄市","area":"左營區","market_address":"高雄市左營區南屏路裕誠路口","user":"邱秀綢","行業代號":null,"market_name":["餐食攤販"],"行業代號1":null,"名稱1":null,"行業代號2":null,"名稱2":null,"行業代號3":null,"名稱3":null,"category":["夜市/市場攤販"],"id":20008098,"pay_list":"","pay_tool":""},{"index":12,"shop":"楊麗香肉圓店","zone":"高屏","city":"高雄市","area":"左營區","market_address":"高雄市左營區菜公里重立路７７５號騎樓","user":"楊麗香","行業代號":null,"market_name":["餐食攤販"],"行業代號1":null,"名稱1":null,"行業代號2":null,"名稱2":null,"行業代號3":null,"名稱3":null,"category":["夜市/市場攤販"],"id":20008111,"pay_list":"","pay_tool":""},{"index":13,"shop":"博源小吃店","zone":"高屏","city":"高雄市","area":"左營區","market_address":"高雄市左營區菜公里政德路７８７號１樓","user":"余宋金妹","行業代號":null,"market_name":["餐食攤販"],"行業代號1":null,"名稱1":null,"行業代號2":null,"名稱2":null,"行業代號3":null,"名稱3":null,"category":["夜市/市場攤販"],"id":20008500,"pay_list":"","pay_tool":""},{"index":14,"shop":"龍華公有市場丁３６號攤位","zone":"高屏","city":"高雄市","area":"左營區","market_address":"高雄市左營區新上里富國路６０號","user":"馮惠玲","行業代號":null,"market_name":["餐食攤販"],"行業代號1":null,"名稱1":null,"行業代號2":null,"名稱2":null,"行業代號3":null,"名稱3":null,"category":["夜市/市場攤販"],"id":20009463,"pay_list":"","pay_tool":""},{"index":15,"shop":"民俗技藝餐點狀元糕","zone":"高屏","city":"高雄市","area":"左營區","market_address":"高雄市左營區裕誠路與南屏路口","user":"蘇明燦","行業代號":null,"market_name":["餐食攤販"],"行業代號1":null,"名稱1":null,"行業代號2":null,"名稱2":null,"行業代號3":null,"名稱3":null,"category":["夜市/市場攤販"],"id":20012289,"pay_list":"","pay_tool":""},{"index":16,"shop":"許本融","zone":"高屏","city":"高雄市","area":"左營區","market_address":"高雄市左營區南屏路與裕誠路口","user":"許本融","行業代號":null,"market_name":["餐食攤販"],"行業代號1":null,"名稱1":null,"行業代號2":null,"名稱2":null,"行業代號3":null,"名稱3":null,"category":["夜市/市場攤販"],"id":20012290,"pay_list":"","pay_tool":""},{"index":17,"shop":"萬國牛排","zone":"高屏","city":"高雄市","area":"左營區","market_address":"高雄市左營區裕誠路與南屏路口","user":"戴萬國","行業代號":null,"market_name":["餐食攤販"],"行業代號1":null,"名稱1":null,"行業代號2":null,"名稱2":null,"行業代號3":null,"名稱3":null,"category":["夜市/市場攤販"],"id":20012291,"pay_list":"","pay_tool":""},{"index":18,"shop":"石頭餅","zone":"高屏","city":"高雄市","area":"左營區","market_address":"高雄市左營區裕誠路與南屏路口","user":"潘蘭英","行業代號":null,"market_name":["餐食攤販"],"行業代號1":null,"名稱1":null,"行業代號2":null,"名稱2":null,"行業代號3":null,"名稱3":null,"category":["夜市/市場攤販"],"id":20012292,"pay_list":"","pay_tool":""},{"index":19,"shop":"丁滷味","zone":"高屏","city":"高雄市","area":"左營區","market_address":"高雄市左營區新光里崇德路２２７―１號","user":"丁代中","行業代號":null,"market_name":["餐食攤販"],"行業代號1":null,"名稱1":null,"行業代號2":null,"名稱2":null,"行業代號3":null,"名稱3":null,"category":["夜市/市場攤販"],"id":20012465,"pay_list":"","pay_tool":""},{"index":20,"shop":"雅茿小站","zone":"高屏","city":"高雄市","area":"左營區","market_address":"高雄市左營區莒光里和光街４２號","user":"張麗玲","行業代號":null,"market_name":["餐食攤販"],"行業代號1":null,"名稱1":null,"行業代號2":null,"名稱2":null,"行業代號3":null,"名稱3":null,"category":["夜市/市場攤販"],"id":20012509,"pay_list":"","pay_tool":""},{"index":21,"shop":"早點","zone":"高屏","city":"高雄市","area":"左營區","market_address":"高雄市左營區福山里文慈路２７７號","user":"林鍾桂英","行業代號":null,"market_name":["餐食攤販"],"行業代號1":null,"名稱1":null,"行業代號2":null,"名稱2":null,"行業代號3":null,"名稱3":null,"category":["夜市/市場攤販"],"id":20012689,"pay_list":"","pay_tool":""},{"index":22,"shop":"香鮮堡","zone":"高屏","city":"高雄市","area":"左營區","market_address":"高雄市左營區福山里文恩路２１號","user":"林圓發","行業代號":null,"market_name":["餐食攤販"],"行業代號1":null,"名稱1":null,"行業代號2":null,"名稱2":null,"行業代號3":null,"名稱3":null,"category":["夜市/市場攤販"],"id":20012698,"pay_list":"","pay_tool":""},{"index":23,"shop":"極品當歸鴨","zone":"高屏","city":"高雄市","area":"左營區","market_address":"高雄市左營區福山里重愛路３１５號","user":"呂春婷","行業代號":null,"market_name":["餐食攤販"],"行業代號1":null,"名稱1":null,"行業代號2":null,"名稱2":null,"行業代號3":null,"名稱3":null,"category":["夜市/市場攤販"],"id":20012702,"pay_list":"","pay_tool":""},{"index":24,"shop":"美珍海產粥","zone":"高屏","city":"高雄市","area":"左營區","market_address":"高雄市左營區海勝里翠峰路３８號１樓","user":"施徐美珍","行業代號":null,"market_name":["餐食攤販"],"行業代號1":null,"名稱1":null,"行業代號2":null,"名稱2":null,"行業代號3":null,"名稱3":null,"category":["夜市/市場攤販"],"id":20016630,"pay_list":"","pay_tool":""},{"index":25,"shop":"甘蔗滷味","zone":"高屏","city":"高雄市","area":"左營區","market_address":"高雄市左營區福山里重愛路３９號騎樓","user":"楊金花","行業代號":null,"market_name":["餐食攤販"],"行業代號1":null,"名稱1":null,"行業代號2":null,"名稱2":null,"行業代號3":null,"名稱3":null,"category":["夜市/市場攤販"],"id":20016725,"pay_list":"","pay_tool":""},{"index":26,"shop":"老張小吃","zone":"高屏","city":"高雄市","area":"左營區","market_address":"高雄市左營區新上里富國路６０號","user":"張宇辰","行業代號":null,"market_name":["餐食攤販"],"行業代號1":null,"名稱1":null,"行業代號2":null,"名稱2":null,"行業代號3":null,"名稱3":null,"category":["夜市/市場攤販"],"id":20016768,"pay_list":"","pay_tool":""},{"index":27,"shop":"珍享粥餅","zone":"高屏","city":"高雄市","area":"左營區","market_address":"高雄市左營區福山里榮總路１４３號Ｋ－８號","user":"王譽潼","行業代號":null,"market_name":["餐食攤販"],"行業代號1":null,"名稱1":null,"行業代號2":null,"名稱2":null,"行業代號3":null,"名稱3":null,"category":["夜市/市場攤販"],"id":20016837,"pay_list":"","pay_tool":""},{"index":28,"shop":"品味各式炒飯","zone":"高屏","city":"高雄市","area":"左營區","market_address":"高雄市左營區新上里新庄段七小段０９３６－０００１地號（華夏路３２８號旁旁鐵皮屋）","user":"孫巧婷","行業代號":null,"market_name":["餐食攤販"],"行業代號1":null,"名稱1":null,"行業代號2":null,"名稱2":null,"行業代號3":null,"名稱3":null,"category":["夜市/市場攤販"],"id":20016842,"pay_list":"","pay_tool":""},{"index":29,"shop":"廟口翰鹽水雞","zone":"高屏","city":"高雄市","area":"左營區","market_address":"高雄市左營區福山里重愛路４３號（騎樓）","user":"黃仕宗","行業代號":null,"market_name":["餐食攤販"],"行業代號1":null,"名稱1":null,"行業代號2":null,"名稱2":null,"行業代號3":null,"名稱3":null,"category":["夜市/市場攤販"],"id":20016870,"pay_list":"","pay_tool":""},{"index":30,"shop":"阿亮香雞排","zone":"高屏","city":"高雄市","area":"左營區","market_address":"高雄市左營區菜公里華夏路１２０１號（Ｃ區）","user":"周琼蘭","行業代號":null,"market_name":["餐食攤販"],"行業代號1":null,"名稱1":null,"行業代號2":null,"名稱2":null,"行業代號3":null,"名稱3":null,"category":["夜市/市場攤販"],"id":20016872,"pay_list":["LINE PAY MONEY"],"pay_tool":["行動支付"]},{"index":31,"shop":"東海豆花","zone":"高屏","city":"高雄市","area":"左營區","market_address":"高雄市左營區菜公里華夏路１２０１號Ｃ區","user":"曾瑞庭","行業代號":null,"market_name":["餐食攤販"],"行業代號1":null,"名稱1":null,"行業代號2":null,"名稱2":null,"行業代號3":null,"名稱3":null,"category":["夜市/市場攤販"],"id":20016873,"pay_list":"","pay_tool":""},{"index":32,"shop":"太平洋塩酥雞","zone":"高屏","city":"高雄市","area":"左營區","market_address":"高雄市左營區福山里重愛路９６號騎樓","user":"吳佩紋","行業代號":null,"market_name":["餐食攤販"],"行業代號1":null,"名稱1":null,"行業代號2":null,"名稱2":null,"行業代號3":null,"名稱3":null,"category":["夜市/市場攤販"],"id":20016919,"pay_list":"","pay_tool":""},{"index":33,"shop":"山東人麵飯館","zone":"高屏","city":"高雄市","area":"左營區","market_address":"高雄市左營區福山里文慈路１２２號","user":"薛仁德","行業代號":null,"market_name":["餐食攤販"],"行業代號1":null,"名稱1":null,"行業代號2":null,"名稱2":null,"行業代號3":null,"名稱3":null,"category":["夜市/市場攤販"],"id":20016956,"pay_list":"","pay_tool":""},{"index":34,"shop":"奶妹關東煮","zone":"高屏","city":"高雄市","area":"左營區","market_address":"高雄市左營區福山里重信路４８９號騎樓","user":"鄧儀文","行業代號":null,"market_name":["餐食攤販"],"行業代號1":null,"名稱1":null,"行業代號2":null,"名稱2":null,"行業代號3":null,"名稱3":null,"category":["夜市/市場攤販"],"id":20017026,"pay_list":"","pay_tool":""},{"index":35,"shop":"廣善素食","zone":"高屏","city":"高雄市","area":"左營區","market_address":"高雄市左營區福山里榮成三街８６號","user":"王清標","行業代號":null,"market_name":["餐食攤販"],"行業代號1":null,"名稱1":null,"行業代號2":null,"名稱2":null,"行業代號3":null,"名稱3":null,"category":["夜市/市場攤販"],"id":20017045,"pay_list":"","pay_tool":""},{"index":36,"shop":"長紅牛排","zone":"高屏","city":"高雄市","area":"左營區","market_address":"高雄市左營區裕誠路上（瑞豐夜市）","user":"孫贊耘","行業代號":null,"market_name":["餐食攤販"],"行業代號1":null,"名稱1":null,"行業代號2":null,"名稱2":null,"行業代號3":null,"名稱3":null,"category":["夜市/市場攤販"],"id":20023620,"pay_list":"","pay_tool":""},{"index":37,"shop":"大台北古早味鹹水雞","zone":"高屏","city":"高雄市","area":"左營區","market_address":"高雄市左營區福山里華夏路１１１０號騎樓","user":"陳文淵","行業代號":null,"market_name":["餐食攤販"],"行業代號1":null,"名稱1":null,"行業代號2":null,"名稱2":null,"行業代號3":null,"名稱3":null,"category":["夜市/市場攤販"],"id":20023656,"pay_list":"","pay_tool":""},{"index":38,"shop":"豪味小吃部","zone":"高屏","city":"高雄市","area":"左營區","market_address":"高雄市左營區新光里崇德路２３７號１樓","user":"葉士豪","行業代號":null,"market_name":["餐食攤販"],"行業代號1":null,"名稱1":null,"行業代號2":null,"名稱2":null,"行業代號3":null,"名稱3":null,"category":["夜市/市場攤販"],"id":20023871,"pay_list":"","pay_tool":""},{"index":39,"shop":"池王牛排臭臭鍋","zone":"高屏","city":"高雄市","area":"左營區","market_address":"高雄市左營區裕誠路與南屏路口（瑞豐夜市）","user":"郭素連","行業代號":null,"market_name":["餐食攤販"],"行業代號1":null,"名稱1":null,"行業代號2":null,"名稱2":null,"行業代號3":null,"名稱3":null,"category":["夜市/市場攤販"],"id":20023891,"pay_list":"","pay_tool":""},{"index":40,"shop":"立川商行（日式拉麵）","zone":"高屏","city":"高雄市","area":"左營區","market_address":"高雄市左營區瑞豐夜市（第１０排底）（通訊處：高雄市仁武區京富路４２２巷１０號）","user":"張益誠","行業代號":null,"market_name":["餐食攤販"],"行業代號1":null,"名稱1":null,"行業代號2":null,"名稱2":null,"行業代號3":null,"名稱3":null,"category":["夜市/市場攤販"],"id":20029801,"pay_list":["LINE PAY MONEY"],"pay_tool":["行動支付"]},{"index":41,"shop":"吳董秋枝","zone":"高屏","city":"高雄市","area":"左營區","market_address":"高雄市左營區新上里富國路６０號　（　龍華公有零售市場丙字第７１號　）","user":"吳董秋枝","行業代號":null,"market_name":["餐食攤販"],"行業代號1":null,"名稱1":null,"行業代號2":null,"名稱2":null,"行業代號3":null,"名稱3":null,"category":["夜市/市場攤販"],"id":20035329,"pay_list":"","pay_tool":""},{"index":42,"shop":"香噴噴滷味","zone":"高屏","city":"高雄市","area":"左營區","market_address":"高雄市左營區新上里富國路６０號（龍華公有市場甲字２３、２４號）","user":"張明煌","行業代號":null,"market_name":["餐食攤販"],"行業代號1":null,"名稱1":null,"行業代號2":null,"名稱2":null,"行業代號3":null,"名稱3":null,"category":["夜市/市場攤販"],"id":20035348,"pay_list":"","pay_tool":""},{"index":43,"shop":"林詠詮","zone":"高屏","city":"高雄市","area":"左營區","market_address":"高雄市左營區新上里富國路６０號（龍華市場丁字７號）","user":"林詠詮","行業代號":null,"market_name":["餐食攤販"],"行業代號1":null,"名稱1":null,"行業代號2":null,"名稱2":null,"行業代號3":null,"名稱3":null,"category":["夜市/市場攤販"],"id":20035623,"pay_list":"","pay_tool":""},{"index":44,"shop":"貝貝早餐店","zone":"高屏","city":"高雄市","area":"左營區","market_address":"高雄市左營區新光里文萊路３３５號１樓","user":"郭倍吟","行業代號":null,"market_name":["餐食攤販"],"行業代號1":null,"名稱1":null,"行業代號2":null,"名稱2":null,"行業代號3":null,"名稱3":null,"category":["夜市/市場攤販"],"id":20038965,"pay_list":["LINE PAY MONEY"],"pay_tool":["行動支付"]},{"index":45,"shop":"新建業手工包子饅頭","zone":"高屏","city":"高雄市","area":"左營區","market_address":"高雄市左營區進學里軍校路１９２號","user":"崔玉峯","行業代號":null,"market_name":["餐食攤販"],"行業代號1":null,"名稱1":null,"行業代號2":null,"名稱2":null,"行業代號3":null,"名稱3":null,"category":["夜市/市場攤販"],"id":20039036,"pay_list":"","pay_tool":""},{"index":46,"shop":"陳錦源","zone":"高屏","city":"高雄市","area":"左營區","market_address":"高雄市左營區富國路６０號（龍華公有零售市場丙字第７３號）","user":"陳錦源","行業代號":null,"market_name":["餐食攤販"],"行業代號1":null,"名稱1":null,"行業代號2":null,"名稱2":null,"行業代號3":null,"名稱3":null,"category":["夜市/市場攤販"],"id":20039940,"pay_list":"","pay_tool":""},{"index":47,"shop":"曾氏福建炒麵","zone":"高屏","city":"高雄市","area":"左營區","market_address":"高雄市左營區瑞豐夜市第一排","user":"曾建勳","行業代號":null,"market_name":["餐食攤販"],"行業代號1":null,"名稱1":null,"行業代號2":null,"名稱2":null,"行業代號3":null,"名稱3":null,"category":["夜市/市場攤販"],"id":20040086,"pay_list":"","pay_tool":""},{"index":48,"shop":"陳佩君","zone":"高屏","city":"高雄市","area":"左營區","market_address":"高雄市左營區瑞豐夜市第七排口","user":"陳佩君","行業代號":null,"market_name":["餐食攤販"],"行業代號1":null,"名稱1":null,"行業代號2":null,"名稱2":null,"行業代號3":null,"名稱3":null,"category":["夜市/市場攤販"],"id":20040113,"pay_list":"","pay_tool":""},{"index":49,"shop":"吉祥商行","zone":"高屏","city":"高雄市","area":"左營區","market_address":"高雄市左營區富國路青雲宮右側","user":"陳秋香","行業代號":null,"market_name":["餐食攤販"],"行業代號1":null,"名稱1":null,"行業代號2":null,"名稱2":null,"行業代號3":null,"名稱3":null,"category":["夜市/市場攤販"],"id":20040158,"pay_list":"","pay_tool":""},{"index":50,"shop":"盛品企業社","zone":"高屏","city":"高雄市","area":"左營區","market_address":"高雄市左營區瑞豐夜市","user":"謝佳純","行業代號":null,"market_name":["調理飲料攤販"],"行業代號1":null,"名稱1":null,"行業代號2":null,"名稱2":null,"行業代號3":null,"名稱3":null,"category":["夜市/市場攤販"],"id":20040533,"pay_list":"","pay_tool":""},{"index":51,"shop":"天使餐飲商行","zone":"高屏","city":"高雄市","area":"左營區","market_address":"高雄市左營區瑞豐夜市第１２排","user":"郭文雄","行業代號":null,"market_name":["餐食攤販"],"行業代號1":null,"名稱1":null,"行業代號2":null,"名稱2":null,"行業代號3":null,"名稱3":null,"category":["夜市/市場攤販"],"id":20040758,"pay_list":"","pay_tool":""},{"index":52,"shop":"龍華公有市塲丙字６７號","zone":"高屏","city":"高雄市","area":"左營區","market_address":"高雄市左營區新上里富國路６０號","user":"謝林丹桂","行業代號":null,"market_name":["餐食攤販"],"行業代號1":null,"名稱1":null,"行業代號2":null,"名稱2":null,"行業代號3":null,"名稱3":null,"category":["夜市/市場攤販"],"id":20043925,"pay_list":"","pay_tool":""},{"index":53,"shop":"龍華公有市塲丙字６１號","zone":"高屏","city":"高雄市","area":"左營區","market_address":"高雄市左營區新上里富國路６０號","user":"劉徐冬妹","行業代號":null,"market_name":["餐食攤販"],"行業代號1":null,"名稱1":null,"行業代號2":null,"名稱2":null,"行業代號3":null,"名稱3":null,"category":["夜市/市場攤販"],"id":20043926,"pay_list":"","pay_tool":""},{"index":54,"shop":"龍華公有市塲丙字４７號","zone":"高屏","city":"高雄市","area":"左營區","market_address":"高雄市左營區新上里富國路６０號","user":"趙阿貴","行業代號":null,"market_name":["餐食攤販"],"行業代號1":null,"名稱1":null,"行業代號2":null,"名稱2":null,"行業代號3":null,"名稱3":null,"category":["夜市/市場攤販"],"id":20043927,"pay_list":"","pay_tool":""},{"index":55,"shop":"龍華公有市塲丙字４６號","zone":"高屏","city":"高雄市","area":"左營區","market_address":"高雄市左營區新上里富國路６０號","user":"鐘振華","行業代號":null,"market_name":["餐食攤販"],"行業代號1":null,"名稱1":null,"行業代號2":null,"名稱2":null,"行業代號3":null,"名稱3":null,"category":["夜市/市場攤販"],"id":20043928,"pay_list":"","pay_tool":""},{"index":56,"shop":"鍾詠程（龍華公有市塲）丙字１４號","zone":"高屏","city":"高雄市","area":"左營區","market_address":"高雄市左營區新上里富國路６０號","user":"鍾詠程","行業代號":null,"market_name":["餐食攤販"],"行業代號1":null,"名稱1":null,"行業代號2":null,"名稱2":null,"行業代號3":null,"名稱3":null,"category":["夜市/市場攤販"],"id":20043929,"pay_list":"","pay_tool":""},{"index":57,"shop":"龍華公有市塲乙字７號","zone":"高屏","city":"高雄市","area":"左營區","market_address":"高雄市左營區新上里富國路６０號","user":"楮月桃","行業代號":null,"market_name":["餐食攤販"],"行業代號1":null,"名稱1":null,"行業代號2":null,"名稱2":null,"行業代號3":null,"名稱3":null,"category":["夜市/市場攤販"],"id":20043930,"pay_list":"","pay_tool":""},{"index":58,"shop":"蕭佳燦早餐攤","zone":"高屏","city":"高雄市","area":"左營區","market_address":"高雄市左營區菜公里子華路８４號騎樓前","user":"蕭佳燦","行業代號":null,"market_name":["餐食攤販"],"行業代號1":null,"名稱1":null,"行業代號2":null,"名稱2":null,"行業代號3":null,"名稱3":null,"category":["夜市/市場攤販"],"id":20045730,"pay_list":"","pay_tool":""},{"index":59,"shop":"老周早點","zone":"高屏","city":"高雄市","area":"左營區","market_address":"高雄市左營區果惠里果峰街４８號１樓","user":"李樹德","行業代號":null,"market_name":["餐食攤販"],"行業代號1":null,"名稱1":null,"行業代號2":null,"名稱2":null,"行業代號3":null,"名稱3":null,"category":["夜市/市場攤販"],"id":20045746,"pay_list":"","pay_tool":""},{"index":60,"shop":"文心小廚","zone":"高屏","city":"高雄市","area":"左營區","market_address":"高雄市左營區大順一路９１號（中庭）","user":"王瀅琇","行業代號":null,"market_name":["餐食攤販"],"行業代號1":null,"名稱1":null,"行業代號2":null,"名稱2":null,"行業代號3":null,"名稱3":null,"category":["夜市/市場攤販"],"id":20045998,"pay_list":"","pay_tool":""},{"index":61,"shop":"鄭宜庭","zone":"高屏","city":"高雄市","area":"左營區","market_address":"高雄市左營區文慈路１１０號騎樓前面","user":"鄭宜庭","行業代號":null,"market_name":["餐食攤販"],"行業代號1":null,"名稱1":null,"行業代號2":null,"名稱2":null,"行業代號3":null,"名稱3":null,"category":["夜市/市場攤販"],"id":20046040,"pay_list":"","pay_tool":""},{"index":62,"shop":"生煎包","zone":"高屏","city":"高雄市","area":"左營區","market_address":"高雄市左營區埤北里左營大路６巷６號","user":"廖淑華","行業代號":null,"market_name":["餐食攤販"],"行業代號1":null,"名稱1":null,"行業代號2":null,"名稱2":null,"行業代號3":null,"名稱3":null,"category":["夜市/市場攤販"],"id":20046209,"pay_list":"","pay_tool":""},{"index":63,"shop":"茶槿茶紅茶冰左營店","zone":"高屏","city":"高雄市","area":"左營區","market_address":"高雄市左營區埤西里左營大路５７號１樓","user":"葉芸槿","行業代號":null,"market_name":["調理飲料攤販"],"行業代號1":null,"名稱1":null,"行業代號2":null,"名稱2":null,"行業代號3":null,"名稱3":null,"category":["夜市/市場攤販"],"id":20050186,"pay_list":"","pay_tool":""},{"index":64,"shop":"黃建融","zone":"高屏","city":"高雄市","area":"左營區","market_address":"高雄市左營區重立路８５８巷與重文街口之空地","user":"黃建融","行業代號":null,"market_name":["調理飲料攤販"],"行業代號1":null,"名稱1":null,"行業代號2":null,"名稱2":null,"行業代號3":null,"名稱3":null,"category":["夜市/市場攤販"],"id":20050236,"pay_list":"","pay_tool":""},{"index":65,"shop":"愛飯糰","zone":"高屏","city":"高雄市","area":"左營區","market_address":"高雄市左營區路南里左營大路１４９號","user":"劉小瀕","行業代號":null,"market_name":["餐食攤販"],"行業代號1":null,"名稱1":null,"行業代號2":null,"名稱2":null,"行業代號3":null,"名稱3":null,"category":["夜市/市場攤販"],"id":20050327,"pay_list":"","pay_tool":""},{"index":66,"shop":"軒嘟威飲品","zone":"高屏","city":"高雄市","area":"左營區","market_address":"高雄市左營區左營大路５２４號騎樓","user":"柳明朱","行業代號":null,"market_name":["調理飲料攤販"],"行業代號1":null,"名稱1":null,"行業代號2":null,"名稱2":null,"行業代號3":null,"名稱3":null,"category":["夜市/市場攤販"],"id":20050440,"pay_list":"","pay_tool":""},{"index":67,"shop":"晌晴丰露咖啡","zone":"高屏","city":"高雄市","area":"左營區","market_address":"高雄市左營區埤東里勝利路１１０號門口","user":"蔣琇如","行業代號":null,"market_name":["調理飲料攤販"],"行業代號1":null,"名稱1":null,"行業代號2":null,"名稱2":null,"行業代號3":null,"名稱3":null,"category":["夜市/市場攤販"],"id":20050473,"pay_list":["LINE PAY MONEY"],"pay_tool":["行動支付"]},{"index":68,"shop":"蔡家煎餃","zone":"高屏","city":"高雄市","area":"左營區","market_address":"高雄市左營區裕誠路及富國路口","user":"李宗翰","行業代號":null,"market_name":["餐食攤販"],"行業代號1":null,"名稱1":null,"行業代號2":null,"名稱2":null,"行業代號3":null,"名稱3":null,"category":["夜市/市場攤販"],"id":20051601,"pay_list":"","pay_tool":""},{"index":69,"shop":"本味炸雞店","zone":"高屏","city":"高雄市","area":"左營區","market_address":"高雄市左營區頂西里左營大路２４３號","user":"陳裕孺","行業代號":null,"market_name":["餐食攤販"],"行業代號1":null,"名稱1":null,"行業代號2":null,"名稱2":null,"行業代號3":null,"名稱3":null,"category":["夜市/市場攤販"],"id":20051865,"pay_list":["LINE PAY MONEY"],"pay_tool":["行動支付"]},{"index":70,"shop":"旭川食品行","zone":"高屏","city":"高雄市","area":"左營區","market_address":"高雄市左營區南屏路與裕誠路路口（瑞豐夜市第１５３攤位）","user":"潘秀蘭","行業代號":null,"market_name":["餐食攤販"],"行業代號1":null,"名稱1":null,"行業代號2":null,"名稱2":null,"行業代號3":null,"名稱3":null,"category":["夜市/市場攤販"],"id":20051883,"pay_list":"","pay_tool":""},{"index":71,"shop":"壹柒貳壹炸物","zone":"高屏","city":"高雄市","area":"左營區","market_address":"高雄市左營區埤西里勝利路１５７號","user":"李易翰","行業代號":null,"market_name":["餐食攤販"],"行業代號1":null,"名稱1":null,"行業代號2":null,"名稱2":null,"行業代號3":null,"名稱3":null,"category":["夜市/市場攤販"],"id":20051920,"pay_list":"","pay_tool":""},{"index":72,"shop":"巷口飯糰重愛店","zone":"高屏","city":"高雄市","area":"左營區","market_address":"高雄市左營區重愛路８８號（前巷口）","user":"何沛儀","行業代號":null,"market_name":["餐食攤販"],"行業代號1":null,"名稱1":null,"行業代號2":null,"名稱2":null,"行業代號3":null,"名稱3":null,"category":["夜市/市場攤販"],"id":20052005,"pay_list":"","pay_tool":""},{"index":73,"shop":"黃裕誠","zone":"高屏","city":"高雄市","area":"左營區","market_address":"高雄市左營區福山里華夏路１７６７號","user":"黃裕誠","行業代號":null,"market_name":["餐食攤販"],"行業代號1":null,"名稱1":null,"行業代號2":null,"名稱2":null,"行業代號3":null,"名稱3":null,"category":["夜市/市場攤販"],"id":20052030,"pay_list":["LINE PAY MONEY"],"pay_tool":["行動支付"]},{"index":74,"shop":"孫子宸","zone":"高屏","city":"高雄市","area":"左營區","market_address":"高雄市左營區新上里富國路１６７號","user":"孫子宸","行業代號":null,"market_name":["餐食攤販"],"行業代號1":null,"名稱1":null,"行業代號2":null,"名稱2":null,"行業代號3":null,"名稱3":null,"category":["夜市/市場攤販"],"id":20052075,"pay_list":"","pay_tool":""},{"index":75,"shop":"肥嘟嘟餐飲店","zone":"高屏","city":"高雄市","area":"左營區","market_address":"高雄市左營區新上里大順一路３００號","user":"陳宗樺","行業代號":null,"market_name":["餐食攤販"],"行業代號1":null,"名稱1":null,"行業代號2":null,"名稱2":null,"行業代號3":null,"名稱3":null,"category":["夜市/市場攤販"],"id":20052134,"pay_list":"","pay_tool":""},{"index":76,"shop":"雞皮哥搭","zone":"高屏","city":"高雄市","area":"左營區","market_address":"高雄市左營區南屏路與裕誠路﹙９４１．９４２攤位﹚","user":"劉沛宣","行業代號":null,"market_name":["餐食攤販"],"行業代號1":null,"名稱1":null,"行業代號2":null,"名稱2":null,"行業代號3":null,"名稱3":null,"category":["夜市/市場攤販"],"id":20052135,"pay_list":"","pay_tool":""},{"index":77,"shop":"法式紅酒炙燒牛","zone":"高屏","city":"高雄市","area":"左營區","market_address":"高雄市左營區南屏路與裕誠路口﹙瑞豐夜市攤位號碼２７－１﹚","user":"陳偉豪","行業代號":null,"market_name":["餐食攤販"],"行業代號1":null,"名稱1":null,"行業代號2":null,"名稱2":null,"行業代號3":null,"名稱3":null,"category":["夜市/市場攤販"],"id":20052150,"pay_list":["LINE PAY MONEY"],"pay_tool":["行動支付"]},{"index":78,"shop":"楊媽媽日船小丸子","zone":"高屏","city":"高雄市","area":"左營區","market_address":"高雄市左營區新上里富國路６０號","user":"楊舜仲","行業代號":null,"market_name":["餐食攤販"],"行業代號1":null,"名稱1":null,"行業代號2":null,"名稱2":null,"行業代號3":null,"名稱3":null,"category":["夜市/市場攤販"],"id":20052183,"pay_list":"","pay_tool":""},{"index":79,"shop":"廣林商行","zone":"高屏","city":"高雄市","area":"左營區","market_address":"高雄市左營區南屏路與裕誠路口﹙６８２攤位﹚","user":"張達志","行業代號":null,"market_name":["餐食攤販"],"行業代號1":null,"名稱1":null,"行業代號2":null,"名稱2":null,"行業代號3":null,"名稱3":null,"category":["夜市/市場攤販"],"id":20052215,"pay_list":"","pay_tool":""},{"index":80,"shop":"彭氏商行","zone":"高屏","city":"高雄市","area":"左營區","market_address":"高雄市左營區南屏路與裕誠路口第七排﹙３９０．３９１﹚","user":"彭慧珍","行業代號":null,"market_name":["餐食攤販"],"行業代號1":null,"名稱1":null,"行業代號2":null,"名稱2":null,"行業代號3":null,"名稱3":null,"category":["夜市/市場攤販"],"id":20056343,"pay_list":"","pay_tool":""},{"index":81,"shop":"豐趣韓式吐司","zone":"高屏","city":"高雄市","area":"左營區","market_address":"高雄市左營區自助里左營大路２－５８號","user":"李登山","行業代號":null,"market_name":["餐食攤販"],"行業代號1":null,"名稱1":null,"行業代號2":null,"名稱2":null,"行業代號3":null,"名稱3":null,"category":["夜市/市場攤販"],"id":20056352,"pay_list":["街口支付"],"pay_tool":["行動支付"]},{"index":82,"shop":"魔法司工作室","zone":"高屏","city":"高雄市","area":"左營區","market_address":"高雄市左營區南屏路與裕誠路口﹙１３２攤位﹚","user":"楊森州","行業代號":null,"market_name":["餐食攤販","飲料零售攤販"],"行業代號1":null,"名稱1":null,"行業代號2":null,"名稱2":null,"行業代號3":null,"名稱3":null,"category":["夜市/市場攤販"],"id":20056387,"pay_list":"","pay_tool":""},{"index":83,"shop":"尚好烤肉","zone":"高屏","city":"高雄市","area":"左營區","market_address":"高雄市左營區瑞豐夜市９６０攤位","user":"魏欣萍","行業代號":null,"market_name":["餐食攤販"],"行業代號1":null,"名稱1":null,"行業代號2":null,"名稱2":null,"行業代號3":null,"名稱3":null,"category":["夜市/市場攤販"],"id":20056439,"pay_list":"","pay_tool":""},{"index":84,"shop":"豪吃脆皮炸雞","zone":"高屏","city":"高雄市","area":"左營區","market_address":"高雄市左營區自助里左營大路２―３３號１樓","user":"黃兆銘","行業代號":null,"market_name":["餐食攤販"],"行業代號1":null,"名稱1":null,"行業代號2":null,"名稱2":null,"行業代號3":null,"名稱3":null,"category":["夜市/市場攤販"],"id":20056457,"pay_list":"","pay_tool":""},{"index":85,"shop":"起司馬鈴薯","zone":"高屏","city":"高雄市","area":"左營區","market_address":"高雄市左營區南屏路裕誠路口﹙第１２排﹚６２７號","user":"羅秀香","行業代號":null,"market_name":["餐食攤販"],"行業代號1":null,"名稱1":null,"行業代號2":null,"名稱2":null,"行業代號3":null,"名稱3":null,"category":["夜市/市場攤販"],"id":20056474,"pay_list":"","pay_tool":""},{"index":86,"shop":"新疆羊肉串","zone":"高屏","city":"高雄市","area":"左營區","market_address":"高雄市左營區南屏路與裕誠路口﹙臨東門路３８９號﹚","user":"蘇建彰","行業代號":null,"market_name":["餐食攤販"],"行業代號1":null,"名稱1":null,"行業代號2":null,"名稱2":null,"行業代號3":null,"名稱3":null,"category":["夜市/市場攤販"],"id":20056475,"pay_list":"","pay_tool":""},{"index":87,"shop":"陳天明","zone":"高屏","city":"高雄市","area":"左營區","market_address":"高雄市左營區南屏路與裕誠路口﹙１２排﹚","user":"陳天明","行業代號":null,"market_name":["餐食攤販"],"行業代號1":null,"名稱1":null,"行業代號2":null,"名稱2":null,"行業代號3":null,"名稱3":null,"category":["夜市/市場攤販"],"id":20056483,"pay_list":["LINE PAY MONEY"],"pay_tool":["行動支付"]},{"index":88,"shop":"匯鑫企業社","zone":"高屏","city":"高雄市","area":"左營區","market_address":"高雄市左營區南屏路與裕誠路口﹙第１７排４９號﹚","user":"顧聿娟","行業代號":null,"market_name":["調理飲料攤販"],"行業代號1":null,"名稱1":null,"行業代號2":null,"名稱2":null,"行業代號3":null,"名稱3":null,"category":["夜市/市場攤販"],"id":20056493,"pay_list":"","pay_tool":""},{"index":89,"shop":"一吃倍香","zone":"高屏","city":"高雄市","area":"左營區","market_address":"高雄市左營區南屏路與裕誠路口﹙１４排７６２號﹚","user":"蘇威任","行業代號":null,"market_name":["餐食攤販"],"行業代號1":null,"名稱1":null,"行業代號2":null,"名稱2":null,"行業代號3":null,"名稱3":null,"category":["夜市/市場攤販"],"id":20056506,"pay_list":"","pay_tool":""},{"index":90,"shop":"碳呷郎美食","zone":"高屏","city":"高雄市","area":"左營區","market_address":"高雄市左營區勝利路１３３號１樓門前","user":"陳玟君","行業代號":null,"market_name":["餐食攤販"],"行業代號1":null,"名稱1":null,"行業代號2":null,"名稱2":null,"行業代號3":null,"名稱3":null,"category":["夜市/市場攤販"],"id":20056528,"pay_list":"","pay_tool":""},{"index":91,"shop":"巴蜀美食","zone":"高屏","city":"高雄市","area":"左營區","market_address":"高雄市左營區新上里富國路６０號﹙１２８號攤位﹚龍華市場","user":"鄭茟芳","行業代號":null,"market_name":["餐食攤販"],"行業代號1":null,"名稱1":null,"行業代號2":null,"名稱2":null,"行業代號3":null,"名稱3":null,"category":["夜市/市場攤販"],"id":20056532,"pay_list":"","pay_tool":""},{"index":92,"shop":"大眾餐飲","zone":"高屏","city":"高雄市","area":"左營區","market_address":"高雄市左營區南屏路與裕誠路口﹙１排５．６號﹚","user":"孫茂盛","行業代號":null,"market_name":["餐食攤販"],"行業代號1":null,"名稱1":null,"行業代號2":null,"名稱2":null,"行業代號3":null,"名稱3":null,"category":["夜市/市場攤販"],"id":20056533,"pay_list":["LINE PAY MONEY"],"pay_tool":["行動支付"]},{"index":93,"shop":"日船章魚燒左大店","zone":"高屏","city":"高雄市","area":"左營區","market_address":"高雄市左營區城南里左營大路１２６號騎樓","user":"吳瑛琴","行業代號":null,"market_name":["餐食攤販"],"行業代號1":null,"名稱1":null,"行業代號2":null,"名稱2":null,"行業代號3":null,"名稱3":null,"category":["夜市/市場攤販"],"id":20056541,"pay_list":"","pay_tool":""},{"index":94,"shop":"行走撲滿美食","zone":"高屏","city":"高雄市","area":"左營區","market_address":"高雄市左營區南屏路與裕誠路口﹙第三排１７１號﹚","user":"蕭瀚霆","行業代號":null,"market_name":["餐食攤販"],"行業代號1":null,"名稱1":null,"行業代號2":null,"名稱2":null,"行業代號3":null,"名稱3":null,"category":["夜市/市場攤販"],"id":20056557,"pay_list":["LINE PAY MONEY"],"pay_tool":["行動支付"]},{"index":95,"shop":"印尼小吃","zone":"高屏","city":"高雄市","area":"左營區","market_address":"高雄市左營區新上里自由二路６巷３５號３樓","user":"戴舞咪","行業代號":null,"market_name":["餐食攤販"],"行業代號1":null,"名稱1":null,"行業代號2":null,"名稱2":null,"行業代號3":null,"名稱3":null,"category":["夜市/市場攤販"],"id":20056588,"pay_list":["街口支付","LINE PAY MONEY"],"pay_tool":["行動支付"]},{"index":96,"shop":"炸好吃鹽酥雞","zone":"高屏","city":"高雄市","area":"左營區","market_address":"高雄市左營區路南里左營大路１２７號騎樓","user":"饒家俊","行業代號":null,"market_name":["餐食攤販"],"行業代號1":null,"名稱1":null,"行業代號2":null,"名稱2":null,"行業代號3":null,"名稱3":null,"category":["夜市/市場攤販"],"id":20056589,"pay_list":["LINE PAY MONEY"],"pay_tool":["行動支付"]},{"index":97,"shop":"金木吉雞蛋糕","zone":"高屏","city":"高雄市","area":"左營區","market_address":"高雄市左營區埤東里勝利路１４２－１號騎樓","user":"許淑惠","行業代號":null,"market_name":["餐食攤販"],"行業代號1":null,"名稱1":null,"行業代號2":null,"名稱2":null,"行業代號3":null,"名稱3":null,"category":["夜市/市場攤販"],"id":20056594,"pay_list":"","pay_tool":""},{"index":98,"shop":"富貴企業社","zone":"高屏","city":"高雄市","area":"左營區","market_address":"高雄市左營區南屏路與裕誠路口﹙１４排﹚７５９號","user":"黃文龍","行業代號":null,"market_name":["餐食攤販"],"行業代號1":null,"名稱1":null,"行業代號2":null,"名稱2":null,"行業代號3":null,"名稱3":null,"category":["夜市/市場攤販"],"id":20056597,"pay_list":"","pay_tool":""},{"index":99,"shop":"巷口飯糰崇德店","zone":"高屏","city":"高雄市","area":"左營區","market_address":"高雄市左營區新光里崇德路３１７號騎樓","user":"王惠玲","行業代號":null,"market_name":["餐食攤販"],"行業代號1":null,"名稱1":null,"行業代號2":null,"名稱2":null,"行業代號3":null,"名稱3":null,"category":["夜市/市場攤販"],"id":20056603,"pay_list":["LINE PAY MONEY"],"pay_tool":["行動支付"]},{"index":100,"shop":"爆漿厚切雞排","zone":"高屏","city":"高雄市","area":"左營區","market_address":"高雄市左營區南屏路與裕誠路口﹙第１１排５９７號﹚","user":"顏維志","行業代號":null,"market_name":["餐食攤販"],"行業代號1":null,"名稱1":null,"行業代號2":null,"名稱2":null,"行業代號3":null,"名稱3":null,"category":["夜市/市場攤販"],"id":20056704,"pay_list":"","pay_tool":""},{"index":101,"shop":"饕棧旺角炒麵","zone":"高屏","city":"高雄市","area":"左營區","market_address":"高雄市左營區南屏路與裕誠路口（第１３、１４排底）","user":"石嘉豪","行業代號":null,"market_name":["餐食攤販"],"行業代號1":null,"名稱1":null,"行業代號2":null,"名稱2":null,"行業代號3":null,"名稱3":null,"category":["夜市/市場攤販"],"id":20056705,"pay_list":"","pay_tool":""},{"index":102,"shop":"排排讚","zone":"高屏","city":"高雄市","area":"左營區","market_address":"高雄市左營區南屏路與裕誠路口﹙１３排８７３號﹚","user":"鄭伊秀","行業代號":null,"market_name":["餐食攤販"],"行業代號1":null,"名稱1":null,"行業代號2":null,"名稱2":null,"行業代號3":null,"名稱3":null,"category":["夜市/市場攤販"],"id":20056713,"pay_list":"","pay_tool":""},{"index":103,"shop":"新加坡肉骨茶","zone":"高屏","city":"高雄市","area":"左營區","market_address":"高雄市左營區南屏路與裕誠路口﹙１４排７６２號﹚","user":"潘羿綺","行業代號":null,"market_name":["餐食攤販"],"行業代號1":null,"名稱1":null,"行業代號2":null,"名稱2":null,"行業代號3":null,"名稱3":null,"category":["夜市/市場攤販"],"id":20056720,"pay_list":"","pay_tool":""},{"index":104,"shop":"蔡慧玲","zone":"高屏","city":"高雄市","area":"左營區","market_address":"高雄市左營區菜公里自由三路２６１號﹙黃昏市場Ｖ１﹚","user":"蔡慧玲","行業代號":null,"market_name":["餐食攤販"],"行業代號1":null,"名稱1":null,"行業代號2":null,"名稱2":null,"行業代號3":null,"名稱3":null,"category":["夜市/市場攤販"],"id":20056795,"pay_list":"","pay_tool":""},{"index":105,"shop":"張記企業社","zone":"高屏","city":"高雄市","area":"左營區","market_address":"高雄市左營區南屏路與裕誠路口﹙１５排﹚","user":"曾永發","行業代號":null,"market_name":["餐食攤販"],"行業代號1":null,"名稱1":null,"行業代號2":null,"名稱2":null,"行業代號3":null,"名稱3":null,"category":["夜市/市場攤販"],"id":20056798,"pay_list":"","pay_tool":""},{"index":106,"shop":"九龍城香港茶瑞豐店","zone":"高屏","city":"高雄市","area":"左營區","market_address":"高雄市左營區南屏路與裕誠路口﹙瑞豐夜市１排９２９﹚","user":"郭政怡","行業代號":null,"market_name":["調理飲料攤販"],"行業代號1":null,"名稱1":null,"行業代號2":null,"名稱2":null,"行業代號3":null,"名稱3":null,"category":["夜市/市場攤販"],"id":20059342,"pay_list":"","pay_tool":""},{"index":107,"shop":"反轉厚奶酥高雄左營店","zone":"高屏","city":"高雄市","area":"左營區","market_address":"高雄市左營區新上里至聖路２６５號﹙騎樓﹚","user":"尤秀雲","行業代號":null,"market_name":["餐食攤販"],"行業代號1":null,"名稱1":null,"行業代號2":null,"名稱2":null,"行業代號3":null,"名稱3":null,"category":["夜市/市場攤販"],"id":20059360,"pay_list":"","pay_tool":""},{"index":108,"shop":"光俊小吃店","zone":"高屏","city":"高雄市","area":"左營區","market_address":"高雄市左營區南屏路與裕誠路口﹙第１４排７５８號﹚","user":"馬光俊","行業代號":null,"market_name":["餐食攤販"],"行業代號1":null,"名稱1":null,"行業代號2":null,"名稱2":null,"行業代號3":null,"名稱3":null,"category":["夜市/市場攤販"],"id":20059394,"pay_list":"","pay_tool":""},{"index":109,"shop":"南台生小吃店","zone":"高屏","city":"高雄市","area":"左營區","market_address":"高雄市左營區南屏路與裕誠路口﹙第１３排﹚６９９．７００．７２５號","user":"蘇罔葉","行業代號":null,"market_name":["餐食攤販"],"行業代號1":null,"名稱1":null,"行業代號2":null,"名稱2":null,"行業代號3":null,"名稱3":null,"category":["夜市/市場攤販"],"id":20059397,"pay_list":["LINE PAY MONEY"],"pay_tool":["行動支付"]},{"index":110,"shop":"海賊王大章魚小丸子","zone":"高屏","city":"高雄市","area":"左營區","market_address":"高雄市左營區南屏路與裕誠路口（第１１排５９５號）","user":"呂昭宏","行業代號":null,"market_name":["餐食攤販"],"行業代號1":null,"名稱1":null,"行業代號2":null,"名稱2":null,"行業代號3":null,"名稱3":null,"category":["夜市/市場攤販"],"id":20059402,"pay_list":["LINE PAY MONEY","一卡通"],"pay_tool":["電子票證","行動支付"]},{"index":111,"shop":"赤燒翅包飯","zone":"高屏","city":"高雄市","area":"左營區","market_address":"高雄市左營區南屏路與裕誠路口（第十二排６５４號）","user":"薛榮華","行業代號":null,"market_name":["餐食攤販"],"行業代號1":null,"名稱1":null,"行業代號2":null,"名稱2":null,"行業代號3":null,"名稱3":null,"category":["夜市/市場攤販"],"id":20059406,"pay_list":"","pay_tool":""},{"index":112,"shop":"庭芳食品行","zone":"高屏","city":"高雄市","area":"左營區","market_address":"高雄市左營區南屏路與裕誠路口第二排９０號攤位","user":"林茜庭","行業代號":null,"market_name":["餐食攤販"],"行業代號1":null,"名稱1":null,"行業代號2":null,"名稱2":null,"行業代號3":null,"名稱3":null,"category":["夜市/市場攤販"],"id":20059411,"pay_list":"","pay_tool":""},{"index":113,"shop":"阿二鹹水雞","zone":"高屏","city":"高雄市","area":"左營區","market_address":"高雄市左營區南屏路與裕誠路口﹙第二排８６號﹚","user":"魏慶輝","行業代號":null,"market_name":["餐食攤販"],"行業代號1":null,"名稱1":null,"行業代號2":null,"名稱2":null,"行業代號3":null,"名稱3":null,"category":["夜市/市場攤販"],"id":20059412,"pay_list":"","pay_tool":""},{"index":114,"shop":"臣黃鐵板魷魚","zone":"高屏","city":"高雄市","area":"左營區","market_address":"高雄市左營區南屏路與裕誠路口﹙五排９３９號﹚","user":"黃榮源","行業代號":null,"market_name":["餐食攤販"],"行業代號1":null,"名稱1":null,"行業代號2":null,"名稱2":null,"行業代號3":null,"名稱3":null,"category":["夜市/市場攤販"],"id":20059413,"pay_list":"","pay_tool":""},{"index":115,"shop":"大眾鴨肉飯","zone":"高屏","city":"高雄市","area":"左營區","market_address":"高雄市左營區南屏路與裕誠路口﹙瑞豐夜市第一排３２號﹚","user":"鄭智茂","行業代號":null,"market_name":["餐食攤販"],"行業代號1":null,"名稱1":null,"行業代號2":null,"名稱2":null,"行業代號3":null,"名稱3":null,"category":["夜市/市場攤販"],"id":20059414,"pay_list":"","pay_tool":""},{"index":116,"shop":"炸物","zone":"高屏","city":"高雄市","area":"左營區","market_address":"高雄市左營區南屏路與裕誠路﹙第二排８８號﹚","user":"張永宏","行業代號":null,"market_name":["餐食攤販"],"行業代號1":null,"名稱1":null,"行業代號2":null,"名稱2":null,"行業代號3":null,"名稱3":null,"category":["夜市/市場攤販"],"id":20059419,"pay_list":"","pay_tool":""},{"index":117,"shop":"檸檬愛玉","zone":"高屏","city":"高雄市","area":"左營區","market_address":"高雄市左營區南屏路與裕誠路口﹙第十二排６２９號﹚","user":"范津瑋","行業代號":null,"market_name":["餐食攤販"],"行業代號1":null,"名稱1":null,"行業代號2":null,"名稱2":null,"行業代號3":null,"名稱3":null,"category":["夜市/市場攤販"],"id":20059420,"pay_list":"","pay_tool":""},{"index":118,"shop":"明洞姥姥炒麵","zone":"高屏","city":"高雄市","area":"左營區","market_address":"高雄市左營區南屏路與裕誠路口﹙第一排８４．８２﹚","user":"鍾兆詠","行業代號":null,"market_name":["餐食攤販"],"行業代號1":null,"名稱1":null,"行業代號2":null,"名稱2":null,"行業代號3":null,"名稱3":null,"category":["夜市/市場攤販"],"id":20059440,"pay_list":"","pay_tool":""},{"index":119,"shop":"吳家紅茶冰富國店","zone":"高屏","city":"高雄市","area":"左營區","market_address":"高雄市左營區新上里富國路４７６號騎樓下","user":"薛敏宏","行業代號":null,"market_name":["調理飲料攤販"],"行業代號1":null,"名稱1":null,"行業代號2":null,"名稱2":null,"行業代號3":null,"名稱3":null,"category":["夜市/市場攤販"],"id":20059441,"pay_list":"","pay_tool":""},{"index":120,"shop":"彥博小吃店","zone":"高屏","city":"高雄市","area":"左營區","market_address":"高雄市左營區南屏路與裕誠路口第１４排７５７號","user":"丁彥博","行業代號":null,"market_name":["餐食攤販"],"行業代號1":null,"名稱1":null,"行業代號2":null,"名稱2":null,"行業代號3":null,"名稱3":null,"category":["夜市/市場攤販"],"id":20059463,"pay_list":"","pay_tool":""},{"index":121,"shop":"蔡居春","zone":"高屏","city":"高雄市","area":"左營區","market_address":"高雄市左營區廓北里海平路１３６號","user":"蔡居春","行業代號":null,"market_name":["餐食攤販"],"行業代號1":null,"名稱1":null,"行業代號2":null,"名稱2":null,"行業代號3":null,"名稱3":null,"category":["夜市/市場攤販"],"id":20060487,"pay_list":"","pay_tool":""},{"index":122,"shop":"小安冷飲店","zone":"高屏","city":"高雄市","area":"左營區","market_address":"高雄市左營區新上里裕誠路２７５―１號","user":"李玉雯","行業代號":null,"market_name":["餐食攤販"],"行業代號1":null,"名稱1":null,"行業代號2":null,"名稱2":null,"行業代號3":null,"名稱3":null,"category":["夜市/市場攤販"],"id":20061971,"pay_list":"","pay_tool":""},{"index":123,"shop":"彩色巴黎茶坊","zone":"高屏","city":"高雄市","area":"左營區","market_address":"高雄市左營區進學里軍校路１８８號","user":"徐文心","行業代號":null,"market_name":["餐食攤販"],"行業代號1":null,"名稱1":null,"行業代號2":null,"名稱2":null,"行業代號3":null,"名稱3":null,"category":["夜市/市場攤販"],"id":20061984,"pay_list":"","pay_tool":""},{"index":124,"shop":"謝勝郎","zone":"高屏","city":"高雄市","area":"左營區","market_address":"高雄市左營區頂北里左營大路３４５巷１６弄５號","user":"謝勝郎","行業代號":null,"market_name":["餐食攤販"],"行業代號1":null,"名稱1":null,"行業代號2":null,"名稱2":null,"行業代號3":null,"名稱3":null,"category":["夜市/市場攤販"],"id":20062565,"pay_list":"","pay_tool":""},{"index":125,"shop":"重德小吃店","zone":"高屏","city":"高雄市","area":"左營區","market_address":"高雄市左營區新光里崇德路２９５號１樓","user":"鹿鴻仁","行業代號":"561200","market_name":["餐食攤販"],"行業代號1":"","名稱1":"","行業代號2":"","名稱2":"","行業代號3":"","名稱3":"","category":["夜市/市場攤販"],"id":60004693,"pay_list":null,"pay_tool":null},{"index":126,"shop":"鴻鑫美食館","zone":"高屏","city":"高雄市","area":"左營區","market_address":"高雄市左營區新光里華夏路９７１號","user":"伍麗萍","行業代號":"561200","market_name":["餐食攤販"],"行業代號1":"","名稱1":"","行業代號2":"","名稱2":"","行業代號3":"","名稱3":"","category":["夜市/市場攤販"],"id":60006771,"pay_list":null,"pay_tool":null},{"index":127,"shop":"啡嚐享文創有限公司","zone":"高屏","city":"高雄市","area":"左營區","market_address":"高雄市左營區福山里重愛路２２巷１６號９樓之３","user":"徐國安","行業代號":"563200","market_name":["農、林、漁、礦、食品、紡織等技術指導服務","調理飲料攤販","餐食攤販"],"行業代號1":"561200","名稱1":"餐食攤販","行業代號2":"760912","名稱2":"農、林、漁、礦、食品、紡織等技術指導服務","行業代號3":"","名稱3":"","category":["餐飲","夜市/市場攤販"],"id":60022789,"pay_list":null,"pay_tool":null},{"index":128,"shop":"豪嘉餐飲","zone":"高屏","city":"高雄市","area":"左營區","market_address":"高雄市左營區福山里重愛路６號","user":"施雅羚","行業代號":"561200","market_name":["餐食攤販"],"行業代號1":"","名稱1":"","行業代號2":"","名稱2":"","行業代號3":"","名稱3":"","category":["夜市/市場攤販"],"id":60023464,"pay_list":null,"pay_tool":null},{"index":129,"shop":"有吐司有財","zone":"高屏","city":"高雄市","area":"左營區","market_address":"高雄市左營區南屏路２６８巷８號對面﹙南屏停車場﹚","user":"黃裕凱","行業代號":"561200","market_name":["餐食攤販"],"行業代號1":"","名稱1":"","行業代號2":"","名稱2":"","行業代號3":"","名稱3":"","category":["夜市/市場攤販"],"id":60026817,"pay_list":null,"pay_tool":null},{"index":130,"shop":"張羅餐飲店","zone":"高屏","city":"高雄市","area":"左營區","market_address":"高雄市左營區福山里民族一路９０１巷５號１樓","user":"羅世怡","行業代號":"561200","market_name":["餐食攤販"],"行業代號1":"","名稱1":"","行業代號2":"","名稱2":"","行業代號3":"","名稱3":"","category":["夜市/市場攤販"],"id":60033533,"pay_list":null,"pay_tool":null},{"index":131,"shop":"花枝媽媽麵店","zone":"高屏","city":"高雄市","area":"左營區","market_address":"高雄市左營區重愛路５７號","user":"蔡秀琴","行業代號":"561200","market_name":["餐食攤販"],"行業代號1":"","名稱1":"","行業代號2":"","名稱2":"","行業代號3":"","名稱3":"","category":["夜市/市場攤販"],"id":60045451,"pay_list":null,"pay_tool":null},{"index":132,"shop":"慶豐冷飲店","zone":"高屏","city":"高雄市","area":"左營區","market_address":"高雄市左營區新光里華夏路６３３號１樓","user":"陳志忠","行業代號":"563200","market_name":["調理飲料攤販"],"行業代號1":"","名稱1":"","行業代號2":"","名稱2":"","行業代號3":"","名稱3":"","category":["夜市/市場攤販"],"id":60045561,"pay_list":null,"pay_tool":null},{"index":133,"shop":"自由飯糰","zone":"高屏","city":"高雄市","area":"左營區","market_address":"高雄市左營區菜公里文敬路１０號３樓","user":"余政隆","行業代號":"561200","market_name":["餐食攤販"],"行業代號1":"","名稱1":"","行業代號2":"","名稱2":"","行業代號3":"","名稱3":"","category":["夜市/市場攤販"],"id":60045798,"pay_list":null,"pay_tool":null},{"index":134,"shop":"幸福製造本舖","zone":"高屏","city":"高雄市","area":"左營區","market_address":"高雄市左營區海勝里城峰路４６號１１樓","user":"孔慶雲","行業代號":"561200","market_name":["調理飲料攤販","餐食攤販"],"行業代號1":"563200","名稱1":"調理飲料攤販","行業代號2":"","名稱2":"","行業代號3":"","名稱3":"","category":["餐飲","夜市/市場攤販"],"id":60054846,"pay_list":null,"pay_tool":null},{"index":135,"shop":"龍記香豆乳雞","zone":"高屏","city":"高雄市","area":"左營區","market_address":"高雄市左營區菜公里高鐵路４２號１樓","user":"阮開龍","行業代號":"561200","market_name":["餐食攤販"],"行業代號1":"","名稱1":"","行業代號2":"","名稱2":"","行業代號3":"","名稱3":"","category":["夜市/市場攤販"],"id":60058137,"pay_list":null,"pay_tool":null},{"index":136,"shop":"貝稑逤企業社","zone":"高屏","city":"高雄市","area":"左營區","market_address":"高雄市左營區菜公里自由三路５２９號１樓","user":"譚黛玲","行業代號":"561200","market_name":["飲料零售","餐食攤販"],"行業代號1":"472914","名稱1":"飲料零售","行業代號2":"","名稱2":"","行業代號3":"","名稱3":"","category":["夜市/市場攤販"],"id":60064771,"pay_list":null,"pay_tool":null},{"index":137,"shop":"高金靜蔥肉餡餅","zone":"高屏","city":"高雄市","area":"左營區","market_address":"高雄市左營區尾西里軍校路４８號","user":"高金靜","行業代號":"561200","market_name":["餐食攤販"],"行業代號1":"","名稱1":"","行業代號2":"","名稱2":"","行業代號3":"","名稱3":"","category":["夜市/市場攤販"],"id":60073105,"pay_list":null,"pay_tool":null},{"index":138,"shop":"小排檔小吃店","zone":"高屏","city":"高雄市","area":"左營區","market_address":"高雄市左營區果惠里果峰街３７號","user":"楊志誠","行業代號":"561200","market_name":["餐食攤販"],"行業代號1":"","名稱1":"","行業代號2":"","名稱2":"","行業代號3":"","名稱3":"","category":["夜市/市場攤販"],"id":60079369,"pay_list":null,"pay_tool":null},{"index":139,"shop":"安莫生活商行","zone":"高屏","city":"高雄市","area":"左營區","market_address":"高雄市左營區福山里民族一路１０８０―１號７樓","user":"林于菁","行業代號":"561200","market_name":["餐食攤販"],"行業代號1":"","名稱1":"","行業代號2":"","名稱2":"","行業代號3":"","名稱3":"","category":["夜市/市場攤販"],"id":60092331,"pay_list":null,"pay_tool":null},{"index":140,"shop":"隱茶嗜企業行","zone":"高屏","city":"高雄市","area":"左營區","market_address":"高雄市左營區菜公里文瑞路５３號６樓","user":"林家興","行業代號":"563200","market_name":["調理飲料攤販"],"行業代號1":"","名稱1":"","行業代號2":"","名稱2":"","行業代號3":"","名稱3":"","category":["夜市/市場攤販"],"id":60092347,"pay_list":null,"pay_tool":null},{"index":141,"shop":"宣尹小吃店","zone":"高屏","city":"高雄市","area":"左營區","market_address":"高雄市左營區新上里修明街１０７號","user":"羅弘利","行業代號":"561200","market_name":["餐食攤販"],"行業代號1":"","名稱1":"","行業代號2":"","名稱2":"","行業代號3":"","名稱3":"","category":["夜市/市場攤販"],"id":60102021,"pay_list":null,"pay_tool":null},{"index":142,"shop":"芢芢鹹酥雞","zone":"高屏","city":"高雄市","area":"左營區","market_address":"高雄市左營區新光里崇德路２５４號１樓","user":"陳文仁","行業代號":"561200","market_name":["麵店、小吃店","餐食攤販"],"行業代號1":"561113","名稱1":"麵店、小吃店","行業代號2":"","名稱2":"","行業代號3":"","名稱3":"","category":["餐飲","夜市/市場攤販"],"id":60102077,"pay_list":null,"pay_tool":null},{"index":143,"shop":"昶茗商行捷運巨蛋店","zone":"高屏","city":"高雄市","area":"左營區","market_address":"高雄市左營區博愛二路４５８號地下一層巨蛋站（Ｒ１４－Ｅ）","user":"許惠茗","行業代號":"563200","market_name":["調理飲料攤販"],"行業代號1":"","名稱1":"","行業代號2":"","名稱2":"","行業代號3":"","名稱3":"","category":["夜市/市場攤販"],"id":60102094,"pay_list":null,"pay_tool":null},{"index":144,"shop":"左營鴨頭腳本店","zone":"高屏","city":"高雄市","area":"左營區","market_address":"高雄市左營區頂西里廍後街４２巷１１１號１樓","user":"陳定詡","行業代號":"561200","market_name":["餐食攤販"],"行業代號1":"","名稱1":"","行業代號2":"","名稱2":"","行業代號3":"","名稱3":"","category":["夜市/市場攤販"],"id":60102165,"pay_list":null,"pay_tool":null},{"index":145,"shop":"建來成商號","zone":"高屏","city":"高雄市","area":"左營區","market_address":"高雄市左營區尾北里菜公路１８１之５號","user":"陳邱月蘭","行業代號":"561200","market_name":["餐食攤販"],"行業代號1":"","名稱1":"","行業代號2":"","名稱2":"","行業代號3":"","名稱3":"","category":["夜市/市場攤販"],"id":60102661,"pay_list":null,"pay_tool":null},{"index":146,"shop":"猫王清粥小菜","zone":"高屏","city":"高雄市","area":"左營區","market_address":"高雄市左營區頂西里左營大路２８０號","user":"王佳興","行業代號":"561200","market_name":["餐食攤販"],"行業代號1":"","名稱1":"","行業代號2":"","名稱2":"","行業代號3":"","名稱3":"","category":["夜市/市場攤販"],"id":60102665,"pay_list":null,"pay_tool":null},{"index":147,"shop":"幸福平安企業社","zone":"高屏","city":"高雄市","area":"左營區","market_address":"高雄市左營區新上里富民路１９號１樓","user":"蔡沛克","行業代號":"561200","market_name":["餐食攤販"],"行業代號1":"","名稱1":"","行業代號2":"","名稱2":"","行業代號3":"","名稱3":"","category":["夜市/市場攤販"],"id":60107555,"pay_list":null,"pay_tool":null},{"index":148,"shop":"珈貝豆坊","zone":"高屏","city":"高雄市","area":"左營區","market_address":"高雄市左營區崇實里崇實里自勉路１１８號８樓之２","user":"風宥潔","行業代號":"563200","market_name":["調理飲料攤販"],"行業代號1":"","名稱1":"","行業代號2":"","名稱2":"","行業代號3":"","名稱3":"","category":["夜市/市場攤販"],"id":60107661,"pay_list":null,"pay_tool":null},{"index":149,"shop":"門欣企業社","zone":"高屏","city":"高雄市","area":"左營區","market_address":"高雄市左營區福山里榮佑路５號１樓","user":"許文瑜","行業代號":"563200","market_name":["調理飲料攤販"],"行業代號1":"","名稱1":"","行業代號2":"","名稱2":"","行業代號3":"","名稱3":"","category":["夜市/市場攤販"],"id":60119003,"pay_list":null,"pay_tool":null},{"index":150,"shop":"群綺商行","zone":"高屏","city":"高雄市","area":"左營區","market_address":"高雄市左營區新下里新莊一路１３３號１１樓之２","user":"鐘宥綺","行業代號":"561200","market_name":["餐食攤販"],"行業代號1":"","名稱1":"","行業代號2":"","名稱2":"","行業代號3":"","名稱3":"","category":["夜市/市場攤販"],"id":60119540,"pay_list":null,"pay_tool":null},{"index":151,"shop":"晨閎商號","zone":"高屏","city":"高雄市","area":"左營區","market_address":"高雄市左營區埤西里勝利路１６８之４號１樓","user":"李協品","行業代號":"561200","market_name":["餐食攤販"],"行業代號1":"","名稱1":"","行業代號2":"","名稱2":"","行業代號3":"","名稱3":"","category":["夜市/市場攤販"],"id":60119572,"pay_list":null,"pay_tool":null},{"index":152,"shop":"伊廷實業社","zone":"高屏","city":"高雄市","area":"左營區","market_address":"高雄市左營區菜公里政德路７６５號","user":"毛辰伊","行業代號":"561200","market_name":["餐食攤販"],"行業代號1":"","名稱1":"","行業代號2":"","名稱2":"","行業代號3":"","名稱3":"","category":["夜市/市場攤販"],"id":60119603,"pay_list":null,"pay_tool":null},{"index":153,"shop":"好星晴商行","zone":"高屏","city":"高雄市","area":"左營區","market_address":"高雄市左營區菜公里孟子路４８０號１樓","user":"韓偉苓","行業代號":"561200","market_name":["餐食攤販"],"行業代號1":"","名稱1":"","行業代號2":"","名稱2":"","行業代號3":"","名稱3":"","category":["夜市/市場攤販"],"id":60119652,"pay_list":null,"pay_tool":null},{"index":154,"shop":"大姊私廚美食","zone":"高屏","city":"高雄市","area":"左營區","market_address":"高雄市左營區廟東里蓮潭路１２３巷１４號１樓","user":"盧玟君","行業代號":"561200","market_name":["餐食攤販"],"行業代號1":"","名稱1":"","行業代號2":"","名稱2":"","行業代號3":"","名稱3":"","category":["夜市/市場攤販"],"id":60119921,"pay_list":null,"pay_tool":null},{"index":155,"shop":"鴨舍烤鴨庄","zone":"高屏","city":"高雄市","area":"左營區","market_address":"高雄市左營區新上里富國路３５１號１樓","user":"林綉玲","行業代號":"561200","market_name":["餐食攤販"],"行業代號1":"","名稱1":"","行業代號2":"","名稱2":"","行業代號3":"","名稱3":"","category":["夜市/市場攤販"],"id":60120096,"pay_list":null,"pay_tool":null},{"index":156,"shop":"金多寶麻辣小吃店","zone":"高屏","city":"高雄市","area":"左營區","market_address":"高雄市左營區崇實里介壽路２２１巷４７號１２樓","user":"胡敏","行業代號":"561200","market_name":["餐食攤販"],"行業代號1":"","名稱1":"","行業代號2":"","名稱2":"","行業代號3":"","名稱3":"","category":["夜市/市場攤販"],"id":60120335,"pay_list":null,"pay_tool":null}]