[{"index":1,"shop":"巧宴扁食店","zone":"北北基","city":"新北市","area":"樹林區","market_address":"新北市樹林區潭底里保安街１段２８７―３號１樓","user":"譚次蓮","行業代號":"561200","market_name":["餐食攤販"],"行業代號1":"","名稱1":"","行業代號2":"","名稱2":"","行業代號3":"","名稱3":"","category":["夜市/市場攤販"],"id":60042650},{"index":2,"shop":"丁丁的店","zone":"北北基","city":"新北市","area":"樹林區","market_address":"新北市樹林區大同里太元街２巷７號３樓","user":"丁旋","行業代號":"561200","market_name":["餐食攤販"],"行業代號1":"","名稱1":"","行業代號2":"","名稱2":"","行業代號3":"","名稱3":"","category":["夜市/市場攤販"],"id":60078152}]