[{"index":1,"shop":"美又美餐飲店","zone":"中彰投","city":"南投縣","area":"信義鄉","market_address":"南投縣信義鄉明德村玉山路５１號","user":"何祿淑","行業代號":null,"market_name":["餐食攤販"],"行業代號1":null,"名稱1":null,"行業代號2":null,"名稱2":null,"行業代號3":null,"名稱3":null,"category":["夜市/市場攤販"],"id":20011130,"pay_list":"","pay_tool":""},{"index":2,"shop":"布農傳統到府烤全豬","zone":"中彰投","city":"南投縣","area":"信義鄉","market_address":"南投縣信義鄉新鄉村新鄉路９２號","user":"金榮貴","行業代號":null,"market_name":["餐食攤販"],"行業代號1":null,"名稱1":null,"行業代號2":null,"名稱2":null,"行業代號3":null,"名稱3":null,"category":["夜市/市場攤販"],"id":20026863,"pay_list":"","pay_tool":""},{"index":3,"shop":"龍恩企業社","zone":"中彰投","city":"南投縣","area":"信義鄉","market_address":"南投縣信義鄉雙龍村００１鄰光復巷１７―１號","user":"申敏雄","行業代號":"561200","market_name":["舞台燈光、音響設備出租","餐食攤販"],"行業代號1":"771913","名稱1":"舞台燈光、音響設備出租","行業代號2":"","名稱2":"","行業代號3":"","名稱3":"","category":["夜市/市場攤販"],"id":60083592,"pay_list":null,"pay_tool":null}]