[{"index":1,"shop":"陳增木攤位","zone":"花蓮","city":"花蓮縣","area":"玉里鎮","market_address":"花蓮縣玉里鎮忠智路","user":"陳增木","行業代號":null,"market_name":["餐食攤販"],"行業代號1":null,"名稱1":null,"行業代號2":null,"名稱2":null,"行業代號3":null,"名稱3":null,"category":["夜市/市場攤販"],"id":20001969,"pay_list":"","pay_tool":""},{"index":2,"shop":"陳清金飲食攤位","zone":"花蓮","city":"花蓮縣","area":"玉里鎮","market_address":"花蓮縣玉里鎮公有臨售市場玉水川臨時攤位第１０號","user":"黃秀鳳","行業代號":null,"market_name":["餐食攤販"],"行業代號1":null,"名稱1":null,"行業代號2":null,"名稱2":null,"行業代號3":null,"名稱3":null,"category":["夜市/市場攤販"],"id":20001970,"pay_list":"","pay_tool":""},{"index":3,"shop":"陳秀緞飲食攤位","zone":"花蓮","city":"花蓮縣","area":"玉里鎮","market_address":"花蓮縣玉里鎮民權街","user":"陳秀縀","行業代號":null,"market_name":["餐食攤販"],"行業代號1":null,"名稱1":null,"行業代號2":null,"名稱2":null,"行業代號3":null,"名稱3":null,"category":["夜市/市場攤販"],"id":20001971,"pay_list":"","pay_tool":""},{"index":4,"shop":"徐梅子攤位","zone":"花蓮","city":"花蓮縣","area":"玉里鎮","market_address":"花蓮縣玉里鎮民權街","user":"徐梅子","行業代號":null,"market_name":["餐食攤販"],"行業代號1":null,"名稱1":null,"行業代號2":null,"名稱2":null,"行業代號3":null,"名稱3":null,"category":["夜市/市場攤販"],"id":20001973,"pay_list":"","pay_tool":""},{"index":5,"shop":"姜和昌攤位","zone":"花蓮","city":"花蓮縣","area":"玉里鎮","market_address":"花蓮縣玉里鎮和平路","user":"姜和昌","行業代號":null,"market_name":["調理飲料攤販"],"行業代號1":null,"名稱1":null,"行業代號2":null,"名稱2":null,"行業代號3":null,"名稱3":null,"category":["夜市/市場攤販"],"id":20001975,"pay_list":"","pay_tool":""},{"index":6,"shop":"高內女攤位","zone":"花蓮","city":"花蓮縣","area":"玉里鎮","market_address":"花蓮縣玉里鎮和平路","user":"高內女","行業代號":null,"market_name":["餐食攤販"],"行業代號1":null,"名稱1":null,"行業代號2":null,"名稱2":null,"行業代號3":null,"名稱3":null,"category":["夜市/市場攤販"],"id":20001979,"pay_list":"","pay_tool":""},{"index":7,"shop":"何菊子攤位","zone":"花蓮","city":"花蓮縣","area":"玉里鎮","market_address":"花蓮縣玉里鎮民權街","user":"何菊子","行業代號":null,"market_name":["餐食攤販"],"行業代號1":null,"名稱1":null,"行業代號2":null,"名稱2":null,"行業代號3":null,"名稱3":null,"category":["夜市/市場攤販"],"id":20001980,"pay_list":"","pay_tool":""},{"index":8,"shop":"大同中式早點攤","zone":"花蓮","city":"花蓮縣","area":"玉里鎮","market_address":"花蓮縣玉里鎮中城里１７鄰大同路６６號","user":"黃美麗","行業代號":null,"market_name":["餐食攤販"],"行業代號1":null,"名稱1":null,"行業代號2":null,"名稱2":null,"行業代號3":null,"名稱3":null,"category":["夜市/市場攤販"],"id":20007912,"pay_list":"","pay_tool":""},{"index":9,"shop":"早安美芝城","zone":"花蓮","city":"花蓮縣","area":"玉里鎮","market_address":"花蓮縣玉里鎮中城里１０鄰中山路１段１８２號","user":"倪金蘭","行業代號":null,"market_name":["餐食攤販","早餐店"],"行業代號1":null,"名稱1":null,"行業代號2":null,"名稱2":null,"行業代號3":null,"名稱3":null,"category":["夜市/市場攤販","餐飲"],"id":20009726,"pay_list":"","pay_tool":""},{"index":10,"shop":"薛碧玲攤位","zone":"花蓮","city":"花蓮縣","area":"玉里鎮","market_address":"花蓮縣玉里鎮公共市場７５號攤位","user":"薛碧玲","行業代號":null,"market_name":["餐食攤販"],"行業代號1":null,"名稱1":null,"行業代號2":null,"名稱2":null,"行業代號3":null,"名稱3":null,"category":["夜市/市場攤販"],"id":20012019,"pay_list":"","pay_tool":""},{"index":11,"shop":"大胖炸雞","zone":"花蓮","city":"花蓮縣","area":"玉里鎮","market_address":"花蓮縣玉里鎮泰昌里中山路２段１０５號","user":"張甄萍","行業代號":null,"market_name":["餐食攤販"],"行業代號1":null,"名稱1":null,"行業代號2":null,"名稱2":null,"行業代號3":null,"名稱3":null,"category":["夜市/市場攤販"],"id":20019320,"pay_list":"","pay_tool":""},{"index":12,"shop":"１６天手拍肉漢堡店","zone":"花蓮","city":"花蓮縣","area":"玉里鎮","market_address":"花蓮縣玉里鎮啟模里０２４鄰中華路２０２號","user":"田曉萍","行業代號":null,"market_name":["餐食攤販"],"行業代號1":null,"名稱1":null,"行業代號2":null,"名稱2":null,"行業代號3":null,"名稱3":null,"category":["夜市/市場攤販"],"id":20042964,"pay_list":"","pay_tool":""},{"index":13,"shop":"阿亮香雞排玉里中山店","zone":"花蓮","city":"花蓮縣","area":"玉里鎮","market_address":"花蓮縣玉里鎮中城里０１４鄰中山路一段１０１號","user":"王瓊玉","行業代號":null,"market_name":["餐食攤販"],"行業代號1":null,"名稱1":null,"行業代號2":null,"名稱2":null,"行業代號3":null,"名稱3":null,"category":["夜市/市場攤販"],"id":20043057,"pay_list":"","pay_tool":""},{"index":14,"shop":"小綠潤餅","zone":"花蓮","city":"花蓮縣","area":"玉里鎮","market_address":"花蓮縣玉里鎮國武里００６鄰中正路７１號","user":"林湧闔","行業代號":null,"market_name":["餐食攤販"],"行業代號1":null,"名稱1":null,"行業代號2":null,"名稱2":null,"行業代號3":null,"名稱3":null,"category":["夜市/市場攤販"],"id":20047843,"pay_list":"","pay_tool":""},{"index":15,"shop":"回家的路","zone":"花蓮","city":"花蓮縣","area":"玉里鎮","market_address":"花蓮縣玉里鎮大禹里０１０鄰大禹４３號","user":"羅心汝","行業代號":null,"market_name":["餐食攤販","稻米零售","手工藝品零售","禽肉零售"],"行業代號1":null,"名稱1":null,"行業代號2":null,"名稱2":null,"行業代號3":null,"名稱3":null,"category":["夜市/市場攤販"],"id":20055327,"pay_list":"","pay_tool":""},{"index":16,"shop":"小滷豬滷味","zone":"花蓮","city":"花蓮縣","area":"玉里鎮","market_address":"花蓮縣玉里鎮中城里仁愛路一段１０９號","user":"朱瑞華","行業代號":null,"market_name":["餐食攤販"],"行業代號1":null,"名稱1":null,"行業代號2":null,"名稱2":null,"行業代號3":null,"名稱3":null,"category":["夜市/市場攤販"],"id":20055369,"pay_list":"","pay_tool":""},{"index":17,"shop":"古早味酷雞燒烤","zone":"花蓮","city":"花蓮縣","area":"玉里鎮","market_address":"花蓮縣玉里鎮忠智路玉里夜市攤位","user":"吳錦魁","行業代號":null,"market_name":["餐食攤販"],"行業代號1":null,"名稱1":null,"行業代號2":null,"名稱2":null,"行業代號3":null,"名稱3":null,"category":["夜市/市場攤販"],"id":20056078,"pay_list":["街口支付","LINE PAY MONEY"],"pay_tool":["行動支付"]},{"index":18,"shop":"玉里貴族派香雞排","zone":"花蓮","city":"花蓮縣","area":"玉里鎮","market_address":"花蓮縣玉里鎮泰昌里００１鄰中正路１２２號","user":"吳美齡","行業代號":"561200","market_name":["餐食攤販"],"行業代號1":"","名稱1":"","行業代號2":"","名稱2":"","行業代號3":"","名稱3":"","category":["夜市/市場攤販"],"id":60064688,"pay_list":null,"pay_tool":null},{"index":19,"shop":"福哥茶舖","zone":"花蓮","city":"花蓮縣","area":"玉里鎮","market_address":"花蓮縣玉里鎮國武里０１８鄰中正路１１８號","user":"張雅婷","行業代號":"563111","market_name":["冰果店、冷（熱）飲店","稻米零售","脫水蔬果零售","餐食攤販"],"行業代號1":"472114","名稱1":"脫水蔬果零售","行業代號2":"472924","名稱2":"稻米零售","行業代號3":"561200","名稱3":"餐食攤販","category":["餐飲","夜市/市場攤販"],"id":60076872,"pay_list":null,"pay_tool":null},{"index":20,"shop":"玉里黃記廣東鴨莊","zone":"花蓮","city":"花蓮縣","area":"玉里鎮","market_address":"花蓮縣玉里鎮泰昌里中山路２段１２４號","user":"黃政治","行業代號":"561115","market_name":["冰果店、冷（熱）飲店","外燴（辦桌）承包","餐館、餐廳","餐食攤販"],"行業代號1":"562011","名稱1":"外燴（辦桌）承包","行業代號2":"563111","名稱2":"冰果店、冷（熱）飲店","行業代號3":"561200","名稱3":"餐食攤販","category":["餐飲","夜市/市場攤販"],"id":60080439,"pay_list":null,"pay_tool":null},{"index":21,"shop":"馬蓋先美食","zone":"花蓮","city":"花蓮縣","area":"玉里鎮","market_address":"花蓮縣玉里鎮中城里２６鄰光復路１０１號","user":"吳美琴","行業代號":"561200","market_name":["餐食攤販"],"行業代號1":"","名稱1":"","行業代號2":"","名稱2":"","行業代號3":"","名稱3":"","category":["夜市/市場攤販"],"id":60081146,"pay_list":null,"pay_tool":null},{"index":22,"shop":"五二赫茲滷食","zone":"花蓮","city":"花蓮縣","area":"玉里鎮","market_address":"花蓮縣玉里鎮中城里大同路２３４號１樓","user":"張筱琪","行業代號":"561200","market_name":["餐食攤販"],"行業代號1":"","名稱1":"","行業代號2":"","名稱2":"","行業代號3":"","名稱3":"","category":["夜市/市場攤販"],"id":60096976,"pay_list":null,"pay_tool":null},{"index":23,"shop":"昱香企業行","zone":"花蓮","city":"花蓮縣","area":"玉里鎮","market_address":"花蓮縣玉里鎮中城里０２７鄰光復路１２１號","user":"張益瑋","行業代號":"561200","market_name":["調理飲料攤販","餐食攤販"],"行業代號1":"563200","名稱1":"調理飲料攤販","行業代號2":"","名稱2":"","行業代號3":"","名稱3":"","category":["餐飲","夜市/市場攤販"],"id":60104916,"pay_list":null,"pay_tool":null},{"index":24,"shop":"捲先生餐飲","zone":"花蓮","city":"花蓮縣","area":"玉里鎮","market_address":"花蓮縣玉里鎮中城里光復路９８號","user":"陳柏宏","行業代號":"561200","market_name":["餐食攤販"],"行業代號1":"","名稱1":"","行業代號2":"","名稱2":"","行業代號3":"","名稱3":"","category":["夜市/市場攤販"],"id":60115476,"pay_list":null,"pay_tool":null},{"index":25,"shop":"黑熊小吃部","zone":"花蓮","city":"花蓮縣","area":"玉里鎮","market_address":"花蓮縣玉里鎮國武里０１３鄰民國路一段１６５號","user":"陳國政","行業代號":"561113","market_name":["飲酒店","麵店、小吃店","調理飲料攤販","餐食攤販"],"行業代號1":"561200","名稱1":"餐食攤販","行業代號2":"563200","名稱2":"調理飲料攤販","行業代號3":"563114","名稱3":"飲酒店","category":["餐飲","夜市/市場攤販"],"id":60115639,"pay_list":null,"pay_tool":null}]