[{"index":1,"id":10034315,"user":"卜高美春","shop":"潮州第一公有零售市場-鋪1","category":"夜市/市場攤販","zone":"高屏","city":"屏東縣","area":"潮州鎮","market_name":"潮州第一公有零售市場","market_address":"屏東縣潮州鎮光華里民生路2號","pay_list":"","pay_tool":"","行業代號":null,"行業代號1":null,"名稱1":null,"行業代號2":null,"名稱2":null,"行業代號3":null,"名稱3":null},{"index":2,"id":10034326,"user":"李素珍","shop":"潮州第一公有零售市場-鋪2","category":"夜市/市場攤販","zone":"高屏","city":"屏東縣","area":"潮州鎮","market_name":"潮州第一公有零售市場","market_address":"屏東縣潮州鎮光華里民生路2號","pay_list":"","pay_tool":"","行業代號":null,"行業代號1":null,"名稱1":null,"行業代號2":null,"名稱2":null,"行業代號3":null,"名稱3":null},{"index":3,"id":10034337,"user":"王貴美","shop":"潮州第一公有零售市場-鋪3","category":"夜市/市場攤販","zone":"高屏","city":"屏東縣","area":"潮州鎮","market_name":"潮州第一公有零售市場","market_address":"屏東縣潮州鎮光華里民生路2號","pay_list":"","pay_tool":"","行業代號":null,"行業代號1":null,"名稱1":null,"行業代號2":null,"名稱2":null,"行業代號3":null,"名稱3":null},{"index":4,"id":10034348,"user":"郭李理","shop":"潮州第一公有零售市場-鋪4","category":"夜市/市場攤販","zone":"高屏","city":"屏東縣","area":"潮州鎮","market_name":"潮州第一公有零售市場","market_address":"屏東縣潮州鎮光華里民生路2號","pay_list":"","pay_tool":"","行業代號":null,"行業代號1":null,"名稱1":null,"行業代號2":null,"名稱2":null,"行業代號3":null,"名稱3":null},{"index":5,"id":10034359,"user":"卓戴秀雲","shop":"潮州第一公有零售市場-鋪5","category":"夜市/市場攤販","zone":"高屏","city":"屏東縣","area":"潮州鎮","market_name":"潮州第一公有零售市場","market_address":"屏東縣潮州鎮光華里民生路2號","pay_list":"","pay_tool":"","行業代號":null,"行業代號1":null,"名稱1":null,"行業代號2":null,"名稱2":null,"行業代號3":null,"名稱3":null},{"index":6,"id":10034370,"user":"歐玉琴","shop":"潮州第一公有零售市場-鋪6","category":"夜市/市場攤販","zone":"高屏","city":"屏東縣","area":"潮州鎮","market_name":"潮州第一公有零售市場","market_address":"屏東縣潮州鎮光華里民生路2號","pay_list":"","pay_tool":"","行業代號":null,"行業代號1":null,"名稱1":null,"行業代號2":null,"名稱2":null,"行業代號3":null,"名稱3":null},{"index":7,"id":10034382,"user":"王靖婷","shop":"潮州第一公有零售市場-鋪7","category":"夜市/市場攤販","zone":"高屏","city":"屏東縣","area":"潮州鎮","market_name":"潮州第一公有零售市場","market_address":"屏東縣潮州鎮光華里民生路2號","pay_list":"","pay_tool":"","行業代號":null,"行業代號1":null,"名稱1":null,"行業代號2":null,"名稱2":null,"行業代號3":null,"名稱3":null},{"index":8,"id":10034393,"user":"陳金菊","shop":"潮州第一公有零售市場-鋪8","category":"夜市/市場攤販","zone":"高屏","city":"屏東縣","area":"潮州鎮","market_name":"潮州第一公有零售市場","market_address":"屏東縣潮州鎮光華里民生路2號","pay_list":"","pay_tool":"","行業代號":null,"行業代號1":null,"名稱1":null,"行業代號2":null,"名稱2":null,"行業代號3":null,"名稱3":null},{"index":9,"id":10034404,"user":"潘美依","shop":"潮州第一公有零售市場-鋪9","category":"夜市/市場攤販","zone":"高屏","city":"屏東縣","area":"潮州鎮","market_name":"潮州第一公有零售市場","market_address":"屏東縣潮州鎮光華里民生路2號","pay_list":"","pay_tool":"","行業代號":null,"行業代號1":null,"名稱1":null,"行業代號2":null,"名稱2":null,"行業代號3":null,"名稱3":null},{"index":10,"id":10034415,"user":"洪玉蓮","shop":"潮州第一公有零售市場-鋪10","category":"夜市/市場攤販","zone":"高屏","city":"屏東縣","area":"潮州鎮","market_name":"潮州第一公有零售市場","market_address":"屏東縣潮州鎮光華里民生路2號","pay_list":"","pay_tool":"","行業代號":null,"行業代號1":null,"名稱1":null,"行業代號2":null,"名稱2":null,"行業代號3":null,"名稱3":null},{"index":11,"id":10034426,"user":"余新民","shop":"潮州第一公有零售市場-鋪11","category":"夜市/市場攤販","zone":"高屏","city":"屏東縣","area":"潮州鎮","market_name":"潮州第一公有零售市場","market_address":"屏東縣潮州鎮光華里民生路2號","pay_list":"","pay_tool":"","行業代號":null,"行業代號1":null,"名稱1":null,"行業代號2":null,"名稱2":null,"行業代號3":null,"名稱3":null},{"index":12,"id":10034437,"user":"楊梅貴","shop":"潮州第一公有零售市場-鋪12","category":"夜市/市場攤販","zone":"高屏","city":"屏東縣","area":"潮州鎮","market_name":"潮州第一公有零售市場","market_address":"屏東縣潮州鎮光華里民生路2號","pay_list":"","pay_tool":"","行業代號":null,"行業代號1":null,"名稱1":null,"行業代號2":null,"名稱2":null,"行業代號3":null,"名稱3":null},{"index":13,"id":10034448,"user":"楊心巒","shop":"潮州第一公有零售市場-鋪13","category":"夜市/市場攤販","zone":"高屏","city":"屏東縣","area":"潮州鎮","market_name":"潮州第一公有零售市場","market_address":"屏東縣潮州鎮光華里民生路2號","pay_list":"","pay_tool":"","行業代號":null,"行業代號1":null,"名稱1":null,"行業代號2":null,"名稱2":null,"行業代號3":null,"名稱3":null},{"index":14,"id":10034459,"user":"劉王妙","shop":"潮州第一公有零售市場-鋪14","category":"夜市/市場攤販","zone":"高屏","city":"屏東縣","area":"潮州鎮","market_name":"潮州第一公有零售市場","market_address":"屏東縣潮州鎮光華里民生路2號","pay_list":"","pay_tool":"","行業代號":null,"行業代號1":null,"名稱1":null,"行業代號2":null,"名稱2":null,"行業代號3":null,"名稱3":null},{"index":15,"id":10034470,"user":"王建友","shop":"潮州第一公有零售市場-鋪15","category":"夜市/市場攤販","zone":"高屏","city":"屏東縣","area":"潮州鎮","market_name":"潮州第一公有零售市場","market_address":"屏東縣潮州鎮光華里民生路2號","pay_list":"","pay_tool":"","行業代號":null,"行業代號1":null,"名稱1":null,"行業代號2":null,"名稱2":null,"行業代號3":null,"名稱3":null},{"index":16,"id":10034481,"user":"黃蔡秀美","shop":"潮州第一公有零售市場-鋪16","category":"夜市/市場攤販","zone":"高屏","city":"屏東縣","area":"潮州鎮","market_name":"潮州第一公有零售市場","market_address":"屏東縣潮州鎮光華里民生路2號","pay_list":"","pay_tool":"","行業代號":null,"行業代號1":null,"名稱1":null,"行業代號2":null,"名稱2":null,"行業代號3":null,"名稱3":null},{"index":17,"id":10034493,"user":"王梅雪","shop":"潮州第一公有零售市場-鋪17","category":"夜市/市場攤販","zone":"高屏","city":"屏東縣","area":"潮州鎮","market_name":"潮州第一公有零售市場","market_address":"屏東縣潮州鎮光華里民生路2號","pay_list":"","pay_tool":"","行業代號":null,"行業代號1":null,"名稱1":null,"行業代號2":null,"名稱2":null,"行業代號3":null,"名稱3":null},{"index":18,"id":10034504,"user":"周新章","shop":"潮州第一公有零售市場-鋪19","category":"夜市/市場攤販","zone":"高屏","city":"屏東縣","area":"潮州鎮","market_name":"潮州第一公有零售市場","market_address":"屏東縣潮州鎮光華里民生路2號","pay_list":"","pay_tool":"","行業代號":null,"行業代號1":null,"名稱1":null,"行業代號2":null,"名稱2":null,"行業代號3":null,"名稱3":null},{"index":19,"id":10034515,"user":"李姿怡","shop":"潮州第一公有零售市場-鋪20","category":"夜市/市場攤販","zone":"高屏","city":"屏東縣","area":"潮州鎮","market_name":"潮州第一公有零售市場","market_address":"屏東縣潮州鎮光華里民生路2號","pay_list":"","pay_tool":"","行業代號":null,"行業代號1":null,"名稱1":null,"行業代號2":null,"名稱2":null,"行業代號3":null,"名稱3":null},{"index":20,"id":10034526,"user":"曾貴盛","shop":"潮州第一公有零售市場-鋪21","category":"夜市/市場攤販","zone":"高屏","city":"屏東縣","area":"潮州鎮","market_name":"潮州第一公有零售市場","market_address":"屏東縣潮州鎮光華里民生路2號","pay_list":"","pay_tool":"","行業代號":null,"行業代號1":null,"名稱1":null,"行業代號2":null,"名稱2":null,"行業代號3":null,"名稱3":null},{"index":21,"id":10034537,"user":"張莊勸","shop":"潮州第一公有零售市場-鋪22","category":"夜市/市場攤販","zone":"高屏","city":"屏東縣","area":"潮州鎮","market_name":"潮州第一公有零售市場","market_address":"屏東縣潮州鎮光華里民生路2號","pay_list":"","pay_tool":"","行業代號":null,"行業代號1":null,"名稱1":null,"行業代號2":null,"名稱2":null,"行業代號3":null,"名稱3":null},{"index":22,"id":10034548,"user":"溫左秀貞","shop":"潮州第一公有零售市場-鋪23","category":"夜市/市場攤販","zone":"高屏","city":"屏東縣","area":"潮州鎮","market_name":"潮州第一公有零售市場","market_address":"屏東縣潮州鎮光華里民生路2號","pay_list":"","pay_tool":"","行業代號":null,"行業代號1":null,"名稱1":null,"行業代號2":null,"名稱2":null,"行業代號3":null,"名稱3":null},{"index":23,"id":10034559,"user":"陳隆慶","shop":"潮州第一公有零售市場-鋪24","category":"夜市/市場攤販","zone":"高屏","city":"屏東縣","area":"潮州鎮","market_name":"潮州第一公有零售市場","market_address":"屏東縣潮州鎮光華里民生路2號","pay_list":"","pay_tool":"","行業代號":null,"行業代號1":null,"名稱1":null,"行業代號2":null,"名稱2":null,"行業代號3":null,"名稱3":null},{"index":24,"id":10034570,"user":"張月真","shop":"潮州第一公有零售市場-鋪25","category":"夜市/市場攤販","zone":"高屏","city":"屏東縣","area":"潮州鎮","market_name":"潮州第一公有零售市場","market_address":"屏東縣潮州鎮光華里民生路2號","pay_list":"","pay_tool":"","行業代號":null,"行業代號1":null,"名稱1":null,"行業代號2":null,"名稱2":null,"行業代號3":null,"名稱3":null},{"index":25,"id":10034581,"user":"張瓊文","shop":"潮州第一公有零售市場-鋪26","category":"夜市/市場攤販","zone":"高屏","city":"屏東縣","area":"潮州鎮","market_name":"潮州第一公有零售市場","market_address":"屏東縣潮州鎮光華里民生路2號","pay_list":"","pay_tool":"","行業代號":null,"行業代號1":null,"名稱1":null,"行業代號2":null,"名稱2":null,"行業代號3":null,"名稱3":null},{"index":26,"id":10034592,"user":"林黃秋涼","shop":"潮州第一公有零售市場-鋪27","category":"夜市/市場攤販","zone":"高屏","city":"屏東縣","area":"潮州鎮","market_name":"潮州第一公有零售市場","market_address":"屏東縣潮州鎮光華里民生路2號","pay_list":"","pay_tool":"","行業代號":null,"行業代號1":null,"名稱1":null,"行業代號2":null,"名稱2":null,"行業代號3":null,"名稱3":null},{"index":27,"id":10034604,"user":"何榮美","shop":"潮州第一公有零售市場-鋪28","category":"夜市/市場攤販","zone":"高屏","city":"屏東縣","area":"潮州鎮","market_name":"潮州第一公有零售市場","market_address":"屏東縣潮州鎮光華里民生路2號","pay_list":"","pay_tool":"","行業代號":null,"行業代號1":null,"名稱1":null,"行業代號2":null,"名稱2":null,"行業代號3":null,"名稱3":null},{"index":28,"id":10034615,"user":"謝金枝","shop":"潮州第一公有零售市場-鋪29","category":"夜市/市場攤販","zone":"高屏","city":"屏東縣","area":"潮州鎮","market_name":"潮州第一公有零售市場","market_address":"屏東縣潮州鎮光華里民生路2號","pay_list":"","pay_tool":"","行業代號":null,"行業代號1":null,"名稱1":null,"行業代號2":null,"名稱2":null,"行業代號3":null,"名稱3":null},{"index":29,"id":10034626,"user":"蘇祐助","shop":"潮州第一公有零售市場-鋪30","category":"夜市/市場攤販","zone":"高屏","city":"屏東縣","area":"潮州鎮","market_name":"潮州第一公有零售市場","market_address":"屏東縣潮州鎮光華里民生路2號","pay_list":"","pay_tool":"","行業代號":null,"行業代號1":null,"名稱1":null,"行業代號2":null,"名稱2":null,"行業代號3":null,"名稱3":null},{"index":30,"id":10034637,"user":"黃金生","shop":"潮州第一公有零售市場-鋪31","category":"夜市/市場攤販","zone":"高屏","city":"屏東縣","area":"潮州鎮","market_name":"潮州第一公有零售市場","market_address":"屏東縣潮州鎮光華里民生路2號","pay_list":"","pay_tool":"","行業代號":null,"行業代號1":null,"名稱1":null,"行業代號2":null,"名稱2":null,"行業代號3":null,"名稱3":null},{"index":31,"id":10034648,"user":"莊煥洲","shop":"潮州第一公有零售市場-鋪32","category":"夜市/市場攤販","zone":"高屏","city":"屏東縣","area":"潮州鎮","market_name":"潮州第一公有零售市場","market_address":"屏東縣潮州鎮光華里民生路2號","pay_list":"","pay_tool":"","行業代號":null,"行業代號1":null,"名稱1":null,"行業代號2":null,"名稱2":null,"行業代號3":null,"名稱3":null},{"index":32,"id":10034659,"user":"蔡淑貞","shop":"潮州第一公有零售市場-鋪33","category":"夜市/市場攤販","zone":"高屏","city":"屏東縣","area":"潮州鎮","market_name":"潮州第一公有零售市場","market_address":"屏東縣潮州鎮光華里民生路2號","pay_list":"","pay_tool":"","行業代號":null,"行業代號1":null,"名稱1":null,"行業代號2":null,"名稱2":null,"行業代號3":null,"名稱3":null},{"index":33,"id":10034670,"user":"蔡立仁","shop":"潮州第一公有零售市場-鋪34","category":"夜市/市場攤販","zone":"高屏","city":"屏東縣","area":"潮州鎮","market_name":"潮州第一公有零售市場","market_address":"屏東縣潮州鎮光華里民生路2號","pay_list":"","pay_tool":"","行業代號":null,"行業代號1":null,"名稱1":null,"行業代號2":null,"名稱2":null,"行業代號3":null,"名稱3":null},{"index":34,"id":10034681,"user":"莊清山","shop":"潮州第一公有零售市場-鋪35","category":"夜市/市場攤販","zone":"高屏","city":"屏東縣","area":"潮州鎮","market_name":"潮州第一公有零售市場","market_address":"屏東縣潮州鎮光華里民生路2號","pay_list":"","pay_tool":"","行業代號":null,"行業代號1":null,"名稱1":null,"行業代號2":null,"名稱2":null,"行業代號3":null,"名稱3":null},{"index":35,"id":10034692,"user":"張政智","shop":"潮州第一公有零售市場-鋪36","category":"夜市/市場攤販","zone":"高屏","city":"屏東縣","area":"潮州鎮","market_name":"潮州第一公有零售市場","market_address":"屏東縣潮州鎮光華里民生路2號","pay_list":"","pay_tool":"","行業代號":null,"行業代號1":null,"名稱1":null,"行業代號2":null,"名稱2":null,"行業代號3":null,"名稱3":null},{"index":36,"id":10034703,"user":"紀川勝","shop":"潮州第一公有零售市場-鋪37","category":"夜市/市場攤販","zone":"高屏","city":"屏東縣","area":"潮州鎮","market_name":"潮州第一公有零售市場","market_address":"屏東縣潮州鎮光華里民生路2號","pay_list":"","pay_tool":"","行業代號":null,"行業代號1":null,"名稱1":null,"行業代號2":null,"名稱2":null,"行業代號3":null,"名稱3":null},{"index":37,"id":10034715,"user":"洪順福","shop":"潮州第一公有零售市場-鋪38","category":"夜市/市場攤販","zone":"高屏","city":"屏東縣","area":"潮州鎮","market_name":"潮州第一公有零售市場","market_address":"屏東縣潮州鎮光華里民生路2號","pay_list":"","pay_tool":"","行業代號":null,"行業代號1":null,"名稱1":null,"行業代號2":null,"名稱2":null,"行業代號3":null,"名稱3":null},{"index":38,"id":10034726,"user":"謝來富","shop":"潮州第一公有零售市場-鋪39","category":"夜市/市場攤販","zone":"高屏","city":"屏東縣","area":"潮州鎮","market_name":"潮州第一公有零售市場","market_address":"屏東縣潮州鎮光華里民生路2號","pay_list":"","pay_tool":"","行業代號":null,"行業代號1":null,"名稱1":null,"行業代號2":null,"名稱2":null,"行業代號3":null,"名稱3":null},{"index":39,"id":10034737,"user":"陳宗發","shop":"潮州第一公有零售市場-鋪40","category":"夜市/市場攤販","zone":"高屏","city":"屏東縣","area":"潮州鎮","market_name":"潮州第一公有零售市場","market_address":"屏東縣潮州鎮光華里民生路2號","pay_list":"","pay_tool":"","行業代號":null,"行業代號1":null,"名稱1":null,"行業代號2":null,"名稱2":null,"行業代號3":null,"名稱3":null},{"index":40,"id":10034748,"user":"陳麗容","shop":"潮州第一公有零售市場-鋪41","category":"夜市/市場攤販","zone":"高屏","city":"屏東縣","area":"潮州鎮","market_name":"潮州第一公有零售市場","market_address":"屏東縣潮州鎮光華里民生路2號","pay_list":"","pay_tool":"","行業代號":null,"行業代號1":null,"名稱1":null,"行業代號2":null,"名稱2":null,"行業代號3":null,"名稱3":null},{"index":41,"id":10034759,"user":"吳輝盛","shop":"潮州第一公有零售市場-鋪42","category":"夜市/市場攤販","zone":"高屏","city":"屏東縣","area":"潮州鎮","market_name":"潮州第一公有零售市場","market_address":"屏東縣潮州鎮光華里民生路2號","pay_list":"","pay_tool":"","行業代號":null,"行業代號1":null,"名稱1":null,"行業代號2":null,"名稱2":null,"行業代號3":null,"名稱3":null},{"index":42,"id":10034770,"user":"戴仲達","shop":"潮州第一公有零售市場-鋪43","category":"夜市/市場攤販","zone":"高屏","city":"屏東縣","area":"潮州鎮","market_name":"潮州第一公有零售市場","market_address":"屏東縣潮州鎮光華里民生路2號","pay_list":"","pay_tool":"","行業代號":null,"行業代號1":null,"名稱1":null,"行業代號2":null,"名稱2":null,"行業代號3":null,"名稱3":null},{"index":43,"id":10034781,"user":"王登峰","shop":"潮州第一公有零售市場-鋪44","category":"夜市/市場攤販","zone":"高屏","city":"屏東縣","area":"潮州鎮","market_name":"潮州第一公有零售市場","market_address":"屏東縣潮州鎮光華里民生路2號","pay_list":"","pay_tool":"","行業代號":null,"行業代號1":null,"名稱1":null,"行業代號2":null,"名稱2":null,"行業代號3":null,"名稱3":null},{"index":44,"id":10034792,"user":"張俊傑","shop":"潮州第一公有零售市場-鋪45","category":"夜市/市場攤販","zone":"高屏","city":"屏東縣","area":"潮州鎮","market_name":"潮州第一公有零售市場","market_address":"屏東縣潮州鎮光華里民生路2號","pay_list":"","pay_tool":"","行業代號":null,"行業代號1":null,"名稱1":null,"行業代號2":null,"名稱2":null,"行業代號3":null,"名稱3":null},{"index":45,"id":10034803,"user":"李秀瓊","shop":"潮州第一公有零售市場-鋪46","category":"夜市/市場攤販","zone":"高屏","city":"屏東縣","area":"潮州鎮","market_name":"潮州第一公有零售市場","market_address":"屏東縣潮州鎮光華里民生路2號","pay_list":"","pay_tool":"","行業代號":null,"行業代號1":null,"名稱1":null,"行業代號2":null,"名稱2":null,"行業代號3":null,"名稱3":null},{"index":46,"id":10034814,"user":"高振松","shop":"潮州第一公有零售市場-鋪47","category":"夜市/市場攤販","zone":"高屏","city":"屏東縣","area":"潮州鎮","market_name":"潮州第一公有零售市場","market_address":"屏東縣潮州鎮光華里民生路2號","pay_list":"","pay_tool":"","行業代號":null,"行業代號1":null,"名稱1":null,"行業代號2":null,"名稱2":null,"行業代號3":null,"名稱3":null},{"index":47,"id":10034826,"user":"邱玉峰","shop":"潮州第一公有零售市場-鋪48","category":"夜市/市場攤販","zone":"高屏","city":"屏東縣","area":"潮州鎮","market_name":"潮州第一公有零售市場","market_address":"屏東縣潮州鎮光華里民生路2號","pay_list":"","pay_tool":"","行業代號":null,"行業代號1":null,"名稱1":null,"行業代號2":null,"名稱2":null,"行業代號3":null,"名稱3":null},{"index":48,"id":10034837,"user":"吳秀枝","shop":"潮州第一公有零售市場-鋪49","category":"夜市/市場攤販","zone":"高屏","city":"屏東縣","area":"潮州鎮","market_name":"潮州第一公有零售市場","market_address":"屏東縣潮州鎮光華里民生路2號","pay_list":"","pay_tool":"","行業代號":null,"行業代號1":null,"名稱1":null,"行業代號2":null,"名稱2":null,"行業代號3":null,"名稱3":null},{"index":49,"id":10034848,"user":"蘇錦媛","shop":"潮州第一公有零售市場-鋪50","category":"夜市/市場攤販","zone":"高屏","city":"屏東縣","area":"潮州鎮","market_name":"潮州第一公有零售市場","market_address":"屏東縣潮州鎮光華里民生路2號","pay_list":"","pay_tool":"","行業代號":null,"行業代號1":null,"名稱1":null,"行業代號2":null,"名稱2":null,"行業代號3":null,"名稱3":null},{"index":50,"id":10034859,"user":"薛春枝","shop":"潮州第一公有零售市場-鋪51","category":"夜市/市場攤販","zone":"高屏","city":"屏東縣","area":"潮州鎮","market_name":"潮州第一公有零售市場","market_address":"屏東縣潮州鎮光華里民生路2號","pay_list":"","pay_tool":"","行業代號":null,"行業代號1":null,"名稱1":null,"行業代號2":null,"名稱2":null,"行業代號3":null,"名稱3":null},{"index":51,"id":10034870,"user":"吳靜怡","shop":"潮州第一公有零售市場-鋪52","category":"夜市/市場攤販","zone":"高屏","city":"屏東縣","area":"潮州鎮","market_name":"潮州第一公有零售市場","market_address":"屏東縣潮州鎮光華里民生路2號","pay_list":"","pay_tool":"","行業代號":null,"行業代號1":null,"名稱1":null,"行業代號2":null,"名稱2":null,"行業代號3":null,"名稱3":null},{"index":52,"id":10034881,"user":"江如菊","shop":"潮州第一公有零售市場-鋪53","category":"夜市/市場攤販","zone":"高屏","city":"屏東縣","area":"潮州鎮","market_name":"潮州第一公有零售市場","market_address":"屏東縣潮州鎮光華里民生路2號","pay_list":"","pay_tool":"","行業代號":null,"行業代號1":null,"名稱1":null,"行業代號2":null,"名稱2":null,"行業代號3":null,"名稱3":null},{"index":53,"id":10034892,"user":"李秋月","shop":"潮州第一公有零售市場-鋪54","category":"夜市/市場攤販","zone":"高屏","city":"屏東縣","area":"潮州鎮","market_name":"潮州第一公有零售市場","market_address":"屏東縣潮州鎮光華里民生路2號","pay_list":"","pay_tool":"","行業代號":null,"行業代號1":null,"名稱1":null,"行業代號2":null,"名稱2":null,"行業代號3":null,"名稱3":null},{"index":54,"id":10034903,"user":"張玉玲","shop":"潮州第一公有零售市場-鋪55","category":"夜市/市場攤販","zone":"高屏","city":"屏東縣","area":"潮州鎮","market_name":"潮州第一公有零售市場","market_address":"屏東縣潮州鎮光華里民生路2號","pay_list":"","pay_tool":"","行業代號":null,"行業代號1":null,"名稱1":null,"行業代號2":null,"名稱2":null,"行業代號3":null,"名稱3":null},{"index":55,"id":10034914,"user":"鄭高美香","shop":"潮州第一公有零售市場-攤1","category":"夜市/市場攤販","zone":"高屏","city":"屏東縣","area":"潮州鎮","market_name":"潮州第一公有零售市場","market_address":"屏東縣潮州鎮光華里民生路2號","pay_list":"","pay_tool":"","行業代號":null,"行業代號1":null,"名稱1":null,"行業代號2":null,"名稱2":null,"行業代號3":null,"名稱3":null},{"index":56,"id":10034925,"user":"陳志語","shop":"潮州第一公有零售市場-攤2","category":"夜市/市場攤販","zone":"高屏","city":"屏東縣","area":"潮州鎮","market_name":"潮州第一公有零售市場","market_address":"屏東縣潮州鎮光華里民生路2號","pay_list":"","pay_tool":"","行業代號":null,"行業代號1":null,"名稱1":null,"行業代號2":null,"名稱2":null,"行業代號3":null,"名稱3":null},{"index":57,"id":10034937,"user":"楊李快","shop":"潮州第一公有零售市場-攤3","category":"夜市/市場攤販","zone":"高屏","city":"屏東縣","area":"潮州鎮","market_name":"潮州第一公有零售市場","market_address":"屏東縣潮州鎮光華里民生路2號","pay_list":"","pay_tool":"","行業代號":null,"行業代號1":null,"名稱1":null,"行業代號2":null,"名稱2":null,"行業代號3":null,"名稱3":null},{"index":58,"id":10034948,"user":"陳韋安","shop":"潮州第一公有零售市場-攤4","category":"夜市/市場攤販","zone":"高屏","city":"屏東縣","area":"潮州鎮","market_name":"潮州第一公有零售市場","market_address":"屏東縣潮州鎮光華里民生路2號","pay_list":"","pay_tool":"","行業代號":null,"行業代號1":null,"名稱1":null,"行業代號2":null,"名稱2":null,"行業代號3":null,"名稱3":null},{"index":59,"id":10034959,"user":"張運寶","shop":"潮州第一公有零售市場-攤5","category":"夜市/市場攤販","zone":"高屏","city":"屏東縣","area":"潮州鎮","market_name":"潮州第一公有零售市場","market_address":"屏東縣潮州鎮光華里民生路2號","pay_list":"","pay_tool":"","行業代號":null,"行業代號1":null,"名稱1":null,"行業代號2":null,"名稱2":null,"行業代號3":null,"名稱3":null},{"index":60,"id":10034970,"user":"張玉真","shop":"潮州第一公有零售市場-攤6","category":"夜市/市場攤販","zone":"高屏","city":"屏東縣","area":"潮州鎮","market_name":"潮州第一公有零售市場","market_address":"屏東縣潮州鎮光華里民生路2號","pay_list":"","pay_tool":"","行業代號":null,"行業代號1":null,"名稱1":null,"行業代號2":null,"名稱2":null,"行業代號3":null,"名稱3":null},{"index":61,"id":10034981,"user":"黃瑞征","shop":"潮州第一公有零售市場-攤7","category":"夜市/市場攤販","zone":"高屏","city":"屏東縣","area":"潮州鎮","market_name":"潮州第一公有零售市場","market_address":"屏東縣潮州鎮光華里民生路2號","pay_list":"","pay_tool":"","行業代號":null,"行業代號1":null,"名稱1":null,"行業代號2":null,"名稱2":null,"行業代號3":null,"名稱3":null},{"index":62,"id":10034992,"user":"吳麗齡","shop":"潮州第一公有零售市場-攤8","category":"夜市/市場攤販","zone":"高屏","city":"屏東縣","area":"潮州鎮","market_name":"潮州第一公有零售市場","market_address":"屏東縣潮州鎮光華里民生路2號","pay_list":"","pay_tool":"","行業代號":null,"行業代號1":null,"名稱1":null,"行業代號2":null,"名稱2":null,"行業代號3":null,"名稱3":null},{"index":63,"id":10035003,"user":"陳穗蓮","shop":"潮州第一公有零售市場-攤10","category":"夜市/市場攤販","zone":"高屏","city":"屏東縣","area":"潮州鎮","market_name":"潮州第一公有零售市場","market_address":"屏東縣潮州鎮光華里民生路2號","pay_list":"","pay_tool":"","行業代號":null,"行業代號1":null,"名稱1":null,"行業代號2":null,"名稱2":null,"行業代號3":null,"名稱3":null},{"index":64,"id":10035014,"user":"郭妙芬","shop":"潮州第一公有零售市場-攤11","category":"夜市/市場攤販","zone":"高屏","city":"屏東縣","area":"潮州鎮","market_name":"潮州第一公有零售市場","market_address":"屏東縣潮州鎮光華里民生路2號","pay_list":"","pay_tool":"","行業代號":null,"行業代號1":null,"名稱1":null,"行業代號2":null,"名稱2":null,"行業代號3":null,"名稱3":null},{"index":65,"id":10035025,"user":"陳韋岑","shop":"潮州第一公有零售市場-攤12","category":"夜市/市場攤販","zone":"高屏","city":"屏東縣","area":"潮州鎮","market_name":"潮州第一公有零售市場","market_address":"屏東縣潮州鎮光華里民生路2號","pay_list":"","pay_tool":"","行業代號":null,"行業代號1":null,"名稱1":null,"行業代號2":null,"名稱2":null,"行業代號3":null,"名稱3":null},{"index":66,"id":10035036,"user":"曾美珍","shop":"潮州第一公有零售市場-攤14","category":"夜市/市場攤販","zone":"高屏","city":"屏東縣","area":"潮州鎮","market_name":"潮州第一公有零售市場","market_address":"屏東縣潮州鎮光華里民生路2號","pay_list":"","pay_tool":"","行業代號":null,"行業代號1":null,"名稱1":null,"行業代號2":null,"名稱2":null,"行業代號3":null,"名稱3":null},{"index":67,"id":10035048,"user":"尤惠珠","shop":"潮州第一公有零售市場-攤15","category":"夜市/市場攤販","zone":"高屏","city":"屏東縣","area":"潮州鎮","market_name":"潮州第一公有零售市場","market_address":"屏東縣潮州鎮光華里民生路2號","pay_list":"","pay_tool":"","行業代號":null,"行業代號1":null,"名稱1":null,"行業代號2":null,"名稱2":null,"行業代號3":null,"名稱3":null},{"index":68,"id":10035059,"user":"魏子盛","shop":"潮州第一公有零售市場-攤16","category":"夜市/市場攤販","zone":"高屏","city":"屏東縣","area":"潮州鎮","market_name":"潮州第一公有零售市場","market_address":"屏東縣潮州鎮光華里民生路2號","pay_list":"","pay_tool":"","行業代號":null,"行業代號1":null,"名稱1":null,"行業代號2":null,"名稱2":null,"行業代號3":null,"名稱3":null},{"index":69,"id":10035070,"user":"羅信榮","shop":"潮州第一公有零售市場-攤17","category":"夜市/市場攤販","zone":"高屏","city":"屏東縣","area":"潮州鎮","market_name":"潮州第一公有零售市場","market_address":"屏東縣潮州鎮光華里民生路2號","pay_list":"","pay_tool":"","行業代號":null,"行業代號1":null,"名稱1":null,"行業代號2":null,"名稱2":null,"行業代號3":null,"名稱3":null},{"index":70,"id":10035081,"user":"曾許文枝","shop":"潮州第一公有零售市場-攤18","category":"夜市/市場攤販","zone":"高屏","city":"屏東縣","area":"潮州鎮","market_name":"潮州第一公有零售市場","market_address":"屏東縣潮州鎮光華里民生路2號","pay_list":"","pay_tool":"","行業代號":null,"行業代號1":null,"名稱1":null,"行業代號2":null,"名稱2":null,"行業代號3":null,"名稱3":null},{"index":71,"id":10035092,"user":"楊朱素玉","shop":"潮州第一公有零售市場-攤19","category":"夜市/市場攤販","zone":"高屏","city":"屏東縣","area":"潮州鎮","market_name":"潮州第一公有零售市場","market_address":"屏東縣潮州鎮光華里民生路2號","pay_list":"","pay_tool":"","行業代號":null,"行業代號1":null,"名稱1":null,"行業代號2":null,"名稱2":null,"行業代號3":null,"名稱3":null},{"index":72,"id":10035103,"user":"朱淑惠","shop":"潮州第一公有零售市場-攤20","category":"夜市/市場攤販","zone":"高屏","city":"屏東縣","area":"潮州鎮","market_name":"潮州第一公有零售市場","market_address":"屏東縣潮州鎮光華里民生路2號","pay_list":"","pay_tool":"","行業代號":null,"行業代號1":null,"名稱1":null,"行業代號2":null,"名稱2":null,"行業代號3":null,"名稱3":null},{"index":73,"id":10035114,"user":"潘素鳳","shop":"潮州第一公有零售市場-攤21","category":"夜市/市場攤販","zone":"高屏","city":"屏東縣","area":"潮州鎮","market_name":"潮州第一公有零售市場","market_address":"屏東縣潮州鎮光華里民生路2號","pay_list":"","pay_tool":"","行業代號":null,"行業代號1":null,"名稱1":null,"行業代號2":null,"名稱2":null,"行業代號3":null,"名稱3":null},{"index":74,"id":10035125,"user":"蔡國在","shop":"潮州第一公有零售市場-攤22","category":"夜市/市場攤販","zone":"高屏","city":"屏東縣","area":"潮州鎮","market_name":"潮州第一公有零售市場","market_address":"屏東縣潮州鎮光華里民生路2號","pay_list":"","pay_tool":"","行業代號":null,"行業代號1":null,"名稱1":null,"行業代號2":null,"名稱2":null,"行業代號3":null,"名稱3":null},{"index":75,"id":10035136,"user":"黃冠融","shop":"潮州第一公有零售市場-攤23","category":"夜市/市場攤販","zone":"高屏","city":"屏東縣","area":"潮州鎮","market_name":"潮州第一公有零售市場","market_address":"屏東縣潮州鎮光華里民生路2號","pay_list":"","pay_tool":"","行業代號":null,"行業代號1":null,"名稱1":null,"行業代號2":null,"名稱2":null,"行業代號3":null,"名稱3":null},{"index":76,"id":10035147,"user":"林政賢","shop":"潮州第一公有零售市場-攤鋪合併1","category":"夜市/市場攤販","zone":"高屏","city":"屏東縣","area":"潮州鎮","market_name":"潮州第一公有零售市場","market_address":"屏東縣潮州鎮光華里民生路2號","pay_list":"","pay_tool":"","行業代號":null,"行業代號1":null,"名稱1":null,"行業代號2":null,"名稱2":null,"行業代號3":null,"名稱3":null},{"index":77,"id":10035159,"user":"陳百昭","shop":"潮州第一公有零售市場-攤鋪合併2","category":"夜市/市場攤販","zone":"高屏","city":"屏東縣","area":"潮州鎮","market_name":"潮州第一公有零售市場","market_address":"屏東縣潮州鎮光華里民生路2號","pay_list":"","pay_tool":"","行業代號":null,"行業代號1":null,"名稱1":null,"行業代號2":null,"名稱2":null,"行業代號3":null,"名稱3":null},{"index":78,"id":10035170,"user":"羅美玉","shop":"潮州第一公有零售市場-攤鋪合併3","category":"夜市/市場攤販","zone":"高屏","city":"屏東縣","area":"潮州鎮","market_name":"潮州第一公有零售市場","market_address":"屏東縣潮州鎮光華里民生路2號","pay_list":"","pay_tool":"","行業代號":null,"行業代號1":null,"名稱1":null,"行業代號2":null,"名稱2":null,"行業代號3":null,"名稱3":null},{"index":79,"id":20003000,"user":"許春和","shop":"大陸麵食館","category":["夜市/市場攤販"],"zone":"高屏","city":"屏東縣","area":"潮州鎮","market_name":["餐食攤販"],"market_address":"屏東縣潮州鎮潮州里文化路１１號","pay_list":"","pay_tool":"","行業代號":null,"行業代號1":null,"名稱1":null,"行業代號2":null,"名稱2":null,"行業代號3":null,"名稱3":null},{"index":80,"id":20003012,"user":"邱鈺婷","shop":"邱鈺婷","category":["夜市/市場攤販","餐飲"],"zone":"高屏","city":"屏東縣","area":"潮州鎮","market_name":["餐食攤販","冰果店、冷（熱）飲店"],"market_address":"屏東縣潮州鎮永春里興隆路１５０號前面","pay_list":"","pay_tool":"","行業代號":null,"行業代號1":null,"名稱1":null,"行業代號2":null,"名稱2":null,"行業代號3":null,"名稱3":null},{"index":81,"id":20003649,"user":"黃淑美","shop":"三德早餐店","category":["夜市/市場攤販","餐飲"],"zone":"高屏","city":"屏東縣","area":"潮州鎮","market_name":["餐食攤販","冰果店、冷（熱）飲店"],"market_address":"屏東縣潮州鎮三星里００７鄰三德路２５號１樓之２２","pay_list":"","pay_tool":"","行業代號":null,"行業代號1":null,"名稱1":null,"行業代號2":null,"名稱2":null,"行業代號3":null,"名稱3":null},{"index":82,"id":20003656,"user":"黃文祺","shop":"黃文祺","category":["夜市/市場攤販"],"zone":"高屏","city":"屏東縣","area":"潮州鎮","market_name":["餐食攤販"],"market_address":"屏東縣潮州鎮新生里中正路３２號","pay_list":"","pay_tool":"","行業代號":null,"行業代號1":null,"名稱1":null,"行業代號2":null,"名稱2":null,"行業代號3":null,"名稱3":null},{"index":83,"id":20003661,"user":"鄞生學","shop":"芳軒囍慶宴席包辦","category":["夜市/市場攤販"],"zone":"高屏","city":"屏東縣","area":"潮州鎮","market_name":["餐食攤販"],"market_address":"屏東縣潮州鎮五魁里太平路４２０號","pay_list":"","pay_tool":"","行業代號":null,"行業代號1":null,"名稱1":null,"行業代號2":null,"名稱2":null,"行業代號3":null,"名稱3":null},{"index":84,"id":20003755,"user":"王方淑津","shop":"方淑緣精緻手工饅頭","category":["夜市/市場攤販"],"zone":"高屏","city":"屏東縣","area":"潮州鎮","market_name":["餐食攤販"],"market_address":"屏東縣潮州鎮潮州里３鄰長興路１－１１號","pay_list":"","pay_tool":"","行業代號":null,"行業代號1":null,"名稱1":null,"行業代號2":null,"名稱2":null,"行業代號3":null,"名稱3":null},{"index":85,"id":20003867,"user":"陳秀甄","shop":"老模羊家莊","category":["夜市/市場攤販"],"zone":"高屏","city":"屏東縣","area":"潮州鎮","market_name":["餐食攤販"],"market_address":"屏東縣潮州鎮新生里金陵街３５號","pay_list":"","pay_tool":"","行業代號":null,"行業代號1":null,"名稱1":null,"行業代號2":null,"名稱2":null,"行業代號3":null,"名稱3":null},{"index":86,"id":20004793,"user":"紀劉秀鑾","shop":"紀劉秀鑾","category":["夜市/市場攤販"],"zone":"高屏","city":"屏東縣","area":"潮州鎮","market_name":["餐食攤販"],"market_address":"屏東縣潮州鎮新榮里清水南路１７之１號騎樓","pay_list":"","pay_tool":"","行業代號":null,"行業代號1":null,"名稱1":null,"行業代號2":null,"名稱2":null,"行業代號3":null,"名稱3":null},{"index":87,"id":20004864,"user":"洪仁和","shop":"越南小吃","category":["夜市/市場攤販"],"zone":"高屏","city":"屏東縣","area":"潮州鎮","market_name":["餐食攤販","飲料零售","視聽中心"],"market_address":"屏東縣潮州鎮八爺里大同路１２７之２１號","pay_list":["LINE PAY MONEY"],"pay_tool":["行動支付"],"行業代號":null,"行業代號1":null,"名稱1":null,"行業代號2":null,"名稱2":null,"行業代號3":null,"名稱3":null},{"index":88,"id":20005304,"user":"王源富","shop":"王源富","category":["夜市/市場攤販"],"zone":"高屏","city":"屏東縣","area":"潮州鎮","market_name":["餐食攤販"],"market_address":"屏東縣潮州鎮同榮里清水南路２０之２５號","pay_list":"","pay_tool":"","行業代號":null,"行業代號1":null,"名稱1":null,"行業代號2":null,"名稱2":null,"行業代號3":null,"名稱3":null},{"index":89,"id":20006275,"user":"翁妮玉","shop":"翁妮玉","category":["夜市/市場攤販"],"zone":"高屏","city":"屏東縣","area":"潮州鎮","market_name":["餐食攤販"],"market_address":"屏東縣潮州鎮新生里中正路３６號","pay_list":"","pay_tool":"","行業代號":null,"行業代號1":null,"名稱1":null,"行業代號2":null,"名稱2":null,"行業代號3":null,"名稱3":null},{"index":90,"id":20009600,"user":"陳許省","shop":"麵攤","category":["夜市/市場攤販"],"zone":"高屏","city":"屏東縣","area":"潮州鎮","market_name":["餐食攤販"],"market_address":"屏東縣潮州鎮三共里朝昇路６７號","pay_list":"","pay_tool":"","行業代號":null,"行業代號1":null,"名稱1":null,"行業代號2":null,"名稱2":null,"行業代號3":null,"名稱3":null},{"index":91,"id":20022238,"user":"吳清耀","shop":"吳清耀鹽酥雞","category":["夜市/市場攤販"],"zone":"高屏","city":"屏東縣","area":"潮州鎮","market_name":["餐食攤販"],"market_address":"屏東縣潮州鎮潮州里長興路２７號前","pay_list":"","pay_tool":"","行業代號":null,"行業代號1":null,"名稱1":null,"行業代號2":null,"名稱2":null,"行業代號3":null,"名稱3":null},{"index":92,"id":20022373,"user":"江世雄","shop":"粥先生","category":["夜市/市場攤販"],"zone":"高屏","city":"屏東縣","area":"潮州鎮","market_name":["餐食攤販"],"market_address":"屏東縣潮州鎮三和里延平路１５號","pay_list":"","pay_tool":"","行業代號":null,"行業代號1":null,"名稱1":null,"行業代號2":null,"名稱2":null,"行業代號3":null,"名稱3":null},{"index":93,"id":20022483,"user":"陳秀鸞","shop":"陳秀鸞","category":["夜市/市場攤販"],"zone":"高屏","city":"屏東縣","area":"潮州鎮","market_name":["餐食攤販"],"market_address":"屏東縣潮州鎮同榮里新生路１２０號旁","pay_list":"","pay_tool":"","行業代號":null,"行業代號1":null,"名稱1":null,"行業代號2":null,"名稱2":null,"行業代號3":null,"名稱3":null},{"index":94,"id":20022491,"user":"陳慶宏","shop":"陳慶宏","category":["夜市/市場攤販"],"zone":"高屏","city":"屏東縣","area":"潮州鎮","market_name":["餐食攤販"],"market_address":"屏東縣潮州鎮新生里００４鄰新生路１１６號前面","pay_list":["LINE PAY MONEY"],"pay_tool":["行動支付"],"行業代號":null,"行業代號1":null,"名稱1":null,"行業代號2":null,"名稱2":null,"行業代號3":null,"名稱3":null},{"index":95,"id":20022755,"user":"蔡宗英","shop":"蔡宗英","category":["夜市/市場攤販"],"zone":"高屏","city":"屏東縣","area":"潮州鎮","market_name":["餐食攤販"],"market_address":"屏東縣潮州鎮新榮里清水南路７３號隔壁","pay_list":"","pay_tool":"","行業代號":null,"行業代號1":null,"名稱1":null,"行業代號2":null,"名稱2":null,"行業代號3":null,"名稱3":null},{"index":96,"id":20022818,"user":"郭維德","shop":"芝香海苔飯捲","category":["夜市/市場攤販"],"zone":"高屏","city":"屏東縣","area":"潮州鎮","market_name":["餐食攤販"],"market_address":"屏東縣潮州鎮同榮里清水南路２０之１５號","pay_list":"","pay_tool":"","行業代號":null,"行業代號1":null,"名稱1":null,"行業代號2":null,"名稱2":null,"行業代號3":null,"名稱3":null},{"index":97,"id":20022889,"user":"潘志祥","shop":"巧味潮州店","category":["夜市/市場攤販"],"zone":"高屏","city":"屏東縣","area":"潮州鎮","market_name":["餐食攤販"],"market_address":"屏東縣潮州鎮三和里延平路１７９號","pay_list":"","pay_tool":"","行業代號":null,"行業代號1":null,"名稱1":null,"行業代號2":null,"名稱2":null,"行業代號3":null,"名稱3":null},{"index":98,"id":20022913,"user":"林美香","shop":"林美香素食麵","category":["夜市/市場攤販"],"zone":"高屏","city":"屏東縣","area":"潮州鎮","market_name":["餐食攤販"],"market_address":"屏東縣潮州鎮三共里四維路９７號１樓","pay_list":"","pay_tool":"","行業代號":null,"行業代號1":null,"名稱1":null,"行業代號2":null,"名稱2":null,"行業代號3":null,"名稱3":null},{"index":99,"id":20022957,"user":"洪文祥","shop":"大潮州春捲店","category":["夜市/市場攤販"],"zone":"高屏","city":"屏東縣","area":"潮州鎮","market_name":["餐食攤販"],"market_address":"屏東縣潮州鎮三和里延平路１１號１樓","pay_list":"","pay_tool":"","行業代號":null,"行業代號1":null,"名稱1":null,"行業代號2":null,"名稱2":null,"行業代號3":null,"名稱3":null},{"index":100,"id":20024374,"user":"鍾佳正","shop":"飯糰先生","category":["夜市/市場攤販","餐飲"],"zone":"高屏","city":"屏東縣","area":"潮州鎮","market_name":["餐食攤販","冰果店、冷（熱）飲店"],"market_address":"屏東縣潮州鎮三共里朝昇路２０７－１號","pay_list":"","pay_tool":"","行業代號":null,"行業代號1":null,"名稱1":null,"行業代號2":null,"名稱2":null,"行業代號3":null,"名稱3":null},{"index":101,"id":20024519,"user":"黃新慧","shop":"黃新慧","category":["夜市/市場攤販"],"zone":"高屏","city":"屏東縣","area":"潮州鎮","market_name":["餐食攤販"],"market_address":"屏東縣潮州鎮永春里中洲路２３８號騎樓","pay_list":"","pay_tool":"","行業代號":null,"行業代號1":null,"名稱1":null,"行業代號2":null,"名稱2":null,"行業代號3":null,"名稱3":null},{"index":102,"id":20036684,"user":"江麗滿","shop":"鮮嫩炸雞王","category":["夜市/市場攤販"],"zone":"高屏","city":"屏東縣","area":"潮州鎮","market_name":["餐食攤販"],"market_address":"屏東縣潮州鎮同榮里中山路９１號騎樓","pay_list":"","pay_tool":"","行業代號":null,"行業代號1":null,"名稱1":null,"行業代號2":null,"名稱2":null,"行業代號3":null,"名稱3":null},{"index":103,"id":20039439,"user":"李秀子","shop":"秀子早餐店","category":["夜市/市場攤販"],"zone":"高屏","city":"屏東縣","area":"潮州鎮","market_name":["餐食攤販"],"market_address":"屏東縣潮州鎮三共里進化路２２號１樓","pay_list":"","pay_tool":"","行業代號":null,"行業代號1":null,"名稱1":null,"行業代號2":null,"名稱2":null,"行業代號3":null,"名稱3":null},{"index":104,"id":20060180,"user":"張郭素卿","shop":"麵攤飲食店","category":["夜市/市場攤販"],"zone":"高屏","city":"屏東縣","area":"潮州鎮","market_name":["餐食攤販"],"market_address":"屏東縣潮州鎮三共里四維路１０１號","pay_list":["愛金卡","一卡通"],"pay_tool":["電子票證"],"行業代號":null,"行業代號1":null,"名稱1":null,"行業代號2":null,"名稱2":null,"行業代號3":null,"名稱3":null},{"index":105,"id":20061062,"user":"滕家倫","shop":"滕家倫","category":["夜市/市場攤販","餐飲"],"zone":"高屏","city":"屏東縣","area":"潮州鎮","market_name":["麵店、小吃店","調理飲料攤販"],"market_address":"屏東縣潮州鎮三共里永坤路１６８號前路邊攤","pay_list":"","pay_tool":"","行業代號":null,"行業代號1":null,"名稱1":null,"行業代號2":null,"名稱2":null,"行業代號3":null,"名稱3":null},{"index":106,"id":20062378,"user":"陳慶進","shop":"陳慶進","category":["夜市/市場攤販"],"zone":"高屏","city":"屏東縣","area":"潮州鎮","market_name":["餐食攤販"],"market_address":"屏東縣潮州鎮三星里潮州路７２１－２號","pay_list":"","pay_tool":"","行業代號":null,"行業代號1":null,"名稱1":null,"行業代號2":null,"名稱2":null,"行業代號3":null,"名稱3":null},{"index":107,"id":60004491,"user":"林玫圜","shop":"清爽樂商行","category":["夜市/市場攤販"],"zone":"高屏","city":"屏東縣","area":"潮州鎮","market_name":["玩具（模型玩具除外）零售","餐食攤販"],"market_address":"屏東縣潮州鎮新生里３鄰新生路８４－２號１樓","pay_list":null,"pay_tool":null,"行業代號":"561200","行業代號1":"476312","名稱1":"玩具（模型玩具除外）零售","行業代號2":"","名稱2":"","行業代號3":"","名稱3":""},{"index":108,"id":60033411,"user":"陳美草","shop":"山東鵬記饅頭店","category":["夜市/市場攤販"],"zone":"高屏","city":"屏東縣","area":"潮州鎮","market_name":["餐食攤販"],"market_address":"屏東縣潮州鎮三共里１２鄰四維路２８７號","pay_list":null,"pay_tool":null,"行業代號":"561200","行業代號1":"","名稱1":"","行業代號2":"","名稱2":"","行業代號3":"","名稱3":""},{"index":109,"id":60033818,"user":"許彥泓","shop":"勇伯蒸茶鴨","category":["夜市/市場攤販"],"zone":"高屏","city":"屏東縣","area":"潮州鎮","market_name":["餐食攤販"],"market_address":"屏東縣潮州鎮潮州里建基路１６２號","pay_list":null,"pay_tool":null,"行業代號":"561200","行業代號1":"","名稱1":"","行業代號2":"","名稱2":"","行業代號3":"","名稱3":""},{"index":110,"id":60053850,"user":"施祖漢","shop":"一口味蔥油餅","category":["夜市/市場攤販"],"zone":"高屏","city":"屏東縣","area":"潮州鎮","market_name":["餐食攤販"],"market_address":"屏東縣潮州鎮三星里７鄰三德路２５號１樓之３前面","pay_list":null,"pay_tool":null,"行業代號":"561200","行業代號1":"","名稱1":"","行業代號2":"","名稱2":"","行業代號3":"","名稱3":""},{"index":111,"id":60121210,"user":"郭倢安","shop":"品嘉企業行","category":["餐飲","夜市/市場攤販"],"zone":"高屏","city":"屏東縣","area":"潮州鎮","market_name":["豆類、麥類及其他雜糧零售","食品零售攤販","調理飲料攤販","餐食攤販"],"market_address":"屏東縣潮州鎮八爺里介壽路３８１號１樓","pay_list":null,"pay_tool":null,"行業代號":"563200","行業代號1":"561200","名稱1":"餐食攤販","行業代號2":"472925","名稱2":"豆類、麥類及其他雜糧零售","行業代號3":"486111","名稱3":"食品零售攤販"}]