[{"index":1,"id":20006938,"user":"柯員仔","shop":"柯員仔","category":["夜市/市場攤販"],"zone":"桃竹苗","city":"苗栗縣","area":"頭屋鄉","market_name":["餐食攤販"],"market_address":"苗栗縣頭屋鄉頭屋村中正街７６號前面","pay_list":"","pay_tool":"","行業代號":null,"行業代號1":null,"名稱1":null,"行業代號2":null,"名稱2":null,"行業代號3":null,"名稱3":null},{"index":2,"id":60125716,"user":"胡崇成","shop":"黃鶴樓餐廳","category":["餐飲","夜市/市場攤販"],"zone":"桃竹苗","city":"苗栗縣","area":"頭屋鄉","market_name":["麵店、小吃店","餐食攤販"],"market_address":"苗栗縣頭屋鄉明德村１鄰２０號１樓","pay_list":null,"pay_tool":null,"行業代號":"561200","行業代號1":"561113","名稱1":"麵店、小吃店","行業代號2":"","名稱2":"","行業代號3":"","名稱3":""}]