[{"index":1,"shop":"楓雅泡沫紅茶站","zone":"高屏","city":"高雄市","area":"仁武區","market_address":"高雄市仁武區考潭里仁心路２１６號前","user":"林芳秀","行業代號":null,"market_name":["調理飲料攤販"],"行業代號1":null,"名稱1":null,"行業代號2":null,"名稱2":null,"行業代號3":null,"名稱3":null,"category":["夜市/市場攤販"],"id":20002717,"pay_list":"","pay_tool":""},{"index":2,"shop":"麗愛麵店小吃","zone":"高屏","city":"高雄市","area":"仁武區","market_address":"高雄市仁武區竹後里鳳仁路３４３號","user":"簡如凰","行業代號":null,"market_name":["調理飲料攤販"],"行業代號1":null,"名稱1":null,"行業代號2":null,"名稱2":null,"行業代號3":null,"名稱3":null,"category":["夜市/市場攤販"],"id":20002923,"pay_list":"","pay_tool":""},{"index":3,"shop":"吳錦堂","zone":"高屏","city":"高雄市","area":"仁武區","market_address":"高雄市仁武區考潭里成功路７６－１號旁","user":"吳錦堂","行業代號":null,"market_name":["餐食攤販"],"行業代號1":null,"名稱1":null,"行業代號2":null,"名稱2":null,"行業代號3":null,"名稱3":null,"category":["夜市/市場攤販"],"id":20003005,"pay_list":"","pay_tool":""},{"index":4,"shop":"夏綠地冷飲店","zone":"高屏","city":"高雄市","area":"仁武區","market_address":"高雄市仁武區竹後里大福街２０６號前","user":"高黃月霞","行業代號":null,"market_name":["調理飲料攤販"],"行業代號1":null,"名稱1":null,"行業代號2":null,"名稱2":null,"行業代號3":null,"名稱3":null,"category":["夜市/市場攤販"],"id":20003879,"pay_list":"","pay_tool":""},{"index":5,"shop":"玉薰","zone":"高屏","city":"高雄市","area":"仁武區","market_address":"高雄市仁武區灣內里仁雄路１２號","user":"黃玉薰","行業代號":null,"market_name":["調理飲料攤販"],"行業代號1":null,"名稱1":null,"行業代號2":null,"名稱2":null,"行業代號3":null,"名稱3":null,"category":["夜市/市場攤販"],"id":20005364,"pay_list":"","pay_tool":""},{"index":6,"shop":"名氣早餐","zone":"高屏","city":"高雄市","area":"仁武區","market_address":"高雄市仁武區竹後里大德街５２號","user":"丁氏深","行業代號":null,"market_name":["餐食攤販"],"行業代號1":null,"名稱1":null,"行業代號2":null,"名稱2":null,"行業代號3":null,"名稱3":null,"category":["夜市/市場攤販"],"id":20005493,"pay_list":"","pay_tool":""},{"index":7,"shop":"素如小吃部","zone":"高屏","city":"高雄市","area":"仁武區","market_address":"高雄市仁武區竹後里水管路１９７號騎樓","user":"鄭素如","行業代號":null,"market_name":["餐食攤販"],"行業代號1":null,"名稱1":null,"行業代號2":null,"名稱2":null,"行業代號3":null,"名稱3":null,"category":["夜市/市場攤販"],"id":20005575,"pay_list":"","pay_tool":""},{"index":8,"shop":"仁忠早餐店","zone":"高屏","city":"高雄市","area":"仁武區","market_address":"高雄市仁武區仁和里仁忠路７４號旁","user":"吳國欽","行業代號":null,"market_name":["餐食攤販"],"行業代號1":null,"名稱1":null,"行業代號2":null,"名稱2":null,"行業代號3":null,"名稱3":null,"category":["夜市/市場攤販"],"id":20011004,"pay_list":"","pay_tool":""},{"index":9,"shop":"蕃薯園碳烤地瓜","zone":"高屏","city":"高雄市","area":"仁武區","market_address":"高雄市仁武區灣內里仁光路１６－２號","user":"嚴文信","行業代號":null,"market_name":["調理飲料攤販"],"行業代號1":null,"名稱1":null,"行業代號2":null,"名稱2":null,"行業代號3":null,"名稱3":null,"category":["夜市/市場攤販"],"id":20014259,"pay_list":["LINE PAY MONEY"],"pay_tool":["行動支付"]},{"index":10,"shop":"大樹下小吃部","zone":"高屏","city":"高雄市","area":"仁武區","market_address":"高雄市仁武區八卦里八德南路３８６號對面〈八德停車場內〉","user":"古張育英","行業代號":null,"market_name":["餐食攤販"],"行業代號1":null,"名稱1":null,"行業代號2":null,"名稱2":null,"行業代號3":null,"名稱3":null,"category":["夜市/市場攤販"],"id":20016880,"pay_list":"","pay_tool":""},{"index":11,"shop":"米淇果汁冷飲","zone":"高屏","city":"高雄市","area":"仁武區","market_address":"高雄市仁武區大灣里仁雄路１３９號騎樓","user":"陳玥樺","行業代號":null,"market_name":["調理飲料攤販"],"行業代號1":null,"名稱1":null,"行業代號2":null,"名稱2":null,"行業代號3":null,"名稱3":null,"category":["夜市/市場攤販"],"id":20016892,"pay_list":"","pay_tool":""},{"index":12,"shop":"好了啦！紅茶冰仁武仁和店","zone":"高屏","city":"高雄市","area":"仁武區","market_address":"高雄市仁武區仁武里仁和街（１９號旁空地）","user":"江盈杰","行業代號":null,"market_name":["調理飲料攤販"],"行業代號1":null,"名稱1":null,"行業代號2":null,"名稱2":null,"行業代號3":null,"名稱3":null,"category":["夜市/市場攤販"],"id":20035223,"pay_list":"","pay_tool":""},{"index":13,"shop":"茶總管","zone":"高屏","city":"高雄市","area":"仁武區","market_address":"高雄市仁武區文武里中華路７０號右邊","user":"林家豪","行業代號":null,"market_name":["調理飲料攤販"],"行業代號1":null,"名稱1":null,"行業代號2":null,"名稱2":null,"行業代號3":null,"名稱3":null,"category":["夜市/市場攤販"],"id":20035304,"pay_list":"","pay_tool":""},{"index":14,"shop":"風味串燒","zone":"高屏","city":"高雄市","area":"仁武區","market_address":"高雄市仁武區仁和里仁忠路４號與仁忠四街交叉口之５","user":"邱世強","行業代號":null,"market_name":["餐食攤販"],"行業代號1":null,"名稱1":null,"行業代號2":null,"名稱2":null,"行業代號3":null,"名稱3":null,"category":["夜市/市場攤販"],"id":20035552,"pay_list":"","pay_tool":""},{"index":15,"shop":"廖美蘭小吃部","zone":"高屏","city":"高雄市","area":"仁武區","market_address":"高雄市仁武區後安里鳳仁路４００號１樓","user":"廖美蘭","行業代號":null,"market_name":["餐食攤販"],"行業代號1":null,"名稱1":null,"行業代號2":null,"名稱2":null,"行業代號3":null,"名稱3":null,"category":["夜市/市場攤販"],"id":20040443,"pay_list":"","pay_tool":""},{"index":16,"shop":"巷口飯糰（仁和店）","zone":"高屏","city":"高雄市","area":"仁武區","market_address":"高雄市仁武區仁武里仁和街８３號旁","user":"林建宏","行業代號":null,"market_name":["餐食攤販"],"行業代號1":null,"名稱1":null,"行業代號2":null,"名稱2":null,"行業代號3":null,"名稱3":null,"category":["夜市/市場攤販"],"id":20051999,"pay_list":"","pay_tool":""},{"index":17,"shop":"大哥鑫海產粥","zone":"高屏","city":"高雄市","area":"仁武區","market_address":"高雄市仁武區仁武里中正路９４號前","user":"李守澤","行業代號":null,"market_name":["餐食攤販"],"行業代號1":null,"名稱1":null,"行業代號2":null,"名稱2":null,"行業代號3":null,"名稱3":null,"category":["夜市/市場攤販"],"id":20052088,"pay_list":"","pay_tool":""},{"index":18,"shop":"八卦咖啡","zone":"高屏","city":"高雄市","area":"仁武區","market_address":"高雄市仁武區八卦里００６鄰八德西路２２９７號騎樓","user":"李雅鈺","行業代號":null,"market_name":["餐食攤販"],"行業代號1":null,"名稱1":null,"行業代號2":null,"名稱2":null,"行業代號3":null,"名稱3":null,"category":["夜市/市場攤販"],"id":20056847,"pay_list":["LINE PAY MONEY"],"pay_tool":["行動支付"]},{"index":19,"shop":"捷樂冷飲店","zone":"高屏","city":"高雄市","area":"仁武區","market_address":"高雄市仁武區文武里０５７鄰中華路３９８號１樓","user":"郭振岸","行業代號":"563200","market_name":["調理飲料攤販"],"行業代號1":"","名稱1":"","行業代號2":"","名稱2":"","行業代號3":"","名稱3":"","category":["夜市/市場攤販"],"id":60044995,"pay_list":null,"pay_tool":null},{"index":20,"shop":"長鈺食品企業行","zone":"高屏","city":"高雄市","area":"仁武區","market_address":"高雄市仁武區中華里００８鄰華北街５５號","user":"賴富義","行業代號":"561115","market_name":["未分類其他食品批發","餐館、餐廳","餐食攤販"],"行業代號1":"561200","名稱1":"餐食攤販","行業代號2":"454999","名稱2":"未分類其他食品批發","行業代號3":"","名稱3":"","category":["餐飲","夜市/市場攤販"],"id":60065006,"pay_list":null,"pay_tool":null},{"index":21,"shop":"凱聚商行","zone":"高屏","city":"高雄市","area":"仁武區","market_address":"高雄市仁武區文武里文南二街７３號","user":"施傑凱","行業代號":"561200","market_name":["餐食攤販"],"行業代號1":"","名稱1":"","行業代號2":"","名稱2":"","行業代號3":"","名稱3":"","category":["夜市/市場攤販"],"id":60092464,"pay_list":null,"pay_tool":null},{"index":22,"shop":"豪傳奇食品企業社","zone":"高屏","city":"高雄市","area":"仁武區","market_address":"高雄市仁武區赤山里仁孝路３６８號１樓","user":"蔡鳳媛","行業代號":"561200","market_name":["餐食攤販"],"行業代號1":"","名稱1":"","行業代號2":"","名稱2":"","行業代號3":"","名稱3":"","category":["夜市/市場攤販"],"id":60122691,"pay_list":null,"pay_tool":null}]