[{"index":1,"id":20003499,"user":"邱明光","shop":"我家冰店","category":["夜市/市場攤販","餐飲"],"zone":"中彰投","city":"彰化縣","area":"永靖鄉","market_name":["餐食攤販","調理飲料攤販"],"market_address":"彰化縣永靖鄉永西村１１鄰永靖街１７７號","pay_list":"","pay_tool":"","行業代號":null,"行業代號1":null,"名稱1":null,"行業代號2":null,"名稱2":null,"行業代號3":null,"名稱3":null},{"index":2,"id":20003520,"user":"邱垂庭","shop":"邱垂庭","category":["夜市/市場攤販","餐飲"],"zone":"中彰投","city":"彰化縣","area":"永靖鄉","market_name":["餐食攤販","調理飲料攤販"],"market_address":"彰化縣永靖鄉永西村７鄰永靖街１５２號","pay_list":"","pay_tool":"","行業代號":null,"行業代號1":null,"名稱1":null,"行業代號2":null,"名稱2":null,"行業代號3":null,"名稱3":null},{"index":3,"id":20018738,"user":"詹慧姸","shop":"食緣炸物","category":["夜市/市場攤販"],"zone":"中彰投","city":"彰化縣","area":"永靖鄉","market_name":["餐食攤販"],"market_address":"彰化縣永靖鄉永西村１１鄰永靖街１７５號","pay_list":"","pay_tool":"","行業代號":null,"行業代號1":null,"名稱1":null,"行業代號2":null,"名稱2":null,"行業代號3":null,"名稱3":null},{"index":4,"id":20018780,"user":"黃元龍","shop":"鳥來伯","category":["夜市/市場攤販"],"zone":"中彰投","city":"彰化縣","area":"永靖鄉","market_name":["餐食攤販"],"market_address":"彰化縣永靖鄉永西村２鄰永靖街８５號（騎樓下）","pay_list":"","pay_tool":"","行業代號":null,"行業代號1":null,"名稱1":null,"行業代號2":null,"名稱2":null,"行業代號3":null,"名稱3":null},{"index":5,"id":20032366,"user":"周家鵬","shop":"砰砰雞炸雞店","category":["夜市/市場攤販","餐飲"],"zone":"中彰投","city":"彰化縣","area":"永靖鄉","market_name":["餐食攤販","調理飲料攤販"],"market_address":"彰化縣永靖鄉永西村永靖街１８８號１樓","pay_list":"","pay_tool":"","行業代號":null,"行業代號1":null,"名稱1":null,"行業代號2":null,"名稱2":null,"行業代號3":null,"名稱3":null},{"index":6,"id":20040260,"user":"謝賴育敏","shop":"謝賴育敏小吃店","category":["夜市/市場攤販","餐飲"],"zone":"中彰投","city":"彰化縣","area":"永靖鄉","market_name":["餐食攤販","調理飲料攤販"],"market_address":"彰化縣永靖鄉東寧村１１鄰永興路２段１７１號","pay_list":"","pay_tool":"","行業代號":null,"行業代號1":null,"名稱1":null,"行業代號2":null,"名稱2":null,"行業代號3":null,"名稱3":null},{"index":7,"id":20055072,"user":"林品均","shop":"林品均","category":["夜市/市場攤販"],"zone":"中彰投","city":"彰化縣","area":"永靖鄉","market_name":["餐食攤販"],"market_address":"彰化縣永靖鄉永東村永靖街６２號１樓","pay_list":"","pay_tool":"","行業代號":null,"行業代號1":null,"名稱1":null,"行業代號2":null,"名稱2":null,"行業代號3":null,"名稱3":null},{"index":8,"id":60048864,"user":"林柏維","shop":"雞王香雞排","category":["夜市/市場攤販"],"zone":"中彰投","city":"彰化縣","area":"永靖鄉","market_name":["餐食攤販"],"market_address":"彰化縣永靖鄉永西村１１鄰西門路１８號１樓","pay_list":null,"pay_tool":null,"行業代號":"561200","行業代號1":"","名稱1":"","行業代號2":"","名稱2":"","行業代號3":"","名稱3":""},{"index":9,"id":60072180,"user":"陳柏宇","shop":"愛吃庫林姆手作冰品店","category":["夜市/市場攤販"],"zone":"中彰投","city":"彰化縣","area":"永靖鄉","market_name":["調理飲料攤販"],"market_address":"彰化縣永靖鄉敦厚村頂坎巷４７弄８號１樓","pay_list":null,"pay_tool":null,"行業代號":"563200","行業代號1":"","名稱1":"","行業代號2":"","名稱2":"","行業代號3":"","名稱3":""}]