[{"index":1,"id":10050805,"category":"夜市/市場攤販","city":"臺南市","area":"大內區","market_name":"大內公有零售市場","market_address":"臺南市大內區大內里內庄1-49號","shop":"大內公有零售市場-飲食","pay_list":"","zone":"雲嘉南","user":"黃尤阿娥","pay_tool":""},{"index":2,"id":10050806,"category":"夜市/市場攤販","city":"臺南市","area":"大內區","market_name":"大內公有零售市場","market_address":"臺南市大內區大內里內庄1-49號","shop":"大內公有零售市場-飲食","pay_list":"","zone":"雲嘉南","user":"鄭蓮雲","pay_tool":""},{"index":3,"id":10050807,"category":"夜市/市場攤販","city":"臺南市","area":"大內區","market_name":"大內公有零售市場","market_address":"臺南市大內區大內里內庄1-49號","shop":"大內公有零售市場-禽肉","pay_list":"","zone":"雲嘉南","user":"楊秀娥","pay_tool":""},{"index":4,"id":10050808,"category":"夜市/市場攤販","city":"臺南市","area":"大內區","market_name":"大內公有零售市場","market_address":"臺南市大內區大內里內庄1-49號","shop":"大內公有零售市場-禽肉","pay_list":"","zone":"雲嘉南","user":"林瑞祥","pay_tool":""},{"index":5,"id":10050809,"category":"夜市/市場攤販","city":"臺南市","area":"大內區","market_name":"大內公有零售市場","market_address":"臺南市大內區大內里內庄1-49號","shop":"大內公有零售市場-飲食","pay_list":"","zone":"雲嘉南","user":"胡鳳嬌","pay_tool":""},{"index":6,"id":10050810,"category":"夜市/市場攤販","city":"臺南市","area":"大內區","market_name":"大內公有零售市場","market_address":"臺南市大內區大內里內庄1-49號","shop":"大內公有零售市場-畜肉","pay_list":"","zone":"雲嘉南","user":"楊茂松","pay_tool":""},{"index":7,"id":10050811,"category":"夜市/市場攤販","city":"臺南市","area":"大內區","market_name":"大內公有零售市場","market_address":"臺南市大內區大內里內庄1-49號","shop":"大內公有零售市場-畜肉","pay_list":"","zone":"雲嘉南","user":"葉苓娟","pay_tool":""},{"index":8,"id":10050812,"category":"夜市/市場攤販","city":"臺南市","area":"大內區","market_name":"大內公有零售市場","market_address":"臺南市大內區大內里內庄1-49號","shop":"大內公有零售市場-畜肉","pay_list":"","zone":"雲嘉南","user":"林清枝","pay_tool":""},{"index":9,"id":10050813,"category":"夜市/市場攤販","city":"臺南市","area":"大內區","market_name":"大內公有零售市場","market_address":"臺南市大內區大內里內庄1-49號","shop":"大內公有零售市場-食品","pay_list":"","zone":"雲嘉南","user":"陳楊桂容","pay_tool":""},{"index":10,"id":10050814,"category":"夜市/市場攤販","city":"臺南市","area":"大內區","market_name":"大內公有零售市場","market_address":"臺南市大內區大內里內庄1-49號","shop":"大內公有零售市場-水產","pay_list":"","zone":"雲嘉南","user":"吳漢瑞","pay_tool":""},{"index":11,"id":10050815,"category":"夜市/市場攤販","city":"臺南市","area":"大內區","market_name":"大內公有零售市場","market_address":"臺南市大內區大內里內庄1-49號","shop":"大內公有零售市場-食品","pay_list":"","zone":"雲嘉南","user":"林珮嵐","pay_tool":""},{"index":12,"id":10050816,"category":"夜市/市場攤販","city":"臺南市","area":"大內區","market_name":"大內公有零售市場","market_address":"臺南市大內區大內里內庄1-49號","shop":"大內公有零售市場-禽肉","pay_list":"","zone":"雲嘉南","user":"許藏仁","pay_tool":""},{"index":13,"id":10050817,"category":"夜市/市場攤販","city":"臺南市","area":"大內區","market_name":"大內公有零售市場","market_address":"臺南市大內區大內里內庄1-49號","shop":"大內公有零售市場-禽肉","pay_list":"","zone":"雲嘉南","user":"許黃秀靜","pay_tool":""},{"index":14,"id":10050818,"category":"夜市/市場攤販","city":"臺南市","area":"大內區","market_name":"大內公有零售市場","market_address":"臺南市大內區大內里內庄1-49號","shop":"大內公有零售市場-飲食","pay_list":"","zone":"雲嘉南","user":"楊春美","pay_tool":""},{"index":15,"id":10050819,"category":"夜市/市場攤販","city":"臺南市","area":"大內區","market_name":"大內公有零售市場","market_address":"臺南市大內區大內里內庄1-49號","shop":"大內公有零售市場-飲食","pay_list":"","zone":"雲嘉南","user":"楊曜聰","pay_tool":""},{"index":16,"id":10050820,"category":"夜市/市場攤販","city":"臺南市","area":"大內區","market_name":"大內公有零售市場","market_address":"臺南市大內區大內里內庄1-49號","shop":"大內公有零售市場-畜肉","pay_list":"","zone":"雲嘉南","user":"林志穎","pay_tool":""},{"index":17,"id":10050821,"category":"夜市/市場攤販","city":"臺南市","area":"大內區","market_name":"大內公有零售市場","market_address":"臺南市大內區大內里內庄1-49號","shop":"大內公有零售市場-畜肉","pay_list":"","zone":"雲嘉南","user":"林張素芬","pay_tool":""},{"index":18,"id":10050822,"category":"夜市/市場攤販","city":"臺南市","area":"大內區","market_name":"大內公有零售市場","market_address":"臺南市大內區大內里內庄1-49號","shop":"大內公有零售市場-畜肉","pay_list":"","zone":"雲嘉南","user":"林清元","pay_tool":""},{"index":19,"id":10050823,"category":"夜市/市場攤販","city":"臺南市","area":"大內區","market_name":"大內公有零售市場","market_address":"臺南市大內區大內里內庄1-49號","shop":"大內公有零售市場-飲食","pay_list":"","zone":"雲嘉南","user":"楊翠櫻","pay_tool":""},{"index":20,"id":10050824,"category":"夜市/市場攤販","city":"臺南市","area":"大內區","market_name":"大內公有零售市場","market_address":"臺南市大內區大內里內庄1-49號","shop":"大內公有零售市場-食品","pay_list":"","zone":"雲嘉南","user":"李秀卿","pay_tool":""},{"index":21,"id":10050825,"category":"夜市/市場攤販","city":"臺南市","area":"大內區","market_name":"大內公有零售市場","market_address":"臺南市大內區大內里內庄1-49號","shop":"大內公有零售市場-食品","pay_list":"","zone":"雲嘉南","user":"王敬賢","pay_tool":""},{"index":22,"id":10050826,"category":"夜市/市場攤販","city":"臺南市","area":"大內區","market_name":"大內公有零售市場","market_address":"臺南市大內區大內里內庄1-49號","shop":"大內公有零售市場-飲食","pay_list":"","zone":"雲嘉南","user":"楊水木","pay_tool":""},{"index":23,"id":10050827,"category":"夜市/市場攤販","city":"臺南市","area":"大內區","market_name":"大內公有零售市場","market_address":"臺南市大內區大內里內庄1-49號","shop":"大內公有零售市場-飲食","pay_list":"","zone":"雲嘉南","user":"楊王美雪","pay_tool":""},{"index":24,"id":10050828,"category":"夜市/市場攤販","city":"臺南市","area":"大內區","market_name":"大內公有零售市場","market_address":"臺南市大內區大內里內庄1-49號","shop":"大內公有零售市場-飲食","pay_list":"","zone":"雲嘉南","user":"孫雀凌","pay_tool":""},{"index":25,"id":10050829,"category":"夜市/市場攤販","city":"臺南市","area":"大內區","market_name":"大內公有零售市場","market_address":"臺南市大內區大內里內庄1-49號","shop":"大內公有零售市場-飲食","pay_list":"","zone":"雲嘉南","user":"王敬汾","pay_tool":""},{"index":26,"id":10050830,"category":"夜市/市場攤販","city":"臺南市","area":"大內區","market_name":"大內公有零售市場","market_address":"臺南市大內區大內里內庄1-49號","shop":"大內公有零售市場-飲食","pay_list":"","zone":"雲嘉南","user":"鄭敏敏","pay_tool":""},{"index":27,"id":10050831,"category":"夜市/市場攤販","city":"臺南市","area":"大內區","market_name":"大內公有零售市場","market_address":"臺南市大內區大內里內庄1-49號","shop":"大內公有零售市場-飲食","pay_list":"","zone":"雲嘉南","user":"徐正道","pay_tool":""},{"index":28,"id":10050832,"category":"夜市/市場攤販","city":"臺南市","area":"大內區","market_name":"大內公有零售市場","market_address":"臺南市大內區大內里內庄1-49號","shop":"大內公有零售市場-飲食","pay_list":"","zone":"雲嘉南","user":"徐智勇","pay_tool":""},{"index":29,"id":10050833,"category":"夜市/市場攤販","city":"臺南市","area":"大內區","market_name":"大內公有零售市場","market_address":"臺南市大內區大內里內庄1-49號","shop":"大內公有零售市場-飲食","pay_list":"","zone":"雲嘉南","user":"徐嘉翎","pay_tool":""},{"index":30,"id":10050834,"category":"夜市/市場攤販","city":"臺南市","area":"大內區","market_name":"大內公有零售市場","market_address":"臺南市大內區大內里內庄1-49號","shop":"大內公有零售市場-飲食","pay_list":"","zone":"雲嘉南","user":"徐智偉","pay_tool":""}]