[{"index":1,"id":30002057,"category":"夜市小吃/市場","city":"新北市","area":"瑞芳區","market_name":"瑞芳美食廣場","market_address":"新北市瑞芳區民生街35巷2號","shop":"瑞芳美食廣場 阿芳快炒","pay_list":["台灣 PAY"],"zone":"北北基","user":"呂玉圓","pay_tool":["行動支付"]},{"index":2,"id":30002088,"category":"夜市小吃/市場","city":"新北市","area":"瑞芳區","market_name":"瑞芳第一市場","market_address":"新北市瑞芳區明燈路三段2號","shop":"瑞芳第一市場 禾順魚丸雜貨店","pay_list":["創科"],"zone":"北北基","user":"李有福","pay_tool":""},{"index":3,"id":30002091,"category":"夜市小吃/市場","city":"新北市","area":"瑞芳區","market_name":"瑞芳第一市場","market_address":"新北市瑞芳區明燈路三段2號","shop":"瑞芳第一市場 寶珠自助餐","pay_list":["創科","LINE Pay Money"],"zone":"北北基","user":"俞明毅","pay_tool":["行動支付"]},{"index":4,"id":30002113,"category":"夜市小吃/市場","city":"新北市","area":"瑞芳區","market_name":"瑞芳美食廣場","market_address":"新北市瑞芳區民生街35巷2號","shop":"瑞芳美食廣場 傳統手工豆花","pay_list":["創科","台灣 PAY"],"zone":"北北基","user":"潘鑾英","pay_tool":["行動支付"]},{"index":5,"id":30002162,"category":"夜市小吃/市場","city":"新北市","area":"瑞芳區","market_name":"瑞芳第一市場","market_address":"新北市瑞芳區明燈路三段2號","shop":"瑞芳第一市場 蕙君新鮮蔬菜行","pay_list":["創科"],"zone":"北北基","user":"李蕙君","pay_tool":""},{"index":6,"id":30002163,"category":"夜市小吃/市場","city":"新北市","area":"瑞芳區","market_name":"瑞芳第一市場","market_address":"新北市瑞芳區明燈路三段2號","shop":"瑞芳第一市場 阿琴新鮮蔬菜行","pay_list":["創科"],"zone":"北北基","user":"李蕙君","pay_tool":""},{"index":7,"id":30002164,"category":"夜市小吃/市場","city":"新北市","area":"瑞芳區","market_name":"瑞芳第一市場","market_address":"新北市瑞芳區明燈路三段2號","shop":"瑞芳第一市場 妹仔土雞","pay_list":["創科"],"zone":"北北基","user":"陳春蘭","pay_tool":""},{"index":8,"id":30002175,"category":"夜市小吃/市場","city":"新北市","area":"瑞芳區","market_name":"瑞芳第一市場","market_address":"新北市瑞芳區明燈路三段2號","shop":"瑞芳第一市場 阿琴服飾","pay_list":["創科"],"zone":"北北基","user":"林雪琴","pay_tool":""},{"index":9,"id":30002181,"category":"夜市小吃/市場","city":"新北市","area":"瑞芳區","market_name":"瑞芳第一市場","market_address":"新北市瑞芳區明燈路三段2號","shop":"瑞芳第一市場 陳毅鴻","pay_list":["台灣 PAY","街口支付","LINE Pay Money"],"zone":"北北基","user":"陳毅鴻","pay_tool":["行動支付"]},{"index":10,"id":30002185,"category":"夜市小吃/市場","city":"新北市","area":"瑞芳區","market_name":"瑞芳第一市場","market_address":"新北市瑞芳區明燈路三段2號","shop":"瑞芳第一市場 吉本地黑豬肉店","pay_list":["創科"],"zone":"北北基","user":"李蕙萍","pay_tool":""},{"index":11,"id":30002350,"category":"夜市小吃/市場","city":"新北市","area":"瑞芳區","market_name":"瑞芳第一市場","market_address":"新北市瑞芳區明燈路三段2號","shop":"瑞芳第一市場 偉泰商行","pay_list":["創科"],"zone":"北北基","user":"楊黃秀英","pay_tool":""},{"index":12,"id":30002351,"category":"夜市小吃/市場","city":"新北市","area":"瑞芳區","market_name":"瑞芳第一市場","market_address":"新北市瑞芳區明燈路三段2號","shop":"瑞芳第一市場 偉泰商行","pay_list":["創科"],"zone":"北北基","user":"楊黃秀英","pay_tool":""},{"index":13,"id":30031894,"category":"夜市小吃/市場","city":"新北市","area":"瑞芳區","market_name":"瑞芳美食廣場","market_address":"新北市瑞芳區民生街35巷2號","shop":"瑞芳美食廣場 豐味肉羹","pay_list":["創科悠遊卡","台灣 PAY"],"zone":"北北基","user":"陳謝玉緞","pay_tool":["行動支付"]},{"index":14,"id":30031895,"category":"夜市小吃/市場","city":"新北市","area":"瑞芳區","market_name":"瑞芳美食廣場","market_address":"新北市瑞芳區民生街35巷2號","shop":"瑞芳美食廣場 豐味肉羹","pay_list":["創科悠遊卡","台灣 PAY"],"zone":"北北基","user":"陳謝玉緞","pay_tool":["行動支付"]},{"index":15,"id":30031902,"category":"夜市小吃/市場","city":"新北市","area":"瑞芳區","market_name":"瑞芳美食廣場","market_address":"新北市瑞芳區民生街35巷2號","shop":"瑞芳美食廣場 牛魔王中華麵食","pay_list":["街口支付","創科","台灣 PAY"],"zone":"北北基","user":"林健華","pay_tool":["行動支付"]},{"index":16,"id":30031903,"category":"夜市小吃/市場","city":"新北市","area":"瑞芳區","market_name":"瑞芳美食廣場","market_address":"新北市瑞芳區民生街35巷2號","shop":"瑞芳美食廣場 卡特紅燒牛肉麵","pay_list":["創科","LINE Pay Money"],"zone":"北北基","user":"羅源清","pay_tool":["行動支付"]},{"index":17,"id":30031904,"category":"夜市小吃/市場","city":"新北市","area":"瑞芳區","market_name":"瑞芳美食廣場","market_address":"新北市瑞芳區民生街35巷2號","shop":"瑞芳美食廣場 卡特紅燒牛肉麵","pay_list":["創科","LINE Pay Money"],"zone":"北北基","user":"羅源清","pay_tool":["行動支付"]},{"index":18,"id":30031905,"category":"夜市小吃/市場","city":"新北市","area":"瑞芳區","market_name":"瑞芳美食廣場","market_address":"新北市瑞芳區民生街35巷2號","shop":"瑞芳美食廣場 卡特紅燒牛肉麵","pay_list":["創科","LINE Pay Money"],"zone":"北北基","user":"羅源清","pay_tool":["行動支付"]},{"index":19,"id":30031906,"category":"夜市小吃/市場","city":"新北市","area":"瑞芳區","market_name":"瑞芳美食廣場","market_address":"新北市瑞芳區民生街35巷2號","shop":"瑞芳美食廣場 卡特紅燒牛肉麵","pay_list":["創科","LINE Pay Money"],"zone":"北北基","user":"羅源清","pay_tool":["行動支付"]},{"index":20,"id":30031909,"category":"夜市小吃/市場","city":"新北市","area":"瑞芳區","market_name":"瑞芳美食廣場","market_address":"新北市瑞芳區民生街35巷2號","shop":"瑞芳美食廣場 21米苔目","pay_list":["創科","LINE Pay Money"],"zone":"北北基","user":"李明輝","pay_tool":["行動支付"]},{"index":21,"id":30031910,"category":"夜市小吃/市場","city":"新北市","area":"瑞芳區","market_name":"瑞芳美食廣場","market_address":"新北市瑞芳區民生街35巷2號","shop":"瑞芳美食廣場 21米苔目","pay_list":["創科","LINE Pay Money"],"zone":"北北基","user":"李明輝","pay_tool":["行動支付"]},{"index":22,"id":30031911,"category":"夜市小吃/市場","city":"新北市","area":"瑞芳區","market_name":"瑞芳美食廣場","market_address":"新北市瑞芳區民生街35巷2號","shop":"瑞芳美食廣場 阿鈺雙醬麵","pay_list":["台灣 PAY"],"zone":"北北基","user":"賴奕霖","pay_tool":["行動支付"]},{"index":23,"id":30031915,"category":"夜市小吃/市場","city":"新北市","area":"瑞芳區","market_name":"瑞芳美食廣場","market_address":"新北市瑞芳區民生街35巷2號","shop":"瑞芳美食廣場 太極殿","pay_list":["台灣 PAY"],"zone":"北北基","user":"吳承哲","pay_tool":["行動支付"]},{"index":24,"id":30031917,"category":"夜市小吃/市場","city":"新北市","area":"瑞芳區","market_name":"瑞芳美食廣場","market_address":"新北市瑞芳區民生街35巷2號","shop":"瑞芳美食廣場 里長伯排骨","pay_list":["街口支付","橘子創科悠遊卡"],"zone":"北北基","user":"方金美","pay_tool":["行動支付"]},{"index":25,"id":30031918,"category":"夜市小吃/市場","city":"新北市","area":"瑞芳區","market_name":"瑞芳美食廣場","market_address":"新北市瑞芳區民生街35巷2號","shop":"瑞芳美食廣場 李記蚵仔煎","pay_list":["創科","台灣 PAY"],"zone":"北北基","user":"李陳秀子","pay_tool":["行動支付"]},{"index":26,"id":30031919,"category":"夜市小吃/市場","city":"新北市","area":"瑞芳區","market_name":"瑞芳美食廣場","market_address":"新北市瑞芳區民生街35巷2號","shop":"瑞芳美食廣場 塔諾妮","pay_list":["街口支付","創科","LINE Pay Money","台灣 PAY"],"zone":"北北基","user":"姚舟娜","pay_tool":["行動支付"]},{"index":27,"id":30031920,"category":"夜市小吃/市場","city":"新北市","area":"瑞芳區","market_name":"瑞芳美食廣場","market_address":"新北市瑞芳區民生街35巷2號","shop":"瑞芳美食廣場 連莊美食","pay_list":["街口支付","創科","台灣 PAY"],"zone":"北北基","user":"連欽銘","pay_tool":["行動支付"]},{"index":28,"id":30031924,"category":"夜市小吃/市場","city":"新北市","area":"瑞芳區","market_name":"瑞芳美食廣場","market_address":"新北市瑞芳區民生街35巷2號","shop":"瑞芳美食廣場 文瑛炒翻天","pay_list":["台灣 PAY"],"zone":"北北基","user":"林文貴","pay_tool":["行動支付"]},{"index":29,"id":30031928,"category":"夜市小吃/市場","city":"新北市","area":"瑞芳區","market_name":"瑞芳美食廣場","market_address":"新北市瑞芳區民生街35巷2號","shop":"瑞芳美食廣場 阿伯老店","pay_list":["台灣 PAY","街口支付","創科","LINE Pay Money"],"zone":"北北基","user":"吳祈榮","pay_tool":["行動支付"]},{"index":30,"id":30031929,"category":"夜市小吃/市場","city":"新北市","area":"瑞芳區","market_name":"瑞芳美食廣場","market_address":"新北市瑞芳區民生街35巷2號","shop":"瑞芳美食廣場 老街口愛玉","pay_list":["街口支付","LINE Pay Money"],"zone":"北北基","user":"張添喜","pay_tool":["行動支付"]},{"index":31,"id":30031938,"category":"夜市小吃/市場","city":"新北市","area":"瑞芳區","market_name":"瑞芳第一市場","market_address":"新北市瑞芳區明燈路三段2號","shop":"瑞芳第一市場 瑞珍雞鴨鵝肉店","pay_list":["創科"],"zone":"北北基","user":"李冠樺","pay_tool":""},{"index":32,"id":30031943,"category":"夜市小吃/市場","city":"新北市","area":"瑞芳區","market_name":"瑞芳第一市場","market_address":"新北市瑞芳區明燈路三段2號","shop":"瑞芳第一市場 光利商號","pay_list":["創科"],"zone":"北北基","user":"莊志遠","pay_tool":""},{"index":33,"id":30031962,"category":"夜市小吃/市場","city":"新北市","area":"瑞芳區","market_name":"瑞芳第一市場","market_address":"新北市瑞芳區明燈路三段2號","shop":"瑞芳第一市場 協發南北雜貨","pay_list":["創科"],"zone":"北北基","user":"張錦桐","pay_tool":""},{"index":34,"id":30031963,"category":"夜市小吃/市場","city":"新北市","area":"瑞芳區","market_name":"瑞芳第一市場","market_address":"新北市瑞芳區明燈路三段2號","shop":"瑞芳第一市場 協發南北雜貨","pay_list":["創科"],"zone":"北北基","user":"張錦桐","pay_tool":""},{"index":35,"id":30031986,"category":"夜市小吃/市場","city":"新北市","area":"瑞芳區","market_name":"瑞芳第一市場","market_address":"新北市瑞芳區明燈路三段2號","shop":"瑞芳第一市場 花坊","pay_list":["創科"],"zone":"北北基","user":"魏淑雲","pay_tool":""},{"index":36,"id":30031988,"category":"夜市小吃/市場","city":"新北市","area":"瑞芳區","market_name":"瑞芳第一市場","market_address":"新北市瑞芳區明燈路三段2號","shop":"瑞芳第一市場 聯美花坊","pay_list":["創科"],"zone":"北北基","user":"魏淑雲","pay_tool":""},{"index":37,"id":30032001,"category":"夜市小吃/市場","city":"新北市","area":"瑞芳區","market_name":"瑞芳第一市場","market_address":"新北市瑞芳區明燈路三段2號","shop":"瑞芳第一市場 協發商行","pay_list":["創科"],"zone":"北北基","user":"張錦桐","pay_tool":""},{"index":38,"id":30032002,"category":"夜市小吃/市場","city":"新北市","area":"瑞芳區","market_name":"瑞芳第一市場","market_address":"新北市瑞芳區明燈路三段2號","shop":"瑞芳第一市場 新美香肉鬆號","pay_list":["創科"],"zone":"北北基","user":"林素貞","pay_tool":""},{"index":39,"id":30032014,"category":"夜市小吃/市場","city":"新北市","area":"瑞芳區","market_name":"瑞芳第一市場","market_address":"新北市瑞芳區明燈路三段2號","shop":"瑞芳第一市場 明臻服裝修改","pay_list":["創科"],"zone":"北北基","user":"宋麗枝","pay_tool":""},{"index":40,"id":30032015,"category":"夜市小吃/市場","city":"新北市","area":"瑞芳區","market_name":"瑞芳第一市場","market_address":"新北市瑞芳區明燈路三段2號","shop":"瑞芳第一市場 魏老師花坊","pay_list":["創科"],"zone":"北北基","user":"魏淑雲","pay_tool":""},{"index":41,"id":30032025,"category":"夜市小吃/市場","city":"新北市","area":"瑞芳區","market_name":"瑞芳第一市場","market_address":"新北市瑞芳區明燈路三段2號","shop":"瑞芳第一市場 瑞聯社福利中心","pay_list":["台灣 PAY"],"zone":"北北基","user":"陳淑霞","pay_tool":["行動支付"]}]