[{"index":1,"id":20017832,"user":"何寬裕","shop":"迷你咖啡","category":["夜市/市場攤販"],"zone":"台東","city":"臺東縣","area":"東河鄉","market_name":["調理飲料攤販"],"market_address":"臺東縣東河鄉東河村南東河路６４號","pay_list":["LINE PAY MONEY"],"pay_tool":["行動支付"],"行業代號":null,"行業代號1":null,"名稱1":null,"行業代號2":null,"名稱2":null,"行業代號3":null,"名稱3":null},{"index":2,"id":60073398,"user":"高瑞閔","shop":"巴帝崮工作室","category":["餐飲","夜市/市場攤販"],"zone":"台東","city":"臺東縣","area":"東河鄉","market_name":["未分類其他食品、飲料及菸草製品零售","冰果店、冷（熱）飲店","調理飲料攤販","餐館、餐廳"],"market_address":"臺東縣東河鄉都蘭村都蘭２７４號","pay_list":null,"pay_tool":null,"行業代號":"563111","行業代號1":"472999","名稱1":"未分類其他食品、飲料及菸草製品零售","行業代號2":"561115","名稱2":"餐館、餐廳","行業代號3":"563200","名稱3":"調理飲料攤販"},{"index":3,"id":60110272,"user":"許麗蘭","shop":"臼部廚房","category":["餐飲","夜市/市場攤販"],"zone":"台東","city":"臺東縣","area":"東河鄉","market_name":["冰果店、冷（熱）飲店","餐館、餐廳","餐食攤販"],"market_address":"臺東縣東河鄉都蘭村０２８鄰１９９―２號１樓","pay_list":null,"pay_tool":null,"行業代號":"561115","行業代號1":"563111","名稱1":"冰果店、冷（熱）飲店","行業代號2":"561200","名稱2":"餐食攤販","行業代號3":"","名稱3":""}]