[{"index":1,"id":30000287,"category":"夜市小吃/市場","city":"臺北市","area":"中山區","market_name":"晴光攤販集中場","market_address":"臺北市中山區農安街2巷及雙城街12巷","shop":"晴光攤販集中場 059","pay_list":["街口支付","LINE Pay Money"],"zone":"北北基","user":"施家興","pay_tool":["行動支付"]},{"index":2,"id":30000298,"category":"夜市小吃/市場","city":"臺北市","area":"中山區","market_name":"晴光攤販集中場","market_address":"臺北市中山區農安街2巷及雙城街12巷","shop":"晴光攤販集中場 110晴光銀樓","pay_list":["玉山銀行","悠遊付"],"zone":"北北基","user":"謝惟翔","pay_tool":["信用卡"]},{"index":3,"id":30002380,"category":"夜市小吃/市場","city":"臺北市","area":"中山區","market_name":"遼寧街攤販集中場","market_address":"臺北市中山區遼寧街(長安東路至朱崙街口","shop":"遼寧街攤販集中場 近朱崙公園 )","pay_list":["男"],"zone":"北北基","user":"林彥宏","pay_tool":""},{"index":4,"id":30002381,"category":"夜市小吃/市場","city":"臺北市","area":"中山區","market_name":"雙城街攤販集中場","market_address":"臺北市中山區雙城街(雙城街10巷、13巷至農安街口","shop":"雙城街攤販集中場 近晴光公園)","pay_list":["男"],"zone":"北北基","user":"夜2 高記冰品品","pay_tool":""},{"index":5,"id":30002382,"category":"夜市小吃/市場","city":"臺北市","area":"中山區","market_name":"雙城街攤販集中場","market_address":"臺北市中山區雙城街(雙城街10巷、13巷至農安街口","shop":"雙城街攤販集中場 近晴光公園)","pay_list":["女"],"zone":"北北基","user":"夜2 高記冰品品","pay_tool":""},{"index":6,"id":30002383,"category":"夜市小吃/市場","city":"臺北市","area":"中山區","market_name":"雙城街攤販集中場","market_address":"臺北市中山區雙城街(雙城街10巷、13巷至農安街口","shop":"雙城街攤販集中場 近晴光公園)","pay_list":["女"],"zone":"北北基","user":"57","pay_tool":""},{"index":7,"id":30002384,"category":"夜市小吃/市場","city":"臺北市","area":"中山區","market_name":"雙城街攤販集中場","market_address":"臺北市中山區雙城街(雙城街10巷、13巷至農安街口","shop":"雙城街攤販集中場 近晴光公園)","pay_list":["女"],"zone":"北北基","user":"30","pay_tool":""},{"index":8,"id":30002385,"category":"夜市小吃/市場","city":"臺北市","area":"中山區","market_name":"遼寧街攤販集中場","market_address":"臺北市中山區遼寧街(長安東路至朱崙街口","shop":"遼寧街攤販集中場 近朱崙公園 )","pay_list":["女"],"zone":"北北基","user":"北市市中證字第0190號（正記麻油腰只）","pay_tool":""},{"index":9,"id":30002386,"category":"夜市小吃/市場","city":"臺北市","area":"中山區","market_name":"遼寧街攤販集中場","market_address":"臺北市中山區遼寧街(長安東路至朱崙街口","shop":"遼寧街攤販集中場 近朱崙公園 )","pay_list":["女"],"zone":"北北基","user":"北市建中0204號/郭家擔仔麵","pay_tool":""},{"index":10,"id":30002387,"category":"夜市小吃/市場","city":"臺北市","area":"中山區","market_name":"遼寧街攤販集中場","market_address":"臺北市中山區遼寧街(長安東路至朱崙街口","shop":"遼寧街攤販集中場 近朱崙公園 )","pay_list":["女"],"zone":"北北基","user":"北市建中0204號/郭家擔仔麵","pay_tool":""},{"index":11,"id":30002389,"category":"夜市小吃/市場","city":"臺北市","area":"中山區","market_name":"雙城街攤販集中場","market_address":"臺北市中山區雙城街(雙城街10巷、13巷至農安街口","shop":"雙城街攤販集中場 近晴光公園)","pay_list":["男"],"zone":"北北基","user":"5號/雙城美食赤肉咖哩飯。","pay_tool":""},{"index":12,"id":30002391,"category":"夜市小吃/市場","city":"臺北市","area":"中山區","market_name":"遼寧街攤販集中場","market_address":"臺北市中山區遼寧街(長安東路至朱崙街口","shop":"遼寧街攤販集中場 近朱崙公園 )","pay_list":["女"],"zone":"北北基","user":"北市市中證字第0196號","pay_tool":""},{"index":13,"id":30002392,"category":"夜市小吃/市場","city":"臺北市","area":"中山區","market_name":"雙城街攤販集中場","market_address":"臺北市中山區雙城街(雙城街10巷、13巷至農安街口","shop":"雙城街攤販集中場 近晴光公園)","pay_list":["女"],"zone":"北北基","user":"28/黎氏麵攤","pay_tool":""},{"index":14,"id":30002395,"category":"夜市小吃/市場","city":"臺北市","area":"中山區","market_name":"遼寧街攤販集中場","market_address":"臺北市中山區遼寧街(長安東路至朱崙街口","shop":"遼寧街攤販集中場 近朱崙公園 )","pay_list":["男"],"zone":"北北基","user":"02","pay_tool":""},{"index":15,"id":30002396,"category":"夜市小吃/市場","city":"臺北市","area":"中山區","market_name":"遼寧街攤販集中場","market_address":"臺北市中山區遼寧街(長安東路至朱崙街口","shop":"遼寧街攤販集中場 近朱崙公園 )","pay_list":["男"],"zone":"北北基","user":"北市市中證字第0186號","pay_tool":""},{"index":16,"id":30002397,"category":"夜市小吃/市場","city":"臺北市","area":"中山區","market_name":"雙城街攤販集中場","market_address":"臺北市中山區雙城街(雙城街10巷、13巷至農安街口","shop":"雙城街攤販集中場 近晴光公園)","pay_list":["男"],"zone":"北北基","user":"日市23號攤","pay_tool":""},{"index":17,"id":30002398,"category":"夜市小吃/市場","city":"臺北市","area":"中山區","market_name":"雙城街攤販集中場","market_address":"臺北市中山區雙城街(雙城街10巷、13巷至農安街口","shop":"雙城街攤販集中場 近晴光公園)","pay_list":["男"],"zone":"北北基","user":"日市23號攤","pay_tool":""},{"index":18,"id":30002400,"category":"夜市小吃/市場","city":"臺北市","area":"中山區","market_name":"遼寧街攤販集中場","market_address":"臺北市中山區遼寧街(長安東路至朱崙街口","shop":"遼寧街攤販集中場 近朱崙公園 )","pay_list":["女"],"zone":"北北基","user":"北市市中證字第0201號","pay_tool":""},{"index":19,"id":30002404,"category":"夜市小吃/市場","city":"臺北市","area":"中山區","market_name":"雙城街攤販集中場","market_address":"臺北市中山區雙城街(雙城街10巷、13巷至農安街口","shop":"雙城街攤販集中場 近晴光公園)","pay_list":["男"],"zone":"北北基","user":"日12蕭家倫","pay_tool":""},{"index":20,"id":30002405,"category":"夜市小吃/市場","city":"臺北市","area":"中山區","market_name":"雙城街攤販集中場","market_address":"臺北市中山區雙城街(雙城街10巷、13巷至農安街口","shop":"雙城街攤販集中場 近晴光公園)","pay_list":["女"],"zone":"北北基","user":"日12蕭家倫","pay_tool":""},{"index":21,"id":30002408,"category":"夜市小吃/市場","city":"臺北市","area":"中山區","market_name":"雙城街攤販集中場","market_address":"臺北市中山區雙城街(雙城街10巷、13巷至農安街口","shop":"雙城街攤販集中場 近晴光公園)","pay_list":["女"],"zone":"北北基","user":"夜14/日船章魚小丸子","pay_tool":""},{"index":22,"id":30002409,"category":"夜市小吃/市場","city":"臺北市","area":"中山區","market_name":"雙城街攤販集中場","market_address":"臺北市中山區雙城街(雙城街10巷、13巷至農安街口","shop":"雙城街攤販集中場 近晴光公園)","pay_list":["女"],"zone":"北北基","user":"7/善茵關東煮","pay_tool":""},{"index":23,"id":30002412,"category":"夜市小吃/市場","city":"臺北市","area":"中山區","market_name":"遼寧街攤販集中場","market_address":"臺北市中山區遼寧街(長安東路至朱崙街口","shop":"遼寧街攤販集中場 近朱崙公園 )","pay_list":["男"],"zone":"北北基","user":"紅心粉圓","pay_tool":""},{"index":24,"id":30002416,"category":"夜市小吃/市場","city":"臺北市","area":"中山區","market_name":"遼寧街攤販集中場","market_address":"臺北市中山區遼寧街(長安東路至朱崙街口","shop":"遼寧街攤販集中場 近朱崙公園 )","pay_list":["女"],"zone":"北北基","user":"冰不厭榨","pay_tool":""},{"index":25,"id":30002418,"category":"夜市小吃/市場","city":"臺北市","area":"中山區","market_name":"遼寧街攤販集中場","market_address":"臺北市中山區遼寧街(長安東路至朱崙街口","shop":"遼寧街攤販集中場 近朱崙公園 )","pay_list":["男"],"zone":"北北基","user":"0199/大排檔","pay_tool":""},{"index":26,"id":30002423,"category":"夜市小吃/市場","city":"臺北市","area":"中山區","market_name":"遼寧街攤販集中場","market_address":"臺北市中山區遼寧街(長安東路至朱崙街口","shop":"遼寧街攤販集中場 近朱崙公園 )","pay_list":["女"],"zone":"北北基","user":"府建市中?字第O213?。三好一公道。","pay_tool":""},{"index":27,"id":30002424,"category":"夜市小吃/市場","city":"臺北市","area":"中山區","market_name":"遼寧街攤販集中場","market_address":"臺北市中山區遼寧街(長安東路至朱崙街口","shop":"遼寧街攤販集中場 近朱崙公園 )","pay_list":["男"],"zone":"北北基","user":"府建市中?字第O213?。三好一公道。","pay_tool":""},{"index":28,"id":30002425,"category":"夜市小吃/市場","city":"臺北市","area":"中山區","market_name":"雙城街攤販集中場","market_address":"臺北市中山區雙城街(雙城街10巷、13巷至農安街口","shop":"雙城街攤販集中場 近晴光公園)","pay_list":["女"],"zone":"北北基","user":"夜44/阿柱熱炒","pay_tool":""},{"index":29,"id":30002426,"category":"夜市小吃/市場","city":"臺北市","area":"中山區","market_name":"雙城街攤販集中場","market_address":"臺北市中山區雙城街(雙城街10巷、13巷至農安街口","shop":"雙城街攤販集中場 近晴光公園)","pay_list":["女"],"zone":"北北基","user":"夜16.韓吉辛拉麵","pay_tool":""},{"index":30,"id":30002427,"category":"夜市小吃/市場","city":"臺北市","area":"中山區","market_name":"遼寧街攤販集中場","market_address":"臺北市中山區遼寧街(長安東路至朱崙街口","shop":"遼寧街攤販集中場 近朱崙公園 )","pay_list":["男"],"zone":"北北基","user":"北市市中證字第零一八八號","pay_tool":""},{"index":31,"id":30002428,"category":"夜市小吃/市場","city":"臺北市","area":"中山區","market_name":"遼寧街攤販集中場","market_address":"臺北市中山區遼寧街(長安東路至朱崙街口","shop":"遼寧街攤販集中場 近朱崙公園 )","pay_list":["男"],"zone":"北北基","user":"北市市中證字第0197號","pay_tool":""},{"index":32,"id":30002429,"category":"夜市小吃/市場","city":"臺北市","area":"中山區","market_name":"遼寧街攤販集中場","market_address":"臺北市中山區遼寧街(長安東路至朱崙街口","shop":"遼寧街攤販集中場 近朱崙公園 )","pay_list":["男"],"zone":"北北基","user":"北市市中證字第0197號","pay_tool":""},{"index":33,"id":30002434,"category":"夜市小吃/市場","city":"臺北市","area":"中山區","market_name":"雙城街攤販集中場","market_address":"臺北市中山區雙城街(雙城街10巷、13巷至農安街口","shop":"雙城街攤販集中場 近晴光公園)","pay_list":["男"],"zone":"北北基","user":"150","pay_tool":""},{"index":34,"id":30002435,"category":"夜市小吃/市場","city":"臺北市","area":"中山區","market_name":"雙城街攤販集中場","market_address":"臺北市中山區雙城街(雙城街10巷、13巷至農安街口","shop":"雙城街攤販集中場 近晴光公園)","pay_list":["女"],"zone":"北北基","user":"晴光腿庫飯夜39攤","pay_tool":""},{"index":35,"id":30002439,"category":"夜市小吃/市場","city":"臺北市","area":"中山區","market_name":"雙城街攤販集中場","market_address":"臺北市中山區雙城街(雙城街10巷、13巷至農安街口","shop":"雙城街攤販集中場 近晴光公園)","pay_list":["男"],"zone":"北北基","user":"日42/吉利果","pay_tool":""},{"index":36,"id":30002440,"category":"夜市小吃/市場","city":"臺北市","area":"中山區","market_name":"雙城街攤販集中場","market_address":"臺北市中山區雙城街(雙城街10巷、13巷至農安街口","shop":"雙城街攤販集中場 近晴光公園)","pay_list":["男"],"zone":"北北基","user":"日班2","pay_tool":""},{"index":37,"id":30002442,"category":"夜市小吃/市場","city":"臺北市","area":"中山區","market_name":"雙城街攤販集中場","market_address":"臺北市中山區雙城街(雙城街10巷、13巷至農安街口","shop":"雙城街攤販集中場 近晴光公園)","pay_list":["女"],"zone":"北北基","user":"6號/美食街。","pay_tool":""},{"index":38,"id":30002444,"category":"夜市小吃/市場","city":"臺北市","area":"中山區","market_name":"遼寧街攤販集中場","market_address":"臺北市中山區遼寧街(長安東路至朱崙街口","shop":"遼寧街攤販集中場 近朱崙公園 )","pay_list":["男"],"zone":"北北基","user":"小角咖啡","pay_tool":""},{"index":39,"id":30002445,"category":"夜市小吃/市場","city":"臺北市","area":"中山區","market_name":"雙城街攤販集中場","market_address":"臺北市中山區雙城街(雙城街10巷、13巷至農安街口","shop":"雙城街攤販集中場 近晴光公園)","pay_list":["女"],"zone":"北北基","user":"32","pay_tool":""},{"index":40,"id":30002446,"category":"夜市小吃/市場","city":"臺北市","area":"中山區","market_name":"雙城街攤販集中場","market_address":"臺北市中山區雙城街(雙城街10巷、13巷至農安街口","shop":"雙城街攤販集中場 近晴光公園)","pay_list":["女"],"zone":"北北基","user":"曾記當歸豬腳麵線","pay_tool":""},{"index":41,"id":30002447,"category":"夜市小吃/市場","city":"臺北市","area":"中山區","market_name":"雙城街攤販集中場","market_address":"臺北市中山區雙城街(雙城街10巷、13巷至農安街口","shop":"雙城街攤販集中場 近晴光公園)","pay_list":["男"],"zone":"北北基","user":"10號 老山東麻醬麵","pay_tool":""},{"index":42,"id":30002448,"category":"夜市小吃/市場","city":"臺北市","area":"中山區","market_name":"雙城街攤販集中場","market_address":"臺北市中山區雙城街(雙城街10巷、13巷至農安街口","shop":"雙城街攤販集中場 近晴光公園)","pay_list":["女"],"zone":"北北基","user":"日25／香土原味","pay_tool":""},{"index":43,"id":30002449,"category":"夜市小吃/市場","city":"臺北市","area":"中山區","market_name":"雙城街攤販集中場","market_address":"臺北市中山區雙城街(雙城街10巷、13巷至農安街口","shop":"雙城街攤販集中場 近晴光公園)","pay_list":["女"],"zone":"北北基","user":"26/晴光鹹湯圓","pay_tool":""},{"index":44,"id":30002450,"category":"夜市小吃/市場","city":"臺北市","area":"中山區","market_name":"雙城街攤販集中場","market_address":"臺北市中山區雙城街(雙城街10巷、13巷至農安街口","shop":"雙城街攤販集中場 近晴光公園)","pay_list":["女"],"zone":"北北基","user":"26/晴光鹹湯圓","pay_tool":""},{"index":45,"id":30002452,"category":"夜市小吃/市場","city":"臺北市","area":"中山區","market_name":"遼寧街攤販集中場","market_address":"臺北市中山區遼寧街(長安東路至朱崙街口","shop":"遼寧街攤販集中場 近朱崙公園 )","pay_list":["男"],"zone":"北北基","user":"北市市中證第0231 號（ 米粉吉）","pay_tool":""},{"index":46,"id":30002453,"category":"夜市小吃/市場","city":"臺北市","area":"中山區","market_name":"遼寧街攤販集中場","market_address":"臺北市中山區遼寧街(長安東路至朱崙街口","shop":"遼寧街攤販集中場 近朱崙公園 )","pay_list":["女"],"zone":"北北基","user":"北市市中證第0231 號（ 米粉吉）","pay_tool":""},{"index":47,"id":30002454,"category":"夜市小吃/市場","city":"臺北市","area":"中山區","market_name":"遼寧街攤販集中場","market_address":"臺北市中山區遼寧街(長安東路至朱崙街口","shop":"遼寧街攤販集中場 近朱崙公園 )","pay_list":["女"],"zone":"北北基","user":"北市市中證第0231 號（ 米粉吉）","pay_tool":""},{"index":48,"id":30002455,"category":"夜市小吃/市場","city":"臺北市","area":"中山區","market_name":"遼寧街攤販集中場","market_address":"臺北市中山區遼寧街(長安東路至朱崙街口","shop":"遼寧街攤販集中場 近朱崙公園 )","pay_list":["男"],"zone":"北北基","user":"北市市中證第0231 號（ 米粉吉）","pay_tool":""},{"index":49,"id":30051703,"category":"夜市小吃/市場","city":"臺北市","area":"中山區","market_name":"八德市場","market_address":"臺北市中山區八德路二段108之1號","shop":"八德市場 0002","pay_list":["台灣 PAY"],"zone":"北北基","user":"葉晏妤","pay_tool":["行動支付"]},{"index":50,"id":30051704,"category":"夜市小吃/市場","city":"臺北市","area":"中山區","market_name":"八德市場","market_address":"臺北市中山區八德路二段108之1號","shop":"八德市場 0003","pay_list":["台灣 PAY"],"zone":"北北基","user":"胡劉寶?","pay_tool":["行動支付"]},{"index":51,"id":30051705,"category":"夜市小吃/市場","city":"臺北市","area":"中山區","market_name":"八德市場","market_address":"臺北市中山區八德路二段108之1號","shop":"八德市場 0004","pay_list":["台灣 PAY"],"zone":"北北基","user":"林錦榮","pay_tool":["行動支付"]},{"index":52,"id":30051706,"category":"夜市小吃/市場","city":"臺北市","area":"中山區","market_name":"八德市場","market_address":"臺北市中山區八德路二段108之1號","shop":"八德市場 0005","pay_list":["台灣 PAY"],"zone":"北北基","user":"吳易澄","pay_tool":["行動支付"]},{"index":53,"id":30051707,"category":"夜市小吃/市場","city":"臺北市","area":"中山區","market_name":"八德市場","market_address":"臺北市中山區八德路二段108之1號","shop":"八德市場 0006","pay_list":["台灣 PAY"],"zone":"北北基","user":"吳淑惠","pay_tool":["行動支付"]},{"index":54,"id":30051709,"category":"夜市小吃/市場","city":"臺北市","area":"中山區","market_name":"八德市場","market_address":"臺北市中山區八德路二段108之1號","shop":"八德市場 0007","pay_list":["台灣 PAY"],"zone":"北北基","user":"詹毅暄","pay_tool":["行動支付"]},{"index":55,"id":30051710,"category":"夜市小吃/市場","city":"臺北市","area":"中山區","market_name":"八德市場","market_address":"臺北市中山區八德路二段108之1號","shop":"八德市場 0008","pay_list":["台灣 PAY"],"zone":"北北基","user":"許美玉","pay_tool":["行動支付"]},{"index":56,"id":30051711,"category":"夜市小吃/市場","city":"臺北市","area":"中山區","market_name":"八德市場","market_address":"臺北市中山區八德路二段108之1號","shop":"八德市場 0012","pay_list":["台灣 PAY"],"zone":"北北基","user":"陳林麗花","pay_tool":["行動支付"]},{"index":57,"id":30051712,"category":"夜市小吃/市場","city":"臺北市","area":"中山區","market_name":"八德市場","market_address":"臺北市中山區八德路二段108之1號","shop":"八德市場 0013","pay_list":["台灣 PAY"],"zone":"北北基","user":"洪梁招","pay_tool":["行動支付"]},{"index":58,"id":30051713,"category":"夜市小吃/市場","city":"臺北市","area":"中山區","market_name":"八德市場","market_address":"臺北市中山區八德路二段108之1號","shop":"八德市場 0014","pay_list":["台灣 PAY"],"zone":"北北基","user":"林思婷","pay_tool":["行動支付"]},{"index":59,"id":30051714,"category":"夜市小吃/市場","city":"臺北市","area":"中山區","market_name":"八德市場","market_address":"臺北市中山區八德路二段108之1號","shop":"八德市場 0015","pay_list":["台灣 PAY"],"zone":"北北基","user":"劉豫正","pay_tool":["行動支付"]},{"index":60,"id":30051715,"category":"夜市小吃/市場","city":"臺北市","area":"中山區","market_name":"八德市場","market_address":"臺北市中山區八德路二段108之1號","shop":"八德市場 0016","pay_list":["台灣 PAY"],"zone":"北北基","user":"徐志珍","pay_tool":["行動支付"]},{"index":61,"id":30051716,"category":"夜市小吃/市場","city":"臺北市","area":"中山區","market_name":"八德市場","market_address":"臺北市中山區八德路二段108之1號","shop":"八德市場 0017","pay_list":["台灣 PAY"],"zone":"北北基","user":"陳福富","pay_tool":["行動支付"]},{"index":62,"id":30051717,"category":"夜市小吃/市場","city":"臺北市","area":"中山區","market_name":"八德市場","market_address":"臺北市中山區八德路二段108之1號","shop":"八德市場 0018","pay_list":["台灣 PAY"],"zone":"北北基","user":"吳州陞","pay_tool":["行動支付"]},{"index":63,"id":30051718,"category":"夜市小吃/市場","city":"臺北市","area":"中山區","market_name":"八德市場","market_address":"臺北市中山區八德路二段108之1號","shop":"八德市場 0019","pay_list":["台灣 PAY"],"zone":"北北基","user":"吳挺暉","pay_tool":["行動支付"]},{"index":64,"id":30051720,"category":"夜市小吃/市場","city":"臺北市","area":"中山區","market_name":"八德市場","market_address":"臺北市中山區八德路二段108之1號","shop":"八德市場 0020","pay_list":["台灣 PAY"],"zone":"北北基","user":"陳文雯","pay_tool":["行動支付"]},{"index":65,"id":30051721,"category":"夜市小吃/市場","city":"臺北市","area":"中山區","market_name":"八德市場","market_address":"臺北市中山區八德路二段108之1號","shop":"八德市場 0021","pay_list":["台灣 PAY"],"zone":"北北基","user":"陳鳳珠","pay_tool":["行動支付"]},{"index":66,"id":30051722,"category":"夜市小吃/市場","city":"臺北市","area":"中山區","market_name":"八德市場","market_address":"臺北市中山區八德路二段108之1號","shop":"八德市場 0022","pay_list":["台灣 PAY"],"zone":"北北基","user":"吳念祖","pay_tool":["行動支付"]},{"index":67,"id":30051723,"category":"夜市小吃/市場","city":"臺北市","area":"中山區","market_name":"八德市場","market_address":"臺北市中山區八德路二段108之1號","shop":"八德市場 0023","pay_list":["台灣 PAY"],"zone":"北北基","user":"陳明宏","pay_tool":["行動支付"]},{"index":68,"id":30051724,"category":"夜市小吃/市場","city":"臺北市","area":"中山區","market_name":"八德市場","market_address":"臺北市中山區八德路二段108之1號","shop":"八德市場 0025","pay_list":["台灣 PAY"],"zone":"北北基","user":"謝濬龍","pay_tool":["行動支付"]},{"index":69,"id":30051725,"category":"夜市小吃/市場","city":"臺北市","area":"中山區","market_name":"八德市場","market_address":"臺北市中山區八德路二段108之1號","shop":"八德市場 0026","pay_list":["台灣 PAY"],"zone":"北北基","user":"王瑞益","pay_tool":["行動支付"]},{"index":70,"id":30051726,"category":"夜市小吃/市場","city":"臺北市","area":"中山區","market_name":"八德市場","market_address":"臺北市中山區八德路二段108之1號","shop":"八德市場 0027","pay_list":["台灣 PAY"],"zone":"北北基","user":"黃正一","pay_tool":["行動支付"]},{"index":71,"id":30051727,"category":"夜市小吃/市場","city":"臺北市","area":"中山區","market_name":"八德市場","market_address":"臺北市中山區八德路二段108之1號","shop":"八德市場 0028","pay_list":["台灣 PAY"],"zone":"北北基","user":"林美智","pay_tool":["行動支付"]},{"index":72,"id":30051728,"category":"夜市小吃/市場","city":"臺北市","area":"中山區","market_name":"八德市場","market_address":"臺北市中山區八德路二段108之1號","shop":"八德市場 0029","pay_list":["台灣 PAY"],"zone":"北北基","user":"林雅淑","pay_tool":["行動支付"]},{"index":73,"id":30051729,"category":"夜市小吃/市場","city":"臺北市","area":"中山區","market_name":"八德市場","market_address":"臺北市中山區八德路二段108之1號","shop":"八德市場 0031","pay_list":["台灣 PAY"],"zone":"北北基","user":"張振華","pay_tool":["行動支付"]},{"index":74,"id":30051731,"category":"夜市小吃/市場","city":"臺北市","area":"中山區","market_name":"八德市場","market_address":"臺北市中山區八德路二段108之1號","shop":"八德市場 0032","pay_list":["台灣 PAY"],"zone":"北北基","user":"吳漢宮","pay_tool":["行動支付"]},{"index":75,"id":30051732,"category":"夜市小吃/市場","city":"臺北市","area":"中山區","market_name":"八德市場","market_address":"臺北市中山區八德路二段108之1號","shop":"八德市場 0033","pay_list":["台灣 PAY"],"zone":"北北基","user":"藍美慧","pay_tool":["行動支付"]},{"index":76,"id":30051733,"category":"夜市小吃/市場","city":"臺北市","area":"中山區","market_name":"八德市場","market_address":"臺北市中山區八德路二段108之1號","shop":"八德市場 0034","pay_list":["台灣 PAY"],"zone":"北北基","user":"鄭孝銘","pay_tool":["行動支付"]},{"index":77,"id":30051734,"category":"夜市小吃/市場","city":"臺北市","area":"中山區","market_name":"八德市場","market_address":"臺北市中山區八德路二段108之1號","shop":"八德市場 0035","pay_list":["台灣 PAY"],"zone":"北北基","user":"陳文彬","pay_tool":["行動支付"]},{"index":78,"id":30051735,"category":"夜市小吃/市場","city":"臺北市","area":"中山區","market_name":"八德市場","market_address":"臺北市中山區八德路二段108之1號","shop":"八德市場 0036","pay_list":["台灣 PAY"],"zone":"北北基","user":"吳張寶蓮","pay_tool":["行動支付"]},{"index":79,"id":30051736,"category":"夜市小吃/市場","city":"臺北市","area":"中山區","market_name":"八德市場","market_address":"臺北市中山區八德路二段108之1號","shop":"八德市場 0037","pay_list":["台灣 PAY"],"zone":"北北基","user":"楊士民","pay_tool":["行動支付"]},{"index":80,"id":30051737,"category":"夜市小吃/市場","city":"臺北市","area":"中山區","market_name":"八德市場","market_address":"臺北市中山區八德路二段108之1號","shop":"八德市場 0038","pay_list":["台灣 PAY"],"zone":"北北基","user":"吳建興","pay_tool":["行動支付"]},{"index":81,"id":30051738,"category":"夜市小吃/市場","city":"臺北市","area":"中山區","market_name":"八德市場","market_address":"臺北市中山區八德路二段108之1號","shop":"八德市場 0039","pay_list":["台灣 PAY"],"zone":"北北基","user":"蕭宇傑","pay_tool":["行動支付"]},{"index":82,"id":30051739,"category":"夜市小吃/市場","city":"臺北市","area":"中山區","market_name":"八德市場","market_address":"臺北市中山區八德路二段108之1號","shop":"八德市場 0040","pay_list":["台灣 PAY"],"zone":"北北基","user":"魏孔己","pay_tool":["行動支付"]},{"index":83,"id":30051740,"category":"夜市小吃/市場","city":"臺北市","area":"中山區","market_name":"八德市場","market_address":"臺北市中山區八德路二段108之1號","shop":"八德市場 0041","pay_list":["台灣 PAY"],"zone":"北北基","user":"吳樊麗金","pay_tool":["行動支付"]},{"index":84,"id":30051742,"category":"夜市小吃/市場","city":"臺北市","area":"中山區","market_name":"八德市場","market_address":"臺北市中山區八德路二段108之1號","shop":"八德市場 0042","pay_list":["台灣 PAY"],"zone":"北北基","user":"陳格","pay_tool":["行動支付"]},{"index":85,"id":30051743,"category":"夜市小吃/市場","city":"臺北市","area":"中山區","market_name":"八德市場","market_address":"臺北市中山區八德路二段108之1號","shop":"八德市場 0043","pay_list":["台灣 PAY"],"zone":"北北基","user":"吳慧芬","pay_tool":["行動支付"]},{"index":86,"id":30051744,"category":"夜市小吃/市場","city":"臺北市","area":"中山區","market_name":"八德市場","market_address":"臺北市中山區八德路二段108之1號","shop":"八德市場 0046","pay_list":["台灣 PAY"],"zone":"北北基","user":"謝宜珊","pay_tool":["行動支付"]},{"index":87,"id":30051745,"category":"夜市小吃/市場","city":"臺北市","area":"中山區","market_name":"八德市場","market_address":"臺北市中山區八德路二段108之1號","shop":"八德市場 0047","pay_list":["台灣 PAY"],"zone":"北北基","user":"廖黃惠珠","pay_tool":["行動支付"]},{"index":88,"id":30051746,"category":"夜市小吃/市場","city":"臺北市","area":"中山區","market_name":"八德市場","market_address":"臺北市中山區八德路二段108之1號","shop":"八德市場 0048","pay_list":["台灣 PAY"],"zone":"北北基","user":"張李美麗","pay_tool":["行動支付"]},{"index":89,"id":30051747,"category":"夜市小吃/市場","city":"臺北市","area":"中山區","market_name":"八德市場","market_address":"臺北市中山區八德路二段108之1號","shop":"八德市場 0050","pay_list":["台灣 PAY"],"zone":"北北基","user":"藍佳俞","pay_tool":["行動支付"]},{"index":90,"id":30051748,"category":"夜市小吃/市場","city":"臺北市","area":"中山區","market_name":"八德市場","market_address":"臺北市中山區八德路二段108之1號","shop":"八德市場 0052","pay_list":["台灣 PAY"],"zone":"北北基","user":"王雅惠","pay_tool":["行動支付"]},{"index":91,"id":30051749,"category":"夜市小吃/市場","city":"臺北市","area":"中山區","market_name":"八德市場","market_address":"臺北市中山區八德路二段108之1號","shop":"八德市場 0053","pay_list":["台灣 PAY"],"zone":"北北基","user":"王陳儉","pay_tool":["行動支付"]},{"index":92,"id":30051750,"category":"夜市小吃/市場","city":"臺北市","area":"中山區","market_name":"八德市場","market_address":"臺北市中山區八德路二段108之1號","shop":"八德市場 0054","pay_list":["台灣 PAY"],"zone":"北北基","user":"陳楊仙女","pay_tool":["行動支付"]},{"index":93,"id":30051751,"category":"夜市小吃/市場","city":"臺北市","area":"中山區","market_name":"八德市場","market_address":"臺北市中山區八德路二段108之1號","shop":"八德市場 0065","pay_list":["台灣 PAY"],"zone":"北北基","user":"徐錦春","pay_tool":["行動支付"]},{"index":94,"id":30051753,"category":"夜市小吃/市場","city":"臺北市","area":"中山區","market_name":"八德市場","market_address":"臺北市中山區八德路二段108之1號","shop":"八德市場 0068","pay_list":["台灣 PAY"],"zone":"北北基","user":"林俊國","pay_tool":["行動支付"]},{"index":95,"id":30051754,"category":"夜市小吃/市場","city":"臺北市","area":"中山區","market_name":"八德市場","market_address":"臺北市中山區八德路二段108之1號","shop":"八德市場 0069","pay_list":["台灣 PAY"],"zone":"北北基","user":"胡元凱","pay_tool":["行動支付"]},{"index":96,"id":30051755,"category":"夜市小吃/市場","city":"臺北市","area":"中山區","market_name":"八德市場","market_address":"臺北市中山區八德路二段108之1號","shop":"八德市場 0071","pay_list":["台灣 PAY"],"zone":"北北基","user":"楊亦茹","pay_tool":["行動支付"]},{"index":97,"id":30051756,"category":"夜市小吃/市場","city":"臺北市","area":"中山區","market_name":"八德市場","market_address":"臺北市中山區八德路二段108之1號","shop":"八德市場 0072","pay_list":["台灣 PAY"],"zone":"北北基","user":"楊佳萍","pay_tool":["行動支付"]},{"index":98,"id":30051757,"category":"夜市小吃/市場","city":"臺北市","area":"中山區","market_name":"八德市場","market_address":"臺北市中山區八德路二段108之1號","shop":"八德市場 0074","pay_list":["台灣 PAY"],"zone":"北北基","user":"楊珠珊","pay_tool":["行動支付"]},{"index":99,"id":30051758,"category":"夜市小吃/市場","city":"臺北市","area":"中山區","market_name":"八德市場","market_address":"臺北市中山區八德路二段108之1號","shop":"八德市場 0079","pay_list":["台灣 PAY"],"zone":"北北基","user":"吳怡琪","pay_tool":["行動支付"]},{"index":100,"id":30051759,"category":"夜市小吃/市場","city":"臺北市","area":"中山區","market_name":"八德市場","market_address":"臺北市中山區八德路二段108之1號","shop":"八德市場 0080","pay_list":["台灣 PAY"],"zone":"北北基","user":"鍾勝麟","pay_tool":["行動支付"]},{"index":101,"id":30051760,"category":"夜市小吃/市場","city":"臺北市","area":"中山區","market_name":"八德市場","market_address":"臺北市中山區八德路二段108之1號","shop":"八德市場 0081","pay_list":["台灣 PAY"],"zone":"北北基","user":"鍾蘭珍","pay_tool":["行動支付"]},{"index":102,"id":30051762,"category":"夜市小吃/市場","city":"臺北市","area":"中山區","market_name":"八德市場","market_address":"臺北市中山區八德路二段108之1號","shop":"八德市場 0091","pay_list":["台灣 PAY"],"zone":"北北基","user":"吳漢庭","pay_tool":["行動支付"]},{"index":103,"id":30051764,"category":"夜市小吃/市場","city":"臺北市","area":"中山區","market_name":"八德市場","market_address":"臺北市中山區八德路二段108之1號","shop":"八德市場 0092","pay_list":["台灣 PAY"],"zone":"北北基","user":"潘昱辰","pay_tool":["行動支付"]},{"index":104,"id":30051765,"category":"夜市小吃/市場","city":"臺北市","area":"中山區","market_name":"八德市場","market_address":"臺北市中山區八德路二段108之1號","shop":"八德市場 0098","pay_list":["台灣 PAY"],"zone":"北北基","user":"簡麗瓊","pay_tool":["行動支付"]},{"index":105,"id":30051766,"category":"夜市小吃/市場","city":"臺北市","area":"中山區","market_name":"八德市場","market_address":"臺北市中山區八德路二段108之1號","shop":"八德市場 0100","pay_list":["台灣 PAY"],"zone":"北北基","user":"劉玉珠","pay_tool":["行動支付"]},{"index":106,"id":30051767,"category":"夜市小吃/市場","city":"臺北市","area":"中山區","market_name":"八德市場","market_address":"臺北市中山區八德路二段108之1號","shop":"八德市場 0101","pay_list":["台灣 PAY"],"zone":"北北基","user":"葉正豐","pay_tool":["行動支付"]},{"index":107,"id":30051768,"category":"夜市小吃/市場","city":"臺北市","area":"中山區","market_name":"八德市場","market_address":"臺北市中山區八德路二段108之1號","shop":"八德市場 0109","pay_list":["台灣 PAY"],"zone":"北北基","user":"黃建翔","pay_tool":["行動支付"]},{"index":108,"id":30051769,"category":"夜市小吃/市場","city":"臺北市","area":"中山區","market_name":"八德市場","market_address":"臺北市中山區八德路二段108之1號","shop":"八德市場 0114","pay_list":["台灣 PAY"],"zone":"北北基","user":"徐俊二","pay_tool":["行動支付"]},{"index":109,"id":30051770,"category":"夜市小吃/市場","city":"臺北市","area":"中山區","market_name":"八德市場","market_address":"臺北市中山區八德路二段108之1號","shop":"八德市場 0116","pay_list":["台灣 PAY"],"zone":"北北基","user":"廖怡婷","pay_tool":["行動支付"]},{"index":110,"id":30051771,"category":"夜市小吃/市場","city":"臺北市","area":"中山區","market_name":"八德市場","market_address":"臺北市中山區八德路二段108之1號","shop":"八德市場 0117","pay_list":["台灣 PAY"],"zone":"北北基","user":"劉玉燕","pay_tool":["行動支付"]},{"index":111,"id":30051772,"category":"夜市小吃/市場","city":"臺北市","area":"中山區","market_name":"八德市場","market_address":"臺北市中山區八德路二段108之1號","shop":"八德市場 0137","pay_list":["台灣 PAY"],"zone":"北北基","user":"王雅姿","pay_tool":["行動支付"]},{"index":112,"id":30051773,"category":"夜市小吃/市場","city":"臺北市","area":"中山區","market_name":"八德市場","market_address":"臺北市中山區八德路二段108之1號","shop":"八德市場 0139","pay_list":["台灣 PAY"],"zone":"北北基","user":"林怡君","pay_tool":["行動支付"]},{"index":113,"id":30051775,"category":"夜市小吃/市場","city":"臺北市","area":"中山區","market_name":"八德市場","market_address":"臺北市中山區八德路二段108之1號","shop":"八德市場 0149","pay_list":["台灣 PAY"],"zone":"北北基","user":"李幸姿","pay_tool":["行動支付"]},{"index":114,"id":30051776,"category":"夜市小吃/市場","city":"臺北市","area":"中山區","market_name":"八德市場","market_address":"臺北市中山區八德路二段108之1號","shop":"八德市場 0150","pay_list":["台灣 PAY"],"zone":"北北基","user":"李建輝","pay_tool":["行動支付"]},{"index":115,"id":30051778,"category":"夜市小吃/市場","city":"臺北市","area":"中山區","market_name":"八德市場","market_address":"臺北市中山區八德路二段108之1號","shop":"八德市場 0158","pay_list":["台灣 PAY"],"zone":"北北基","user":"吳仲豪","pay_tool":["行動支付"]},{"index":116,"id":30051779,"category":"夜市小吃/市場","city":"臺北市","area":"中山區","market_name":"八德市場","market_address":"臺北市中山區八德路二段108之1號","shop":"八德市場 0160","pay_list":["台灣 PAY"],"zone":"北北基","user":"魏游秀琴","pay_tool":["行動支付"]},{"index":117,"id":30051780,"category":"夜市小吃/市場","city":"臺北市","area":"中山區","market_name":"八德市場","market_address":"臺北市中山區八德路二段108之1號","shop":"八德市場 0166","pay_list":["台灣 PAY"],"zone":"北北基","user":"溫石玉扇","pay_tool":["行動支付"]},{"index":118,"id":30051781,"category":"夜市小吃/市場","city":"臺北市","area":"中山區","market_name":"八德市場","market_address":"臺北市中山區八德路二段108之1號","shop":"八德市場 0170","pay_list":["台灣 PAY"],"zone":"北北基","user":"鄭夙娥","pay_tool":["行動支付"]},{"index":119,"id":30051782,"category":"夜市小吃/市場","city":"臺北市","area":"中山區","market_name":"八德市場","market_address":"臺北市中山區八德路二段108之1號","shop":"八德市場 0174","pay_list":["台灣 PAY"],"zone":"北北基","user":"陳蕭秀珠","pay_tool":["行動支付"]},{"index":120,"id":30051783,"category":"夜市小吃/市場","city":"臺北市","area":"中山區","market_name":"八德市場","market_address":"臺北市中山區八德路二段108之1號","shop":"八德市場 0176","pay_list":["台灣 PAY"],"zone":"北北基","user":"楊文治","pay_tool":["行動支付"]},{"index":121,"id":30051784,"category":"夜市小吃/市場","city":"臺北市","area":"中山區","market_name":"八德市場","market_address":"臺北市中山區八德路二段108之1號","shop":"八德市場 0179","pay_list":["台灣 PAY"],"zone":"北北基","user":"蔡文登","pay_tool":["行動支付"]},{"index":122,"id":30051812,"category":"夜市小吃/市場","city":"臺北市","area":"中山區","market_name":"大直市場","market_address":"臺北市中山區北安路458巷41弄3號","shop":"大直市場 B008","pay_list":["台灣 PAY"],"zone":"北北基","user":"劉新棕","pay_tool":["行動支付"]},{"index":123,"id":30051824,"category":"夜市小吃/市場","city":"臺北市","area":"中山區","market_name":"大直市場","market_address":"臺北市中山區北安路458巷41弄3號","shop":"大直市場 D009","pay_list":["台灣 PAY"],"zone":"北北基","user":"許富","pay_tool":["行動支付"]},{"index":124,"id":30051876,"category":"夜市小吃/市場","city":"臺北市","area":"中山區","market_name":"大直市場","market_address":"臺北市中山區北安路458巷41弄3號","shop":"大直市場 J025","pay_list":["台灣 PAY"],"zone":"北北基","user":"黃瓊玉","pay_tool":["行動支付"]},{"index":125,"id":30051877,"category":"夜市小吃/市場","city":"臺北市","area":"中山區","market_name":"中山市場","market_address":"臺北市中山區長安西路3 號","shop":"中山市場 一樓0001","pay_list":["台灣 PAY"],"zone":"北北基","user":"余振銓","pay_tool":["行動支付"]},{"index":126,"id":30051880,"category":"夜市小吃/市場","city":"臺北市","area":"中山區","market_name":"中山市場","market_address":"臺北市中山區長安西路3 號","shop":"中山市場 一樓0004","pay_list":["台灣 PAY"],"zone":"北北基","user":"張黃紅珠","pay_tool":["行動支付"]},{"index":127,"id":30051883,"category":"夜市小吃/市場","city":"臺北市","area":"中山區","market_name":"中山市場","market_address":"臺北市中山區長安西路3 號","shop":"中山市場 一樓0007","pay_list":["台灣 PAY"],"zone":"北北基","user":"張凱強","pay_tool":["行動支付"]},{"index":128,"id":30051885,"category":"夜市小吃/市場","city":"臺北市","area":"中山區","market_name":"中山市場","market_address":"臺北市中山區長安西路3 號","shop":"中山市場 一樓0011","pay_list":["台灣 PAY"],"zone":"北北基","user":"黃金蓮","pay_tool":["行動支付"]},{"index":129,"id":30051887,"category":"夜市小吃/市場","city":"臺北市","area":"中山區","market_name":"中山市場","market_address":"臺北市中山區長安西路3 號","shop":"中山市場 一樓0012","pay_list":["台灣 PAY"],"zone":"北北基","user":"陳進居","pay_tool":["行動支付"]},{"index":130,"id":30051888,"category":"夜市小吃/市場","city":"臺北市","area":"中山區","market_name":"中山市場","market_address":"臺北市中山區長安西路3 號","shop":"中山市場 一樓0013","pay_list":["台灣 PAY"],"zone":"北北基","user":"林清秀","pay_tool":["行動支付"]},{"index":131,"id":30051889,"category":"夜市小吃/市場","city":"臺北市","area":"中山區","market_name":"中山市場","market_address":"臺北市中山區長安西路3 號","shop":"中山市場 一樓0015","pay_list":["台灣 PAY"],"zone":"北北基","user":"劉大維","pay_tool":["行動支付"]},{"index":132,"id":30051890,"category":"夜市小吃/市場","city":"臺北市","area":"中山區","market_name":"中山市場","market_address":"臺北市中山區長安西路3 號","shop":"中山市場 一樓0016","pay_list":["台灣 PAY"],"zone":"北北基","user":"劉亞萍","pay_tool":["行動支付"]},{"index":133,"id":30051893,"category":"夜市小吃/市場","city":"臺北市","area":"中山區","market_name":"中山市場","market_address":"臺北市中山區長安西路3 號","shop":"中山市場 一樓0019","pay_list":["台灣 PAY"],"zone":"北北基","user":"周秋嚴","pay_tool":["行動支付"]},{"index":134,"id":30051894,"category":"夜市小吃/市場","city":"臺北市","area":"中山區","market_name":"中山市場","market_address":"臺北市中山區長安西路3 號","shop":"中山市場 一樓0020","pay_list":["台灣 PAY"],"zone":"北北基","user":"劉潤標","pay_tool":["行動支付"]},{"index":135,"id":30051895,"category":"夜市小吃/市場","city":"臺北市","area":"中山區","market_name":"中山市場","market_address":"臺北市中山區長安西路3 號","shop":"中山市場 一樓0021","pay_list":["台灣 PAY"],"zone":"北北基","user":"黃雪霞","pay_tool":["行動支付"]},{"index":136,"id":30051898,"category":"夜市小吃/市場","city":"臺北市","area":"中山區","market_name":"中山市場","market_address":"臺北市中山區長安西路3 號","shop":"中山市場 一樓0023","pay_list":["台灣 PAY"],"zone":"北北基","user":"劉怡秀","pay_tool":["行動支付"]},{"index":137,"id":30051899,"category":"夜市小吃/市場","city":"臺北市","area":"中山區","market_name":"中山市場","market_address":"臺北市中山區長安西路3 號","shop":"中山市場 一樓0024","pay_list":["台灣 PAY"],"zone":"北北基","user":"趙香","pay_tool":["行動支付"]},{"index":138,"id":30051900,"category":"夜市小吃/市場","city":"臺北市","area":"中山區","market_name":"中山市場","market_address":"臺北市中山區長安西路3 號","shop":"中山市場 一樓0025","pay_list":["台灣 PAY"],"zone":"北北基","user":"李禮坤","pay_tool":["行動支付"]},{"index":139,"id":30051901,"category":"夜市小吃/市場","city":"臺北市","area":"中山區","market_name":"中山市場","market_address":"臺北市中山區長安西路3 號","shop":"中山市場 一樓0026","pay_list":["台灣 PAY"],"zone":"北北基","user":"林秋萍","pay_tool":["行動支付"]},{"index":140,"id":30051902,"category":"夜市小吃/市場","city":"臺北市","area":"中山區","market_name":"中山市場","market_address":"臺北市中山區長安西路3 號","shop":"中山市場 一樓0027","pay_list":["台灣 PAY"],"zone":"北北基","user":"翁日火","pay_tool":["行動支付"]},{"index":141,"id":30051903,"category":"夜市小吃/市場","city":"臺北市","area":"中山區","market_name":"中山市場","market_address":"臺北市中山區長安西路3 號","shop":"中山市場 一樓0028","pay_list":["台灣 PAY"],"zone":"北北基","user":"廖寶桂(有證配攤)","pay_tool":["行動支付"]},{"index":142,"id":30051907,"category":"夜市小吃/市場","city":"臺北市","area":"中山區","market_name":"中山市場","market_address":"臺北市中山區長安西路3 號","shop":"中山市場 一樓0032","pay_list":["台灣 PAY"],"zone":"北北基","user":"葉興隆","pay_tool":["行動支付"]},{"index":143,"id":30051909,"category":"夜市小吃/市場","city":"臺北市","area":"中山區","market_name":"中山市場","market_address":"臺北市中山區長安西路3 號","shop":"中山市場 一樓0033","pay_list":["台灣 PAY"],"zone":"北北基","user":"李桂寶","pay_tool":["行動支付"]},{"index":144,"id":30051914,"category":"夜市小吃/市場","city":"臺北市","area":"中山區","market_name":"中山市場","market_address":"臺北市中山區長安西路3 號","shop":"中山市場 一樓0038","pay_list":["台灣 PAY"],"zone":"北北基","user":"王玉娟","pay_tool":["行動支付"]},{"index":145,"id":30051915,"category":"夜市小吃/市場","city":"臺北市","area":"中山區","market_name":"中山市場","market_address":"臺北市中山區長安西路3 號","shop":"中山市場 一樓0039","pay_list":["台灣 PAY"],"zone":"北北基","user":"王承聘(標租39號)","pay_tool":["行動支付"]},{"index":146,"id":30051918,"category":"夜市小吃/市場","city":"臺北市","area":"中山區","market_name":"中山市場","market_address":"臺北市中山區長安西路3 號","shop":"中山市場 一樓0042","pay_list":["台灣 PAY"],"zone":"北北基","user":"王炎生","pay_tool":["行動支付"]},{"index":147,"id":30051921,"category":"夜市小吃/市場","city":"臺北市","area":"中山區","market_name":"中山市場","market_address":"臺北市中山區長安西路3 號","shop":"中山市場 一樓0043","pay_list":["台灣 PAY"],"zone":"北北基","user":"周國鉉","pay_tool":["行動支付"]},{"index":148,"id":30051922,"category":"夜市小吃/市場","city":"臺北市","area":"中山區","market_name":"中山市場","market_address":"臺北市中山區長安西路3 號","shop":"中山市場 一樓0045","pay_list":["台灣 PAY"],"zone":"北北基","user":"侯天祿標租","pay_tool":["行動支付"]},{"index":149,"id":30051924,"category":"夜市小吃/市場","city":"臺北市","area":"中山區","market_name":"中山市場","market_address":"臺北市中山區長安西路3 號","shop":"中山市場 一樓0048","pay_list":["台灣 PAY"],"zone":"北北基","user":"王鈞輝標租","pay_tool":["行動支付"]},{"index":150,"id":30051925,"category":"夜市小吃/市場","city":"臺北市","area":"中山區","market_name":"中山市場","market_address":"臺北市中山區長安西路3 號","shop":"中山市場 一樓0049","pay_list":["台灣 PAY"],"zone":"北北基","user":"周清松","pay_tool":["行動支付"]},{"index":151,"id":30051926,"category":"夜市小吃/市場","city":"臺北市","area":"中山區","market_name":"中山市場","market_address":"臺北市中山區長安西路3 號","shop":"中山市場 一樓0050","pay_list":["台灣 PAY"],"zone":"北北基","user":"鄭有德","pay_tool":["行動支付"]},{"index":152,"id":30051927,"category":"夜市小吃/市場","city":"臺北市","area":"中山區","market_name":"中山市場","market_address":"臺北市中山區長安西路3 號","shop":"中山市場 一樓0051","pay_list":["台灣 PAY"],"zone":"北北基","user":"吳志濤","pay_tool":["行動支付"]},{"index":153,"id":30051928,"category":"夜市小吃/市場","city":"臺北市","area":"中山區","market_name":"中山市場","market_address":"臺北市中山區長安西路3 號","shop":"中山市場 一樓0052","pay_list":["台灣 PAY"],"zone":"北北基","user":"吳志濤標租","pay_tool":["行動支付"]},{"index":154,"id":30051929,"category":"夜市小吃/市場","city":"臺北市","area":"中山區","market_name":"中山市場","market_address":"臺北市中山區長安西路3 號","shop":"中山市場 一樓0053","pay_list":["台灣 PAY"],"zone":"北北基","user":"楊茜惠","pay_tool":["行動支付"]},{"index":155,"id":30051930,"category":"夜市小吃/市場","city":"臺北市","area":"中山區","market_name":"中山市場","market_address":"臺北市中山區長安西路3 號","shop":"中山市場 一樓0055","pay_list":["台灣 PAY"],"zone":"北北基","user":"楊茜惠標租","pay_tool":["行動支付"]},{"index":156,"id":30051932,"category":"夜市小吃/市場","city":"臺北市","area":"中山區","market_name":"中山市場","market_address":"臺北市中山區長安西路3 號","shop":"中山市場 一樓0056","pay_list":["台灣 PAY"],"zone":"北北基","user":"楊茜惠標租","pay_tool":["行動支付"]},{"index":157,"id":30051933,"category":"夜市小吃/市場","city":"臺北市","area":"中山區","market_name":"中山市場","market_address":"臺北市中山區長安西路3 號","shop":"中山市場 一樓0057","pay_list":["台灣 PAY"],"zone":"北北基","user":"宋觀宇","pay_tool":["行動支付"]},{"index":158,"id":30051934,"category":"夜市小吃/市場","city":"臺北市","area":"中山區","market_name":"中山市場","market_address":"臺北市中山區長安西路3 號","shop":"中山市場 一樓0059","pay_list":["台灣 PAY"],"zone":"北北基","user":"黃清祥","pay_tool":["行動支付"]},{"index":159,"id":30051939,"category":"夜市小吃/市場","city":"臺北市","area":"中山區","market_name":"中山市場","market_address":"臺北市中山區長安西路3 號","shop":"中山市場 一樓0065","pay_list":["台灣 PAY"],"zone":"北北基","user":"劉泰山","pay_tool":["行動支付"]},{"index":160,"id":30051940,"category":"夜市小吃/市場","city":"臺北市","area":"中山區","market_name":"中山市場","market_address":"臺北市中山區長安西路3 號","shop":"中山市場 一樓0066","pay_list":["台灣 PAY"],"zone":"北北基","user":"葉麗雪","pay_tool":["行動支付"]},{"index":161,"id":30051941,"category":"夜市小吃/市場","city":"臺北市","area":"中山區","market_name":"中山市場","market_address":"臺北市中山區長安西路3 號","shop":"中山市場 一樓0068","pay_list":["台灣 PAY"],"zone":"北北基","user":"呂明賢","pay_tool":["行動支付"]},{"index":162,"id":30051943,"category":"夜市小吃/市場","city":"臺北市","area":"中山區","market_name":"中山市場","market_address":"臺北市中山區長安西路3 號","shop":"中山市場 一樓0069","pay_list":["台灣 PAY"],"zone":"北北基","user":"呂美足","pay_tool":["行動支付"]},{"index":163,"id":30051944,"category":"夜市小吃/市場","city":"臺北市","area":"中山區","market_name":"中山市場","market_address":"臺北市中山區長安西路3 號","shop":"中山市場 一樓0070","pay_list":["台灣 PAY"],"zone":"北北基","user":"黃宣儀","pay_tool":["行動支付"]},{"index":164,"id":30051945,"category":"夜市小吃/市場","city":"臺北市","area":"中山區","market_name":"中山市場","market_address":"臺北市中山區長安西路3 號","shop":"中山市場 一樓0072","pay_list":["台灣 PAY"],"zone":"北北基","user":"黃炳彰","pay_tool":["行動支付"]},{"index":165,"id":30051948,"category":"夜市小吃/市場","city":"臺北市","area":"中山區","market_name":"中山市場","market_address":"臺北市中山區長安西路3 號","shop":"中山市場 一樓0078","pay_list":["台灣 PAY"],"zone":"北北基","user":"吳俊儀","pay_tool":["行動支付"]},{"index":166,"id":30051952,"category":"夜市小吃/市場","city":"臺北市","area":"中山區","market_name":"中山市場","market_address":"臺北市中山區長安西路3 號","shop":"中山市場 一樓0083","pay_list":["台灣 PAY"],"zone":"北北基","user":"黃宣儀(標租)","pay_tool":["行動支付"]},{"index":167,"id":30051954,"category":"夜市小吃/市場","city":"臺北市","area":"中山區","market_name":"中山市場","market_address":"臺北市中山區長安西路3 號","shop":"中山市場 一樓0084","pay_list":["台灣 PAY"],"zone":"北北基","user":"廖文信","pay_tool":["行動支付"]},{"index":168,"id":30051955,"category":"夜市小吃/市場","city":"臺北市","area":"中山區","market_name":"中山市場","market_address":"臺北市中山區長安西路3 號","shop":"中山市場 一樓0085","pay_list":["台灣 PAY"],"zone":"北北基","user":"李禮斌","pay_tool":["行動支付"]},{"index":169,"id":30051956,"category":"夜市小吃/市場","city":"臺北市","area":"中山區","market_name":"中山市場","market_address":"臺北市中山區長安西路3 號","shop":"中山市場 一樓0086","pay_list":["台灣 PAY"],"zone":"北北基","user":"李禮斌(標租)","pay_tool":["行動支付"]},{"index":170,"id":30051962,"category":"夜市小吃/市場","city":"臺北市","area":"中山區","market_name":"中山商場","market_address":"臺北市中山區中山北路一段110號","shop":"中山商場 0104","pay_list":["街口支付","LINE Pay Money"],"zone":"北北基","user":"陳玉池","pay_tool":["行動支付"]},{"index":171,"id":30051963,"category":"夜市小吃/市場","city":"臺北市","area":"中山區","market_name":"中山商場","market_address":"臺北市中山區中山北路一段110號","shop":"中山商場 0105","pay_list":["街口支付","LINE Pay Money"],"zone":"北北基","user":"謝依璇","pay_tool":["行動支付"]},{"index":172,"id":30051965,"category":"夜市小吃/市場","city":"臺北市","area":"中山區","market_name":"中山商場","market_address":"臺北市中山區中山北路一段110號","shop":"中山商場 0106","pay_list":["街口支付","LINE Pay Money"],"zone":"北北基","user":"陳昱齊","pay_tool":["行動支付"]},{"index":173,"id":30051969,"category":"夜市小吃/市場","city":"臺北市","area":"中山區","market_name":"中山商場","market_address":"臺北市中山區中山北路一段110號","shop":"中山商場 0110","pay_list":["街口支付","LINE Pay Money"],"zone":"北北基","user":"簡心君","pay_tool":["行動支付"]},{"index":174,"id":30051970,"category":"夜市小吃/市場","city":"臺北市","area":"中山區","market_name":"中山商場","market_address":"臺北市中山區中山北路一段110號","shop":"中山商場 0111","pay_list":["街口支付","LINE Pay Money"],"zone":"北北基","user":"陳品安","pay_tool":["行動支付"]},{"index":175,"id":30051971,"category":"夜市小吃/市場","city":"臺北市","area":"中山區","market_name":"中山商場","market_address":"臺北市中山區中山北路一段110號","shop":"中山商場 0112","pay_list":["街口支付","LINE Pay Money"],"zone":"北北基","user":"李鴻慶","pay_tool":["行動支付"]},{"index":176,"id":30051973,"category":"夜市小吃/市場","city":"臺北市","area":"中山區","market_name":"中山商場","market_address":"臺北市中山區中山北路一段110號","shop":"中山商場 0114","pay_list":["街口支付","LINE Pay Money"],"zone":"北北基","user":"陳嘉琪","pay_tool":["行動支付"]},{"index":177,"id":30051974,"category":"夜市小吃/市場","city":"臺北市","area":"中山區","market_name":"中山商場","market_address":"臺北市中山區中山北路一段110號","shop":"中山商場 0115","pay_list":["街口支付","LINE Pay Money"],"zone":"北北基","user":"陳玉倫","pay_tool":["行動支付"]},{"index":178,"id":30051976,"category":"夜市小吃/市場","city":"臺北市","area":"中山區","market_name":"中山商場","market_address":"臺北市中山區中山北路一段110號","shop":"中山商場 0116","pay_list":["街口支付","LINE Pay Money"],"zone":"北北基","user":"陳玉書","pay_tool":["行動支付"]},{"index":179,"id":30051978,"category":"夜市小吃/市場","city":"臺北市","area":"中山區","market_name":"中山商場","market_address":"臺北市中山區中山北路一段110號","shop":"中山商場 0118","pay_list":["街口支付","LINE Pay Money"],"zone":"北北基","user":"陳藍寶連","pay_tool":["行動支付"]},{"index":180,"id":30051979,"category":"夜市小吃/市場","city":"臺北市","area":"中山區","market_name":"中山商場","market_address":"臺北市中山區中山北路一段110號","shop":"中山商場 0119","pay_list":["街口支付","LINE Pay Money"],"zone":"北北基","user":"陳品學","pay_tool":["行動支付"]},{"index":181,"id":30051980,"category":"夜市小吃/市場","city":"臺北市","area":"中山區","market_name":"中山商場","market_address":"臺北市中山區中山北路一段110號","shop":"中山商場 0120","pay_list":["街口支付","LINE Pay Money"],"zone":"北北基","user":"陳嘉倩","pay_tool":["行動支付"]},{"index":182,"id":30051981,"category":"夜市小吃/市場","city":"臺北市","area":"中山區","market_name":"中山商場","market_address":"臺北市中山區中山北路一段110號","shop":"中山商場 0121","pay_list":["台灣 PAY"],"zone":"北北基","user":"倪杭生","pay_tool":["行動支付"]},{"index":183,"id":30051982,"category":"夜市小吃/市場","city":"臺北市","area":"中山區","market_name":"中山商場","market_address":"臺北市中山區中山北路一段110號","shop":"中山商場 0122","pay_list":["台灣 PAY"],"zone":"北北基","user":"倪成德","pay_tool":["行動支付"]},{"index":184,"id":30051983,"category":"夜市小吃/市場","city":"臺北市","area":"中山區","market_name":"中山商場","market_address":"臺北市中山區中山北路一段110號","shop":"中山商場 0123","pay_list":["台灣 PAY"],"zone":"北北基","user":"周家澤","pay_tool":["行動支付"]},{"index":185,"id":30051990,"category":"夜市小吃/市場","city":"臺北市","area":"中山區","market_name":"中山商場","market_address":"臺北市中山區中山北路一段110號","shop":"中山商場 0129","pay_list":["台灣 PAY"],"zone":"北北基","user":"倪匯鍾","pay_tool":["行動支付"]},{"index":186,"id":30051991,"category":"夜市小吃/市場","city":"臺北市","area":"中山區","market_name":"中山商場","market_address":"臺北市中山區中山北路一段110號","shop":"中山商場 0130","pay_list":["台灣 PAY"],"zone":"北北基","user":"倪再生","pay_tool":["行動支付"]},{"index":187,"id":30051992,"category":"夜市小吃/市場","city":"臺北市","area":"中山區","market_name":"中山商場","market_address":"臺北市中山區中山北路一段110號","shop":"中山商場 0131","pay_list":["台灣 PAY"],"zone":"北北基","user":"周育丞","pay_tool":["行動支付"]},{"index":188,"id":30051993,"category":"夜市小吃/市場","city":"臺北市","area":"中山區","market_name":"中山商場","market_address":"臺北市中山區中山北路一段110號","shop":"中山商場 0132","pay_list":["台灣 PAY"],"zone":"北北基","user":"費璣鈴","pay_tool":["行動支付"]},{"index":189,"id":30051999,"category":"夜市小吃/市場","city":"臺北市","area":"中山區","market_name":"中山商場","market_address":"臺北市中山區中山北路一段110號","shop":"中山商場 0137","pay_list":["台灣 PAY"],"zone":"北北基","user":"林倪菊琴","pay_tool":["行動支付"]},{"index":190,"id":30052000,"category":"夜市小吃/市場","city":"臺北市","area":"中山區","market_name":"中山商場","market_address":"臺北市中山區中山北路一段110號","shop":"中山商場 0138","pay_list":["台灣 PAY"],"zone":"北北基","user":"施柏嘉","pay_tool":["行動支付"]},{"index":191,"id":30052001,"category":"夜市小吃/市場","city":"臺北市","area":"中山區","market_name":"中山商場","market_address":"臺北市中山區中山北路一段110號","shop":"中山商場 0139","pay_list":["台灣 PAY"],"zone":"北北基","user":"周裴麗","pay_tool":["行動支付"]},{"index":192,"id":30052002,"category":"夜市小吃/市場","city":"臺北市","area":"中山區","market_name":"中山商場","market_address":"臺北市中山區中山北路一段110號","shop":"中山商場 0140","pay_list":["台灣 PAY"],"zone":"北北基","user":"費琦鈴","pay_tool":["行動支付"]},{"index":193,"id":30052003,"category":"夜市小吃/市場","city":"臺北市","area":"中山區","market_name":"中山商場","market_address":"臺北市中山區中山北路一段110號","shop":"中山商場 0141","pay_list":["台灣 PAY"],"zone":"北北基","user":"程維琪","pay_tool":["行動支付"]},{"index":194,"id":30052004,"category":"夜市小吃/市場","city":"臺北市","area":"中山區","market_name":"中山商場","market_address":"臺北市中山區中山北路一段110號","shop":"中山商場 0142","pay_list":["台灣 PAY"],"zone":"北北基","user":"彭政國","pay_tool":["行動支付"]},{"index":195,"id":30052005,"category":"夜市小吃/市場","city":"臺北市","area":"中山區","market_name":"中山商場","market_address":"臺北市中山區中山北路一段110號","shop":"中山商場 0143","pay_list":["台灣 PAY"],"zone":"北北基","user":"倪瑪麗","pay_tool":["行動支付"]},{"index":196,"id":30052006,"category":"夜市小吃/市場","city":"臺北市","area":"中山區","market_name":"中山商場","market_address":"臺北市中山區中山北路一段110號","shop":"中山商場 0144","pay_list":["台灣 PAY"],"zone":"北北基","user":"倪成勳","pay_tool":["行動支付"]},{"index":197,"id":30052007,"category":"夜市小吃/市場","city":"臺北市","area":"中山區","market_name":"中山商場","market_address":"臺北市中山區中山北路一段110號","shop":"中山商場 0145","pay_list":["台灣 PAY"],"zone":"北北基","user":"周凱麗","pay_tool":["行動支付"]},{"index":198,"id":30052009,"category":"夜市小吃/市場","city":"臺北市","area":"中山區","market_name":"中山商場","market_address":"臺北市中山區中山北路一段110號","shop":"中山商場 0146","pay_list":["台灣 PAY"],"zone":"北北基","user":"周樺榮","pay_tool":["行動支付"]},{"index":199,"id":30052010,"category":"夜市小吃/市場","city":"臺北市","area":"中山區","market_name":"中山商場","market_address":"臺北市中山區中山北路一段110號","shop":"中山商場 0147","pay_list":["台灣 PAY"],"zone":"北北基","user":"彭美珠","pay_tool":["行動支付"]},{"index":200,"id":30052011,"category":"夜市小吃/市場","city":"臺北市","area":"中山區","market_name":"中山商場","market_address":"臺北市中山區中山北路一段110號","shop":"中山商場 0148","pay_list":["台灣 PAY"],"zone":"北北基","user":"彭定國","pay_tool":["行動支付"]}]