[{"index":1,"id":30034072,"category":"夜市小吃/市場","city":"新北市","area":"蘆洲區","market_name":"永平公有零售市場","market_address":"新北市蘆洲區永平街1號","shop":"永平公有零售市場 無","pay_list":["台灣 PAY"],"zone":"北北基","user":"陳吳?鳳","pay_tool":["行動支付"]},{"index":2,"id":30034073,"category":"夜市小吃/市場","city":"新北市","area":"蘆洲區","market_name":"永平公有零售市場","market_address":"新北市蘆洲區永平街1號","shop":"永平公有零售市場 ?鳳生鮮蔬果行","pay_list":["台灣 PAY"],"zone":"北北基","user":"陳雅雀","pay_tool":["行動支付"]},{"index":3,"id":30034833,"category":"夜市小吃/市場","city":"新北市","area":"蘆洲區","market_name":"蘆洲公有零售市場","market_address":"新北市蘆洲區成功路160號","shop":"蘆洲公有零售市場 無","pay_list":["歐付寶"],"zone":"北北基","user":"李恩","pay_tool":["行動支付"]},{"index":4,"id":30034835,"category":"夜市小吃/市場","city":"新北市","area":"蘆洲區","market_name":"蘆洲公有零售市場","market_address":"新北市蘆洲區成功路160號","shop":"蘆洲公有零售市場 蘆洲四口","pay_list":["台灣 PAY"],"zone":"北北基","user":"吳瑾蓉","pay_tool":["行動支付"]},{"index":5,"id":30034841,"category":"夜市小吃/市場","city":"新北市","area":"蘆洲區","market_name":"蘆洲公有零售市場","market_address":"新北市蘆洲區成功路160號","shop":"蘆洲公有零售市場 祥古早味自助水冰","pay_list":["台灣 PAY"],"zone":"北北基","user":"李錦祥","pay_tool":["行動支付"]},{"index":6,"id":30034843,"category":"夜市小吃/市場","city":"新北市","area":"蘆洲區","market_name":"蘆洲公有零售市場","market_address":"新北市蘆洲區成功路160號","shop":"蘆洲公有零售市場 佳興燒臘小火鍋","pay_list":["台灣 PAY"],"zone":"北北基","user":"王善英","pay_tool":["行動支付"]}]