[{"index":1,"id":10027325,"user":"潘家興","shop":"北勢寮公有零售市場-1","category":"夜市/市場攤販","zone":"高屏","city":"屏東縣","area":"枋寮鄉","market_name":"北勢寮公有零售市場","market_address":"屏東縣枋寮鄉安樂村安樂路6號","pay_list":"","pay_tool":"","行業代號":null,"行業代號1":null,"名稱1":null,"行業代號2":null,"名稱2":null,"行業代號3":null,"名稱3":null},{"index":2,"id":10027336,"user":"鄭玉嬌","shop":"北勢寮公有零售市場-2","category":"夜市/市場攤販","zone":"高屏","city":"屏東縣","area":"枋寮鄉","market_name":"北勢寮公有零售市場","market_address":"屏東縣枋寮鄉安樂村安樂路6號","pay_list":"","pay_tool":"","行業代號":null,"行業代號1":null,"名稱1":null,"行業代號2":null,"名稱2":null,"行業代號3":null,"名稱3":null},{"index":3,"id":10027347,"user":"吳崇雄","shop":"北勢寮公有零售市場-3","category":"夜市/市場攤販","zone":"高屏","city":"屏東縣","area":"枋寮鄉","market_name":"北勢寮公有零售市場","market_address":"屏東縣枋寮鄉安樂村安樂路6號","pay_list":"","pay_tool":"","行業代號":null,"行業代號1":null,"名稱1":null,"行業代號2":null,"名稱2":null,"行業代號3":null,"名稱3":null},{"index":4,"id":10027358,"user":"柯順彬","shop":"北勢寮公有零售市場-5","category":"夜市/市場攤販","zone":"高屏","city":"屏東縣","area":"枋寮鄉","market_name":"北勢寮公有零售市場","market_address":"屏東縣枋寮鄉安樂村安樂路6號","pay_list":"","pay_tool":"","行業代號":null,"行業代號1":null,"名稱1":null,"行業代號2":null,"名稱2":null,"行業代號3":null,"名稱3":null},{"index":5,"id":10027369,"user":"阮林省","shop":"北勢寮公有零售市場-6","category":"夜市/市場攤販","zone":"高屏","city":"屏東縣","area":"枋寮鄉","market_name":"北勢寮公有零售市場","market_address":"屏東縣枋寮鄉安樂村安樂路6號","pay_list":"","pay_tool":"","行業代號":null,"行業代號1":null,"名稱1":null,"行業代號2":null,"名稱2":null,"行業代號3":null,"名稱3":null},{"index":6,"id":10027381,"user":"江?球","shop":"北勢寮公有零售市場-7","category":"夜市/市場攤販","zone":"高屏","city":"屏東縣","area":"枋寮鄉","market_name":"北勢寮公有零售市場","market_address":"屏東縣枋寮鄉安樂村安樂路6號","pay_list":"","pay_tool":"","行業代號":null,"行業代號1":null,"名稱1":null,"行業代號2":null,"名稱2":null,"行業代號3":null,"名稱3":null},{"index":7,"id":10027392,"user":"楊千儀","shop":"北勢寮公有零售市場-8","category":"夜市/市場攤販","zone":"高屏","city":"屏東縣","area":"枋寮鄉","market_name":"北勢寮公有零售市場","market_address":"屏東縣枋寮鄉安樂村安樂路6號","pay_list":"","pay_tool":"","行業代號":null,"行業代號1":null,"名稱1":null,"行業代號2":null,"名稱2":null,"行業代號3":null,"名稱3":null},{"index":8,"id":10027403,"user":"楊晉福","shop":"北勢寮公有零售市場-9","category":"夜市/市場攤販","zone":"高屏","city":"屏東縣","area":"枋寮鄉","market_name":"北勢寮公有零售市場","market_address":"屏東縣枋寮鄉安樂村安樂路6號","pay_list":"","pay_tool":"","行業代號":null,"行業代號1":null,"名稱1":null,"行業代號2":null,"名稱2":null,"行業代號3":null,"名稱3":null},{"index":9,"id":10027414,"user":"許新棋","shop":"北勢寮公有零售市場-10","category":"夜市/市場攤販","zone":"高屏","city":"屏東縣","area":"枋寮鄉","market_name":"北勢寮公有零售市場","market_address":"屏東縣枋寮鄉安樂村安樂路6號","pay_list":"","pay_tool":"","行業代號":null,"行業代號1":null,"名稱1":null,"行業代號2":null,"名稱2":null,"行業代號3":null,"名稱3":null},{"index":10,"id":10027425,"user":"葉未英","shop":"北勢寮公有零售市場-11","category":"夜市/市場攤販","zone":"高屏","city":"屏東縣","area":"枋寮鄉","market_name":"北勢寮公有零售市場","market_address":"屏東縣枋寮鄉安樂村安樂路6號","pay_list":"","pay_tool":"","行業代號":null,"行業代號1":null,"名稱1":null,"行業代號2":null,"名稱2":null,"行業代號3":null,"名稱3":null},{"index":11,"id":10027436,"user":"江明清","shop":"北勢寮公有零售市場-12","category":"夜市/市場攤販","zone":"高屏","city":"屏東縣","area":"枋寮鄉","market_name":"北勢寮公有零售市場","market_address":"屏東縣枋寮鄉安樂村安樂路6號","pay_list":"","pay_tool":"","行業代號":null,"行業代號1":null,"名稱1":null,"行業代號2":null,"名稱2":null,"行業代號3":null,"名稱3":null},{"index":12,"id":10027447,"user":"王清河","shop":"北勢寮公有零售市場-13","category":"夜市/市場攤販","zone":"高屏","city":"屏東縣","area":"枋寮鄉","market_name":"北勢寮公有零售市場","market_address":"屏東縣枋寮鄉安樂村安樂路6號","pay_list":"","pay_tool":"","行業代號":null,"行業代號1":null,"名稱1":null,"行業代號2":null,"名稱2":null,"行業代號3":null,"名稱3":null},{"index":13,"id":10027458,"user":"李美其","shop":"北勢寮公有零售市場-14","category":"夜市/市場攤販","zone":"高屏","city":"屏東縣","area":"枋寮鄉","market_name":"北勢寮公有零售市場","market_address":"屏東縣枋寮鄉安樂村安樂路6號","pay_list":"","pay_tool":"","行業代號":null,"行業代號1":null,"名稱1":null,"行業代號2":null,"名稱2":null,"行業代號3":null,"名稱3":null},{"index":14,"id":10027469,"user":"李翎禎","shop":"北勢寮公有零售市場-15","category":"夜市/市場攤販","zone":"高屏","city":"屏東縣","area":"枋寮鄉","market_name":"北勢寮公有零售市場","market_address":"屏東縣枋寮鄉安樂村安樂路6號","pay_list":"","pay_tool":"","行業代號":null,"行業代號1":null,"名稱1":null,"行業代號2":null,"名稱2":null,"行業代號3":null,"名稱3":null},{"index":15,"id":10027480,"user":"陳俊男","shop":"北勢寮公有零售市場-16","category":"夜市/市場攤販","zone":"高屏","city":"屏東縣","area":"枋寮鄉","market_name":"北勢寮公有零售市場","market_address":"屏東縣枋寮鄉安樂村安樂路6號","pay_list":"","pay_tool":"","行業代號":null,"行業代號1":null,"名稱1":null,"行業代號2":null,"名稱2":null,"行業代號3":null,"名稱3":null},{"index":16,"id":10027493,"user":"黃建銘","shop":"北勢寮公有零售市場-17","category":"夜市/市場攤販","zone":"高屏","city":"屏東縣","area":"枋寮鄉","market_name":"北勢寮公有零售市場","market_address":"屏東縣枋寮鄉安樂村安樂路6號","pay_list":"","pay_tool":"","行業代號":null,"行業代號1":null,"名稱1":null,"行業代號2":null,"名稱2":null,"行業代號3":null,"名稱3":null},{"index":17,"id":10027504,"user":"蘇陳錦絨","shop":"北勢寮公有零售市場-18","category":"夜市/市場攤販","zone":"高屏","city":"屏東縣","area":"枋寮鄉","market_name":"北勢寮公有零售市場","market_address":"屏東縣枋寮鄉安樂村安樂路6號","pay_list":"","pay_tool":"","行業代號":null,"行業代號1":null,"名稱1":null,"行業代號2":null,"名稱2":null,"行業代號3":null,"名稱3":null},{"index":18,"id":10027515,"user":"蘇俊青","shop":"北勢寮公有零售市場-19","category":"夜市/市場攤販","zone":"高屏","city":"屏東縣","area":"枋寮鄉","market_name":"北勢寮公有零售市場","market_address":"屏東縣枋寮鄉安樂村安樂路6號","pay_list":"","pay_tool":"","行業代號":null,"行業代號1":null,"名稱1":null,"行業代號2":null,"名稱2":null,"行業代號3":null,"名稱3":null},{"index":19,"id":10027526,"user":"陳清標","shop":"北勢寮公有零售市場-20","category":"夜市/市場攤販","zone":"高屏","city":"屏東縣","area":"枋寮鄉","market_name":"北勢寮公有零售市場","market_address":"屏東縣枋寮鄉安樂村安樂路6號","pay_list":"","pay_tool":"","行業代號":null,"行業代號1":null,"名稱1":null,"行業代號2":null,"名稱2":null,"行業代號3":null,"名稱3":null},{"index":20,"id":10027537,"user":"陳麗玉","shop":"北勢寮公有零售市場-21","category":"夜市/市場攤販","zone":"高屏","city":"屏東縣","area":"枋寮鄉","market_name":"北勢寮公有零售市場","market_address":"屏東縣枋寮鄉安樂村安樂路6號","pay_list":"","pay_tool":"","行業代號":null,"行業代號1":null,"名稱1":null,"行業代號2":null,"名稱2":null,"行業代號3":null,"名稱3":null},{"index":21,"id":10027548,"user":"林孟君","shop":"北勢寮公有零售市場-23","category":"夜市/市場攤販","zone":"高屏","city":"屏東縣","area":"枋寮鄉","market_name":"北勢寮公有零售市場","market_address":"屏東縣枋寮鄉安樂村安樂路6號","pay_list":"","pay_tool":"","行業代號":null,"行業代號1":null,"名稱1":null,"行業代號2":null,"名稱2":null,"行業代號3":null,"名稱3":null},{"index":22,"id":10027559,"user":"徐家欣","shop":"北勢寮公有零售市場-24","category":"夜市/市場攤販","zone":"高屏","city":"屏東縣","area":"枋寮鄉","market_name":"北勢寮公有零售市場","market_address":"屏東縣枋寮鄉安樂村安樂路6號","pay_list":"","pay_tool":"","行業代號":null,"行業代號1":null,"名稱1":null,"行業代號2":null,"名稱2":null,"行業代號3":null,"名稱3":null},{"index":23,"id":10027570,"user":"楊木旬","shop":"北勢寮公有零售市場-25","category":"夜市/市場攤販","zone":"高屏","city":"屏東縣","area":"枋寮鄉","market_name":"北勢寮公有零售市場","market_address":"屏東縣枋寮鄉安樂村安樂路6號","pay_list":"","pay_tool":"","行業代號":null,"行業代號1":null,"名稱1":null,"行業代號2":null,"名稱2":null,"行業代號3":null,"名稱3":null},{"index":24,"id":10027581,"user":"李瓊美","shop":"北勢寮公有零售市場-26","category":"夜市/市場攤販","zone":"高屏","city":"屏東縣","area":"枋寮鄉","market_name":"北勢寮公有零售市場","market_address":"屏東縣枋寮鄉安樂村安樂路6號","pay_list":"","pay_tool":"","行業代號":null,"行業代號1":null,"名稱1":null,"行業代號2":null,"名稱2":null,"行業代號3":null,"名稱3":null},{"index":25,"id":10027592,"user":"陳錦文","shop":"北勢寮公有零售市場-27","category":"夜市/市場攤販","zone":"高屏","city":"屏東縣","area":"枋寮鄉","market_name":"北勢寮公有零售市場","market_address":"屏東縣枋寮鄉安樂村安樂路6號","pay_list":"","pay_tool":"","行業代號":null,"行業代號1":null,"名稱1":null,"行業代號2":null,"名稱2":null,"行業代號3":null,"名稱3":null},{"index":26,"id":10027604,"user":"吳昇恩","shop":"北勢寮公有零售市場-28","category":"夜市/市場攤販","zone":"高屏","city":"屏東縣","area":"枋寮鄉","market_name":"北勢寮公有零售市場","market_address":"屏東縣枋寮鄉安樂村安樂路6號","pay_list":"","pay_tool":"","行業代號":null,"行業代號1":null,"名稱1":null,"行業代號2":null,"名稱2":null,"行業代號3":null,"名稱3":null},{"index":27,"id":10027615,"user":"吳昇典","shop":"北勢寮公有零售市場-29","category":"夜市/市場攤販","zone":"高屏","city":"屏東縣","area":"枋寮鄉","market_name":"北勢寮公有零售市場","market_address":"屏東縣枋寮鄉安樂村安樂路6號","pay_list":"","pay_tool":"","行業代號":null,"行業代號1":null,"名稱1":null,"行業代號2":null,"名稱2":null,"行業代號3":null,"名稱3":null},{"index":28,"id":10027626,"user":"吳昇育","shop":"北勢寮公有零售市場-30","category":"夜市/市場攤販","zone":"高屏","city":"屏東縣","area":"枋寮鄉","market_name":"北勢寮公有零售市場","market_address":"屏東縣枋寮鄉安樂村安樂路6號","pay_list":"","pay_tool":"","行業代號":null,"行業代號1":null,"名稱1":null,"行業代號2":null,"名稱2":null,"行業代號3":null,"名稱3":null},{"index":29,"id":10027637,"user":"楊昭純","shop":"北勢寮公有零售市場-31","category":"夜市/市場攤販","zone":"高屏","city":"屏東縣","area":"枋寮鄉","market_name":"北勢寮公有零售市場","market_address":"屏東縣枋寮鄉安樂村安樂路6號","pay_list":"","pay_tool":"","行業代號":null,"行業代號1":null,"名稱1":null,"行業代號2":null,"名稱2":null,"行業代號3":null,"名稱3":null},{"index":30,"id":10027648,"user":"蔡孝成","shop":"北勢寮公有零售市場-32","category":"夜市/市場攤販","zone":"高屏","city":"屏東縣","area":"枋寮鄉","market_name":"北勢寮公有零售市場","market_address":"屏東縣枋寮鄉安樂村安樂路6號","pay_list":"","pay_tool":"","行業代號":null,"行業代號1":null,"名稱1":null,"行業代號2":null,"名稱2":null,"行業代號3":null,"名稱3":null},{"index":31,"id":10027659,"user":"陳思婷","shop":"北勢寮公有零售市場-33","category":"夜市/市場攤販","zone":"高屏","city":"屏東縣","area":"枋寮鄉","market_name":"北勢寮公有零售市場","market_address":"屏東縣枋寮鄉安樂村安樂路6號","pay_list":"","pay_tool":"","行業代號":null,"行業代號1":null,"名稱1":null,"行業代號2":null,"名稱2":null,"行業代號3":null,"名稱3":null},{"index":32,"id":10027670,"user":"趙立溱","shop":"北勢寮公有零售市場-34","category":"夜市/市場攤販","zone":"高屏","city":"屏東縣","area":"枋寮鄉","market_name":"北勢寮公有零售市場","market_address":"屏東縣枋寮鄉安樂村安樂路6號","pay_list":"","pay_tool":"","行業代號":null,"行業代號1":null,"名稱1":null,"行業代號2":null,"名稱2":null,"行業代號3":null,"名稱3":null},{"index":33,"id":10027681,"user":"陳桐億","shop":"北勢寮公有零售市場-35","category":"夜市/市場攤販","zone":"高屏","city":"屏東縣","area":"枋寮鄉","market_name":"北勢寮公有零售市場","market_address":"屏東縣枋寮鄉安樂村安樂路6號","pay_list":"","pay_tool":"","行業代號":null,"行業代號1":null,"名稱1":null,"行業代號2":null,"名稱2":null,"行業代號3":null,"名稱3":null},{"index":34,"id":10027692,"user":"陳昱伶","shop":"北勢寮公有零售市場-36","category":"夜市/市場攤販","zone":"高屏","city":"屏東縣","area":"枋寮鄉","market_name":"北勢寮公有零售市場","market_address":"屏東縣枋寮鄉安樂村安樂路6號","pay_list":"","pay_tool":"","行業代號":null,"行業代號1":null,"名稱1":null,"行業代號2":null,"名稱2":null,"行業代號3":null,"名稱3":null},{"index":35,"id":10027703,"user":"高素貞","shop":"北勢寮公有零售市場-37","category":"夜市/市場攤販","zone":"高屏","city":"屏東縣","area":"枋寮鄉","market_name":"北勢寮公有零售市場","market_address":"屏東縣枋寮鄉安樂村安樂路6號","pay_list":"","pay_tool":"","行業代號":null,"行業代號1":null,"名稱1":null,"行業代號2":null,"名稱2":null,"行業代號3":null,"名稱3":null},{"index":36,"id":10027715,"user":"楊云霈","shop":"北勢寮公有零售市場-38","category":"夜市/市場攤販","zone":"高屏","city":"屏東縣","area":"枋寮鄉","market_name":"北勢寮公有零售市場","market_address":"屏東縣枋寮鄉安樂村安樂路6號","pay_list":"","pay_tool":"","行業代號":null,"行業代號1":null,"名稱1":null,"行業代號2":null,"名稱2":null,"行業代號3":null,"名稱3":null},{"index":37,"id":10027726,"user":"楊昌翰","shop":"北勢寮公有零售市場-39","category":"夜市/市場攤販","zone":"高屏","city":"屏東縣","area":"枋寮鄉","market_name":"北勢寮公有零售市場","market_address":"屏東縣枋寮鄉安樂村安樂路6號","pay_list":"","pay_tool":"","行業代號":null,"行業代號1":null,"名稱1":null,"行業代號2":null,"名稱2":null,"行業代號3":null,"名稱3":null},{"index":38,"id":10027737,"user":"黃士賢","shop":"北勢寮公有零售市場-40","category":"夜市/市場攤販","zone":"高屏","city":"屏東縣","area":"枋寮鄉","market_name":"北勢寮公有零售市場","market_address":"屏東縣枋寮鄉安樂村安樂路6號","pay_list":"","pay_tool":"","行業代號":null,"行業代號1":null,"名稱1":null,"行業代號2":null,"名稱2":null,"行業代號3":null,"名稱3":null},{"index":39,"id":10027748,"user":"楊宗志","shop":"北勢寮公有零售市場-41","category":"夜市/市場攤販","zone":"高屏","city":"屏東縣","area":"枋寮鄉","market_name":"北勢寮公有零售市場","market_address":"屏東縣枋寮鄉安樂村安樂路6號","pay_list":"","pay_tool":"","行業代號":null,"行業代號1":null,"名稱1":null,"行業代號2":null,"名稱2":null,"行業代號3":null,"名稱3":null},{"index":40,"id":10027759,"user":"施季李","shop":"北勢寮公有零售市場-42","category":"夜市/市場攤販","zone":"高屏","city":"屏東縣","area":"枋寮鄉","market_name":"北勢寮公有零售市場","market_address":"屏東縣枋寮鄉安樂村安樂路6號","pay_list":"","pay_tool":"","行業代號":null,"行業代號1":null,"名稱1":null,"行業代號2":null,"名稱2":null,"行業代號3":null,"名稱3":null},{"index":41,"id":10027770,"user":"陳曉慧","shop":"北勢寮公有零售市場-43","category":"夜市/市場攤販","zone":"高屏","city":"屏東縣","area":"枋寮鄉","market_name":"北勢寮公有零售市場","market_address":"屏東縣枋寮鄉安樂村安樂路6號","pay_list":"","pay_tool":"","行業代號":null,"行業代號1":null,"名稱1":null,"行業代號2":null,"名稱2":null,"行業代號3":null,"名稱3":null},{"index":42,"id":10027781,"user":"陳宥任","shop":"北勢寮公有零售市場-44","category":"夜市/市場攤販","zone":"高屏","city":"屏東縣","area":"枋寮鄉","market_name":"北勢寮公有零售市場","market_address":"屏東縣枋寮鄉安樂村安樂路6號","pay_list":"","pay_tool":"","行業代號":null,"行業代號1":null,"名稱1":null,"行業代號2":null,"名稱2":null,"行業代號3":null,"名稱3":null},{"index":43,"id":10027792,"user":"林仙化","shop":"東海公有零售市場-6","category":"夜市/市場攤販","zone":"高屏","city":"屏東縣","area":"枋寮鄉","market_name":"東海公有零售市場","market_address":"屏東縣枋寮鄉東海村東林路741號","pay_list":"","pay_tool":"","行業代號":null,"行業代號1":null,"名稱1":null,"行業代號2":null,"名稱2":null,"行業代號3":null,"名稱3":null},{"index":44,"id":10027803,"user":"殷清鳳","shop":"東海公有零售市場-11","category":"夜市/市場攤販","zone":"高屏","city":"屏東縣","area":"枋寮鄉","market_name":"東海公有零售市場","market_address":"屏東縣枋寮鄉東海村東林路741號","pay_list":"","pay_tool":"","行業代號":null,"行業代號1":null,"名稱1":null,"行業代號2":null,"名稱2":null,"行業代號3":null,"名稱3":null},{"index":45,"id":10027814,"user":"張傅秀鳳","shop":"東海公有零售市場-12","category":"夜市/市場攤販","zone":"高屏","city":"屏東縣","area":"枋寮鄉","market_name":"東海公有零售市場","market_address":"屏東縣枋寮鄉東海村東林路741號","pay_list":"","pay_tool":"","行業代號":null,"行業代號1":null,"名稱1":null,"行業代號2":null,"名稱2":null,"行業代號3":null,"名稱3":null},{"index":46,"id":10027826,"user":"蘇進丁","shop":"東海公有零售市場-13","category":"夜市/市場攤販","zone":"高屏","city":"屏東縣","area":"枋寮鄉","market_name":"東海公有零售市場","market_address":"屏東縣枋寮鄉東海村東林路741號","pay_list":"","pay_tool":"","行業代號":null,"行業代號1":null,"名稱1":null,"行業代號2":null,"名稱2":null,"行業代號3":null,"名稱3":null},{"index":47,"id":10027837,"user":"蘇林秀珀","shop":"東海公有零售市場-14","category":"夜市/市場攤販","zone":"高屏","city":"屏東縣","area":"枋寮鄉","market_name":"東海公有零售市場","market_address":"屏東縣枋寮鄉東海村東林路741號","pay_list":"","pay_tool":"","行業代號":null,"行業代號1":null,"名稱1":null,"行業代號2":null,"名稱2":null,"行業代號3":null,"名稱3":null},{"index":48,"id":10027848,"user":"方群仁","shop":"建興公有零售市場-3","category":"夜市/市場攤販","zone":"高屏","city":"屏東縣","area":"枋寮鄉","market_name":"建興公有零售市場","market_address":"屏東縣枋寮鄉天時村市場街64巷26-1號","pay_list":"","pay_tool":"","行業代號":null,"行業代號1":null,"名稱1":null,"行業代號2":null,"名稱2":null,"行業代號3":null,"名稱3":null},{"index":49,"id":10027859,"user":"林淑容","shop":"建興公有零售市場-7","category":"夜市/市場攤販","zone":"高屏","city":"屏東縣","area":"枋寮鄉","market_name":"建興公有零售市場","market_address":"屏東縣枋寮鄉天時村市場街64巷26-1號","pay_list":"","pay_tool":"","行業代號":null,"行業代號1":null,"名稱1":null,"行業代號2":null,"名稱2":null,"行業代號3":null,"名稱3":null},{"index":50,"id":10027870,"user":"蕭金針","shop":"建興公有零售市場-9","category":"夜市/市場攤販","zone":"高屏","city":"屏東縣","area":"枋寮鄉","market_name":"建興公有零售市場","market_address":"屏東縣枋寮鄉天時村市場街64巷26-1號","pay_list":"","pay_tool":"","行業代號":null,"行業代號1":null,"名稱1":null,"行業代號2":null,"名稱2":null,"行業代號3":null,"名稱3":null},{"index":51,"id":10027881,"user":"蔡玉燦","shop":"建興公有零售市場-12","category":"夜市/市場攤販","zone":"高屏","city":"屏東縣","area":"枋寮鄉","market_name":"建興公有零售市場","market_address":"屏東縣枋寮鄉天時村市場街64巷26-1號","pay_list":"","pay_tool":"","行業代號":null,"行業代號1":null,"名稱1":null,"行業代號2":null,"名稱2":null,"行業代號3":null,"名稱3":null},{"index":52,"id":10027892,"user":"方鄭金花","shop":"建興公有零售市場-16","category":"夜市/市場攤販","zone":"高屏","city":"屏東縣","area":"枋寮鄉","market_name":"建興公有零售市場","market_address":"屏東縣枋寮鄉天時村市場街64巷26-1號","pay_list":"","pay_tool":"","行業代號":null,"行業代號1":null,"名稱1":null,"行業代號2":null,"名稱2":null,"行業代號3":null,"名稱3":null},{"index":53,"id":10027903,"user":"尤德昌","shop":"建興公有零售市場-18","category":"夜市/市場攤販","zone":"高屏","city":"屏東縣","area":"枋寮鄉","market_name":"建興公有零售市場","market_address":"屏東縣枋寮鄉天時村市場街64巷26-1號","pay_list":"","pay_tool":"","行業代號":null,"行業代號1":null,"名稱1":null,"行業代號2":null,"名稱2":null,"行業代號3":null,"名稱3":null},{"index":54,"id":10027914,"user":"楊錦泉","shop":"建興公有零售市場-19","category":"夜市/市場攤販","zone":"高屏","city":"屏東縣","area":"枋寮鄉","market_name":"建興公有零售市場","market_address":"屏東縣枋寮鄉天時村市場街64巷26-1號","pay_list":"","pay_tool":"","行業代號":null,"行業代號1":null,"名稱1":null,"行業代號2":null,"名稱2":null,"行業代號3":null,"名稱3":null},{"index":55,"id":10027925,"user":"姚宗明","shop":"建興公有零售市場-20","category":"夜市/市場攤販","zone":"高屏","city":"屏東縣","area":"枋寮鄉","market_name":"建興公有零售市場","market_address":"屏東縣枋寮鄉天時村市場街64巷26-1號","pay_list":"","pay_tool":"","行業代號":null,"行業代號1":null,"名稱1":null,"行業代號2":null,"名稱2":null,"行業代號3":null,"名稱3":null},{"index":56,"id":10027937,"user":"鄭宜貞","shop":"建興公有零售市場-21","category":"夜市/市場攤販","zone":"高屏","city":"屏東縣","area":"枋寮鄉","market_name":"建興公有零售市場","market_address":"屏東縣枋寮鄉天時村市場街64巷26-1號","pay_list":"","pay_tool":"","行業代號":null,"行業代號1":null,"名稱1":null,"行業代號2":null,"名稱2":null,"行業代號3":null,"名稱3":null},{"index":57,"id":10027948,"user":"陳花娥","shop":"建興公有零售市場-22","category":"夜市/市場攤販","zone":"高屏","city":"屏東縣","area":"枋寮鄉","market_name":"建興公有零售市場","market_address":"屏東縣枋寮鄉天時村市場街64巷26-1號","pay_list":"","pay_tool":"","行業代號":null,"行業代號1":null,"名稱1":null,"行業代號2":null,"名稱2":null,"行業代號3":null,"名稱3":null},{"index":58,"id":10027959,"user":"黃福順","shop":"建興公有零售市場-23","category":"夜市/市場攤販","zone":"高屏","city":"屏東縣","area":"枋寮鄉","market_name":"建興公有零售市場","market_address":"屏東縣枋寮鄉天時村市場街64巷26-1號","pay_list":"","pay_tool":"","行業代號":null,"行業代號1":null,"名稱1":null,"行業代號2":null,"名稱2":null,"行業代號3":null,"名稱3":null},{"index":59,"id":10027970,"user":"鄭錦珍","shop":"建興公有零售市場-24","category":"夜市/市場攤販","zone":"高屏","city":"屏東縣","area":"枋寮鄉","market_name":"建興公有零售市場","market_address":"屏東縣枋寮鄉天時村市場街64巷26-1號","pay_list":"","pay_tool":"","行業代號":null,"行業代號1":null,"名稱1":null,"行業代號2":null,"名稱2":null,"行業代號3":null,"名稱3":null},{"index":60,"id":10027981,"user":"鄭玉梅","shop":"建興公有零售市場-25","category":"夜市/市場攤販","zone":"高屏","city":"屏東縣","area":"枋寮鄉","market_name":"建興公有零售市場","market_address":"屏東縣枋寮鄉天時村市場街64巷26-1號","pay_list":"","pay_tool":"","行業代號":null,"行業代號1":null,"名稱1":null,"行業代號2":null,"名稱2":null,"行業代號3":null,"名稱3":null},{"index":61,"id":10027992,"user":"何瑞香","shop":"建興公有零售市場-26","category":"夜市/市場攤販","zone":"高屏","city":"屏東縣","area":"枋寮鄉","market_name":"建興公有零售市場","market_address":"屏東縣枋寮鄉天時村市場街64巷26-1號","pay_list":"","pay_tool":"","行業代號":null,"行業代號1":null,"名稱1":null,"行業代號2":null,"名稱2":null,"行業代號3":null,"名稱3":null},{"index":62,"id":10028003,"user":"林瑞三","shop":"建興公有零售市場-27","category":"夜市/市場攤販","zone":"高屏","city":"屏東縣","area":"枋寮鄉","market_name":"建興公有零售市場","market_address":"屏東縣枋寮鄉天時村市場街64巷26-1號","pay_list":"","pay_tool":"","行業代號":null,"行業代號1":null,"名稱1":null,"行業代號2":null,"名稱2":null,"行業代號3":null,"名稱3":null},{"index":63,"id":10028014,"user":"姚雅惠","shop":"建興公有零售市場-28","category":"夜市/市場攤販","zone":"高屏","city":"屏東縣","area":"枋寮鄉","market_name":"建興公有零售市場","market_address":"屏東縣枋寮鄉天時村市場街64巷26-1號","pay_list":"","pay_tool":"","行業代號":null,"行業代號1":null,"名稱1":null,"行業代號2":null,"名稱2":null,"行業代號3":null,"名稱3":null},{"index":64,"id":10028025,"user":"李洪敏","shop":"建興公有零售市場-29","category":"夜市/市場攤販","zone":"高屏","city":"屏東縣","area":"枋寮鄉","market_name":"建興公有零售市場","market_address":"屏東縣枋寮鄉天時村市場街64巷26-1號","pay_list":"","pay_tool":"","行業代號":null,"行業代號1":null,"名稱1":null,"行業代號2":null,"名稱2":null,"行業代號3":null,"名稱3":null},{"index":65,"id":10028036,"user":"王碧玉","shop":"建興公有零售市場-30","category":"夜市/市場攤販","zone":"高屏","city":"屏東縣","area":"枋寮鄉","market_name":"建興公有零售市場","market_address":"屏東縣枋寮鄉天時村市場街64巷26-1號","pay_list":"","pay_tool":"","行業代號":null,"行業代號1":null,"名稱1":null,"行業代號2":null,"名稱2":null,"行業代號3":null,"名稱3":null},{"index":66,"id":10028048,"user":"林淑鈴","shop":"建興公有零售市場-42","category":"夜市/市場攤販","zone":"高屏","city":"屏東縣","area":"枋寮鄉","market_name":"建興公有零售市場","market_address":"屏東縣枋寮鄉天時村市場街64巷26-1號","pay_list":"","pay_tool":"","行業代號":null,"行業代號1":null,"名稱1":null,"行業代號2":null,"名稱2":null,"行業代號3":null,"名稱3":null},{"index":67,"id":10028059,"user":"林菁菁","shop":"建興公有零售市場-45","category":"夜市/市場攤販","zone":"高屏","city":"屏東縣","area":"枋寮鄉","market_name":"建興公有零售市場","market_address":"屏東縣枋寮鄉天時村市場街64巷26-1號","pay_list":"","pay_tool":"","行業代號":null,"行業代號1":null,"名稱1":null,"行業代號2":null,"名稱2":null,"行業代號3":null,"名稱3":null},{"index":68,"id":10028070,"user":"郭秀珠","shop":"建興公有零售市場-47","category":"夜市/市場攤販","zone":"高屏","city":"屏東縣","area":"枋寮鄉","market_name":"建興公有零售市場","market_address":"屏東縣枋寮鄉天時村市場街64巷26-1號","pay_list":"","pay_tool":"","行業代號":null,"行業代號1":null,"名稱1":null,"行業代號2":null,"名稱2":null,"行業代號3":null,"名稱3":null},{"index":69,"id":10028081,"user":"鄭相正","shop":"建興公有零售市場-48","category":"夜市/市場攤販","zone":"高屏","city":"屏東縣","area":"枋寮鄉","market_name":"建興公有零售市場","market_address":"屏東縣枋寮鄉天時村市場街64巷26-1號","pay_list":"","pay_tool":"","行業代號":null,"行業代號1":null,"名稱1":null,"行業代號2":null,"名稱2":null,"行業代號3":null,"名稱3":null},{"index":70,"id":10028092,"user":"張秀滿","shop":"建興公有零售市場-49","category":"夜市/市場攤販","zone":"高屏","city":"屏東縣","area":"枋寮鄉","market_name":"建興公有零售市場","market_address":"屏東縣枋寮鄉天時村市場街64巷26-1號","pay_list":"","pay_tool":"","行業代號":null,"行業代號1":null,"名稱1":null,"行業代號2":null,"名稱2":null,"行業代號3":null,"名稱3":null},{"index":71,"id":10028103,"user":"徐豪志","shop":"建興公有零售市場-50","category":"夜市/市場攤販","zone":"高屏","city":"屏東縣","area":"枋寮鄉","market_name":"建興公有零售市場","market_address":"屏東縣枋寮鄉天時村市場街64巷26-1號","pay_list":"","pay_tool":"","行業代號":null,"行業代號1":null,"名稱1":null,"行業代號2":null,"名稱2":null,"行業代號3":null,"名稱3":null},{"index":72,"id":10028114,"user":"蔡佳樺","shop":"建興公有零售市場-51","category":"夜市/市場攤販","zone":"高屏","city":"屏東縣","area":"枋寮鄉","market_name":"建興公有零售市場","market_address":"屏東縣枋寮鄉天時村市場街64巷26-1號","pay_list":"","pay_tool":"","行業代號":null,"行業代號1":null,"名稱1":null,"行業代號2":null,"名稱2":null,"行業代號3":null,"名稱3":null},{"index":73,"id":10028125,"user":"吳秋月","shop":"建興公有零售市場-52","category":"夜市/市場攤販","zone":"高屏","city":"屏東縣","area":"枋寮鄉","market_name":"建興公有零售市場","market_address":"屏東縣枋寮鄉天時村市場街64巷26-1號","pay_list":"","pay_tool":"","行業代號":null,"行業代號1":null,"名稱1":null,"行業代號2":null,"名稱2":null,"行業代號3":null,"名稱3":null},{"index":74,"id":20003803,"user":"王吳金花","shop":"王吳金花","category":["夜市/市場攤販"],"zone":"高屏","city":"屏東縣","area":"枋寮鄉","market_name":["餐食攤販"],"market_address":"屏東縣枋寮鄉安樂村中山路１３１號","pay_list":"","pay_tool":"","行業代號":null,"行業代號1":null,"名稱1":null,"行業代號2":null,"名稱2":null,"行業代號3":null,"名稱3":null},{"index":75,"id":20022064,"user":"葉俊杰","shop":"楊桂美","category":["夜市/市場攤販"],"zone":"高屏","city":"屏東縣","area":"枋寮鄉","market_name":["餐食攤販"],"market_address":"屏東縣枋寮鄉人和村建興路２９５號","pay_list":"","pay_tool":"","行業代號":null,"行業代號1":null,"名稱1":null,"行業代號2":null,"名稱2":null,"行業代號3":null,"名稱3":null},{"index":76,"id":20023165,"user":"曾英嬌","shop":"曾英嬌","category":["夜市/市場攤販"],"zone":"高屏","city":"屏東縣","area":"枋寮鄉","market_name":["餐食攤販"],"market_address":"屏東縣枋寮鄉中山路１５２號北面第一間","pay_list":["LINE PAY MONEY"],"pay_tool":["行動支付"],"行業代號":null,"行業代號1":null,"名稱1":null,"行業代號2":null,"名稱2":null,"行業代號3":null,"名稱3":null},{"index":77,"id":20046919,"user":"林依琴","shop":"昌平炸雞王枋寮店","category":["夜市/市場攤販"],"zone":"高屏","city":"屏東縣","area":"枋寮鄉","market_name":["餐食攤販"],"market_address":"屏東縣枋寮鄉隆山村０３７鄰中山路１８４號","pay_list":["LINE PAY MONEY"],"pay_tool":["行動支付"],"行業代號":null,"行業代號1":null,"名稱1":null,"行業代號2":null,"名稱2":null,"行業代號3":null,"名稱3":null},{"index":78,"id":20047284,"user":"阮俊龍","shop":"龍炭烤","category":["夜市/市場攤販"],"zone":"高屏","city":"屏東縣","area":"枋寮鄉","market_name":["餐食攤販"],"market_address":"屏東縣枋寮鄉隆山村中山路１４０－１號","pay_list":"","pay_tool":"","行業代號":null,"行業代號1":null,"名稱1":null,"行業代號2":null,"名稱2":null,"行業代號3":null,"名稱3":null},{"index":79,"id":20058248,"user":"鄭美珠","shop":"鄭美珠","category":["夜市/市場攤販"],"zone":"高屏","city":"屏東縣","area":"枋寮鄉","market_name":["餐食攤販"],"market_address":"屏東縣枋寮鄉人和村建興路３１５號（騎樓）","pay_list":"","pay_tool":"","行業代號":null,"行業代號1":null,"名稱1":null,"行業代號2":null,"名稱2":null,"行業代號3":null,"名稱3":null},{"index":80,"id":20058625,"user":"吳沛鈴","shop":"倍得企業社","category":["夜市/市場攤販"],"zone":"高屏","city":"屏東縣","area":"枋寮鄉","market_name":["餐食攤販"],"market_address":"屏東縣枋寮鄉地利村建興路１８６號１樓","pay_list":"","pay_tool":"","行業代號":null,"行業代號1":null,"名稱1":null,"行業代號2":null,"名稱2":null,"行業代號3":null,"名稱3":null},{"index":81,"id":60049692,"user":"陳敬雯","shop":"福安行","category":["夜市/市場攤販"],"zone":"高屏","city":"屏東縣","area":"枋寮鄉","market_name":["餐食攤販"],"market_address":"屏東縣枋寮鄉人和村７鄰中華路１７８巷１３號","pay_list":null,"pay_tool":null,"行業代號":"561200","行業代號1":"","名稱1":"","行業代號2":"","名稱2":"","行業代號3":"","名稱3":""},{"index":82,"id":60061856,"user":"王盈雯","shop":"富盈餐飲","category":["餐飲","夜市/市場攤販"],"zone":"高屏","city":"屏東縣","area":"枋寮鄉","market_name":["其他外燴及團膳承包","餐食攤販"],"market_address":"屏東縣枋寮鄉隆山村０１０鄰隆山路１４０號","pay_list":null,"pay_tool":null,"行業代號":"561200","行業代號1":"562099","名稱1":"其他外燴及團膳承包","行業代號2":"","名稱2":"","行業代號3":"","名稱3":""},{"index":83,"id":70000839,"user":"蕭麗靜","shop":"水底寮夜市本場-B10/42 青草茶","category":"夜市/市場攤販","zone":"高屏","city":"屏東縣","area":"枋寮鄉","market_name":"水底寮夜市本場","market_address":"","pay_list":null,"pay_tool":null,"行業代號":null,"行業代號1":null,"名稱1":null,"行業代號2":null,"名稱2":null,"行業代號3":null,"名稱3":null},{"index":84,"id":70000840,"user":"鄭金得","shop":"水底寮夜市本場-B09/60 排骨酥","category":"夜市/市場攤販","zone":"高屏","city":"屏東縣","area":"枋寮鄉","market_name":"水底寮夜市本場","market_address":"","pay_list":null,"pay_tool":null,"行業代號":null,"行業代號1":null,"名稱1":null,"行業代號2":null,"名稱2":null,"行業代號3":null,"名稱3":null},{"index":85,"id":70000841,"user":"鍾聰嘉","shop":"水底寮夜市本場-A06/12 水果","category":"夜市/市場攤販","zone":"高屏","city":"屏東縣","area":"枋寮鄉","market_name":"水底寮夜市本場","market_address":"","pay_list":null,"pay_tool":null,"行業代號":null,"行業代號1":null,"名稱1":null,"行業代號2":null,"名稱2":null,"行業代號3":null,"名稱3":null},{"index":86,"id":70000842,"user":"曾明杰","shop":"水底寮夜市本場-A21 杏仁茶","category":"夜市/市場攤販","zone":"高屏","city":"屏東縣","area":"枋寮鄉","market_name":"水底寮夜市本場","market_address":"","pay_list":null,"pay_tool":null,"行業代號":null,"行業代號1":null,"名稱1":null,"行業代號2":null,"名稱2":null,"行業代號3":null,"名稱3":null},{"index":87,"id":70000843,"user":"林憲芳","shop":"水底寮夜市本場-56 土虱/臭豆腐","category":"夜市/市場攤販","zone":"高屏","city":"屏東縣","area":"枋寮鄉","market_name":"水底寮夜市本場","market_address":"","pay_list":null,"pay_tool":null,"行業代號":null,"行業代號1":null,"名稱1":null,"行業代號2":null,"名稱2":null,"行業代號3":null,"名稱3":null},{"index":88,"id":70000844,"user":"林宗建","shop":"水底寮夜市本場-54 炸魷魚/飲料","category":"夜市/市場攤販","zone":"高屏","city":"屏東縣","area":"枋寮鄉","market_name":"水底寮夜市本場","market_address":"","pay_list":null,"pay_tool":null,"行業代號":null,"行業代號1":null,"名稱1":null,"行業代號2":null,"名稱2":null,"行業代號3":null,"名稱3":null},{"index":89,"id":70000845,"user":"黃珮璋","shop":"水底寮夜市本場-33 薯條","category":"夜市/市場攤販","zone":"高屏","city":"屏東縣","area":"枋寮鄉","market_name":"水底寮夜市本場","market_address":"","pay_list":null,"pay_tool":null,"行業代號":null,"行業代號1":null,"名稱1":null,"行業代號2":null,"名稱2":null,"行業代號3":null,"名稱3":null},{"index":90,"id":70000846,"user":"洪陳玉梅","shop":"水底寮夜市本場-23 洞洞樂/飲料","category":"夜市/市場攤販","zone":"高屏","city":"屏東縣","area":"枋寮鄉","market_name":"水底寮夜市本場","market_address":"","pay_list":null,"pay_tool":null,"行業代號":null,"行業代號1":null,"名稱1":null,"行業代號2":null,"名稱2":null,"行業代號3":null,"名稱3":null},{"index":91,"id":70000847,"user":"謝政男","shop":"水底寮夜市本場-21 麵包","category":"夜市/市場攤販","zone":"高屏","city":"屏東縣","area":"枋寮鄉","market_name":"水底寮夜市本場","market_address":"","pay_list":null,"pay_tool":null,"行業代號":null,"行業代號1":null,"名稱1":null,"行業代號2":null,"名稱2":null,"行業代號3":null,"名稱3":null},{"index":92,"id":70000848,"user":"蔡美蓮","shop":"水底寮夜市本場-02 打珠台","category":"夜市/市場攤販","zone":"高屏","city":"屏東縣","area":"枋寮鄉","market_name":"水底寮夜市本場","market_address":"","pay_list":null,"pay_tool":null,"行業代號":null,"行業代號1":null,"名稱1":null,"行業代號2":null,"名稱2":null,"行業代號3":null,"名稱3":null},{"index":93,"id":70000849,"user":"林義章","shop":"水底寮夜市本場-03 打珠台","category":"夜市/市場攤販","zone":"高屏","city":"屏東縣","area":"枋寮鄉","market_name":"水底寮夜市本場","market_address":"","pay_list":null,"pay_tool":null,"行業代號":null,"行業代號1":null,"名稱1":null,"行業代號2":null,"名稱2":null,"行業代號3":null,"名稱3":null},{"index":94,"id":70000850,"user":"劉鈿榮","shop":"水底寮夜市本場-05 麵麩","category":"夜市/市場攤販","zone":"高屏","city":"屏東縣","area":"枋寮鄉","market_name":"水底寮夜市本場","market_address":"","pay_list":null,"pay_tool":null,"行業代號":null,"行業代號1":null,"名稱1":null,"行業代號2":null,"名稱2":null,"行業代號3":null,"名稱3":null},{"index":95,"id":70000851,"user":"李俊泓","shop":"水底寮夜市本場-6","category":"夜市/市場攤販","zone":"高屏","city":"屏東縣","area":"枋寮鄉","market_name":"水底寮夜市本場","market_address":"","pay_list":null,"pay_tool":null,"行業代號":null,"行業代號1":null,"名稱1":null,"行業代號2":null,"名稱2":null,"行業代號3":null,"名稱3":null},{"index":96,"id":70000852,"user":"林阿絨","shop":"水底寮夜市本場-08 衣裝褲","category":"夜市/市場攤販","zone":"高屏","city":"屏東縣","area":"枋寮鄉","market_name":"水底寮夜市本場","market_address":"","pay_list":null,"pay_tool":null,"行業代號":null,"行業代號1":null,"名稱1":null,"行業代號2":null,"名稱2":null,"行業代號3":null,"名稱3":null},{"index":97,"id":70000853,"user":"劉瑞萬","shop":"水底寮夜市本場-10","category":"夜市/市場攤販","zone":"高屏","city":"屏東縣","area":"枋寮鄉","market_name":"水底寮夜市本場","market_address":"","pay_list":null,"pay_tool":null,"行業代號":null,"行業代號1":null,"名稱1":null,"行業代號2":null,"名稱2":null,"行業代號3":null,"名稱3":null},{"index":98,"id":70000854,"user":"黃學良","shop":"水底寮夜市本場-11 手機配件","category":"夜市/市場攤販","zone":"高屏","city":"屏東縣","area":"枋寮鄉","market_name":"水底寮夜市本場","market_address":"","pay_list":null,"pay_tool":null,"行業代號":null,"行業代號1":null,"名稱1":null,"行業代號2":null,"名稱2":null,"行業代號3":null,"名稱3":null},{"index":99,"id":70000855,"user":"陳美妙","shop":"水底寮夜市本場-14","category":"夜市/市場攤販","zone":"高屏","city":"屏東縣","area":"枋寮鄉","market_name":"水底寮夜市本場","market_address":"","pay_list":null,"pay_tool":null,"行業代號":null,"行業代號1":null,"名稱1":null,"行業代號2":null,"名稱2":null,"行業代號3":null,"名稱3":null},{"index":100,"id":70000856,"user":"蘇佳楨","shop":"水底寮夜市本場-15","category":"夜市/市場攤販","zone":"高屏","city":"屏東縣","area":"枋寮鄉","market_name":"水底寮夜市本場","market_address":"","pay_list":null,"pay_tool":null,"行業代號":null,"行業代號1":null,"名稱1":null,"行業代號2":null,"名稱2":null,"行業代號3":null,"名稱3":null},{"index":101,"id":70000857,"user":"趙秋鳳","shop":"水底寮夜市本場-16","category":"夜市/市場攤販","zone":"高屏","city":"屏東縣","area":"枋寮鄉","market_name":"水底寮夜市本場","market_address":"","pay_list":null,"pay_tool":null,"行業代號":null,"行業代號1":null,"名稱1":null,"行業代號2":null,"名稱2":null,"行業代號3":null,"名稱3":null},{"index":102,"id":70000858,"user":"黃丁壽","shop":"水底寮夜市本場-18 床單棉被","category":"夜市/市場攤販","zone":"高屏","city":"屏東縣","area":"枋寮鄉","market_name":"水底寮夜市本場","market_address":"","pay_list":null,"pay_tool":null,"行業代號":null,"行業代號1":null,"名稱1":null,"行業代號2":null,"名稱2":null,"行業代號3":null,"名稱3":null},{"index":103,"id":70000859,"user":"王慧珍","shop":"水底寮夜市本場-19 衣裝褲","category":"夜市/市場攤販","zone":"高屏","city":"屏東縣","area":"枋寮鄉","market_name":"水底寮夜市本場","market_address":"","pay_list":null,"pay_tool":null,"行業代號":null,"行業代號1":null,"名稱1":null,"行業代號2":null,"名稱2":null,"行業代號3":null,"名稱3":null},{"index":104,"id":70000860,"user":"陳秋水","shop":"水底寮夜市本場-20 撈魚","category":"夜市/市場攤販","zone":"高屏","city":"屏東縣","area":"枋寮鄉","market_name":"水底寮夜市本場","market_address":"","pay_list":null,"pay_tool":null,"行業代號":null,"行業代號1":null,"名稱1":null,"行業代號2":null,"名稱2":null,"行業代號3":null,"名稱3":null},{"index":105,"id":70000861,"user":"葉宗興","shop":"水底寮夜市本場-22 衣服","category":"夜市/市場攤販","zone":"高屏","city":"屏東縣","area":"枋寮鄉","market_name":"水底寮夜市本場","market_address":"","pay_list":null,"pay_tool":null,"行業代號":null,"行業代號1":null,"名稱1":null,"行業代號2":null,"名稱2":null,"行業代號3":null,"名稱3":null},{"index":106,"id":70000862,"user":"洪凱原","shop":"水底寮夜市本場-24","category":"夜市/市場攤販","zone":"高屏","city":"屏東縣","area":"枋寮鄉","market_name":"水底寮夜市本場","market_address":"","pay_list":null,"pay_tool":null,"行業代號":null,"行業代號1":null,"名稱1":null,"行業代號2":null,"名稱2":null,"行業代號3":null,"名稱3":null},{"index":107,"id":70000863,"user":"洪靜梅","shop":"水底寮夜市本場-25 內衣","category":"夜市/市場攤販","zone":"高屏","city":"屏東縣","area":"枋寮鄉","market_name":"水底寮夜市本場","market_address":"","pay_list":null,"pay_tool":null,"行業代號":null,"行業代號1":null,"名稱1":null,"行業代號2":null,"名稱2":null,"行業代號3":null,"名稱3":null},{"index":108,"id":70000864,"user":"蘇利坤蘭","shop":"水底寮夜市本場-26","category":"夜市/市場攤販","zone":"高屏","city":"屏東縣","area":"枋寮鄉","market_name":"水底寮夜市本場","market_address":"","pay_list":null,"pay_tool":null,"行業代號":null,"行業代號1":null,"名稱1":null,"行業代號2":null,"名稱2":null,"行業代號3":null,"名稱3":null},{"index":109,"id":70000865,"user":"張秀玲","shop":"水底寮夜市本場-28","category":"夜市/市場攤販","zone":"高屏","city":"屏東縣","area":"枋寮鄉","market_name":"水底寮夜市本場","market_address":"","pay_list":null,"pay_tool":null,"行業代號":null,"行業代號1":null,"名稱1":null,"行業代號2":null,"名稱2":null,"行業代號3":null,"名稱3":null},{"index":110,"id":70000866,"user":"陳萬得","shop":"水底寮夜市本場-29 煙燻鴨肉","category":"夜市/市場攤販","zone":"高屏","city":"屏東縣","area":"枋寮鄉","market_name":"水底寮夜市本場","market_address":"","pay_list":null,"pay_tool":null,"行業代號":null,"行業代號1":null,"名稱1":null,"行業代號2":null,"名稱2":null,"行業代號3":null,"名稱3":null},{"index":111,"id":70000867,"user":"李文錦","shop":"水底寮夜市本場-31","category":"夜市/市場攤販","zone":"高屏","city":"屏東縣","area":"枋寮鄉","market_name":"水底寮夜市本場","market_address":"","pay_list":null,"pay_tool":null,"行業代號":null,"行業代號1":null,"名稱1":null,"行業代號2":null,"名稱2":null,"行業代號3":null,"名稱3":null},{"index":112,"id":70000868,"user":"盧秋杉","shop":"水底寮夜市本場-32","category":"夜市/市場攤販","zone":"高屏","city":"屏東縣","area":"枋寮鄉","market_name":"水底寮夜市本場","market_address":"","pay_list":null,"pay_tool":null,"行業代號":null,"行業代號1":null,"名稱1":null,"行業代號2":null,"名稱2":null,"行業代號3":null,"名稱3":null},{"index":113,"id":70000869,"user":"黃曼婷","shop":"水底寮夜市本場-34 Zui知胃","category":"夜市/市場攤販","zone":"高屏","city":"屏東縣","area":"枋寮鄉","market_name":"水底寮夜市本場","market_address":"","pay_list":null,"pay_tool":null,"行業代號":null,"行業代號1":null,"名稱1":null,"行業代號2":null,"名稱2":null,"行業代號3":null,"名稱3":null},{"index":114,"id":70000870,"user":"謝瑞裕","shop":"水底寮夜市本場-37 Nono飾品","category":"夜市/市場攤販","zone":"高屏","city":"屏東縣","area":"枋寮鄉","market_name":"水底寮夜市本場","market_address":"","pay_list":null,"pay_tool":null,"行業代號":null,"行業代號1":null,"名稱1":null,"行業代號2":null,"名稱2":null,"行業代號3":null,"名稱3":null},{"index":115,"id":70000871,"user":"蔡錫詠","shop":"水底寮夜市本場-38 打珠台","category":"夜市/市場攤販","zone":"高屏","city":"屏東縣","area":"枋寮鄉","market_name":"水底寮夜市本場","market_address":"","pay_list":null,"pay_tool":null,"行業代號":null,"行業代號1":null,"名稱1":null,"行業代號2":null,"名稱2":null,"行業代號3":null,"名稱3":null},{"index":116,"id":70000872,"user":"張偉政","shop":"水底寮夜市本場-39 品庠牛排","category":"夜市/市場攤販","zone":"高屏","city":"屏東縣","area":"枋寮鄉","market_name":"水底寮夜市本場","market_address":"","pay_list":null,"pay_tool":null,"行業代號":null,"行業代號1":null,"名稱1":null,"行業代號2":null,"名稱2":null,"行業代號3":null,"名稱3":null},{"index":117,"id":70000873,"user":"賴高倫","shop":"水底寮夜市本場-40 手機配件","category":"夜市/市場攤販","zone":"高屏","city":"屏東縣","area":"枋寮鄉","market_name":"水底寮夜市本場","market_address":"","pay_list":null,"pay_tool":null,"行業代號":null,"行業代號1":null,"名稱1":null,"行業代號2":null,"名稱2":null,"行業代號3":null,"名稱3":null},{"index":118,"id":70000874,"user":"鄧清進","shop":"水底寮夜市本場-43 金進益製品","category":"夜市/市場攤販","zone":"高屏","city":"屏東縣","area":"枋寮鄉","market_name":"水底寮夜市本場","market_address":"","pay_list":null,"pay_tool":null,"行業代號":null,"行業代號1":null,"名稱1":null,"行業代號2":null,"名稱2":null,"行業代號3":null,"名稱3":null},{"index":119,"id":70000875,"user":"林榮昭","shop":"水底寮夜市本場-44","category":"夜市/市場攤販","zone":"高屏","city":"屏東縣","area":"枋寮鄉","market_name":"水底寮夜市本場","market_address":"","pay_list":null,"pay_tool":null,"行業代號":null,"行業代號1":null,"名稱1":null,"行業代號2":null,"名稱2":null,"行業代號3":null,"名稱3":null},{"index":120,"id":70000876,"user":"陳振原","shop":"水底寮夜市本場-45 音響","category":"夜市/市場攤販","zone":"高屏","city":"屏東縣","area":"枋寮鄉","market_name":"水底寮夜市本場","market_address":"","pay_list":null,"pay_tool":null,"行業代號":null,"行業代號1":null,"名稱1":null,"行業代號2":null,"名稱2":null,"行業代號3":null,"名稱3":null},{"index":121,"id":70000877,"user":"潘玟璇","shop":"水底寮夜市本場-46","category":"夜市/市場攤販","zone":"高屏","city":"屏東縣","area":"枋寮鄉","market_name":"水底寮夜市本場","market_address":"","pay_list":null,"pay_tool":null,"行業代號":null,"行業代號1":null,"名稱1":null,"行業代號2":null,"名稱2":null,"行業代號3":null,"名稱3":null},{"index":122,"id":70000878,"user":"曾秀玲","shop":"水底寮夜市本場-47","category":"夜市/市場攤販","zone":"高屏","city":"屏東縣","area":"枋寮鄉","market_name":"水底寮夜市本場","market_address":"","pay_list":null,"pay_tool":null,"行業代號":null,"行業代號1":null,"名稱1":null,"行業代號2":null,"名稱2":null,"行業代號3":null,"名稱3":null},{"index":123,"id":70000879,"user":"賴鳳美","shop":"水底寮夜市本場-51 按摩","category":"夜市/市場攤販","zone":"高屏","city":"屏東縣","area":"枋寮鄉","market_name":"水底寮夜市本場","market_address":"","pay_list":null,"pay_tool":null,"行業代號":null,"行業代號1":null,"名稱1":null,"行業代號2":null,"名稱2":null,"行業代號3":null,"名稱3":null},{"index":124,"id":70000880,"user":"邱士銘","shop":"水底寮夜市本場-52 精準BB槍","category":"夜市/市場攤販","zone":"高屏","city":"屏東縣","area":"枋寮鄉","market_name":"水底寮夜市本場","market_address":"","pay_list":null,"pay_tool":null,"行業代號":null,"行業代號1":null,"名稱1":null,"行業代號2":null,"名稱2":null,"行業代號3":null,"名稱3":null},{"index":125,"id":70000881,"user":"李佳璋","shop":"水底寮夜市本場-53","category":"夜市/市場攤販","zone":"高屏","city":"屏東縣","area":"枋寮鄉","market_name":"水底寮夜市本場","market_address":"","pay_list":null,"pay_tool":null,"行業代號":null,"行業代號1":null,"名稱1":null,"行業代號2":null,"名稱2":null,"行業代號3":null,"名稱3":null},{"index":126,"id":70000882,"user":"洪英梅","shop":"水底寮夜市本場-58 衣裝褲","category":"夜市/市場攤販","zone":"高屏","city":"屏東縣","area":"枋寮鄉","market_name":"水底寮夜市本場","market_address":"","pay_list":null,"pay_tool":null,"行業代號":null,"行業代號1":null,"名稱1":null,"行業代號2":null,"名稱2":null,"行業代號3":null,"名稱3":null},{"index":127,"id":70000883,"user":"吳俊成","shop":"水底寮夜市本場-64 燒肉飯","category":"夜市/市場攤販","zone":"高屏","city":"屏東縣","area":"枋寮鄉","market_name":"水底寮夜市本場","market_address":"","pay_list":null,"pay_tool":null,"行業代號":null,"行業代號1":null,"名稱1":null,"行業代號2":null,"名稱2":null,"行業代號3":null,"名稱3":null},{"index":128,"id":70000884,"user":"柳瀚承","shop":"水底寮夜市本場-65 二哥兒童遊戲","category":"夜市/市場攤販","zone":"高屏","city":"屏東縣","area":"枋寮鄉","market_name":"水底寮夜市本場","market_address":"","pay_list":null,"pay_tool":null,"行業代號":null,"行業代號1":null,"名稱1":null,"行業代號2":null,"名稱2":null,"行業代號3":null,"名稱3":null},{"index":129,"id":70000885,"user":"侯琇瑛","shop":"水底寮夜市本場-66 手工飾品","category":"夜市/市場攤販","zone":"高屏","city":"屏東縣","area":"枋寮鄉","market_name":"水底寮夜市本場","market_address":"","pay_list":null,"pay_tool":null,"行業代號":null,"行業代號1":null,"名稱1":null,"行業代號2":null,"名稱2":null,"行業代號3":null,"名稱3":null},{"index":130,"id":70000886,"user":"許船長","shop":"水底寮夜市本場-67 衣服","category":"夜市/市場攤販","zone":"高屏","city":"屏東縣","area":"枋寮鄉","market_name":"水底寮夜市本場","market_address":"","pay_list":null,"pay_tool":null,"行業代號":null,"行業代號1":null,"名稱1":null,"行業代號2":null,"名稱2":null,"行業代號3":null,"名稱3":null},{"index":131,"id":70000887,"user":"鄭朝敏","shop":"水底寮夜市本場-68 鞋子","category":"夜市/市場攤販","zone":"高屏","city":"屏東縣","area":"枋寮鄉","market_name":"水底寮夜市本場","market_address":"","pay_list":null,"pay_tool":null,"行業代號":null,"行業代號1":null,"名稱1":null,"行業代號2":null,"名稱2":null,"行業代號3":null,"名稱3":null},{"index":132,"id":70000888,"user":"方元正","shop":"水底寮夜市本場-69 香水","category":"夜市/市場攤販","zone":"高屏","city":"屏東縣","area":"枋寮鄉","market_name":"水底寮夜市本場","market_address":"","pay_list":null,"pay_tool":null,"行業代號":null,"行業代號1":null,"名稱1":null,"行業代號2":null,"名稱2":null,"行業代號3":null,"名稱3":null},{"index":133,"id":70000889,"user":"方仟琇","shop":"水底寮夜市本場-70 衣服","category":"夜市/市場攤販","zone":"高屏","city":"屏東縣","area":"枋寮鄉","market_name":"水底寮夜市本場","market_address":"","pay_list":null,"pay_tool":null,"行業代號":null,"行業代號1":null,"名稱1":null,"行業代號2":null,"名稱2":null,"行業代號3":null,"名稱3":null},{"index":134,"id":70000890,"user":"詹若蘋","shop":"水底寮夜市本場-71 衣服","category":"夜市/市場攤販","zone":"高屏","city":"屏東縣","area":"枋寮鄉","market_name":"水底寮夜市本場","market_address":"","pay_list":null,"pay_tool":null,"行業代號":null,"行業代號1":null,"名稱1":null,"行業代號2":null,"名稱2":null,"行業代號3":null,"名稱3":null},{"index":135,"id":70000891,"user":"林志珉","shop":"水底寮夜市本場-72 東山鴨頭","category":"夜市/市場攤販","zone":"高屏","city":"屏東縣","area":"枋寮鄉","market_name":"水底寮夜市本場","market_address":"","pay_list":null,"pay_tool":null,"行業代號":null,"行業代號1":null,"名稱1":null,"行業代號2":null,"名稱2":null,"行業代號3":null,"名稱3":null},{"index":136,"id":70000892,"user":"張華珊","shop":"水底寮夜市本場-73 麵食/柯仔煎","category":"夜市/市場攤販","zone":"高屏","city":"屏東縣","area":"枋寮鄉","market_name":"水底寮夜市本場","market_address":"","pay_list":null,"pay_tool":null,"行業代號":null,"行業代號1":null,"名稱1":null,"行業代號2":null,"名稱2":null,"行業代號3":null,"名稱3":null},{"index":137,"id":70000893,"user":"陳金助","shop":"北勢寮夜市-B46 糖炒栗子","category":"夜市/市場攤販","zone":"高屏","city":"屏東縣","area":"枋寮鄉","market_name":"北勢寮夜市","market_address":"","pay_list":null,"pay_tool":null,"行業代號":null,"行業代號1":null,"名稱1":null,"行業代號2":null,"名稱2":null,"行業代號3":null,"名稱3":null},{"index":138,"id":70000894,"user":"鐘聰嘉","shop":"北勢寮夜市-B28 水果","category":"夜市/市場攤販","zone":"高屏","city":"屏東縣","area":"枋寮鄉","market_name":"北勢寮夜市","market_address":"","pay_list":null,"pay_tool":null,"行業代號":null,"行業代號1":null,"名稱1":null,"行業代號2":null,"名稱2":null,"行業代號3":null,"名稱3":null},{"index":139,"id":70000895,"user":"劉志賢","shop":"北勢寮夜市-A40 現炒山豬肉","category":"夜市/市場攤販","zone":"高屏","city":"屏東縣","area":"枋寮鄉","market_name":"北勢寮夜市","market_address":"","pay_list":null,"pay_tool":null,"行業代號":null,"行業代號1":null,"名稱1":null,"行業代號2":null,"名稱2":null,"行業代號3":null,"名稱3":null},{"index":140,"id":70000896,"user":"林黛","shop":"北勢寮夜市-A16 邱記碳烤","category":"夜市/市場攤販","zone":"高屏","city":"屏東縣","area":"枋寮鄉","market_name":"北勢寮夜市","market_address":"","pay_list":null,"pay_tool":null,"行業代號":null,"行業代號1":null,"名稱1":null,"行業代號2":null,"名稱2":null,"行業代號3":null,"名稱3":null},{"index":141,"id":70000897,"user":"林建良","shop":"北勢寮夜市-B23 烤肉","category":"夜市/市場攤販","zone":"高屏","city":"屏東縣","area":"枋寮鄉","market_name":"北勢寮夜市","market_address":"","pay_list":null,"pay_tool":null,"行業代號":null,"行業代號1":null,"名稱1":null,"行業代號2":null,"名稱2":null,"行業代號3":null,"名稱3":null},{"index":142,"id":70000898,"user":"溫奇臻","shop":"北勢寮夜市-B35 麻油雞","category":"夜市/市場攤販","zone":"高屏","city":"屏東縣","area":"枋寮鄉","market_name":"北勢寮夜市","market_address":"","pay_list":null,"pay_tool":null,"行業代號":null,"行業代號1":null,"名稱1":null,"行業代號2":null,"名稱2":null,"行業代號3":null,"名稱3":null},{"index":143,"id":70000899,"user":"潘玉鈴","shop":"北勢寮夜市-A07 沙威瑪","category":"夜市/市場攤販","zone":"高屏","city":"屏東縣","area":"枋寮鄉","market_name":"北勢寮夜市","market_address":"","pay_list":null,"pay_tool":null,"行業代號":null,"行業代號1":null,"名稱1":null,"行業代號2":null,"名稱2":null,"行業代號3":null,"名稱3":null},{"index":144,"id":70000900,"user":"謝瑞裕","shop":"北勢寮夜市-B13 飾品/雞腳凍","category":"夜市/市場攤販","zone":"高屏","city":"屏東縣","area":"枋寮鄉","market_name":"北勢寮夜市","market_address":"","pay_list":null,"pay_tool":null,"行業代號":null,"行業代號1":null,"名稱1":null,"行業代號2":null,"名稱2":null,"行業代號3":null,"名稱3":null},{"index":145,"id":70000901,"user":"謝順和","shop":"北勢寮夜市-A37 吳家香酥雞","category":"夜市/市場攤販","zone":"高屏","city":"屏東縣","area":"枋寮鄉","market_name":"北勢寮夜市","market_address":"","pay_list":null,"pay_tool":null,"行業代號":null,"行業代號1":null,"名稱1":null,"行業代號2":null,"名稱2":null,"行業代號3":null,"名稱3":null},{"index":146,"id":70000902,"user":"陳政廷","shop":"北勢寮夜市-A36 杏仁茶/油條","category":"夜市/市場攤販","zone":"高屏","city":"屏東縣","area":"枋寮鄉","market_name":"北勢寮夜市","market_address":"","pay_list":null,"pay_tool":null,"行業代號":null,"行業代號1":null,"名稱1":null,"行業代號2":null,"名稱2":null,"行業代號3":null,"名稱3":null},{"index":147,"id":70000903,"user":"楊宜賢","shop":"北勢寮夜市-A03 百貨","category":"夜市/市場攤販","zone":"高屏","city":"屏東縣","area":"枋寮鄉","market_name":"北勢寮夜市","market_address":"","pay_list":null,"pay_tool":null,"行業代號":null,"行業代號1":null,"名稱1":null,"行業代號2":null,"名稱2":null,"行業代號3":null,"名稱3":null},{"index":148,"id":70000904,"user":"陳美妙","shop":"北勢寮夜市-A01 服飾","category":"夜市/市場攤販","zone":"高屏","city":"屏東縣","area":"枋寮鄉","market_name":"北勢寮夜市","market_address":"","pay_list":null,"pay_tool":null,"行業代號":null,"行業代號1":null,"名稱1":null,"行業代號2":null,"名稱2":null,"行業代號3":null,"名稱3":null},{"index":149,"id":70000905,"user":"林文龍","shop":"北勢寮夜市-A21 排餐","category":"夜市/市場攤販","zone":"高屏","city":"屏東縣","area":"枋寮鄉","market_name":"北勢寮夜市","market_address":"","pay_list":null,"pay_tool":null,"行業代號":null,"行業代號1":null,"名稱1":null,"行業代號2":null,"名稱2":null,"行業代號3":null,"名稱3":null},{"index":150,"id":70000906,"user":"陳經仕","shop":"北勢寮夜市-B16 服飾","category":"夜市/市場攤販","zone":"高屏","city":"屏東縣","area":"枋寮鄉","market_name":"北勢寮夜市","market_address":"","pay_list":null,"pay_tool":null,"行業代號":null,"行業代號1":null,"名稱1":null,"行業代號2":null,"名稱2":null,"行業代號3":null,"名稱3":null},{"index":151,"id":70000907,"user":"潘玟漩","shop":"北勢寮夜市-百貨","category":"夜市/市場攤販","zone":"高屏","city":"屏東縣","area":"枋寮鄉","market_name":"北勢寮夜市","market_address":"","pay_list":null,"pay_tool":null,"行業代號":null,"行業代號1":null,"名稱1":null,"行業代號2":null,"名稱2":null,"行業代號3":null,"名稱3":null},{"index":152,"id":70000908,"user":"陳志雄","shop":"北勢寮夜市-B40 章魚小丸子","category":"夜市/市場攤販","zone":"高屏","city":"屏東縣","area":"枋寮鄉","market_name":"北勢寮夜市","market_address":"","pay_list":null,"pay_tool":null,"行業代號":null,"行業代號1":null,"名稱1":null,"行業代號2":null,"名稱2":null,"行業代號3":null,"名稱3":null},{"index":153,"id":70000909,"user":"王榮豊","shop":"北勢寮夜市-B30 QQ蛋","category":"夜市/市場攤販","zone":"高屏","city":"屏東縣","area":"枋寮鄉","market_name":"北勢寮夜市","market_address":"","pay_list":null,"pay_tool":null,"行業代號":null,"行業代號1":null,"名稱1":null,"行業代號2":null,"名稱2":null,"行業代號3":null,"名稱3":null},{"index":154,"id":70000910,"user":"曾秀玲","shop":"北勢寮夜市-食品","category":"夜市/市場攤販","zone":"高屏","city":"屏東縣","area":"枋寮鄉","market_name":"北勢寮夜市","market_address":"","pay_list":null,"pay_tool":null,"行業代號":null,"行業代號1":null,"名稱1":null,"行業代號2":null,"名稱2":null,"行業代號3":null,"名稱3":null},{"index":155,"id":70000911,"user":"王吳月束","shop":"北勢寮夜市-B03 青草茶/糧食","category":"夜市/市場攤販","zone":"高屏","city":"屏東縣","area":"枋寮鄉","market_name":"北勢寮夜市","market_address":"","pay_list":null,"pay_tool":null,"行業代號":null,"行業代號1":null,"名稱1":null,"行業代號2":null,"名稱2":null,"行業代號3":null,"名稱3":null},{"index":156,"id":70000912,"user":"吳文化","shop":"北勢寮夜市-A31 棉被","category":"夜市/市場攤販","zone":"高屏","city":"屏東縣","area":"枋寮鄉","market_name":"北勢寮夜市","market_address":"","pay_list":null,"pay_tool":null,"行業代號":null,"行業代號1":null,"名稱1":null,"行業代號2":null,"名稱2":null,"行業代號3":null,"名稱3":null},{"index":157,"id":70000913,"user":"謝政男","shop":"北勢寮夜市-B49 麵包","category":"夜市/市場攤販","zone":"高屏","city":"屏東縣","area":"枋寮鄉","market_name":"北勢寮夜市","market_address":"","pay_list":null,"pay_tool":null,"行業代號":null,"行業代號1":null,"名稱1":null,"行業代號2":null,"名稱2":null,"行業代號3":null,"名稱3":null},{"index":158,"id":70000914,"user":"李信毅","shop":"北勢寮夜市-B06 臭臭鍋","category":"夜市/市場攤販","zone":"高屏","city":"屏東縣","area":"枋寮鄉","market_name":"北勢寮夜市","market_address":"","pay_list":null,"pay_tool":null,"行業代號":null,"行業代號1":null,"名稱1":null,"行業代號2":null,"名稱2":null,"行業代號3":null,"名稱3":null},{"index":159,"id":70000915,"user":"陳新閔","shop":"北勢寮夜市-A35 煙燻滷味","category":"夜市/市場攤販","zone":"高屏","city":"屏東縣","area":"枋寮鄉","market_name":"北勢寮夜市","market_address":"","pay_list":null,"pay_tool":null,"行業代號":null,"行業代號1":null,"名稱1":null,"行業代號2":null,"名稱2":null,"行業代號3":null,"名稱3":null},{"index":160,"id":70000916,"user":"洪靜梅","shop":"北勢寮夜市-B41 內衣","category":"夜市/市場攤販","zone":"高屏","city":"屏東縣","area":"枋寮鄉","market_name":"北勢寮夜市","market_address":"","pay_list":null,"pay_tool":null,"行業代號":null,"行業代號1":null,"名稱1":null,"行業代號2":null,"名稱2":null,"行業代號3":null,"名稱3":null},{"index":161,"id":70000917,"user":"高慶男","shop":"北勢寮夜市-A30 包包","category":"夜市/市場攤販","zone":"高屏","city":"屏東縣","area":"枋寮鄉","market_name":"北勢寮夜市","market_address":"","pay_list":null,"pay_tool":null,"行業代號":null,"行業代號1":null,"名稱1":null,"行業代號2":null,"名稱2":null,"行業代號3":null,"名稱3":null},{"index":162,"id":70000918,"user":"蕭志芳","shop":"北勢寮夜市-B52 沙威瑪","category":"夜市/市場攤販","zone":"高屏","city":"屏東縣","area":"枋寮鄉","market_name":"北勢寮夜市","market_address":"","pay_list":null,"pay_tool":null,"行業代號":null,"行業代號1":null,"名稱1":null,"行業代號2":null,"名稱2":null,"行業代號3":null,"名稱3":null},{"index":163,"id":70000919,"user":"蘇利坤蘭","shop":"北勢寮夜市-A13 炸雞/冰淇淋","category":"夜市/市場攤販","zone":"高屏","city":"屏東縣","area":"枋寮鄉","market_name":"北勢寮夜市","market_address":"","pay_list":null,"pay_tool":null,"行業代號":null,"行業代號1":null,"名稱1":null,"行業代號2":null,"名稱2":null,"行業代號3":null,"名稱3":null},{"index":164,"id":70000920,"user":"陳榮春","shop":"北勢寮夜市-B48 水果茶/雞蛋仔","category":"夜市/市場攤販","zone":"高屏","city":"屏東縣","area":"枋寮鄉","market_name":"北勢寮夜市","market_address":"","pay_list":null,"pay_tool":null,"行業代號":null,"行業代號1":null,"名稱1":null,"行業代號2":null,"名稱2":null,"行業代號3":null,"名稱3":null},{"index":165,"id":70000921,"user":"謝進賢","shop":"北勢寮夜市-B39 按摩","category":"夜市/市場攤販","zone":"高屏","city":"屏東縣","area":"枋寮鄉","market_name":"北勢寮夜市","market_address":"","pay_list":null,"pay_tool":null,"行業代號":null,"行業代號1":null,"名稱1":null,"行業代號2":null,"名稱2":null,"行業代號3":null,"名稱3":null},{"index":166,"id":70000922,"user":"黃麗利","shop":"北勢寮夜市-A06 脆皮甜甜圈","category":"夜市/市場攤販","zone":"高屏","city":"屏東縣","area":"枋寮鄉","market_name":"北勢寮夜市","market_address":"","pay_list":null,"pay_tool":null,"行業代號":null,"行業代號1":null,"名稱1":null,"行業代號2":null,"名稱2":null,"行業代號3":null,"名稱3":null},{"index":167,"id":70000923,"user":"郭文安","shop":"北勢寮夜市-A07 起司馬鈴薯","category":"夜市/市場攤販","zone":"高屏","city":"屏東縣","area":"枋寮鄉","market_name":"北勢寮夜市","market_address":"","pay_list":null,"pay_tool":null,"行業代號":null,"行業代號1":null,"名稱1":null,"行業代號2":null,"名稱2":null,"行業代號3":null,"名稱3":null},{"index":168,"id":70000924,"user":"葉宗興","shop":"北勢寮夜市-A45 甜點(粉圓)","category":"夜市/市場攤販","zone":"高屏","city":"屏東縣","area":"枋寮鄉","market_name":"北勢寮夜市","market_address":"","pay_list":null,"pay_tool":null,"行業代號":null,"行業代號1":null,"名稱1":null,"行業代號2":null,"名稱2":null,"行業代號3":null,"名稱3":null},{"index":169,"id":70000925,"user":"林宗建","shop":"北勢寮夜市-A28 炸魷魚/泰奶","category":"夜市/市場攤販","zone":"高屏","city":"屏東縣","area":"枋寮鄉","market_name":"北勢寮夜市","market_address":"","pay_list":null,"pay_tool":null,"行業代號":null,"行業代號1":null,"名稱1":null,"行業代號2":null,"名稱2":null,"行業代號3":null,"名稱3":null},{"index":170,"id":70000926,"user":"莊麗鴻","shop":"北勢寮夜市-A19 床單","category":"夜市/市場攤販","zone":"高屏","city":"屏東縣","area":"枋寮鄉","market_name":"北勢寮夜市","market_address":"","pay_list":null,"pay_tool":null,"行業代號":null,"行業代號1":null,"名稱1":null,"行業代號2":null,"名稱2":null,"行業代號3":null,"名稱3":null},{"index":171,"id":70000927,"user":"蔡錫詠","shop":"北勢寮夜市-A18 打珠台","category":"夜市/市場攤販","zone":"高屏","city":"屏東縣","area":"枋寮鄉","market_name":"北勢寮夜市","market_address":"","pay_list":null,"pay_tool":null,"行業代號":null,"行業代號1":null,"名稱1":null,"行業代號2":null,"名稱2":null,"行業代號3":null,"名稱3":null},{"index":172,"id":70000928,"user":"林義章","shop":"北勢寮夜市-B55 打珠台","category":"夜市/市場攤販","zone":"高屏","city":"屏東縣","area":"枋寮鄉","market_name":"北勢寮夜市","market_address":"","pay_list":null,"pay_tool":null,"行業代號":null,"行業代號1":null,"名稱1":null,"行業代號2":null,"名稱2":null,"行業代號3":null,"名稱3":null},{"index":173,"id":70000929,"user":"林榮昭","shop":"北勢寮夜市-B18 太陽眼鏡","category":"夜市/市場攤販","zone":"高屏","city":"屏東縣","area":"枋寮鄉","market_name":"北勢寮夜市","market_address":"","pay_list":null,"pay_tool":null,"行業代號":null,"行業代號1":null,"名稱1":null,"行業代號2":null,"名稱2":null,"行業代號3":null,"名稱3":null},{"index":174,"id":70000930,"user":"吳妍秀","shop":"北勢寮夜市-A02 女裝","category":"夜市/市場攤販","zone":"高屏","city":"屏東縣","area":"枋寮鄉","market_name":"北勢寮夜市","market_address":"","pay_list":null,"pay_tool":null,"行業代號":null,"行業代號1":null,"名稱1":null,"行業代號2":null,"名稱2":null,"行業代號3":null,"名稱3":null},{"index":175,"id":70000931,"user":"林鳳玉","shop":"北勢寮夜市-B29 阿玉滷味","category":"夜市/市場攤販","zone":"高屏","city":"屏東縣","area":"枋寮鄉","market_name":"北勢寮夜市","market_address":"","pay_list":null,"pay_tool":null,"行業代號":null,"行業代號1":null,"名稱1":null,"行業代號2":null,"名稱2":null,"行業代號3":null,"名稱3":null},{"index":176,"id":70000932,"user":"謝財翁","shop":"北勢寮夜市-A20 東山鴨頭","category":"夜市/市場攤販","zone":"高屏","city":"屏東縣","area":"枋寮鄉","market_name":"北勢寮夜市","market_address":"","pay_list":null,"pay_tool":null,"行業代號":null,"行業代號1":null,"名稱1":null,"行業代號2":null,"名稱2":null,"行業代號3":null,"名稱3":null},{"index":177,"id":70000933,"user":"李信鴻","shop":"北勢寮夜市-B36 湯屋髮飾","category":"夜市/市場攤販","zone":"高屏","city":"屏東縣","area":"枋寮鄉","market_name":"北勢寮夜市","market_address":"","pay_list":null,"pay_tool":null,"行業代號":null,"行業代號1":null,"名稱1":null,"行業代號2":null,"名稱2":null,"行業代號3":null,"名稱3":null},{"index":178,"id":70000934,"user":"鄭金得","shop":"北勢寮夜市-B43 吳記排骨酥","category":"夜市/市場攤販","zone":"高屏","city":"屏東縣","area":"枋寮鄉","market_name":"北勢寮夜市","market_address":"","pay_list":null,"pay_tool":null,"行業代號":null,"行業代號1":null,"名稱1":null,"行業代號2":null,"名稱2":null,"行業代號3":null,"名稱3":null},{"index":179,"id":70000935,"user":"黃國哲","shop":"北勢寮夜市-B27 打珠台","category":"夜市/市場攤販","zone":"高屏","city":"屏東縣","area":"枋寮鄉","market_name":"北勢寮夜市","market_address":"","pay_list":null,"pay_tool":null,"行業代號":null,"行業代號1":null,"名稱1":null,"行業代號2":null,"名稱2":null,"行業代號3":null,"名稱3":null},{"index":180,"id":70000936,"user":"蔡美蓮","shop":"北勢寮夜市-A27 打珠台","category":"夜市/市場攤販","zone":"高屏","city":"屏東縣","area":"枋寮鄉","market_name":"北勢寮夜市","market_address":"","pay_list":null,"pay_tool":null,"行業代號":null,"行業代號1":null,"名稱1":null,"行業代號2":null,"名稱2":null,"行業代號3":null,"名稱3":null},{"index":181,"id":70000937,"user":"施組峰","shop":"北勢寮夜市-B11 遊戲(車/釣魚)","category":"夜市/市場攤販","zone":"高屏","city":"屏東縣","area":"枋寮鄉","market_name":"北勢寮夜市","market_address":"","pay_list":null,"pay_tool":null,"行業代號":null,"行業代號1":null,"名稱1":null,"行業代號2":null,"名稱2":null,"行業代號3":null,"名稱3":null},{"index":182,"id":70000938,"user":"林阿絨","shop":"北勢寮夜市-A49 男裝","category":"夜市/市場攤販","zone":"高屏","city":"屏東縣","area":"枋寮鄉","market_name":"北勢寮夜市","market_address":"","pay_list":null,"pay_tool":null,"行業代號":null,"行業代號1":null,"名稱1":null,"行業代號2":null,"名稱2":null,"行業代號3":null,"名稱3":null},{"index":183,"id":70000939,"user":"邱秀成","shop":"北勢寮夜市-B20 精準BB槍","category":"夜市/市場攤販","zone":"高屏","city":"屏東縣","area":"枋寮鄉","market_name":"北勢寮夜市","market_address":"","pay_list":null,"pay_tool":null,"行業代號":null,"行業代號1":null,"名稱1":null,"行業代號2":null,"名稱2":null,"行業代號3":null,"名稱3":null},{"index":184,"id":70000940,"user":"曾明杰","shop":"北勢寮夜市-B17 桃鳳湯/杏仁茶","category":"夜市/市場攤販","zone":"高屏","city":"屏東縣","area":"枋寮鄉","market_name":"北勢寮夜市","market_address":"","pay_list":null,"pay_tool":null,"行業代號":null,"行業代號1":null,"名稱1":null,"行業代號2":null,"名稱2":null,"行業代號3":null,"名稱3":null},{"index":185,"id":70000941,"user":"黃國明","shop":"北勢寮夜市-B37 銅鑼燒","category":"夜市/市場攤販","zone":"高屏","city":"屏東縣","area":"枋寮鄉","market_name":"北勢寮夜市","market_address":"","pay_list":null,"pay_tool":null,"行業代號":null,"行業代號1":null,"名稱1":null,"行業代號2":null,"名稱2":null,"行業代號3":null,"名稱3":null},{"index":186,"id":70000942,"user":"吳俊成","shop":"北勢寮夜市-B57 燒肉飯","category":"夜市/市場攤販","zone":"高屏","city":"屏東縣","area":"枋寮鄉","market_name":"北勢寮夜市","market_address":"","pay_list":null,"pay_tool":null,"行業代號":null,"行業代號1":null,"名稱1":null,"行業代號2":null,"名稱2":null,"行業代號3":null,"名稱3":null},{"index":187,"id":70000943,"user":"詹坤榮","shop":"北勢寮夜市-B10 土虱大王","category":"夜市/市場攤販","zone":"高屏","city":"屏東縣","area":"枋寮鄉","market_name":"北勢寮夜市","market_address":"","pay_list":null,"pay_tool":null,"行業代號":null,"行業代號1":null,"名稱1":null,"行業代號2":null,"名稱2":null,"行業代號3":null,"名稱3":null},{"index":188,"id":70000944,"user":"郭偉勝","shop":"北勢寮夜市-B53 粉圓冰","category":"夜市/市場攤販","zone":"高屏","city":"屏東縣","area":"枋寮鄉","market_name":"北勢寮夜市","market_address":"","pay_list":null,"pay_tool":null,"行業代號":null,"行業代號1":null,"名稱1":null,"行業代號2":null,"名稱2":null,"行業代號3":null,"名稱3":null},{"index":189,"id":70000945,"user":"倪義發","shop":"北勢寮夜市-B31 3C保護貼","category":"夜市/市場攤販","zone":"高屏","city":"屏東縣","area":"枋寮鄉","market_name":"北勢寮夜市","market_address":"","pay_list":null,"pay_tool":null,"行業代號":null,"行業代號1":null,"名稱1":null,"行業代號2":null,"名稱2":null,"行業代號3":null,"名稱3":null},{"index":190,"id":70000946,"user":"王陳金連","shop":"北勢寮夜市-B21 炸物/泰奶","category":"夜市/市場攤販","zone":"高屏","city":"屏東縣","area":"枋寮鄉","market_name":"北勢寮夜市","market_address":"","pay_list":null,"pay_tool":null,"行業代號":null,"行業代號1":null,"名稱1":null,"行業代號2":null,"名稱2":null,"行業代號3":null,"名稱3":null},{"index":191,"id":70000947,"user":"潘苡華","shop":"北勢寮夜市-A15 女裝","category":"夜市/市場攤販","zone":"高屏","city":"屏東縣","area":"枋寮鄉","market_name":"北勢寮夜市","market_address":"","pay_list":null,"pay_tool":null,"行業代號":null,"行業代號1":null,"名稱1":null,"行業代號2":null,"名稱2":null,"行業代號3":null,"名稱3":null},{"index":192,"id":70000948,"user":"林彩伊","shop":"北勢寮夜市-A17 內衣物","category":"夜市/市場攤販","zone":"高屏","city":"屏東縣","area":"枋寮鄉","market_name":"北勢寮夜市","market_address":"","pay_list":null,"pay_tool":null,"行業代號":null,"行業代號1":null,"名稱1":null,"行業代號2":null,"名稱2":null,"行業代號3":null,"名稱3":null},{"index":193,"id":70000949,"user":"陳振原","shop":"北勢寮夜市-A22 禾悅資訊社","category":"夜市/市場攤販","zone":"高屏","city":"屏東縣","area":"枋寮鄉","market_name":"北勢寮夜市","market_address":"","pay_list":null,"pay_tool":null,"行業代號":null,"行業代號1":null,"名稱1":null,"行業代號2":null,"名稱2":null,"行業代號3":null,"名稱3":null},{"index":194,"id":70000950,"user":"黃丁壽","shop":"北勢寮夜市-A01 棉被/床單","category":"夜市/市場攤販","zone":"高屏","city":"屏東縣","area":"枋寮鄉","market_name":"北勢寮夜市","market_address":"","pay_list":null,"pay_tool":null,"行業代號":null,"行業代號1":null,"名稱1":null,"行業代號2":null,"名稱2":null,"行業代號3":null,"名稱3":null},{"index":195,"id":70000951,"user":"葉立玲","shop":"北勢寮夜市-B33 麵包","category":"夜市/市場攤販","zone":"高屏","city":"屏東縣","area":"枋寮鄉","market_name":"北勢寮夜市","market_address":"","pay_list":null,"pay_tool":null,"行業代號":null,"行業代號1":null,"名稱1":null,"行業代號2":null,"名稱2":null,"行業代號3":null,"名稱3":null},{"index":196,"id":70000952,"user":"潘嘉興","shop":"北勢寮夜市-A39 3C貼模/配件","category":"夜市/市場攤販","zone":"高屏","city":"屏東縣","area":"枋寮鄉","market_name":"北勢寮夜市","market_address":"","pay_list":null,"pay_tool":null,"行業代號":null,"行業代號1":null,"名稱1":null,"行業代號2":null,"名稱2":null,"行業代號3":null,"名稱3":null},{"index":197,"id":70000953,"user":"陳高陞","shop":"北勢寮夜市-B42 服飾","category":"夜市/市場攤販","zone":"高屏","city":"屏東縣","area":"枋寮鄉","market_name":"北勢寮夜市","market_address":"","pay_list":null,"pay_tool":null,"行業代號":null,"行業代號1":null,"名稱1":null,"行業代號2":null,"名稱2":null,"行業代號3":null,"名稱3":null},{"index":198,"id":70000954,"user":"吳宜庭","shop":"北勢寮夜市-A10/B09 鹹水雞(小ㄠ雞)","category":"夜市/市場攤販","zone":"高屏","city":"屏東縣","area":"枋寮鄉","market_name":"北勢寮夜市","market_address":"","pay_list":null,"pay_tool":null,"行業代號":null,"行業代號1":null,"名稱1":null,"行業代號2":null,"名稱2":null,"行業代號3":null,"名稱3":null},{"index":199,"id":70000955,"user":"許美香","shop":"北勢寮夜市-A50 女裝","category":"夜市/市場攤販","zone":"高屏","city":"屏東縣","area":"枋寮鄉","market_name":"北勢寮夜市","market_address":"","pay_list":null,"pay_tool":null,"行業代號":null,"行業代號1":null,"名稱1":null,"行業代號2":null,"名稱2":null,"行業代號3":null,"名稱3":null},{"index":200,"id":70000956,"user":"葉宗興","shop":"北勢寮夜市-B47 童裝","category":"夜市/市場攤販","zone":"高屏","city":"屏東縣","area":"枋寮鄉","market_name":"北勢寮夜市","market_address":"","pay_list":null,"pay_tool":null,"行業代號":null,"行業代號1":null,"名稱1":null,"行業代號2":null,"名稱2":null,"行業代號3":null,"名稱3":null}]