[{"index":1,"id":30040970,"category":"夜市小吃/市場","city":"彰化縣","area":"彰化市","market_name":"民生公有零售市場","market_address":"彰化縣彰化市信義里長壽街75號之1","shop":"民生公有零售市場 采韻服飾","pay_list":["台灣 PAY"],"zone":"中彰投","user":"郭妙君","pay_tool":["行動支付"]},{"index":2,"id":30041078,"category":"夜市小吃/市場","city":"彰化縣","area":"彰化市","market_name":"民權公有零售市場","market_address":"彰化縣彰化市富貴里民權路155號","shop":"民權公有零售市場 林俊勳","pay_list":["台灣 PAY"],"zone":"中彰投","user":"林俊勳","pay_tool":["行動支付"]},{"index":3,"id":30041099,"category":"夜市小吃/市場","city":"彰化縣","area":"彰化市","market_name":"民權公有零售市場","market_address":"彰化縣彰化市富貴里民權路155號","shop":"民權公有零售市場 施慧如","pay_list":["台灣 PAY"],"zone":"中彰投","user":"施慧如","pay_tool":["行動支付"]},{"index":4,"id":30041102,"category":"夜市小吃/市場","city":"彰化縣","area":"彰化市","market_name":"民權公有零售市場","market_address":"彰化縣彰化市富貴里民權路155號","shop":"民權公有零售市場 賴玉梅","pay_list":["台灣 PAY"],"zone":"中彰投","user":"賴玉梅","pay_tool":["行動支付"]},{"index":5,"id":30041191,"category":"夜市小吃/市場","city":"彰化縣","area":"彰化市","market_name":"南門公有零售市場","market_address":"彰化縣彰化市中央里民族路503號","shop":"南門公有零售市場 A古滷味","pay_list":["台灣 PAY"],"zone":"中彰投","user":"張益朗","pay_tool":["行動支付"]},{"index":6,"id":30041204,"category":"夜市小吃/市場","city":"彰化縣","area":"彰化市","market_name":"南門公有零售市場","market_address":"彰化縣彰化市中央里民族路503號","shop":"南門公有零售市場 27","pay_list":["台灣 PAY"],"zone":"中彰投","user":"黃政榮","pay_tool":["行動支付"]},{"index":7,"id":30041242,"category":"夜市小吃/市場","city":"彰化縣","area":"彰化市","market_name":"南門公有零售市場","market_address":"彰化縣彰化市中央里民族路503號","shop":"南門公有零售市場 四五番食堂","pay_list":["台灣 PAY"],"zone":"中彰投","user":"林建志","pay_tool":["行動支付"]},{"index":8,"id":30041262,"category":"夜市小吃/市場","city":"彰化縣","area":"彰化市","market_name":"南門公有零售市場","market_address":"彰化縣彰化市中央里民族路503號","shop":"南門公有零售市場 79","pay_list":["台灣 PAY"],"zone":"中彰投","user":"謝明村","pay_tool":["行動支付"]},{"index":9,"id":30041275,"category":"夜市小吃/市場","city":"彰化縣","area":"彰化市","market_name":"南門公有零售市場","market_address":"彰化縣彰化市中央里民族路503號","shop":"南門公有零售市場 91","pay_list":["台灣 PAY"],"zone":"中彰投","user":"許妤柔","pay_tool":["行動支付"]},{"index":10,"id":30041276,"category":"夜市小吃/市場","city":"彰化縣","area":"彰化市","market_name":"南門公有零售市場","market_address":"彰化縣彰化市中央里民族路503號","shop":"南門公有零售市場 92","pay_list":["台灣 PAY"],"zone":"中彰投","user":"許寶霞","pay_tool":["行動支付"]},{"index":11,"id":30041282,"category":"夜市小吃/市場","city":"彰化縣","area":"彰化市","market_name":"南門公有零售市場","market_address":"彰化縣彰化市中央里民族路503號","shop":"南門公有零售市場 97","pay_list":["台灣 PAY"],"zone":"中彰投","user":"巫秋菊","pay_tool":["行動支付"]},{"index":12,"id":30041295,"category":"夜市小吃/市場","city":"彰化縣","area":"彰化市","market_name":"南門公有零售市場","market_address":"彰化縣彰化市中央里民族路503號","shop":"南門公有零售市場 109","pay_list":["台灣 PAY"],"zone":"中彰投","user":"許云","pay_tool":["行動支付"]},{"index":13,"id":30041349,"category":"夜市小吃/市場","city":"彰化縣","area":"彰化市","market_name":"南門公有零售市場","market_address":"彰化縣彰化市中央里民族路503號","shop":"南門公有零售市場 158","pay_list":["台灣 PAY"],"zone":"中彰投","user":"林素圓","pay_tool":["行動支付"]},{"index":14,"id":30041350,"category":"夜市小吃/市場","city":"彰化縣","area":"彰化市","market_name":"南門公有零售市場","market_address":"彰化縣彰化市中央里民族路503號","shop":"南門公有零售市場 咖ㄟ香菇肉羹","pay_list":["台灣 PAY"],"zone":"中彰投","user":"周麗雅","pay_tool":["行動支付"]},{"index":15,"id":30041381,"category":"夜市小吃/市場","city":"彰化縣","area":"彰化市","market_name":"華陽公有零售市場","market_address":"彰化縣彰化市華陽里旭光路69號","shop":"華陽公有零售市場 韻豐水果行","pay_list":["台灣 PAY"],"zone":"中彰投","user":"李佩芬","pay_tool":["行動支付"]},{"index":16,"id":30041392,"category":"夜市小吃/市場","city":"彰化縣","area":"彰化市","market_name":"華陽公有零售市場","market_address":"彰化縣彰化市華陽里旭光路69號","shop":"華陽公有零售市場 鄭美惠","pay_list":["台灣 PAY"],"zone":"中彰投","user":"鄭美惠","pay_tool":["行動支付"]},{"index":17,"id":30041404,"category":"夜市小吃/市場","city":"彰化縣","area":"彰化市","market_name":"華陽公有零售市場","market_address":"彰化縣彰化市華陽里旭光路69號","shop":"華陽公有零售市場 施素蘭","pay_list":["台灣 PAY"],"zone":"中彰投","user":"施素蘭","pay_tool":["行動支付"]},{"index":18,"id":30041431,"category":"夜市小吃/市場","city":"彰化縣","area":"彰化市","market_name":"華陽公有零售市場","market_address":"彰化縣彰化市華陽里旭光路69號","shop":"華陽公有零售市場 游滿足","pay_list":["台灣 PAY"],"zone":"中彰投","user":"游滿足","pay_tool":["行動支付"]},{"index":19,"id":30041436,"category":"夜市小吃/市場","city":"彰化縣","area":"彰化市","market_name":"華陽公有零售市場","market_address":"彰化縣彰化市華陽里旭光路69號","shop":"華陽公有零售市場 林家拉仔麵","pay_list":["台灣 PAY"],"zone":"中彰投","user":"林國呈","pay_tool":["行動支付"]},{"index":20,"id":30041442,"category":"夜市小吃/市場","city":"彰化縣","area":"彰化市","market_name":"華陽公有零售市場","market_address":"彰化縣彰化市華陽里旭光路69號","shop":"華陽公有零售市場 林鈺凌","pay_list":["台灣 PAY"],"zone":"中彰投","user":"林鈺凌","pay_tool":["行動支付"]},{"index":21,"id":30041456,"category":"夜市小吃/市場","city":"彰化縣","area":"彰化市","market_name":"華陽公有零售市場","market_address":"彰化縣彰化市華陽里旭光路69號","shop":"華陽公有零售市場 許耘滐","pay_list":["台灣 PAY"],"zone":"中彰投","user":"許耘滐","pay_tool":["行動支付"]},{"index":22,"id":30041457,"category":"夜市小吃/市場","city":"彰化縣","area":"彰化市","market_name":"華陽公有零售市場","market_address":"彰化縣彰化市華陽里旭光路69號","shop":"華陽公有零售市場 黑頭碗粿","pay_list":["台灣 PAY"],"zone":"中彰投","user":"許榮森","pay_tool":["行動支付"]},{"index":23,"id":30041458,"category":"夜市小吃/市場","city":"彰化縣","area":"彰化市","market_name":"華陽公有零售市場","market_address":"彰化縣彰化市華陽里旭光路69號","shop":"華陽公有零售市場 許士昌","pay_list":["台灣 PAY"],"zone":"中彰投","user":"許士昌","pay_tool":["行動支付"]},{"index":24,"id":30041462,"category":"夜市小吃/市場","city":"彰化縣","area":"彰化市","market_name":"華陽公有零售市場","market_address":"彰化縣彰化市華陽里旭光路69號","shop":"華陽公有零售市場 陳舒茹","pay_list":["台灣 PAY"],"zone":"中彰投","user":"陳舒茹","pay_tool":["行動支付"]},{"index":25,"id":30041475,"category":"夜市小吃/市場","city":"彰化縣","area":"彰化市","market_name":"華陽公有零售市場","market_address":"彰化縣彰化市華陽里旭光路69號","shop":"華陽公有零售市場 高義鮮魚攤","pay_list":["台灣 PAY"],"zone":"中彰投","user":"吳錫義","pay_tool":["行動支付"]},{"index":26,"id":30041487,"category":"夜市小吃/市場","city":"彰化縣","area":"彰化市","market_name":"華陽公有零售市場","market_address":"彰化縣彰化市華陽里旭光路69號","shop":"華陽公有零售市場 葉素杏","pay_list":["台灣 PAY"],"zone":"中彰投","user":"葉素杏","pay_tool":["行動支付"]},{"index":27,"id":30041503,"category":"夜市小吃/市場","city":"彰化縣","area":"彰化市","market_name":"華陽公有零售市場","market_address":"彰化縣彰化市華陽里旭光路69號","shop":"華陽公有零售市場 金雞農牧場","pay_list":["台灣 PAY"],"zone":"中彰投","user":"吳淑芬","pay_tool":["行動支付"]}]