[{"index":1,"shop":"明明園有限公司","zone":"北北基","city":"臺北市","area":"松山區","market_address":"臺北市松山區東勢里南京東路４段９３號７樓","user":"嚴凱彬","行業代號":"563200","market_name":["調理飲料攤販"],"行業代號1":"","名稱1":"","行業代號2":"","名稱2":"","行業代號3":"","名稱3":"","category":["夜市/市場攤販"],"id":60017600},{"index":2,"shop":"六個六股份有限公司三民店","zone":"北北基","city":"臺北市","area":"松山區","market_address":"臺北市松山區東光里南京東路５段１６３―３號","user":"朱立民","行業代號":"563200","market_name":["調理飲料攤販"],"行業代號1":"","名稱1":"","行業代號2":"","名稱2":"","行業代號3":"","名稱3":"","category":["夜市/市場攤販"],"id":60026492},{"index":3,"shop":"禾豐小吃店","zone":"北北基","city":"臺北市","area":"松山區","market_address":"臺北市松山區中華里敦化北路１６５巷３號","user":"邱謙駿","行業代號":"561115","market_name":["餐館、餐廳","餐食攤販"],"行業代號1":"561200","名稱1":"餐食攤販","行業代號2":"","名稱2":"","行業代號3":"","名稱3":"","category":["餐飲","夜市/市場攤販"],"id":60038224},{"index":4,"shop":"佳順自助餐店","zone":"北北基","city":"臺北市","area":"松山區","market_address":"臺北市松山區八德路３段１２巷５弄１８號１樓","user":"陳泰騏","行業代號":"561200","market_name":["餐食攤販"],"行業代號1":"","名稱1":"","行業代號2":"","名稱2":"","行業代號3":"","名稱3":"","category":["夜市/市場攤販"],"id":60039281},{"index":5,"shop":"鮮透抽米粉店","zone":"北北基","city":"臺北市","area":"松山區","market_address":"臺北市松山區美仁里北寧路２４號１樓","user":"潘亞俐","行業代號":"561200","market_name":["飲料零售","餐食攤販"],"行業代號1":"472914","名稱1":"飲料零售","行業代號2":"","名稱2":"","行業代號3":"","名稱3":"","category":["夜市/市場攤販"],"id":60039301},{"index":6,"shop":"緯大雞排店","zone":"北北基","city":"臺北市","area":"松山區","market_address":"臺北市松山區美仁里北寧路３４號","user":"劉紹緯","行業代號":"561200","market_name":["飲料零售","餐食攤販"],"行業代號1":"472914","名稱1":"飲料零售","行業代號2":"","名稱2":"","行業代號3":"","名稱3":"","category":["夜市/市場攤販"],"id":60044015},{"index":7,"shop":"米多林脆皮雞蛋糕","zone":"北北基","city":"臺北市","area":"松山區","market_address":"臺北市松山區東光里南京東路５段１２３巷１５號","user":"羅珮琦","行業代號":"561200","market_name":["餐食攤販"],"行業代號1":"","名稱1":"","行業代號2":"","名稱2":"","行業代號3":"","名稱3":"","category":["夜市/市場攤販"],"id":60068065},{"index":8,"shop":"金霸王小吃店","zone":"北北基","city":"臺北市","area":"松山區","market_address":"臺北市松山區中華里健康路５巷２號１樓","user":"黃淑菁","行業代號":"561200","market_name":["綜合商品批發","餐食攤販"],"行業代號1":"452000","名稱1":"綜合商品批發","行業代號2":"","名稱2":"","行業代號3":"","名稱3":"","category":["夜市/市場攤販"],"id":60075799}]