[{"index":1,"shop":"明明園有限公司內湖店","zone":"北北基","city":"臺北市","area":"內湖區","market_address":"臺北市內湖區西湖里內湖路一段２８５巷３號１樓","user":"嚴凱彬","行業代號":"563200","market_name":["調理飲料攤販"],"行業代號1":"","名稱1":"","行業代號2":"","名稱2":"","行業代號3":"","名稱3":"","category":["夜市/市場攤販"],"id":60024961},{"index":2,"shop":"裕億雜貨店","zone":"北北基","city":"臺北市","area":"內湖區","market_address":"臺北市內湖區成功路４段３２０號１樓","user":"謝廖月英","行業代號":"561200","market_name":["餐食攤販"],"行業代號1":"","名稱1":"","行業代號2":"","名稱2":"","行業代號3":"","名稱3":"","category":["夜市/市場攤販"],"id":60032387},{"index":3,"shop":"四如小吃店","zone":"北北基","city":"臺北市","area":"內湖區","market_address":"臺北市內湖區東湖里東湖路１１９巷５０弄９號","user":"林靜芬","行業代號":"561200","market_name":["餐食攤販"],"行業代號1":"","名稱1":"","行業代號2":"","名稱2":"","行業代號3":"","名稱3":"","category":["夜市/市場攤販"],"id":60038229},{"index":4,"shop":"三姐美食坊","zone":"北北基","city":"臺北市","area":"內湖區","market_address":"臺北市內湖區西湖里內湖路一段２８５號２樓","user":"吳睿璌","行業代號":"561200","market_name":["餐食攤販"],"行業代號1":"","名稱1":"","行業代號2":"","名稱2":"","行業代號3":"","名稱3":"","category":["夜市/市場攤販"],"id":60046405},{"index":5,"shop":"李家牛肉麵","zone":"北北基","city":"臺北市","area":"內湖區","market_address":"臺北市內湖區金瑞里金龍路２３６號","user":"李秉鈞","行業代號":"561200","market_name":["餐食攤販"],"行業代號1":"","名稱1":"","行業代號2":"","名稱2":"","行業代號3":"","名稱3":"","category":["夜市/市場攤販"],"id":60046548},{"index":6,"shop":"千千的虎掌燒店","zone":"北北基","city":"臺北市","area":"內湖區","market_address":"臺北市內湖區西湖里內湖路一段２８５巷６１弄１號","user":"祝伯元","行業代號":"561200","market_name":["餐食攤販"],"行業代號1":"","名稱1":"","行業代號2":"","名稱2":"","行業代號3":"","名稱3":"","category":["夜市/市場攤販"],"id":60120492},{"index":7,"shop":"奈司可麗餅專賣店","zone":"北北基","city":"臺北市","area":"內湖區","market_address":"臺北市內湖區內湖里金龍路５２號１樓","user":"林佑修","行業代號":"561200","market_name":["飲料零售","餐食攤販"],"行業代號1":"472914","名稱1":"飲料零售","行業代號2":"","名稱2":"","行業代號3":"","名稱3":"","category":["夜市/市場攤販"],"id":60125317}]