[{"index":1,"id":20005804,"user":"簡妙惠","shop":"惠阿姨滷味","category":["夜市/市場攤販"],"zone":"花蓮","city":"花蓮縣","area":"壽豐鄉","market_name":["餐食攤販"],"market_address":"花蓮縣壽豐鄉志學村７鄰中正路２１號","pay_list":["LINE PAY MONEY"],"pay_tool":["行動支付"],"行業代號":null,"行業代號1":null,"名稱1":null,"行業代號2":null,"名稱2":null,"行業代號3":null,"名稱3":null},{"index":2,"id":20018034,"user":"胡美華","shop":"港龍燒臘店","category":["夜市/市場攤販"],"zone":"花蓮","city":"花蓮縣","area":"壽豐鄉","market_name":["餐食攤販"],"market_address":"花蓮縣壽豐鄉志學村２２鄰中正路９９號","pay_list":"","pay_tool":"","行業代號":null,"行業代號1":null,"名稱1":null,"行業代號2":null,"名稱2":null,"行業代號3":null,"名稱3":null},{"index":3,"id":20018410,"user":"吳宗益","shop":"媽媽的味道","category":["夜市/市場攤販"],"zone":"花蓮","city":"花蓮縣","area":"壽豐鄉","market_name":["餐食攤販"],"market_address":"花蓮縣壽豐鄉志學村中正路５９－３號","pay_list":"","pay_tool":"","行業代號":null,"行業代號1":null,"名稱1":null,"行業代號2":null,"名稱2":null,"行業代號3":null,"名稱3":null},{"index":4,"id":20020351,"user":"陳玲","shop":"大陸妹小吃店","category":["夜市/市場攤販"],"zone":"花蓮","city":"花蓮縣","area":"壽豐鄉","market_name":["餐食攤販"],"market_address":"花蓮縣壽豐鄉壽豐村壽豐路１段１１６號１樓","pay_list":"","pay_tool":"","行業代號":null,"行業代號1":null,"名稱1":null,"行業代號2":null,"名稱2":null,"行業代號3":null,"名稱3":null},{"index":5,"id":20042864,"user":"梁文俊","shop":"攤販－梁文俊","category":["夜市/市場攤販"],"zone":"花蓮","city":"花蓮縣","area":"壽豐鄉","market_name":["餐食攤販"],"market_address":"花蓮縣壽豐鄉志學村中正路１３２巷巷口","pay_list":"","pay_tool":"","行業代號":null,"行業代號1":null,"名稱1":null,"行業代號2":null,"名稱2":null,"行業代號3":null,"名稱3":null},{"index":6,"id":20051087,"user":"林金光","shop":"鵝冰舖","category":["夜市/市場攤販"],"zone":"花蓮","city":"花蓮縣","area":"壽豐鄉","market_name":["餐食攤販"],"market_address":"花蓮縣壽豐鄉樹湖村樹湖２０號旁","pay_list":"","pay_tool":"","行業代號":null,"行業代號1":null,"名稱1":null,"行業代號2":null,"名稱2":null,"行業代號3":null,"名稱3":null},{"index":7,"id":60041936,"user":"高惠蘭","shop":"學士泡沫紅茶","category":["餐飲","夜市/市場攤販"],"zone":"花蓮","city":"花蓮縣","area":"壽豐鄉","market_name":["冰果店、冷（熱）飲店","餐食攤販"],"market_address":"花蓮縣壽豐鄉豐山村中興路１６號","pay_list":null,"pay_tool":null,"行業代號":"563111","行業代號1":"561200","名稱1":"餐食攤販","行業代號2":"","名稱2":"","行業代號3":"","名稱3":""}]