[{"index":1,"id":10031058,"user":"蔡秀敏","shop":"公有第一攤販市場-水產","category":"夜市/市場攤販","zone":"雲嘉南","city":"嘉義縣","area":"義竹鄉","market_name":"公有第一攤販市場","market_address":"嘉義縣義竹鄉六桂村238-13號","pay_list":"","pay_tool":""},{"index":2,"id":10031060,"user":"蕭雅芳","shop":"公有第一攤販市場-漁產","category":"夜市/市場攤販","zone":"雲嘉南","city":"嘉義縣","area":"義竹鄉","market_name":"公有第一攤販市場","market_address":"嘉義縣義竹鄉六桂村238-13號","pay_list":"","pay_tool":""},{"index":3,"id":10031061,"user":"薛淑文","shop":"公有第一攤販市場-雜貨","category":"夜市/市場攤販","zone":"雲嘉南","city":"嘉義縣","area":"義竹鄉","market_name":"公有第一攤販市場","market_address":"嘉義縣義竹鄉六桂村238-13號","pay_list":"","pay_tool":""},{"index":4,"id":10031062,"user":"翁海平","shop":"公有第一攤販市場-畜肉","category":"夜市/市場攤販","zone":"雲嘉南","city":"嘉義縣","area":"義竹鄉","market_name":"公有第一攤販市場","market_address":"嘉義縣義竹鄉六桂村238-13號","pay_list":"","pay_tool":""},{"index":5,"id":10031063,"user":"翁芳昌","shop":"公有第一攤販市場-蔬菜","category":"夜市/市場攤販","zone":"雲嘉南","city":"嘉義縣","area":"義竹鄉","market_name":"公有第一攤販市場","market_address":"嘉義縣義竹鄉六桂村238-13號","pay_list":"","pay_tool":""},{"index":6,"id":10031064,"user":"吳許碧霞","shop":"公有第一攤販市場-飲食","category":"夜市/市場攤販","zone":"雲嘉南","city":"嘉義縣","area":"義竹鄉","market_name":"公有第一攤販市場","market_address":"嘉義縣義竹鄉六桂村238-13號","pay_list":"","pay_tool":""},{"index":7,"id":10031065,"user":"許榮瑞","shop":"公有第一攤販市場-雜貨","category":"夜市/市場攤販","zone":"雲嘉南","city":"嘉義縣","area":"義竹鄉","market_name":"公有第一攤販市場","market_address":"嘉義縣義竹鄉六桂村238-13號","pay_list":"","pay_tool":""},{"index":8,"id":10031066,"user":"蔡錦霞","shop":"公有第一攤販市場-水產","category":"夜市/市場攤販","zone":"雲嘉南","city":"嘉義縣","area":"義竹鄉","market_name":"公有第一攤販市場","market_address":"嘉義縣義竹鄉六桂村238-13號","pay_list":"","pay_tool":""},{"index":9,"id":10031067,"user":"謝金鑾","shop":"公有第一攤販市場-水產","category":"夜市/市場攤販","zone":"雲嘉南","city":"嘉義縣","area":"義竹鄉","market_name":"公有第一攤販市場","market_address":"嘉義縣義竹鄉六桂村238-13號","pay_list":"","pay_tool":""},{"index":10,"id":10031068,"user":"蔡月蟾","shop":"公有第一攤販市場-水產","category":"夜市/市場攤販","zone":"雲嘉南","city":"嘉義縣","area":"義竹鄉","market_name":"公有第一攤販市場","market_address":"嘉義縣義竹鄉六桂村238-13號","pay_list":"","pay_tool":""},{"index":11,"id":10031069,"user":"郭其文","shop":"公有第一攤販市場-雜貨","category":"夜市/市場攤販","zone":"雲嘉南","city":"嘉義縣","area":"義竹鄉","market_name":"公有第一攤販市場","market_address":"嘉義縣義竹鄉六桂村238-13號","pay_list":"","pay_tool":""},{"index":12,"id":10031071,"user":"翁婉榛","shop":"公有第一攤販市場-畜肉","category":"夜市/市場攤販","zone":"雲嘉南","city":"嘉義縣","area":"義竹鄉","market_name":"公有第一攤販市場","market_address":"嘉義縣義竹鄉六桂村238-13號","pay_list":"","pay_tool":""},{"index":13,"id":10031072,"user":"翁劉環","shop":"公有第一攤販市場-其他","category":"夜市/市場攤販","zone":"雲嘉南","city":"嘉義縣","area":"義竹鄉","market_name":"公有第一攤販市場","market_address":"嘉義縣義竹鄉六桂村238-13號","pay_list":"","pay_tool":""},{"index":14,"id":10031073,"user":"翁陳月英","shop":"公有第一攤販市場-禽肉","category":"夜市/市場攤販","zone":"雲嘉南","city":"嘉義縣","area":"義竹鄉","market_name":"公有第一攤販市場","market_address":"嘉義縣義竹鄉六桂村238-13號","pay_list":"","pay_tool":""},{"index":15,"id":10031074,"user":"翁錫賢","shop":"公有第一攤販市場-畜肉","category":"夜市/市場攤販","zone":"雲嘉南","city":"嘉義縣","area":"義竹鄉","market_name":"公有第一攤販市場","market_address":"嘉義縣義竹鄉六桂村238-13號","pay_list":"","pay_tool":""},{"index":16,"id":10031075,"user":"翁愷霠","shop":"公有第一攤販市場-畜肉","category":"夜市/市場攤販","zone":"雲嘉南","city":"嘉義縣","area":"義竹鄉","market_name":"公有第一攤販市場","market_address":"嘉義縣義竹鄉六桂村238-13號","pay_list":"","pay_tool":""},{"index":17,"id":10031076,"user":"翁江梁","shop":"公有第一攤販市場-畜肉","category":"夜市/市場攤販","zone":"雲嘉南","city":"嘉義縣","area":"義竹鄉","market_name":"公有第一攤販市場","market_address":"嘉義縣義竹鄉六桂村238-13號","pay_list":"","pay_tool":""},{"index":18,"id":10031077,"user":"趙淵秋","shop":"公有第一攤販市場-畜肉","category":"夜市/市場攤販","zone":"雲嘉南","city":"嘉義縣","area":"義竹鄉","market_name":"公有第一攤販市場","market_address":"嘉義縣義竹鄉六桂村238-13號","pay_list":"","pay_tool":""},{"index":19,"id":10031078,"user":"翁秀月","shop":"公有第一攤販市場-雜貨","category":"夜市/市場攤販","zone":"雲嘉南","city":"嘉義縣","area":"義竹鄉","market_name":"公有第一攤販市場","market_address":"嘉義縣義竹鄉六桂村238-13號","pay_list":"","pay_tool":""},{"index":20,"id":10031079,"user":"翁棟結","shop":"公有第一攤販市場-雜貨","category":"夜市/市場攤販","zone":"雲嘉南","city":"嘉義縣","area":"義竹鄉","market_name":"公有第一攤販市場","market_address":"嘉義縣義竹鄉六桂村238-13號","pay_list":"","pay_tool":""},{"index":21,"id":10031080,"user":"翁滿足","shop":"公有第一攤販市場-蔬菜","category":"夜市/市場攤販","zone":"雲嘉南","city":"嘉義縣","area":"義竹鄉","market_name":"公有第一攤販市場","market_address":"嘉義縣義竹鄉六桂村238-13號","pay_list":"","pay_tool":""},{"index":22,"id":10031082,"user":"鄭翁津桂","shop":"公有第一攤販市場-雜貨","category":"夜市/市場攤販","zone":"雲嘉南","city":"嘉義縣","area":"義竹鄉","market_name":"公有第一攤販市場","market_address":"嘉義縣義竹鄉六桂村238-13號","pay_list":"","pay_tool":""},{"index":23,"id":10031083,"user":"李麗梅","shop":"公有第一攤販市場-畜肉","category":"夜市/市場攤販","zone":"雲嘉南","city":"嘉義縣","area":"義竹鄉","market_name":"公有第一攤販市場","market_address":"嘉義縣義竹鄉六桂村238-13號","pay_list":"","pay_tool":""},{"index":24,"id":10031084,"user":"郭美幸","shop":"公有第一攤販市場-漁產","category":"夜市/市場攤販","zone":"雲嘉南","city":"嘉義縣","area":"義竹鄉","market_name":"公有第一攤販市場","market_address":"嘉義縣義竹鄉六桂村238-13號","pay_list":"","pay_tool":""},{"index":25,"id":10031085,"user":"蘇玉珍","shop":"公有第一攤販市場-其他","category":"夜市/市場攤販","zone":"雲嘉南","city":"嘉義縣","area":"義竹鄉","market_name":"公有第一攤販市場","market_address":"嘉義縣義竹鄉六桂村238-13號","pay_list":"","pay_tool":""},{"index":26,"id":10031086,"user":"蔡李美容","shop":"公有第一攤販市場-獸肉","category":"夜市/市場攤販","zone":"雲嘉南","city":"嘉義縣","area":"義竹鄉","market_name":"公有第一攤販市場","market_address":"嘉義縣義竹鄉六桂村238-13號","pay_list":"","pay_tool":""},{"index":27,"id":10031087,"user":"翁碧川","shop":"公有第一攤販市場-蔬菜","category":"夜市/市場攤販","zone":"雲嘉南","city":"嘉義縣","area":"義竹鄉","market_name":"公有第一攤販市場","market_address":"嘉義縣義竹鄉六桂村238-13號","pay_list":"","pay_tool":""},{"index":28,"id":10031088,"user":"洪鈺超","shop":"公有第一攤販市場-食品","category":"夜市/市場攤販","zone":"雲嘉南","city":"嘉義縣","area":"義竹鄉","market_name":"公有第一攤販市場","market_address":"嘉義縣義竹鄉六桂村238-13號","pay_list":"","pay_tool":""},{"index":29,"id":10031089,"user":"黃春生","shop":"公有第一攤販市場-蔬菜","category":"夜市/市場攤販","zone":"雲嘉南","city":"嘉義縣","area":"義竹鄉","market_name":"公有第一攤販市場","market_address":"嘉義縣義竹鄉六桂村238-13號","pay_list":"","pay_tool":""},{"index":30,"id":10031090,"user":"蔡佳秝","shop":"公有第一攤販市場-蔬菜","category":"夜市/市場攤販","zone":"雲嘉南","city":"嘉義縣","area":"義竹鄉","market_name":"公有第一攤販市場","market_address":"嘉義縣義竹鄉六桂村238-13號","pay_list":"","pay_tool":""},{"index":31,"id":10031091,"user":"顏秀娟","shop":"公有第一攤販市場-蔬菜","category":"夜市/市場攤販","zone":"雲嘉南","city":"嘉義縣","area":"義竹鄉","market_name":"公有第一攤販市場","market_address":"嘉義縣義竹鄉六桂村238-13號","pay_list":"","pay_tool":""},{"index":32,"id":10031093,"user":"張?誾","shop":"公有第一攤販市場-飲食","category":"夜市/市場攤販","zone":"雲嘉南","city":"嘉義縣","area":"義竹鄉","market_name":"公有第一攤販市場","market_address":"嘉義縣義竹鄉六桂村238-13號","pay_list":"","pay_tool":""},{"index":33,"id":10031094,"user":"胡林美玉","shop":"公有第一攤販市場-蔬菜","category":"夜市/市場攤販","zone":"雲嘉南","city":"嘉義縣","area":"義竹鄉","market_name":"公有第一攤販市場","market_address":"嘉義縣義竹鄉六桂村238-13號","pay_list":"","pay_tool":""},{"index":34,"id":10031095,"user":"謝佩燁","shop":"公有第一攤販市場-飲食","category":"夜市/市場攤販","zone":"雲嘉南","city":"嘉義縣","area":"義竹鄉","market_name":"公有第一攤販市場","market_address":"嘉義縣義竹鄉六桂村238-13號","pay_list":"","pay_tool":""},{"index":35,"id":10031096,"user":"翁銘鴻","shop":"公有第一攤販市場-飲食","category":"夜市/市場攤販","zone":"雲嘉南","city":"嘉義縣","area":"義竹鄉","market_name":"公有第一攤販市場","market_address":"嘉義縣義竹鄉六桂村238-13號","pay_list":"","pay_tool":""},{"index":36,"id":10031097,"user":"李美雲","shop":"公有第一攤販市場-飲食","category":"夜市/市場攤販","zone":"雲嘉南","city":"嘉義縣","area":"義竹鄉","market_name":"公有第一攤販市場","market_address":"嘉義縣義竹鄉六桂村238-13號","pay_list":"","pay_tool":""},{"index":37,"id":10031098,"user":"陳秀玫","shop":"公有第一攤販市場-飲食","category":"夜市/市場攤販","zone":"雲嘉南","city":"嘉義縣","area":"義竹鄉","market_name":"公有第一攤販市場","market_address":"嘉義縣義竹鄉六桂村238-13號","pay_list":"","pay_tool":""},{"index":38,"id":10031099,"user":"李國麟","shop":"公有第一攤販市場-飲食","category":"夜市/市場攤販","zone":"雲嘉南","city":"嘉義縣","area":"義竹鄉","market_name":"公有第一攤販市場","market_address":"嘉義縣義竹鄉六桂村238-13號","pay_list":"","pay_tool":""},{"index":39,"id":10031100,"user":"李宜倩","shop":"公有第一攤販市場-飲食","category":"夜市/市場攤販","zone":"雲嘉南","city":"嘉義縣","area":"義竹鄉","market_name":"公有第一攤販市場","market_address":"嘉義縣義竹鄉六桂村238-13號","pay_list":"","pay_tool":""},{"index":40,"id":10031101,"user":"黃靖閔","shop":"公有第一攤販市場-水果","category":"夜市/市場攤販","zone":"雲嘉南","city":"嘉義縣","area":"義竹鄉","market_name":"公有第一攤販市場","market_address":"嘉義縣義竹鄉六桂村238-13號","pay_list":"","pay_tool":""},{"index":41,"id":10031102,"user":"吳宗倫","shop":"公有第一攤販市場-水果","category":"夜市/市場攤販","zone":"雲嘉南","city":"嘉義縣","area":"義竹鄉","market_name":"公有第一攤販市場","market_address":"嘉義縣義竹鄉六桂村238-13號","pay_list":"","pay_tool":""},{"index":42,"id":10031104,"user":"謝翁月秀","shop":"公有第一攤販市場-飲食","category":"夜市/市場攤販","zone":"雲嘉南","city":"嘉義縣","area":"義竹鄉","market_name":"公有第一攤販市場","market_address":"嘉義縣義竹鄉六桂村238-13號","pay_list":"","pay_tool":""},{"index":43,"id":20046500,"user":"張竣硯","shop":"小妞魯味義竹店","category":["夜市/市場攤販"],"zone":"雲嘉南","city":"嘉義縣","area":"義竹鄉","market_name":["餐食攤販"],"market_address":"嘉義縣義竹鄉義竹村８８號","pay_list":"","pay_tool":""}]