[{"index":1,"id":10000000,"user":"林盈圖","shop":"興仁花園夜市-E1.2-阿土伯-8元打香腸","category":"夜市/市場攤販","zone":"桃竹苗","city":"桃園市","area":"八德區","market_name":"興仁花園夜市","market_address":"桃園市八德區長興路46號","pay_list":"","pay_tool":"","行業代號":null,"行業代號1":null,"名稱1":null,"行業代號2":null,"名稱2":null,"行業代號3":null,"名稱3":null},{"index":2,"id":10000001,"user":"郭名揚","shop":"興仁花園夜市-E8-愛玉屋-天然手作","category":"夜市/市場攤販","zone":"桃竹苗","city":"桃園市","area":"八德區","market_name":"興仁花園夜市","market_address":"桃園市八德區長興路46號","pay_list":"","pay_tool":"","行業代號":null,"行業代號1":null,"名稱1":null,"行業代號2":null,"名稱2":null,"行業代號3":null,"名稱3":null},{"index":3,"id":10000002,"user":"林敏琪","shop":"興仁花園夜市-E10-脆皮甜甜圈","category":"夜市/市場攤販","zone":"桃竹苗","city":"桃園市","area":"八德區","market_name":"興仁花園夜市","market_address":"桃園市八德區長興路46號","pay_list":["LINE PAY MONEY"],"pay_tool":["行動支付"],"行業代號":null,"行業代號1":null,"名稱1":null,"行業代號2":null,"名稱2":null,"行業代號3":null,"名稱3":null},{"index":4,"id":10000003,"user":"陳曉諭","shop":"興仁花園夜市-E11.12-老牛豆花嫩仙草曉諭的店","category":"夜市/市場攤販","zone":"桃竹苗","city":"桃園市","area":"八德區","market_name":"興仁花園夜市","market_address":"桃園市八德區長興路46號","pay_list":["LINE PAY MONEY"],"pay_tool":["行動支付"],"行業代號":null,"行業代號1":null,"名稱1":null,"行業代號2":null,"名稱2":null,"行業代號3":null,"名稱3":null},{"index":5,"id":10000004,"user":"張明仁","shop":"興仁花園夜市-E17-奇米多雞蛋仔、冰淇淋","category":"夜市/市場攤販","zone":"桃竹苗","city":"桃園市","area":"八德區","market_name":"興仁花園夜市","market_address":"桃園市八德區長興路46號","pay_list":"","pay_tool":"","行業代號":null,"行業代號1":null,"名稱1":null,"行業代號2":null,"名稱2":null,"行業代號3":null,"名稱3":null},{"index":6,"id":10000005,"user":"廖尹輝","shop":"興仁花園夜市-E18-炸肉餅薯條墨西哥脆餅","category":"夜市/市場攤販","zone":"桃竹苗","city":"桃園市","area":"八德區","market_name":"興仁花園夜市","market_address":"桃園市八德區長興路46號","pay_list":"","pay_tool":"","行業代號":null,"行業代號1":null,"名稱1":null,"行業代號2":null,"名稱2":null,"行業代號3":null,"名稱3":null},{"index":7,"id":10000006,"user":"曾聖傑","shop":"興仁花園夜市-E22-乳酪餅法式吐司熱壓吐司","category":"夜市/市場攤販","zone":"桃竹苗","city":"桃園市","area":"八德區","market_name":"興仁花園夜市","market_address":"桃園市八德區長興路46號","pay_list":"","pay_tool":"","行業代號":null,"行業代號1":null,"名稱1":null,"行業代號2":null,"名稱2":null,"行業代號3":null,"名稱3":null},{"index":8,"id":10000007,"user":"劉燕樺","shop":"興仁花園夜市-E23-牛五花","category":"夜市/市場攤販","zone":"桃竹苗","city":"桃園市","area":"八德區","market_name":"興仁花園夜市","market_address":"桃園市八德區長興路46號","pay_list":"","pay_tool":"","行業代號":null,"行業代號1":null,"名稱1":null,"行業代號2":null,"名稱2":null,"行業代號3":null,"名稱3":null},{"index":9,"id":10000008,"user":"黃季淳","shop":"興仁花園夜市-E24魷魚船","category":"夜市/市場攤販","zone":"桃竹苗","city":"桃園市","area":"八德區","market_name":"興仁花園夜市","market_address":"桃園市八德區長興路46號","pay_list":["LINE PAY MONEY"],"pay_tool":["行動支付"],"行業代號":null,"行業代號1":null,"名稱1":null,"行業代號2":null,"名稱2":null,"行業代號3":null,"名稱3":null},{"index":10,"id":10000009,"user":"陳米雲","shop":"興仁花園夜市-E25鮮奶仙草凍茶類","category":"夜市/市場攤販","zone":"桃竹苗","city":"桃園市","area":"八德區","market_name":"興仁花園夜市","market_address":"桃園市八德區長興路46號","pay_list":"","pay_tool":"","行業代號":null,"行業代號1":null,"名稱1":null,"行業代號2":null,"名稱2":null,"行業代號3":null,"名稱3":null},{"index":11,"id":10000010,"user":"劉光慶","shop":"興仁花園夜市-E26花生冰淇淋","category":"夜市/市場攤販","zone":"桃竹苗","city":"桃園市","area":"八德區","market_name":"興仁花園夜市","market_address":"桃園市八德區長興路46號","pay_list":"","pay_tool":"","行業代號":null,"行業代號1":null,"名稱1":null,"行業代號2":null,"名稱2":null,"行業代號3":null,"名稱3":null},{"index":12,"id":10000011,"user":"張煌政","shop":"興仁花園夜市-E37.38-北海道木瓜牛奶","category":"夜市/市場攤販","zone":"桃竹苗","city":"桃園市","area":"八德區","market_name":"興仁花園夜市","market_address":"桃園市八德區長興路46號","pay_list":"","pay_tool":"","行業代號":null,"行業代號1":null,"名稱1":null,"行業代號2":null,"名稱2":null,"行業代號3":null,"名稱3":null},{"index":13,"id":10000012,"user":"陳昱全","shop":"興仁花園夜市-FG1.2-貝蛤蛤蛤蜊專賣店","category":"夜市/市場攤販","zone":"桃竹苗","city":"桃園市","area":"八德區","market_name":"興仁花園夜市","market_address":"桃園市八德區長興路46號","pay_list":"","pay_tool":"","行業代號":null,"行業代號1":null,"名稱1":null,"行業代號2":null,"名稱2":null,"行業代號3":null,"名稱3":null},{"index":14,"id":10000013,"user":"吳鎮宇","shop":"興仁花園夜市-F3-開運屋地瓜球","category":"夜市/市場攤販","zone":"桃竹苗","city":"桃園市","area":"八德區","market_name":"興仁花園夜市","market_address":"桃園市八德區長興路46號","pay_list":"","pay_tool":"","行業代號":null,"行業代號1":null,"名稱1":null,"行業代號2":null,"名稱2":null,"行業代號3":null,"名稱3":null},{"index":15,"id":10000014,"user":"葉先生","shop":"興仁花園夜市-F4-丹丹蔥油餅","category":"夜市/市場攤販","zone":"桃竹苗","city":"桃園市","area":"八德區","market_name":"興仁花園夜市","market_address":"桃園市八德區長興路46號","pay_list":"","pay_tool":"","行業代號":null,"行業代號1":null,"名稱1":null,"行業代號2":null,"名稱2":null,"行業代號3":null,"名稱3":null},{"index":16,"id":10000015,"user":"徐宏智","shop":"興仁花園夜市-FG5-10-花現烤物","category":"夜市/市場攤販","zone":"桃竹苗","city":"桃園市","area":"八德區","market_name":"興仁花園夜市","market_address":"桃園市八德區長興路46號","pay_list":"","pay_tool":"","行業代號":null,"行業代號1":null,"名稱1":null,"行業代號2":null,"名稱2":null,"行業代號3":null,"名稱3":null},{"index":17,"id":10000016,"user":"陳君毓","shop":"興仁花園夜市-F11-魔王G排","category":"夜市/市場攤販","zone":"桃竹苗","city":"桃園市","area":"八德區","market_name":"興仁花園夜市","market_address":"桃園市八德區長興路46號","pay_list":"","pay_tool":"","行業代號":null,"行業代號1":null,"名稱1":null,"行業代號2":null,"名稱2":null,"行業代號3":null,"名稱3":null},{"index":18,"id":10000017,"user":"詹文佑","shop":"興仁花園夜市-F12-麻辣串串香、黃金脆薯","category":"夜市/市場攤販","zone":"桃竹苗","city":"桃園市","area":"八德區","market_name":"興仁花園夜市","market_address":"桃園市八德區長興路46號","pay_list":"","pay_tool":"","行業代號":null,"行業代號1":null,"名稱1":null,"行業代號2":null,"名稱2":null,"行業代號3":null,"名稱3":null},{"index":19,"id":10000018,"user":"侯聰輝","shop":"興仁花園夜市-F13-貝蛤蛤蛤蜊專賣店","category":"夜市/市場攤販","zone":"桃竹苗","city":"桃園市","area":"八德區","market_name":"興仁花園夜市","market_address":"桃園市八德區長興路46號","pay_list":"","pay_tool":"","行業代號":null,"行業代號1":null,"名稱1":null,"行業代號2":null,"名稱2":null,"行業代號3":null,"名稱3":null},{"index":20,"id":10000019,"user":"鍾俊宇","shop":"興仁花園夜市-F14-脆皮章魚燒","category":"夜市/市場攤販","zone":"桃竹苗","city":"桃園市","area":"八德區","market_name":"興仁花園夜市","market_address":"桃園市八德區長興路46號","pay_list":"","pay_tool":"","行業代號":null,"行業代號1":null,"名稱1":null,"行業代號2":null,"名稱2":null,"行業代號3":null,"名稱3":null},{"index":21,"id":10000020,"user":"陳金順","shop":"興仁花園夜市-F15金桔檸檬","category":"夜市/市場攤販","zone":"桃竹苗","city":"桃園市","area":"八德區","market_name":"興仁花園夜市","market_address":"桃園市八德區長興路46號","pay_list":"","pay_tool":"","行業代號":null,"行業代號1":null,"名稱1":null,"行業代號2":null,"名稱2":null,"行業代號3":null,"名稱3":null},{"index":22,"id":10000021,"user":"游秀霞","shop":"興仁花園夜市-F16燒酒螺","category":"夜市/市場攤販","zone":"桃竹苗","city":"桃園市","area":"八德區","market_name":"興仁花園夜市","market_address":"桃園市八德區長興路46號","pay_list":"","pay_tool":"","行業代號":null,"行業代號1":null,"名稱1":null,"行業代號2":null,"名稱2":null,"行業代號3":null,"名稱3":null},{"index":23,"id":10000022,"user":"張葶楀","shop":"興仁花園夜市-F17泰式料理飯類、青木瓜絲","category":"夜市/市場攤販","zone":"桃竹苗","city":"桃園市","area":"八德區","market_name":"興仁花園夜市","market_address":"桃園市八德區長興路46號","pay_list":["LINE PAY MONEY"],"pay_tool":["行動支付"],"行業代號":null,"行業代號1":null,"名稱1":null,"行業代號2":null,"名稱2":null,"行業代號3":null,"名稱3":null},{"index":24,"id":10000023,"user":"黃起華","shop":"興仁花園夜市-FG18培根燒","category":"夜市/市場攤販","zone":"桃竹苗","city":"桃園市","area":"八德區","market_name":"興仁花園夜市","market_address":"桃園市八德區長興路46號","pay_list":"","pay_tool":"","行業代號":null,"行業代號1":null,"名稱1":null,"行業代號2":null,"名稱2":null,"行業代號3":null,"名稱3":null},{"index":25,"id":10000024,"user":"詹國勝","shop":"興仁花園夜市-FG19-21海的故鄉澎湖生蠔龍蝦大文蛤加拿大大生蠔快炒","category":"夜市/市場攤販","zone":"桃竹苗","city":"桃園市","area":"八德區","market_name":"興仁花園夜市","market_address":"桃園市八德區長興路46號","pay_list":"","pay_tool":"","行業代號":null,"行業代號1":null,"名稱1":null,"行業代號2":null,"名稱2":null,"行業代號3":null,"名稱3":null},{"index":26,"id":10000025,"user":"郭柏毅","shop":"興仁花園夜市-FG29-34牛肉湯","category":"夜市/市場攤販","zone":"桃竹苗","city":"桃園市","area":"八德區","market_name":"興仁花園夜市","market_address":"桃園市八德區長興路46號","pay_list":["LINE PAY MONEY"],"pay_tool":["行動支付"],"行業代號":null,"行業代號1":null,"名稱1":null,"行業代號2":null,"名稱2":null,"行業代號3":null,"名稱3":null},{"index":27,"id":10000026,"user":"江國偉","shop":"興仁花園夜市-FG35-38鼎好蒙古烤肉鼎好小吃店","category":"夜市/市場攤販","zone":"桃竹苗","city":"桃園市","area":"八德區","market_name":"興仁花園夜市","market_address":"桃園市八德區長興路46號","pay_list":"","pay_tool":"","行業代號":null,"行業代號1":null,"名稱1":null,"行業代號2":null,"名稱2":null,"行業代號3":null,"名稱3":null},{"index":28,"id":10000027,"user":"陳文雅","shop":"興仁花園夜市-G11.12-海盜轟炸魷魚","category":"夜市/市場攤販","zone":"桃竹苗","city":"桃園市","area":"八德區","market_name":"興仁花園夜市","market_address":"桃園市八德區長興路46號","pay_list":"","pay_tool":"","行業代號":null,"行業代號1":null,"名稱1":null,"行業代號2":null,"名稱2":null,"行業代號3":null,"名稱3":null},{"index":29,"id":10000028,"user":"黃秀淳","shop":"興仁花園夜市-G13-火焰牛","category":"夜市/市場攤販","zone":"桃竹苗","city":"桃園市","area":"八德區","market_name":"興仁花園夜市","market_address":"桃園市八德區長興路46號","pay_list":"","pay_tool":"","行業代號":null,"行業代號1":null,"名稱1":null,"行業代號2":null,"名稱2":null,"行業代號3":null,"名稱3":null},{"index":30,"id":10000029,"user":"康有德","shop":"興仁花園夜市-G14-手工煎餃","category":"夜市/市場攤販","zone":"桃竹苗","city":"桃園市","area":"八德區","market_name":"興仁花園夜市","market_address":"桃園市八德區長興路46號","pay_list":"","pay_tool":"","行業代號":null,"行業代號1":null,"名稱1":null,"行業代號2":null,"名稱2":null,"行業代號3":null,"名稱3":null},{"index":31,"id":10000030,"user":"孫嘉慧","shop":"興仁花園夜市-H1.2-鳥蛋達人","category":"夜市/市場攤販","zone":"桃竹苗","city":"桃園市","area":"八德區","market_name":"興仁花園夜市","market_address":"桃園市八德區長興路46號","pay_list":"","pay_tool":"","行業代號":null,"行業代號1":null,"名稱1":null,"行業代號2":null,"名稱2":null,"行業代號3":null,"名稱3":null},{"index":32,"id":10000031,"user":"黃麒元","shop":"興仁花園夜市-H3-北回木瓜牛奶","category":"夜市/市場攤販","zone":"桃竹苗","city":"桃園市","area":"八德區","market_name":"興仁花園夜市","market_address":"桃園市八德區長興路46號","pay_list":"","pay_tool":"","行業代號":null,"行業代號1":null,"名稱1":null,"行業代號2":null,"名稱2":null,"行業代號3":null,"名稱3":null},{"index":33,"id":10000032,"user":"徐宏智","shop":"興仁花園夜市-H6-10花現烤物","category":"夜市/市場攤販","zone":"桃竹苗","city":"桃園市","area":"八德區","market_name":"興仁花園夜市","market_address":"桃園市八德區長興路46號","pay_list":"","pay_tool":"","行業代號":null,"行業代號1":null,"名稱1":null,"行業代號2":null,"名稱2":null,"行業代號3":null,"名稱3":null},{"index":34,"id":10000033,"user":"劉韋旱","shop":"興仁花園夜市-H11.12-水?、糖葫蘆、棉花糖 G翅包飯G腿捲串燒烤","category":"夜市/市場攤販","zone":"桃竹苗","city":"桃園市","area":"八德區","market_name":"興仁花園夜市","market_address":"桃園市八德區長興路46號","pay_list":"","pay_tool":"","行業代號":null,"行業代號1":null,"名稱1":null,"行業代號2":null,"名稱2":null,"行業代號3":null,"名稱3":null},{"index":35,"id":10000034,"user":"蘇奕珊","shop":"興仁花園夜市-H14荳荳貓手燒","category":"夜市/市場攤販","zone":"桃竹苗","city":"桃園市","area":"八德區","market_name":"興仁花園夜市","market_address":"桃園市八德區長興路46號","pay_list":"","pay_tool":"","行業代號":null,"行業代號1":null,"名稱1":null,"行業代號2":null,"名稱2":null,"行業代號3":null,"名稱3":null},{"index":36,"id":10000035,"user":"吳達成","shop":"興仁花園夜市-H15-好了啦！超大杯","category":"夜市/市場攤販","zone":"桃竹苗","city":"桃園市","area":"八德區","market_name":"興仁花園夜市","market_address":"桃園市八德區長興路46號","pay_list":"","pay_tool":"","行業代號":null,"行業代號1":null,"名稱1":null,"行業代號2":null,"名稱2":null,"行業代號3":null,"名稱3":null},{"index":37,"id":10000036,"user":"施新教","shop":"興仁花園夜市-H18-旗魚黑輪","category":"夜市/市場攤販","zone":"桃竹苗","city":"桃園市","area":"八德區","market_name":"興仁花園夜市","market_address":"桃園市八德區長興路46號","pay_list":"","pay_tool":"","行業代號":null,"行業代號1":null,"名稱1":null,"行業代號2":null,"名稱2":null,"行業代號3":null,"名稱3":null},{"index":38,"id":10000037,"user":"陳米雲","shop":"興仁花園夜市-H19.20-西瓜汁、現打果汁","category":"夜市/市場攤販","zone":"桃竹苗","city":"桃園市","area":"八德區","market_name":"興仁花園夜市","market_address":"桃園市八德區長興路46號","pay_list":["LINE PAY MONEY"],"pay_tool":["行動支付"],"行業代號":null,"行業代號1":null,"名稱1":null,"行業代號2":null,"名稱2":null,"行業代號3":null,"名稱3":null},{"index":39,"id":10000038,"user":"陳米雲","shop":"興仁花園夜市-H21-26-藥燉排骨、蚵仔煎土虱、青草茶","category":"夜市/市場攤販","zone":"桃竹苗","city":"桃園市","area":"八德區","market_name":"興仁花園夜市","market_address":"桃園市八德區長興路46號","pay_list":["LINE PAY MONEY"],"pay_tool":["行動支付"],"行業代號":null,"行業代號1":null,"名稱1":null,"行業代號2":null,"名稱2":null,"行業代號3":null,"名稱3":null},{"index":40,"id":10000039,"user":"李家豪","shop":"興仁花園夜市-H27烤玉米","category":"夜市/市場攤販","zone":"桃竹苗","city":"桃園市","area":"八德區","market_name":"興仁花園夜市","market_address":"桃園市八德區長興路46號","pay_list":"","pay_tool":"","行業代號":null,"行業代號1":null,"名稱1":null,"行業代號2":null,"名稱2":null,"行業代號3":null,"名稱3":null},{"index":41,"id":10000040,"user":"黃國信","shop":"興仁花園夜市-H28甩丫切水果工坊","category":"夜市/市場攤販","zone":"桃竹苗","city":"桃園市","area":"八德區","market_name":"興仁花園夜市","market_address":"桃園市八德區長興路46號","pay_list":"","pay_tool":"","行業代號":null,"行業代號1":null,"名稱1":null,"行業代號2":null,"名稱2":null,"行業代號3":null,"名稱3":null},{"index":42,"id":10000041,"user":"鄭嘉豪","shop":"興仁花園夜市-H29黑丸嫩仙草-鮮奶草凍飲","category":"夜市/市場攤販","zone":"桃竹苗","city":"桃園市","area":"八德區","market_name":"興仁花園夜市","market_address":"桃園市八德區長興路46號","pay_list":"","pay_tool":"","行業代號":null,"行業代號1":null,"名稱1":null,"行業代號2":null,"名稱2":null,"行業代號3":null,"名稱3":null},{"index":43,"id":10000042,"user":"曾昭漢","shop":"興仁花園夜市-H32創始惡魔雞排","category":"夜市/市場攤販","zone":"桃竹苗","city":"桃園市","area":"八德區","market_name":"興仁花園夜市","market_address":"桃園市八德區長興路46號","pay_list":"","pay_tool":"","行業代號":null,"行業代號1":null,"名稱1":null,"行業代號2":null,"名稱2":null,"行業代號3":null,"名稱3":null},{"index":44,"id":10000043,"user":"徐瑞苹","shop":"興仁花園夜市-H37-戰鬥雞","category":"夜市/市場攤販","zone":"桃竹苗","city":"桃園市","area":"八德區","market_name":"興仁花園夜市","market_address":"桃園市八德區長興路46號","pay_list":"","pay_tool":"","行業代號":null,"行業代號1":null,"名稱1":null,"行業代號2":null,"名稱2":null,"行業代號3":null,"名稱3":null},{"index":45,"id":10000044,"user":"陳曉惠","shop":"興仁花園夜市-H38-羊肉串","category":"夜市/市場攤販","zone":"桃竹苗","city":"桃園市","area":"八德區","market_name":"興仁花園夜市","market_address":"桃園市八德區長興路46號","pay_list":"","pay_tool":"","行業代號":null,"行業代號1":null,"名稱1":null,"行業代號2":null,"名稱2":null,"行業代號3":null,"名稱3":null},{"index":46,"id":10000045,"user":"黃志豪","shop":"興仁花園夜市-H39-微笑?子G蛋糕","category":"夜市/市場攤販","zone":"桃竹苗","city":"桃園市","area":"八德區","market_name":"興仁花園夜市","market_address":"桃園市八德區長興路46號","pay_list":["LINE PAY MONEY"],"pay_tool":["行動支付"],"行業代號":null,"行業代號1":null,"名稱1":null,"行業代號2":null,"名稱2":null,"行業代號3":null,"名稱3":null},{"index":47,"id":10000046,"user":"葉佩珊","shop":"興仁花園夜市-H40-檳榔興仁福利站","category":"夜市/市場攤販","zone":"桃竹苗","city":"桃園市","area":"八德區","market_name":"興仁花園夜市","market_address":"桃園市八德區長興路46號","pay_list":"","pay_tool":"","行業代號":null,"行業代號1":null,"名稱1":null,"行業代號2":null,"名稱2":null,"行業代號3":null,"名稱3":null},{"index":48,"id":10000047,"user":"李明政","shop":"興仁花園夜市-IJ-有GO讚牛排","category":"夜市/市場攤販","zone":"桃竹苗","city":"桃園市","area":"八德區","market_name":"興仁花園夜市","market_address":"桃園市八德區長興路46號","pay_list":["LINE PAY MONEY"],"pay_tool":["行動支付"],"行業代號":null,"行業代號1":null,"名稱1":null,"行業代號2":null,"名稱2":null,"行業代號3":null,"名稱3":null},{"index":49,"id":10000048,"user":"張安星","shop":"興仁花園夜市-貨櫃-菿喫甘呷甘蔗茶飲雙子星","category":"夜市/市場攤販","zone":"桃竹苗","city":"桃園市","area":"八德區","market_name":"興仁花園夜市","market_address":"桃園市八德區長興路46號","pay_list":"","pay_tool":"","行業代號":null,"行業代號1":null,"名稱1":null,"行業代號2":null,"名稱2":null,"行業代號3":null,"名稱3":null},{"index":50,"id":10000049,"user":"黃秋男","shop":"興仁花園夜市-AB1-精油","category":"夜市/市場攤販","zone":"桃竹苗","city":"桃園市","area":"八德區","market_name":"興仁花園夜市","market_address":"桃園市八德區長興路46號","pay_list":"","pay_tool":"","行業代號":null,"行業代號1":null,"名稱1":null,"行業代號2":null,"名稱2":null,"行業代號3":null,"名稱3":null},{"index":51,"id":10000050,"user":"劉耀至","shop":"興仁花園夜市-A2-男裝","category":"夜市/市場攤販","zone":"桃竹苗","city":"桃園市","area":"八德區","market_name":"興仁花園夜市","market_address":"桃園市八德區長興路46號","pay_list":"","pay_tool":"","行業代號":null,"行業代號1":null,"名稱1":null,"行業代號2":null,"名稱2":null,"行業代號3":null,"名稱3":null},{"index":52,"id":10000051,"user":"李繶蕓","shop":"興仁花園夜市-A3.4-手機殼e電訊商行","category":"夜市/市場攤販","zone":"桃竹苗","city":"桃園市","area":"八德區","market_name":"興仁花園夜市","market_address":"桃園市八德區長興路46號","pay_list":"","pay_tool":"","行業代號":null,"行業代號1":null,"名稱1":null,"行業代號2":null,"名稱2":null,"行業代號3":null,"名稱3":null},{"index":53,"id":10000052,"user":"曹敬忠","shop":"興仁花園夜市-A5-十八豆","category":"夜市/市場攤販","zone":"桃竹苗","city":"桃園市","area":"八德區","market_name":"興仁花園夜市","market_address":"桃園市八德區長興路46號","pay_list":"","pay_tool":"","行業代號":null,"行業代號1":null,"名稱1":null,"行業代號2":null,"名稱2":null,"行業代號3":null,"名稱3":null},{"index":54,"id":10000053,"user":"周靄均","shop":"興仁花園夜市-A6-手機保護貼、手機保護殼","category":"夜市/市場攤販","zone":"桃竹苗","city":"桃園市","area":"八德區","market_name":"興仁花園夜市","market_address":"桃園市八德區長興路46號","pay_list":"","pay_tool":"","行業代號":null,"行業代號1":null,"名稱1":null,"行業代號2":null,"名稱2":null,"行業代號3":null,"名稱3":null},{"index":55,"id":10000054,"user":"曹敬忠","shop":"興仁花園夜市-A7.8-14洞洞樂","category":"夜市/市場攤販","zone":"桃竹苗","city":"桃園市","area":"八德區","market_name":"興仁花園夜市","market_address":"桃園市八德區長興路46號","pay_list":"","pay_tool":"","行業代號":null,"行業代號1":null,"名稱1":null,"行業代號2":null,"名稱2":null,"行業代號3":null,"名稱3":null},{"index":56,"id":10000055,"user":"尹詠琦","shop":"興仁花園夜市-A9.10-米米嚴選女裝","category":"夜市/市場攤販","zone":"桃竹苗","city":"桃園市","area":"八德區","market_name":"興仁花園夜市","market_address":"桃園市八德區長興路46號","pay_list":"","pay_tool":"","行業代號":null,"行業代號1":null,"名稱1":null,"行業代號2":null,"名稱2":null,"行業代號3":null,"名稱3":null},{"index":57,"id":10000056,"user":"徐宏智","shop":"興仁花園夜市-A11.12-射汽球","category":"夜市/市場攤販","zone":"桃竹苗","city":"桃園市","area":"八德區","market_name":"興仁花園夜市","market_address":"桃園市八德區長興路46號","pay_list":"","pay_tool":"","行業代號":null,"行業代號1":null,"名稱1":null,"行業代號2":null,"名稱2":null,"行業代號3":null,"名稱3":null},{"index":58,"id":10000057,"user":"鄭苑岑","shop":"興仁花園夜市-A13壁貼彩色槍球","category":"夜市/市場攤販","zone":"桃竹苗","city":"桃園市","area":"八德區","market_name":"興仁花園夜市","market_address":"桃園市八德區長興路46號","pay_list":"","pay_tool":"","行業代號":null,"行業代號1":null,"名稱1":null,"行業代號2":null,"名稱2":null,"行業代號3":null,"名稱3":null},{"index":59,"id":10000058,"user":"阮怡茹","shop":"興仁花園夜市-A14-妞妞、推筒子、十八豆","category":"夜市/市場攤販","zone":"桃竹苗","city":"桃園市","area":"八德區","market_name":"興仁花園夜市","market_address":"桃園市八德區長興路46號","pay_list":"","pay_tool":"","行業代號":null,"行業代號1":null,"名稱1":null,"行業代號2":null,"名稱2":null,"行業代號3":null,"名稱3":null},{"index":60,"id":10000059,"user":"陳興川","shop":"興仁花園夜市-A15.16-彈珠台","category":"夜市/市場攤販","zone":"桃竹苗","city":"桃園市","area":"八德區","market_name":"興仁花園夜市","market_address":"桃園市八德區長興路46號","pay_list":"","pay_tool":"","行業代號":null,"行業代號1":null,"名稱1":null,"行業代號2":null,"名稱2":null,"行業代號3":null,"名稱3":null},{"index":61,"id":10000060,"user":"湯文琇","shop":"興仁花園夜市-A17.18-BB槍射氣球「就是要射」","category":"夜市/市場攤販","zone":"桃竹苗","city":"桃園市","area":"八德區","market_name":"興仁花園夜市","market_address":"桃園市八德區長興路46號","pay_list":"","pay_tool":"","行業代號":null,"行業代號1":null,"名稱1":null,"行業代號2":null,"名稱2":null,"行業代號3":null,"名稱3":null},{"index":62,"id":10000061,"user":"廖美琪","shop":"興仁花園夜市-A19.20-九宮格押寶","category":"夜市/市場攤販","zone":"桃竹苗","city":"桃園市","area":"八德區","market_name":"興仁花園夜市","market_address":"桃園市八德區長興路46號","pay_list":"","pay_tool":"","行業代號":null,"行業代號1":null,"名稱1":null,"行業代號2":null,"名稱2":null,"行業代號3":null,"名稱3":null},{"index":63,"id":10000062,"user":"阮怡茹","shop":"興仁花園夜市-B2-推筒子、16豆","category":"夜市/市場攤販","zone":"桃竹苗","city":"桃園市","area":"八德區","market_name":"興仁花園夜市","market_address":"桃園市八德區長興路46號","pay_list":"","pay_tool":"","行業代號":null,"行業代號1":null,"名稱1":null,"行業代號2":null,"名稱2":null,"行業代號3":null,"名稱3":null},{"index":64,"id":10000063,"user":"曹子駿","shop":"興仁花園夜市-B3.4-爆破球","category":"夜市/市場攤販","zone":"桃竹苗","city":"桃園市","area":"八德區","market_name":"興仁花園夜市","market_address":"桃園市八德區長興路46號","pay_list":"","pay_tool":"","行業代號":null,"行業代號1":null,"名稱1":null,"行業代號2":null,"名稱2":null,"行業代號3":null,"名稱3":null},{"index":65,"id":10000064,"user":"許振裕","shop":"興仁花園夜市-B5.6-樂翻天抽抽樂","category":"夜市/市場攤販","zone":"桃竹苗","city":"桃園市","area":"八德區","market_name":"興仁花園夜市","market_address":"桃園市八德區長興路46號","pay_list":"","pay_tool":"","行業代號":null,"行業代號1":null,"名稱1":null,"行業代號2":null,"名稱2":null,"行業代號3":null,"名稱3":null},{"index":66,"id":10000065,"user":"李云婷","shop":"興仁花園夜市-B8-LS美飾館","category":"夜市/市場攤販","zone":"桃竹苗","city":"桃園市","area":"八德區","market_name":"興仁花園夜市","market_address":"桃園市八德區長興路46號","pay_list":["LINE PAY MONEY"],"pay_tool":["行動支付"],"行業代號":null,"行業代號1":null,"名稱1":null,"行業代號2":null,"名稱2":null,"行業代號3":null,"名稱3":null},{"index":67,"id":10000066,"user":"王洪麗雲","shop":"興仁花園夜市-B9.10-小熊爸爸玩具店玩具積木袖珍屋","category":"夜市/市場攤販","zone":"桃竹苗","city":"桃園市","area":"八德區","market_name":"興仁花園夜市","market_address":"桃園市八德區長興路46號","pay_list":"","pay_tool":"","行業代號":null,"行業代號1":null,"名稱1":null,"行業代號2":null,"名稱2":null,"行業代號3":null,"名稱3":null},{"index":68,"id":10000067,"user":"洪炘蕎","shop":"興仁花園夜市-B11.12-亞蕎服飾","category":"夜市/市場攤販","zone":"桃竹苗","city":"桃園市","area":"八德區","market_name":"興仁花園夜市","market_address":"桃園市八德區長興路46號","pay_list":"","pay_tool":"","行業代號":null,"行業代號1":null,"名稱1":null,"行業代號2":null,"名稱2":null,"行業代號3":null,"名稱3":null},{"index":69,"id":10000068,"user":"鄭益維","shop":"興仁花園夜市-B13.14-彩色槍球抽紅包丟筒子","category":"夜市/市場攤販","zone":"桃竹苗","city":"桃園市","area":"八德區","market_name":"興仁花園夜市","market_address":"桃園市八德區長興路46號","pay_list":"","pay_tool":"","行業代號":null,"行業代號1":null,"名稱1":null,"行業代號2":null,"名稱2":null,"行業代號3":null,"名稱3":null},{"index":70,"id":10000069,"user":"林子義","shop":"興仁花園夜市-B15.16棒球九宮格俄羅斯輪盤","category":"夜市/市場攤販","zone":"桃竹苗","city":"桃園市","area":"八德區","market_name":"興仁花園夜市","market_address":"桃園市八德區長興路46號","pay_list":"","pay_tool":"","行業代號":null,"行業代號1":null,"名稱1":null,"行業代號2":null,"名稱2":null,"行業代號3":null,"名稱3":null},{"index":71,"id":10000070,"user":"林靜誠","shop":"興仁花園夜市-B17.18-推球王","category":"夜市/市場攤販","zone":"桃竹苗","city":"桃園市","area":"八德區","market_name":"興仁花園夜市","market_address":"桃園市八德區長興路46號","pay_list":"","pay_tool":"","行業代號":null,"行業代號1":null,"名稱1":null,"行業代號2":null,"名稱2":null,"行業代號3":null,"名稱3":null},{"index":72,"id":10000071,"user":"吳鳳雪","shop":"興仁花園夜市-B19.20-洞洞樂、十八豆、射弓箭","category":"夜市/市場攤販","zone":"桃竹苗","city":"桃園市","area":"八德區","market_name":"興仁花園夜市","market_address":"桃園市八德區長興路46號","pay_list":"","pay_tool":"","行業代號":null,"行業代號1":null,"名稱1":null,"行業代號2":null,"名稱2":null,"行業代號3":null,"名稱3":null},{"index":73,"id":10000072,"user":"蔡東穎","shop":"興仁花園夜市-CD1.2-波爾球","category":"夜市/市場攤販","zone":"桃竹苗","city":"桃園市","area":"八德區","market_name":"興仁花園夜市","market_address":"桃園市八德區長興路46號","pay_list":"","pay_tool":"","行業代號":null,"行業代號1":null,"名稱1":null,"行業代號2":null,"名稱2":null,"行業代號3":null,"名稱3":null},{"index":74,"id":10000073,"user":"李文彬","shop":"興仁花園夜市-C3-5 一元彈珠台","category":"夜市/市場攤販","zone":"桃竹苗","city":"桃園市","area":"八德區","market_name":"興仁花園夜市","market_address":"桃園市八德區長興路46號","pay_list":"","pay_tool":"","行業代號":null,"行業代號1":null,"名稱1":null,"行業代號2":null,"名稱2":null,"行業代號3":null,"名稱3":null},{"index":75,"id":10000074,"user":"黃于禎","shop":"興仁花園夜市-C9.10 美甲、衣服","category":"夜市/市場攤販","zone":"桃竹苗","city":"桃園市","area":"八德區","market_name":"興仁花園夜市","market_address":"桃園市八德區長興路46號","pay_list":"","pay_tool":"","行業代號":null,"行業代號1":null,"名稱1":null,"行業代號2":null,"名稱2":null,"行業代號3":null,"名稱3":null},{"index":76,"id":10000075,"user":"李紹龍","shop":"興仁花園夜市-C11.12 麻將彈珠台","category":"夜市/市場攤販","zone":"桃竹苗","city":"桃園市","area":"八德區","market_name":"興仁花園夜市","market_address":"桃園市八德區長興路46號","pay_list":"","pay_tool":"","行業代號":null,"行業代號1":null,"名稱1":null,"行業代號2":null,"名稱2":null,"行業代號3":null,"名稱3":null},{"index":77,"id":10000076,"user":"卓振豐 現場姚先生","shop":"興仁花園夜市-CD13-16 選物販賣機(玩具總動員)","category":"夜市/市場攤販","zone":"桃竹苗","city":"桃園市","area":"八德區","market_name":"興仁花園夜市","market_address":"桃園市八德區長興路46號","pay_list":"","pay_tool":"","行業代號":null,"行業代號1":null,"名稱1":null,"行業代號2":null,"名稱2":null,"行業代號3":null,"名稱3":null},{"index":78,"id":10000077,"user":"陳思翰","shop":"興仁花園夜市-C17.18 文具飾品","category":"夜市/市場攤販","zone":"桃竹苗","city":"桃園市","area":"八德區","market_name":"興仁花園夜市","market_address":"桃園市八德區長興路46號","pay_list":"","pay_tool":"","行業代號":null,"行業代號1":null,"名稱1":null,"行業代號2":null,"名稱2":null,"行業代號3":null,"名稱3":null},{"index":79,"id":10000078,"user":"簡佳語","shop":"興仁花園夜市-C19.20 無厘頭小籃球","category":"夜市/市場攤販","zone":"桃竹苗","city":"桃園市","area":"八德區","market_name":"興仁花園夜市","market_address":"桃園市八德區長興路46號","pay_list":"","pay_tool":"","行業代號":null,"行業代號1":null,"名稱1":null,"行業代號2":null,"名稱2":null,"行業代號3":null,"名稱3":null},{"index":80,"id":10000079,"user":"劉人榕","shop":"興仁花園夜市-D3.4 BB槍","category":"夜市/市場攤販","zone":"桃竹苗","city":"桃園市","area":"八德區","market_name":"興仁花園夜市","market_address":"桃園市八德區長興路46號","pay_list":"","pay_tool":"","行業代號":null,"行業代號1":null,"名稱1":null,"行業代號2":null,"名稱2":null,"行業代號3":null,"名稱3":null},{"index":81,"id":10000080,"user":"趙玉萍","shop":"興仁花園夜市-D5 童裝女裝","category":"夜市/市場攤販","zone":"桃竹苗","city":"桃園市","area":"八德區","market_name":"興仁花園夜市","market_address":"桃園市八德區長興路46號","pay_list":"","pay_tool":"","行業代號":null,"行業代號1":null,"名稱1":null,"行業代號2":null,"名稱2":null,"行業代號3":null,"名稱3":null},{"index":82,"id":10000081,"user":"劉雅瑄","shop":"興仁花園夜市-D6 美甲、美睫","category":"夜市/市場攤販","zone":"桃竹苗","city":"桃園市","area":"八德區","market_name":"興仁花園夜市","market_address":"桃園市八德區長興路46號","pay_list":"","pay_tool":"","行業代號":null,"行業代號1":null,"名稱1":null,"行業代號2":null,"名稱2":null,"行業代號3":null,"名稱3":null},{"index":83,"id":10000082,"user":"陳姿吟","shop":"興仁花園夜市-D7 手機殼","category":"夜市/市場攤販","zone":"桃竹苗","city":"桃園市","area":"八德區","market_name":"興仁花園夜市","market_address":"桃園市八德區長興路46號","pay_list":"","pay_tool":"","行業代號":null,"行業代號1":null,"名稱1":null,"行業代號2":null,"名稱2":null,"行業代號3":null,"名稱3":null},{"index":84,"id":10000083,"user":"張易","shop":"興仁花園夜市-D10 童裝飾品","category":"夜市/市場攤販","zone":"桃竹苗","city":"桃園市","area":"八德區","market_name":"興仁花園夜市","market_address":"桃園市八德區長興路46號","pay_list":"","pay_tool":"","行業代號":null,"行業代號1":null,"名稱1":null,"行業代號2":null,"名稱2":null,"行業代號3":null,"名稱3":null},{"index":85,"id":10000084,"user":"謝益彰","shop":"興仁花園夜市-D11.12 推筒子、手速極限、擲杯、敲鐵釘、戳汽球","category":"夜市/市場攤販","zone":"桃竹苗","city":"桃園市","area":"八德區","market_name":"興仁花園夜市","market_address":"桃園市八德區長興路46號","pay_list":"","pay_tool":"","行業代號":null,"行業代號1":null,"名稱1":null,"行業代號2":null,"名稱2":null,"行業代號3":null,"名稱3":null},{"index":86,"id":10000085,"user":"康禎庭","shop":"興仁花園夜市-D17-19 無厘頭麻將","category":"夜市/市場攤販","zone":"桃竹苗","city":"桃園市","area":"八德區","market_name":"興仁花園夜市","market_address":"桃園市八德區長興路46號","pay_list":"","pay_tool":"","行業代號":null,"行業代號1":null,"名稱1":null,"行業代號2":null,"名稱2":null,"行業代號3":null,"名稱3":null},{"index":87,"id":10000086,"user":"許惠婷","shop":"興仁花園夜市-D20 婚紗曼哈頓","category":"夜市/市場攤販","zone":"桃竹苗","city":"桃園市","area":"八德區","market_name":"興仁花園夜市","market_address":"桃園市八德區長興路46號","pay_list":"","pay_tool":"","行業代號":null,"行業代號1":null,"名稱1":null,"行業代號2":null,"名稱2":null,"行業代號3":null,"名稱3":null},{"index":88,"id":10000087,"user":"黃健銘","shop":"興仁花園夜市-E1.2 迷你保齡球","category":"夜市/市場攤販","zone":"桃竹苗","city":"桃園市","area":"八德區","market_name":"興仁花園夜市","market_address":"桃園市八德區長興路46號","pay_list":"","pay_tool":"","行業代號":null,"行業代號1":null,"名稱1":null,"行業代號2":null,"名稱2":null,"行業代號3":null,"名稱3":null},{"index":89,"id":10000088,"user":"彭楷淇","shop":"興仁花園夜市-E3 DIY雪花泥畫","category":"夜市/市場攤販","zone":"桃竹苗","city":"桃園市","area":"八德區","market_name":"興仁花園夜市","market_address":"桃園市八德區長興路46號","pay_list":"","pay_tool":"","行業代號":null,"行業代號1":null,"名稱1":null,"行業代號2":null,"名稱2":null,"行業代號3":null,"名稱3":null},{"index":90,"id":10000089,"user":"林景璿","shop":"興仁花園夜市-E5 客製化手機殼","category":"夜市/市場攤販","zone":"桃竹苗","city":"桃園市","area":"八德區","market_name":"興仁花園夜市","market_address":"桃園市八德區長興路46號","pay_list":"","pay_tool":"","行業代號":null,"行業代號1":null,"名稱1":null,"行業代號2":null,"名稱2":null,"行業代號3":null,"名稱3":null},{"index":91,"id":10000090,"user":"劉學駿","shop":"興仁花園夜市-E6 棒球九宮格","category":"夜市/市場攤販","zone":"桃竹苗","city":"桃園市","area":"八德區","market_name":"興仁花園夜市","market_address":"桃園市八德區長興路46號","pay_list":"","pay_tool":"","行業代號":null,"行業代號1":null,"名稱1":null,"行業代號2":null,"名稱2":null,"行業代號3":null,"名稱3":null},{"index":92,"id":10000091,"user":"劉雅瑄","shop":"興仁花園夜市-E7.8 野台套圈圈","category":"夜市/市場攤販","zone":"桃竹苗","city":"桃園市","area":"八德區","market_name":"興仁花園夜市","market_address":"桃園市八德區長興路46號","pay_list":"","pay_tool":"","行業代號":null,"行業代號1":null,"名稱1":null,"行業代號2":null,"名稱2":null,"行業代號3":null,"名稱3":null},{"index":93,"id":10000092,"user":"李文彬","shop":"興仁花園夜市-E9.10 復古彈珠檯","category":"夜市/市場攤販","zone":"桃竹苗","city":"桃園市","area":"八德區","market_name":"興仁花園夜市","market_address":"桃園市八德區長興路46號","pay_list":"","pay_tool":"","行業代號":null,"行業代號1":null,"名稱1":null,"行業代號2":null,"名稱2":null,"行業代號3":null,"名稱3":null},{"index":94,"id":10000093,"user":"呂芳林","shop":"興仁花園夜市-E13.14爆爆球、撞球","category":"夜市/市場攤販","zone":"桃竹苗","city":"桃園市","area":"八德區","market_name":"興仁花園夜市","market_address":"桃園市八德區長興路46號","pay_list":"","pay_tool":"","行業代號":null,"行業代號1":null,"名稱1":null,"行業代號2":null,"名稱2":null,"行業代號3":null,"名稱3":null},{"index":95,"id":10000094,"user":"黃容","shop":"興仁花園夜市-E15.16 2人麻將、動力沙、大老二","category":"夜市/市場攤販","zone":"桃竹苗","city":"桃園市","area":"八德區","market_name":"興仁花園夜市","market_address":"桃園市八德區長興路46號","pay_list":"","pay_tool":"","行業代號":null,"行業代號1":null,"名稱1":null,"行業代號2":null,"名稱2":null,"行業代號3":null,"名稱3":null},{"index":96,"id":10000095,"user":"楊慧玟","shop":"興仁花園夜市-E18-20 近距離射氣球","category":"夜市/市場攤販","zone":"桃竹苗","city":"桃園市","area":"八德區","market_name":"興仁花園夜市","market_address":"桃園市八德區長興路46號","pay_list":"","pay_tool":"","行業代號":null,"行業代號1":null,"名稱1":null,"行業代號2":null,"名稱2":null,"行業代號3":null,"名稱3":null},{"index":97,"id":10000096,"user":"曾寶玲","shop":"興仁花園夜市-F1.2 手機配件1C","category":"夜市/市場攤販","zone":"桃竹苗","city":"桃園市","area":"八德區","market_name":"興仁花園夜市","market_address":"桃園市八德區長興路46號","pay_list":"","pay_tool":"","行業代號":null,"行業代號1":null,"名稱1":null,"行業代號2":null,"名稱2":null,"行業代號3":null,"名稱3":null},{"index":98,"id":10000097,"user":"簡伯晏","shop":"興仁花園夜市-F3.4 彈珠台機器人","category":"夜市/市場攤販","zone":"桃竹苗","city":"桃園市","area":"八德區","market_name":"興仁花園夜市","market_address":"桃園市八德區長興路46號","pay_list":"","pay_tool":"","行業代號":null,"行業代號1":null,"名稱1":null,"行業代號2":null,"名稱2":null,"行業代號3":null,"名稱3":null},{"index":99,"id":10000098,"user":"游啟祥","shop":"興仁花園夜市-F5.6 彈珠台、十八豆、骰寶","category":"夜市/市場攤販","zone":"桃竹苗","city":"桃園市","area":"八德區","market_name":"興仁花園夜市","market_address":"桃園市八德區長興路46號","pay_list":"","pay_tool":"","行業代號":null,"行業代號1":null,"名稱1":null,"行業代號2":null,"名稱2":null,"行業代號3":null,"名稱3":null},{"index":100,"id":10000099,"user":"葉雲勝","shop":"興仁花園夜市-F7.8 BB槍氣球射擊","category":"夜市/市場攤販","zone":"桃竹苗","city":"桃園市","area":"八德區","market_name":"興仁花園夜市","market_address":"桃園市八德區長興路46號","pay_list":"","pay_tool":"","行業代號":null,"行業代號1":null,"名稱1":null,"行業代號2":null,"名稱2":null,"行業代號3":null,"名稱3":null},{"index":101,"id":10000100,"user":"程圓融","shop":"興仁花園夜市-F9.10 烤畫","category":"夜市/市場攤販","zone":"桃竹苗","city":"桃園市","area":"八德區","market_name":"興仁花園夜市","market_address":"桃園市八德區長興路46號","pay_list":["LINE PAY MONEY"],"pay_tool":["行動支付"],"行業代號":null,"行業代號1":null,"名稱1":null,"行業代號2":null,"名稱2":null,"行業代號3":null,"名稱3":null},{"index":102,"id":10000101,"user":"李紹龍","shop":"興仁花園夜市-F11.12 娃娃G","category":"夜市/市場攤販","zone":"桃竹苗","city":"桃園市","area":"八德區","market_name":"興仁花園夜市","market_address":"桃園市八德區長興路46號","pay_list":"","pay_tool":"","行業代號":null,"行業代號1":null,"名稱1":null,"行業代號2":null,"名稱2":null,"行業代號3":null,"名稱3":null},{"index":103,"id":10000102,"user":"劉綵甄","shop":"興仁花園夜市-F13.14 神槍手遊戲機","category":"夜市/市場攤販","zone":"桃竹苗","city":"桃園市","area":"八德區","market_name":"興仁花園夜市","market_address":"桃園市八德區長興路46號","pay_list":"","pay_tool":"","行業代號":null,"行業代號1":null,"名稱1":null,"行業代號2":null,"名稱2":null,"行業代號3":null,"名稱3":null},{"index":104,"id":10000103,"user":"陳建宏","shop":"興仁花園夜市-F15-20 手機殼辣價錢商行","category":"夜市/市場攤販","zone":"桃竹苗","city":"桃園市","area":"八德區","market_name":"興仁花園夜市","market_address":"桃園市八德區長興路46號","pay_list":"","pay_tool":"","行業代號":null,"行業代號1":null,"名稱1":null,"行業代號2":null,"名稱2":null,"行業代號3":null,"名稱3":null},{"index":105,"id":10000104,"user":"劉綵甄","shop":"興仁花園夜市-G13.14 神槍手遊戲機","category":"夜市/市場攤販","zone":"桃竹苗","city":"桃園市","area":"八德區","market_name":"興仁花園夜市","market_address":"桃園市八德區長興路46號","pay_list":["LINE PAY MONEY"],"pay_tool":["行動支付"],"行業代號":null,"行業代號1":null,"名稱1":null,"行業代號2":null,"名稱2":null,"行業代號3":null,"名稱3":null},{"index":106,"id":10000105,"user":"黃玉鳳","shop":"興仁花園夜市-G15.17 射汽球","category":"夜市/市場攤販","zone":"桃竹苗","city":"桃園市","area":"八德區","market_name":"興仁花園夜市","market_address":"桃園市八德區長興路46號","pay_list":"","pay_tool":"","行業代號":null,"行業代號1":null,"名稱1":null,"行業代號2":null,"名稱2":null,"行業代號3":null,"名稱3":null},{"index":107,"id":10000106,"user":"廖瑞珍","shop":"興仁花園夜市-G18 丟青蛙","category":"夜市/市場攤販","zone":"桃竹苗","city":"桃園市","area":"八德區","market_name":"興仁花園夜市","market_address":"桃園市八德區長興路46號","pay_list":"","pay_tool":"","行業代號":null,"行業代號1":null,"名稱1":null,"行業代號2":null,"名稱2":null,"行業代號3":null,"名稱3":null},{"index":108,"id":10000107,"user":"廖瑞珍","shop":"興仁花園夜市-G19.20 博杯","category":"夜市/市場攤販","zone":"桃竹苗","city":"桃園市","area":"八德區","market_name":"興仁花園夜市","market_address":"桃園市八德區長興路46號","pay_list":"","pay_tool":"","行業代號":null,"行業代號1":null,"名稱1":null,"行業代號2":null,"名稱2":null,"行業代號3":null,"名稱3":null},{"index":109,"id":10000108,"user":"李紹龍","shop":"興仁花園夜市-H13.14 電棒、乒乓球","category":"夜市/市場攤販","zone":"桃竹苗","city":"桃園市","area":"八德區","market_name":"興仁花園夜市","market_address":"桃園市八德區長興路46號","pay_list":"","pay_tool":"","行業代號":null,"行業代號1":null,"名稱1":null,"行業代號2":null,"名稱2":null,"行業代號3":null,"名稱3":null},{"index":110,"id":10000109,"user":"張啟宏","shop":"興仁花園夜市-H15.16 麻將賓果","category":"夜市/市場攤販","zone":"桃竹苗","city":"桃園市","area":"八德區","market_name":"興仁花園夜市","market_address":"桃園市八德區長興路46號","pay_list":"","pay_tool":"","行業代號":null,"行業代號1":null,"名稱1":null,"行業代號2":null,"名稱2":null,"行業代號3":null,"名稱3":null},{"index":111,"id":10000110,"user":"陳泰均","shop":"興仁花園夜市-H17.18 德州撲客","category":"夜市/市場攤販","zone":"桃竹苗","city":"桃園市","area":"八德區","market_name":"興仁花園夜市","market_address":"桃園市八德區長興路46號","pay_list":"","pay_tool":"","行業代號":null,"行業代號1":null,"名稱1":null,"行業代號2":null,"名稱2":null,"行業代號3":null,"名稱3":null},{"index":112,"id":10000111,"user":"廖美琪","shop":"興仁花園夜市-H19.20 手機配件","category":"夜市/市場攤販","zone":"桃竹苗","city":"桃園市","area":"八德區","market_name":"興仁花園夜市","market_address":"桃園市八德區長興路46號","pay_list":"","pay_tool":"","行業代號":null,"行業代號1":null,"名稱1":null,"行業代號2":null,"名稱2":null,"行業代號3":null,"名稱3":null},{"index":113,"id":10000112,"user":"吳家豪","shop":"興仁花園夜市-I13.14 愛的爆爆射氣球","category":"夜市/市場攤販","zone":"桃竹苗","city":"桃園市","area":"八德區","market_name":"興仁花園夜市","market_address":"桃園市八德區長興路46號","pay_list":"","pay_tool":"","行業代號":null,"行業代號1":null,"名稱1":null,"行業代號2":null,"名稱2":null,"行業代號3":null,"名稱3":null},{"index":114,"id":10000113,"user":"馮俊郎","shop":"興仁花園夜市-J13.14 米米嚴選","category":"夜市/市場攤販","zone":"桃竹苗","city":"桃園市","area":"八德區","market_name":"興仁花園夜市","market_address":"桃園市八德區長興路46號","pay_list":"","pay_tool":"","行業代號":null,"行業代號1":null,"名稱1":null,"行業代號2":null,"名稱2":null,"行業代號3":null,"名稱3":null},{"index":115,"id":10000114,"user":"鄭振岳","shop":"興仁花園夜市-J15.16 弓箭飛鏢射氣球","category":"夜市/市場攤販","zone":"桃竹苗","city":"桃園市","area":"八德區","market_name":"興仁花園夜市","market_address":"桃園市八德區長興路46號","pay_list":"","pay_tool":"","行業代號":null,"行業代號1":null,"名稱1":null,"行業代號2":null,"名稱2":null,"行業代號3":null,"名稱3":null},{"index":116,"id":10000115,"user":"王彥斌","shop":"興仁花園夜市-M1 丟棒球、丟籃球","category":"夜市/市場攤販","zone":"桃竹苗","city":"桃園市","area":"八德區","market_name":"興仁花園夜市","market_address":"桃園市八德區長興路46號","pay_list":"","pay_tool":"","行業代號":null,"行業代號1":null,"名稱1":null,"行業代號2":null,"名稱2":null,"行業代號3":null,"名稱3":null},{"index":117,"id":10000116,"user":"簡佳語","shop":"興仁花園夜市-M2 無厘頭飛鏢射氣球","category":"夜市/市場攤販","zone":"桃竹苗","city":"桃園市","area":"八德區","market_name":"興仁花園夜市","market_address":"桃園市八德區長興路46號","pay_list":"","pay_tool":"","行業代號":null,"行業代號1":null,"名稱1":null,"行業代號2":null,"名稱2":null,"行業代號3":null,"名稱3":null},{"index":118,"id":10000117,"user":"張文賓","shop":"興仁花園夜市-M3 套圈圈","category":"夜市/市場攤販","zone":"桃竹苗","city":"桃園市","area":"八德區","market_name":"興仁花園夜市","market_address":"桃園市八德區長興路46號","pay_list":"","pay_tool":"","行業代號":null,"行業代號1":null,"名稱1":null,"行業代號2":null,"名稱2":null,"行業代號3":null,"名稱3":null},{"index":119,"id":10000118,"user":"潘惠珍","shop":"興仁花園夜市-M4 手機殼","category":"夜市/市場攤販","zone":"桃竹苗","city":"桃園市","area":"八德區","market_name":"興仁花園夜市","market_address":"桃園市八德區長興路46號","pay_list":"","pay_tool":"","行業代號":null,"行業代號1":null,"名稱1":null,"行業代號2":null,"名稱2":null,"行業代號3":null,"名稱3":null},{"index":120,"id":10000119,"user":"楊俊雄","shop":"興仁花園夜市-N1 輔大賓果","category":"夜市/市場攤販","zone":"桃竹苗","city":"桃園市","area":"八德區","market_name":"興仁花園夜市","market_address":"桃園市八德區長興路46號","pay_list":"","pay_tool":"","行業代號":null,"行業代號1":null,"名稱1":null,"行業代號2":null,"名稱2":null,"行業代號3":null,"名稱3":null},{"index":121,"id":10000120,"user":"陳又揚","shop":"興仁花園夜市-N2小鋼珠彈珠台","category":"夜市/市場攤販","zone":"桃竹苗","city":"桃園市","area":"八德區","market_name":"興仁花園夜市","market_address":"桃園市八德區長興路46號","pay_list":"","pay_tool":"","行業代號":null,"行業代號1":null,"名稱1":null,"行業代號2":null,"名稱2":null,"行業代號3":null,"名稱3":null},{"index":122,"id":10000121,"user":"張明仁","shop":"興仁花園夜市-N3幸運丸","category":"夜市/市場攤販","zone":"桃竹苗","city":"桃園市","area":"八德區","market_name":"興仁花園夜市","market_address":"桃園市八德區長興路46號","pay_list":"","pay_tool":"","行業代號":null,"行業代號1":null,"名稱1":null,"行業代號2":null,"名稱2":null,"行業代號3":null,"名稱3":null},{"index":123,"id":10000122,"user":"黃家怡","shop":"興仁花園夜市-N3-1男女裝飾品","category":"夜市/市場攤販","zone":"桃竹苗","city":"桃園市","area":"八德區","market_name":"興仁花園夜市","market_address":"桃園市八德區長興路46號","pay_list":"","pay_tool":"","行業代號":null,"行業代號1":null,"名稱1":null,"行業代號2":null,"名稱2":null,"行業代號3":null,"名稱3":null},{"index":124,"id":10000123,"user":"黃其峰","shop":"興仁花園夜市-N4球球彈珠檯射汽球","category":"夜市/市場攤販","zone":"桃竹苗","city":"桃園市","area":"八德區","market_name":"興仁花園夜市","market_address":"桃園市八德區長興路46號","pay_list":"","pay_tool":"","行業代號":null,"行業代號1":null,"名稱1":null,"行業代號2":null,"名稱2":null,"行業代號3":null,"名稱3":null},{"index":125,"id":10000124,"user":"徐宏智","shop":"興仁花園夜市-N5.6撈魚釣蝦","category":"夜市/市場攤販","zone":"桃竹苗","city":"桃園市","area":"八德區","market_name":"興仁花園夜市","market_address":"桃園市八德區長興路46號","pay_list":["LINE PAY MONEY"],"pay_tool":["行動支付"],"行業代號":null,"行業代號1":null,"名稱1":null,"行業代號2":null,"名稱2":null,"行業代號3":null,"名稱3":null},{"index":126,"id":10000125,"user":"吳嘉偉","shop":"興仁花園夜市-N7麻將賓果阿亮益智育樂社","category":"夜市/市場攤販","zone":"桃竹苗","city":"桃園市","area":"八德區","market_name":"興仁花園夜市","market_address":"桃園市八德區長興路46號","pay_list":"","pay_tool":"","行業代號":null,"行業代號1":null,"名稱1":null,"行業代號2":null,"名稱2":null,"行業代號3":null,"名稱3":null},{"index":127,"id":10000126,"user":"陳乙元","shop":"興仁花園夜市-N10手機殼","category":"夜市/市場攤販","zone":"桃竹苗","city":"桃園市","area":"八德區","market_name":"興仁花園夜市","market_address":"桃園市八德區長興路46號","pay_list":"","pay_tool":"","行業代號":null,"行業代號1":null,"名稱1":null,"行業代號2":null,"名稱2":null,"行業代號3":null,"名稱3":null},{"index":128,"id":10000127,"user":"李紹龍","shop":"興仁花園夜市-O1襪子、麻將連線、娃娃機","category":"夜市/市場攤販","zone":"桃竹苗","city":"桃園市","area":"八德區","market_name":"興仁花園夜市","market_address":"桃園市八德區長興路46號","pay_list":"","pay_tool":"","行業代號":null,"行業代號1":null,"名稱1":null,"行業代號2":null,"名稱2":null,"行業代號3":null,"名稱3":null},{"index":129,"id":10000128,"user":"彭家康","shop":"興仁花園夜市-O2一元彈珠","category":"夜市/市場攤販","zone":"桃竹苗","city":"桃園市","area":"八德區","market_name":"興仁花園夜市","market_address":"桃園市八德區長興路46號","pay_list":"","pay_tool":"","行業代號":null,"行業代號1":null,"名稱1":null,"行業代號2":null,"名稱2":null,"行業代號3":null,"名稱3":null},{"index":130,"id":10000129,"user":"鄭振岳","shop":"興仁花園夜市-O2-1大力藍球九宮格","category":"夜市/市場攤販","zone":"桃竹苗","city":"桃園市","area":"八德區","market_name":"興仁花園夜市","market_address":"桃園市八德區長興路46號","pay_list":"","pay_tool":"","行業代號":null,"行業代號1":null,"名稱1":null,"行業代號2":null,"名稱2":null,"行業代號3":null,"名稱3":null},{"index":131,"id":10000130,"user":"黃文鵬","shop":"興仁花園夜市-O5套圈圈","category":"夜市/市場攤販","zone":"桃竹苗","city":"桃園市","area":"八德區","market_name":"興仁花園夜市","market_address":"桃園市八德區長興路46號","pay_list":"","pay_tool":"","行業代號":null,"行業代號1":null,"名稱1":null,"行業代號2":null,"名稱2":null,"行業代號3":null,"名稱3":null},{"index":132,"id":10000131,"user":"曾聖哲","shop":"興仁花園夜市-O6雀神四人麻將","category":"夜市/市場攤販","zone":"桃竹苗","city":"桃園市","area":"八德區","market_name":"興仁花園夜市","market_address":"桃園市八德區長興路46號","pay_list":"","pay_tool":"","行業代號":null,"行業代號1":null,"名稱1":null,"行業代號2":null,"名稱2":null,"行業代號3":null,"名稱3":null},{"index":133,"id":10000132,"user":"李思瑩","shop":"興仁花園夜市-O7-0彈珠台","category":"夜市/市場攤販","zone":"桃竹苗","city":"桃園市","area":"八德區","market_name":"興仁花園夜市","market_address":"桃園市八德區長興路46號","pay_list":"","pay_tool":"","行業代號":null,"行業代號1":null,"名稱1":null,"行業代號2":null,"名稱2":null,"行業代號3":null,"名稱3":null},{"index":134,"id":10000133,"user":"傅聖惟","shop":"興仁花園夜市-O7-1.8套圈圈","category":"夜市/市場攤販","zone":"桃竹苗","city":"桃園市","area":"八德區","market_name":"興仁花園夜市","market_address":"桃園市八德區長興路46號","pay_list":"","pay_tool":"","行業代號":null,"行業代號1":null,"名稱1":null,"行業代號2":null,"名稱2":null,"行業代號3":null,"名稱3":null},{"index":135,"id":10000134,"user":"闕宏安","shop":"興仁花園夜市-O9.O10大型設施A .B","category":"夜市/市場攤販","zone":"桃竹苗","city":"桃園市","area":"八德區","market_name":"興仁花園夜市","market_address":"桃園市八德區長興路46號","pay_list":"","pay_tool":"","行業代號":null,"行業代號1":null,"名稱1":null,"行業代號2":null,"名稱2":null,"行業代號3":null,"名稱3":null},{"index":136,"id":10044591,"user":"顏佑珊","shop":"八德公有零售市場-甲1 (相印時尚)","category":"夜市/市場攤販","zone":"桃竹苗","city":"桃園市","area":"八德區","market_name":"八德公有零售市場","market_address":"桃園市八德區建國路45號","pay_list":["LINE PAY MONEY"],"pay_tool":["行動支付"],"行業代號":null,"行業代號1":null,"名稱1":null,"行業代號2":null,"名稱2":null,"行業代號3":null,"名稱3":null},{"index":137,"id":10044603,"user":"陳黃麗珠","shop":"八德公有零售市場-甲2","category":"夜市/市場攤販","zone":"桃竹苗","city":"桃園市","area":"八德區","market_name":"八德公有零售市場","market_address":"桃園市八德區建國路45號","pay_list":"","pay_tool":"","行業代號":null,"行業代號1":null,"名稱1":null,"行業代號2":null,"名稱2":null,"行業代號3":null,"名稱3":null},{"index":138,"id":10044614,"user":"鍾明運","shop":"八德公有零售市場-甲3","category":"夜市/市場攤販","zone":"桃竹苗","city":"桃園市","area":"八德區","market_name":"八德公有零售市場","market_address":"桃園市八德區建國路45號","pay_list":"","pay_tool":"","行業代號":null,"行業代號1":null,"名稱1":null,"行業代號2":null,"名稱2":null,"行業代號3":null,"名稱3":null},{"index":139,"id":10044625,"user":"吳建英","shop":"八德公有零售市場-甲4 (英雄堂企業社)","category":"夜市/市場攤販","zone":"桃竹苗","city":"桃園市","area":"八德區","market_name":"八德公有零售市場","market_address":"桃園市八德區建國路45號","pay_list":"","pay_tool":"","行業代號":null,"行業代號1":null,"名稱1":null,"行業代號2":null,"名稱2":null,"行業代號3":null,"名稱3":null},{"index":140,"id":10044636,"user":"黃馨嬅","shop":"八德公有零售市場-乙05","category":"夜市/市場攤販","zone":"桃竹苗","city":"桃園市","area":"八德區","market_name":"八德公有零售市場","market_address":"桃園市八德區建國路45號","pay_list":["LINE PAY MONEY"],"pay_tool":["行動支付"],"行業代號":null,"行業代號1":null,"名稱1":null,"行業代號2":null,"名稱2":null,"行業代號3":null,"名稱3":null},{"index":141,"id":10044647,"user":"邱寶嬌","shop":"八德公有零售市場-乙06","category":"夜市/市場攤販","zone":"桃竹苗","city":"桃園市","area":"八德區","market_name":"八德公有零售市場","market_address":"桃園市八德區建國路45號","pay_list":"","pay_tool":"","行業代號":null,"行業代號1":null,"名稱1":null,"行業代號2":null,"名稱2":null,"行業代號3":null,"名稱3":null},{"index":142,"id":10044658,"user":"黃馨儀","shop":"八德公有零售市場-乙07","category":"夜市/市場攤販","zone":"桃竹苗","city":"桃園市","area":"八德區","market_name":"八德公有零售市場","market_address":"桃園市八德區建國路45號","pay_list":"","pay_tool":"","行業代號":null,"行業代號1":null,"名稱1":null,"行業代號2":null,"名稱2":null,"行業代號3":null,"名稱3":null},{"index":143,"id":10044669,"user":"顏秀芬","shop":"八德公有零售市場-乙08","category":"夜市/市場攤販","zone":"桃竹苗","city":"桃園市","area":"八德區","market_name":"八德公有零售市場","market_address":"桃園市八德區建國路45號","pay_list":["LINE PAY MONEY"],"pay_tool":["行動支付"],"行業代號":null,"行業代號1":null,"名稱1":null,"行業代號2":null,"名稱2":null,"行業代號3":null,"名稱3":null},{"index":144,"id":10044680,"user":"范文瑜","shop":"八德公有零售市場-乙09","category":"夜市/市場攤販","zone":"桃竹苗","city":"桃園市","area":"八德區","market_name":"八德公有零售市場","market_address":"桃園市八德區建國路45號","pay_list":"","pay_tool":"","行業代號":null,"行業代號1":null,"名稱1":null,"行業代號2":null,"名稱2":null,"行業代號3":null,"名稱3":null},{"index":145,"id":10044691,"user":"周玲玲","shop":"八德公有零售市場-乙10","category":"夜市/市場攤販","zone":"桃竹苗","city":"桃園市","area":"八德區","market_name":"八德公有零售市場","market_address":"桃園市八德區建國路45號","pay_list":"","pay_tool":"","行業代號":null,"行業代號1":null,"名稱1":null,"行業代號2":null,"名稱2":null,"行業代號3":null,"名稱3":null},{"index":146,"id":10044702,"user":"夏萬森葉","shop":"八德公有零售市場-乙11 (森葉南北雜貨)","category":"夜市/市場攤販","zone":"桃竹苗","city":"桃園市","area":"八德區","market_name":"八德公有零售市場","market_address":"桃園市八德區建國路45號","pay_list":"","pay_tool":"","行業代號":null,"行業代號1":null,"名稱1":null,"行業代號2":null,"名稱2":null,"行業代號3":null,"名稱3":null},{"index":147,"id":10044714,"user":"趙梅英","shop":"八德公有零售市場-乙12","category":"夜市/市場攤販","zone":"桃竹苗","city":"桃園市","area":"八德區","market_name":"八德公有零售市場","market_address":"桃園市八德區建國路45號","pay_list":"","pay_tool":"","行業代號":null,"行業代號1":null,"名稱1":null,"行業代號2":null,"名稱2":null,"行業代號3":null,"名稱3":null},{"index":148,"id":10044725,"user":"邱?瑩","shop":"八德公有零售市場-乙13","category":"夜市/市場攤販","zone":"桃竹苗","city":"桃園市","area":"八德區","market_name":"八德公有零售市場","market_address":"桃園市八德區建國路45號","pay_list":"","pay_tool":"","行業代號":null,"行業代號1":null,"名稱1":null,"行業代號2":null,"名稱2":null,"行業代號3":null,"名稱3":null},{"index":149,"id":10044736,"user":"余明月","shop":"八德公有零售市場-乙14","category":"夜市/市場攤販","zone":"桃竹苗","city":"桃園市","area":"八德區","market_name":"八德公有零售市場","market_address":"桃園市八德區建國路45號","pay_list":"","pay_tool":"","行業代號":null,"行業代號1":null,"名稱1":null,"行業代號2":null,"名稱2":null,"行業代號3":null,"名稱3":null},{"index":150,"id":10044747,"user":"陳照雲","shop":"八德公有零售市場-乙15","category":"夜市/市場攤販","zone":"桃竹苗","city":"桃園市","area":"八德區","market_name":"八德公有零售市場","market_address":"桃園市八德區建國路45號","pay_list":"","pay_tool":"","行業代號":null,"行業代號1":null,"名稱1":null,"行業代號2":null,"名稱2":null,"行業代號3":null,"名稱3":null},{"index":151,"id":10044758,"user":"彭素珍","shop":"八德公有零售市場-乙16 (佳瑪豆製坊)","category":"夜市/市場攤販","zone":"桃竹苗","city":"桃園市","area":"八德區","market_name":"八德公有零售市場","market_address":"桃園市八德區建國路45號","pay_list":"","pay_tool":"","行業代號":null,"行業代號1":null,"名稱1":null,"行業代號2":null,"名稱2":null,"行業代號3":null,"名稱3":null},{"index":152,"id":10044769,"user":"陳重雄","shop":"八德公有零售市場-乙17","category":"夜市/市場攤販","zone":"桃竹苗","city":"桃園市","area":"八德區","market_name":"八德公有零售市場","market_address":"桃園市八德區建國路45號","pay_list":"","pay_tool":"","行業代號":null,"行業代號1":null,"名稱1":null,"行業代號2":null,"名稱2":null,"行業代號3":null,"名稱3":null},{"index":153,"id":10044780,"user":"陳照美","shop":"八德公有零售市場-乙18 (雞世家)","category":"夜市/市場攤販","zone":"桃竹苗","city":"桃園市","area":"八德區","market_name":"八德公有零售市場","market_address":"桃園市八德區建國路45號","pay_list":["LINE PAY MONEY"],"pay_tool":["行動支付"],"行業代號":null,"行業代號1":null,"名稱1":null,"行業代號2":null,"名稱2":null,"行業代號3":null,"名稱3":null},{"index":154,"id":10044791,"user":"劉惠文","shop":"八德公有零售市場-乙19","category":"夜市/市場攤販","zone":"桃竹苗","city":"桃園市","area":"八德區","market_name":"八德公有零售市場","market_address":"桃園市八德區建國路45號","pay_list":"","pay_tool":"","行業代號":null,"行業代號1":null,"名稱1":null,"行業代號2":null,"名稱2":null,"行業代號3":null,"名稱3":null},{"index":155,"id":10044802,"user":"邱月琴","shop":"八德公有零售市場-乙20 (福來禽肉店)","category":"夜市/市場攤販","zone":"桃竹苗","city":"桃園市","area":"八德區","market_name":"八德公有零售市場","market_address":"桃園市八德區建國路45號","pay_list":["LINE PAY MONEY"],"pay_tool":["行動支付"],"行業代號":null,"行業代號1":null,"名稱1":null,"行業代號2":null,"名稱2":null,"行業代號3":null,"名稱3":null},{"index":156,"id":10044813,"user":"邱廉錞","shop":"八德公有零售市場-乙21 (益福禽肉店)","category":"夜市/市場攤販","zone":"桃竹苗","city":"桃園市","area":"八德區","market_name":"八德公有零售市場","market_address":"桃園市八德區建國路45號","pay_list":"","pay_tool":"","行業代號":null,"行業代號1":null,"名稱1":null,"行業代號2":null,"名稱2":null,"行業代號3":null,"名稱3":null},{"index":157,"id":10044825,"user":"邱阿綢","shop":"八德公有零售市場-乙22","category":"夜市/市場攤販","zone":"桃竹苗","city":"桃園市","area":"八德區","market_name":"八德公有零售市場","market_address":"桃園市八德區建國路45號","pay_list":"","pay_tool":"","行業代號":null,"行業代號1":null,"名稱1":null,"行業代號2":null,"名稱2":null,"行業代號3":null,"名稱3":null},{"index":158,"id":10044836,"user":"邱顯益","shop":"八德公有零售市場-甲23 (阿益鄉下黑豬肉)","category":"夜市/市場攤販","zone":"桃竹苗","city":"桃園市","area":"八德區","market_name":"八德公有零售市場","market_address":"桃園市八德區建國路45號","pay_list":"","pay_tool":"","行業代號":null,"行業代號1":null,"名稱1":null,"行業代號2":null,"名稱2":null,"行業代號3":null,"名稱3":null},{"index":159,"id":10044847,"user":"邱茂貴","shop":"八德公有零售市場-甲24 (百美商行)","category":"夜市/市場攤販","zone":"桃竹苗","city":"桃園市","area":"八德區","market_name":"八德公有零售市場","market_address":"桃園市八德區建國路45號","pay_list":["LINE PAY MONEY"],"pay_tool":["行動支付"],"行業代號":null,"行業代號1":null,"名稱1":null,"行業代號2":null,"名稱2":null,"行業代號3":null,"名稱3":null},{"index":160,"id":10044858,"user":"蕭鄭鳳英","shop":"八德公有零售市場-乙25 (水錦蔬菜水果行)","category":"夜市/市場攤販","zone":"桃竹苗","city":"桃園市","area":"八德區","market_name":"八德公有零售市場","market_address":"桃園市八德區建國路45號","pay_list":"","pay_tool":"","行業代號":null,"行業代號1":null,"名稱1":null,"行業代號2":null,"名稱2":null,"行業代號3":null,"名稱3":null},{"index":161,"id":10044869,"user":"楊金雄","shop":"八德公有零售市場-乙26 (自種蔬菜)","category":"夜市/市場攤販","zone":"桃竹苗","city":"桃園市","area":"八德區","market_name":"八德公有零售市場","market_address":"桃園市八德區建國路45號","pay_list":"","pay_tool":"","行業代號":null,"行業代號1":null,"名稱1":null,"行業代號2":null,"名稱2":null,"行業代號3":null,"名稱3":null},{"index":162,"id":10044880,"user":"錢黃花","shop":"八德公有零售市場-乙27 (上青行)","category":"夜市/市場攤販","zone":"桃竹苗","city":"桃園市","area":"八德區","market_name":"八德公有零售市場","market_address":"桃園市八德區建國路45號","pay_list":"","pay_tool":"","行業代號":null,"行業代號1":null,"名稱1":null,"行業代號2":null,"名稱2":null,"行業代號3":null,"名稱3":null},{"index":163,"id":10044891,"user":"林岳嫺","shop":"八德公有零售市場-乙28 (阿清魚攤)","category":"夜市/市場攤販","zone":"桃竹苗","city":"桃園市","area":"八德區","market_name":"八德公有零售市場","market_address":"桃園市八德區建國路45號","pay_list":"","pay_tool":"","行業代號":null,"行業代號1":null,"名稱1":null,"行業代號2":null,"名稱2":null,"行業代號3":null,"名稱3":null},{"index":164,"id":10044902,"user":"呂源財","shop":"八德公有零售市場-乙29","category":"夜市/市場攤販","zone":"桃竹苗","city":"桃園市","area":"八德區","market_name":"八德公有零售市場","market_address":"桃園市八德區建國路45號","pay_list":"","pay_tool":"","行業代號":null,"行業代號1":null,"名稱1":null,"行業代號2":null,"名稱2":null,"行業代號3":null,"名稱3":null},{"index":165,"id":10044913,"user":"邱秋珍","shop":"八德公有零售市場-乙30 (阿珍生鮮蔬果)","category":"夜市/市場攤販","zone":"桃竹苗","city":"桃園市","area":"八德區","market_name":"八德公有零售市場","market_address":"桃園市八德區建國路45號","pay_list":"","pay_tool":"","行業代號":null,"行業代號1":null,"名稱1":null,"行業代號2":null,"名稱2":null,"行業代號3":null,"名稱3":null},{"index":166,"id":10044924,"user":"邱來好","shop":"八德公有零售市場-甲31 (阿珠姐南北雜貨)","category":"夜市/市場攤販","zone":"桃竹苗","city":"桃園市","area":"八德區","market_name":"八德公有零售市場","market_address":"桃園市八德區建國路45號","pay_list":"","pay_tool":"","行業代號":null,"行業代號1":null,"名稱1":null,"行業代號2":null,"名稱2":null,"行業代號3":null,"名稱3":null},{"index":167,"id":10044936,"user":"呂一舟","shop":"八德公有零售市場-甲32 (好食在)","category":"夜市/市場攤販","zone":"桃竹苗","city":"桃園市","area":"八德區","market_name":"八德公有零售市場","market_address":"桃園市八德區建國路45號","pay_list":"","pay_tool":"","行業代號":null,"行業代號1":null,"名稱1":null,"行業代號2":null,"名稱2":null,"行業代號3":null,"名稱3":null},{"index":168,"id":10044947,"user":"張勻瑄","shop":"八德公有零售市場-甲33","category":"夜市/市場攤販","zone":"桃竹苗","city":"桃園市","area":"八德區","market_name":"八德公有零售市場","market_address":"桃園市八德區建國路45號","pay_list":"","pay_tool":"","行業代號":null,"行業代號1":null,"名稱1":null,"行業代號2":null,"名稱2":null,"行業代號3":null,"名稱3":null},{"index":169,"id":10044958,"user":"潘奕璇","shop":"八德公有零售市場-甲34","category":"夜市/市場攤販","zone":"桃竹苗","city":"桃園市","area":"八德區","market_name":"八德公有零售市場","market_address":"桃園市八德區建國路45號","pay_list":"","pay_tool":"","行業代號":null,"行業代號1":null,"名稱1":null,"行業代號2":null,"名稱2":null,"行業代號3":null,"名稱3":null},{"index":170,"id":10044969,"user":"宋慧芳","shop":"八德公有零售市場-甲35 (阿松鄉下黑豬肉)","category":"夜市/市場攤販","zone":"桃竹苗","city":"桃園市","area":"八德區","market_name":"八德公有零售市場","market_address":"桃園市八德區建國路45號","pay_list":"","pay_tool":"","行業代號":null,"行業代號1":null,"名稱1":null,"行業代號2":null,"名稱2":null,"行業代號3":null,"名稱3":null},{"index":171,"id":10044980,"user":"呂命松","shop":"八德公有零售市場-甲36","category":"夜市/市場攤販","zone":"桃竹苗","city":"桃園市","area":"八德區","market_name":"八德公有零售市場","market_address":"桃園市八德區建國路45號","pay_list":"","pay_tool":"","行業代號":null,"行業代號1":null,"名稱1":null,"行業代號2":null,"名稱2":null,"行業代號3":null,"名稱3":null},{"index":172,"id":10044991,"user":"陳秀玉","shop":"八德公有零售市場-甲37 (秀玉自種蔬菜)","category":"夜市/市場攤販","zone":"桃竹苗","city":"桃園市","area":"八德區","market_name":"八德公有零售市場","market_address":"桃園市八德區建國路45號","pay_list":"","pay_tool":"","行業代號":null,"行業代號1":null,"名稱1":null,"行業代號2":null,"名稱2":null,"行業代號3":null,"名稱3":null},{"index":173,"id":10045002,"user":"林惠芳","shop":"八德公有零售市場-甲38","category":"夜市/市場攤販","zone":"桃竹苗","city":"桃園市","area":"八德區","market_name":"八德公有零售市場","market_address":"桃園市八德區建國路45號","pay_list":"","pay_tool":"","行業代號":null,"行業代號1":null,"名稱1":null,"行業代號2":null,"名稱2":null,"行業代號3":null,"名稱3":null},{"index":174,"id":10045013,"user":"袁張秋桂","shop":"八德公有零售市場-甲39 (袁媽自種蔬菜企業社)","category":"夜市/市場攤販","zone":"桃竹苗","city":"桃園市","area":"八德區","market_name":"八德公有零售市場","market_address":"桃園市八德區建國路45號","pay_list":"","pay_tool":"","行業代號":null,"行業代號1":null,"名稱1":null,"行業代號2":null,"名稱2":null,"行業代號3":null,"名稱3":null},{"index":175,"id":10045024,"user":"鄭祥宏","shop":"八德公有零售市場-甲40","category":"夜市/市場攤販","zone":"桃竹苗","city":"桃園市","area":"八德區","market_name":"八德公有零售市場","market_address":"桃園市八德區建國路45號","pay_list":"","pay_tool":"","行業代號":null,"行業代號1":null,"名稱1":null,"行業代號2":null,"名稱2":null,"行業代號3":null,"名稱3":null},{"index":176,"id":10045035,"user":"石秋暖","shop":"八德公有零售市場-甲41 (廣興蔬菜)","category":"夜市/市場攤販","zone":"桃竹苗","city":"桃園市","area":"八德區","market_name":"八德公有零售市場","market_address":"桃園市八德區建國路45號","pay_list":"","pay_tool":"","行業代號":null,"行業代號1":null,"名稱1":null,"行業代號2":null,"名稱2":null,"行業代號3":null,"名稱3":null},{"index":177,"id":10045047,"user":"邱程玉環","shop":"八德公有零售市場-甲42 (玉環豬肉店)","category":"夜市/市場攤販","zone":"桃竹苗","city":"桃園市","area":"八德區","market_name":"八德公有零售市場","market_address":"桃園市八德區建國路45號","pay_list":"","pay_tool":"","行業代號":null,"行業代號1":null,"名稱1":null,"行業代號2":null,"名稱2":null,"行業代號3":null,"名稱3":null},{"index":178,"id":10045058,"user":"邱顯裕","shop":"八德公有零售市場-甲43","category":"夜市/市場攤販","zone":"桃竹苗","city":"桃園市","area":"八德區","market_name":"八德公有零售市場","market_address":"桃園市八德區建國路45號","pay_list":"","pay_tool":"","行業代號":null,"行業代號1":null,"名稱1":null,"行業代號2":null,"名稱2":null,"行業代號3":null,"名稱3":null},{"index":179,"id":10045069,"user":"林秋玲","shop":"八德公有零售市場-甲44 (風鈴生活百貨)","category":"夜市/市場攤販","zone":"桃竹苗","city":"桃園市","area":"八德區","market_name":"八德公有零售市場","market_address":"桃園市八德區建國路45號","pay_list":"","pay_tool":"","行業代號":null,"行業代號1":null,"名稱1":null,"行業代號2":null,"名稱2":null,"行業代號3":null,"名稱3":null},{"index":180,"id":10045080,"user":"李裡順","shop":"八德公有零售市場-甲45","category":"夜市/市場攤販","zone":"桃竹苗","city":"桃園市","area":"八德區","market_name":"八德公有零售市場","market_address":"桃園市八德區建國路45號","pay_list":"","pay_tool":"","行業代號":null,"行業代號1":null,"名稱1":null,"行業代號2":null,"名稱2":null,"行業代號3":null,"名稱3":null},{"index":181,"id":10045091,"user":"徐聖雄","shop":"八德公有零售市場-甲46 (徐媽媽糕餅店)","category":"夜市/市場攤販","zone":"桃竹苗","city":"桃園市","area":"八德區","market_name":"八德公有零售市場","market_address":"桃園市八德區建國路45號","pay_list":"","pay_tool":"","行業代號":null,"行業代號1":null,"名稱1":null,"行業代號2":null,"名稱2":null,"行業代號3":null,"名稱3":null},{"index":182,"id":10045102,"user":"邱仁榮","shop":"八德公有零售市場-甲47 (仁榮商行)","category":"夜市/市場攤販","zone":"桃竹苗","city":"桃園市","area":"八德區","market_name":"八德公有零售市場","market_address":"桃園市八德區建國路45號","pay_list":"","pay_tool":"","行業代號":null,"行業代號1":null,"名稱1":null,"行業代號2":null,"名稱2":null,"行業代號3":null,"名稱3":null},{"index":183,"id":10045113,"user":"呂理福","shop":"八德公有零售市場-甲48 (阿福蔬果店)","category":"夜市/市場攤販","zone":"桃竹苗","city":"桃園市","area":"八德區","market_name":"八德公有零售市場","market_address":"桃園市八德區建國路45號","pay_list":"","pay_tool":"","行業代號":null,"行業代號1":null,"名稱1":null,"行業代號2":null,"名稱2":null,"行業代號3":null,"名稱3":null},{"index":184,"id":10045124,"user":"簡阿豆","shop":"八德公有零售市場-甲49","category":"夜市/市場攤販","zone":"桃竹苗","city":"桃園市","area":"八德區","market_name":"八德公有零售市場","market_address":"桃園市八德區建國路45號","pay_list":"","pay_tool":"","行業代號":null,"行業代號1":null,"名稱1":null,"行業代號2":null,"名稱2":null,"行業代號3":null,"名稱3":null},{"index":185,"id":10045135,"user":"陳寶玉","shop":"八德公有零售市場-甲50","category":"夜市/市場攤販","zone":"桃竹苗","city":"桃園市","area":"八德區","market_name":"八德公有零售市場","market_address":"桃園市八德區建國路45號","pay_list":"","pay_tool":"","行業代號":null,"行業代號1":null,"名稱1":null,"行業代號2":null,"名稱2":null,"行業代號3":null,"名稱3":null},{"index":186,"id":10045146,"user":"邱元禾","shop":"八德公有零售市場-乙51","category":"夜市/市場攤販","zone":"桃竹苗","city":"桃園市","area":"八德區","market_name":"八德公有零售市場","market_address":"桃園市八德區建國路45號","pay_list":["LINE PAY MONEY"],"pay_tool":["行動支付"],"行業代號":null,"行業代號1":null,"名稱1":null,"行業代號2":null,"名稱2":null,"行業代號3":null,"名稱3":null},{"index":187,"id":10045158,"user":"曾玉英","shop":"八德公有零售市場-乙52 (琪琪蔬果店)","category":"夜市/市場攤販","zone":"桃竹苗","city":"桃園市","area":"八德區","market_name":"八德公有零售市場","market_address":"桃園市八德區建國路45號","pay_list":"","pay_tool":"","行業代號":null,"行業代號1":null,"名稱1":null,"行業代號2":null,"名稱2":null,"行業代號3":null,"名稱3":null},{"index":188,"id":10045169,"user":"邱建富","shop":"八德公有零售市場-乙53 (佳味小吃)","category":"夜市/市場攤販","zone":"桃竹苗","city":"桃園市","area":"八德區","market_name":"八德公有零售市場","market_address":"桃園市八德區建國路45號","pay_list":"","pay_tool":"","行業代號":null,"行業代號1":null,"名稱1":null,"行業代號2":null,"名稱2":null,"行業代號3":null,"名稱3":null},{"index":189,"id":10045180,"user":"林永睿","shop":"八德公有零售市場-乙54","category":"夜市/市場攤販","zone":"桃竹苗","city":"桃園市","area":"八德區","market_name":"八德公有零售市場","market_address":"桃園市八德區建國路45號","pay_list":"","pay_tool":"","行業代號":null,"行業代號1":null,"名稱1":null,"行業代號2":null,"名稱2":null,"行業代號3":null,"名稱3":null},{"index":190,"id":10045191,"user":"陳政緯","shop":"八德公有零售市場-乙55","category":"夜市/市場攤販","zone":"桃竹苗","city":"桃園市","area":"八德區","market_name":"八德公有零售市場","market_address":"桃園市八德區建國路45號","pay_list":"","pay_tool":"","行業代號":null,"行業代號1":null,"名稱1":null,"行業代號2":null,"名稱2":null,"行業代號3":null,"名稱3":null},{"index":191,"id":10045202,"user":"陳吳水雲","shop":"八德公有零售市場-乙56","category":"夜市/市場攤販","zone":"桃竹苗","city":"桃園市","area":"八德區","market_name":"八德公有零售市場","market_address":"桃園市八德區建國路45號","pay_list":"","pay_tool":"","行業代號":null,"行業代號1":null,"名稱1":null,"行業代號2":null,"名稱2":null,"行業代號3":null,"名稱3":null},{"index":192,"id":10045213,"user":"李麗華","shop":"八德公有零售市場-乙57 (養樂多攤)","category":"夜市/市場攤販","zone":"桃竹苗","city":"桃園市","area":"八德區","market_name":"八德公有零售市場","market_address":"桃園市八德區建國路45號","pay_list":"","pay_tool":"","行業代號":null,"行業代號1":null,"名稱1":null,"行業代號2":null,"名稱2":null,"行業代號3":null,"名稱3":null},{"index":193,"id":10045224,"user":"邱林慧仙","shop":"八德公有零售市場-乙58","category":"夜市/市場攤販","zone":"桃竹苗","city":"桃園市","area":"八德區","market_name":"八德公有零售市場","market_address":"桃園市八德區建國路45號","pay_list":"","pay_tool":"","行業代號":null,"行業代號1":null,"名稱1":null,"行業代號2":null,"名稱2":null,"行業代號3":null,"名稱3":null},{"index":194,"id":10045235,"user":"詹敏玲","shop":"八德公有零售市場-乙59 (福華生鮮土雞)","category":"夜市/市場攤販","zone":"桃竹苗","city":"桃園市","area":"八德區","market_name":"八德公有零售市場","market_address":"桃園市八德區建國路45號","pay_list":"","pay_tool":"","行業代號":null,"行業代號1":null,"名稱1":null,"行業代號2":null,"名稱2":null,"行業代號3":null,"名稱3":null},{"index":195,"id":10045246,"user":"鄭美淑","shop":"八德公有零售市場-乙60","category":"夜市/市場攤販","zone":"桃竹苗","city":"桃園市","area":"八德區","market_name":"八德公有零售市場","market_address":"桃園市八德區建國路45號","pay_list":"","pay_tool":"","行業代號":null,"行業代號1":null,"名稱1":null,"行業代號2":null,"名稱2":null,"行業代號3":null,"名稱3":null},{"index":196,"id":10045257,"user":"邱陳順妹","shop":"八德公有零售市場-乙61","category":"夜市/市場攤販","zone":"桃竹苗","city":"桃園市","area":"八德區","market_name":"八德公有零售市場","market_address":"桃園市八德區建國路45號","pay_list":"","pay_tool":"","行業代號":null,"行業代號1":null,"名稱1":null,"行業代號2":null,"名稱2":null,"行業代號3":null,"名稱3":null},{"index":197,"id":10045271,"user":"邱周金英","shop":"八德公有零售市場-乙62","category":"夜市/市場攤販","zone":"桃竹苗","city":"桃園市","area":"八德區","market_name":"八德公有零售市場","market_address":"桃園市八德區建國路45號","pay_list":"","pay_tool":"","行業代號":null,"行業代號1":null,"名稱1":null,"行業代號2":null,"名稱2":null,"行業代號3":null,"名稱3":null},{"index":198,"id":10045282,"user":"徐永章","shop":"八德公有零售市場-乙63","category":"夜市/市場攤販","zone":"桃竹苗","city":"桃園市","area":"八德區","market_name":"八德公有零售市場","market_address":"桃園市八德區建國路45號","pay_list":"","pay_tool":"","行業代號":null,"行業代號1":null,"名稱1":null,"行業代號2":null,"名稱2":null,"行業代號3":null,"名稱3":null},{"index":199,"id":10045293,"user":"林麗瓊","shop":"八德公有零售市場-乙64 (八德雞場)","category":"夜市/市場攤販","zone":"桃竹苗","city":"桃園市","area":"八德區","market_name":"八德公有零售市場","market_address":"桃園市八德區建國路45號","pay_list":"","pay_tool":"","行業代號":null,"行業代號1":null,"名稱1":null,"行業代號2":null,"名稱2":null,"行業代號3":null,"名稱3":null},{"index":200,"id":10045304,"user":"徐李妹","shop":"八德公有零售市場-乙65","category":"夜市/市場攤販","zone":"桃竹苗","city":"桃園市","area":"八德區","market_name":"八德公有零售市場","market_address":"桃園市八德區建國路45號","pay_list":"","pay_tool":"","行業代號":null,"行業代號1":null,"名稱1":null,"行業代號2":null,"名稱2":null,"行業代號3":null,"名稱3":null}]