[{"index":1,"id":10031016,"user":"何淑雅","shop":"第一公有零售市場-肉","category":"夜市/市場攤販","zone":"雲嘉南","city":"嘉義縣","area":"新港鄉","market_name":"第一公有零售市場","market_address":"嘉義縣新港鄉新民路","pay_list":"","pay_tool":"","行業代號":null,"行業代號1":null,"名稱1":null,"行業代號2":null,"名稱2":null,"行業代號3":null,"名稱3":null},{"index":2,"id":10031017,"user":"葉權昇","shop":"第一公有零售市場-種子店","category":"夜市/市場攤販","zone":"雲嘉南","city":"嘉義縣","area":"新港鄉","market_name":"第一公有零售市場","market_address":"嘉義縣新港鄉新民路","pay_list":"","pay_tool":"","行業代號":null,"行業代號1":null,"名稱1":null,"行業代號2":null,"名稱2":null,"行業代號3":null,"名稱3":null},{"index":3,"id":10031018,"user":"葉明智","shop":"第一公有零售市場-雙協興","category":"夜市/市場攤販","zone":"雲嘉南","city":"嘉義縣","area":"新港鄉","market_name":"第一公有零售市場","market_address":"嘉義縣新港鄉新民路","pay_list":"","pay_tool":"","行業代號":null,"行業代號1":null,"名稱1":null,"行業代號2":null,"名稱2":null,"行業代號3":null,"名稱3":null},{"index":4,"id":10031019,"user":"謝春蘭","shop":"第一公有零售市場-永生百貨","category":"夜市/市場攤販","zone":"雲嘉南","city":"嘉義縣","area":"新港鄉","market_name":"第一公有零售市場","market_address":"嘉義縣新港鄉新民路","pay_list":"","pay_tool":"","行業代號":null,"行業代號1":null,"名稱1":null,"行業代號2":null,"名稱2":null,"行業代號3":null,"名稱3":null},{"index":5,"id":10031020,"user":"郭國樑","shop":"第一公有零售市場-五金","category":"夜市/市場攤販","zone":"雲嘉南","city":"嘉義縣","area":"新港鄉","market_name":"第一公有零售市場","market_address":"嘉義縣新港鄉新民路","pay_list":"","pay_tool":"","行業代號":null,"行業代號1":null,"名稱1":null,"行業代號2":null,"名稱2":null,"行業代號3":null,"名稱3":null},{"index":6,"id":10031021,"user":"林文柏","shop":"第一公有零售市場-水果","category":"夜市/市場攤販","zone":"雲嘉南","city":"嘉義縣","area":"新港鄉","market_name":"第一公有零售市場","market_address":"嘉義縣新港鄉新民路","pay_list":"","pay_tool":"","行業代號":null,"行業代號1":null,"名稱1":null,"行業代號2":null,"名稱2":null,"行業代號3":null,"名稱3":null},{"index":7,"id":10031022,"user":"謝勝豐","shop":"第一公有零售市場-謝勝豐","category":"夜市/市場攤販","zone":"雲嘉南","city":"嘉義縣","area":"新港鄉","market_name":"第一公有零售市場","market_address":"嘉義縣新港鄉新民路","pay_list":"","pay_tool":"","行業代號":null,"行業代號1":null,"名稱1":null,"行業代號2":null,"名稱2":null,"行業代號3":null,"名稱3":null},{"index":8,"id":10031023,"user":"楊世成","shop":"第一公有零售市場-楊世成","category":"夜市/市場攤販","zone":"雲嘉南","city":"嘉義縣","area":"新港鄉","market_name":"第一公有零售市場","market_address":"嘉義縣新港鄉新民路","pay_list":"","pay_tool":"","行業代號":null,"行業代號1":null,"名稱1":null,"行業代號2":null,"名稱2":null,"行業代號3":null,"名稱3":null},{"index":9,"id":10031024,"user":"殷文賢","shop":"第一公有零售市場-殷文賢","category":"夜市/市場攤販","zone":"雲嘉南","city":"嘉義縣","area":"新港鄉","market_name":"第一公有零售市場","market_address":"嘉義縣新港鄉新民路","pay_list":"","pay_tool":"","行業代號":null,"行業代號1":null,"名稱1":null,"行業代號2":null,"名稱2":null,"行業代號3":null,"名稱3":null},{"index":10,"id":10031026,"user":"曾坤財","shop":"第一公有零售市場-曾坤財","category":"夜市/市場攤販","zone":"雲嘉南","city":"嘉義縣","area":"新港鄉","market_name":"第一公有零售市場","market_address":"嘉義縣新港鄉新民路","pay_list":"","pay_tool":"","行業代號":null,"行業代號1":null,"名稱1":null,"行業代號2":null,"名稱2":null,"行業代號3":null,"名稱3":null},{"index":11,"id":10031027,"user":"王月鳳","shop":"第一公有零售市場-王月鳳","category":"夜市/市場攤販","zone":"雲嘉南","city":"嘉義縣","area":"新港鄉","market_name":"第一公有零售市場","market_address":"嘉義縣新港鄉新民路","pay_list":"","pay_tool":"","行業代號":null,"行業代號1":null,"名稱1":null,"行業代號2":null,"名稱2":null,"行業代號3":null,"名稱3":null},{"index":12,"id":10031028,"user":"莊聰穎","shop":"第一公有零售市場-莊聰穎","category":"夜市/市場攤販","zone":"雲嘉南","city":"嘉義縣","area":"新港鄉","market_name":"第一公有零售市場","market_address":"嘉義縣新港鄉新民路","pay_list":"","pay_tool":"","行業代號":null,"行業代號1":null,"名稱1":null,"行業代號2":null,"名稱2":null,"行業代號3":null,"名稱3":null},{"index":13,"id":10031029,"user":"林純民","shop":"第一公有零售市場-林純民","category":"夜市/市場攤販","zone":"雲嘉南","city":"嘉義縣","area":"新港鄉","market_name":"第一公有零售市場","market_address":"嘉義縣新港鄉新民路","pay_list":"","pay_tool":"","行業代號":null,"行業代號1":null,"名稱1":null,"行業代號2":null,"名稱2":null,"行業代號3":null,"名稱3":null},{"index":14,"id":10031030,"user":"黃喜子","shop":"第一公有零售市場-黃喜子","category":"夜市/市場攤販","zone":"雲嘉南","city":"嘉義縣","area":"新港鄉","market_name":"第一公有零售市場","market_address":"嘉義縣新港鄉新民路","pay_list":"","pay_tool":"","行業代號":null,"行業代號1":null,"名稱1":null,"行業代號2":null,"名稱2":null,"行業代號3":null,"名稱3":null},{"index":15,"id":10031031,"user":"蔡美慧","shop":"第一公有零售市場-蔡美慧","category":"夜市/市場攤販","zone":"雲嘉南","city":"嘉義縣","area":"新港鄉","market_name":"第一公有零售市場","market_address":"嘉義縣新港鄉新民路","pay_list":"","pay_tool":"","行業代號":null,"行業代號1":null,"名稱1":null,"行業代號2":null,"名稱2":null,"行業代號3":null,"名稱3":null},{"index":16,"id":10031032,"user":"劉茂松","shop":"第一公有零售市場-劉茂松","category":"夜市/市場攤販","zone":"雲嘉南","city":"嘉義縣","area":"新港鄉","market_name":"第一公有零售市場","market_address":"嘉義縣新港鄉新民路","pay_list":"","pay_tool":"","行業代號":null,"行業代號1":null,"名稱1":null,"行業代號2":null,"名稱2":null,"行業代號3":null,"名稱3":null},{"index":17,"id":10031033,"user":"郭玉琴","shop":"第一公有零售市場-郭玉琴","category":"夜市/市場攤販","zone":"雲嘉南","city":"嘉義縣","area":"新港鄉","market_name":"第一公有零售市場","market_address":"嘉義縣新港鄉新民路","pay_list":"","pay_tool":"","行業代號":null,"行業代號1":null,"名稱1":null,"行業代號2":null,"名稱2":null,"行業代號3":null,"名稱3":null},{"index":18,"id":10031034,"user":"何宜諭","shop":"第一公有零售市場-何宜諭","category":"夜市/市場攤販","zone":"雲嘉南","city":"嘉義縣","area":"新港鄉","market_name":"第一公有零售市場","market_address":"嘉義縣新港鄉新民路","pay_list":"","pay_tool":"","行業代號":null,"行業代號1":null,"名稱1":null,"行業代號2":null,"名稱2":null,"行業代號3":null,"名稱3":null},{"index":19,"id":10031035,"user":"莊美玉","shop":"第一公有零售市場-莊美玉","category":"夜市/市場攤販","zone":"雲嘉南","city":"嘉義縣","area":"新港鄉","market_name":"第一公有零售市場","market_address":"嘉義縣新港鄉新民路","pay_list":"","pay_tool":"","行業代號":null,"行業代號1":null,"名稱1":null,"行業代號2":null,"名稱2":null,"行業代號3":null,"名稱3":null},{"index":20,"id":10031037,"user":"許美湜","shop":"第一公有零售市場-許美湜","category":"夜市/市場攤販","zone":"雲嘉南","city":"嘉義縣","area":"新港鄉","market_name":"第一公有零售市場","market_address":"嘉義縣新港鄉新民路","pay_list":"","pay_tool":"","行業代號":null,"行業代號1":null,"名稱1":null,"行業代號2":null,"名稱2":null,"行業代號3":null,"名稱3":null},{"index":21,"id":10031038,"user":"黃怡舜","shop":"第一公有零售市場-黃怡舜","category":"夜市/市場攤販","zone":"雲嘉南","city":"嘉義縣","area":"新港鄉","market_name":"第一公有零售市場","market_address":"嘉義縣新港鄉新民路","pay_list":"","pay_tool":"","行業代號":null,"行業代號1":null,"名稱1":null,"行業代號2":null,"名稱2":null,"行業代號3":null,"名稱3":null},{"index":22,"id":10031039,"user":"溫永欽","shop":"第一公有零售市場-溫永欽","category":"夜市/市場攤販","zone":"雲嘉南","city":"嘉義縣","area":"新港鄉","market_name":"第一公有零售市場","market_address":"嘉義縣新港鄉新民路","pay_list":"","pay_tool":"","行業代號":null,"行業代號1":null,"名稱1":null,"行業代號2":null,"名稱2":null,"行業代號3":null,"名稱3":null},{"index":23,"id":10031040,"user":"戴陳玉真","shop":"第一公有零售市場-戴陳玉真","category":"夜市/市場攤販","zone":"雲嘉南","city":"嘉義縣","area":"新港鄉","market_name":"第一公有零售市場","market_address":"嘉義縣新港鄉新民路","pay_list":"","pay_tool":"","行業代號":null,"行業代號1":null,"名稱1":null,"行業代號2":null,"名稱2":null,"行業代號3":null,"名稱3":null},{"index":24,"id":10031041,"user":"林黃碧瑛","shop":"第一公有零售市場-林黃碧瑛","category":"夜市/市場攤販","zone":"雲嘉南","city":"嘉義縣","area":"新港鄉","market_name":"第一公有零售市場","market_address":"嘉義縣新港鄉新民路","pay_list":"","pay_tool":"","行業代號":null,"行業代號1":null,"名稱1":null,"行業代號2":null,"名稱2":null,"行業代號3":null,"名稱3":null},{"index":25,"id":10031042,"user":"何景興","shop":"第一公有零售市場-何景興","category":"夜市/市場攤販","zone":"雲嘉南","city":"嘉義縣","area":"新港鄉","market_name":"第一公有零售市場","market_address":"嘉義縣新港鄉新民路","pay_list":"","pay_tool":"","行業代號":null,"行業代號1":null,"名稱1":null,"行業代號2":null,"名稱2":null,"行業代號3":null,"名稱3":null},{"index":26,"id":10031043,"user":"李進興","shop":"第一公有零售市場-李進興","category":"夜市/市場攤販","zone":"雲嘉南","city":"嘉義縣","area":"新港鄉","market_name":"第一公有零售市場","market_address":"嘉義縣新港鄉新民路","pay_list":"","pay_tool":"","行業代號":null,"行業代號1":null,"名稱1":null,"行業代號2":null,"名稱2":null,"行業代號3":null,"名稱3":null},{"index":27,"id":10031044,"user":"蘇美香","shop":"第一公有零售市場-蘇美香","category":"夜市/市場攤販","zone":"雲嘉南","city":"嘉義縣","area":"新港鄉","market_name":"第一公有零售市場","market_address":"嘉義縣新港鄉新民路","pay_list":"","pay_tool":"","行業代號":null,"行業代號1":null,"名稱1":null,"行業代號2":null,"名稱2":null,"行業代號3":null,"名稱3":null},{"index":28,"id":10031045,"user":"陳瓊玉","shop":"第一公有零售市場-陳瓊玉","category":"夜市/市場攤販","zone":"雲嘉南","city":"嘉義縣","area":"新港鄉","market_name":"第一公有零售市場","market_address":"嘉義縣新港鄉新民路","pay_list":"","pay_tool":"","行業代號":null,"行業代號1":null,"名稱1":null,"行業代號2":null,"名稱2":null,"行業代號3":null,"名稱3":null},{"index":29,"id":10031046,"user":"呂文鶯","shop":"第一公有零售市場-呂文鶯","category":"夜市/市場攤販","zone":"雲嘉南","city":"嘉義縣","area":"新港鄉","market_name":"第一公有零售市場","market_address":"嘉義縣新港鄉新民路","pay_list":"","pay_tool":"","行業代號":null,"行業代號1":null,"名稱1":null,"行業代號2":null,"名稱2":null,"行業代號3":null,"名稱3":null},{"index":30,"id":10031049,"user":"林志勇","shop":"第一公有零售市場-林志勇","category":"夜市/市場攤販","zone":"雲嘉南","city":"嘉義縣","area":"新港鄉","market_name":"第一公有零售市場","market_address":"嘉義縣新港鄉新民路","pay_list":"","pay_tool":"","行業代號":null,"行業代號1":null,"名稱1":null,"行業代號2":null,"名稱2":null,"行業代號3":null,"名稱3":null},{"index":31,"id":10031050,"user":"無姓名","shop":"第一公有零售市場-無姓名","category":"夜市/市場攤販","zone":"雲嘉南","city":"嘉義縣","area":"新港鄉","market_name":"第一公有零售市場","market_address":"嘉義縣新港鄉新民路","pay_list":"","pay_tool":"","行業代號":null,"行業代號1":null,"名稱1":null,"行業代號2":null,"名稱2":null,"行業代號3":null,"名稱3":null},{"index":32,"id":10031051,"user":"徐文雄","shop":"第一公有零售市場-徐文雄","category":"夜市/市場攤販","zone":"雲嘉南","city":"嘉義縣","area":"新港鄉","market_name":"第一公有零售市場","market_address":"嘉義縣新港鄉新民路","pay_list":"","pay_tool":"","行業代號":null,"行業代號1":null,"名稱1":null,"行業代號2":null,"名稱2":null,"行業代號3":null,"名稱3":null},{"index":33,"id":10031052,"user":"陳淑真","shop":"第一公有零售市場-陳淑真","category":"夜市/市場攤販","zone":"雲嘉南","city":"嘉義縣","area":"新港鄉","market_name":"第一公有零售市場","market_address":"嘉義縣新港鄉新民路","pay_list":"","pay_tool":"","行業代號":null,"行業代號1":null,"名稱1":null,"行業代號2":null,"名稱2":null,"行業代號3":null,"名稱3":null},{"index":34,"id":10031053,"user":"周鈺?","shop":"第一公有零售市場-周鈺?","category":"夜市/市場攤販","zone":"雲嘉南","city":"嘉義縣","area":"新港鄉","market_name":"第一公有零售市場","market_address":"嘉義縣新港鄉新民路","pay_list":"","pay_tool":"","行業代號":null,"行業代號1":null,"名稱1":null,"行業代號2":null,"名稱2":null,"行業代號3":null,"名稱3":null},{"index":35,"id":10031054,"user":"宋素霞","shop":"第一公有零售市場-宋素霞","category":"夜市/市場攤販","zone":"雲嘉南","city":"嘉義縣","area":"新港鄉","market_name":"第一公有零售市場","market_address":"嘉義縣新港鄉新民路","pay_list":"","pay_tool":"","行業代號":null,"行業代號1":null,"名稱1":null,"行業代號2":null,"名稱2":null,"行業代號3":null,"名稱3":null},{"index":36,"id":10031055,"user":"賴連生","shop":"第一公有零售市場-賴連生","category":"夜市/市場攤販","zone":"雲嘉南","city":"嘉義縣","area":"新港鄉","market_name":"第一公有零售市場","market_address":"嘉義縣新港鄉新民路","pay_list":"","pay_tool":"","行業代號":null,"行業代號1":null,"名稱1":null,"行業代號2":null,"名稱2":null,"行業代號3":null,"名稱3":null},{"index":37,"id":10031056,"user":"賴柏元","shop":"第一公有零售市場-賴柏元","category":"夜市/市場攤販","zone":"雲嘉南","city":"嘉義縣","area":"新港鄉","market_name":"第一公有零售市場","market_address":"嘉義縣新港鄉新民路","pay_list":"","pay_tool":"","行業代號":null,"行業代號1":null,"名稱1":null,"行業代號2":null,"名稱2":null,"行業代號3":null,"名稱3":null},{"index":38,"id":10031057,"user":"黃莉雅","shop":"第一公有零售市場-黃莉雅","category":"夜市/市場攤販","zone":"雲嘉南","city":"嘉義縣","area":"新港鄉","market_name":"第一公有零售市場","market_address":"嘉義縣新港鄉新民路","pay_list":"","pay_tool":"","行業代號":null,"行業代號1":null,"名稱1":null,"行業代號2":null,"名稱2":null,"行業代號3":null,"名稱3":null},{"index":39,"id":20007338,"user":"黃敏淳","shop":"深海深??魠魚??新港店","category":["夜市/市場攤販"],"zone":"雲嘉南","city":"嘉義縣","area":"新港鄉","market_name":["餐食攤販"],"market_address":"嘉義縣新港鄉大興村中正路６６號","pay_list":"","pay_tool":"","行業代號":null,"行業代號1":null,"名稱1":null,"行業代號2":null,"名稱2":null,"行業代號3":null,"名稱3":null},{"index":40,"id":20013378,"user":"嚴錦村","shop":"嚴錦村(大樹腳粉圓冰)","category":["夜市/市場攤販"],"zone":"雲嘉南","city":"嘉義縣","area":"新港鄉","market_name":["餐食攤販"],"market_address":"嘉義縣新港鄉新中路與福德路交叉口面對福德路","pay_list":"","pay_tool":"","行業代號":null,"行業代號1":null,"名稱1":null,"行業代號2":null,"名稱2":null,"行業代號3":null,"名稱3":null},{"index":41,"id":20016416,"user":"吳世斌","shop":"吳世斌","category":["夜市/市場攤販"],"zone":"雲嘉南","city":"嘉義縣","area":"新港鄉","market_name":["餐食攤販"],"market_address":"嘉義縣新港鄉福德村１９鄰福德路１４０巷２７號","pay_list":"","pay_tool":"","行業代號":null,"行業代號1":null,"名稱1":null,"行業代號2":null,"名稱2":null,"行業代號3":null,"名稱3":null},{"index":42,"id":20021935,"user":"陳芬蘭","shop":"陳芬蘭","category":["夜市/市場攤販"],"zone":"雲嘉南","city":"嘉義縣","area":"新港鄉","market_name":["餐食攤販"],"market_address":"嘉義縣新港鄉宮後村中正路１４２號門口","pay_list":"","pay_tool":"","行業代號":null,"行業代號1":null,"名稱1":null,"行業代號2":null,"名稱2":null,"行業代號3":null,"名稱3":null},{"index":43,"id":20046731,"user":"陳秀倩","shop":"柏雅茶行","category":["夜市/市場攤販"],"zone":"雲嘉南","city":"嘉義縣","area":"新港鄉","market_name":["調理飲料攤販"],"market_address":"嘉義縣新港鄉宮前村００８鄰中山路奉天大廈４號","pay_list":"","pay_tool":"","行業代號":null,"行業代號1":null,"名稱1":null,"行業代號2":null,"名稱2":null,"行業代號3":null,"名稱3":null},{"index":44,"id":60074377,"user":"周怡君","shop":"橡樹園湶品","category":["夜市/市場攤販"],"zone":"雲嘉南","city":"嘉義縣","area":"新港鄉","market_name":["調理飲料攤販"],"market_address":"嘉義縣新港鄉月眉村００９鄰月眉潭１６４―１號１樓","pay_list":null,"pay_tool":null,"行業代號":"563200","行業代號1":"","名稱1":"","行業代號2":"","名稱2":"","行業代號3":"","名稱3":""}]