[{"index":1,"id":20015792,"user":"陳龍文","shop":"陳龍文","category":["夜市/市場攤販"],"zone":"高屏","city":"高雄市","area":"內門區","market_name":["餐食攤販"],"market_address":"高雄市內門區觀亭里中正路１１３號旁（１１５巷內）","pay_list":"","pay_tool":"","行業代號":null,"行業代號1":null,"名稱1":null,"行業代號2":null,"名稱2":null,"行業代號3":null,"名稱3":null},{"index":2,"id":20015807,"user":"李建恆","shop":"茶公子專業茶飲","category":["夜市/市場攤販"],"zone":"高屏","city":"高雄市","area":"內門區","market_name":["調理飲料攤販"],"market_address":"高雄市內門區觀亭里中埔頭９之５號","pay_list":"","pay_tool":"","行業代號":null,"行業代號1":null,"名稱1":null,"行業代號2":null,"名稱2":null,"行業代號3":null,"名稱3":null},{"index":3,"id":20025712,"user":"劉美修","shop":"劉美修","category":["夜市/市場攤販"],"zone":"高屏","city":"高雄市","area":"內門區","market_name":["調理飲料攤販"],"market_address":"高雄市內門區觀亭里中正路１２９號前","pay_list":["LINE PAY MONEY"],"pay_tool":["行動支付"],"行業代號":null,"行業代號1":null,"名稱1":null,"行業代號2":null,"名稱2":null,"行業代號3":null,"名稱3":null},{"index":4,"id":60034999,"user":"洪秋汝","shop":"寒軒冷飲","category":["夜市/市場攤販"],"zone":"高屏","city":"高雄市","area":"內門區","market_name":["調理飲料攤販"],"market_address":"高雄市內門區內南里大學路２００號","pay_list":null,"pay_tool":null,"行業代號":"563200","行業代號1":"","名稱1":"","行業代號2":"","名稱2":"","行業代號3":"","名稱3":""}]