[{"index":1,"id":20012782,"user":"李寶珠","shop":"李寶珠","category":["夜市/市場攤販","餐飲"],"zone":"中彰投","city":"彰化縣","area":"伸港鄉","market_name":["餐食攤販","調理飲料攤販"],"market_address":"彰化縣伸港鄉新港村新港路２４１號前面","pay_list":"","pay_tool":"","行業代號":null,"行業代號1":null,"名稱1":null,"行業代號2":null,"名稱2":null,"行業代號3":null,"名稱3":null},{"index":2,"id":60111605,"user":"林欣億","shop":"肥肥水水工作室","category":["夜市/市場攤販"],"zone":"中彰投","city":"彰化縣","area":"伸港鄉","market_name":["餐食攤販"],"market_address":"彰化縣伸港鄉曾家村中山路９２７巷１２弄１１號","pay_list":null,"pay_tool":null,"行業代號":"561200","行業代號1":"","名稱1":"","行業代號2":"","名稱2":"","行業代號3":"","名稱3":""}]