[{"index":1,"shop":"金鼎軒飲食有限公司","zone":"北北基","city":"臺北市","area":"士林區","market_address":"臺北市士林區德華里福國路９８號４樓之４","user":"巫綺倫","行業代號":"561200","market_name":["餐食攤販"],"行業代號1":"","名稱1":"","行業代號2":"","名稱2":"","行業代號3":"","名稱3":"","category":["夜市/市場攤販"],"id":60010884},{"index":2,"shop":"吉香食品行","zone":"北北基","city":"臺北市","area":"士林區","market_address":"臺北市士林區福中里福港街１１０巷１弄２號２樓","user":"賴義睦","行業代號":"561200","market_name":["餐食攤販"],"行業代號1":"","名稱1":"","行業代號2":"","名稱2":"","行業代號3":"","名稱3":"","category":["夜市/市場攤販"],"id":60031751},{"index":3,"shop":"宏業早餐店","zone":"北北基","city":"臺北市","area":"士林區","market_address":"臺北市士林區社新里社子街４７號１樓","user":"劉美惠","行業代號":"561200","market_name":["餐食攤販"],"行業代號1":"","名稱1":"","行業代號2":"","名稱2":"","行業代號3":"","名稱3":"","category":["夜市/市場攤販"],"id":60038281},{"index":4,"shop":"北台灣第一香小吃店","zone":"北北基","city":"臺北市","area":"士林區","market_address":"臺北市士林區延平北路５段１４８號","user":"吳建興","行業代號":"561200","market_name":["餐食攤販"],"行業代號1":"","名稱1":"","行業代號2":"","名稱2":"","行業代號3":"","名稱3":"","category":["夜市/市場攤販"],"id":60039805},{"index":5,"shop":"超級好吃小吃店","zone":"北北基","city":"臺北市","area":"士林區","market_address":"臺北市士林區中正路１９９號旁","user":"許登超","行業代號":"561200","market_name":["餐食攤販"],"行業代號1":"","名稱1":"","行業代號2":"","名稱2":"","行業代號3":"","名稱3":"","category":["夜市/市場攤販"],"id":60043928},{"index":6,"shop":"鱻品珍美食坊","zone":"北北基","city":"臺北市","area":"士林區","market_address":"臺北市士林區富光里延平北路５段１５９號","user":"李采珍","行業代號":"561200","market_name":["餐食攤販"],"行業代號1":"","名稱1":"","行業代號2":"","名稱2":"","行業代號3":"","名稱3":"","category":["夜市/市場攤販"],"id":60044151},{"index":7,"shop":"高師傅廣東粥","zone":"北北基","city":"臺北市","area":"士林區","market_address":"臺北市士林區福華里承德路４段４０巷２號","user":"高銘維","行業代號":"561200","market_name":["調理飲料攤販","餐食攤販"],"行業代號1":"563200","名稱1":"調理飲料攤販","行業代號2":"","名稱2":"","行業代號3":"","名稱3":"","category":["餐飲","夜市/市場攤販"],"id":60044337},{"index":8,"shop":"大頭蒜味鹹酥雞","zone":"北北基","city":"臺北市","area":"士林區","market_address":"臺北市士林區天母里中山北路七段８１巷３０號―１１","user":"蔡光彥","行業代號":"561200","market_name":["餐食攤販"],"行業代號1":"","名稱1":"","行業代號2":"","名稱2":"","行業代號3":"","名稱3":"","category":["夜市/市場攤販"],"id":60069322},{"index":9,"shop":"哇青蛙下蛋食品行","zone":"北北基","city":"臺北市","area":"士林區","market_address":"臺北市士林區文林路１０１巷１４號１樓","user":"王木火","行業代號":"561200","market_name":["餐食攤販"],"行業代號1":"","名稱1":"","行業代號2":"","名稱2":"","行業代號3":"","名稱3":"","category":["夜市/市場攤販"],"id":60075836},{"index":10,"shop":"利成美食屋","zone":"北北基","city":"臺北市","area":"士林區","market_address":"臺北市士林區蘭雅里德行東路１０９巷８９號１樓","user":"翁清竣","行業代號":"561200","market_name":["餐食攤販"],"行業代號1":"","名稱1":"","行業代號2":"","名稱2":"","行業代號3":"","名稱3":"","category":["夜市/市場攤販"],"id":60076014},{"index":11,"shop":"品味麵店","zone":"北北基","city":"臺北市","area":"士林區","market_address":"臺北市士林區福順里延平北路５段１０６號","user":"黃吉源","行業代號":"561200","market_name":["餐食攤販"],"行業代號1":"","名稱1":"","行業代號2":"","名稱2":"","行業代號3":"","名稱3":"","category":["夜市/市場攤販"],"id":60076124},{"index":12,"shop":"佳香魚丸店","zone":"北北基","city":"臺北市","area":"士林區","market_address":"臺北市士林區富光里延平北路５段１４９號１樓","user":"何清壽","行業代號":"561200","market_name":["餐食攤販"],"行業代號1":"","名稱1":"","行業代號2":"","名稱2":"","行業代號3":"","名稱3":"","category":["夜市/市場攤販"],"id":60076437},{"index":13,"shop":"喝喝吧商行","zone":"北北基","city":"臺北市","area":"士林區","market_address":"臺北市士林區福德里基河路２７５號","user":"吳冠儀","行業代號":"563200","market_name":["調理飲料攤販"],"行業代號1":"","名稱1":"","行業代號2":"","名稱2":"","行業代號3":"","名稱3":"","category":["夜市/市場攤販"],"id":60086849},{"index":14,"shop":"春和捲食","zone":"北北基","city":"臺北市","area":"士林區","market_address":"臺北市士林區德行里福華路１６２―２號１樓","user":"湯宥庭","行業代號":"561200","market_name":["餐食攤販"],"行業代號1":"","名稱1":"","行業代號2":"","名稱2":"","行業代號3":"","名稱3":"","category":["夜市/市場攤販"],"id":60087237},{"index":15,"shop":"莊家香蔥肉捲","zone":"北北基","city":"臺北市","area":"士林區","market_address":"臺北市士林區大南路９９號前","user":"莊詠喬","行業代號":"561200","market_name":["餐食攤販"],"行業代號1":"","名稱1":"","行業代號2":"","名稱2":"","行業代號3":"","名稱3":"","category":["夜市/市場攤販"],"id":60120444}]