[{"index":1,"id":30036488,"category":"夜市小吃/市場","city":"新竹縣","area":"竹北市","market_name":"仁義攤販集中場","market_address":"新竹縣竹北市仁義路129號","shop":"仁義攤販集中場 臨20","pay_list":["LINE Pay Money"],"zone":"桃竹苗","user":"楊鄧榮妹","pay_tool":["行動支付"]},{"index":2,"id":30036524,"category":"夜市小吃/市場","city":"新竹縣","area":"竹北市","market_name":"仁義攤販集中場","market_address":"新竹縣竹北市仁義路129號","shop":"仁義攤販集中場 臨51","pay_list":["LINE Pay Money"],"zone":"桃竹苗","user":"曾鈺喬","pay_tool":["行動支付"]},{"index":3,"id":30036542,"category":"夜市小吃/市場","city":"新竹縣","area":"竹北市","market_name":"仁義攤販集中場","market_address":"新竹縣竹北市仁義路129號","shop":"仁義攤販集中場 臨68","pay_list":["LINE Pay Money"],"zone":"桃竹苗","user":"周士傑","pay_tool":["行動支付"]},{"index":4,"id":30036548,"category":"夜市小吃/市場","city":"新竹縣","area":"竹北市","market_name":"仁義攤販集中場","market_address":"新竹縣竹北市仁義路129號","shop":"仁義攤販集中場 臨73","pay_list":["LINE Pay Money"],"zone":"桃竹苗","user":"張天豪","pay_tool":["行動支付"]},{"index":5,"id":30036576,"category":"夜市小吃/市場","city":"新竹縣","area":"竹北市","market_name":"仁義攤販集中場","market_address":"新竹縣竹北市仁義路129號","shop":"仁義攤販集中場 臨100","pay_list":["LINE Pay Money"],"zone":"桃竹苗","user":"曾國猛","pay_tool":["行動支付"]},{"index":6,"id":30036588,"category":"夜市小吃/市場","city":"新竹縣","area":"竹北市","market_name":"仁義攤販集中場","market_address":"新竹縣竹北市仁義路129號","shop":"仁義攤販集中場 臨112","pay_list":["台灣 PAY"],"zone":"桃竹苗","user":"彭銘鋒","pay_tool":["行動支付"]},{"index":7,"id":30036619,"category":"夜市小吃/市場","city":"新竹縣","area":"竹北市","market_name":"仁義攤販集中場","market_address":"新竹縣竹北市仁義路129號","shop":"仁義攤販集中場 臨140","pay_list":["台灣 PAY"],"zone":"桃竹苗","user":"謝興明","pay_tool":["行動支付"]},{"index":8,"id":30036620,"category":"夜市小吃/市場","city":"新竹縣","area":"竹北市","market_name":"仁義攤販集中場","market_address":"新竹縣竹北市仁義路129號","shop":"仁義攤販集中場 臨1F-141","pay_list":["LINE Pay Money"],"zone":"桃竹苗","user":"蘇郁雯","pay_tool":["行動支付"]},{"index":9,"id":30036648,"category":"夜市小吃/市場","city":"新竹縣","area":"竹北市","market_name":"竹北公有零售市場","market_address":"新竹縣竹北市仁愛街45號旁","shop":"竹北公有零售市場 1棟20","pay_list":["台灣 PAY"],"zone":"桃竹苗","user":"魏淑玲","pay_tool":["行動支付"]},{"index":10,"id":30036688,"category":"夜市小吃/市場","city":"新竹縣","area":"竹北市","market_name":"竹北公有零售市場","market_address":"新竹縣竹北市仁愛街45號旁","shop":"竹北公有零售市場 2棟15","pay_list":["台灣 PAY"],"zone":"桃竹苗","user":"李?鵝","pay_tool":["行動支付"]},{"index":11,"id":30036702,"category":"夜市小吃/市場","city":"新竹縣","area":"竹北市","market_name":"竹北公有零售市場","market_address":"新竹縣竹北市仁愛街45號旁","shop":"竹北公有零售市場 2棟27","pay_list":["街口支付","台灣 PAY"],"zone":"桃竹苗","user":"魏嘉慧","pay_tool":["行動支付"]},{"index":12,"id":30036706,"category":"夜市小吃/市場","city":"新竹縣","area":"竹北市","market_name":"竹北公有零售市場","market_address":"新竹縣竹北市仁愛街45號旁","shop":"竹北公有零售市場 2棟31","pay_list":["街口支付","台灣 PAY"],"zone":"桃竹苗","user":"許英峻","pay_tool":["行動支付"]},{"index":13,"id":30036775,"category":"夜市小吃/市場","city":"新竹縣","area":"竹北市","market_name":"竹北攤販集中場","market_address":"新竹縣竹北市仁愛街45號旁","shop":"竹北攤販集中場 49","pay_list":["台灣 PAY"],"zone":"桃竹苗","user":"甘增嬌","pay_tool":["行動支付"]},{"index":14,"id":30036788,"category":"夜市小吃/市場","city":"新竹縣","area":"竹北市","market_name":"新社公有零售市場","market_address":"新竹縣竹北市華興一街160號","shop":"新社公有零售市場 1棟01","pay_list":["街口支付","LINE Pay Money"],"zone":"桃竹苗","user":"徐淑蓉","pay_tool":["行動支付"]},{"index":15,"id":30036795,"category":"夜市小吃/市場","city":"新竹縣","area":"竹北市","market_name":"新社公有零售市場","market_address":"新竹縣竹北市華興一街160號","shop":"新社公有零售市場 1棟07","pay_list":["LINE Pay Money"],"zone":"桃竹苗","user":"溫美玲","pay_tool":["行動支付"]},{"index":16,"id":30036840,"category":"夜市小吃/市場","city":"新竹縣","area":"竹北市","market_name":"新社攤販集中場","market_address":"新竹縣竹北市華興一街160號","shop":"新社攤販集中場 臨10","pay_list":["LINE Pay Money"],"zone":"桃竹苗","user":"吳尚治","pay_tool":["行動支付"]},{"index":17,"id":30036847,"category":"夜市小吃/市場","city":"新竹縣","area":"竹北市","market_name":"新社攤販集中場","market_address":"新竹縣竹北市華興一街160號","shop":"新社攤販集中場 臨16","pay_list":["LINE Pay Money"],"zone":"桃竹苗","user":"溫妤婕","pay_tool":["行動支付"]},{"index":18,"id":30036848,"category":"夜市小吃/市場","city":"新竹縣","area":"竹北市","market_name":"新社攤販集中場","market_address":"新竹縣竹北市華興一街160號","shop":"新社攤販集中場 臨17","pay_list":["LINE Pay Money"],"zone":"桃竹苗","user":"葉美蓉","pay_tool":["行動支付"]}]