[{"index":1,"id":10023848,"user":"洪清泉","shop":"草屯鎮公有零售市場-豬肉攤","category":"夜市/市場攤販","zone":"中彰投","city":"南投縣","area":"草屯鎮","market_name":"草屯鎮公有零售市場","market_address":"草屯鎮和興街55號","pay_list":"","pay_tool":"","行業代號":null,"行業代號1":null,"名稱1":null,"行業代號2":null,"名稱2":null,"行業代號3":null,"名稱3":null},{"index":2,"id":10023859,"user":"林惟欽","shop":"草屯鎮公有零售市場-丸林號蔬菜","category":"夜市/市場攤販","zone":"中彰投","city":"南投縣","area":"草屯鎮","market_name":"草屯鎮公有零售市場","market_address":"草屯鎮和興街55號","pay_list":"","pay_tool":"","行業代號":null,"行業代號1":null,"名稱1":null,"行業代號2":null,"名稱2":null,"行業代號3":null,"名稱3":null},{"index":3,"id":10023870,"user":"吳阿蔥","shop":"草屯鎮公有零售市場-丸林號蔬菜","category":"夜市/市場攤販","zone":"中彰投","city":"南投縣","area":"草屯鎮","market_name":"草屯鎮公有零售市場","market_address":"草屯鎮和興街55號","pay_list":"","pay_tool":"","行業代號":null,"行業代號1":null,"名稱1":null,"行業代號2":null,"名稱2":null,"行業代號3":null,"名稱3":null},{"index":4,"id":10023881,"user":"洪德彬","shop":"草屯鎮公有零售市場-丸森海鮮","category":"夜市/市場攤販","zone":"中彰投","city":"南投縣","area":"草屯鎮","market_name":"草屯鎮公有零售市場","market_address":"草屯鎮和興街55號","pay_list":"","pay_tool":"","行業代號":null,"行業代號1":null,"名稱1":null,"行業代號2":null,"名稱2":null,"行業代號3":null,"名稱3":null},{"index":5,"id":10023892,"user":"賴李秀美","shop":"草屯鎮公有零售市場-麵線","category":"夜市/市場攤販","zone":"中彰投","city":"南投縣","area":"草屯鎮","market_name":"草屯鎮公有零售市場","market_address":"草屯鎮和興街55號","pay_list":"","pay_tool":"","行業代號":null,"行業代號1":null,"名稱1":null,"行業代號2":null,"名稱2":null,"行業代號3":null,"名稱3":null},{"index":6,"id":10023903,"user":"何榮槍","shop":"草屯鎮公有零售市場-丸銘鮮魚部","category":"夜市/市場攤販","zone":"中彰投","city":"南投縣","area":"草屯鎮","market_name":"草屯鎮公有零售市場","market_address":"草屯鎮和興街55號","pay_list":"","pay_tool":"","行業代號":null,"行業代號1":null,"名稱1":null,"行業代號2":null,"名稱2":null,"行業代號3":null,"名稱3":null},{"index":7,"id":10023914,"user":"鍾阿吻","shop":"草屯鎮公有零售市場-丸銘鮮魚部","category":"夜市/市場攤販","zone":"中彰投","city":"南投縣","area":"草屯鎮","market_name":"草屯鎮公有零售市場","market_address":"草屯鎮和興街55號","pay_list":"","pay_tool":"","行業代號":null,"行業代號1":null,"名稱1":null,"行業代號2":null,"名稱2":null,"行業代號3":null,"名稱3":null},{"index":8,"id":10023925,"user":"林清江","shop":"草屯鎮公有零售市場-丸銘鮮魚部","category":"夜市/市場攤販","zone":"中彰投","city":"南投縣","area":"草屯鎮","market_name":"草屯鎮公有零售市場","market_address":"草屯鎮和興街55號","pay_list":"","pay_tool":"","行業代號":null,"行業代號1":null,"名稱1":null,"行業代號2":null,"名稱2":null,"行業代號3":null,"名稱3":null},{"index":9,"id":10023937,"user":"張光毅","shop":"草屯鎮公有零售市場-張記","category":"夜市/市場攤販","zone":"中彰投","city":"南投縣","area":"草屯鎮","market_name":"草屯鎮公有零售市場","market_address":"草屯鎮和興街55號","pay_list":"","pay_tool":"","行業代號":null,"行業代號1":null,"名稱1":null,"行業代號2":null,"名稱2":null,"行業代號3":null,"名稱3":null},{"index":10,"id":10023948,"user":"郭麗香","shop":"草屯鎮公有零售市場-森記肉舖","category":"夜市/市場攤販","zone":"中彰投","city":"南投縣","area":"草屯鎮","market_name":"草屯鎮公有零售市場","market_address":"草屯鎮和興街55號","pay_list":"","pay_tool":"","行業代號":null,"行業代號1":null,"名稱1":null,"行業代號2":null,"名稱2":null,"行業代號3":null,"名稱3":null},{"index":11,"id":10023959,"user":"洪彩合","shop":"草屯鎮公有零售市場-彩合號","category":"夜市/市場攤販","zone":"中彰投","city":"南投縣","area":"草屯鎮","market_name":"草屯鎮公有零售市場","market_address":"草屯鎮和興街55號","pay_list":"","pay_tool":"","行業代號":null,"行業代號1":null,"名稱1":null,"行業代號2":null,"名稱2":null,"行業代號3":null,"名稱3":null},{"index":12,"id":10023970,"user":"林劼億","shop":"草屯鎮公有零售市場-霸王號肉舖","category":"夜市/市場攤販","zone":"中彰投","city":"南投縣","area":"草屯鎮","market_name":"草屯鎮公有零售市場","market_address":"草屯鎮和興街55號","pay_list":"","pay_tool":"","行業代號":null,"行業代號1":null,"名稱1":null,"行業代號2":null,"名稱2":null,"行業代號3":null,"名稱3":null},{"index":13,"id":10023981,"user":"簡榕遙","shop":"草屯鎮公有零售市場-隆基號肉舖","category":"夜市/市場攤販","zone":"中彰投","city":"南投縣","area":"草屯鎮","market_name":"草屯鎮公有零售市場","market_address":"草屯鎮和興街55號","pay_list":"","pay_tool":"","行業代號":null,"行業代號1":null,"名稱1":null,"行業代號2":null,"名稱2":null,"行業代號3":null,"名稱3":null},{"index":14,"id":10023992,"user":"賴主資","shop":"草屯鎮公有零售市場-永興便當","category":"夜市/市場攤販","zone":"中彰投","city":"南投縣","area":"草屯鎮","market_name":"草屯鎮公有零售市場","market_address":"草屯鎮和興街55號","pay_list":"","pay_tool":"","行業代號":null,"行業代號1":null,"名稱1":null,"行業代號2":null,"名稱2":null,"行業代號3":null,"名稱3":null},{"index":15,"id":10024003,"user":"賴秀如","shop":"草屯鎮公有零售市場-永興便當","category":"夜市/市場攤販","zone":"中彰投","city":"南投縣","area":"草屯鎮","market_name":"草屯鎮公有零售市場","market_address":"草屯鎮和興街55號","pay_list":"","pay_tool":"","行業代號":null,"行業代號1":null,"名稱1":null,"行業代號2":null,"名稱2":null,"行業代號3":null,"名稱3":null},{"index":16,"id":10024014,"user":"洪秀宏","shop":"草屯鎮公有零售市場-鴻興鵝肉","category":"夜市/市場攤販","zone":"中彰投","city":"南投縣","area":"草屯鎮","market_name":"草屯鎮公有零售市場","market_address":"草屯鎮和興街55號","pay_list":["LINE PAY"],"pay_tool":["行動支付"],"行業代號":null,"行業代號1":null,"名稱1":null,"行業代號2":null,"名稱2":null,"行業代號3":null,"名稱3":null},{"index":17,"id":10024025,"user":"簡淑梅","shop":"草屯鎮公有零售市場-花生糖","category":"夜市/市場攤販","zone":"中彰投","city":"南投縣","area":"草屯鎮","market_name":"草屯鎮公有零售市場","market_address":"草屯鎮和興街55號","pay_list":"","pay_tool":"","行業代號":null,"行業代號1":null,"名稱1":null,"行業代號2":null,"名稱2":null,"行業代號3":null,"名稱3":null},{"index":18,"id":10024036,"user":"李炳峰","shop":"草屯鎮公有零售市場-藝峰印鋪","category":"夜市/市場攤販","zone":"中彰投","city":"南投縣","area":"草屯鎮","market_name":"草屯鎮公有零售市場","market_address":"草屯鎮和興街55號","pay_list":"","pay_tool":"","行業代號":null,"行業代號1":null,"名稱1":null,"行業代號2":null,"名稱2":null,"行業代號3":null,"名稱3":null},{"index":19,"id":10024048,"user":"黃秀英","shop":"草屯鎮公有零售市場-秀英袖套圍裙","category":"夜市/市場攤販","zone":"中彰投","city":"南投縣","area":"草屯鎮","market_name":"草屯鎮公有零售市場","market_address":"草屯鎮和興街55號","pay_list":"","pay_tool":"","行業代號":null,"行業代號1":null,"名稱1":null,"行業代號2":null,"名稱2":null,"行業代號3":null,"名稱3":null},{"index":20,"id":10024059,"user":"賴淑芬","shop":"草屯鎮公有零售市場-美髮","category":"夜市/市場攤販","zone":"中彰投","city":"南投縣","area":"草屯鎮","market_name":"草屯鎮公有零售市場","market_address":"草屯鎮和興街55號","pay_list":"","pay_tool":"","行業代號":null,"行業代號1":null,"名稱1":null,"行業代號2":null,"名稱2":null,"行業代號3":null,"名稱3":null},{"index":21,"id":10024070,"user":"賴淑俐","shop":"草屯鎮公有零售市場-美髮","category":"夜市/市場攤販","zone":"中彰投","city":"南投縣","area":"草屯鎮","market_name":"草屯鎮公有零售市場","market_address":"草屯鎮和興街55號","pay_list":"","pay_tool":"","行業代號":null,"行業代號1":null,"名稱1":null,"行業代號2":null,"名稱2":null,"行業代號3":null,"名稱3":null},{"index":22,"id":10024081,"user":"陳玉津","shop":"草屯鎮公有零售市場-玉津修改衣服","category":"夜市/市場攤販","zone":"中彰投","city":"南投縣","area":"草屯鎮","market_name":"草屯鎮公有零售市場","market_address":"草屯鎮和興街55號","pay_list":"","pay_tool":"","行業代號":null,"行業代號1":null,"名稱1":null,"行業代號2":null,"名稱2":null,"行業代號3":null,"名稱3":null},{"index":23,"id":10024092,"user":"黃鑽堅","shop":"草屯鎮公有零售市場-鑽 修鞋","category":"夜市/市場攤販","zone":"中彰投","city":"南投縣","area":"草屯鎮","market_name":"草屯鎮公有零售市場","market_address":"草屯鎮和興街55號","pay_list":"","pay_tool":"","行業代號":null,"行業代號1":null,"名稱1":null,"行業代號2":null,"名稱2":null,"行業代號3":null,"名稱3":null},{"index":24,"id":10024103,"user":"陳麗雪","shop":"草屯鎮公有零售市場-百味香素食","category":"夜市/市場攤販","zone":"中彰投","city":"南投縣","area":"草屯鎮","market_name":"草屯鎮公有零售市場","market_address":"草屯鎮和興街55號","pay_list":"","pay_tool":"","行業代號":null,"行業代號1":null,"名稱1":null,"行業代號2":null,"名稱2":null,"行業代號3":null,"名稱3":null},{"index":25,"id":10024114,"user":"簡茂生","shop":"草屯鎮公有零售市場-百味香素食","category":"夜市/市場攤販","zone":"中彰投","city":"南投縣","area":"草屯鎮","market_name":"草屯鎮公有零售市場","market_address":"草屯鎮和興街55號","pay_list":"","pay_tool":"","行業代號":null,"行業代號1":null,"名稱1":null,"行業代號2":null,"名稱2":null,"行業代號3":null,"名稱3":null},{"index":26,"id":10024125,"user":"董秋梅","shop":"草屯鎮公有零售市場-霸王號肉舖","category":"夜市/市場攤販","zone":"中彰投","city":"南投縣","area":"草屯鎮","market_name":"草屯鎮公有零售市場","market_address":"草屯鎮和興街55號","pay_list":"","pay_tool":"","行業代號":null,"行業代號1":null,"名稱1":null,"行業代號2":null,"名稱2":null,"行業代號3":null,"名稱3":null},{"index":27,"id":10024136,"user":"李燕滿","shop":"草屯鎮公有零售市場-草屯 李 湯圓","category":"夜市/市場攤販","zone":"中彰投","city":"南投縣","area":"草屯鎮","market_name":"草屯鎮公有零售市場","market_address":"草屯鎮和興街55號","pay_list":"","pay_tool":"","行業代號":null,"行業代號1":null,"名稱1":null,"行業代號2":null,"名稱2":null,"行業代號3":null,"名稱3":null},{"index":28,"id":10024147,"user":"劉碧鈺","shop":"草屯鎮公有零售市場-水果攤","category":"夜市/市場攤販","zone":"中彰投","city":"南投縣","area":"草屯鎮","market_name":"草屯鎮公有零售市場","market_address":"草屯鎮和興街55號","pay_list":"","pay_tool":"","行業代號":null,"行業代號1":null,"名稱1":null,"行業代號2":null,"名稱2":null,"行業代號3":null,"名稱3":null},{"index":29,"id":10024160,"user":"黃儀芝","shop":"草屯鎮公有零售市場-夢想城堡","category":"夜市/市場攤販","zone":"中彰投","city":"南投縣","area":"草屯鎮","market_name":"草屯鎮公有零售市場","market_address":"草屯鎮和興街55號","pay_list":"","pay_tool":"","行業代號":null,"行業代號1":null,"名稱1":null,"行業代號2":null,"名稱2":null,"行業代號3":null,"名稱3":null},{"index":30,"id":10024171,"user":"劉美香","shop":"草屯鎮公有零售市場-創衣坊","category":"夜市/市場攤販","zone":"中彰投","city":"南投縣","area":"草屯鎮","market_name":"草屯鎮公有零售市場","market_address":"草屯鎮和興街55號","pay_list":"","pay_tool":"","行業代號":null,"行業代號1":null,"名稱1":null,"行業代號2":null,"名稱2":null,"行業代號3":null,"名稱3":null},{"index":31,"id":10024182,"user":"洪仲立","shop":"草屯鎮公有零售市場-洪佳企業有限公司","category":"夜市/市場攤販","zone":"中彰投","city":"南投縣","area":"草屯鎮","market_name":"草屯鎮公有零售市場","market_address":"草屯鎮和興街55號","pay_list":"","pay_tool":"","行業代號":null,"行業代號1":null,"名稱1":null,"行業代號2":null,"名稱2":null,"行業代號3":null,"名稱3":null},{"index":32,"id":10024193,"user":"林佳芬","shop":"草屯鎮公有零售市場-祥福股份有限公司","category":"夜市/市場攤販","zone":"中彰投","city":"南投縣","area":"草屯鎮","market_name":"草屯鎮公有零售市場","market_address":"草屯鎮和興街55號","pay_list":"","pay_tool":"","行業代號":null,"行業代號1":null,"名稱1":null,"行業代號2":null,"名稱2":null,"行業代號3":null,"名稱3":null},{"index":33,"id":10024204,"user":"鄭涵文","shop":"草屯鎮公有零售市場-Mina wdding Studio","category":"夜市/市場攤販","zone":"中彰投","city":"南投縣","area":"草屯鎮","market_name":"草屯鎮公有零售市場","market_address":"草屯鎮和興街55號","pay_list":["LINE PAY"],"pay_tool":["行動支付"],"行業代號":null,"行業代號1":null,"名稱1":null,"行業代號2":null,"名稱2":null,"行業代號3":null,"名稱3":null},{"index":34,"id":10024215,"user":"許富娟","shop":"草屯鎮公有零售市場-糖炒栗子","category":"夜市/市場攤販","zone":"中彰投","city":"南投縣","area":"草屯鎮","market_name":"草屯鎮公有零售市場","market_address":"草屯鎮和興街55號","pay_list":"","pay_tool":"","行業代號":null,"行業代號1":null,"名稱1":null,"行業代號2":null,"名稱2":null,"行業代號3":null,"名稱3":null},{"index":35,"id":10024226,"user":"李品嬅","shop":"草屯鎮公有零售市場-Young衣著服飾","category":"夜市/市場攤販","zone":"中彰投","city":"南投縣","area":"草屯鎮","market_name":"草屯鎮公有零售市場","market_address":"草屯鎮和興街55號","pay_list":"","pay_tool":"","行業代號":null,"行業代號1":null,"名稱1":null,"行業代號2":null,"名稱2":null,"行業代號3":null,"名稱3":null},{"index":36,"id":10024237,"user":"李佳育","shop":"草屯鎮公有零售市場-cindy臉部經絡美容","category":"夜市/市場攤販","zone":"中彰投","city":"南投縣","area":"草屯鎮","market_name":"草屯鎮公有零售市場","market_address":"草屯鎮和興街55號","pay_list":["LINE PAY MONEY"],"pay_tool":["行動支付"],"行業代號":null,"行業代號1":null,"名稱1":null,"行業代號2":null,"名稱2":null,"行業代號3":null,"名稱3":null},{"index":37,"id":10024248,"user":"白孟如","shop":"草屯鎮公有零售市場-LULU NAIL","category":"夜市/市場攤販","zone":"中彰投","city":"南投縣","area":"草屯鎮","market_name":"草屯鎮公有零售市場","market_address":"草屯鎮和興街55號","pay_list":"","pay_tool":"","行業代號":null,"行業代號1":null,"名稱1":null,"行業代號2":null,"名稱2":null,"行業代號3":null,"名稱3":null},{"index":38,"id":10024259,"user":"林家誠","shop":"草屯鎮公有零售市場-夢想城堡","category":"夜市/市場攤販","zone":"中彰投","city":"南投縣","area":"草屯鎮","market_name":"草屯鎮公有零售市場","market_address":"草屯鎮和興街55號","pay_list":"","pay_tool":"","行業代號":null,"行業代號1":null,"名稱1":null,"行業代號2":null,"名稱2":null,"行業代號3":null,"名稱3":null},{"index":39,"id":10024271,"user":"?麗惠","shop":"草屯鎮公有零售市場-芋頭餅","category":"夜市/市場攤販","zone":"中彰投","city":"南投縣","area":"草屯鎮","market_name":"草屯鎮公有零售市場","market_address":"草屯鎮和興街55號","pay_list":"","pay_tool":"","行業代號":null,"行業代號1":null,"名稱1":null,"行業代號2":null,"名稱2":null,"行業代號3":null,"名稱3":null},{"index":40,"id":10024282,"user":"李敏華","shop":"草屯鎮公有零售市場-李家豆腐行","category":"夜市/市場攤販","zone":"中彰投","city":"南投縣","area":"草屯鎮","market_name":"草屯鎮公有零售市場","market_address":"草屯鎮和興街55號","pay_list":"","pay_tool":"","行業代號":null,"行業代號1":null,"名稱1":null,"行業代號2":null,"名稱2":null,"行業代號3":null,"名稱3":null},{"index":41,"id":10024293,"user":"李美惠","shop":"草屯鎮公有零售市場-寵物食品專賣店","category":"夜市/市場攤販","zone":"中彰投","city":"南投縣","area":"草屯鎮","market_name":"草屯鎮公有零售市場","market_address":"草屯鎮和興街55號","pay_list":"","pay_tool":"","行業代號":null,"行業代號1":null,"名稱1":null,"行業代號2":null,"名稱2":null,"行業代號3":null,"名稱3":null},{"index":42,"id":10024304,"user":"柴?","shop":"草屯鎮公有零售市場-諾亞方舟","category":"夜市/市場攤販","zone":"中彰投","city":"南投縣","area":"草屯鎮","market_name":"草屯鎮公有零售市場","market_address":"草屯鎮和興街55號","pay_list":"","pay_tool":"","行業代號":null,"行業代號1":null,"名稱1":null,"行業代號2":null,"名稱2":null,"行業代號3":null,"名稱3":null},{"index":43,"id":10024315,"user":"李東明","shop":"草屯鎮公有零售市場-趾夾彩繪","category":"夜市/市場攤販","zone":"中彰投","city":"南投縣","area":"草屯鎮","market_name":"草屯鎮公有零售市場","market_address":"草屯鎮和興街55號","pay_list":"","pay_tool":"","行業代號":null,"行業代號1":null,"名稱1":null,"行業代號2":null,"名稱2":null,"行業代號3":null,"名稱3":null},{"index":44,"id":10024326,"user":"曾淑茹","shop":"草屯鎮公有零售市場-JL美甲小舖","category":"夜市/市場攤販","zone":"中彰投","city":"南投縣","area":"草屯鎮","market_name":"草屯鎮公有零售市場","market_address":"草屯鎮和興街55號","pay_list":"","pay_tool":"","行業代號":null,"行業代號1":null,"名稱1":null,"行業代號2":null,"名稱2":null,"行業代號3":null,"名稱3":null},{"index":45,"id":10024337,"user":"洪彩紋","shop":"草屯鎮公有零售市場-沐涵美容美體","category":"夜市/市場攤販","zone":"中彰投","city":"南投縣","area":"草屯鎮","market_name":"草屯鎮公有零售市場","market_address":"草屯鎮和興街55號","pay_list":"","pay_tool":"","行業代號":null,"行業代號1":null,"名稱1":null,"行業代號2":null,"名稱2":null,"行業代號3":null,"名稱3":null},{"index":46,"id":10024348,"user":"甘惠如","shop":"草屯鎮公有零售市場-福蘭軒普洱茶","category":"夜市/市場攤販","zone":"中彰投","city":"南投縣","area":"草屯鎮","market_name":"草屯鎮公有零售市場","market_address":"草屯鎮和興街55號","pay_list":["LINE PAY MONEY"],"pay_tool":["行動支付"],"行業代號":null,"行業代號1":null,"名稱1":null,"行業代號2":null,"名稱2":null,"行業代號3":null,"名稱3":null},{"index":47,"id":10024359,"user":"林世彬","shop":"草屯鎮公有零售市場-赤爓紋身","category":"夜市/市場攤販","zone":"中彰投","city":"南投縣","area":"草屯鎮","market_name":"草屯鎮公有零售市場","market_address":"草屯鎮和興街55號","pay_list":"","pay_tool":"","行業代號":null,"行業代號1":null,"名稱1":null,"行業代號2":null,"名稱2":null,"行業代號3":null,"名稱3":null},{"index":48,"id":10024370,"user":"莊碧霞","shop":"草屯鎮公有零售市場-赤爓紋身","category":"夜市/市場攤販","zone":"中彰投","city":"南投縣","area":"草屯鎮","market_name":"草屯鎮公有零售市場","market_address":"草屯鎮和興街55號","pay_list":"","pay_tool":"","行業代號":null,"行業代號1":null,"名稱1":null,"行業代號2":null,"名稱2":null,"行業代號3":null,"名稱3":null},{"index":49,"id":10024382,"user":"林世杰","shop":"草屯鎮公有零售市場-赤爓紋身","category":"夜市/市場攤販","zone":"中彰投","city":"南投縣","area":"草屯鎮","market_name":"草屯鎮公有零售市場","market_address":"草屯鎮和興街55號","pay_list":"","pay_tool":"","行業代號":null,"行業代號1":null,"名稱1":null,"行業代號2":null,"名稱2":null,"行業代號3":null,"名稱3":null},{"index":50,"id":10024393,"user":"李曉鈴","shop":"草屯鎮公有零售市場-HS摩睫作","category":"夜市/市場攤販","zone":"中彰投","city":"南投縣","area":"草屯鎮","market_name":"草屯鎮公有零售市場","market_address":"草屯鎮和興街55號","pay_list":"","pay_tool":"","行業代號":null,"行業代號1":null,"名稱1":null,"行業代號2":null,"名稱2":null,"行業代號3":null,"名稱3":null},{"index":51,"id":10024404,"user":"范秀梅","shop":"草屯鎮公有零售市場-秀梅工作室","category":"夜市/市場攤販","zone":"中彰投","city":"南投縣","area":"草屯鎮","market_name":"草屯鎮公有零售市場","market_address":"草屯鎮和興街55號","pay_list":"","pay_tool":"","行業代號":null,"行業代號1":null,"名稱1":null,"行業代號2":null,"名稱2":null,"行業代號3":null,"名稱3":null},{"index":52,"id":10024415,"user":"金騏","shop":"草屯鎮公有零售市場-睫?舞","category":"夜市/市場攤販","zone":"中彰投","city":"南投縣","area":"草屯鎮","market_name":"草屯鎮公有零售市場","market_address":"草屯鎮和興街55號","pay_list":"","pay_tool":"","行業代號":null,"行業代號1":null,"名稱1":null,"行業代號2":null,"名稱2":null,"行業代號3":null,"名稱3":null},{"index":53,"id":10024426,"user":"林簡粹琴","shop":"草屯鎮公有零售市場-華洋精品","category":"夜市/市場攤販","zone":"中彰投","city":"南投縣","area":"草屯鎮","market_name":"草屯鎮公有零售市場","market_address":"草屯鎮和興街55號","pay_list":"","pay_tool":"","行業代號":null,"行業代號1":null,"名稱1":null,"行業代號2":null,"名稱2":null,"行業代號3":null,"名稱3":null},{"index":54,"id":10024437,"user":"簡妙真","shop":"草屯鎮公有零售市場-莊師傅 推拿","category":"夜市/市場攤販","zone":"中彰投","city":"南投縣","area":"草屯鎮","market_name":"草屯鎮公有零售市場","market_address":"草屯鎮和興街55號","pay_list":"","pay_tool":"","行業代號":null,"行業代號1":null,"名稱1":null,"行業代號2":null,"名稱2":null,"行業代號3":null,"名稱3":null},{"index":55,"id":10024448,"user":"任湘瑤","shop":"草屯鎮公有零售市場-欣心美顏坊","category":"夜市/市場攤販","zone":"中彰投","city":"南投縣","area":"草屯鎮","market_name":"草屯鎮公有零售市場","market_address":"草屯鎮和興街55號","pay_list":"","pay_tool":"","行業代號":null,"行業代號1":null,"名稱1":null,"行業代號2":null,"名稱2":null,"行業代號3":null,"名稱3":null},{"index":56,"id":10024459,"user":"陳謝玉鳳","shop":"草屯鎮公有零售市場-無","category":"夜市/市場攤販","zone":"中彰投","city":"南投縣","area":"草屯鎮","market_name":"草屯鎮公有零售市場","market_address":"草屯鎮和興街55號","pay_list":"","pay_tool":"","行業代號":null,"行業代號1":null,"名稱1":null,"行業代號2":null,"名稱2":null,"行業代號3":null,"名稱3":null},{"index":57,"id":10024470,"user":"洪輝堯","shop":"草屯鎮公有零售市場-無","category":"夜市/市場攤販","zone":"中彰投","city":"南投縣","area":"草屯鎮","market_name":"草屯鎮公有零售市場","market_address":"草屯鎮和興街55號","pay_list":"","pay_tool":"","行業代號":null,"行業代號1":null,"名稱1":null,"行業代號2":null,"名稱2":null,"行業代號3":null,"名稱3":null},{"index":58,"id":10024481,"user":"許琬茜","shop":"草屯鎮公有零售市場-丞揚美研坊","category":"夜市/市場攤販","zone":"中彰投","city":"南投縣","area":"草屯鎮","market_name":"草屯鎮公有零售市場","market_address":"草屯鎮和興街55號","pay_list":"","pay_tool":"","行業代號":null,"行業代號1":null,"名稱1":null,"行業代號2":null,"名稱2":null,"行業代號3":null,"名稱3":null},{"index":59,"id":10024493,"user":"謝清鎮","shop":"草屯鎮公有零售市場-?研美研坊","category":"夜市/市場攤販","zone":"中彰投","city":"南投縣","area":"草屯鎮","market_name":"草屯鎮公有零售市場","market_address":"草屯鎮和興街55號","pay_list":"","pay_tool":"","行業代號":null,"行業代號1":null,"名稱1":null,"行業代號2":null,"名稱2":null,"行業代號3":null,"名稱3":null},{"index":60,"id":10024504,"user":"李金怡","shop":"草屯鎮公有零售市場-寶寶?店","category":"夜市/市場攤販","zone":"中彰投","city":"南投縣","area":"草屯鎮","market_name":"草屯鎮公有零售市場","market_address":"草屯鎮和興街55號","pay_list":"","pay_tool":"","行業代號":null,"行業代號1":null,"名稱1":null,"行業代號2":null,"名稱2":null,"行業代號3":null,"名稱3":null},{"index":61,"id":10024515,"user":"李麗華","shop":"草屯鎮公有零售市場-水果攤","category":"夜市/市場攤販","zone":"中彰投","city":"南投縣","area":"草屯鎮","market_name":"草屯鎮公有零售市場","market_address":"草屯鎮和興街55號","pay_list":"","pay_tool":"","行業代號":null,"行業代號1":null,"名稱1":null,"行業代號2":null,"名稱2":null,"行業代號3":null,"名稱3":null},{"index":62,"id":10024526,"user":"黃愛秀","shop":"草屯鎮公有零售市場-愛秀挽面","category":"夜市/市場攤販","zone":"中彰投","city":"南投縣","area":"草屯鎮","market_name":"草屯鎮公有零售市場","market_address":"草屯鎮和興街55號","pay_list":"","pay_tool":"","行業代號":null,"行業代號1":null,"名稱1":null,"行業代號2":null,"名稱2":null,"行業代號3":null,"名稱3":null},{"index":63,"id":10024537,"user":"洪以昕","shop":"草屯鎮公有零售市場-Bonny創藝造型工作室","category":"夜市/市場攤販","zone":"中彰投","city":"南投縣","area":"草屯鎮","market_name":"草屯鎮公有零售市場","market_address":"草屯鎮和興街55號","pay_list":"","pay_tool":"","行業代號":null,"行業代號1":null,"名稱1":null,"行業代號2":null,"名稱2":null,"行業代號3":null,"名稱3":null},{"index":64,"id":10024548,"user":"賴春滿","shop":"草屯鎮公有零售市場-春滿修改衣服","category":"夜市/市場攤販","zone":"中彰投","city":"南投縣","area":"草屯鎮","market_name":"草屯鎮公有零售市場","market_address":"草屯鎮和興街55號","pay_list":"","pay_tool":"","行業代號":null,"行業代號1":null,"名稱1":null,"行業代號2":null,"名稱2":null,"行業代號3":null,"名稱3":null},{"index":65,"id":10024559,"user":"施曉婷","shop":"草屯鎮公有零售市場-髮印設計","category":"夜市/市場攤販","zone":"中彰投","city":"南投縣","area":"草屯鎮","market_name":"草屯鎮公有零售市場","market_address":"草屯鎮和興街55號","pay_list":"","pay_tool":"","行業代號":null,"行業代號1":null,"名稱1":null,"行業代號2":null,"名稱2":null,"行業代號3":null,"名稱3":null},{"index":66,"id":10024570,"user":"徐秀圓","shop":"草屯鎮公有零售市場-瑪度咖啡","category":"夜市/市場攤販","zone":"中彰投","city":"南投縣","area":"草屯鎮","market_name":"草屯鎮公有零售市場","market_address":"草屯鎮和興街55號","pay_list":"","pay_tool":"","行業代號":null,"行業代號1":null,"名稱1":null,"行業代號2":null,"名稱2":null,"行業代號3":null,"名稱3":null},{"index":67,"id":10024581,"user":"洪?瑛","shop":"草屯鎮公有零售市場-髮瑟精剪","category":"夜市/市場攤販","zone":"中彰投","city":"南投縣","area":"草屯鎮","market_name":"草屯鎮公有零售市場","market_address":"草屯鎮和興街55號","pay_list":"","pay_tool":"","行業代號":null,"行業代號1":null,"名稱1":null,"行業代號2":null,"名稱2":null,"行業代號3":null,"名稱3":null},{"index":68,"id":10024592,"user":"洪千芸","shop":"草屯鎮公有零售市場-指遇見你","category":"夜市/市場攤販","zone":"中彰投","city":"南投縣","area":"草屯鎮","market_name":"草屯鎮公有零售市場","market_address":"草屯鎮和興街55號","pay_list":"","pay_tool":"","行業代號":null,"行業代號1":null,"名稱1":null,"行業代號2":null,"名稱2":null,"行業代號3":null,"名稱3":null},{"index":69,"id":10024604,"user":"簡正致","shop":"草屯鎮公有零售市場-無","category":"夜市/市場攤販","zone":"中彰投","city":"南投縣","area":"草屯鎮","market_name":"草屯鎮公有零售市場","market_address":"草屯鎮和興街55號","pay_list":"","pay_tool":"","行業代號":null,"行業代號1":null,"名稱1":null,"行業代號2":null,"名稱2":null,"行業代號3":null,"名稱3":null},{"index":70,"id":10024615,"user":"莊子慧","shop":"草屯鎮公有零售市場-艾多美化妝品","category":"夜市/市場攤販","zone":"中彰投","city":"南投縣","area":"草屯鎮","market_name":"草屯鎮公有零售市場","market_address":"草屯鎮和興街55號","pay_list":"","pay_tool":"","行業代號":null,"行業代號1":null,"名稱1":null,"行業代號2":null,"名稱2":null,"行業代號3":null,"名稱3":null},{"index":71,"id":10024626,"user":"陳玥汝","shop":"草屯鎮公有零售市場-真漾創意工坊","category":"夜市/市場攤販","zone":"中彰投","city":"南投縣","area":"草屯鎮","market_name":"草屯鎮公有零售市場","market_address":"草屯鎮和興街55號","pay_list":"","pay_tool":"","行業代號":null,"行業代號1":null,"名稱1":null,"行業代號2":null,"名稱2":null,"行業代號3":null,"名稱3":null},{"index":72,"id":10024637,"user":"李孟純","shop":"草屯鎮公有零售市場-馨漾工作室","category":"夜市/市場攤販","zone":"中彰投","city":"南投縣","area":"草屯鎮","market_name":"草屯鎮公有零售市場","market_address":"草屯鎮和興街55號","pay_list":["(線上刷卡)"],"pay_tool":["信用卡"],"行業代號":null,"行業代號1":null,"名稱1":null,"行業代號2":null,"名稱2":null,"行業代號3":null,"名稱3":null},{"index":73,"id":10024648,"user":"陳冠慧","shop":"草屯鎮公有零售市場-寶島生活館","category":"夜市/市場攤販","zone":"中彰投","city":"南投縣","area":"草屯鎮","market_name":"草屯鎮公有零售市場","market_address":"草屯鎮和興街55號","pay_list":"","pay_tool":"","行業代號":null,"行業代號1":null,"名稱1":null,"行業代號2":null,"名稱2":null,"行業代號3":null,"名稱3":null},{"index":74,"id":10024659,"user":"孔蕙珍","shop":"草屯鎮公有零售市場-凱蒂美髮工作室","category":"夜市/市場攤販","zone":"中彰投","city":"南投縣","area":"草屯鎮","market_name":"草屯鎮公有零售市場","market_address":"草屯鎮和興街55號","pay_list":"","pay_tool":"","行業代號":null,"行業代號1":null,"名稱1":null,"行業代號2":null,"名稱2":null,"行業代號3":null,"名稱3":null},{"index":75,"id":10024670,"user":"簡名璇","shop":"草屯鎮公有零售市場-無","category":"夜市/市場攤販","zone":"中彰投","city":"南投縣","area":"草屯鎮","market_name":"草屯鎮公有零售市場","market_address":"草屯鎮和興街55號","pay_list":"","pay_tool":"","行業代號":null,"行業代號1":null,"名稱1":null,"行業代號2":null,"名稱2":null,"行業代號3":null,"名稱3":null},{"index":76,"id":10024681,"user":"劉國峰","shop":"草屯鎮公有零售市場-劉 古早味花生糖","category":"夜市/市場攤販","zone":"中彰投","city":"南投縣","area":"草屯鎮","market_name":"草屯鎮公有零售市場","market_address":"草屯鎮和興街55號","pay_list":"","pay_tool":"","行業代號":null,"行業代號1":null,"名稱1":null,"行業代號2":null,"名稱2":null,"行業代號3":null,"名稱3":null},{"index":77,"id":10024692,"user":"李麗汝","shop":"草屯鎮公有零售市場-阿森水果攤","category":"夜市/市場攤販","zone":"中彰投","city":"南投縣","area":"草屯鎮","market_name":"草屯鎮公有零售市場","market_address":"草屯鎮和興街55號","pay_list":"","pay_tool":"","行業代號":null,"行業代號1":null,"名稱1":null,"行業代號2":null,"名稱2":null,"行業代號3":null,"名稱3":null},{"index":78,"id":10024703,"user":"李麗香","shop":"草屯鎮公有零售市場-古早味楊桃汁","category":"夜市/市場攤販","zone":"中彰投","city":"南投縣","area":"草屯鎮","market_name":"草屯鎮公有零售市場","market_address":"草屯鎮和興街55號","pay_list":"","pay_tool":"","行業代號":null,"行業代號1":null,"名稱1":null,"行業代號2":null,"名稱2":null,"行業代號3":null,"名稱3":null},{"index":79,"id":10024715,"user":"洪崇富","shop":"草屯鎮公有零售市場-茂川肉舖","category":"夜市/市場攤販","zone":"中彰投","city":"南投縣","area":"草屯鎮","market_name":"草屯鎮公有零售市場","market_address":"草屯鎮和興街55號","pay_list":["LINE PAY","台灣 PAY","(線上刷卡)"],"pay_tool":["信用卡","行動支付"],"行業代號":null,"行業代號1":null,"名稱1":null,"行業代號2":null,"名稱2":null,"行業代號3":null,"名稱3":null},{"index":80,"id":10024726,"user":"蘇月雲","shop":"草屯鎮公有零售市場-萊儷雅","category":"夜市/市場攤販","zone":"中彰投","city":"南投縣","area":"草屯鎮","market_name":"草屯鎮公有零售市場","market_address":"草屯鎮和興街55號","pay_list":"","pay_tool":"","行業代號":null,"行業代號1":null,"名稱1":null,"行業代號2":null,"名稱2":null,"行業代號3":null,"名稱3":null},{"index":81,"id":10024737,"user":"李偉雄","shop":"草屯鎮公有零售市場-久長安藥局","category":"夜市/市場攤販","zone":"中彰投","city":"南投縣","area":"草屯鎮","market_name":"草屯鎮公有零售市場","market_address":"草屯鎮和興街55號","pay_list":"","pay_tool":"","行業代號":null,"行業代號1":null,"名稱1":null,"行業代號2":null,"名稱2":null,"行業代號3":null,"名稱3":null},{"index":82,"id":10024748,"user":"陳文賢","shop":"草屯鎮公有零售市場-上禾麵食米食","category":"夜市/市場攤販","zone":"中彰投","city":"南投縣","area":"草屯鎮","market_name":"草屯鎮公有零售市場","market_address":"草屯鎮和興街55號","pay_list":"","pay_tool":"","行業代號":null,"行業代號1":null,"名稱1":null,"行業代號2":null,"名稱2":null,"行業代號3":null,"名稱3":null},{"index":83,"id":10024759,"user":"張品溱","shop":"草屯鎮公有零售市場-無","category":"夜市/市場攤販","zone":"中彰投","city":"南投縣","area":"草屯鎮","market_name":"草屯鎮公有零售市場","market_address":"草屯鎮和興街55號","pay_list":"","pay_tool":"","行業代號":null,"行業代號1":null,"名稱1":null,"行業代號2":null,"名稱2":null,"行業代號3":null,"名稱3":null},{"index":84,"id":10024770,"user":"洪鑾","shop":"草屯鎮公有零售市場-Cia Cia Fu梅甘薯條","category":"夜市/市場攤販","zone":"中彰投","city":"南投縣","area":"草屯鎮","market_name":"草屯鎮公有零售市場","market_address":"草屯鎮和興街55號","pay_list":"","pay_tool":"","行業代號":null,"行業代號1":null,"名稱1":null,"行業代號2":null,"名稱2":null,"行業代號3":null,"名稱3":null},{"index":85,"id":10024781,"user":"黃慧萍","shop":"草屯鎮公有零售市場-嘉芳珍麵土魠魚羹","category":"夜市/市場攤販","zone":"中彰投","city":"南投縣","area":"草屯鎮","market_name":"草屯鎮公有零售市場","market_address":"草屯鎮和興街55號","pay_list":"","pay_tool":"","行業代號":null,"行業代號1":null,"名稱1":null,"行業代號2":null,"名稱2":null,"行業代號3":null,"名稱3":null},{"index":86,"id":10024792,"user":"簡宏哲","shop":"草屯鎮公有零售市場-美足鞋店","category":"夜市/市場攤販","zone":"中彰投","city":"南投縣","area":"草屯鎮","market_name":"草屯鎮公有零售市場","market_address":"草屯鎮和興街55號","pay_list":"","pay_tool":"","行業代號":null,"行業代號1":null,"名稱1":null,"行業代號2":null,"名稱2":null,"行業代號3":null,"名稱3":null},{"index":87,"id":10024803,"user":"李燕琴","shop":"草屯鎮公有零售市場-馨依坊","category":"夜市/市場攤販","zone":"中彰投","city":"南投縣","area":"草屯鎮","market_name":"草屯鎮公有零售市場","market_address":"草屯鎮和興街55號","pay_list":"","pay_tool":"","行業代號":null,"行業代號1":null,"名稱1":null,"行業代號2":null,"名稱2":null,"行業代號3":null,"名稱3":null},{"index":88,"id":10024814,"user":"陳文州","shop":"草屯鎮公有零售市場-財團法人淨宗協會","category":"夜市/市場攤販","zone":"中彰投","city":"南投縣","area":"草屯鎮","market_name":"草屯鎮公有零售市場","market_address":"草屯鎮和興街55號","pay_list":"","pay_tool":"","行業代號":null,"行業代號1":null,"名稱1":null,"行業代號2":null,"名稱2":null,"行業代號3":null,"名稱3":null},{"index":89,"id":10024826,"user":"呂百鎗","shop":"草屯鎮公有零售市場-天天市集","category":"夜市/市場攤販","zone":"中彰投","city":"南投縣","area":"草屯鎮","market_name":"草屯鎮公有零售市場","market_address":"草屯鎮和興街55號","pay_list":"","pay_tool":"","行業代號":null,"行業代號1":null,"名稱1":null,"行業代號2":null,"名稱2":null,"行業代號3":null,"名稱3":null},{"index":90,"id":20003326,"user":"簡素香","shop":"草屯大拇哥茶舖","category":["夜市/市場攤販"],"zone":"中彰投","city":"南投縣","area":"草屯鎮","market_name":["調理飲料攤販"],"market_address":"南投縣草屯鎮炎峰里碧山路５８號","pay_list":"","pay_tool":"","行業代號":null,"行業代號1":null,"名稱1":null,"行業代號2":null,"名稱2":null,"行業代號3":null,"名稱3":null},{"index":91,"id":20003510,"user":"李滄洲","shop":"巧喰雞碳烤香雞排","category":["夜市/市場攤販"],"zone":"中彰投","city":"南投縣","area":"草屯鎮","market_name":["餐食攤販"],"market_address":"南投縣草屯鎮和平里太平路２段２５４號騎樓","pay_list":"","pay_tool":"","行業代號":null,"行業代號1":null,"名稱1":null,"行業代號2":null,"名稱2":null,"行業代號3":null,"名稱3":null},{"index":92,"id":20006579,"user":"林錦滄","shop":"清粥小菜","category":["夜市/市場攤販"],"zone":"中彰投","city":"南投縣","area":"草屯鎮","market_name":["餐食攤販"],"market_address":"南投縣草屯鎮中正里中山街３１３－１號旁","pay_list":["LINE PAY MONEY"],"pay_tool":["行動支付"],"行業代號":null,"行業代號1":null,"名稱1":null,"行業代號2":null,"名稱2":null,"行業代號3":null,"名稱3":null},{"index":93,"id":20008545,"user":"藍華微","shop":"藍華微","category":["夜市/市場攤販"],"zone":"中彰投","city":"南投縣","area":"草屯鎮","market_name":["餐食攤販"],"market_address":"南投縣草屯鎮敦和里忠孝路２２２號騎樓","pay_list":"","pay_tool":"","行業代號":null,"行業代號1":null,"名稱1":null,"行業代號2":null,"名稱2":null,"行業代號3":null,"名稱3":null},{"index":94,"id":20013175,"user":"謝如輝","shop":"阿輝南投意麵","category":["夜市/市場攤販"],"zone":"中彰投","city":"南投縣","area":"草屯鎮","market_name":["餐食攤販"],"market_address":"南投縣草屯鎮和平里和興街４５號","pay_list":["街口支付","LINE PAY MONEY"],"pay_tool":["行動支付"],"行業代號":null,"行業代號1":null,"名稱1":null,"行業代號2":null,"名稱2":null,"行業代號3":null,"名稱3":null},{"index":95,"id":20013834,"user":"傅月蓉","shop":"天彌門素食材料","category":["夜市/市場攤販"],"zone":"中彰投","city":"南投縣","area":"草屯鎮","market_name":["餐食攤販"],"market_address":"南投縣草屯鎮山腳里虎山路３６３號","pay_list":"","pay_tool":"","行業代號":null,"行業代號1":null,"名稱1":null,"行業代號2":null,"名稱2":null,"行業代號3":null,"名稱3":null},{"index":96,"id":20014011,"user":"??衛堅","shop":"小時候大餅","category":["夜市/市場攤販"],"zone":"中彰投","city":"南投縣","area":"草屯鎮","market_name":["餐食攤販"],"market_address":"南投縣草屯鎮中山里中興路３號","pay_list":"","pay_tool":"","行業代號":null,"行業代號1":null,"名稱1":null,"行業代號2":null,"名稱2":null,"行業代號3":null,"名稱3":null},{"index":97,"id":20014099,"user":"李保興","shop":"圓環清粥小菜","category":["夜市/市場攤販"],"zone":"中彰投","city":"南投縣","area":"草屯鎮","market_name":["餐食攤販"],"market_address":"南投縣草屯鎮炎峰里玉峰街４７號","pay_list":"","pay_tool":"","行業代號":null,"行業代號1":null,"名稱1":null,"行業代號2":null,"名稱2":null,"行業代號3":null,"名稱3":null},{"index":98,"id":20014100,"user":"李燕滿","shop":"三小宴小吃部","category":["夜市/市場攤販"],"zone":"中彰投","city":"南投縣","area":"草屯鎮","market_name":["餐食攤販"],"market_address":"南投縣草屯鎮炎峰里１６鄰青雲街３５號","pay_list":"","pay_tool":"","行業代號":null,"行業代號1":null,"名稱1":null,"行業代號2":null,"名稱2":null,"行業代號3":null,"名稱3":null},{"index":99,"id":20014118,"user":"鄭美娟","shop":"呈祥ＱＱ芋圓冰品店","category":["夜市/市場攤販"],"zone":"中彰投","city":"南投縣","area":"草屯鎮","market_name":["調理飲料攤販"],"market_address":"南投縣草屯鎮炎峰里建國街１８號","pay_list":"","pay_tool":"","行業代號":null,"行業代號1":null,"名稱1":null,"行業代號2":null,"名稱2":null,"行業代號3":null,"名稱3":null},{"index":100,"id":20015061,"user":"簡丞左","shop":"品香紅茶","category":["夜市/市場攤販"],"zone":"中彰投","city":"南投縣","area":"草屯鎮","market_name":["調理飲料攤販"],"market_address":"南投縣草屯鎮敦和里２７鄰碧山南路６９號１樓","pay_list":"","pay_tool":"","行業代號":null,"行業代號1":null,"名稱1":null,"行業代號2":null,"名稱2":null,"行業代號3":null,"名稱3":null},{"index":101,"id":20015227,"user":"洪榮森","shop":"玉森宵餚","category":["夜市/市場攤販"],"zone":"中彰投","city":"南投縣","area":"草屯鎮","market_name":["餐食攤販"],"market_address":"南投縣草屯鎮明正里中山街３１８號騎樓","pay_list":"","pay_tool":"","行業代號":null,"行業代號1":null,"名稱1":null,"行業代號2":null,"名稱2":null,"行業代號3":null,"名稱3":null},{"index":102,"id":20026170,"user":"周伊君","shop":"宸瑄企業社","category":["夜市/市場攤販"],"zone":"中彰投","city":"南投縣","area":"草屯鎮","market_name":["調理飲料攤販"],"market_address":"南投縣草屯鎮新豐里中正路１０３９號","pay_list":"","pay_tool":"","行業代號":null,"行業代號1":null,"名稱1":null,"行業代號2":null,"名稱2":null,"行業代號3":null,"名稱3":null},{"index":103,"id":20031696,"user":"張碧純","shop":"１９８美式炸雞","category":["夜市/市場攤販"],"zone":"中彰投","city":"南投縣","area":"草屯鎮","market_name":["餐食攤販"],"market_address":"南投縣草屯鎮炎峰里１６鄰青雲街４１號旁","pay_list":"","pay_tool":"","行業代號":null,"行業代號1":null,"名稱1":null,"行業代號2":null,"名稱2":null,"行業代號3":null,"名稱3":null},{"index":104,"id":20031851,"user":"張惠君","shop":"水瓶座果茶站","category":["夜市/市場攤販"],"zone":"中彰投","city":"南投縣","area":"草屯鎮","market_name":["調理飲料攤販"],"market_address":"南投縣草屯鎮炎峰里青雲街４２號","pay_list":["LINE PAY MONEY"],"pay_tool":["行動支付"],"行業代號":null,"行業代號1":null,"名稱1":null,"行業代號2":null,"名稱2":null,"行業代號3":null,"名稱3":null},{"index":105,"id":20034072,"user":"吳素秋","shop":"爆江紅豆餅","category":["夜市/市場攤販"],"zone":"中彰投","city":"南投縣","area":"草屯鎮","market_name":["餐食攤販"],"market_address":"南投縣草屯鎮山腳里虎山路４０６號騎樓","pay_list":"","pay_tool":"","行業代號":null,"行業代號1":null,"名稱1":null,"行業代號2":null,"名稱2":null,"行業代號3":null,"名稱3":null},{"index":106,"id":20034171,"user":"吳秀珠","shop":"吳秀珠","category":["夜市/市場攤販"],"zone":"中彰投","city":"南投縣","area":"草屯鎮","market_name":["餐食攤販"],"market_address":"南投縣草屯鎮炎峰里青雲街４８號前面","pay_list":"","pay_tool":"","行業代號":null,"行業代號1":null,"名稱1":null,"行業代號2":null,"名稱2":null,"行業代號3":null,"名稱3":null},{"index":107,"id":20034733,"user":"巫秋蓉","shop":"四喜饕客家美食館","category":["夜市/市場攤販"],"zone":"中彰投","city":"南投縣","area":"草屯鎮","market_name":["餐食攤販"],"market_address":"南投縣草屯鎮新豐里中正路１０３９號","pay_list":"","pay_tool":"","行業代號":null,"行業代號1":null,"名稱1":null,"行業代號2":null,"名稱2":null,"行業代號3":null,"名稱3":null},{"index":108,"id":20041582,"user":"曾翠珊","shop":"好家小吃","category":["夜市/市場攤販"],"zone":"中彰投","city":"南投縣","area":"草屯鎮","market_name":["餐食攤販"],"market_address":"南投縣草屯鎮御史里玉成路５０巷３５號１樓","pay_list":"","pay_tool":"","行業代號":null,"行業代號1":null,"名稱1":null,"行業代號2":null,"名稱2":null,"行業代號3":null,"名稱3":null},{"index":109,"id":20041692,"user":"李嘉偉","shop":"李嘉偉","category":["夜市/市場攤販"],"zone":"中彰投","city":"南投縣","area":"草屯鎮","market_name":["餐食攤販"],"market_address":"南投縣草屯鎮炎峰里中正路６０９號騎樓","pay_list":"","pay_tool":"","行業代號":null,"行業代號1":null,"名稱1":null,"行業代號2":null,"名稱2":null,"行業代號3":null,"名稱3":null},{"index":110,"id":20041986,"user":"林倖誼","shop":"林倖誼","category":["夜市/市場攤販"],"zone":"中彰投","city":"南投縣","area":"草屯鎮","market_name":["調理飲料攤販"],"market_address":"南投縣草屯鎮和平里明賢段６５３地號第８攤位（和興街）","pay_list":["LINE PAY MONEY"],"pay_tool":["行動支付"],"行業代號":null,"行業代號1":null,"名稱1":null,"行業代號2":null,"名稱2":null,"行業代號3":null,"名稱3":null},{"index":111,"id":20042032,"user":"白曜銓","shop":"白曜銓","category":["夜市/市場攤販"],"zone":"中彰投","city":"南投縣","area":"草屯鎮","market_name":["餐食攤販"],"market_address":"南投縣草屯鎮中正里中山街２４７號旁（空地）","pay_list":"","pay_tool":"","行業代號":null,"行業代號1":null,"名稱1":null,"行業代號2":null,"名稱2":null,"行業代號3":null,"名稱3":null},{"index":112,"id":20042035,"user":"劉素貞","shop":"劉素貞","category":["夜市/市場攤販"],"zone":"中彰投","city":"南投縣","area":"草屯鎮","market_name":["餐食攤販"],"market_address":"南投縣草屯鎮中正里中山街２４７號旁（空地）","pay_list":"","pay_tool":"","行業代號":null,"行業代號1":null,"名稱1":null,"行業代號2":null,"名稱2":null,"行業代號3":null,"名稱3":null},{"index":113,"id":20042051,"user":"林麗蟬","shop":"林麗蟬","category":["夜市/市場攤販"],"zone":"中彰投","city":"南投縣","area":"草屯鎮","market_name":["餐食攤販"],"market_address":"南投縣草屯鎮新庄里芬草路一段６６號旁","pay_list":"","pay_tool":"","行業代號":null,"行業代號1":null,"名稱1":null,"行業代號2":null,"名稱2":null,"行業代號3":null,"名稱3":null},{"index":114,"id":20042070,"user":"張麗芳","shop":"張麗芳","category":["夜市/市場攤販"],"zone":"中彰投","city":"南投縣","area":"草屯鎮","market_name":["餐食攤販"],"market_address":"南投縣草屯鎮新豐里稻香路７９號騎樓","pay_list":"","pay_tool":"","行業代號":null,"行業代號1":null,"名稱1":null,"行業代號2":null,"名稱2":null,"行業代號3":null,"名稱3":null},{"index":115,"id":20042081,"user":"李維","shop":"李維","category":["夜市/市場攤販"],"zone":"中彰投","city":"南投縣","area":"草屯鎮","market_name":["調理飲料攤販"],"market_address":"南投縣草屯鎮中正里中山街２４７號旁（空地）","pay_list":"","pay_tool":"","行業代號":null,"行業代號1":null,"名稱1":null,"行業代號2":null,"名稱2":null,"行業代號3":null,"名稱3":null},{"index":116,"id":20048705,"user":"林鳳珍","shop":"林鳳珍","category":["夜市/市場攤販"],"zone":"中彰投","city":"南投縣","area":"草屯鎮","market_name":["餐食攤販"],"market_address":"南投縣草屯鎮山腳里民權路８８巷５０號１樓（騎樓）","pay_list":"","pay_tool":"","行業代號":null,"行業代號1":null,"名稱1":null,"行業代號2":null,"名稱2":null,"行業代號3":null,"名稱3":null},{"index":117,"id":20048760,"user":"江威欣","shop":"江威欣","category":["夜市/市場攤販"],"zone":"中彰投","city":"南投縣","area":"草屯鎮","market_name":["餐食攤販"],"market_address":"南投縣草屯鎮明正里敦和路１０號旁鐵皮屋","pay_list":["LINE PAY MONEY"],"pay_tool":["行動支付"],"行業代號":null,"行業代號1":null,"名稱1":null,"行業代號2":null,"名稱2":null,"行業代號3":null,"名稱3":null},{"index":118,"id":20048775,"user":"簡靜芬","shop":"小木屋香雞排","category":["夜市/市場攤販"],"zone":"中彰投","city":"南投縣","area":"草屯鎮","market_name":["餐食攤販"],"market_address":"南投縣草屯鎮富寮里新富寮段８６６地號","pay_list":"","pay_tool":"","行業代號":null,"行業代號1":null,"名稱1":null,"行業代號2":null,"名稱2":null,"行業代號3":null,"名稱3":null},{"index":119,"id":20048858,"user":"李瑞斌","shop":"李家水煎包","category":["夜市/市場攤販"],"zone":"中彰投","city":"南投縣","area":"草屯鎮","market_name":["餐食攤販"],"market_address":"南投縣草屯鎮山腳里虎山路４４６－１號","pay_list":"","pay_tool":"","行業代號":null,"行業代號1":null,"名稱1":null,"行業代號2":null,"名稱2":null,"行業代號3":null,"名稱3":null},{"index":120,"id":20048925,"user":"李勝利","shop":"李勝利","category":["夜市/市場攤販"],"zone":"中彰投","city":"南投縣","area":"草屯鎮","market_name":["餐食攤販"],"market_address":"南投縣草屯鎮敦和里博愛路６６２號前鐵皮屋","pay_list":"","pay_tool":"","行業代號":null,"行業代號1":null,"名稱1":null,"行業代號2":null,"名稱2":null,"行業代號3":null,"名稱3":null},{"index":121,"id":20049485,"user":"蕭麗娟","shop":"蕭麗娟","category":["夜市/市場攤販"],"zone":"中彰投","city":"南投縣","area":"草屯鎮","market_name":["餐食攤販"],"market_address":"南投縣草屯鎮中山里明賢街１０９號旁邊","pay_list":"","pay_tool":"","行業代號":null,"行業代號1":null,"名稱1":null,"行業代號2":null,"名稱2":null,"行業代號3":null,"名稱3":null},{"index":122,"id":20049494,"user":"鄒孟谷","shop":"鄒孟谷","category":["夜市/市場攤販"],"zone":"中彰投","city":"南投縣","area":"草屯鎮","market_name":["餐食攤販"],"market_address":"南投縣草屯鎮中正里中山街２４４號騎樓","pay_list":"","pay_tool":"","行業代號":null,"行業代號1":null,"名稱1":null,"行業代號2":null,"名稱2":null,"行業代號3":null,"名稱3":null},{"index":123,"id":20049595,"user":"林麗芳","shop":"林麗芳","category":["夜市/市場攤販"],"zone":"中彰投","city":"南投縣","area":"草屯鎮","market_name":["餐食攤販"],"market_address":"南投縣草屯鎮明正里中山街４０９號騎樓","pay_list":"","pay_tool":"","行業代號":null,"行業代號1":null,"名稱1":null,"行業代號2":null,"名稱2":null,"行業代號3":null,"名稱3":null},{"index":124,"id":20049626,"user":"許百呈","shop":"迪迪滷商行","category":["夜市/市場攤販"],"zone":"中彰投","city":"南投縣","area":"草屯鎮","market_name":["餐食攤販"],"market_address":"南投縣草屯鎮中山里中山街１０５號騎樓","pay_list":"","pay_tool":"","行業代號":null,"行業代號1":null,"名稱1":null,"行業代號2":null,"名稱2":null,"行業代號3":null,"名稱3":null},{"index":125,"id":20049629,"user":"張大國","shop":"張大國","category":["夜市/市場攤販"],"zone":"中彰投","city":"南投縣","area":"草屯鎮","market_name":["餐食攤販"],"market_address":"南投縣草屯鎮新厝里０１４鄰虎山路５２６－１號","pay_list":"","pay_tool":"","行業代號":null,"行業代號1":null,"名稱1":null,"行業代號2":null,"名稱2":null,"行業代號3":null,"名稱3":null},{"index":126,"id":20056213,"user":"賴主資","shop":"永興壽司","category":["夜市/市場攤販"],"zone":"中彰投","city":"南投縣","area":"草屯鎮","market_name":["餐食攤販"],"market_address":"南投縣草屯鎮和平里和興街５５號１樓Ｂ３及Ｂ４攤位－草屯鎮公有零售市場","pay_list":"","pay_tool":"","行業代號":null,"行業代號1":null,"名稱1":null,"行業代號2":null,"名稱2":null,"行業代號3":null,"名稱3":null},{"index":127,"id":20057950,"user":"洪崇瑋","shop":"豆伕商行","category":["夜市/市場攤販"],"zone":"中彰投","city":"南投縣","area":"草屯鎮","market_name":["餐食攤販"],"market_address":"南投縣草屯鎮和平里育英街１４６號","pay_list":"","pay_tool":"","行業代號":null,"行業代號1":null,"名稱1":null,"行業代號2":null,"名稱2":null,"行業代號3":null,"名稱3":null},{"index":128,"id":20059896,"user":"吳敏源","shop":"美之美漢寶專賣店","category":["夜市/市場攤販"],"zone":"中彰投","city":"南投縣","area":"草屯鎮","market_name":["餐食攤販"],"market_address":"南投縣草屯鎮山腳里民權街６３號","pay_list":"","pay_tool":"","行業代號":null,"行業代號1":null,"名稱1":null,"行業代號2":null,"名稱2":null,"行業代號3":null,"名稱3":null},{"index":129,"id":20062532,"user":"顏玉祥","shop":"湘西小吃部","category":["夜市/市場攤販"],"zone":"中彰投","city":"南投縣","area":"草屯鎮","market_name":["餐食攤販"],"market_address":"南投縣草屯鎮炎峰里大成街７８號Ｆ店鋪","pay_list":"","pay_tool":"","行業代號":null,"行業代號1":null,"名稱1":null,"行業代號2":null,"名稱2":null,"行業代號3":null,"名稱3":null},{"index":130,"id":20063039,"user":"楊秋蘭","shop":"宏信商店","category":["夜市/市場攤販","餐飲"],"zone":"中彰投","city":"南投縣","area":"草屯鎮","market_name":["餐食攤販","調理飲料攤販"],"market_address":"南投縣草屯鎮御史里中正路培英巷８號","pay_list":"","pay_tool":"","行業代號":null,"行業代號1":null,"名稱1":null,"行業代號2":null,"名稱2":null,"行業代號3":null,"名稱3":null},{"index":131,"id":60017491,"user":"陳羿語","shop":"僖佑烘焙有限公司","category":["夜市/市場攤販"],"zone":"中彰投","city":"南投縣","area":"草屯鎮","market_name":["調理飲料攤販"],"market_address":"南投縣草屯鎮中山里００１鄰中山街６５號","pay_list":null,"pay_tool":null,"行業代號":"563200","行業代號1":"","名稱1":"","行業代號2":"","名稱2":"","行業代號3":"","名稱3":""},{"index":132,"id":60040960,"user":"羅裕彰","shop":"攏來小吃部","category":["夜市/市場攤販"],"zone":"中彰投","city":"南投縣","area":"草屯鎮","market_name":["餐食攤販"],"market_address":"南投縣草屯鎮新豐里１３鄰新豐路４７１巷１１８號","pay_list":null,"pay_tool":null,"行業代號":"561200","行業代號1":"","名稱1":"","行業代號2":"","名稱2":"","行業代號3":"","名稱3":""},{"index":133,"id":60072006,"user":"許馨方","shop":"石玉記山產行","category":["夜市/市場攤販"],"zone":"中彰投","city":"南投縣","area":"草屯鎮","market_name":["餐食攤販"],"market_address":"南投縣草屯鎮碧洲里００１鄰碧峰路５４０號","pay_list":null,"pay_tool":null,"行業代號":"561200","行業代號1":"","名稱1":"","行業代號2":"","名稱2":"","行業代號3":"","名稱3":""},{"index":134,"id":60094905,"user":"莊茄昌","shop":"鳥來伯複合式餐飲","category":["夜市/市場攤販"],"zone":"中彰投","city":"南投縣","area":"草屯鎮","market_name":["餐食攤販"],"market_address":"南投縣草屯鎮山腳里虎山路４７０號","pay_list":null,"pay_tool":null,"行業代號":"561200","行業代號1":"","名稱1":"","行業代號2":"","名稱2":"","行業代號3":"","名稱3":""},{"index":135,"id":60114649,"user":"王華君","shop":"耀蓁商行","category":["夜市/市場攤販"],"zone":"中彰投","city":"南投縣","area":"草屯鎮","market_name":["清潔用品零售","調理飲料攤販"],"market_address":"南投縣草屯鎮和平里育英街１５９之１號","pay_list":null,"pay_tool":null,"行業代號":"563200","行業代號1":"474917","名稱1":"清潔用品零售","行業代號2":"","名稱2":"","行業代號3":"","名稱3":""}]