[{"index":1,"shop":"元展商行","zone":"北北基","city":"新北市","area":"汐止區","market_address":"新北市汐止區宜興里林森街１７號４樓","user":"林玉娟","行業代號":"561200","market_name":["餐食攤販"],"行業代號1":"","名稱1":"","行業代號2":"","名稱2":"","行業代號3":"","名稱3":"","category":["夜市/市場攤販"],"id":60047475},{"index":2,"shop":"香源麵食館","zone":"北北基","city":"新北市","area":"汐止區","market_address":"新北市汐止區新昌里忠孝東路２９６號１樓","user":"楊麗鳳","行業代號":"561200","market_name":["餐食攤販"],"行業代號1":"","名稱1":"","行業代號2":"","名稱2":"","行業代號3":"","名稱3":"","category":["夜市/市場攤販"],"id":60047600},{"index":3,"shop":"蓁蓁小店","zone":"北北基","city":"新北市","area":"汐止區","market_address":"新北市汐止區崇德里招商街１８號","user":"陳信綱","行業代號":"561200","market_name":["未分類其他食品、飲料及菸草製品零售","調理飲料攤販","餐館、餐廳","餐食攤販"],"行業代號1":"561115","名稱1":"餐館、餐廳","行業代號2":"563200","名稱2":"調理飲料攤販","行業代號3":"472999","名稱3":"未分類其他食品、飲料及菸草製品零售","category":["餐飲","夜市/市場攤販"],"id":60048248},{"index":4,"shop":"元氣豆花行","zone":"北北基","city":"新北市","area":"汐止區","market_address":"新北市汐止區宜興里林森街１７號４樓","user":"林靖娟","行業代號":"563200","market_name":["調理飲料攤販"],"行業代號1":"","名稱1":"","行業代號2":"","名稱2":"","行業代號3":"","名稱3":"","category":["夜市/市場攤販"],"id":60050245},{"index":5,"shop":"烤霸串燒","zone":"北北基","city":"新北市","area":"汐止區","market_address":"新北市汐止區忠孝東路福安街口","user":"陳燦明","行業代號":"561200","market_name":["餐食攤販"],"行業代號1":"","名稱1":"","行業代號2":"","名稱2":"","行業代號3":"","名稱3":"","category":["夜市/市場攤販"],"id":60056724},{"index":6,"shop":"江記非凡食堂","zone":"北北基","city":"新北市","area":"汐止區","market_address":"新北市汐止區東勢街２１６巷２４弄２號","user":"江蔡秀雲","行業代號":"561200","market_name":["餐館、餐廳","餐食攤販"],"行業代號1":"561115","名稱1":"餐館、餐廳","行業代號2":"","名稱2":"","行業代號3":"","名稱3":"","category":["餐飲","夜市/市場攤販"],"id":60063803},{"index":7,"shop":"金好呷鹹酥雞店","zone":"北北基","city":"新北市","area":"汐止區","market_address":"新北市汐止區復興里龍安路２０２巷４３號","user":"余科達","行業代號":"561200","market_name":["餐食攤販"],"行業代號1":"","名稱1":"","行業代號2":"","名稱2":"","行業代號3":"","名稱3":"","category":["夜市/市場攤販"],"id":60078225},{"index":8,"shop":"高榮賀喜商行","zone":"北北基","city":"新北市","area":"汐止區","market_address":"新北市汐止區金龍里康寧街４７６號","user":"高燦榮","行業代號":"561200","market_name":["餐食攤販"],"行業代號1":"","名稱1":"","行業代號2":"","名稱2":"","行業代號3":"","名稱3":"","category":["夜市/市場攤販"],"id":60084270},{"index":9,"shop":"湶豐烤肉","zone":"北北基","city":"新北市","area":"汐止區","market_address":"新北市汐止區樟樹里中興路１７號１樓","user":"鄭雅云","行業代號":"561200","market_name":["餐食攤販"],"行業代號1":"","名稱1":"","行業代號2":"","名稱2":"","行業代號3":"","名稱3":"","category":["夜市/市場攤販"],"id":60086099},{"index":10,"shop":"汐止秀豐市場第１２４號攤位","zone":"北北基","city":"新北市","area":"汐止區","market_address":"新北市汐止區茄苳里茄福街３３巷３號","user":"江麗娟","行業代號":"561200","market_name":["餐食攤販"],"行業代號1":"","名稱1":"","行業代號2":"","名稱2":"","行業代號3":"","名稱3":"","category":["夜市/市場攤販"],"id":60096256},{"index":11,"shop":"品糖甜品店","zone":"北北基","city":"新北市","area":"汐止區","market_address":"新北市汐止區義民里和平街９９號","user":"陳立圳","行業代號":"561200","market_name":["餐食攤販"],"行業代號1":"","名稱1":"","行業代號2":"","名稱2":"","行業代號3":"","名稱3":"","category":["夜市/市場攤販"],"id":60098495},{"index":12,"shop":"晨希小吃店","zone":"北北基","city":"新北市","area":"汐止區","market_address":"新北市汐止區中興里福德二路１１４號（１樓）","user":"曾雅瑜","行業代號":"561200","market_name":["餐食攤販"],"行業代號1":"","名稱1":"","行業代號2":"","名稱2":"","行業代號3":"","名稱3":"","category":["夜市/市場攤販"],"id":60103366},{"index":13,"shop":"璞樂商行","zone":"北北基","city":"新北市","area":"汐止區","market_address":"新北市汐止區新昌里新台五路二段９３號２５樓之４","user":"陳幼敏","行業代號":"561200","market_name":["餐食攤販"],"行業代號1":"","名稱1":"","行業代號2":"","名稱2":"","行業代號3":"","名稱3":"","category":["夜市/市場攤販"],"id":60103571},{"index":14,"shop":"享味小吃店","zone":"北北基","city":"新北市","area":"汐止區","market_address":"新北市汐止區厚德里樟樹一路２７２―２號１０樓","user":"施明宏","行業代號":"561200","market_name":["餐食攤販"],"行業代號1":"","名稱1":"","行業代號2":"","名稱2":"","行業代號3":"","名稱3":"","category":["夜市/市場攤販"],"id":60115946},{"index":15,"shop":"南京公寓香噴噴雞排店","zone":"北北基","city":"新北市","area":"汐止區","market_address":"新北市汐止區厚德里樟樹一路１４１巷１３號５樓","user":"陳俊宏","行業代號":"561200","market_name":["餐食攤販"],"行業代號1":"","名稱1":"","行業代號2":"","名稱2":"","行業代號3":"","名稱3":"","category":["夜市/市場攤販"],"id":60117403},{"index":16,"shop":"威克餐飲企業社","zone":"北北基","city":"新北市","area":"汐止區","market_address":"新北市汐止區烘內里瑞松街１５０巷２０號２樓之２８","user":"楊仕婕","行業代號":"561200","market_name":["餐食攤販"],"行業代號1":"","名稱1":"","行業代號2":"","名稱2":"","行業代號3":"","名稱3":"","category":["夜市/市場攤販"],"id":60122109},{"index":17,"shop":"宸食商行","zone":"北北基","city":"新北市","area":"汐止區","market_address":"新北市汐止區白雲里水源路二段３６巷２３號６樓","user":"洪婧宸","行業代號":"561200","market_name":["餐食攤販"],"行業代號1":"","名稱1":"","行業代號2":"","名稱2":"","行業代號3":"","名稱3":"","category":["夜市/市場攤販"],"id":60122472},{"index":18,"shop":"阿梅小吃店","zone":"北北基","city":"新北市","area":"汐止區","market_address":"新北市汐止區拱北里汐萬路２段２５６號１樓","user":"陳梅花","行業代號":"561200","market_name":["餐食攤販"],"行業代號1":"","名稱1":"","行業代號2":"","名稱2":"","行業代號3":"","名稱3":"","category":["夜市/市場攤販"],"id":60124689},{"index":19,"shop":"心提素食店","zone":"北北基","city":"新北市","area":"汐止區","market_address":"新北市汐止區禮門里大同路２段４３２號","user":"蘇中林","行業代號":"561200","market_name":["餐食攤販"],"行業代號1":"","名稱1":"","行業代號2":"","名稱2":"","行業代號3":"","名稱3":"","category":["夜市/市場攤販"],"id":60124962}]