[{"index":1,"id":20003672,"user":"陳姵琳","shop":"後紅黑輪攤","category":["夜市/市場攤販"],"zone":"高屏","city":"高雄市","area":"岡山區","market_name":["餐食攤販"],"market_address":"高雄市岡山區後紅里１２鄰大仁南路７４號１樓","pay_list":"","pay_tool":"","行業代號":null,"行業代號1":null,"名稱1":null,"行業代號2":null,"名稱2":null,"行業代號3":null,"名稱3":null},{"index":2,"id":20003767,"user":"紀水印","shop":"太空棒","category":["夜市/市場攤販"],"zone":"高屏","city":"高雄市","area":"岡山區","market_name":["餐食攤販"],"market_address":"高雄市岡山區維仁里壽天路１０１號騎樓前","pay_list":"","pay_tool":"","行業代號":null,"行業代號1":null,"名稱1":null,"行業代號2":null,"名稱2":null,"行業代號3":null,"名稱3":null},{"index":3,"id":20016888,"user":"沈鎮霈","shop":"３ㄨ３章魚燒","category":["夜市/市場攤販"],"zone":"高屏","city":"高雄市","area":"岡山區","market_name":["餐食攤販"],"market_address":"高雄市岡山區維仁里１９鄰壽天路１３１號１樓","pay_list":["LINE PAY MONEY"],"pay_tool":["行動支付"],"行業代號":null,"行業代號1":null,"名稱1":null,"行業代號2":null,"名稱2":null,"行業代號3":null,"名稱3":null},{"index":4,"id":20019641,"user":"陸素芬","shop":"日日香滷味","category":["夜市/市場攤販"],"zone":"高屏","city":"高雄市","area":"岡山區","market_name":["餐食攤販"],"market_address":"高雄市岡山區仁壽里柳橋西路１６６號第一攤","pay_list":"","pay_tool":"","行業代號":null,"行業代號1":null,"名稱1":null,"行業代號2":null,"名稱2":null,"行業代號3":null,"名稱3":null},{"index":5,"id":20019722,"user":"黃秋玲","shop":"口卡有味鹽酥雞","category":["夜市/市場攤販"],"zone":"高屏","city":"高雄市","area":"岡山區","market_name":["餐食攤販"],"market_address":"高雄市岡山區竹圍里大仁北路９２號騎樓","pay_list":"","pay_tool":"","行業代號":null,"行業代號1":null,"名稱1":null,"行業代號2":null,"名稱2":null,"行業代號3":null,"名稱3":null},{"index":6,"id":20022395,"user":"吳長儀","shop":"吳長儀","category":["夜市/市場攤販"],"zone":"高屏","city":"高雄市","area":"岡山區","market_name":["餐食攤販"],"market_address":"高雄市岡山區竹圍里大仁北路１３７號騎樓","pay_list":"","pay_tool":"","行業代號":null,"行業代號1":null,"名稱1":null,"行業代號2":null,"名稱2":null,"行業代號3":null,"名稱3":null},{"index":7,"id":20022554,"user":"林雅惠","shop":"鄰家茶站","category":["夜市/市場攤販","餐飲"],"zone":"高屏","city":"高雄市","area":"岡山區","market_name":["餐食攤販","調理飲料攤販"],"market_address":"高雄市岡山區華崗里華崗路１６３號騎樓","pay_list":"","pay_tool":"","行業代號":null,"行業代號1":null,"名稱1":null,"行業代號2":null,"名稱2":null,"行業代號3":null,"名稱3":null},{"index":8,"id":20023756,"user":"陳烱廷","shop":"食在好吃","category":["夜市/市場攤販"],"zone":"高屏","city":"高雄市","area":"岡山區","market_name":["餐食攤販"],"market_address":"高雄市岡山區臺上里成功路８６－２號騎樓","pay_list":["街口支付","LINE PAY MONEY"],"pay_tool":["行動支付"],"行業代號":null,"行業代號1":null,"名稱1":null,"行業代號2":null,"名稱2":null,"行業代號3":null,"名稱3":null},{"index":9,"id":20025799,"user":"黃明賢","shop":"豆坊嫩豆花老店","category":["夜市/市場攤販"],"zone":"高屏","city":"高雄市","area":"岡山區","market_name":["調理飲料攤販"],"market_address":"高雄市岡山區平安里維新路６８號前","pay_list":["LINE PAY MONEY"],"pay_tool":["行動支付"],"行業代號":null,"行業代號1":null,"名稱1":null,"行業代號2":null,"名稱2":null,"行業代號3":null,"名稱3":null},{"index":10,"id":20029722,"user":"王鼎欽","shop":"領鮮企業社","category":["夜市/市場攤販"],"zone":"高屏","city":"高雄市","area":"岡山區","market_name":["餐食攤販"],"market_address":"高雄市岡山區平安里維新路６８號前路邊","pay_list":"","pay_tool":"","行業代號":null,"行業代號1":null,"名稱1":null,"行業代號2":null,"名稱2":null,"行業代號3":null,"名稱3":null},{"index":11,"id":20035495,"user":"林美惠","shop":"品香廣東粥","category":["夜市/市場攤販"],"zone":"高屏","city":"高雄市","area":"岡山區","market_name":["餐食攤販"],"market_address":"高雄市岡山區後紅里大仁南路９０號１樓","pay_list":"","pay_tool":"","行業代號":null,"行業代號1":null,"名稱1":null,"行業代號2":null,"名稱2":null,"行業代號3":null,"名稱3":null},{"index":12,"id":20035648,"user":"蕭美娥","shop":"上惠素食","category":["夜市/市場攤販"],"zone":"高屏","city":"高雄市","area":"岡山區","market_name":["餐食攤販"],"market_address":"高雄市岡山區竹圍里０１４鄰竹圍東街８９―３號１樓","pay_list":"","pay_tool":"","行業代號":null,"行業代號1":null,"名稱1":null,"行業代號2":null,"名稱2":null,"行業代號3":null,"名稱3":null},{"index":13,"id":20039167,"user":"黃彥霖","shop":"傳統老店飲料","category":["夜市/市場攤販"],"zone":"高屏","city":"高雄市","area":"岡山區","market_name":["調理飲料攤販"],"market_address":"高雄市岡山區平安里維新路１８號前面","pay_list":"","pay_tool":"","行業代號":null,"行業代號1":null,"名稱1":null,"行業代號2":null,"名稱2":null,"行業代號3":null,"名稱3":null},{"index":14,"id":20040665,"user":"陳呂靜","shop":"岡山萬丹紅豆餅","category":["夜市/市場攤販"],"zone":"高屏","city":"高雄市","area":"岡山區","market_name":["餐食攤販"],"market_address":"高雄市岡山區後紅里民有路５２號１樓","pay_list":"","pay_tool":"","行業代號":null,"行業代號1":null,"名稱1":null,"行業代號2":null,"名稱2":null,"行業代號3":null,"名稱3":null},{"index":15,"id":20040710,"user":"黃秀梅","shop":"３Ｑ脆皮雞排","category":["夜市/市場攤販"],"zone":"高屏","city":"高雄市","area":"岡山區","market_name":["餐食攤販"],"market_address":"高雄市岡山區仁壽里柳橋西路３７之３號","pay_list":"","pay_tool":"","行業代號":null,"行業代號1":null,"名稱1":null,"行業代號2":null,"名稱2":null,"行業代號3":null,"名稱3":null},{"index":16,"id":20045972,"user":"張家寧","shop":"大饌章魚燒岡山攤","category":["夜市/市場攤販"],"zone":"高屏","city":"高雄市","area":"岡山區","market_name":["餐食攤販"],"market_address":"高雄市岡山區維仁里維仁路８５號騎樓","pay_list":"","pay_tool":"","行業代號":null,"行業代號1":null,"名稱1":null,"行業代號2":null,"名稱2":null,"行業代號3":null,"名稱3":null},{"index":17,"id":20045973,"user":"楊淑玲","shop":"超新鮮壽司","category":["夜市/市場攤販"],"zone":"高屏","city":"高雄市","area":"岡山區","market_name":["餐食攤販"],"market_address":"高雄市岡山區維仁里維仁路９６號騎樓","pay_list":["LINE PAY MONEY"],"pay_tool":["行動支付"],"行業代號":null,"行業代號1":null,"名稱1":null,"行業代號2":null,"名稱2":null,"行業代號3":null,"名稱3":null},{"index":18,"id":20047651,"user":"孫吳富美","shop":"冷凍芋行","category":["夜市/市場攤販"],"zone":"高屏","city":"高雄市","area":"岡山區","market_name":["調理飲料攤販"],"market_address":"高雄市岡山區竹圍里大仁北路１９８號","pay_list":"","pay_tool":"","行業代號":null,"行業代號1":null,"名稱1":null,"行業代號2":null,"名稱2":null,"行業代號3":null,"名稱3":null},{"index":19,"id":20050340,"user":"徐珏純","shop":"小任性雞蛋糕","category":["夜市/市場攤販"],"zone":"高屏","city":"高雄市","area":"岡山區","market_name":["餐食攤販"],"market_address":"高雄市岡山區嘉峰里田厝二路１５巷１２弄７號１樓","pay_list":["LINE PAY MONEY"],"pay_tool":["行動支付"],"行業代號":null,"行業代號1":null,"名稱1":null,"行業代號2":null,"名稱2":null,"行業代號3":null,"名稱3":null},{"index":20,"id":20050500,"user":"蘇從文","shop":"酥艷文鹹酥雞","category":["夜市/市場攤販"],"zone":"高屏","city":"高雄市","area":"岡山區","market_name":["餐食攤販"],"market_address":"高雄市岡山區前峰路４６號","pay_list":"","pay_tool":"","行業代號":null,"行業代號1":null,"名稱1":null,"行業代號2":null,"名稱2":null,"行業代號3":null,"名稱3":null},{"index":21,"id":20050835,"user":"蔡淑玲","shop":"姊妹燒腊館","category":["夜市/市場攤販"],"zone":"高屏","city":"高雄市","area":"岡山區","market_name":["餐食攤販"],"market_address":"高雄市岡山區後協里協仁街７１號旁","pay_list":"","pay_tool":"","行業代號":null,"行業代號1":null,"名稱1":null,"行業代號2":null,"名稱2":null,"行業代號3":null,"名稱3":null},{"index":22,"id":20051708,"user":"許冠雄","shop":"慢熊貓行動餐車","category":["夜市/市場攤販"],"zone":"高屏","city":"高雄市","area":"岡山區","market_name":["餐食攤販"],"market_address":"高雄市岡山區信義里仁壽路２１５號門口","pay_list":"","pay_tool":"","行業代號":null,"行業代號1":null,"名稱1":null,"行業代號2":null,"名稱2":null,"行業代號3":null,"名稱3":null},{"index":23,"id":20052023,"user":"陳慧心","shop":"傳香鹹酥雞","category":["夜市/市場攤販"],"zone":"高屏","city":"高雄市","area":"岡山區","market_name":["餐食攤販"],"market_address":"高雄市岡山區前峰里前峰路１０９之１２號１樓","pay_list":"","pay_tool":"","行業代號":null,"行業代號1":null,"名稱1":null,"行業代號2":null,"名稱2":null,"行業代號3":null,"名稱3":null},{"index":24,"id":20052024,"user":"陳允泉","shop":"泰餃情餃子專賣","category":["夜市/市場攤販"],"zone":"高屏","city":"高雄市","area":"岡山區","market_name":["餐食攤販"],"market_address":"高雄市岡山區前峰里前峰路１０９－１２號１樓","pay_list":"","pay_tool":"","行業代號":null,"行業代號1":null,"名稱1":null,"行業代號2":null,"名稱2":null,"行業代號3":null,"名稱3":null},{"index":25,"id":20052079,"user":"馮美娟","shop":"老眷村茶水舖","category":["夜市/市場攤販"],"zone":"高屏","city":"高雄市","area":"岡山區","market_name":["調理飲料攤販"],"market_address":"高雄市岡山區信義里國軒路６６６號３８．３９攤號","pay_list":"","pay_tool":"","行業代號":null,"行業代號1":null,"名稱1":null,"行業代號2":null,"名稱2":null,"行業代號3":null,"名稱3":null},{"index":26,"id":20052109,"user":"李宛庭","shop":"咻蛋擠咧手作雞蛋糕","category":["夜市/市場攤販"],"zone":"高屏","city":"高雄市","area":"岡山區","market_name":["餐食攤販"],"market_address":"高雄市岡山區仁壽里０１０鄰仁壽路８０號１樓","pay_list":["LINE PAY MONEY"],"pay_tool":["行動支付"],"行業代號":null,"行業代號1":null,"名稱1":null,"行業代號2":null,"名稱2":null,"行業代號3":null,"名稱3":null},{"index":27,"id":20056538,"user":"黃雅梅","shop":"翊歆咖啡","category":["夜市/市場攤販"],"zone":"高屏","city":"高雄市","area":"岡山區","market_name":["調理飲料攤販"],"market_address":"高雄市岡山區竹圍里大仁北路３６１號騎樓","pay_list":"","pay_tool":"","行業代號":null,"行業代號1":null,"名稱1":null,"行業代號2":null,"名稱2":null,"行業代號3":null,"名稱3":null},{"index":28,"id":20056598,"user":"葉宇洋","shop":"美味銀絲卷","category":["夜市/市場攤販"],"zone":"高屏","city":"高雄市","area":"岡山區","market_name":["餐食攤販"],"market_address":"高雄市岡山區碧紅里岡山夜市１５１攤位","pay_list":"","pay_tool":"","行業代號":null,"行業代號1":null,"名稱1":null,"行業代號2":null,"名稱2":null,"行業代號3":null,"名稱3":null},{"index":29,"id":20056714,"user":"劉雅菁","shop":"原之味中式餐點","category":["夜市/市場攤販"],"zone":"高屏","city":"高雄市","area":"岡山區","market_name":["餐食攤販"],"market_address":"高雄市岡山區碧紅里中山北路９９號（２街６０號）","pay_list":"","pay_tool":"","行業代號":null,"行業代號1":null,"名稱1":null,"行業代號2":null,"名稱2":null,"行業代號3":null,"名稱3":null},{"index":30,"id":20059335,"user":"萬雪玉","shop":"老疆湖燒烤","category":["夜市/市場攤販"],"zone":"高屏","city":"高雄市","area":"岡山區","market_name":["餐食攤販"],"market_address":"高雄市岡山區竹圍里大仁北路１０－１號旁空地","pay_list":["LINE PAY MONEY"],"pay_tool":["行動支付"],"行業代號":null,"行業代號1":null,"名稱1":null,"行業代號2":null,"名稱2":null,"行業代號3":null,"名稱3":null},{"index":31,"id":60107608,"user":"陳德福","shop":"阿福湯包","category":["夜市/市場攤販"],"zone":"高屏","city":"高雄市","area":"岡山區","market_name":["餐食攤販"],"market_address":"高雄市岡山區壽天里０１４鄰公園東路３９號１樓","pay_list":null,"pay_tool":null,"行業代號":"561200","行業代號1":"","名稱1":"","行業代號2":"","名稱2":"","行業代號3":"","名稱3":""},{"index":32,"id":60120232,"user":"戴上文","shop":"喜泉商行","category":["夜市/市場攤販"],"zone":"高屏","city":"高雄市","area":"岡山區","market_name":["餐食攤販"],"market_address":"高雄市岡山區竹圍里大仁北路１４３號門口前道路用地","pay_list":null,"pay_tool":null,"行業代號":"561200","行業代號1":"","名稱1":"","行業代號2":"","名稱2":"","行業代號3":"","名稱3":""}]