[{"index":1,"id":10057185,"category":"夜市小吃/市場","city":"臺南市","area":"善化區","market_name":"永業創宇黃昏市場","market_address":"臺南市善化區仁愛路51-1號","shop":"永業創宇黃昏市場 胡意涵","pay_list":["LINE Pay Money"],"zone":"雲嘉南","user":"胡意涵","pay_tool":["行動支付"]},{"index":2,"id":10057461,"category":"夜市小吃/市場","city":"臺南市","area":"善化區","market_name":"善化第一公有零售市場","market_address":"台南市善化區中山路377號","shop":"善化第一公有零售市場 店02","pay_list":["LINE Pay Money"],"zone":"雲嘉南","user":"黃王秋玉","pay_tool":["行動支付"]},{"index":3,"id":10057475,"category":"夜市小吃/市場","city":"臺南市","area":"善化區","market_name":"善化第一公有零售市場","market_address":"台南市善化區中山路377號","shop":"善化第一公有零售市場 店15","pay_list":["街口支付","LINE Pay Money","台灣 PAY"],"zone":"雲嘉南","user":"施炆昌","pay_tool":["行動支付"]},{"index":4,"id":10057485,"category":"夜市小吃/市場","city":"臺南市","area":"善化區","market_name":"善化第一公有零售市場","market_address":"台南市善化區中山路377號","shop":"善化第一公有零售市場 店24世季水果行","pay_list":["街口支付","LINE Pay Money","台灣 PAY"],"zone":"雲嘉南","user":"林益村","pay_tool":["行動支付"]},{"index":5,"id":10057495,"category":"夜市小吃/市場","city":"臺南市","area":"善化區","market_name":"善化第一公有零售市場","market_address":"台南市善化區中山路377號","shop":"善化第一公有零售市場 攤09萬佳香肉品","pay_list":["街口支付","LINE Pay Money","台灣 PAY"],"zone":"雲嘉南","user":"陳一郎","pay_tool":["行動支付"]},{"index":6,"id":30000001,"category":"夜市小吃/市場","city":"臺南市","area":"善化區","market_name":"善化第一公有零售市場","market_address":"台南市善化區中山路377號","shop":"善化第一公有零售市場 攤09萬佳香肉品","pay_list":["台灣 PAY","街口支付","LINE Pay Money"],"zone":"雲嘉南","user":"陳一郎","pay_tool":["行動支付"]},{"index":7,"id":30000007,"category":"夜市小吃/市場","city":"臺南市","area":"善化區","market_name":"善化第一公有零售市場","market_address":"台南市善化區中山路377號","shop":"善化第一公有零售市場 店24世季水果行","pay_list":["台灣 PAY","街口支付","LINE Pay Money"],"zone":"雲嘉南","user":"林益村","pay_tool":["行動支付"]},{"index":8,"id":30068308,"category":"夜市小吃/市場","city":"臺南市","area":"善化區","market_name":"永業創宇黃昏市場","market_address":"臺南市善化區仁愛路51-1號","shop":"永業創宇黃昏市場 胡意涵","pay_list":["LINE Pay Money"],"zone":"雲嘉南","user":"胡意涵","pay_tool":["行動支付"]},{"index":9,"id":30068583,"category":"夜市小吃/市場","city":"臺南市","area":"善化區","market_name":"善化第一公有零售市場","market_address":"台南市善化區中山路377號","shop":"善化第一公有零售市場 店02","pay_list":["LINE Pay Money"],"zone":"雲嘉南","user":"黃王秋玉","pay_tool":["行動支付"]},{"index":10,"id":30068597,"category":"夜市小吃/市場","city":"臺南市","area":"善化區","market_name":"善化第一公有零售市場","market_address":"台南市善化區中山路377號","shop":"善化第一公有零售市場 店15","pay_list":["台灣 PAY","街口支付","LINE Pay Money"],"zone":"雲嘉南","user":"施炆昌","pay_tool":["行動支付"]}]