[{"index":1,"id":20041025,"user":"許嘉紋","shop":"台灣第一家鹹酥雞","category":["夜市/市場攤販"],"zone":"雲嘉南","city":"雲林縣","area":"水林鄉","market_name":["餐食攤販"],"market_address":"雲林縣水林鄉水南村水林路１５１號旁","pay_list":"","pay_tool":""},{"index":2,"id":20049109,"user":"林芳如","shop":"宜禾商行","category":["夜市/市場攤販"],"zone":"雲嘉南","city":"雲林縣","area":"水林鄉","market_name":["飲料零售","調理飲料攤販"],"market_address":"雲林縣水林鄉水南村００５鄰水林路２０３號","pay_list":"","pay_tool":""}]