[{"index":1,"shop":"金湖鎮公有零售市場-新慶春商店","zone":"金馬離島","city":"金門縣","area":"金湖鎮","market_address":"金湖鎮黃海路90-5號","user":"李運玉","行業代號":null,"market_name":"金湖鎮公有零售市場","行業代號1":null,"名稱1":null,"行業代號2":null,"名稱2":null,"行業代號3":null,"名稱3":null,"category":"夜市/市場攤販","id":10014470,"pay_list":"","pay_tool":""},{"index":2,"shop":"金湖鎮公有零售市場-果菜攤","zone":"金馬離島","city":"金門縣","area":"金湖鎮","market_address":"金湖鎮黃海路90-5號","user":"蕭梨明","行業代號":null,"market_name":"金湖鎮公有零售市場","行業代號1":null,"名稱1":null,"行業代號2":null,"名稱2":null,"行業代號3":null,"名稱3":null,"category":"夜市/市場攤販","id":10014481,"pay_list":"","pay_tool":""},{"index":3,"shop":"金湖鎮公有零售市場-果菜攤","zone":"金馬離島","city":"金門縣","area":"金湖鎮","market_address":"金湖鎮黃海路90-5號","user":"吳李月治","行業代號":null,"market_name":"金湖鎮公有零售市場","行業代號1":null,"名稱1":null,"行業代號2":null,"名稱2":null,"行業代號3":null,"名稱3":null,"category":"夜市/市場攤販","id":10014493,"pay_list":"","pay_tool":""},{"index":4,"shop":"金湖鎮公有零售市場-武德蔬果行","zone":"金馬離島","city":"金門縣","area":"金湖鎮","market_address":"金湖鎮黃海路90-5號","user":"楊玉環","行業代號":null,"market_name":"金湖鎮公有零售市場","行業代號1":null,"名稱1":null,"行業代號2":null,"名稱2":null,"行業代號3":null,"名稱3":null,"category":"夜市/市場攤販","id":10014504,"pay_list":"","pay_tool":""},{"index":5,"shop":"金湖鎮公有零售市場-果菜攤","zone":"金馬離島","city":"金門縣","area":"金湖鎮","market_address":"金湖鎮黃海路90-5號","user":"楊美華","行業代號":null,"market_name":"金湖鎮公有零售市場","行業代號1":null,"名稱1":null,"行業代號2":null,"名稱2":null,"行業代號3":null,"名稱3":null,"category":"夜市/市場攤販","id":10014515,"pay_list":"","pay_tool":""},{"index":6,"shop":"金湖鎮公有零售市場-添發雜貨商店","zone":"金馬離島","city":"金門縣","area":"金湖鎮","market_address":"金湖鎮黃海路90-5號","user":"蔡宛謨","行業代號":null,"market_name":"金湖鎮公有零售市場","行業代號1":null,"名稱1":null,"行業代號2":null,"名稱2":null,"行業代號3":null,"名稱3":null,"category":"夜市/市場攤販","id":10014526,"pay_list":"","pay_tool":""},{"index":7,"shop":"金湖鎮公有零售市場-果菜攤","zone":"金馬離島","city":"金門縣","area":"金湖鎮","market_address":"金湖鎮黃海路90-5號","user":"許明慧","行業代號":null,"market_name":"金湖鎮公有零售市場","行業代號1":null,"名稱1":null,"行業代號2":null,"名稱2":null,"行業代號3":null,"名稱3":null,"category":"夜市/市場攤販","id":10014537,"pay_list":"","pay_tool":""},{"index":8,"shop":"金湖鎮公有零售市場-果菜攤","zone":"金馬離島","city":"金門縣","area":"金湖鎮","market_address":"金湖鎮黃海路90-5號","user":"楊淑眉","行業代號":null,"market_name":"金湖鎮公有零售市場","行業代號1":null,"名稱1":null,"行業代號2":null,"名稱2":null,"行業代號3":null,"名稱3":null,"category":"夜市/市場攤販","id":10014548,"pay_list":"","pay_tool":""},{"index":9,"shop":"金湖鎮公有零售市場-果菜攤","zone":"金馬離島","city":"金門縣","area":"金湖鎮","market_address":"金湖鎮黃海路90-5號","user":"蔡昌盛","行業代號":null,"market_name":"金湖鎮公有零售市場","行業代號1":null,"名稱1":null,"行業代號2":null,"名稱2":null,"行業代號3":null,"名稱3":null,"category":"夜市/市場攤販","id":10014559,"pay_list":"","pay_tool":""},{"index":10,"shop":"金湖鎮公有零售市場-果菜攤","zone":"金馬離島","city":"金門縣","area":"金湖鎮","market_address":"金湖鎮黃海路90-5號","user":"余莊彩勤","行業代號":null,"market_name":"金湖鎮公有零售市場","行業代號1":null,"名稱1":null,"行業代號2":null,"名稱2":null,"行業代號3":null,"名稱3":null,"category":"夜市/市場攤販","id":10014570,"pay_list":"","pay_tool":""},{"index":11,"shop":"金湖鎮公有零售市場-添發雜貨商店","zone":"金馬離島","city":"金門縣","area":"金湖鎮","market_address":"金湖鎮黃海路90-5號","user":"林玉芳","行業代號":null,"market_name":"金湖鎮公有零售市場","行業代號1":null,"名稱1":null,"行業代號2":null,"名稱2":null,"行業代號3":null,"名稱3":null,"category":"夜市/市場攤販","id":10014581,"pay_list":"","pay_tool":""},{"index":12,"shop":"金湖鎮公有零售市場-添發雜貨商店","zone":"金馬離島","city":"金門縣","area":"金湖鎮","market_address":"金湖鎮黃海路90-5號","user":"林天生","行業代號":null,"market_name":"金湖鎮公有零售市場","行業代號1":null,"名稱1":null,"行業代號2":null,"名稱2":null,"行業代號3":null,"名稱3":null,"category":"夜市/市場攤販","id":10014592,"pay_list":"","pay_tool":""},{"index":13,"shop":"金湖鎮公有零售市場-添福藝品","zone":"金馬離島","city":"金門縣","area":"金湖鎮","market_address":"金湖鎮黃海路90-5號","user":"陳振福","行業代號":null,"market_name":"金湖鎮公有零售市場","行業代號1":null,"名稱1":null,"行業代號2":null,"名稱2":null,"行業代號3":null,"名稱3":null,"category":"夜市/市場攤販","id":10014604,"pay_list":"","pay_tool":""},{"index":14,"shop":"金湖鎮公有零售市場-弘發水果行","zone":"金馬離島","city":"金門縣","area":"金湖鎮","market_address":"金湖鎮黃海路90-5號","user":"楊朝顧","行業代號":null,"market_name":"金湖鎮公有零售市場","行業代號1":null,"名稱1":null,"行業代號2":null,"名稱2":null,"行業代號3":null,"名稱3":null,"category":"夜市/市場攤販","id":10014615,"pay_list":"","pay_tool":""},{"index":15,"shop":"金湖鎮公有零售市場-果菜攤","zone":"金馬離島","city":"金門縣","area":"金湖鎮","market_address":"金湖鎮黃海路90-5號","user":"方  弘","行業代號":null,"market_name":"金湖鎮公有零售市場","行業代號1":null,"名稱1":null,"行業代號2":null,"名稱2":null,"行業代號3":null,"名稱3":null,"category":"夜市/市場攤販","id":10014626,"pay_list":"","pay_tool":""},{"index":16,"shop":"金湖鎮公有零售市場-果菜攤","zone":"金馬離島","city":"金門縣","area":"金湖鎮","market_address":"金湖鎮黃海路90-5號","user":"蔡竹君","行業代號":null,"market_name":"金湖鎮公有零售市場","行業代號1":null,"名稱1":null,"行業代號2":null,"名稱2":null,"行業代號3":null,"名稱3":null,"category":"夜市/市場攤販","id":10014637,"pay_list":"","pay_tool":""},{"index":17,"shop":"金湖鎮公有零售市場-華興商行","zone":"金馬離島","city":"金門縣","area":"金湖鎮","market_address":"金湖鎮黃海路90-5號","user":"楊長壽","行業代號":null,"market_name":"金湖鎮公有零售市場","行業代號1":null,"名稱1":null,"行業代號2":null,"名稱2":null,"行業代號3":null,"名稱3":null,"category":"夜市/市場攤販","id":10014648,"pay_list":"","pay_tool":""},{"index":18,"shop":"金湖鎮公有零售市場-弘發水果行","zone":"金馬離島","city":"金門縣","area":"金湖鎮","market_address":"金湖鎮黃海路90-5號","user":"莊羨治","行業代號":null,"market_name":"金湖鎮公有零售市場","行業代號1":null,"名稱1":null,"行業代號2":null,"名稱2":null,"行業代號3":null,"名稱3":null,"category":"夜市/市場攤販","id":10014659,"pay_list":"","pay_tool":""},{"index":19,"shop":"金湖鎮公有零售市場-弘發水果行","zone":"金馬離島","city":"金門縣","area":"金湖鎮","market_address":"金湖鎮黃海路90-5號","user":"藍碧華","行業代號":null,"market_name":"金湖鎮公有零售市場","行業代號1":null,"名稱1":null,"行業代號2":null,"名稱2":null,"行業代號3":null,"名稱3":null,"category":"夜市/市場攤販","id":10014670,"pay_list":"","pay_tool":""},{"index":20,"shop":"金湖鎮公有零售市場-鴻鵬商行","zone":"金馬離島","city":"金門縣","area":"金湖鎮","market_address":"金湖鎮黃海路90-5號","user":"林慧芳","行業代號":null,"market_name":"金湖鎮公有零售市場","行業代號1":null,"名稱1":null,"行業代號2":null,"名稱2":null,"行業代號3":null,"名稱3":null,"category":"夜市/市場攤販","id":10014681,"pay_list":"","pay_tool":""},{"index":21,"shop":"金湖鎮公有零售市場-鴻鵬商行","zone":"金馬離島","city":"金門縣","area":"金湖鎮","market_address":"金湖鎮黃海路90-5號","user":"張鴻鵬","行業代號":null,"market_name":"金湖鎮公有零售市場","行業代號1":null,"名稱1":null,"行業代號2":null,"名稱2":null,"行業代號3":null,"名稱3":null,"category":"夜市/市場攤販","id":10014692,"pay_list":"","pay_tool":""},{"index":22,"shop":"金湖鎮公有零售市場-益勝商行","zone":"金馬離島","city":"金門縣","area":"金湖鎮","market_address":"金湖鎮黃海路90-5號","user":"蕭明麗","行業代號":null,"market_name":"金湖鎮公有零售市場","行業代號1":null,"名稱1":null,"行業代號2":null,"名稱2":null,"行業代號3":null,"名稱3":null,"category":"夜市/市場攤販","id":10014703,"pay_list":"","pay_tool":""},{"index":23,"shop":"金湖鎮公有零售市場-秀卿商店","zone":"金馬離島","city":"金門縣","area":"金湖鎮","market_address":"金湖鎮黃海路90-5號","user":"洪國棟","行業代號":null,"market_name":"金湖鎮公有零售市場","行業代號1":null,"名稱1":null,"行業代號2":null,"名稱2":null,"行業代號3":null,"名稱3":null,"category":"夜市/市場攤販","id":10014715,"pay_list":"","pay_tool":""},{"index":24,"shop":"金湖鎮公有零售市場-漂亮寶貝服飾","zone":"金馬離島","city":"金門縣","area":"金湖鎮","market_address":"金湖鎮黃海路90-5號","user":"鄭嘉惠","行業代號":null,"market_name":"金湖鎮公有零售市場","行業代號1":null,"名稱1":null,"行業代號2":null,"名稱2":null,"行業代號3":null,"名稱3":null,"category":"夜市/市場攤販","id":10014726,"pay_list":"","pay_tool":""},{"index":25,"shop":"金湖鎮公有零售市場-漂亮寶貝服飾","zone":"金馬離島","city":"金門縣","area":"金湖鎮","market_address":"金湖鎮黃海路90-5號","user":"翁?梨","行業代號":null,"market_name":"金湖鎮公有零售市場","行業代號1":null,"名稱1":null,"行業代號2":null,"名稱2":null,"行業代號3":null,"名稱3":null,"category":"夜市/市場攤販","id":10014737,"pay_list":"","pay_tool":""},{"index":26,"shop":"金湖鎮公有零售市場-百貨飲食攤","zone":"金馬離島","city":"金門縣","area":"金湖鎮","market_address":"金湖鎮黃海路90-5號","user":"王能堅","行業代號":null,"market_name":"金湖鎮公有零售市場","行業代號1":null,"名稱1":null,"行業代號2":null,"名稱2":null,"行業代號3":null,"名稱3":null,"category":"夜市/市場攤販","id":10014748,"pay_list":"","pay_tool":""},{"index":27,"shop":"金湖鎮公有零售市場-百貨飲食攤","zone":"金馬離島","city":"金門縣","area":"金湖鎮","market_address":"金湖鎮黃海路90-5號","user":"王慧芬","行業代號":null,"market_name":"金湖鎮公有零售市場","行業代號1":null,"名稱1":null,"行業代號2":null,"名稱2":null,"行業代號3":null,"名稱3":null,"category":"夜市/市場攤販","id":10014759,"pay_list":"","pay_tool":""},{"index":28,"shop":"金湖鎮公有零售市場-百貨飲食攤","zone":"金馬離島","city":"金門縣","area":"金湖鎮","market_address":"金湖鎮黃海路90-5號","user":"黃秀賢","行業代號":null,"market_name":"金湖鎮公有零售市場","行業代號1":null,"名稱1":null,"行業代號2":null,"名稱2":null,"行業代號3":null,"名稱3":null,"category":"夜市/市場攤販","id":10014770,"pay_list":"","pay_tool":""},{"index":29,"shop":"金湖鎮公有零售市場-秀卿商店","zone":"金馬離島","city":"金門縣","area":"金湖鎮","market_address":"金湖鎮黃海路90-5號","user":"潘桂芳","行業代號":null,"market_name":"金湖鎮公有零售市場","行業代號1":null,"名稱1":null,"行業代號2":null,"名稱2":null,"行業代號3":null,"名稱3":null,"category":"夜市/市場攤販","id":10014781,"pay_list":"","pay_tool":""},{"index":30,"shop":"金湖鎮公有零售市場-百貨飲食攤","zone":"金馬離島","city":"金門縣","area":"金湖鎮","market_address":"金湖鎮黃海路90-5號","user":"歐陽苓芩","行業代號":null,"market_name":"金湖鎮公有零售市場","行業代號1":null,"名稱1":null,"行業代號2":null,"名稱2":null,"行業代號3":null,"名稱3":null,"category":"夜市/市場攤販","id":10014792,"pay_list":"","pay_tool":""},{"index":31,"shop":"金湖鎮公有零售市場-台南小吃店","zone":"金馬離島","city":"金門縣","area":"金湖鎮","market_address":"金湖鎮黃海路90-5號","user":"廖美真","行業代號":null,"market_name":"金湖鎮公有零售市場","行業代號1":null,"名稱1":null,"行業代號2":null,"名稱2":null,"行業代號3":null,"名稱3":null,"category":"夜市/市場攤販","id":10014803,"pay_list":"","pay_tool":""},{"index":32,"shop":"金湖鎮公有零售市場-百貨飲食攤","zone":"金馬離島","city":"金門縣","area":"金湖鎮","market_address":"金湖鎮黃海路90-5號","user":"薛曉聆","行業代號":null,"market_name":"金湖鎮公有零售市場","行業代號1":null,"名稱1":null,"行業代號2":null,"名稱2":null,"行業代號3":null,"名稱3":null,"category":"夜市/市場攤販","id":10014814,"pay_list":"","pay_tool":""},{"index":33,"shop":"金湖鎮公有零售市場-百貨飲食攤","zone":"金馬離島","city":"金門縣","area":"金湖鎮","market_address":"金湖鎮黃海路90-5號","user":"施佶成","行業代號":null,"market_name":"金湖鎮公有零售市場","行業代號1":null,"名稱1":null,"行業代號2":null,"名稱2":null,"行業代號3":null,"名稱3":null,"category":"夜市/市場攤販","id":10014826,"pay_list":"","pay_tool":""},{"index":34,"shop":"金湖鎮公有零售市場-百貨飲食攤","zone":"金馬離島","city":"金門縣","area":"金湖鎮","market_address":"金湖鎮黃海路90-5號","user":"陳芮穎","行業代號":null,"market_name":"金湖鎮公有零售市場","行業代號1":null,"名稱1":null,"行業代號2":null,"名稱2":null,"行業代號3":null,"名稱3":null,"category":"夜市/市場攤販","id":10014837,"pay_list":"","pay_tool":""},{"index":35,"shop":"金湖鎮公有零售市場-百貨飲食攤","zone":"金馬離島","city":"金門縣","area":"金湖鎮","market_address":"金湖鎮黃海路90-5號","user":"楊念庭","行業代號":null,"market_name":"金湖鎮公有零售市場","行業代號1":null,"名稱1":null,"行業代號2":null,"名稱2":null,"行業代號3":null,"名稱3":null,"category":"夜市/市場攤販","id":10014848,"pay_list":"","pay_tool":""},{"index":36,"shop":"金湖鎮公有零售市場-百貨飲食攤","zone":"金馬離島","city":"金門縣","area":"金湖鎮","market_address":"金湖鎮黃海路90-5號","user":"陳玉如","行業代號":null,"market_name":"金湖鎮公有零售市場","行業代號1":null,"名稱1":null,"行業代號2":null,"名稱2":null,"行業代號3":null,"名稱3":null,"category":"夜市/市場攤販","id":10014859,"pay_list":"","pay_tool":""},{"index":37,"shop":"金湖鎮公有零售市場-百貨飲食攤","zone":"金馬離島","city":"金門縣","area":"金湖鎮","market_address":"金湖鎮黃海路90-5號","user":"翁明惠","行業代號":null,"market_name":"金湖鎮公有零售市場","行業代號1":null,"名稱1":null,"行業代號2":null,"名稱2":null,"行業代號3":null,"名稱3":null,"category":"夜市/市場攤販","id":10014870,"pay_list":"","pay_tool":""},{"index":38,"shop":"金湖鎮公有零售市場-百貨飲食攤","zone":"金馬離島","city":"金門縣","area":"金湖鎮","market_address":"金湖鎮黃海路90-5號","user":"李雪玉","行業代號":null,"market_name":"金湖鎮公有零售市場","行業代號1":null,"名稱1":null,"行業代號2":null,"名稱2":null,"行業代號3":null,"名稱3":null,"category":"夜市/市場攤販","id":10014881,"pay_list":"","pay_tool":""},{"index":39,"shop":"金湖鎮公有零售市場-百貨飲食攤","zone":"金馬離島","city":"金門縣","area":"金湖鎮","market_address":"金湖鎮黃海路90-5號","user":"董慧芬","行業代號":null,"market_name":"金湖鎮公有零售市場","行業代號1":null,"名稱1":null,"行業代號2":null,"名稱2":null,"行業代號3":null,"名稱3":null,"category":"夜市/市場攤販","id":10014892,"pay_list":"","pay_tool":""},{"index":40,"shop":"金湖鎮公有零售市場-百貨飲食攤","zone":"金馬離島","city":"金門縣","area":"金湖鎮","market_address":"金湖鎮黃海路90-5號","user":"盧佳鈺","行業代號":null,"market_name":"金湖鎮公有零售市場","行業代號1":null,"名稱1":null,"行業代號2":null,"名稱2":null,"行業代號3":null,"名稱3":null,"category":"夜市/市場攤販","id":10014903,"pay_list":"","pay_tool":""},{"index":41,"shop":"金湖鎮公有零售市場-百貨飲食攤","zone":"金馬離島","city":"金門縣","area":"金湖鎮","market_address":"金湖鎮黃海路90-5號","user":"陳玉鳳","行業代號":null,"market_name":"金湖鎮公有零售市場","行業代號1":null,"名稱1":null,"行業代號2":null,"名稱2":null,"行業代號3":null,"名稱3":null,"category":"夜市/市場攤販","id":10014914,"pay_list":"","pay_tool":""},{"index":42,"shop":"金湖鎮公有零售市場-百貨飲食攤","zone":"金馬離島","city":"金門縣","area":"金湖鎮","market_address":"金湖鎮黃海路90-5號","user":"蔡其南","行業代號":null,"market_name":"金湖鎮公有零售市場","行業代號1":null,"名稱1":null,"行業代號2":null,"名稱2":null,"行業代號3":null,"名稱3":null,"category":"夜市/市場攤販","id":10014925,"pay_list":"","pay_tool":""},{"index":43,"shop":"金湖鎮公有零售市場-百貨飲食攤","zone":"金馬離島","city":"金門縣","area":"金湖鎮","market_address":"金湖鎮黃海路90-5號","user":"林素賢","行業代號":null,"market_name":"金湖鎮公有零售市場","行業代號1":null,"名稱1":null,"行業代號2":null,"名稱2":null,"行業代號3":null,"名稱3":null,"category":"夜市/市場攤販","id":10014937,"pay_list":"","pay_tool":""},{"index":44,"shop":"金湖鎮公有零售市場-百貨飲食攤","zone":"金馬離島","city":"金門縣","area":"金湖鎮","market_address":"金湖鎮黃海路90-5號","user":"蔡筱芸","行業代號":null,"market_name":"金湖鎮公有零售市場","行業代號1":null,"名稱1":null,"行業代號2":null,"名稱2":null,"行業代號3":null,"名稱3":null,"category":"夜市/市場攤販","id":10014948,"pay_list":"","pay_tool":""},{"index":45,"shop":"金湖鎮公有零售市場-百貨飲食攤","zone":"金馬離島","city":"金門縣","area":"金湖鎮","market_address":"金湖鎮黃海路90-5號","user":"黃素琴","行業代號":null,"market_name":"金湖鎮公有零售市場","行業代號1":null,"名稱1":null,"行業代號2":null,"名稱2":null,"行業代號3":null,"名稱3":null,"category":"夜市/市場攤販","id":10014959,"pay_list":"","pay_tool":""},{"index":46,"shop":"金湖鎮公有零售市場-百貨飲食攤","zone":"金馬離島","city":"金門縣","area":"金湖鎮","market_address":"金湖鎮黃海路90-5號","user":"謝賢傑","行業代號":null,"market_name":"金湖鎮公有零售市場","行業代號1":null,"名稱1":null,"行業代號2":null,"名稱2":null,"行業代號3":null,"名稱3":null,"category":"夜市/市場攤販","id":10014970,"pay_list":"","pay_tool":""},{"index":47,"shop":"金湖鎮公有零售市場-禽肉類攤","zone":"金馬離島","city":"金門縣","area":"金湖鎮","market_address":"金湖鎮黃海路90-5號","user":"黃秀雲","行業代號":null,"market_name":"金湖鎮公有零售市場","行業代號1":null,"名稱1":null,"行業代號2":null,"名稱2":null,"行業代號3":null,"名稱3":null,"category":"夜市/市場攤販","id":10014981,"pay_list":"","pay_tool":""},{"index":48,"shop":"金湖鎮公有零售市場-禽肉類攤","zone":"金馬離島","city":"金門縣","area":"金湖鎮","market_address":"金湖鎮黃海路90-5號","user":"許亞真","行業代號":null,"market_name":"金湖鎮公有零售市場","行業代號1":null,"名稱1":null,"行業代號2":null,"名稱2":null,"行業代號3":null,"名稱3":null,"category":"夜市/市場攤販","id":10014992,"pay_list":"","pay_tool":""},{"index":49,"shop":"金湖鎮公有零售市場-禽肉類攤","zone":"金馬離島","city":"金門縣","area":"金湖鎮","market_address":"金湖鎮黃海路90-5號","user":"田玉蓮","行業代號":null,"market_name":"金湖鎮公有零售市場","行業代號1":null,"名稱1":null,"行業代號2":null,"名稱2":null,"行業代號3":null,"名稱3":null,"category":"夜市/市場攤販","id":10015003,"pay_list":"","pay_tool":""},{"index":50,"shop":"金湖鎮公有零售市場-禽肉類攤","zone":"金馬離島","city":"金門縣","area":"金湖鎮","market_address":"金湖鎮黃海路90-5號","user":"陳宗雨","行業代號":null,"market_name":"金湖鎮公有零售市場","行業代號1":null,"名稱1":null,"行業代號2":null,"名稱2":null,"行業代號3":null,"名稱3":null,"category":"夜市/市場攤販","id":10015014,"pay_list":"","pay_tool":""},{"index":51,"shop":"金湖鎮公有零售市場-禽肉類攤","zone":"金馬離島","city":"金門縣","area":"金湖鎮","market_address":"金湖鎮黃海路90-5號","user":"曾金珠","行業代號":null,"market_name":"金湖鎮公有零售市場","行業代號1":null,"名稱1":null,"行業代號2":null,"名稱2":null,"行業代號3":null,"名稱3":null,"category":"夜市/市場攤販","id":10015025,"pay_list":"","pay_tool":""},{"index":52,"shop":"金湖鎮公有零售市場-禽肉類攤","zone":"金馬離島","city":"金門縣","area":"金湖鎮","market_address":"金湖鎮黃海路90-5號","user":"周茶梅","行業代號":null,"market_name":"金湖鎮公有零售市場","行業代號1":null,"名稱1":null,"行業代號2":null,"名稱2":null,"行業代號3":null,"名稱3":null,"category":"夜市/市場攤販","id":10015036,"pay_list":"","pay_tool":""},{"index":53,"shop":"金湖鎮公有零售市場-禽肉類攤","zone":"金馬離島","city":"金門縣","area":"金湖鎮","market_address":"金湖鎮黃海路90-5號","user":"蔡天在","行業代號":null,"market_name":"金湖鎮公有零售市場","行業代號1":null,"名稱1":null,"行業代號2":null,"名稱2":null,"行業代號3":null,"名稱3":null,"category":"夜市/市場攤販","id":10015048,"pay_list":"","pay_tool":""},{"index":54,"shop":"金湖鎮公有零售市場-禽肉類攤","zone":"金馬離島","city":"金門縣","area":"金湖鎮","market_address":"金湖鎮黃海路90-5號","user":"李美真","行業代號":null,"market_name":"金湖鎮公有零售市場","行業代號1":null,"名稱1":null,"行業代號2":null,"名稱2":null,"行業代號3":null,"名稱3":null,"category":"夜市/市場攤販","id":10015059,"pay_list":"","pay_tool":""},{"index":55,"shop":"金湖鎮公有零售市場-禽肉類攤","zone":"金馬離島","city":"金門縣","area":"金湖鎮","market_address":"金湖鎮黃海路90-5號","user":"莊玉羨","行業代號":null,"market_name":"金湖鎮公有零售市場","行業代號1":null,"名稱1":null,"行業代號2":null,"名稱2":null,"行業代號3":null,"名稱3":null,"category":"夜市/市場攤販","id":10015070,"pay_list":"","pay_tool":""},{"index":56,"shop":"金湖鎮公有零售市場-禽肉類攤","zone":"金馬離島","city":"金門縣","area":"金湖鎮","market_address":"金湖鎮黃海路90-5號","user":"洪寶貝","行業代號":null,"market_name":"金湖鎮公有零售市場","行業代號1":null,"名稱1":null,"行業代號2":null,"名稱2":null,"行業代號3":null,"名稱3":null,"category":"夜市/市場攤販","id":10015081,"pay_list":"","pay_tool":""},{"index":57,"shop":"金湖鎮公有零售市場-禽肉類攤","zone":"金馬離島","city":"金門縣","area":"金湖鎮","market_address":"金湖鎮黃海路90-5號","user":"李靈","行業代號":null,"market_name":"金湖鎮公有零售市場","行業代號1":null,"名稱1":null,"行業代號2":null,"名稱2":null,"行業代號3":null,"名稱3":null,"category":"夜市/市場攤販","id":10015092,"pay_list":"","pay_tool":""},{"index":58,"shop":"金湖鎮公有零售市場-海豐海產行","zone":"金馬離島","city":"金門縣","area":"金湖鎮","market_address":"金湖鎮黃海路90-5號","user":"蔡依婷","行業代號":null,"market_name":"金湖鎮公有零售市場","行業代號1":null,"名稱1":null,"行業代號2":null,"名稱2":null,"行業代號3":null,"名稱3":null,"category":"夜市/市場攤販","id":10015103,"pay_list":"","pay_tool":""},{"index":59,"shop":"金湖鎮公有零售市場-沛豐海產行","zone":"金馬離島","city":"金門縣","area":"金湖鎮","market_address":"金湖鎮黃海路90-5號","user":"蔡慧芳","行業代號":null,"market_name":"金湖鎮公有零售市場","行業代號1":null,"名稱1":null,"行業代號2":null,"名稱2":null,"行業代號3":null,"名稱3":null,"category":"夜市/市場攤販","id":10015114,"pay_list":"","pay_tool":""},{"index":60,"shop":"金湖鎮公有零售市場-禽肉類攤","zone":"金馬離島","city":"金門縣","area":"金湖鎮","market_address":"金湖鎮黃海路90-5號","user":"李火明","行業代號":null,"market_name":"金湖鎮公有零售市場","行業代號1":null,"名稱1":null,"行業代號2":null,"名稱2":null,"行業代號3":null,"名稱3":null,"category":"夜市/市場攤販","id":10015125,"pay_list":"","pay_tool":""},{"index":61,"shop":"金湖鎮公有零售市場-全真商行","zone":"金馬離島","city":"金門縣","area":"金湖鎮","market_address":"金湖鎮黃海路90-5號","user":"蔡穎真","行業代號":null,"market_name":"金湖鎮公有零售市場","行業代號1":null,"名稱1":null,"行業代號2":null,"名稱2":null,"行業代號3":null,"名稱3":null,"category":"夜市/市場攤販","id":10015136,"pay_list":"","pay_tool":""},{"index":62,"shop":"金湖鎮公有零售市場-禽肉類攤","zone":"金馬離島","city":"金門縣","area":"金湖鎮","market_address":"金湖鎮黃海路90-5號","user":"陳海成","行業代號":null,"market_name":"金湖鎮公有零售市場","行業代號1":null,"名稱1":null,"行業代號2":null,"名稱2":null,"行業代號3":null,"名稱3":null,"category":"夜市/市場攤販","id":10015147,"pay_list":"","pay_tool":""},{"index":63,"shop":"金湖鎮公有零售市場-禽肉類攤","zone":"金馬離島","city":"金門縣","area":"金湖鎮","market_address":"金湖鎮黃海路90-5號","user":"許秀吟","行業代號":null,"market_name":"金湖鎮公有零售市場","行業代號1":null,"名稱1":null,"行業代號2":null,"名稱2":null,"行業代號3":null,"名稱3":null,"category":"夜市/市場攤販","id":10015159,"pay_list":"","pay_tool":""},{"index":64,"shop":"金湖鎮公有零售市場-美寶","zone":"金馬離島","city":"金門縣","area":"金湖鎮","market_address":"金湖鎮黃海路90-5號","user":"王素娟","行業代號":null,"market_name":"金湖鎮公有零售市場","行業代號1":null,"名稱1":null,"行業代號2":null,"名稱2":null,"行業代號3":null,"名稱3":null,"category":"夜市/市場攤販","id":10015170,"pay_list":"","pay_tool":""},{"index":65,"shop":"金湖鎮公有零售市場-金聯興商店","zone":"金馬離島","city":"金門縣","area":"金湖鎮","market_address":"金湖鎮黃海路90-5號","user":"陳美華","行業代號":null,"market_name":"金湖鎮公有零售市場","行業代號1":null,"名稱1":null,"行業代號2":null,"名稱2":null,"行業代號3":null,"名稱3":null,"category":"夜市/市場攤販","id":10015181,"pay_list":"","pay_tool":""},{"index":66,"shop":"金湖鎮公有零售市場-利全商行","zone":"金馬離島","city":"金門縣","area":"金湖鎮","market_address":"金湖鎮黃海路90-5號","user":"王金菊","行業代號":null,"market_name":"金湖鎮公有零售市場","行業代號1":null,"名稱1":null,"行業代號2":null,"名稱2":null,"行業代號3":null,"名稱3":null,"category":"夜市/市場攤販","id":10015192,"pay_list":"","pay_tool":""},{"index":67,"shop":"金湖鎮公有零售市場-新佳興商行","zone":"金馬離島","city":"金門縣","area":"金湖鎮","market_address":"金湖鎮黃海路90-5號","user":"張元欣","行業代號":null,"market_name":"金湖鎮公有零售市場","行業代號1":null,"名稱1":null,"行業代號2":null,"名稱2":null,"行業代號3":null,"名稱3":null,"category":"夜市/市場攤販","id":10015203,"pay_list":"","pay_tool":""},{"index":68,"shop":"金湖鎮公有零售市場-添發雜貨商店","zone":"金馬離島","city":"金門縣","area":"金湖鎮","market_address":"金湖鎮黃海路90-5號","user":"蔡宛謨","行業代號":null,"market_name":"金湖鎮公有零售市場","行業代號1":null,"名稱1":null,"行業代號2":null,"名稱2":null,"行業代號3":null,"名稱3":null,"category":"夜市/市場攤販","id":10015214,"pay_list":"","pay_tool":""},{"index":69,"shop":"金湖鎮公有零售市場-英秀商行","zone":"金馬離島","city":"金門縣","area":"金湖鎮","market_address":"金湖鎮黃海路90-5號","user":"吳秀英","行業代號":null,"market_name":"金湖鎮公有零售市場","行業代號1":null,"名稱1":null,"行業代號2":null,"名稱2":null,"行業代號3":null,"名稱3":null,"category":"夜市/市場攤販","id":10015225,"pay_list":"","pay_tool":""},{"index":70,"shop":"金湖鎮公有零售市場-貞治商行","zone":"金馬離島","city":"金門縣","area":"金湖鎮","market_address":"金湖鎮黃海路90-5號","user":"陳滿治","行業代號":null,"market_name":"金湖鎮公有零售市場","行業代號1":null,"名稱1":null,"行業代號2":null,"名稱2":null,"行業代號3":null,"名稱3":null,"category":"夜市/市場攤販","id":10015236,"pay_list":"","pay_tool":""},{"index":71,"shop":"金湖鎮公有零售市場-倉儲攤","zone":"金馬離島","city":"金門縣","area":"金湖鎮","market_address":"金湖鎮黃海路90-5號","user":"陳甘","行業代號":null,"market_name":"金湖鎮公有零售市場","行業代號1":null,"名稱1":null,"行業代號2":null,"名稱2":null,"行業代號3":null,"名稱3":null,"category":"夜市/市場攤販","id":10015247,"pay_list":"","pay_tool":""},{"index":72,"shop":"金湖鎮公有零售市場-新慶春商店","zone":"金馬離島","city":"金門縣","area":"金湖鎮","market_address":"金湖鎮黃海路90-5號","user":"李運玉","行業代號":null,"market_name":"金湖鎮公有零售市場","行業代號1":null,"名稱1":null,"行業代號2":null,"名稱2":null,"行業代號3":null,"名稱3":null,"category":"夜市/市場攤販","id":10015258,"pay_list":"","pay_tool":""},{"index":73,"shop":"金湖鎮公有零售市場-金聯興商店","zone":"金馬離島","city":"金門縣","area":"金湖鎮","market_address":"金湖鎮黃海路90-5號","user":"陳美華","行業代號":null,"market_name":"金湖鎮公有零售市場","行業代號1":null,"名稱1":null,"行業代號2":null,"名稱2":null,"行業代號3":null,"名稱3":null,"category":"夜市/市場攤販","id":10015271,"pay_list":"","pay_tool":""},{"index":74,"shop":"金湖鎮公有零售市場-倉儲攤","zone":"金馬離島","city":"金門縣","area":"金湖鎮","market_address":"金湖鎮黃海路90-5號","user":"陳海成","行業代號":null,"market_name":"金湖鎮公有零售市場","行業代號1":null,"名稱1":null,"行業代號2":null,"名稱2":null,"行業代號3":null,"名稱3":null,"category":"夜市/市場攤販","id":10015282,"pay_list":"","pay_tool":""},{"index":75,"shop":"金湖鎮公有零售市場-仁發商行","zone":"金馬離島","city":"金門縣","area":"金湖鎮","market_address":"金湖鎮黃海路90-5號","user":"蔡鎮陽","行業代號":null,"market_name":"金湖鎮公有零售市場","行業代號1":null,"名稱1":null,"行業代號2":null,"名稱2":null,"行業代號3":null,"名稱3":null,"category":"夜市/市場攤販","id":10015293,"pay_list":"","pay_tool":""},{"index":76,"shop":"金湖鎮公有零售市場-倉儲攤","zone":"金馬離島","city":"金門縣","area":"金湖鎮","market_address":"金湖鎮黃海路90-5號","user":"李麗珍","行業代號":null,"market_name":"金湖鎮公有零售市場","行業代號1":null,"名稱1":null,"行業代號2":null,"名稱2":null,"行業代號3":null,"名稱3":null,"category":"夜市/市場攤販","id":10015304,"pay_list":"","pay_tool":""},{"index":77,"shop":"金湖鎮公有零售市場-國泰商行","zone":"金馬離島","city":"金門縣","area":"金湖鎮","market_address":"金湖鎮黃海路90-5號","user":"莊秀麗","行業代號":null,"market_name":"金湖鎮公有零售市場","行業代號1":null,"名稱1":null,"行業代號2":null,"名稱2":null,"行業代號3":null,"名稱3":null,"category":"夜市/市場攤販","id":10015315,"pay_list":"","pay_tool":""},{"index":78,"shop":"金湖鎮公有零售市場-倉儲攤","zone":"金馬離島","city":"金門縣","area":"金湖鎮","market_address":"金湖鎮黃海路90-5號","user":"陳宗鴻","行業代號":null,"market_name":"金湖鎮公有零售市場","行業代號1":null,"名稱1":null,"行業代號2":null,"名稱2":null,"行業代號3":null,"名稱3":null,"category":"夜市/市場攤販","id":10015326,"pay_list":"","pay_tool":""},{"index":79,"shop":"金湖鎮公有零售市場-海豐海產行","zone":"金馬離島","city":"金門縣","area":"金湖鎮","market_address":"金湖鎮黃海路90-5號","user":"林玉珍","行業代號":null,"market_name":"金湖鎮公有零售市場","行業代號1":null,"名稱1":null,"行業代號2":null,"名稱2":null,"行業代號3":null,"名稱3":null,"category":"夜市/市場攤販","id":10015337,"pay_list":"","pay_tool":""},{"index":80,"shop":"金湖鎮公有零售市場-弘發水果行","zone":"金馬離島","city":"金門縣","area":"金湖鎮","market_address":"金湖鎮黃海路90-5號","user":"莊羨治","行業代號":null,"market_name":"金湖鎮公有零售市場","行業代號1":null,"名稱1":null,"行業代號2":null,"名稱2":null,"行業代號3":null,"名稱3":null,"category":"夜市/市場攤販","id":10015348,"pay_list":"","pay_tool":""},{"index":81,"shop":"金湖鎮公有零售市場-愛源商行","zone":"金馬離島","city":"金門縣","area":"金湖鎮","market_address":"金湖鎮黃海路90-5號","user":"呂美麗","行業代號":null,"market_name":"金湖鎮公有零售市場","行業代號1":null,"名稱1":null,"行業代號2":null,"名稱2":null,"行業代號3":null,"名稱3":null,"category":"夜市/市場攤販","id":10015359,"pay_list":"","pay_tool":""},{"index":82,"shop":"金湖鎮公有零售市場-倉儲攤","zone":"金馬離島","city":"金門縣","area":"金湖鎮","market_address":"金湖鎮黃海路90-5號","user":"翁天仁","行業代號":null,"market_name":"金湖鎮公有零售市場","行業代號1":null,"名稱1":null,"行業代號2":null,"名稱2":null,"行業代號3":null,"名稱3":null,"category":"夜市/市場攤販","id":10015370,"pay_list":"","pay_tool":""},{"index":83,"shop":"金湖鎮公有零售市場-新盛美商店","zone":"金馬離島","city":"金門縣","area":"金湖鎮","market_address":"金湖鎮黃海路90-5號","user":"陳翠菊","行業代號":null,"market_name":"金湖鎮公有零售市場","行業代號1":null,"名稱1":null,"行業代號2":null,"名稱2":null,"行業代號3":null,"名稱3":null,"category":"夜市/市場攤販","id":10015382,"pay_list":"","pay_tool":""},{"index":84,"shop":"鮮豆圓冷飲店","zone":"金馬離島","city":"金門縣","area":"金湖鎮","market_address":"金門縣金湖鎮新市里中正路５９號","user":"林素華","行業代號":"563200","market_name":["調理飲料攤販"],"行業代號1":"","名稱1":"","行業代號2":"","名稱2":"","行業代號3":"","名稱3":"","category":["夜市/市場攤販"],"id":60060803,"pay_list":null,"pay_tool":null},{"index":85,"shop":"骨掌食品行","zone":"金馬離島","city":"金門縣","area":"金湖鎮","market_address":"金門縣金湖鎮正義里尚義１５―１號","user":"王紹欣","行業代號":"561200","market_name":["餐食攤販"],"行業代號1":"","名稱1":"","行業代號2":"","名稱2":"","行業代號3":"","名稱3":"","category":["夜市/市場攤販"],"id":60086459,"pay_list":null,"pay_tool":null}]