[{"index":1,"id":20004969,"user":"沈毓倫","shop":"好茶園手工精緻茶飲","category":["夜市/市場攤販","餐飲"],"zone":"高屏","city":"高雄市","area":"楠梓區","market_name":["冰果店、冷（熱）飲店","調理飲料攤販"],"market_address":"高雄市楠梓區翠屏里德民路３５６巷３０之３號","pay_list":"","pay_tool":"","行業代號":null,"行業代號1":null,"名稱1":null,"行業代號2":null,"名稱2":null,"行業代號3":null,"名稱3":null},{"index":2,"id":20010231,"user":"黃素惠","shop":"上好吃羊肉??","category":["夜市/市場攤販"],"zone":"高屏","city":"高雄市","area":"楠梓區","market_name":["餐食攤販"],"market_address":"高雄市楠梓區東寧里旗楠路１０８號","pay_list":"","pay_tool":"","行業代號":null,"行業代號1":null,"名稱1":null,"行業代號2":null,"名稱2":null,"行業代號3":null,"名稱3":null},{"index":3,"id":20010242,"user":"王惠珠","shop":"田園泡沫紅茶","category":["夜市/市場攤販"],"zone":"高屏","city":"高雄市","area":"楠梓區","market_name":["餐食攤販"],"market_address":"高雄市楠梓區惠楠里楠梓新路２６１巷１４號","pay_list":"","pay_tool":"","行業代號":null,"行業代號1":null,"名稱1":null,"行業代號2":null,"名稱2":null,"行業代號3":null,"名稱3":null},{"index":4,"id":20010884,"user":"莊玉秀","shop":"莊玉秀","category":["夜市/市場攤販"],"zone":"高屏","city":"高雄市","area":"楠梓區","market_name":["餐食攤販"],"market_address":"高雄市楠梓區享平里楠梓第－公有市場新字第２８號","pay_list":"","pay_tool":"","行業代號":null,"行業代號1":null,"名稱1":null,"行業代號2":null,"名稱2":null,"行業代號3":null,"名稱3":null},{"index":5,"id":20011118,"user":"董林市","shop":"山東早點","category":["夜市/市場攤販"],"zone":"高屏","city":"高雄市","area":"楠梓區","market_name":["餐食攤販"],"market_address":"高雄市楠梓區東寧里楠梓新路３３３號","pay_list":"","pay_tool":"","行業代號":null,"行業代號1":null,"名稱1":null,"行業代號2":null,"名稱2":null,"行業代號3":null,"名稱3":null},{"index":6,"id":20011443,"user":"劉紹喡","shop":"富圓池上飯包","category":["夜市/市場攤販"],"zone":"高屏","city":"高雄市","area":"楠梓區","market_name":["餐食攤販"],"market_address":"高雄市楠梓區清豐里旗楠路７６８號","pay_list":"","pay_tool":"","行業代號":null,"行業代號1":null,"名稱1":null,"行業代號2":null,"名稱2":null,"行業代號3":null,"名稱3":null},{"index":7,"id":20012594,"user":"洪秀菊","shop":"屏東肉圓","category":["夜市/市場攤販"],"zone":"高屏","city":"高雄市","area":"楠梓區","market_name":["餐食攤販"],"market_address":"高雄市楠梓區享平里楠梓路６０號","pay_list":"","pay_tool":"","行業代號":null,"行業代號1":null,"名稱1":null,"行業代號2":null,"名稱2":null,"行業代號3":null,"名稱3":null},{"index":8,"id":20012617,"user":"曾美鈞","shop":"觀音亭泡沫紅茶","category":["夜市/市場攤販"],"zone":"高屏","city":"高雄市","area":"楠梓區","market_name":["餐食攤販"],"market_address":"高雄市楠梓區五常里興楠路２７１號","pay_list":"","pay_tool":"","行業代號":null,"行業代號1":null,"名稱1":null,"行業代號2":null,"名稱2":null,"行業代號3":null,"名稱3":null},{"index":9,"id":20012648,"user":"陳秀美","shop":"緣素食麵攤","category":["夜市/市場攤販"],"zone":"高屏","city":"高雄市","area":"楠梓區","market_name":["餐食攤販"],"market_address":"高雄市楠梓區和昌里和光街１７３巷口","pay_list":"","pay_tool":"","行業代號":null,"行業代號1":null,"名稱1":null,"行業代號2":null,"名稱2":null,"行業代號3":null,"名稱3":null},{"index":10,"id":20016586,"user":"林昇勳","shop":"冰心茶王創新店","category":["夜市/市場攤販"],"zone":"高屏","city":"高雄市","area":"楠梓區","market_name":["調理飲料攤販"],"market_address":"高雄市楠梓區清豐里創新路２０號","pay_list":"","pay_tool":"","行業代號":null,"行業代號1":null,"名稱1":null,"行業代號2":null,"名稱2":null,"行業代號3":null,"名稱3":null},{"index":11,"id":20016667,"user":"蔡震龍","shop":"夜上海小吃部","category":["夜市/市場攤販"],"zone":"高屏","city":"高雄市","area":"楠梓區","market_name":["餐食攤販","視唱中心（ＫＴＶ）"],"market_address":"高雄市楠梓區裕昌里後昌路１２４２號旁","pay_list":["LINE PAY MONEY"],"pay_tool":["行動支付"],"行業代號":null,"行業代號1":null,"名稱1":null,"行業代號2":null,"名稱2":null,"行業代號3":null,"名稱3":null},{"index":12,"id":20016744,"user":"高平章","shop":"清清燒餅店","category":["夜市/市場攤販"],"zone":"高屏","city":"高雄市","area":"楠梓區","market_name":["餐食攤販"],"market_address":"高雄市楠梓區和昌里和光街１０７號","pay_list":"","pay_tool":"","行業代號":null,"行業代號1":null,"名稱1":null,"行業代號2":null,"名稱2":null,"行業代號3":null,"名稱3":null},{"index":13,"id":20016772,"user":"蔡宜津","shop":"古早味紅茶店","category":["夜市/市場攤販"],"zone":"高屏","city":"高雄市","area":"楠梓區","market_name":["調理飲料攤販"],"market_address":"高雄市楠梓區仁昌里惠民路２８８號騎樓","pay_list":"","pay_tool":"","行業代號":null,"行業代號1":null,"名稱1":null,"行業代號2":null,"名稱2":null,"行業代號3":null,"名稱3":null},{"index":14,"id":20016823,"user":"謝有燕","shop":"鮮薏緣","category":["夜市/市場攤販"],"zone":"高屏","city":"高雄市","area":"楠梓區","market_name":["調理飲料攤販"],"market_address":"高雄市楠梓區藍田里藍昌路３９２號１樓","pay_list":"","pay_tool":"","行業代號":null,"行業代號1":null,"名稱1":null,"行業代號2":null,"名稱2":null,"行業代號3":null,"名稱3":null},{"index":15,"id":20016829,"user":"林秀華","shop":"林秀華","category":["夜市/市場攤販"],"zone":"高屏","city":"高雄市","area":"楠梓區","market_name":["餐食攤販"],"market_address":"高雄市楠梓區第一公有零售市場新字第１６號飲食類攤舖位","pay_list":"","pay_tool":"","行業代號":null,"行業代號1":null,"名稱1":null,"行業代號2":null,"名稱2":null,"行業代號3":null,"名稱3":null},{"index":16,"id":20016830,"user":"陳志全","shop":"陳志全","category":["夜市/市場攤販"],"zone":"高屏","city":"高雄市","area":"楠梓區","market_name":["餐食攤販"],"market_address":"高雄市楠梓區楠梓第一公有零售市場新字第３１號飲食類攤舖位","pay_list":"","pay_tool":"","行業代號":null,"行業代號1":null,"名稱1":null,"行業代號2":null,"名稱2":null,"行業代號3":null,"名稱3":null},{"index":17,"id":20023893,"user":"許見洲","shop":"亞舍紅茶冰","category":["夜市/市場攤販"],"zone":"高屏","city":"高雄市","area":"楠梓區","market_name":["調理飲料攤販"],"market_address":"高雄市楠梓區建昌里右昌街１９６號","pay_list":"","pay_tool":"","行業代號":null,"行業代號1":null,"名稱1":null,"行業代號2":null,"名稱2":null,"行業代號3":null,"名稱3":null},{"index":18,"id":20029812,"user":"許清月","shop":"清月麵攤","category":["夜市/市場攤販"],"zone":"高屏","city":"高雄市","area":"楠梓區","market_name":["餐食攤販"],"market_address":"高雄市楠梓區清福寺內近土庫五路","pay_list":"","pay_tool":"","行業代號":null,"行業代號1":null,"名稱1":null,"行業代號2":null,"名稱2":null,"行業代號3":null,"名稱3":null},{"index":19,"id":20029940,"user":"吳麗鳳","shop":"好事達鹽酥雞","category":["夜市/市場攤販"],"zone":"高屏","city":"高雄市","area":"楠梓區","market_name":["餐食攤販"],"market_address":"高雄市楠梓區右昌街５７５－１號","pay_list":"","pay_tool":"","行業代號":null,"行業代號1":null,"名稱1":null,"行業代號2":null,"名稱2":null,"行業代號3":null,"名稱3":null},{"index":20,"id":20040092,"user":"蔡怡苓","shop":"鬆餅格格鬆餅舖（楠梓總店）","category":["夜市/市場攤販"],"zone":"高屏","city":"高雄市","area":"楠梓區","market_name":["餐食攤販"],"market_address":"高雄市楠梓區翠屏里德祥路１９６號騎樓","pay_list":"","pay_tool":"","行業代號":null,"行業代號1":null,"名稱1":null,"行業代號2":null,"名稱2":null,"行業代號3":null,"名稱3":null},{"index":21,"id":20040546,"user":"葉雅秀","shop":"正好吃松鹽酥雞","category":["夜市/市場攤販"],"zone":"高屏","city":"高雄市","area":"楠梓區","market_name":["餐食攤販"],"market_address":"高雄市楠梓區翠屏里德祥路１４８號１樓","pay_list":["LINE PAY MONEY"],"pay_tool":["行動支付"],"行業代號":null,"行業代號1":null,"名稱1":null,"行業代號2":null,"名稱2":null,"行業代號3":null,"名稱3":null},{"index":22,"id":20040607,"user":"王俊斌","shop":"貓頭鷹鬆餅店","category":["夜市/市場攤販"],"zone":"高屏","city":"高雄市","area":"楠梓區","market_name":["餐食攤販"],"market_address":"高雄市楠梓區瑞屏里瑞仁路４８號","pay_list":"","pay_tool":"","行業代號":null,"行業代號1":null,"名稱1":null,"行業代號2":null,"名稱2":null,"行業代號3":null,"名稱3":null},{"index":23,"id":20040774,"user":"黃金瓘","shop":"騰之雞排專門店","category":["夜市/市場攤販"],"zone":"高屏","city":"高雄市","area":"楠梓區","market_name":["餐食攤販"],"market_address":"高雄市楠梓區宏昌里後昌新路４９號","pay_list":"","pay_tool":"","行業代號":null,"行業代號1":null,"名稱1":null,"行業代號2":null,"名稱2":null,"行業代號3":null,"名稱3":null},{"index":24,"id":20046007,"user":"壽宇凡","shop":"壽宇凡","category":["夜市/市場攤販"],"zone":"高屏","city":"高雄市","area":"楠梓區","market_name":["餐食攤販"],"market_address":"高雄市楠梓區加昌路與後昌路口（後勁夜市）","pay_list":"","pay_tool":"","行業代號":null,"行業代號1":null,"名稱1":null,"行業代號2":null,"名稱2":null,"行業代號3":null,"名稱3":null},{"index":25,"id":20046008,"user":"王順炫","shop":"王哥烤肉","category":["夜市/市場攤販"],"zone":"高屏","city":"高雄市","area":"楠梓區","market_name":["餐食攤販"],"market_address":"高雄市楠梓區加昌路與後昌路口（後勁夜市）","pay_list":"","pay_tool":"","行業代號":null,"行業代號1":null,"名稱1":null,"行業代號2":null,"名稱2":null,"行業代號3":null,"名稱3":null},{"index":26,"id":20046015,"user":"林丁發","shop":"素食","category":["夜市/市場攤販"],"zone":"高屏","city":"高雄市","area":"楠梓區","market_name":["餐食攤販"],"market_address":"高雄市楠梓區加昌路後昌路口（後勁夜市）","pay_list":"","pay_tool":"","行業代號":null,"行業代號1":null,"名稱1":null,"行業代號2":null,"名稱2":null,"行業代號3":null,"名稱3":null},{"index":27,"id":20046020,"user":"黃清雪","shop":"天品素食","category":["夜市/市場攤販"],"zone":"高屏","city":"高雄市","area":"楠梓區","market_name":["餐食攤販"],"market_address":"高雄市楠梓區加昌路與後昌路口（後勁夜市）","pay_list":"","pay_tool":"","行業代號":null,"行業代號1":null,"名稱1":null,"行業代號2":null,"名稱2":null,"行業代號3":null,"名稱3":null},{"index":28,"id":20046021,"user":"詹應和","shop":"老牌臭臭鍋","category":["夜市/市場攤販"],"zone":"高屏","city":"高雄市","area":"楠梓區","market_name":["餐食攤販"],"market_address":"高雄市楠梓區加昌路與後昌路口（後勁夜市）","pay_list":"","pay_tool":"","行業代號":null,"行業代號1":null,"名稱1":null,"行業代號2":null,"名稱2":null,"行業代號3":null,"名稱3":null},{"index":29,"id":20046024,"user":"陳盟方","shop":"台灣真有味鹽酥雞","category":["夜市/市場攤販"],"zone":"高屏","city":"高雄市","area":"楠梓區","market_name":["餐食攤販"],"market_address":"高雄市楠梓區加昌路與後昌路口（後勁夜市）","pay_list":"","pay_tool":"","行業代號":null,"行業代號1":null,"名稱1":null,"行業代號2":null,"名稱2":null,"行業代號3":null,"名稱3":null},{"index":30,"id":20046032,"user":"邱士展","shop":"夜都市牛排","category":["夜市/市場攤販"],"zone":"高屏","city":"高雄市","area":"楠梓區","market_name":["餐食攤販"],"market_address":"高雄市楠梓區加昌路與後昌路口（後勁夜市）","pay_list":"","pay_tool":"","行業代號":null,"行業代號1":null,"名稱1":null,"行業代號2":null,"名稱2":null,"行業代號3":null,"名稱3":null},{"index":31,"id":20050208,"user":"陳信宏","shop":"宏記滷味","category":["夜市/市場攤販"],"zone":"高屏","city":"高雄市","area":"楠梓區","market_name":["餐食攤販"],"market_address":"高雄市楠梓區錦屏里後昌路８３號","pay_list":"","pay_tool":"","行業代號":null,"行業代號1":null,"名稱1":null,"行業代號2":null,"名稱2":null,"行業代號3":null,"名稱3":null},{"index":32,"id":20050296,"user":"曾文明","shop":"曾記炸蛋蔥油餅","category":["夜市/市場攤販"],"zone":"高屏","city":"高雄市","area":"楠梓區","market_name":["餐食攤販"],"market_address":"高雄市楠梓區德賢路１７０－３號（騎樓）","pay_list":"","pay_tool":"","行業代號":null,"行業代號1":null,"名稱1":null,"行業代號2":null,"名稱2":null,"行業代號3":null,"名稱3":null},{"index":33,"id":20062584,"user":"蔡豐文","shop":"吉興小吃","category":["夜市/市場攤販"],"zone":"高屏","city":"高雄市","area":"楠梓區","market_name":["調理飲料攤販"],"market_address":"高雄市楠梓區裕昌里後昌路１２８２號（旁）","pay_list":"","pay_tool":"","行業代號":null,"行業代號1":null,"名稱1":null,"行業代號2":null,"名稱2":null,"行業代號3":null,"名稱3":null},{"index":34,"id":60035242,"user":"歐字庸","shop":"歐弟滷味","category":["夜市/市場攤販"],"zone":"高屏","city":"高雄市","area":"楠梓區","market_name":["餐食攤販"],"market_address":"高雄市楠梓區瑞屏里加昌路２９４號１樓","pay_list":null,"pay_tool":null,"行業代號":"561200","行業代號1":"","名稱1":"","行業代號2":"","名稱2":"","行業代號3":"","名稱3":""},{"index":35,"id":60035296,"user":"賴吉祥","shop":"肉包祥饅頭","category":["夜市/市場攤販"],"zone":"高屏","city":"高雄市","area":"楠梓區","market_name":["餐食攤販"],"market_address":"高雄市楠梓區惠楠里建楠路１９４號","pay_list":null,"pay_tool":null,"行業代號":"561200","行業代號1":"","名稱1":"","行業代號2":"","名稱2":"","行業代號3":"","名稱3":""},{"index":36,"id":60045313,"user":"林義興","shop":"佳香北平烤鴨店","category":["夜市/市場攤販"],"zone":"高屏","city":"高雄市","area":"楠梓區","market_name":["餐食攤販"],"market_address":"高雄市楠梓區翠屏里德孝街１６號３樓","pay_list":null,"pay_tool":null,"行業代號":"561200","行業代號1":"","名稱1":"","行業代號2":"","名稱2":"","行業代號3":"","名稱3":""},{"index":37,"id":60065270,"user":"沈瑞漢","shop":"維克異國企業社","category":["夜市/市場攤販"],"zone":"高屏","city":"高雄市","area":"楠梓區","market_name":["餐食攤販"],"market_address":"高雄市楠梓區秀昌里後昌路８８６巷４１號３樓","pay_list":null,"pay_tool":null,"行業代號":"561200","行業代號1":"","名稱1":"","行業代號2":"","名稱2":"","行業代號3":"","名稱3":""},{"index":38,"id":60081556,"user":"何煒棠","shop":"德惠狂爆雞排","category":["夜市/市場攤販"],"zone":"高屏","city":"高雄市","area":"楠梓區","market_name":["餐食攤販"],"market_address":"高雄市楠梓區翠屏里德惠路７６號１樓","pay_list":null,"pay_tool":null,"行業代號":"561200","行業代號1":"","名稱1":"","行業代號2":"","名稱2":"","行業代號3":"","名稱3":""},{"index":39,"id":60102098,"user":"洪若語","shop":"東山沈鴨頭","category":["夜市/市場攤販"],"zone":"高屏","city":"高雄市","area":"楠梓區","market_name":["餐食攤販"],"market_address":"高雄市楠梓區翠屏里德賢路１４５―２號１樓","pay_list":null,"pay_tool":null,"行業代號":"561200","行業代號1":"","名稱1":"","行業代號2":"","名稱2":"","行業代號3":"","名稱3":""},{"index":40,"id":60120146,"user":"趙心河","shop":"河師傅窯烤工作坊","category":["夜市/市場攤販"],"zone":"高屏","city":"高雄市","area":"楠梓區","market_name":["餐食攤販"],"market_address":"高雄市楠梓區慶昌里後昌路６６２號","pay_list":null,"pay_tool":null,"行業代號":"561200","行業代號1":"","名稱1":"","行業代號2":"","名稱2":"","行業代號3":"","名稱3":""},{"index":41,"id":60122748,"user":"洪曉詩","shop":"曉食光商行","category":["夜市/市場攤販"],"zone":"高屏","city":"高雄市","area":"楠梓區","market_name":["餐食攤販"],"market_address":"高雄市楠梓區隆昌里後昌路８５９號２樓","pay_list":null,"pay_tool":null,"行業代號":"561200","行業代號1":"","名稱1":"","行業代號2":"","名稱2":"","行業代號3":"","名稱3":""}]