[{"index":1,"id":10030105,"user":"劉邦瑞","shop":"新林市場-A1","category":"夜市/市場攤販","zone":"雲嘉南","city":"嘉義縣","area":"大林鎮","market_name":"新林市場","market_address":"嘉義縣大林鎮潭底段潭底小段217地號","pay_list":"","pay_tool":"","行業代號":null,"行業代號1":null,"名稱1":null,"行業代號2":null,"名稱2":null,"行業代號3":null,"名稱3":null},{"index":2,"id":10030106,"user":"陳連欣","shop":"新林市場-A2","category":"夜市/市場攤販","zone":"雲嘉南","city":"嘉義縣","area":"大林鎮","market_name":"新林市場","market_address":"嘉義縣大林鎮潭底段潭底小段217地號","pay_list":"","pay_tool":"","行業代號":null,"行業代號1":null,"名稱1":null,"行業代號2":null,"名稱2":null,"行業代號3":null,"名稱3":null},{"index":3,"id":10030107,"user":"黃永欽","shop":"新林市場-A3","category":"夜市/市場攤販","zone":"雲嘉南","city":"嘉義縣","area":"大林鎮","market_name":"新林市場","market_address":"嘉義縣大林鎮潭底段潭底小段217地號","pay_list":"","pay_tool":"","行業代號":null,"行業代號1":null,"名稱1":null,"行業代號2":null,"名稱2":null,"行業代號3":null,"名稱3":null},{"index":4,"id":10030108,"user":"陳威任","shop":"新林市場-A4","category":"夜市/市場攤販","zone":"雲嘉南","city":"嘉義縣","area":"大林鎮","market_name":"新林市場","market_address":"嘉義縣大林鎮潭底段潭底小段217地號","pay_list":"","pay_tool":"","行業代號":null,"行業代號1":null,"名稱1":null,"行業代號2":null,"名稱2":null,"行業代號3":null,"名稱3":null},{"index":5,"id":10030109,"user":"林梅月","shop":"新林市場-A5","category":"夜市/市場攤販","zone":"雲嘉南","city":"嘉義縣","area":"大林鎮","market_name":"新林市場","market_address":"嘉義縣大林鎮潭底段潭底小段217地號","pay_list":"","pay_tool":"","行業代號":null,"行業代號1":null,"名稱1":null,"行業代號2":null,"名稱2":null,"行業代號3":null,"名稱3":null},{"index":6,"id":10030110,"user":"張慧芬","shop":"新林市場-A6","category":"夜市/市場攤販","zone":"雲嘉南","city":"嘉義縣","area":"大林鎮","market_name":"新林市場","market_address":"嘉義縣大林鎮潭底段潭底小段217地號","pay_list":"","pay_tool":"","行業代號":null,"行業代號1":null,"名稱1":null,"行業代號2":null,"名稱2":null,"行業代號3":null,"名稱3":null},{"index":7,"id":10030111,"user":"劉介河","shop":"新林市場-A7","category":"夜市/市場攤販","zone":"雲嘉南","city":"嘉義縣","area":"大林鎮","market_name":"新林市場","market_address":"嘉義縣大林鎮潭底段潭底小段217地號","pay_list":"","pay_tool":"","行業代號":null,"行業代號1":null,"名稱1":null,"行業代號2":null,"名稱2":null,"行業代號3":null,"名稱3":null},{"index":8,"id":10030112,"user":"王郭麗雪","shop":"新林市場-A9","category":"夜市/市場攤販","zone":"雲嘉南","city":"嘉義縣","area":"大林鎮","market_name":"新林市場","market_address":"嘉義縣大林鎮潭底段潭底小段217地號","pay_list":"","pay_tool":"","行業代號":null,"行業代號1":null,"名稱1":null,"行業代號2":null,"名稱2":null,"行業代號3":null,"名稱3":null},{"index":9,"id":10030113,"user":"林陳實","shop":"新林市場-A10","category":"夜市/市場攤販","zone":"雲嘉南","city":"嘉義縣","area":"大林鎮","market_name":"新林市場","market_address":"嘉義縣大林鎮潭底段潭底小段217地號","pay_list":"","pay_tool":"","行業代號":null,"行業代號1":null,"名稱1":null,"行業代號2":null,"名稱2":null,"行業代號3":null,"名稱3":null},{"index":10,"id":10030115,"user":"楊燕枝","shop":"新林市場-A11","category":"夜市/市場攤販","zone":"雲嘉南","city":"嘉義縣","area":"大林鎮","market_name":"新林市場","market_address":"嘉義縣大林鎮潭底段潭底小段217地號","pay_list":"","pay_tool":"","行業代號":null,"行業代號1":null,"名稱1":null,"行業代號2":null,"名稱2":null,"行業代號3":null,"名稱3":null},{"index":11,"id":10030116,"user":"紀素娥","shop":"新林市場-A12","category":"夜市/市場攤販","zone":"雲嘉南","city":"嘉義縣","area":"大林鎮","market_name":"新林市場","market_address":"嘉義縣大林鎮潭底段潭底小段217地號","pay_list":"","pay_tool":"","行業代號":null,"行業代號1":null,"名稱1":null,"行業代號2":null,"名稱2":null,"行業代號3":null,"名稱3":null},{"index":12,"id":10030117,"user":"江文雀","shop":"新林市場-A14","category":"夜市/市場攤販","zone":"雲嘉南","city":"嘉義縣","area":"大林鎮","market_name":"新林市場","market_address":"嘉義縣大林鎮潭底段潭底小段217地號","pay_list":"","pay_tool":"","行業代號":null,"行業代號1":null,"名稱1":null,"行業代號2":null,"名稱2":null,"行業代號3":null,"名稱3":null},{"index":13,"id":10030118,"user":"陳慧娟","shop":"新林市場-A15","category":"夜市/市場攤販","zone":"雲嘉南","city":"嘉義縣","area":"大林鎮","market_name":"新林市場","market_address":"嘉義縣大林鎮潭底段潭底小段217地號","pay_list":"","pay_tool":"","行業代號":null,"行業代號1":null,"名稱1":null,"行業代號2":null,"名稱2":null,"行業代號3":null,"名稱3":null},{"index":14,"id":10030119,"user":"張育寧","shop":"新林市場-A16","category":"夜市/市場攤販","zone":"雲嘉南","city":"嘉義縣","area":"大林鎮","market_name":"新林市場","market_address":"嘉義縣大林鎮潭底段潭底小段217地號","pay_list":"","pay_tool":"","行業代號":null,"行業代號1":null,"名稱1":null,"行業代號2":null,"名稱2":null,"行業代號3":null,"名稱3":null},{"index":15,"id":10030120,"user":"簡添枝","shop":"新林市場-A18","category":"夜市/市場攤販","zone":"雲嘉南","city":"嘉義縣","area":"大林鎮","market_name":"新林市場","market_address":"嘉義縣大林鎮潭底段潭底小段217地號","pay_list":"","pay_tool":"","行業代號":null,"行業代號1":null,"名稱1":null,"行業代號2":null,"名稱2":null,"行業代號3":null,"名稱3":null},{"index":16,"id":10030121,"user":"簡素華","shop":"新林市場-A19","category":"夜市/市場攤販","zone":"雲嘉南","city":"嘉義縣","area":"大林鎮","market_name":"新林市場","market_address":"嘉義縣大林鎮潭底段潭底小段217地號","pay_list":"","pay_tool":"","行業代號":null,"行業代號1":null,"名稱1":null,"行業代號2":null,"名稱2":null,"行業代號3":null,"名稱3":null},{"index":17,"id":10030122,"user":"林延修","shop":"新林市場-A20","category":"夜市/市場攤販","zone":"雲嘉南","city":"嘉義縣","area":"大林鎮","market_name":"新林市場","market_address":"嘉義縣大林鎮潭底段潭底小段217地號","pay_list":"","pay_tool":"","行業代號":null,"行業代號1":null,"名稱1":null,"行業代號2":null,"名稱2":null,"行業代號3":null,"名稱3":null},{"index":18,"id":10030123,"user":"邱江淑娥","shop":"新林市場-A21","category":"夜市/市場攤販","zone":"雲嘉南","city":"嘉義縣","area":"大林鎮","market_name":"新林市場","market_address":"嘉義縣大林鎮潭底段潭底小段217地號","pay_list":"","pay_tool":"","行業代號":null,"行業代號1":null,"名稱1":null,"行業代號2":null,"名稱2":null,"行業代號3":null,"名稱3":null},{"index":19,"id":10030124,"user":"林聰耀","shop":"新林市場-A22","category":"夜市/市場攤販","zone":"雲嘉南","city":"嘉義縣","area":"大林鎮","market_name":"新林市場","market_address":"嘉義縣大林鎮潭底段潭底小段217地號","pay_list":"","pay_tool":"","行業代號":null,"行業代號1":null,"名稱1":null,"行業代號2":null,"名稱2":null,"行業代號3":null,"名稱3":null},{"index":20,"id":10030126,"user":"張賢榮","shop":"新林市場-A23","category":"夜市/市場攤販","zone":"雲嘉南","city":"嘉義縣","area":"大林鎮","market_name":"新林市場","market_address":"嘉義縣大林鎮潭底段潭底小段217地號","pay_list":"","pay_tool":"","行業代號":null,"行業代號1":null,"名稱1":null,"行業代號2":null,"名稱2":null,"行業代號3":null,"名稱3":null},{"index":21,"id":10030127,"user":"張瑩川","shop":"新林市場-A24","category":"夜市/市場攤販","zone":"雲嘉南","city":"嘉義縣","area":"大林鎮","market_name":"新林市場","market_address":"嘉義縣大林鎮潭底段潭底小段217地號","pay_list":"","pay_tool":"","行業代號":null,"行業代號1":null,"名稱1":null,"行業代號2":null,"名稱2":null,"行業代號3":null,"名稱3":null},{"index":22,"id":10030128,"user":"李黃有","shop":"新林市場-A25","category":"夜市/市場攤販","zone":"雲嘉南","city":"嘉義縣","area":"大林鎮","market_name":"新林市場","market_address":"嘉義縣大林鎮潭底段潭底小段217地號","pay_list":"","pay_tool":"","行業代號":null,"行業代號1":null,"名稱1":null,"行業代號2":null,"名稱2":null,"行業代號3":null,"名稱3":null},{"index":23,"id":10030129,"user":"蔡瑞仙","shop":"新林市場-A26","category":"夜市/市場攤販","zone":"雲嘉南","city":"嘉義縣","area":"大林鎮","market_name":"新林市場","market_address":"嘉義縣大林鎮潭底段潭底小段217地號","pay_list":"","pay_tool":"","行業代號":null,"行業代號1":null,"名稱1":null,"行業代號2":null,"名稱2":null,"行業代號3":null,"名稱3":null},{"index":24,"id":10030130,"user":"莊村宮","shop":"新林市場-A27","category":"夜市/市場攤販","zone":"雲嘉南","city":"嘉義縣","area":"大林鎮","market_name":"新林市場","market_address":"嘉義縣大林鎮潭底段潭底小段217地號","pay_list":"","pay_tool":"","行業代號":null,"行業代號1":null,"名稱1":null,"行業代號2":null,"名稱2":null,"行業代號3":null,"名稱3":null},{"index":25,"id":10030131,"user":"賴翠霞","shop":"新林市場-A28","category":"夜市/市場攤販","zone":"雲嘉南","city":"嘉義縣","area":"大林鎮","market_name":"新林市場","market_address":"嘉義縣大林鎮潭底段潭底小段217地號","pay_list":"","pay_tool":"","行業代號":null,"行業代號1":null,"名稱1":null,"行業代號2":null,"名稱2":null,"行業代號3":null,"名稱3":null},{"index":26,"id":10030132,"user":"朱榮吉","shop":"新林市場-A29","category":"夜市/市場攤販","zone":"雲嘉南","city":"嘉義縣","area":"大林鎮","market_name":"新林市場","market_address":"嘉義縣大林鎮潭底段潭底小段217地號","pay_list":"","pay_tool":"","行業代號":null,"行業代號1":null,"名稱1":null,"行業代號2":null,"名稱2":null,"行業代號3":null,"名稱3":null},{"index":27,"id":10030133,"user":"徐春榮","shop":"新林市場-A30","category":"夜市/市場攤販","zone":"雲嘉南","city":"嘉義縣","area":"大林鎮","market_name":"新林市場","market_address":"嘉義縣大林鎮潭底段潭底小段217地號","pay_list":"","pay_tool":"","行業代號":null,"行業代號1":null,"名稱1":null,"行業代號2":null,"名稱2":null,"行業代號3":null,"名稱3":null},{"index":28,"id":10030134,"user":"陳連欣","shop":"新林市場-B1","category":"夜市/市場攤販","zone":"雲嘉南","city":"嘉義縣","area":"大林鎮","market_name":"新林市場","market_address":"嘉義縣大林鎮潭底段潭底小段217地號","pay_list":"","pay_tool":"","行業代號":null,"行業代號1":null,"名稱1":null,"行業代號2":null,"名稱2":null,"行業代號3":null,"名稱3":null},{"index":29,"id":10030135,"user":"郭茂火","shop":"新林市場-B5","category":"夜市/市場攤販","zone":"雲嘉南","city":"嘉義縣","area":"大林鎮","market_name":"新林市場","market_address":"嘉義縣大林鎮潭底段潭底小段217地號","pay_list":"","pay_tool":"","行業代號":null,"行業代號1":null,"名稱1":null,"行業代號2":null,"名稱2":null,"行業代號3":null,"名稱3":null},{"index":30,"id":10030137,"user":"張正宗","shop":"新林市場-B23","category":"夜市/市場攤販","zone":"雲嘉南","city":"嘉義縣","area":"大林鎮","market_name":"新林市場","market_address":"嘉義縣大林鎮潭底段潭底小段217地號","pay_list":"","pay_tool":"","行業代號":null,"行業代號1":null,"名稱1":null,"行業代號2":null,"名稱2":null,"行業代號3":null,"名稱3":null},{"index":31,"id":20014225,"user":"簡聰妙","shop":"簡聰妙","category":["夜市/市場攤販"],"zone":"雲嘉南","city":"嘉義縣","area":"大林鎮","market_name":["餐食攤販"],"market_address":"嘉義縣大林鎮西林里中興路１號門口","pay_list":"","pay_tool":"","行業代號":null,"行業代號1":null,"名稱1":null,"行業代號2":null,"名稱2":null,"行業代號3":null,"名稱3":null},{"index":32,"id":20014253,"user":"劉文乾","shop":"劉文乾","category":["夜市/市場攤販"],"zone":"雲嘉南","city":"嘉義縣","area":"大林鎮","market_name":["餐食攤販"],"market_address":"嘉義縣大林鎮吉林里１０鄰中山路１０號","pay_list":"","pay_tool":"","行業代號":null,"行業代號1":null,"名稱1":null,"行業代號2":null,"名稱2":null,"行業代號3":null,"名稱3":null},{"index":33,"id":20022479,"user":"林坤旗","shop":"林坤旗","category":["夜市/市場攤販"],"zone":"雲嘉南","city":"嘉義縣","area":"大林鎮","market_name":["餐食攤販"],"market_address":"嘉義縣大林鎮平林里六鄰下潭底２３－５號","pay_list":"","pay_tool":"","行業代號":null,"行業代號1":null,"名稱1":null,"行業代號2":null,"名稱2":null,"行業代號3":null,"名稱3":null},{"index":34,"id":20022489,"user":"簡子涵","shop":"早安美芝城","category":["夜市/市場攤販"],"zone":"雲嘉南","city":"嘉義縣","area":"大林鎮","market_name":["餐食攤販"],"market_address":"嘉義縣大林鎮平林里六鄰下潭底２３之５號","pay_list":"","pay_tool":"","行業代號":null,"行業代號1":null,"名稱1":null,"行業代號2":null,"名稱2":null,"行業代號3":null,"名稱3":null},{"index":35,"id":20022833,"user":"薛秀絹","shop":"薛秀絹","category":["夜市/市場攤販"],"zone":"雲嘉南","city":"嘉義縣","area":"大林鎮","market_name":["餐食攤販"],"market_address":"嘉義縣大林鎮吉林里中林８８號旁空地","pay_list":"","pay_tool":"","行業代號":null,"行業代號1":null,"名稱1":null,"行業代號2":null,"名稱2":null,"行業代號3":null,"名稱3":null},{"index":36,"id":20028580,"user":"曾詠靖","shop":"曾詠靖","category":["夜市/市場攤販"],"zone":"雲嘉南","city":"嘉義縣","area":"大林鎮","market_name":["餐食攤販"],"market_address":"嘉義縣大林鎮西林里大林國小天橋下","pay_list":"","pay_tool":"","行業代號":null,"行業代號1":null,"名稱1":null,"行業代號2":null,"名稱2":null,"行業代號3":null,"名稱3":null},{"index":37,"id":20035893,"user":"蔡榮霖","shop":"蔡榮霖","category":["夜市/市場攤販"],"zone":"雲嘉南","city":"嘉義縣","area":"大林鎮","market_name":["調理飲料攤販"],"market_address":"嘉義縣大林鎮平林里０１６鄰四維街１１號","pay_list":"","pay_tool":"","行業代號":null,"行業代號1":null,"名稱1":null,"行業代號2":null,"名稱2":null,"行業代號3":null,"名稱3":null},{"index":38,"id":20036870,"user":"楊宗燁","shop":"七里香茶舖大埔美店","category":["夜市/市場攤販"],"zone":"雲嘉南","city":"嘉義縣","area":"大林鎮","market_name":["調理飲料攤販"],"market_address":"嘉義縣大林鎮過溪里７號","pay_list":"","pay_tool":"","行業代號":null,"行業代號1":null,"名稱1":null,"行業代號2":null,"名稱2":null,"行業代號3":null,"名稱3":null},{"index":39,"id":20062184,"user":"陳曉梅","shop":"陳曉梅","category":["夜市/市場攤販"],"zone":"雲嘉南","city":"嘉義縣","area":"大林鎮","market_name":["餐食攤販"],"market_address":"嘉義縣大林鎮吉林里中山路３１號門前路邊攤","pay_list":"","pay_tool":"","行業代號":null,"行業代號1":null,"名稱1":null,"行業代號2":null,"名稱2":null,"行業代號3":null,"名稱3":null},{"index":40,"id":60110173,"user":"陳姿穎","shop":"圓圓將子企業社","category":["餐飲","夜市/市場攤販"],"zone":"雲嘉南","city":"嘉義縣","area":"大林鎮","market_name":["未分類其他食品、飲料及菸草製品零售","冰果店、冷（熱）飲店","茶葉批發","調理飲料攤販"],"market_address":"嘉義縣大林鎮吉林里０１０鄰中山路１４號","pay_list":null,"pay_tool":null,"行業代號":"563111","行業代號1":"563200","名稱1":"調理飲料攤販","行業代號2":"472999","名稱2":"未分類其他食品、飲料及菸草製品零售","行業代號3":"454811","名稱3":"茶葉批發"}]