[{"index":1,"id":10032890,"user":"傅森銘","shop":"一心公有零售市場-傅森銘","category":"夜市/市場攤販","zone":"中彰投","city":"臺中市","area":"北區","market_name":"一心公有零售市場","market_address":"臺中市北區錦南街50-2號","pay_list":"","pay_tool":"","行業代號":null,"行業代號1":null,"名稱1":null,"行業代號2":null,"名稱2":null,"行業代號3":null,"名稱3":null},{"index":2,"id":10032892,"user":"張孟修","shop":"一心公有零售市場-張孟修","category":"夜市/市場攤販","zone":"中彰投","city":"臺中市","area":"北區","market_name":"一心公有零售市場","market_address":"臺中市北區錦南街50-2號","pay_list":"","pay_tool":"","行業代號":null,"行業代號1":null,"名稱1":null,"行業代號2":null,"名稱2":null,"行業代號3":null,"名稱3":null},{"index":3,"id":10032893,"user":"林淑媛","shop":"一心公有零售市場-林淑媛","category":"夜市/市場攤販","zone":"中彰投","city":"臺中市","area":"北區","market_name":"一心公有零售市場","market_address":"臺中市北區錦南街50-2號","pay_list":"","pay_tool":"","行業代號":null,"行業代號1":null,"名稱1":null,"行業代號2":null,"名稱2":null,"行業代號3":null,"名稱3":null},{"index":4,"id":10032894,"user":"張明道","shop":"一心公有零售市場-集成堂擇日?","category":"夜市/市場攤販","zone":"中彰投","city":"臺中市","area":"北區","market_name":"一心公有零售市場","market_address":"臺中市北區錦南街50-2號","pay_list":"","pay_tool":"","行業代號":null,"行業代號1":null,"名稱1":null,"行業代號2":null,"名稱2":null,"行業代號3":null,"名稱3":null},{"index":5,"id":10032895,"user":"張靜宜","shop":"一心公有零售市場-張靜宜","category":"夜市/市場攤販","zone":"中彰投","city":"臺中市","area":"北區","market_name":"一心公有零售市場","market_address":"臺中市北區錦南街50-2號","pay_list":"","pay_tool":"","行業代號":null,"行業代號1":null,"名稱1":null,"行業代號2":null,"名稱2":null,"行業代號3":null,"名稱3":null},{"index":6,"id":10032896,"user":"蔡許月華","shop":"一心公有零售市場-永昌茶葉行","category":"夜市/市場攤販","zone":"中彰投","city":"臺中市","area":"北區","market_name":"一心公有零售市場","market_address":"臺中市北區錦南街50-2號","pay_list":"","pay_tool":"","行業代號":null,"行業代號1":null,"名稱1":null,"行業代號2":null,"名稱2":null,"行業代號3":null,"名稱3":null},{"index":7,"id":10032897,"user":"林水明","shop":"一心公有零售市場-丸明青果行","category":"夜市/市場攤販","zone":"中彰投","city":"臺中市","area":"北區","market_name":"一心公有零售市場","market_address":"臺中市北區錦南街50-2號","pay_list":"","pay_tool":"","行業代號":null,"行業代號1":null,"名稱1":null,"行業代號2":null,"名稱2":null,"行業代號3":null,"名稱3":null},{"index":8,"id":10032898,"user":"王榆婷","shop":"一心公有零售市場-日產數位相機專賣店","category":"夜市/市場攤販","zone":"中彰投","city":"臺中市","area":"北區","market_name":"一心公有零售市場","market_address":"臺中市北區錦南街50-2號","pay_list":"","pay_tool":"","行業代號":null,"行業代號1":null,"名稱1":null,"行業代號2":null,"名稱2":null,"行業代號3":null,"名稱3":null},{"index":9,"id":10032899,"user":"黃美珠","shop":"一心公有零售市場-百業網商行","category":"夜市/市場攤販","zone":"中彰投","city":"臺中市","area":"北區","market_name":"一心公有零售市場","market_address":"臺中市北區錦南街50-2號","pay_list":"","pay_tool":"","行業代號":null,"行業代號1":null,"名稱1":null,"行業代號2":null,"名稱2":null,"行業代號3":null,"名稱3":null},{"index":10,"id":10032900,"user":"陳敏俐","shop":"一心公有零售市場-陳敏俐","category":"夜市/市場攤販","zone":"中彰投","city":"臺中市","area":"北區","market_name":"一心公有零售市場","market_address":"臺中市北區錦南街50-2號","pay_list":"","pay_tool":"","行業代號":null,"行業代號1":null,"名稱1":null,"行業代號2":null,"名稱2":null,"行業代號3":null,"名稱3":null},{"index":11,"id":10032901,"user":"梁思恩","shop":"一心公有零售市場-梁思恩","category":"夜市/市場攤販","zone":"中彰投","city":"臺中市","area":"北區","market_name":"一心公有零售市場","market_address":"臺中市北區錦南街50-2號","pay_list":"","pay_tool":"","行業代號":null,"行業代號1":null,"名稱1":null,"行業代號2":null,"名稱2":null,"行業代號3":null,"名稱3":null},{"index":12,"id":10032903,"user":"吳秉睿","shop":"一心公有零售市場-宏源蔘藥行","category":"夜市/市場攤販","zone":"中彰投","city":"臺中市","area":"北區","market_name":"一心公有零售市場","market_address":"臺中市北區錦南街50-2號","pay_list":"","pay_tool":"","行業代號":null,"行業代號1":null,"名稱1":null,"行業代號2":null,"名稱2":null,"行業代號3":null,"名稱3":null},{"index":13,"id":10032904,"user":"沈瑞豊","shop":"一心公有零售市場-沈瑞豊","category":"夜市/市場攤販","zone":"中彰投","city":"臺中市","area":"北區","market_name":"一心公有零售市場","market_address":"臺中市北區錦南街50-2號","pay_list":"","pay_tool":"","行業代號":null,"行業代號1":null,"名稱1":null,"行業代號2":null,"名稱2":null,"行業代號3":null,"名稱3":null},{"index":14,"id":10032905,"user":"林秋明","shop":"一心公有零售市場-林秋明","category":"夜市/市場攤販","zone":"中彰投","city":"臺中市","area":"北區","market_name":"一心公有零售市場","market_address":"臺中市北區錦南街50-2號","pay_list":"","pay_tool":"","行業代號":null,"行業代號1":null,"名稱1":null,"行業代號2":null,"名稱2":null,"行業代號3":null,"名稱3":null},{"index":15,"id":10032906,"user":"陳?章","shop":"一心公有零售市場-陽光電器五金行","category":"夜市/市場攤販","zone":"中彰投","city":"臺中市","area":"北區","market_name":"一心公有零售市場","market_address":"臺中市北區錦南街50-2號","pay_list":"","pay_tool":"","行業代號":null,"行業代號1":null,"名稱1":null,"行業代號2":null,"名稱2":null,"行業代號3":null,"名稱3":null},{"index":16,"id":10032907,"user":"許仕賢","shop":"一心公有零售市場-灰姑娘服裝造型","category":"夜市/市場攤販","zone":"中彰投","city":"臺中市","area":"北區","market_name":"一心公有零售市場","market_address":"臺中市北區錦南街50-2號","pay_list":"","pay_tool":"","行業代號":null,"行業代號1":null,"名稱1":null,"行業代號2":null,"名稱2":null,"行業代號3":null,"名稱3":null},{"index":17,"id":10032908,"user":"洪清富","shop":"一心公有零售市場-花之菻花坊","category":"夜市/市場攤販","zone":"中彰投","city":"臺中市","area":"北區","market_name":"一心公有零售市場","market_address":"臺中市北區錦南街50-2號","pay_list":"","pay_tool":"","行業代號":null,"行業代號1":null,"名稱1":null,"行業代號2":null,"名稱2":null,"行業代號3":null,"名稱3":null},{"index":18,"id":10032909,"user":"陳春滿","shop":"一心公有零售市場-陳春滿","category":"夜市/市場攤販","zone":"中彰投","city":"臺中市","area":"北區","market_name":"一心公有零售市場","market_address":"臺中市北區錦南街50-2號","pay_list":"","pay_tool":"","行業代號":null,"行業代號1":null,"名稱1":null,"行業代號2":null,"名稱2":null,"行業代號3":null,"名稱3":null},{"index":19,"id":10032910,"user":"管義成","shop":"一心公有零售市場-盛發五金行","category":"夜市/市場攤販","zone":"中彰投","city":"臺中市","area":"北區","market_name":"一心公有零售市場","market_address":"臺中市北區錦南街50-2號","pay_list":"","pay_tool":"","行業代號":null,"行業代號1":null,"名稱1":null,"行業代號2":null,"名稱2":null,"行業代號3":null,"名稱3":null},{"index":20,"id":10032911,"user":"紀雀芳","shop":"一心公有零售市場-嘉豐商店","category":"夜市/市場攤販","zone":"中彰投","city":"臺中市","area":"北區","market_name":"一心公有零售市場","market_address":"臺中市北區錦南街50-2號","pay_list":"","pay_tool":"","行業代號":null,"行業代號1":null,"名稱1":null,"行業代號2":null,"名稱2":null,"行業代號3":null,"名稱3":null},{"index":21,"id":10032912,"user":"鄭宇伶","shop":"一心公有零售市場-鄭宇伶","category":"夜市/市場攤販","zone":"中彰投","city":"臺中市","area":"北區","market_name":"一心公有零售市場","market_address":"臺中市北區錦南街50-2號","pay_list":"","pay_tool":"","行業代號":null,"行業代號1":null,"名稱1":null,"行業代號2":null,"名稱2":null,"行業代號3":null,"名稱3":null},{"index":22,"id":10032914,"user":"臧敏翔","shop":"一心公有零售市場-天祥珠寶有限公司","category":"夜市/市場攤販","zone":"中彰投","city":"臺中市","area":"北區","market_name":"一心公有零售市場","market_address":"臺中市北區錦南街50-2號","pay_list":"","pay_tool":"","行業代號":null,"行業代號1":null,"名稱1":null,"行業代號2":null,"名稱2":null,"行業代號3":null,"名稱3":null},{"index":23,"id":10032915,"user":"范素琴","shop":"一心公有零售市場-幸福潤餅","category":"夜市/市場攤販","zone":"中彰投","city":"臺中市","area":"北區","market_name":"一心公有零售市場","market_address":"臺中市北區錦南街50-2號","pay_list":"","pay_tool":"","行業代號":null,"行業代號1":null,"名稱1":null,"行業代號2":null,"名稱2":null,"行業代號3":null,"名稱3":null},{"index":24,"id":10032916,"user":"蔡文雅","shop":"一心公有零售市場-愛麗絲工作花坊","category":"夜市/市場攤販","zone":"中彰投","city":"臺中市","area":"北區","market_name":"一心公有零售市場","market_address":"臺中市北區錦南街50-2號","pay_list":"","pay_tool":"","行業代號":null,"行業代號1":null,"名稱1":null,"行業代號2":null,"名稱2":null,"行業代號3":null,"名稱3":null},{"index":25,"id":10032917,"user":"蔡照男","shop":"一心公有零售市場-芳信茶莊","category":"夜市/市場攤販","zone":"中彰投","city":"臺中市","area":"北區","market_name":"一心公有零售市場","market_address":"臺中市北區錦南街50-2號","pay_list":"","pay_tool":"","行業代號":null,"行業代號1":null,"名稱1":null,"行業代號2":null,"名稱2":null,"行業代號3":null,"名稱3":null},{"index":26,"id":10032918,"user":"賴怡伶","shop":"一心公有零售市場-合歡飲食店","category":"夜市/市場攤販","zone":"中彰投","city":"臺中市","area":"北區","market_name":"一心公有零售市場","market_address":"臺中市北區錦南街50-2號","pay_list":"","pay_tool":"","行業代號":null,"行業代號1":null,"名稱1":null,"行業代號2":null,"名稱2":null,"行業代號3":null,"名稱3":null},{"index":27,"id":10032919,"user":"巫桂含","shop":"一心公有零售市場-巫桂含","category":"夜市/市場攤販","zone":"中彰投","city":"臺中市","area":"北區","market_name":"一心公有零售市場","market_address":"臺中市北區錦南街50-2號","pay_list":"","pay_tool":"","行業代號":null,"行業代號1":null,"名稱1":null,"行業代號2":null,"名稱2":null,"行業代號3":null,"名稱3":null},{"index":28,"id":10032920,"user":"王宋佩蓉","shop":"一心公有零售市場-樂發發彩券行","category":"夜市/市場攤販","zone":"中彰投","city":"臺中市","area":"北區","market_name":"一心公有零售市場","market_address":"臺中市北區錦南街50-2號","pay_list":"","pay_tool":"","行業代號":null,"行業代號1":null,"名稱1":null,"行業代號2":null,"名稱2":null,"行業代號3":null,"名稱3":null},{"index":29,"id":10032921,"user":"郭芝奇","shop":"一心公有零售市場-郭芝奇","category":"夜市/市場攤販","zone":"中彰投","city":"臺中市","area":"北區","market_name":"一心公有零售市場","market_address":"臺中市北區錦南街50-2號","pay_list":"","pay_tool":"","行業代號":null,"行業代號1":null,"名稱1":null,"行業代號2":null,"名稱2":null,"行業代號3":null,"名稱3":null},{"index":30,"id":10032922,"user":"鍾有福","shop":"一心公有零售市場-鍾有福","category":"夜市/市場攤販","zone":"中彰投","city":"臺中市","area":"北區","market_name":"一心公有零售市場","market_address":"臺中市北區錦南街50-2號","pay_list":"","pay_tool":"","行業代號":null,"行業代號1":null,"名稱1":null,"行業代號2":null,"名稱2":null,"行業代號3":null,"名稱3":null},{"index":31,"id":10032923,"user":"李素琴","shop":"一心公有零售市場-李素琴","category":"夜市/市場攤販","zone":"中彰投","city":"臺中市","area":"北區","market_name":"一心公有零售市場","market_address":"臺中市北區錦南街50-2號","pay_list":"","pay_tool":"","行業代號":null,"行業代號1":null,"名稱1":null,"行業代號2":null,"名稱2":null,"行業代號3":null,"名稱3":null},{"index":32,"id":10032925,"user":"翁雅惠","shop":"一心公有零售市場-翁雅惠","category":"夜市/市場攤販","zone":"中彰投","city":"臺中市","area":"北區","market_name":"一心公有零售市場","market_address":"臺中市北區錦南街50-2號","pay_list":"","pay_tool":"","行業代號":null,"行業代號1":null,"名稱1":null,"行業代號2":null,"名稱2":null,"行業代號3":null,"名稱3":null},{"index":33,"id":10032926,"user":"阮陳淑熙","shop":"一心公有零售市場-金足成銀樓","category":"夜市/市場攤販","zone":"中彰投","city":"臺中市","area":"北區","market_name":"一心公有零售市場","market_address":"臺中市北區錦南街50-2號","pay_list":"","pay_tool":"","行業代號":null,"行業代號1":null,"名稱1":null,"行業代號2":null,"名稱2":null,"行業代號3":null,"名稱3":null},{"index":34,"id":10032927,"user":"林柏豪","shop":"一心公有零售市場-三民鎖匙店","category":"夜市/市場攤販","zone":"中彰投","city":"臺中市","area":"北區","market_name":"一心公有零售市場","market_address":"臺中市北區錦南街50-2號","pay_list":"","pay_tool":"","行業代號":null,"行業代號1":null,"名稱1":null,"行業代號2":null,"名稱2":null,"行業代號3":null,"名稱3":null},{"index":35,"id":10032928,"user":"林劉美雲","shop":"一心公有零售市場-遠東鐘錶眼鏡行","category":"夜市/市場攤販","zone":"中彰投","city":"臺中市","area":"北區","market_name":"一心公有零售市場","market_address":"臺中市北區錦南街50-2號","pay_list":"","pay_tool":"","行業代號":null,"行業代號1":null,"名稱1":null,"行業代號2":null,"名稱2":null,"行業代號3":null,"名稱3":null},{"index":36,"id":10032929,"user":"楊振豐","shop":"一心公有零售市場-楊振豐","category":"夜市/市場攤販","zone":"中彰投","city":"臺中市","area":"北區","market_name":"一心公有零售市場","market_address":"臺中市北區錦南街50-2號","pay_list":"","pay_tool":"","行業代號":null,"行業代號1":null,"名稱1":null,"行業代號2":null,"名稱2":null,"行業代號3":null,"名稱3":null},{"index":37,"id":10032930,"user":"莊文柏","shop":"一心公有零售市場-生活商行","category":"夜市/市場攤販","zone":"中彰投","city":"臺中市","area":"北區","market_name":"一心公有零售市場","market_address":"臺中市北區錦南街50-2號","pay_list":"","pay_tool":"","行業代號":null,"行業代號1":null,"名稱1":null,"行業代號2":null,"名稱2":null,"行業代號3":null,"名稱3":null},{"index":38,"id":10032931,"user":"張崇益","shop":"一心公有零售市場-一心製麵行","category":"夜市/市場攤販","zone":"中彰投","city":"臺中市","area":"北區","market_name":"一心公有零售市場","market_address":"臺中市北區錦南街50-2號","pay_list":"","pay_tool":"","行業代號":null,"行業代號1":null,"名稱1":null,"行業代號2":null,"名稱2":null,"行業代號3":null,"名稱3":null},{"index":39,"id":10032932,"user":"張明正","shop":"一心公有零售市場-一心製麵行","category":"夜市/市場攤販","zone":"中彰投","city":"臺中市","area":"北區","market_name":"一心公有零售市場","market_address":"臺中市北區錦南街50-2號","pay_list":"","pay_tool":"","行業代號":null,"行業代號1":null,"名稱1":null,"行業代號2":null,"名稱2":null,"行業代號3":null,"名稱3":null},{"index":40,"id":10032933,"user":"王世得","shop":"一心公有零售市場-王世得","category":"夜市/市場攤販","zone":"中彰投","city":"臺中市","area":"北區","market_name":"一心公有零售市場","market_address":"臺中市北區錦南街50-2號","pay_list":"","pay_tool":"","行業代號":null,"行業代號1":null,"名稱1":null,"行業代號2":null,"名稱2":null,"行業代號3":null,"名稱3":null},{"index":41,"id":10032934,"user":"吳純鳳","shop":"一心公有零售市場-吳純鳳","category":"夜市/市場攤販","zone":"中彰投","city":"臺中市","area":"北區","market_name":"一心公有零售市場","market_address":"臺中市北區錦南街50-2號","pay_list":"","pay_tool":"","行業代號":null,"行業代號1":null,"名稱1":null,"行業代號2":null,"名稱2":null,"行業代號3":null,"名稱3":null},{"index":42,"id":10032937,"user":"陳易香","shop":"一心公有零售市場-陳易香","category":"夜市/市場攤販","zone":"中彰投","city":"臺中市","area":"北區","market_name":"一心公有零售市場","market_address":"臺中市北區錦南街50-2號","pay_list":"","pay_tool":"","行業代號":null,"行業代號1":null,"名稱1":null,"行業代號2":null,"名稱2":null,"行業代號3":null,"名稱3":null},{"index":43,"id":10032938,"user":"管蔡金燕","shop":"一心公有零售市場-管蔡金燕","category":"夜市/市場攤販","zone":"中彰投","city":"臺中市","area":"北區","market_name":"一心公有零售市場","market_address":"臺中市北區錦南街50-2號","pay_list":"","pay_tool":"","行業代號":null,"行業代號1":null,"名稱1":null,"行業代號2":null,"名稱2":null,"行業代號3":null,"名稱3":null},{"index":44,"id":10032939,"user":"阮翠霞","shop":"一心公有零售市場-阮翠霞","category":"夜市/市場攤販","zone":"中彰投","city":"臺中市","area":"北區","market_name":"一心公有零售市場","market_address":"臺中市北區錦南街50-2號","pay_list":"","pay_tool":"","行業代號":null,"行業代號1":null,"名稱1":null,"行業代號2":null,"名稱2":null,"行業代號3":null,"名稱3":null},{"index":45,"id":10032940,"user":"蔡松昌","shop":"一心公有零售市場-愛麗絲工作花坊","category":"夜市/市場攤販","zone":"中彰投","city":"臺中市","area":"北區","market_name":"一心公有零售市場","market_address":"臺中市北區錦南街50-2號","pay_list":"","pay_tool":"","行業代號":null,"行業代號1":null,"名稱1":null,"行業代號2":null,"名稱2":null,"行業代號3":null,"名稱3":null},{"index":46,"id":10032941,"user":"蔡松昌","shop":"一心公有零售市場-愛麗絲工作花坊","category":"夜市/市場攤販","zone":"中彰投","city":"臺中市","area":"北區","market_name":"一心公有零售市場","market_address":"臺中市北區錦南街50-2號","pay_list":"","pay_tool":"","行業代號":null,"行業代號1":null,"名稱1":null,"行業代號2":null,"名稱2":null,"行業代號3":null,"名稱3":null},{"index":47,"id":10032942,"user":"張安佳","shop":"一心公有零售市場-張安佳","category":"夜市/市場攤販","zone":"中彰投","city":"臺中市","area":"北區","market_name":"一心公有零售市場","market_address":"臺中市北區錦南街50-2號","pay_list":"","pay_tool":"","行業代號":null,"行業代號1":null,"名稱1":null,"行業代號2":null,"名稱2":null,"行業代號3":null,"名稱3":null},{"index":48,"id":10032943,"user":"嚴美惠","shop":"一心公有零售市場-服飾修改","category":"夜市/市場攤販","zone":"中彰投","city":"臺中市","area":"北區","market_name":"一心公有零售市場","market_address":"臺中市北區錦南街50-2號","pay_list":"","pay_tool":"","行業代號":null,"行業代號1":null,"名稱1":null,"行業代號2":null,"名稱2":null,"行業代號3":null,"名稱3":null},{"index":49,"id":10032944,"user":"嚴美智","shop":"一心公有零售市場-服飾修改","category":"夜市/市場攤販","zone":"中彰投","city":"臺中市","area":"北區","market_name":"一心公有零售市場","market_address":"臺中市北區錦南街50-2號","pay_list":"","pay_tool":"","行業代號":null,"行業代號1":null,"名稱1":null,"行業代號2":null,"名稱2":null,"行業代號3":null,"名稱3":null},{"index":50,"id":10032945,"user":"劉文達","shop":"一心公有零售市場-劉文達","category":"夜市/市場攤販","zone":"中彰投","city":"臺中市","area":"北區","market_name":"一心公有零售市場","market_address":"臺中市北區錦南街50-2號","pay_list":"","pay_tool":"","行業代號":null,"行業代號1":null,"名稱1":null,"行業代號2":null,"名稱2":null,"行業代號3":null,"名稱3":null},{"index":51,"id":10032946,"user":"林信豪","shop":"一心公有零售市場-丸明青果行","category":"夜市/市場攤販","zone":"中彰投","city":"臺中市","area":"北區","market_name":"一心公有零售市場","market_address":"臺中市北區錦南街50-2號","pay_list":"","pay_tool":"","行業代號":null,"行業代號1":null,"名稱1":null,"行業代號2":null,"名稱2":null,"行業代號3":null,"名稱3":null},{"index":52,"id":10032948,"user":"江雪珍","shop":"一心公有零售市場-三洋服飾店","category":"夜市/市場攤販","zone":"中彰投","city":"臺中市","area":"北區","market_name":"一心公有零售市場","market_address":"臺中市北區錦南街50-2號","pay_list":"","pay_tool":"","行業代號":null,"行業代號1":null,"名稱1":null,"行業代號2":null,"名稱2":null,"行業代號3":null,"名稱3":null},{"index":53,"id":10032949,"user":"汪王麗珠","shop":"一心公有零售市場-富山珍米食之家","category":"夜市/市場攤販","zone":"中彰投","city":"臺中市","area":"北區","market_name":"一心公有零售市場","market_address":"臺中市北區錦南街50-2號","pay_list":"","pay_tool":"","行業代號":null,"行業代號1":null,"名稱1":null,"行業代號2":null,"名稱2":null,"行業代號3":null,"名稱3":null},{"index":54,"id":10032950,"user":"汪國智","shop":"一心公有零售市場-汪國智","category":"夜市/市場攤販","zone":"中彰投","city":"臺中市","area":"北區","market_name":"一心公有零售市場","market_address":"臺中市北區錦南街50-2號","pay_list":"","pay_tool":"","行業代號":null,"行業代號1":null,"名稱1":null,"行業代號2":null,"名稱2":null,"行業代號3":null,"名稱3":null},{"index":55,"id":10032951,"user":"劉少南","shop":"一心公有零售市場-美而香廣東滷味","category":"夜市/市場攤販","zone":"中彰投","city":"臺中市","area":"北區","market_name":"一心公有零售市場","market_address":"臺中市北區錦南街50-2號","pay_list":"","pay_tool":"","行業代號":null,"行業代號1":null,"名稱1":null,"行業代號2":null,"名稱2":null,"行業代號3":null,"名稱3":null},{"index":56,"id":10032952,"user":"余中山","shop":"一心公有零售市場-余中山","category":"夜市/市場攤販","zone":"中彰投","city":"臺中市","area":"北區","market_name":"一心公有零售市場","market_address":"臺中市北區錦南街50-2號","pay_list":"","pay_tool":"","行業代號":null,"行業代號1":null,"名稱1":null,"行業代號2":null,"名稱2":null,"行業代號3":null,"名稱3":null},{"index":57,"id":10032953,"user":"謝李錦嬉","shop":"一心公有零售市場-謝李錦嬉","category":"夜市/市場攤販","zone":"中彰投","city":"臺中市","area":"北區","market_name":"一心公有零售市場","market_address":"臺中市北區錦南街50-2號","pay_list":"","pay_tool":"","行業代號":null,"行業代號1":null,"名稱1":null,"行業代號2":null,"名稱2":null,"行業代號3":null,"名稱3":null},{"index":58,"id":10032954,"user":"趙明志","shop":"一心公有零售市場-趙明志","category":"夜市/市場攤販","zone":"中彰投","city":"臺中市","area":"北區","market_name":"一心公有零售市場","market_address":"臺中市北區錦南街50-2號","pay_list":"","pay_tool":"","行業代號":null,"行業代號1":null,"名稱1":null,"行業代號2":null,"名稱2":null,"行業代號3":null,"名稱3":null},{"index":59,"id":10032955,"user":"胡旗春","shop":"一心公有零售市場-胡家臘味","category":"夜市/市場攤販","zone":"中彰投","city":"臺中市","area":"北區","market_name":"一心公有零售市場","market_address":"臺中市北區錦南街50-2號","pay_list":"","pay_tool":"","行業代號":null,"行業代號1":null,"名稱1":null,"行業代號2":null,"名稱2":null,"行業代號3":null,"名稱3":null},{"index":60,"id":10032956,"user":"吳長河","shop":"一心公有零售市場-吳長河","category":"夜市/市場攤販","zone":"中彰投","city":"臺中市","area":"北區","market_name":"一心公有零售市場","market_address":"臺中市北區錦南街50-2號","pay_list":"","pay_tool":"","行業代號":null,"行業代號1":null,"名稱1":null,"行業代號2":null,"名稱2":null,"行業代號3":null,"名稱3":null},{"index":61,"id":10032957,"user":"游明玉","shop":"一心公有零售市場-大發肉舖","category":"夜市/市場攤販","zone":"中彰投","city":"臺中市","area":"北區","market_name":"一心公有零售市場","market_address":"臺中市北區錦南街50-2號","pay_list":"","pay_tool":"","行業代號":null,"行業代號1":null,"名稱1":null,"行業代號2":null,"名稱2":null,"行業代號3":null,"名稱3":null},{"index":62,"id":10032959,"user":"陳瑞榮","shop":"一心公有零售市場-陳瑞榮","category":"夜市/市場攤販","zone":"中彰投","city":"臺中市","area":"北區","market_name":"一心公有零售市場","market_address":"臺中市北區錦南街50-2號","pay_list":"","pay_tool":"","行業代號":null,"行業代號1":null,"名稱1":null,"行業代號2":null,"名稱2":null,"行業代號3":null,"名稱3":null},{"index":63,"id":10032960,"user":"張紀麗雲","shop":"一心公有零售市場-一心製麵行","category":"夜市/市場攤販","zone":"中彰投","city":"臺中市","area":"北區","market_name":"一心公有零售市場","market_address":"臺中市北區錦南街50-2號","pay_list":"","pay_tool":"","行業代號":null,"行業代號1":null,"名稱1":null,"行業代號2":null,"名稱2":null,"行業代號3":null,"名稱3":null},{"index":64,"id":10032961,"user":"王阿汝","shop":"一心公有零售市場-松池肉舖","category":"夜市/市場攤販","zone":"中彰投","city":"臺中市","area":"北區","market_name":"一心公有零售市場","market_address":"臺中市北區錦南街50-2號","pay_list":"","pay_tool":"","行業代號":null,"行業代號1":null,"名稱1":null,"行業代號2":null,"名稱2":null,"行業代號3":null,"名稱3":null},{"index":65,"id":10032962,"user":"孫婉寧","shop":"一心公有零售市場-孫婉寧","category":"夜市/市場攤販","zone":"中彰投","city":"臺中市","area":"北區","market_name":"一心公有零售市場","market_address":"臺中市北區錦南街50-2號","pay_list":"","pay_tool":"","行業代號":null,"行業代號1":null,"名稱1":null,"行業代號2":null,"名稱2":null,"行業代號3":null,"名稱3":null},{"index":66,"id":10032963,"user":"連淑珍","shop":"一心公有零售市場-生芳行","category":"夜市/市場攤販","zone":"中彰投","city":"臺中市","area":"北區","market_name":"一心公有零售市場","market_address":"臺中市北區錦南街50-2號","pay_list":"","pay_tool":"","行業代號":null,"行業代號1":null,"名稱1":null,"行業代號2":null,"名稱2":null,"行業代號3":null,"名稱3":null},{"index":67,"id":10032964,"user":"劉楊月女","shop":"一心公有零售市場-一心肉圓","category":"夜市/市場攤販","zone":"中彰投","city":"臺中市","area":"北區","market_name":"一心公有零售市場","market_address":"臺中市北區錦南街50-2號","pay_list":"","pay_tool":"","行業代號":null,"行業代號1":null,"名稱1":null,"行業代號2":null,"名稱2":null,"行業代號3":null,"名稱3":null},{"index":68,"id":10032965,"user":"龍鳳月","shop":"一心公有零售市場-一心肉圓","category":"夜市/市場攤販","zone":"中彰投","city":"臺中市","area":"北區","market_name":"一心公有零售市場","market_address":"臺中市北區錦南街50-2號","pay_list":"","pay_tool":"","行業代號":null,"行業代號1":null,"名稱1":null,"行業代號2":null,"名稱2":null,"行業代號3":null,"名稱3":null},{"index":69,"id":10032966,"user":"許漢周","shop":"一心公有零售市場-當歸鴨小吃店","category":"夜市/市場攤販","zone":"中彰投","city":"臺中市","area":"北區","market_name":"一心公有零售市場","market_address":"臺中市北區錦南街50-2號","pay_list":"","pay_tool":"","行業代號":null,"行業代號1":null,"名稱1":null,"行業代號2":null,"名稱2":null,"行業代號3":null,"名稱3":null},{"index":70,"id":10032967,"user":"許黃鳳卿","shop":"一心公有零售市場-大富餐便當","category":"夜市/市場攤販","zone":"中彰投","city":"臺中市","area":"北區","market_name":"一心公有零售市場","market_address":"臺中市北區錦南街50-2號","pay_list":"","pay_tool":"","行業代號":null,"行業代號1":null,"名稱1":null,"行業代號2":null,"名稱2":null,"行業代號3":null,"名稱3":null},{"index":71,"id":10032968,"user":"吳家源","shop":"一心公有零售市場-廣東快炒小吃店","category":"夜市/市場攤販","zone":"中彰投","city":"臺中市","area":"北區","market_name":"一心公有零售市場","market_address":"臺中市北區錦南街50-2號","pay_list":"","pay_tool":"","行業代號":null,"行業代號1":null,"名稱1":null,"行業代號2":null,"名稱2":null,"行業代號3":null,"名稱3":null},{"index":72,"id":10032970,"user":"許況堯","shop":"一心公有零售市場-文華青果行","category":"夜市/市場攤販","zone":"中彰投","city":"臺中市","area":"北區","market_name":"一心公有零售市場","market_address":"臺中市北區錦南街50-2號","pay_list":"","pay_tool":"","行業代號":null,"行業代號1":null,"名稱1":null,"行業代號2":null,"名稱2":null,"行業代號3":null,"名稱3":null},{"index":73,"id":10032971,"user":"李釘洲","shop":"一心公有零售市場-李釘洲","category":"夜市/市場攤販","zone":"中彰投","city":"臺中市","area":"北區","market_name":"一心公有零售市場","market_address":"臺中市北區錦南街50-2號","pay_list":"","pay_tool":"","行業代號":null,"行業代號1":null,"名稱1":null,"行業代號2":null,"名稱2":null,"行業代號3":null,"名稱3":null},{"index":74,"id":10032972,"user":"李淑媚","shop":"一心公有零售市場-一心古早味蛋餅","category":"夜市/市場攤販","zone":"中彰投","city":"臺中市","area":"北區","market_name":"一心公有零售市場","market_address":"臺中市北區錦南街50-2號","pay_list":"","pay_tool":"","行業代號":null,"行業代號1":null,"名稱1":null,"行業代號2":null,"名稱2":null,"行業代號3":null,"名稱3":null},{"index":75,"id":10032973,"user":"胡瑞珠","shop":"一心公有零售市場-胡瑞珠","category":"夜市/市場攤販","zone":"中彰投","city":"臺中市","area":"北區","market_name":"一心公有零售市場","market_address":"臺中市北區錦南街50-2號","pay_list":"","pay_tool":"","行業代號":null,"行業代號1":null,"名稱1":null,"行業代號2":null,"名稱2":null,"行業代號3":null,"名稱3":null},{"index":76,"id":10032974,"user":"蕭肅靜","shop":"一心公有零售市場-雅奇服飾行","category":"夜市/市場攤販","zone":"中彰投","city":"臺中市","area":"北區","market_name":"一心公有零售市場","market_address":"臺中市北區錦南街50-2號","pay_list":"","pay_tool":"","行業代號":null,"行業代號1":null,"名稱1":null,"行業代號2":null,"名稱2":null,"行業代號3":null,"名稱3":null},{"index":77,"id":10032975,"user":"鐘傳吉","shop":"一心公有零售市場-鐘傳吉","category":"夜市/市場攤販","zone":"中彰投","city":"臺中市","area":"北區","market_name":"一心公有零售市場","market_address":"臺中市北區錦南街50-2號","pay_list":"","pay_tool":"","行業代號":null,"行業代號1":null,"名稱1":null,"行業代號2":null,"名稱2":null,"行業代號3":null,"名稱3":null},{"index":78,"id":10032976,"user":"林建銘","shop":"一心公有零售市場-林建銘","category":"夜市/市場攤販","zone":"中彰投","city":"臺中市","area":"北區","market_name":"一心公有零售市場","market_address":"臺中市北區錦南街50-2號","pay_list":"","pay_tool":"","行業代號":null,"行業代號1":null,"名稱1":null,"行業代號2":null,"名稱2":null,"行業代號3":null,"名稱3":null},{"index":79,"id":10032977,"user":"張林秋紅","shop":"一心公有零售市場-張林秋紅","category":"夜市/市場攤販","zone":"中彰投","city":"臺中市","area":"北區","market_name":"一心公有零售市場","market_address":"臺中市北區錦南街50-2號","pay_list":"","pay_tool":"","行業代號":null,"行業代號1":null,"名稱1":null,"行業代號2":null,"名稱2":null,"行業代號3":null,"名稱3":null},{"index":80,"id":10032978,"user":"林瑞永","shop":"一心公有零售市場-茶拓飲料店","category":"夜市/市場攤販","zone":"中彰投","city":"臺中市","area":"北區","market_name":"一心公有零售市場","market_address":"臺中市北區錦南街50-2號","pay_list":"","pay_tool":"","行業代號":null,"行業代號1":null,"名稱1":null,"行業代號2":null,"名稱2":null,"行業代號3":null,"名稱3":null},{"index":81,"id":10032979,"user":"林亭萱","shop":"一心公有零售市場-茶拓飲料店","category":"夜市/市場攤販","zone":"中彰投","city":"臺中市","area":"北區","market_name":"一心公有零售市場","market_address":"臺中市北區錦南街50-2號","pay_list":"","pay_tool":"","行業代號":null,"行業代號1":null,"名稱1":null,"行業代號2":null,"名稱2":null,"行業代號3":null,"名稱3":null},{"index":82,"id":10032981,"user":"劉明峰","shop":"一心公有零售市場-一心肉圓","category":"夜市/市場攤販","zone":"中彰投","city":"臺中市","area":"北區","market_name":"一心公有零售市場","market_address":"臺中市北區錦南街50-2號","pay_list":"","pay_tool":"","行業代號":null,"行業代號1":null,"名稱1":null,"行業代號2":null,"名稱2":null,"行業代號3":null,"名稱3":null},{"index":83,"id":10032982,"user":"郭李允鳳","shop":"一心公有零售市場-郭李允鳳","category":"夜市/市場攤販","zone":"中彰投","city":"臺中市","area":"北區","market_name":"一心公有零售市場","market_address":"臺中市北區錦南街50-2號","pay_list":"","pay_tool":"","行業代號":null,"行業代號1":null,"名稱1":null,"行業代號2":null,"名稱2":null,"行業代號3":null,"名稱3":null},{"index":84,"id":10032983,"user":"張家俊","shop":"一心公有零售市場-一心製麵行","category":"夜市/市場攤販","zone":"中彰投","city":"臺中市","area":"北區","market_name":"一心公有零售市場","market_address":"臺中市北區錦南街50-2號","pay_list":"","pay_tool":"","行業代號":null,"行業代號1":null,"名稱1":null,"行業代號2":null,"名稱2":null,"行業代號3":null,"名稱3":null},{"index":85,"id":10032984,"user":"孫巧玲","shop":"一心公有零售市場-一心製麵行","category":"夜市/市場攤販","zone":"中彰投","city":"臺中市","area":"北區","market_name":"一心公有零售市場","market_address":"臺中市北區錦南街50-2號","pay_list":"","pay_tool":"","行業代號":null,"行業代號1":null,"名稱1":null,"行業代號2":null,"名稱2":null,"行業代號3":null,"名稱3":null},{"index":86,"id":10032985,"user":"賴秀妮","shop":"一心公有零售市場-賴秀妮","category":"夜市/市場攤販","zone":"中彰投","city":"臺中市","area":"北區","market_name":"一心公有零售市場","market_address":"臺中市北區錦南街50-2號","pay_list":"","pay_tool":"","行業代號":null,"行業代號1":null,"名稱1":null,"行業代號2":null,"名稱2":null,"行業代號3":null,"名稱3":null},{"index":87,"id":10032986,"user":"傅雲芳","shop":"一心公有零售市場-傅記上海小吃","category":"夜市/市場攤販","zone":"中彰投","city":"臺中市","area":"北區","market_name":"一心公有零售市場","market_address":"臺中市北區錦南街50-2號","pay_list":"","pay_tool":"","行業代號":null,"行業代號1":null,"名稱1":null,"行業代號2":null,"名稱2":null,"行業代號3":null,"名稱3":null},{"index":88,"id":10032987,"user":"傅雲芳","shop":"一心公有零售市場-傅記上海小吃","category":"夜市/市場攤販","zone":"中彰投","city":"臺中市","area":"北區","market_name":"一心公有零售市場","market_address":"臺中市北區錦南街50-2號","pay_list":"","pay_tool":"","行業代號":null,"行業代號1":null,"名稱1":null,"行業代號2":null,"名稱2":null,"行業代號3":null,"名稱3":null},{"index":89,"id":10032988,"user":"陳素琴","shop":"一心公有零售市場-女裝修改買賣","category":"夜市/市場攤販","zone":"中彰投","city":"臺中市","area":"北區","market_name":"一心公有零售市場","market_address":"臺中市北區錦南街50-2號","pay_list":"","pay_tool":"","行業代號":null,"行業代號1":null,"名稱1":null,"行業代號2":null,"名稱2":null,"行業代號3":null,"名稱3":null},{"index":90,"id":10032989,"user":"鄭春金","shop":"一心公有零售市場-鄭春金","category":"夜市/市場攤販","zone":"中彰投","city":"臺中市","area":"北區","market_name":"一心公有零售市場","market_address":"臺中市北區錦南街50-2號","pay_list":"","pay_tool":"","行業代號":null,"行業代號1":null,"名稱1":null,"行業代號2":null,"名稱2":null,"行業代號3":null,"名稱3":null},{"index":91,"id":10032990,"user":"陳麗美","shop":"一心公有零售市場-陳麗美","category":"夜市/市場攤販","zone":"中彰投","city":"臺中市","area":"北區","market_name":"一心公有零售市場","market_address":"臺中市北區錦南街50-2號","pay_list":"","pay_tool":"","行業代號":null,"行業代號1":null,"名稱1":null,"行業代號2":null,"名稱2":null,"行業代號3":null,"名稱3":null},{"index":92,"id":10032992,"user":"陳月霞","shop":"一心公有零售市場-陳月霞","category":"夜市/市場攤販","zone":"中彰投","city":"臺中市","area":"北區","market_name":"一心公有零售市場","market_address":"臺中市北區錦南街50-2號","pay_list":"","pay_tool":"","行業代號":null,"行業代號1":null,"名稱1":null,"行業代號2":null,"名稱2":null,"行業代號3":null,"名稱3":null},{"index":93,"id":10032993,"user":"林振文","shop":"一心公有零售市場-一心製麵行","category":"夜市/市場攤販","zone":"中彰投","city":"臺中市","area":"北區","market_name":"一心公有零售市場","market_address":"臺中市北區錦南街50-2號","pay_list":"","pay_tool":"","行業代號":null,"行業代號1":null,"名稱1":null,"行業代號2":null,"名稱2":null,"行業代號3":null,"名稱3":null},{"index":94,"id":10032994,"user":"鐘桂英","shop":"一心公有零售市場-鐘桂英","category":"夜市/市場攤販","zone":"中彰投","city":"臺中市","area":"北區","market_name":"一心公有零售市場","market_address":"臺中市北區錦南街50-2號","pay_list":"","pay_tool":"","行業代號":null,"行業代號1":null,"名稱1":null,"行業代號2":null,"名稱2":null,"行業代號3":null,"名稱3":null},{"index":95,"id":10032995,"user":"陳阿裡","shop":"中央公有零售市場-瑞峰機車行","category":"夜市/市場攤販","zone":"中彰投","city":"臺中市","area":"北區","market_name":"中央公有零售市場","market_address":"臺中市北區五權路176號","pay_list":"","pay_tool":"","行業代號":null,"行業代號1":null,"名稱1":null,"行業代號2":null,"名稱2":null,"行業代號3":null,"名稱3":null},{"index":96,"id":10032996,"user":"廖美銀","shop":"中央公有零售市場-金星人小吃店","category":"夜市/市場攤販","zone":"中彰投","city":"臺中市","area":"北區","market_name":"中央公有零售市場","market_address":"臺中市北區五權路176號","pay_list":"","pay_tool":"","行業代號":null,"行業代號1":null,"名稱1":null,"行業代號2":null,"名稱2":null,"行業代號3":null,"名稱3":null},{"index":97,"id":10032997,"user":"劉淑芬","shop":"中央公有零售市場-茗飲臻品冷飲店","category":"夜市/市場攤販","zone":"中彰投","city":"臺中市","area":"北區","market_name":"中央公有零售市場","market_address":"臺中市北區五權路176號","pay_list":"","pay_tool":"","行業代號":null,"行業代號1":null,"名稱1":null,"行業代號2":null,"名稱2":null,"行業代號3":null,"名稱3":null},{"index":98,"id":10032998,"user":"江佩芳","shop":"中央公有零售市場-廣信茶莊","category":"夜市/市場攤販","zone":"中彰投","city":"臺中市","area":"北區","market_name":"中央公有零售市場","market_address":"臺中市北區五權路176號","pay_list":"","pay_tool":"","行業代號":null,"行業代號1":null,"名稱1":null,"行業代號2":null,"名稱2":null,"行業代號3":null,"名稱3":null},{"index":99,"id":10032999,"user":"王文慶","shop":"中央公有零售市場-王文慶名錶交流","category":"夜市/市場攤販","zone":"中彰投","city":"臺中市","area":"北區","market_name":"中央公有零售市場","market_address":"臺中市北區五權路176號","pay_list":"","pay_tool":"","行業代號":null,"行業代號1":null,"名稱1":null,"行業代號2":null,"名稱2":null,"行業代號3":null,"名稱3":null},{"index":100,"id":10033000,"user":"安孟姍","shop":"中央公有零售市場-無","category":"夜市/市場攤販","zone":"中彰投","city":"臺中市","area":"北區","market_name":"中央公有零售市場","market_address":"臺中市北區五權路176號","pay_list":"","pay_tool":"","行業代號":null,"行業代號1":null,"名稱1":null,"行業代號2":null,"名稱2":null,"行業代號3":null,"名稱3":null},{"index":101,"id":10033001,"user":"賴邱桂英","shop":"中央公有零售市場-無","category":"夜市/市場攤販","zone":"中彰投","city":"臺中市","area":"北區","market_name":"中央公有零售市場","market_address":"臺中市北區五權路176號","pay_list":"","pay_tool":"","行業代號":null,"行業代號1":null,"名稱1":null,"行業代號2":null,"名稱2":null,"行業代號3":null,"名稱3":null},{"index":102,"id":10033003,"user":"紀林玉圓","shop":"中央公有零售市場-無","category":"夜市/市場攤販","zone":"中彰投","city":"臺中市","area":"北區","market_name":"中央公有零售市場","market_address":"臺中市北區五權路176號","pay_list":"","pay_tool":"","行業代號":null,"行業代號1":null,"名稱1":null,"行業代號2":null,"名稱2":null,"行業代號3":null,"名稱3":null},{"index":103,"id":10033004,"user":"吳秀霞","shop":"中央公有零售市場-無","category":"夜市/市場攤販","zone":"中彰投","city":"臺中市","area":"北區","market_name":"中央公有零售市場","market_address":"臺中市北區五權路176號","pay_list":"","pay_tool":"","行業代號":null,"行業代號1":null,"名稱1":null,"行業代號2":null,"名稱2":null,"行業代號3":null,"名稱3":null},{"index":104,"id":10033005,"user":"廖琇聰","shop":"中央公有零售市場-龍軒水族館","category":"夜市/市場攤販","zone":"中彰投","city":"臺中市","area":"北區","market_name":"中央公有零售市場","market_address":"臺中市北區五權路176號","pay_list":"","pay_tool":"","行業代號":null,"行業代號1":null,"名稱1":null,"行業代號2":null,"名稱2":null,"行業代號3":null,"名稱3":null},{"index":105,"id":10033006,"user":"林珍美","shop":"中央公有零售市場-三合堂鎖印店","category":"夜市/市場攤販","zone":"中彰投","city":"臺中市","area":"北區","market_name":"中央公有零售市場","market_address":"臺中市北區五權路176號","pay_list":"","pay_tool":"","行業代號":null,"行業代號1":null,"名稱1":null,"行業代號2":null,"名稱2":null,"行業代號3":null,"名稱3":null},{"index":106,"id":10033007,"user":"李連菖","shop":"中央公有零售市場-檢驗所","category":"夜市/市場攤販","zone":"中彰投","city":"臺中市","area":"北區","market_name":"中央公有零售市場","market_address":"臺中市北區五權路176號","pay_list":"","pay_tool":"","行業代號":null,"行業代號1":null,"名稱1":null,"行業代號2":null,"名稱2":null,"行業代號3":null,"名稱3":null},{"index":107,"id":10033008,"user":"劉火文","shop":"中央公有零售市場-一利軒食品行","category":"夜市/市場攤販","zone":"中彰投","city":"臺中市","area":"北區","market_name":"中央公有零售市場","market_address":"臺中市北區五權路176號","pay_list":"","pay_tool":"","行業代號":null,"行業代號1":null,"名稱1":null,"行業代號2":null,"名稱2":null,"行業代號3":null,"名稱3":null},{"index":108,"id":10033009,"user":"陳祥富","shop":"中央公有零售市場-巧物木坊創意實木","category":"夜市/市場攤販","zone":"中彰投","city":"臺中市","area":"北區","market_name":"中央公有零售市場","market_address":"臺中市北區五權路176號","pay_list":"","pay_tool":"","行業代號":null,"行業代號1":null,"名稱1":null,"行業代號2":null,"名稱2":null,"行業代號3":null,"名稱3":null},{"index":109,"id":10033010,"user":"黃國瑞","shop":"中央公有零售市場-汽車零件販售","category":"夜市/市場攤販","zone":"中彰投","city":"臺中市","area":"北區","market_name":"中央公有零售市場","market_address":"臺中市北區五權路176號","pay_list":"","pay_tool":"","行業代號":null,"行業代號1":null,"名稱1":null,"行業代號2":null,"名稱2":null,"行業代號3":null,"名稱3":null},{"index":110,"id":10033011,"user":"洪宥宥","shop":"中央公有零售市場-綿綿棉被行","category":"夜市/市場攤販","zone":"中彰投","city":"臺中市","area":"北區","market_name":"中央公有零售市場","market_address":"臺中市北區五權路176號","pay_list":"","pay_tool":"","行業代號":null,"行業代號1":null,"名稱1":null,"行業代號2":null,"名稱2":null,"行業代號3":null,"名稱3":null},{"index":111,"id":10033012,"user":"劉楊含笑","shop":"中央公有零售市場-清粥小菜","category":"夜市/市場攤販","zone":"中彰投","city":"臺中市","area":"北區","market_name":"中央公有零售市場","market_address":"臺中市北區五權路176號","pay_list":"","pay_tool":"","行業代號":null,"行業代號1":null,"名稱1":null,"行業代號2":null,"名稱2":null,"行業代號3":null,"名稱3":null},{"index":112,"id":10033014,"user":"吳政哲","shop":"中央公有零售市場-清心堂金紙店","category":"夜市/市場攤販","zone":"中彰投","city":"臺中市","area":"北區","market_name":"中央公有零售市場","market_address":"臺中市北區五權路176號","pay_list":"","pay_tool":"","行業代號":null,"行業代號1":null,"名稱1":null,"行業代號2":null,"名稱2":null,"行業代號3":null,"名稱3":null},{"index":113,"id":10033015,"user":"陳蘭妹","shop":"中央公有零售市場-無","category":"夜市/市場攤販","zone":"中彰投","city":"臺中市","area":"北區","market_name":"中央公有零售市場","market_address":"臺中市北區五權路176號","pay_list":"","pay_tool":"","行業代號":null,"行業代號1":null,"名稱1":null,"行業代號2":null,"名稱2":null,"行業代號3":null,"名稱3":null},{"index":114,"id":10033016,"user":"黃吉村","shop":"中央公有零售市場-廣村茶行","category":"夜市/市場攤販","zone":"中彰投","city":"臺中市","area":"北區","market_name":"中央公有零售市場","market_address":"臺中市北區五權路176號","pay_list":"","pay_tool":"","行業代號":null,"行業代號1":null,"名稱1":null,"行業代號2":null,"名稱2":null,"行業代號3":null,"名稱3":null},{"index":115,"id":10033017,"user":"黃圓媛","shop":"中央公有零售市場-水電材料行","category":"夜市/市場攤販","zone":"中彰投","city":"臺中市","area":"北區","market_name":"中央公有零售市場","market_address":"臺中市北區五權路176號","pay_list":"","pay_tool":"","行業代號":null,"行業代號1":null,"名稱1":null,"行業代號2":null,"名稱2":null,"行業代號3":null,"名稱3":null},{"index":116,"id":10033018,"user":"林明東","shop":"中央公有零售市場-信安磅秤行","category":"夜市/市場攤販","zone":"中彰投","city":"臺中市","area":"北區","market_name":"中央公有零售市場","market_address":"臺中市北區五權路176號","pay_list":"","pay_tool":"","行業代號":null,"行業代號1":null,"名稱1":null,"行業代號2":null,"名稱2":null,"行業代號3":null,"名稱3":null},{"index":117,"id":10033019,"user":"李?詮","shop":"中央公有零售市場-茶葉行","category":"夜市/市場攤販","zone":"中彰投","city":"臺中市","area":"北區","market_name":"中央公有零售市場","market_address":"臺中市北區五權路176號","pay_list":"","pay_tool":"","行業代號":null,"行業代號1":null,"名稱1":null,"行業代號2":null,"名稱2":null,"行業代號3":null,"名稱3":null},{"index":118,"id":10033020,"user":"李潘萬幸","shop":"中央公有零售市場-無","category":"夜市/市場攤販","zone":"中彰投","city":"臺中市","area":"北區","market_name":"中央公有零售市場","market_address":"臺中市北區五權路176號","pay_list":"","pay_tool":"","行業代號":null,"行業代號1":null,"名稱1":null,"行業代號2":null,"名稱2":null,"行業代號3":null,"名稱3":null},{"index":119,"id":10033021,"user":"林俊松","shop":"中央公有零售市場-華成書報社","category":"夜市/市場攤販","zone":"中彰投","city":"臺中市","area":"北區","market_name":"中央公有零售市場","market_address":"臺中市北區五權路176號","pay_list":"","pay_tool":"","行業代號":null,"行業代號1":null,"名稱1":null,"行業代號2":null,"名稱2":null,"行業代號3":null,"名稱3":null},{"index":120,"id":10033022,"user":"李莊美雲","shop":"中央公有零售市場-無","category":"夜市/市場攤販","zone":"中彰投","city":"臺中市","area":"北區","market_name":"中央公有零售市場","market_address":"臺中市北區五權路176號","pay_list":"","pay_tool":"","行業代號":null,"行業代號1":null,"名稱1":null,"行業代號2":null,"名稱2":null,"行業代號3":null,"名稱3":null},{"index":121,"id":10033023,"user":"陳志鴻","shop":"中央公有零售市場-無","category":"夜市/市場攤販","zone":"中彰投","city":"臺中市","area":"北區","market_name":"中央公有零售市場","market_address":"臺中市北區五權路176號","pay_list":"","pay_tool":"","行業代號":null,"行業代號1":null,"名稱1":null,"行業代號2":null,"名稱2":null,"行業代號3":null,"名稱3":null},{"index":122,"id":10033025,"user":"彭玉鵬","shop":"中央公有零售市場-無","category":"夜市/市場攤販","zone":"中彰投","city":"臺中市","area":"北區","market_name":"中央公有零售市場","market_address":"臺中市北區五權路176號","pay_list":"","pay_tool":"","行業代號":null,"行業代號1":null,"名稱1":null,"行業代號2":null,"名稱2":null,"行業代號3":null,"名稱3":null},{"index":123,"id":10033026,"user":"王英才","shop":"中央公有零售市場-無","category":"夜市/市場攤販","zone":"中彰投","city":"臺中市","area":"北區","market_name":"中央公有零售市場","market_address":"臺中市北區五權路176號","pay_list":"","pay_tool":"","行業代號":null,"行業代號1":null,"名稱1":null,"行業代號2":null,"名稱2":null,"行業代號3":null,"名稱3":null},{"index":124,"id":10033027,"user":"李昭燕","shop":"中央公有零售市場-無","category":"夜市/市場攤販","zone":"中彰投","city":"臺中市","area":"北區","market_name":"中央公有零售市場","market_address":"臺中市北區五權路176號","pay_list":"","pay_tool":"","行業代號":null,"行業代號1":null,"名稱1":null,"行業代號2":null,"名稱2":null,"行業代號3":null,"名稱3":null},{"index":125,"id":10033028,"user":"陳治娟","shop":"中央公有零售市場-無","category":"夜市/市場攤販","zone":"中彰投","city":"臺中市","area":"北區","market_name":"中央公有零售市場","market_address":"臺中市北區五權路176號","pay_list":"","pay_tool":"","行業代號":null,"行業代號1":null,"名稱1":null,"行業代號2":null,"名稱2":null,"行業代號3":null,"名稱3":null},{"index":126,"id":10033029,"user":"母學智","shop":"中央公有零售市場-無","category":"夜市/市場攤販","zone":"中彰投","city":"臺中市","area":"北區","market_name":"中央公有零售市場","market_address":"臺中市北區五權路176號","pay_list":"","pay_tool":"","行業代號":null,"行業代號1":null,"名稱1":null,"行業代號2":null,"名稱2":null,"行業代號3":null,"名稱3":null},{"index":127,"id":10033030,"user":"母學慧","shop":"中央公有零售市場-無","category":"夜市/市場攤販","zone":"中彰投","city":"臺中市","area":"北區","market_name":"中央公有零售市場","market_address":"臺中市北區五權路176號","pay_list":"","pay_tool":"","行業代號":null,"行業代號1":null,"名稱1":null,"行業代號2":null,"名稱2":null,"行業代號3":null,"名稱3":null},{"index":128,"id":10033031,"user":"張芳瑜","shop":"中央公有零售市場-無","category":"夜市/市場攤販","zone":"中彰投","city":"臺中市","area":"北區","market_name":"中央公有零售市場","market_address":"臺中市北區五權路176號","pay_list":"","pay_tool":"","行業代號":null,"行業代號1":null,"名稱1":null,"行業代號2":null,"名稱2":null,"行業代號3":null,"名稱3":null},{"index":129,"id":10033032,"user":"林嬌允","shop":"中央公有零售市場-無","category":"夜市/市場攤販","zone":"中彰投","city":"臺中市","area":"北區","market_name":"中央公有零售市場","market_address":"臺中市北區五權路176號","pay_list":"","pay_tool":"","行業代號":null,"行業代號1":null,"名稱1":null,"行業代號2":null,"名稱2":null,"行業代號3":null,"名稱3":null},{"index":130,"id":10033033,"user":"王鳳美","shop":"中央公有零售市場-無","category":"夜市/市場攤販","zone":"中彰投","city":"臺中市","area":"北區","market_name":"中央公有零售市場","market_address":"臺中市北區五權路176號","pay_list":"","pay_tool":"","行業代號":null,"行業代號1":null,"名稱1":null,"行業代號2":null,"名稱2":null,"行業代號3":null,"名稱3":null},{"index":131,"id":10033034,"user":"許愉婉","shop":"中央公有零售市場-無","category":"夜市/市場攤販","zone":"中彰投","city":"臺中市","area":"北區","market_name":"中央公有零售市場","market_address":"臺中市北區五權路176號","pay_list":"","pay_tool":"","行業代號":null,"行業代號1":null,"名稱1":null,"行業代號2":null,"名稱2":null,"行業代號3":null,"名稱3":null},{"index":132,"id":10033036,"user":"李良成","shop":"中央公有零售市場-無","category":"夜市/市場攤販","zone":"中彰投","city":"臺中市","area":"北區","market_name":"中央公有零售市場","market_address":"臺中市北區五權路176號","pay_list":"","pay_tool":"","行業代號":null,"行業代號1":null,"名稱1":null,"行業代號2":null,"名稱2":null,"行業代號3":null,"名稱3":null},{"index":133,"id":10033037,"user":"徐翊謄","shop":"中央公有零售市場-無","category":"夜市/市場攤販","zone":"中彰投","city":"臺中市","area":"北區","market_name":"中央公有零售市場","market_address":"臺中市北區五權路176號","pay_list":"","pay_tool":"","行業代號":null,"行業代號1":null,"名稱1":null,"行業代號2":null,"名稱2":null,"行業代號3":null,"名稱3":null},{"index":134,"id":10033038,"user":"彭王秀英","shop":"中央公有零售市場-無","category":"夜市/市場攤販","zone":"中彰投","city":"臺中市","area":"北區","market_name":"中央公有零售市場","market_address":"臺中市北區五權路176號","pay_list":"","pay_tool":"","行業代號":null,"行業代號1":null,"名稱1":null,"行業代號2":null,"名稱2":null,"行業代號3":null,"名稱3":null},{"index":135,"id":10033039,"user":"黃聖傑","shop":"中央公有零售市場-無","category":"夜市/市場攤販","zone":"中彰投","city":"臺中市","area":"北區","market_name":"中央公有零售市場","market_address":"臺中市北區五權路176號","pay_list":"","pay_tool":"","行業代號":null,"行業代號1":null,"名稱1":null,"行業代號2":null,"名稱2":null,"行業代號3":null,"名稱3":null},{"index":136,"id":10033040,"user":"林嘉德","shop":"中央公有零售市場-無","category":"夜市/市場攤販","zone":"中彰投","city":"臺中市","area":"北區","market_name":"中央公有零售市場","market_address":"臺中市北區五權路176號","pay_list":"","pay_tool":"","行業代號":null,"行業代號1":null,"名稱1":null,"行業代號2":null,"名稱2":null,"行業代號3":null,"名稱3":null},{"index":137,"id":10033041,"user":"黃陳?","shop":"中央公有零售市場-無","category":"夜市/市場攤販","zone":"中彰投","city":"臺中市","area":"北區","market_name":"中央公有零售市場","market_address":"臺中市北區五權路176號","pay_list":"","pay_tool":"","行業代號":null,"行業代號1":null,"名稱1":null,"行業代號2":null,"名稱2":null,"行業代號3":null,"名稱3":null},{"index":138,"id":10033042,"user":"彭家正","shop":"中央公有零售市場-小香港服飾行","category":"夜市/市場攤販","zone":"中彰投","city":"臺中市","area":"北區","market_name":"中央公有零售市場","market_address":"臺中市北區五權路176號","pay_list":"","pay_tool":"","行業代號":null,"行業代號1":null,"名稱1":null,"行業代號2":null,"名稱2":null,"行業代號3":null,"名稱3":null},{"index":139,"id":10033043,"user":"黃雅冠","shop":"中央公有零售市場-無","category":"夜市/市場攤販","zone":"中彰投","city":"臺中市","area":"北區","market_name":"中央公有零售市場","market_address":"臺中市北區五權路176號","pay_list":"","pay_tool":"","行業代號":null,"行業代號1":null,"名稱1":null,"行業代號2":null,"名稱2":null,"行業代號3":null,"名稱3":null},{"index":140,"id":10033044,"user":"林柏文","shop":"中央公有零售市場-無","category":"夜市/市場攤販","zone":"中彰投","city":"臺中市","area":"北區","market_name":"中央公有零售市場","market_address":"臺中市北區五權路176號","pay_list":"","pay_tool":"","行業代號":null,"行業代號1":null,"名稱1":null,"行業代號2":null,"名稱2":null,"行業代號3":null,"名稱3":null},{"index":141,"id":10033045,"user":"施佑騰","shop":"中央公有零售市場-無","category":"夜市/市場攤販","zone":"中彰投","city":"臺中市","area":"北區","market_name":"中央公有零售市場","market_address":"臺中市北區五權路176號","pay_list":"","pay_tool":"","行業代號":null,"行業代號1":null,"名稱1":null,"行業代號2":null,"名稱2":null,"行業代號3":null,"名稱3":null},{"index":142,"id":10033049,"user":"張珍麗","shop":"中央公有零售市場-無","category":"夜市/市場攤販","zone":"中彰投","city":"臺中市","area":"北區","market_name":"中央公有零售市場","market_address":"臺中市北區五權路176號","pay_list":"","pay_tool":"","行業代號":null,"行業代號1":null,"名稱1":null,"行業代號2":null,"名稱2":null,"行業代號3":null,"名稱3":null},{"index":143,"id":10033050,"user":"陳治穎","shop":"中央公有零售市場-無","category":"夜市/市場攤販","zone":"中彰投","city":"臺中市","area":"北區","market_name":"中央公有零售市場","market_address":"臺中市北區五權路176號","pay_list":"","pay_tool":"","行業代號":null,"行業代號1":null,"名稱1":null,"行業代號2":null,"名稱2":null,"行業代號3":null,"名稱3":null},{"index":144,"id":10033051,"user":"陳明真","shop":"中央公有零售市場-無","category":"夜市/市場攤販","zone":"中彰投","city":"臺中市","area":"北區","market_name":"中央公有零售市場","market_address":"臺中市北區五權路176號","pay_list":"","pay_tool":"","行業代號":null,"行業代號1":null,"名稱1":null,"行業代號2":null,"名稱2":null,"行業代號3":null,"名稱3":null},{"index":145,"id":10033052,"user":"陳明秋","shop":"中央公有零售市場-宏洋服飾行","category":"夜市/市場攤販","zone":"中彰投","city":"臺中市","area":"北區","market_name":"中央公有零售市場","market_address":"臺中市北區五權路176號","pay_list":"","pay_tool":"","行業代號":null,"行業代號1":null,"名稱1":null,"行業代號2":null,"名稱2":null,"行業代號3":null,"名稱3":null},{"index":146,"id":10033053,"user":"李承瑞","shop":"中央公有零售市場-無","category":"夜市/市場攤販","zone":"中彰投","city":"臺中市","area":"北區","market_name":"中央公有零售市場","market_address":"臺中市北區五權路176號","pay_list":"","pay_tool":"","行業代號":null,"行業代號1":null,"名稱1":null,"行業代號2":null,"名稱2":null,"行業代號3":null,"名稱3":null},{"index":147,"id":10033054,"user":"陳治瑋","shop":"中央公有零售市場-無","category":"夜市/市場攤販","zone":"中彰投","city":"臺中市","area":"北區","market_name":"中央公有零售市場","market_address":"臺中市北區五權路176號","pay_list":"","pay_tool":"","行業代號":null,"行業代號1":null,"名稱1":null,"行業代號2":null,"名稱2":null,"行業代號3":null,"名稱3":null},{"index":148,"id":10033055,"user":"黃振雄","shop":"中央公有零售市場-無","category":"夜市/市場攤販","zone":"中彰投","city":"臺中市","area":"北區","market_name":"中央公有零售市場","market_address":"臺中市北區五權路176號","pay_list":"","pay_tool":"","行業代號":null,"行業代號1":null,"名稱1":null,"行業代號2":null,"名稱2":null,"行業代號3":null,"名稱3":null},{"index":149,"id":10033056,"user":"彭家珍","shop":"中央公有零售市場-無","category":"夜市/市場攤販","zone":"中彰投","city":"臺中市","area":"北區","market_name":"中央公有零售市場","market_address":"臺中市北區五權路176號","pay_list":"","pay_tool":"","行業代號":null,"行業代號1":null,"名稱1":null,"行業代號2":null,"名稱2":null,"行業代號3":null,"名稱3":null},{"index":150,"id":10033057,"user":"王天輝","shop":"中央公有零售市場-無","category":"夜市/市場攤販","zone":"中彰投","city":"臺中市","area":"北區","market_name":"中央公有零售市場","market_address":"臺中市北區五權路176號","pay_list":"","pay_tool":"","行業代號":null,"行業代號1":null,"名稱1":null,"行業代號2":null,"名稱2":null,"行業代號3":null,"名稱3":null},{"index":151,"id":10033058,"user":"陳明鑫","shop":"中央公有零售市場-無","category":"夜市/市場攤販","zone":"中彰投","city":"臺中市","area":"北區","market_name":"中央公有零售市場","market_address":"臺中市北區五權路176號","pay_list":"","pay_tool":"","行業代號":null,"行業代號1":null,"名稱1":null,"行業代號2":null,"名稱2":null,"行業代號3":null,"名稱3":null},{"index":152,"id":10033060,"user":"游庭瑋","shop":"中央公有零售市場-無","category":"夜市/市場攤販","zone":"中彰投","city":"臺中市","area":"北區","market_name":"中央公有零售市場","market_address":"臺中市北區五權路176號","pay_list":"","pay_tool":"","行業代號":null,"行業代號1":null,"名稱1":null,"行業代號2":null,"名稱2":null,"行業代號3":null,"名稱3":null},{"index":153,"id":10033061,"user":"林嘉誠","shop":"中央公有零售市場-無","category":"夜市/市場攤販","zone":"中彰投","city":"臺中市","area":"北區","market_name":"中央公有零售市場","market_address":"臺中市北區五權路176號","pay_list":"","pay_tool":"","行業代號":null,"行業代號1":null,"名稱1":null,"行業代號2":null,"名稱2":null,"行業代號3":null,"名稱3":null},{"index":154,"id":10033062,"user":"陳梅霞","shop":"中央公有零售市場-無","category":"夜市/市場攤販","zone":"中彰投","city":"臺中市","area":"北區","market_name":"中央公有零售市場","market_address":"臺中市北區五權路176號","pay_list":"","pay_tool":"","行業代號":null,"行業代號1":null,"名稱1":null,"行業代號2":null,"名稱2":null,"行業代號3":null,"名稱3":null},{"index":155,"id":10033063,"user":"陳金海","shop":"中央公有零售市場-無","category":"夜市/市場攤販","zone":"中彰投","city":"臺中市","area":"北區","market_name":"中央公有零售市場","market_address":"臺中市北區五權路176號","pay_list":"","pay_tool":"","行業代號":null,"行業代號1":null,"名稱1":null,"行業代號2":null,"名稱2":null,"行業代號3":null,"名稱3":null},{"index":156,"id":10033064,"user":"賀昌達","shop":"中央公有零售市場-無","category":"夜市/市場攤販","zone":"中彰投","city":"臺中市","area":"北區","market_name":"中央公有零售市場","market_address":"臺中市北區五權路176號","pay_list":"","pay_tool":"","行業代號":null,"行業代號1":null,"名稱1":null,"行業代號2":null,"名稱2":null,"行業代號3":null,"名稱3":null},{"index":157,"id":10033065,"user":"蔡陳況","shop":"中央公有零售市場-無","category":"夜市/市場攤販","zone":"中彰投","city":"臺中市","area":"北區","market_name":"中央公有零售市場","market_address":"臺中市北區五權路176號","pay_list":"","pay_tool":"","行業代號":null,"行業代號1":null,"名稱1":null,"行業代號2":null,"名稱2":null,"行業代號3":null,"名稱3":null},{"index":158,"id":10033066,"user":"燕方玲","shop":"中央公有零售市場-無","category":"夜市/市場攤販","zone":"中彰投","city":"臺中市","area":"北區","market_name":"中央公有零售市場","market_address":"臺中市北區五權路176號","pay_list":"","pay_tool":"","行業代號":null,"行業代號1":null,"名稱1":null,"行業代號2":null,"名稱2":null,"行業代號3":null,"名稱3":null},{"index":159,"id":10033067,"user":"吉紫彤","shop":"中央公有零售市場-無","category":"夜市/市場攤販","zone":"中彰投","city":"臺中市","area":"北區","market_name":"中央公有零售市場","market_address":"臺中市北區五權路176號","pay_list":"","pay_tool":"","行業代號":null,"行業代號1":null,"名稱1":null,"行業代號2":null,"名稱2":null,"行業代號3":null,"名稱3":null},{"index":160,"id":10033068,"user":"許華恩","shop":"中央公有零售市場-無","category":"夜市/市場攤販","zone":"中彰投","city":"臺中市","area":"北區","market_name":"中央公有零售市場","market_address":"臺中市北區五權路176號","pay_list":"","pay_tool":"","行業代號":null,"行業代號1":null,"名稱1":null,"行業代號2":null,"名稱2":null,"行業代號3":null,"名稱3":null},{"index":161,"id":10033069,"user":"倪文彥","shop":"中央公有零售市場-無","category":"夜市/市場攤販","zone":"中彰投","city":"臺中市","area":"北區","market_name":"中央公有零售市場","market_address":"臺中市北區五權路176號","pay_list":"","pay_tool":"","行業代號":null,"行業代號1":null,"名稱1":null,"行業代號2":null,"名稱2":null,"行業代號3":null,"名稱3":null},{"index":162,"id":10033071,"user":"陳治宇","shop":"中央公有零售市場-無","category":"夜市/市場攤販","zone":"中彰投","city":"臺中市","area":"北區","market_name":"中央公有零售市場","market_address":"臺中市北區五權路176號","pay_list":"","pay_tool":"","行業代號":null,"行業代號1":null,"名稱1":null,"行業代號2":null,"名稱2":null,"行業代號3":null,"名稱3":null},{"index":163,"id":10033072,"user":"陳治強","shop":"中央公有零售市場-無","category":"夜市/市場攤販","zone":"中彰投","city":"臺中市","area":"北區","market_name":"中央公有零售市場","market_address":"臺中市北區五權路176號","pay_list":"","pay_tool":"","行業代號":null,"行業代號1":null,"名稱1":null,"行業代號2":null,"名稱2":null,"行業代號3":null,"名稱3":null},{"index":164,"id":10033073,"user":"吳梨英","shop":"中央公有零售市場-無","category":"夜市/市場攤販","zone":"中彰投","city":"臺中市","area":"北區","market_name":"中央公有零售市場","market_address":"臺中市北區五權路176號","pay_list":"","pay_tool":"","行業代號":null,"行業代號1":null,"名稱1":null,"行業代號2":null,"名稱2":null,"行業代號3":null,"名稱3":null},{"index":165,"id":10033074,"user":"韋冬梅","shop":"中央公有零售市場-無","category":"夜市/市場攤販","zone":"中彰投","city":"臺中市","area":"北區","market_name":"中央公有零售市場","market_address":"臺中市北區五權路176號","pay_list":"","pay_tool":"","行業代號":null,"行業代號1":null,"名稱1":null,"行業代號2":null,"名稱2":null,"行業代號3":null,"名稱3":null},{"index":166,"id":10033075,"user":"陳治伶","shop":"中央公有零售市場-無","category":"夜市/市場攤販","zone":"中彰投","city":"臺中市","area":"北區","market_name":"中央公有零售市場","market_address":"臺中市北區五權路176號","pay_list":"","pay_tool":"","行業代號":null,"行業代號1":null,"名稱1":null,"行業代號2":null,"名稱2":null,"行業代號3":null,"名稱3":null},{"index":167,"id":10033076,"user":"王國珍","shop":"中央公有零售市場-無","category":"夜市/市場攤販","zone":"中彰投","city":"臺中市","area":"北區","market_name":"中央公有零售市場","market_address":"臺中市北區五權路176號","pay_list":"","pay_tool":"","行業代號":null,"行業代號1":null,"名稱1":null,"行業代號2":null,"名稱2":null,"行業代號3":null,"名稱3":null},{"index":168,"id":10033077,"user":"王景亮","shop":"中央公有零售市場-無","category":"夜市/市場攤販","zone":"中彰投","city":"臺中市","area":"北區","market_name":"中央公有零售市場","market_address":"臺中市北區五權路176號","pay_list":"","pay_tool":"","行業代號":null,"行業代號1":null,"名稱1":null,"行業代號2":null,"名稱2":null,"行業代號3":null,"名稱3":null},{"index":169,"id":10033078,"user":"李蓮貞","shop":"中央公有零售市場-無","category":"夜市/市場攤販","zone":"中彰投","city":"臺中市","area":"北區","market_name":"中央公有零售市場","market_address":"臺中市北區五權路176號","pay_list":"","pay_tool":"","行業代號":null,"行業代號1":null,"名稱1":null,"行業代號2":null,"名稱2":null,"行業代號3":null,"名稱3":null},{"index":170,"id":10033079,"user":"任海滔","shop":"中央公有零售市場-無","category":"夜市/市場攤販","zone":"中彰投","city":"臺中市","area":"北區","market_name":"中央公有零售市場","market_address":"臺中市北區五權路176號","pay_list":"","pay_tool":"","行業代號":null,"行業代號1":null,"名稱1":null,"行業代號2":null,"名稱2":null,"行業代號3":null,"名稱3":null},{"index":171,"id":10033080,"user":"陳穎蓁","shop":"中央公有零售市場-無","category":"夜市/市場攤販","zone":"中彰投","city":"臺中市","area":"北區","market_name":"中央公有零售市場","market_address":"臺中市北區五權路176號","pay_list":"","pay_tool":"","行業代號":null,"行業代號1":null,"名稱1":null,"行業代號2":null,"名稱2":null,"行業代號3":null,"名稱3":null},{"index":172,"id":10033082,"user":"鞠龍翔","shop":"中央公有零售市場-無","category":"夜市/市場攤販","zone":"中彰投","city":"臺中市","area":"北區","market_name":"中央公有零售市場","market_address":"臺中市北區五權路176號","pay_list":"","pay_tool":"","行業代號":null,"行業代號1":null,"名稱1":null,"行業代號2":null,"名稱2":null,"行業代號3":null,"名稱3":null},{"index":173,"id":10033083,"user":"施坤良","shop":"中央公有零售市場-中一服飾行","category":"夜市/市場攤販","zone":"中彰投","city":"臺中市","area":"北區","market_name":"中央公有零售市場","market_address":"臺中市北區五權路176號","pay_list":"","pay_tool":"","行業代號":null,"行業代號1":null,"名稱1":null,"行業代號2":null,"名稱2":null,"行業代號3":null,"名稱3":null},{"index":174,"id":10033084,"user":"李良平","shop":"中央公有零售市場-無","category":"夜市/市場攤販","zone":"中彰投","city":"臺中市","area":"北區","market_name":"中央公有零售市場","market_address":"臺中市北區五權路176號","pay_list":"","pay_tool":"","行業代號":null,"行業代號1":null,"名稱1":null,"行業代號2":null,"名稱2":null,"行業代號3":null,"名稱3":null},{"index":175,"id":10033085,"user":"陳秋蟬","shop":"中央公有零售市場-無","category":"夜市/市場攤販","zone":"中彰投","city":"臺中市","area":"北區","market_name":"中央公有零售市場","market_address":"臺中市北區五權路176號","pay_list":"","pay_tool":"","行業代號":null,"行業代號1":null,"名稱1":null,"行業代號2":null,"名稱2":null,"行業代號3":null,"名稱3":null},{"index":176,"id":10033086,"user":"王李秀引","shop":"中央公有零售市場-無","category":"夜市/市場攤販","zone":"中彰投","city":"臺中市","area":"北區","market_name":"中央公有零售市場","market_address":"臺中市北區五權路176號","pay_list":"","pay_tool":"","行業代號":null,"行業代號1":null,"名稱1":null,"行業代號2":null,"名稱2":null,"行業代號3":null,"名稱3":null},{"index":177,"id":10033087,"user":"施佑達","shop":"中央公有零售市場-無","category":"夜市/市場攤販","zone":"中彰投","city":"臺中市","area":"北區","market_name":"中央公有零售市場","market_address":"臺中市北區五權路176號","pay_list":"","pay_tool":"","行業代號":null,"行業代號1":null,"名稱1":null,"行業代號2":null,"名稱2":null,"行業代號3":null,"名稱3":null},{"index":178,"id":10033088,"user":"王雅津","shop":"中央公有零售市場-無","category":"夜市/市場攤販","zone":"中彰投","city":"臺中市","area":"北區","market_name":"中央公有零售市場","market_address":"臺中市北區五權路176號","pay_list":"","pay_tool":"","行業代號":null,"行業代號1":null,"名稱1":null,"行業代號2":null,"名稱2":null,"行業代號3":null,"名稱3":null},{"index":179,"id":10033089,"user":"陳啟剛","shop":"中央公有零售市場-無","category":"夜市/市場攤販","zone":"中彰投","city":"臺中市","area":"北區","market_name":"中央公有零售市場","market_address":"臺中市北區五權路176號","pay_list":"","pay_tool":"","行業代號":null,"行業代號1":null,"名稱1":null,"行業代號2":null,"名稱2":null,"行業代號3":null,"名稱3":null},{"index":180,"id":10033090,"user":"韓春江","shop":"中央公有零售市場-無","category":"夜市/市場攤販","zone":"中彰投","city":"臺中市","area":"北區","market_name":"中央公有零售市場","market_address":"臺中市北區五權路176號","pay_list":"","pay_tool":"","行業代號":null,"行業代號1":null,"名稱1":null,"行業代號2":null,"名稱2":null,"行業代號3":null,"名稱3":null},{"index":181,"id":10033091,"user":"陳淑貞","shop":"中央公有零售市場-無","category":"夜市/市場攤販","zone":"中彰投","city":"臺中市","area":"北區","market_name":"中央公有零售市場","market_address":"臺中市北區五權路176號","pay_list":"","pay_tool":"","行業代號":null,"行業代號1":null,"名稱1":null,"行業代號2":null,"名稱2":null,"行業代號3":null,"名稱3":null},{"index":182,"id":10033093,"user":"王雅汾","shop":"中央公有零售市場-鑫豐服飾行","category":"夜市/市場攤販","zone":"中彰投","city":"臺中市","area":"北區","market_name":"中央公有零售市場","market_address":"臺中市北區五權路176號","pay_list":"","pay_tool":"","行業代號":null,"行業代號1":null,"名稱1":null,"行業代號2":null,"名稱2":null,"行業代號3":null,"名稱3":null},{"index":183,"id":10033094,"user":"吳杰恩","shop":"中央公有零售市場-無","category":"夜市/市場攤販","zone":"中彰投","city":"臺中市","area":"北區","market_name":"中央公有零售市場","market_address":"臺中市北區五權路176號","pay_list":"","pay_tool":"","行業代號":null,"行業代號1":null,"名稱1":null,"行業代號2":null,"名稱2":null,"行業代號3":null,"名稱3":null},{"index":184,"id":10033095,"user":"陳中和","shop":"中央公有零售市場-無","category":"夜市/市場攤販","zone":"中彰投","city":"臺中市","area":"北區","market_name":"中央公有零售市場","market_address":"臺中市北區五權路176號","pay_list":"","pay_tool":"","行業代號":null,"行業代號1":null,"名稱1":null,"行業代號2":null,"名稱2":null,"行業代號3":null,"名稱3":null},{"index":185,"id":10033096,"user":"任瑞文","shop":"中央公有零售市場-無","category":"夜市/市場攤販","zone":"中彰投","city":"臺中市","area":"北區","market_name":"中央公有零售市場","market_address":"臺中市北區五權路176號","pay_list":"","pay_tool":"","行業代號":null,"行業代號1":null,"名稱1":null,"行業代號2":null,"名稱2":null,"行業代號3":null,"名稱3":null},{"index":186,"id":10033097,"user":"許由旭","shop":"中央公有零售市場-無","category":"夜市/市場攤販","zone":"中彰投","city":"臺中市","area":"北區","market_name":"中央公有零售市場","market_address":"臺中市北區五權路176號","pay_list":"","pay_tool":"","行業代號":null,"行業代號1":null,"名稱1":null,"行業代號2":null,"名稱2":null,"行業代號3":null,"名稱3":null},{"index":187,"id":10033098,"user":"林秀惠","shop":"中央公有零售市場-無","category":"夜市/市場攤販","zone":"中彰投","city":"臺中市","area":"北區","market_name":"中央公有零售市場","market_address":"臺中市北區五權路176號","pay_list":"","pay_tool":"","行業代號":null,"行業代號1":null,"名稱1":null,"行業代號2":null,"名稱2":null,"行業代號3":null,"名稱3":null},{"index":188,"id":10033099,"user":"劉軒佑","shop":"中央公有零售市場-無","category":"夜市/市場攤販","zone":"中彰投","city":"臺中市","area":"北區","market_name":"中央公有零售市場","market_address":"臺中市北區五權路176號","pay_list":"","pay_tool":"","行業代號":null,"行業代號1":null,"名稱1":null,"行業代號2":null,"名稱2":null,"行業代號3":null,"名稱3":null},{"index":189,"id":10033100,"user":"母學仁","shop":"中央公有零售市場-無","category":"夜市/市場攤販","zone":"中彰投","city":"臺中市","area":"北區","market_name":"中央公有零售市場","market_address":"臺中市北區五權路176號","pay_list":"","pay_tool":"","行業代號":null,"行業代號1":null,"名稱1":null,"行業代號2":null,"名稱2":null,"行業代號3":null,"名稱3":null},{"index":190,"id":10033101,"user":"林秋蘭","shop":"中央公有零售市場-無","category":"夜市/市場攤販","zone":"中彰投","city":"臺中市","area":"北區","market_name":"中央公有零售市場","market_address":"臺中市北區五權路176號","pay_list":"","pay_tool":"","行業代號":null,"行業代號1":null,"名稱1":null,"行業代號2":null,"名稱2":null,"行業代號3":null,"名稱3":null},{"index":191,"id":10033102,"user":"尹紹禹","shop":"中央公有零售市場-無","category":"夜市/市場攤販","zone":"中彰投","city":"臺中市","area":"北區","market_name":"中央公有零售市場","market_address":"臺中市北區五權路176號","pay_list":"","pay_tool":"","行業代號":null,"行業代號1":null,"名稱1":null,"行業代號2":null,"名稱2":null,"行業代號3":null,"名稱3":null},{"index":192,"id":10033104,"user":"王許秀草","shop":"中央公有零售市場-無","category":"夜市/市場攤販","zone":"中彰投","city":"臺中市","area":"北區","market_name":"中央公有零售市場","market_address":"臺中市北區五權路176號","pay_list":"","pay_tool":"","行業代號":null,"行業代號1":null,"名稱1":null,"行業代號2":null,"名稱2":null,"行業代號3":null,"名稱3":null},{"index":193,"id":10033105,"user":"文周玉枝","shop":"中央公有零售市場-無","category":"夜市/市場攤販","zone":"中彰投","city":"臺中市","area":"北區","market_name":"中央公有零售市場","market_address":"臺中市北區五權路176號","pay_list":"","pay_tool":"","行業代號":null,"行業代號1":null,"名稱1":null,"行業代號2":null,"名稱2":null,"行業代號3":null,"名稱3":null},{"index":194,"id":10033106,"user":"連碧月","shop":"中德公有零售市場-連碧月","category":"夜市/市場攤販","zone":"中彰投","city":"臺中市","area":"北區","market_name":"中德公有零售市場","market_address":"臺中市北區太原五街6號","pay_list":"","pay_tool":"","行業代號":null,"行業代號1":null,"名稱1":null,"行業代號2":null,"名稱2":null,"行業代號3":null,"名稱3":null},{"index":195,"id":10033107,"user":"蔡月員","shop":"中德公有零售市場-蔡月員","category":"夜市/市場攤販","zone":"中彰投","city":"臺中市","area":"北區","market_name":"中德公有零售市場","market_address":"臺中市北區太原五街6號","pay_list":"","pay_tool":"","行業代號":null,"行業代號1":null,"名稱1":null,"行業代號2":null,"名稱2":null,"行業代號3":null,"名稱3":null},{"index":196,"id":10033108,"user":"林麗芬","shop":"中德公有零售市場-林麗芬","category":"夜市/市場攤販","zone":"中彰投","city":"臺中市","area":"北區","market_name":"中德公有零售市場","market_address":"臺中市北區太原五街6號","pay_list":"","pay_tool":"","行業代號":null,"行業代號1":null,"名稱1":null,"行業代號2":null,"名稱2":null,"行業代號3":null,"名稱3":null},{"index":197,"id":10033109,"user":"何信在","shop":"中德公有零售市場-何信在","category":"夜市/市場攤販","zone":"中彰投","city":"臺中市","area":"北區","market_name":"中德公有零售市場","market_address":"臺中市北區太原五街6號","pay_list":"","pay_tool":"","行業代號":null,"行業代號1":null,"名稱1":null,"行業代號2":null,"名稱2":null,"行業代號3":null,"名稱3":null},{"index":198,"id":10033110,"user":"王美月","shop":"中德公有零售市場-王美月","category":"夜市/市場攤販","zone":"中彰投","city":"臺中市","area":"北區","market_name":"中德公有零售市場","market_address":"臺中市北區太原五街6號","pay_list":"","pay_tool":"","行業代號":null,"行業代號1":null,"名稱1":null,"行業代號2":null,"名稱2":null,"行業代號3":null,"名稱3":null},{"index":199,"id":10033111,"user":"洪震宇","shop":"中德公有零售市場-洪震宇","category":"夜市/市場攤販","zone":"中彰投","city":"臺中市","area":"北區","market_name":"中德公有零售市場","market_address":"臺中市北區太原五街6號","pay_list":"","pay_tool":"","行業代號":null,"行業代號1":null,"名稱1":null,"行業代號2":null,"名稱2":null,"行業代號3":null,"名稱3":null},{"index":200,"id":10033112,"user":"黃智惠","shop":"中德公有零售市場-黃智惠","category":"夜市/市場攤販","zone":"中彰投","city":"臺中市","area":"北區","market_name":"中德公有零售市場","market_address":"臺中市北區太原五街6號","pay_list":"","pay_tool":"","行業代號":null,"行業代號1":null,"名稱1":null,"行業代號2":null,"名稱2":null,"行業代號3":null,"名稱3":null}]