[{"index":1,"id":50010114,"category":["糕餅"],"city":"彰化縣","area":"大村鄉","market_name":["非酒精飲料批發","糖果餅乾批發","乳製品（奶粉除外）批發"],"market_address":"彰化縣大村鄉美港村２０鄰美港路臨５１－３號","shop":"青純食品企業有限公司","pay_list":["一卡通","愛金卡"],"zone":"中彰投","user":"鄭淑華","pay_tool":["電子票證"]},{"index":2,"id":50018048,"category":["糕餅"],"city":"彰化縣","area":"大村鄉","market_name":["西點麵包批發","未分類其他食品批發","其他化粧品批發","進口菸酒批發"],"market_address":"彰化縣大村鄉平和村中山路３段２巷４１２號","shop":"義得米亞國際貿易有限公司","pay_list":["LINE Pay Money"],"zone":"中彰投","user":"賴姿穎","pay_tool":["行動支付"]},{"index":3,"id":50022697,"category":["糕餅"],"city":"彰化縣","area":"大村鄉","market_name":["糖果餅乾批發","經營網路購物","西點麵包批發"],"market_address":"彰化縣大村鄉平和村中正東路臨２３８－１號","shop":"曜田有限公司","pay_list":["LINE Pay Money"],"zone":"中彰投","user":"張碧云","pay_tool":["行動支付"]}]