[{"index":1,"id":20049482,"category":["糕餅"],"city":"彰化縣","area":"員林市","market_name":["水果零售","麵食品零售","蔬菜零售"],"market_address":"彰化縣員林市新興里００７鄰和平街７―３號１樓","shop":"上禾商行","pay_list":["LINE Pay Money","街口支付"],"zone":"中彰投","user":"林伯宗","pay_tool":["行動支付"]},{"index":2,"id":50003544,"category":["糕餅"],"city":"彰化縣","area":"員林市","market_name":["西點麵包零售"],"market_address":"彰化縣員林市和平里中山路二段９８號１樓","shop":"瑋鵬食品有限公司員林分公司","pay_list":["LINE Pay Money"],"zone":"中彰投","user":"王韋彭","pay_tool":["行動支付"]},{"index":3,"id":50004255,"category":["糕餅"],"city":"彰化縣","area":"員林市","market_name":["乳製品（奶粉除外）零售","飲料零售","西點麵包零售","糖果餅乾零售"],"market_address":"彰化縣員林市東和里林森路１６６號","shop":"貝里兒菓子坊","pay_list":["台灣 PAY","LINE Pay Money"],"zone":"中彰投","user":"莊沛晴","pay_tool":["行動支付"]},{"index":4,"id":50015509,"category":["糕餅"],"city":"彰化縣","area":"員林市","market_name":["飲料零售","西點麵包零售"],"market_address":"彰化縣員林市中正里２６鄰林森路２８５號","shop":"倍爾國際餐飲有限公司","pay_list":["台灣 PAY","LINE Pay Money"],"zone":"中彰投","user":"黃琮祐","pay_tool":["行動支付"]},{"index":5,"id":50017828,"category":["糕餅"],"city":"彰化縣","area":"員林市","market_name":["飲料零售","西點麵包零售","糕餅麵包製造","糖果餅乾零售"],"market_address":"彰化縣員林市三和里林森路３３６號","shop":"綠洲香頌食品有限公司","pay_list":["台灣 PAY"],"zone":"中彰投","user":"楊美秀","pay_tool":["行動支付"]},{"index":6,"id":50018045,"category":["糕餅","餐飲"],"city":"彰化縣","area":"員林市","market_name":["未分類其他建材批發","西點麵包零售","冰果店、冷（熱）飲店"],"market_address":"彰化縣員林市浮圳里浮圳巷２１之３號","shop":"準提事業有限公司","pay_list":["LINE Pay Money"],"zone":"中彰投","user":"莊莉娜","pay_tool":["行動支付"]},{"index":7,"id":50022227,"category":["糕餅"],"city":"彰化縣","area":"員林市","market_name":["糖果餅乾批發","糖果餅乾零售"],"market_address":"彰化縣員林市大峯里大峯巷６６號","shop":"幸記食品有限公司","pay_list":["台灣 PAY"],"zone":"中彰投","user":"詹秀紅","pay_tool":["行動支付"]},{"index":8,"id":50059360,"category":["糕餅","餐飲"],"city":"彰化縣","area":"員林市","market_name":["西點麵包零售","咖啡館"],"market_address":"彰化縣員林市忠孝里忠孝街１６２號１樓","shop":"法蕾咖啡館","pay_list":["台灣 PAY","LINE Pay Money"],"zone":"中彰投","user":"林雅慧","pay_tool":["行動支付"]},{"index":9,"id":50059926,"category":["糕餅"],"city":"彰化縣","area":"員林市","market_name":["西點麵包零售"],"market_address":"彰化縣員林市南平里南平西街８５號","shop":"良佩商行","pay_list":["LINE Pay Money"],"zone":"中彰投","user":"周學良","pay_tool":["行動支付"]},{"index":10,"id":50059928,"category":["糕餅"],"city":"彰化縣","area":"員林市","market_name":["西點麵包零售"],"market_address":"彰化縣員林市新生里新生路１２７號","shop":"帕諾娃工作室","pay_list":["台灣 PAY","LINE Pay Money"],"zone":"中彰投","user":"洪仁育","pay_tool":["行動支付"]},{"index":11,"id":50082207,"category":["糕餅"],"city":"彰化縣","area":"員林市","market_name":["西點麵包零售"],"market_address":"彰化縣員林市仁美里靜修東路７５號","shop":"仲宸商行","pay_list":["台灣 PAY"],"zone":"中彰投","user":"林奇鋒","pay_tool":["行動支付"]},{"index":12,"id":50082895,"category":["糕餅"],"city":"彰化縣","area":"員林市","market_name":["糖果餅乾零售"],"market_address":"彰化縣員林市三信里中山路２段２２１號１樓","shop":"可可夢手作工坊","pay_list":["台灣 PAY","LINE Pay Money"],"zone":"中彰投","user":"賴嘉宏","pay_tool":["行動支付"]},{"index":13,"id":50106280,"category":["糕餅"],"city":"彰化縣","area":"員林市","market_name":["紙盒、紙袋零售","餐盒零售","咖啡零售","西點麵包零售"],"market_address":"彰化縣員林市和平里中山路二段５５號１樓","shop":"名揚商行","pay_list":["街口支付","LINE Pay Money"],"zone":"中彰投","user":"呂振民","pay_tool":["行動支付"]},{"index":14,"id":50111527,"category":["糕餅"],"city":"彰化縣","area":"員林市","market_name":["飲料零售","西點麵包零售","冰品零售"],"market_address":"彰化縣員林市光明里萬年路三段６５號１樓","shop":"幸福販賣所","pay_list":["LINE Pay Money"],"zone":"中彰投","user":"洪維駿","pay_tool":["行動支付"]},{"index":15,"id":50113323,"category":["糕餅","餐飲"],"city":"彰化縣","area":"員林市","market_name":["西點麵包零售","咖啡零售","咖啡館"],"market_address":"彰化縣員林市仁美里靜修東路１７５號","shop":"昌沃商行","pay_list":["台灣 PAY"],"zone":"中彰投","user":"韓昌哲","pay_tool":["行動支付"]},{"index":16,"id":50123655,"category":["糕餅"],"city":"彰化縣","area":"員林市","market_name":["糖果餅乾零售"],"market_address":"彰化縣員林市和平里新興街１１２－１號１樓","shop":"竹廣香食品行","pay_list":["台灣 PAY"],"zone":"中彰投","user":"陳進榮","pay_tool":["行動支付"]}]