[{"index":1,"id":50061056,"category":["糕餅"],"city":"宜蘭縣","area":"頭城鎮","market_name":["糖果餅乾零售"],"market_address":"宜蘭縣頭城鎮頭濱路２段５５６號","shop":"山蘭名產城","pay_list":["台灣 PAY"],"zone":"宜蘭","user":"徐佩君","pay_tool":["行動支付"]},{"index":2,"id":50097268,"category":["糕餅"],"city":"宜蘭縣","area":"頭城鎮","market_name":["西點麵包零售"],"market_address":"宜蘭縣頭城鎮拔雅里文雅路３３號１樓","shop":"麥子麵包","pay_list":["LINE Pay Money"],"zone":"宜蘭","user":"方俊智","pay_tool":["行動支付"]}]