[{"index":1,"id":20033411,"category":["糕餅"],"city":"南投縣","area":"埔里鎮","market_name":["西點麵包零售","糕餅麵包製造"],"market_address":"南投縣埔里鎮北安里東榮路３８５號","shop":"優米屋手感烘焙","pay_list":["LINE Pay Money","街口支付"],"zone":"中彰投","user":"鍾政霖","pay_tool":["行動支付"]},{"index":2,"id":50005479,"category":["糕餅"],"city":"南投縣","area":"埔里鎮","market_name":["西點麵包零售","糕餅麵包製造"],"market_address":"南投縣埔里鎮西門里信義路６７３號１樓","shop":"柏丁工坊","pay_list":["街口支付","LINE Pay Money"],"zone":"中彰投","user":"柏丁利歐","pay_tool":["行動支付"]},{"index":3,"id":50010929,"category":["糕餅"],"city":"南投縣","area":"埔里鎮","market_name":["西點麵包零售"],"market_address":"南投縣埔里鎮西門里中正路８８７―１號","shop":"天子有限公司","pay_list":["台灣 PAY"],"zone":"中彰投","user":"陳文彰","pay_tool":["行動支付"]},{"index":4,"id":50013028,"category":["糕餅"],"city":"南投縣","area":"埔里鎮","market_name":["西點麵包零售","咖啡零售"],"market_address":"南投縣埔里鎮大城里中山路３段２２４號１樓","shop":"蜜合溏有限公司","pay_list":["台灣 PAY","LINE Pay Money"],"zone":"中彰投","user":"陳金鎇","pay_tool":["行動支付"]},{"index":5,"id":50013422,"category":["糕餅"],"city":"南投縣","area":"埔里鎮","market_name":["未分類其他娛樂及休閒服務","飲料零售","冰淇淋製造","糕餅麵包製造"],"market_address":"南投縣埔里鎮桃米里００４鄰桃米路３２號","shop":"妮娜有限公司","pay_list":["一卡通","LINE Pay Money","愛金卡"],"zone":"中彰投","user":"魏振宇","pay_tool":["電子票證","行動支付"]},{"index":6,"id":50014067,"category":["糕餅","餐飲"],"city":"南投縣","area":"埔里鎮","market_name":["西點麵包零售","冰果店、冷（熱）飲店"],"market_address":"南投縣埔里鎮杷城里中正路２７５―２號","shop":"三合糖有限公司","pay_list":["台灣 PAY","LINE Pay Money"],"zone":"中彰投","user":"陳金鎇","pay_tool":["行動支付"]},{"index":7,"id":50017845,"category":["糕餅"],"city":"南投縣","area":"埔里鎮","market_name":["咖啡零售","糖果餅乾批發","糕餅麵包製造"],"market_address":"南投縣埔里鎮東門里東榮路１５５號１樓","shop":"達倫老爸食品有限公司","pay_list":["LINE Pay Money"],"zone":"中彰投","user":"陳麗卿","pay_tool":["行動支付"]},{"index":8,"id":50030487,"category":["糕餅"],"city":"南投縣","area":"埔里鎮","market_name":["未分類其他食品、飲料及菸草製品零售","其他蔬果加工及保藏品製造","其他烘焙炊蒸食品製造"],"market_address":"南投縣埔里鎮枇杷里００５鄰慈恩街３７３巷２４號","shop":"舜笙股份有限公司","pay_list":["台灣 PAY"],"zone":"中彰投","user":"李宛蓁","pay_tool":["行動支付"]},{"index":9,"id":50040965,"category":["糕餅"],"city":"南投縣","area":"埔里鎮","market_name":["其他化粧品零售","未分類其他食品、飲料及菸草製品零售","糖果餅乾零售"],"market_address":"南投縣埔里鎮北門里自強路９０號","shop":"鐵比倫花園","pay_list":["街口支付"],"zone":"中彰投","user":"施能偉","pay_tool":["行動支付"]},{"index":10,"id":50043337,"category":["糕餅"],"city":"南投縣","area":"埔里鎮","market_name":["飲料零售","西點麵包零售"],"market_address":"南投縣埔里鎮北門里中山路２段２８６號","shop":"哈莉歐經典麵包坊","pay_list":["台灣 PAY"],"zone":"中彰投","user":"黃立信","pay_tool":["行動支付"]},{"index":11,"id":50072305,"category":["糕餅"],"city":"南投縣","area":"埔里鎮","market_name":["西點麵包零售"],"market_address":"南投縣埔里鎮枇杷里慈恩街１５號","shop":"守匠日式甜點","pay_list":["台灣 PAY"],"zone":"中彰投","user":"陳冠霖","pay_tool":["行動支付"]},{"index":12,"id":50079603,"category":["糕餅"],"city":"南投縣","area":"埔里鎮","market_name":["西點麵包零售","糖果餅乾零售"],"market_address":"南投縣埔里鎮南門里南盛街１１５號","shop":"一誠堂餅行","pay_list":["LINE Pay Money"],"zone":"中彰投","user":"古仁政","pay_tool":["行動支付"]},{"index":13,"id":50079666,"category":["糕餅","餐飲"],"city":"南投縣","area":"埔里鎮","market_name":["麵店、小吃店","麵食品零售"],"market_address":"南投縣埔里鎮薰化里中山路３段２１５號","shop":"振松記商店","pay_list":["LINE Pay Money"],"zone":"中彰投","user":"林如玉","pay_tool":["行動支付"]},{"index":14,"id":50083653,"category":["糕餅"],"city":"南投縣","area":"埔里鎮","market_name":["糖果餅乾零售"],"market_address":"南投縣埔里鎮大城里大城五巷１號","shop":"珍棧烘培工坊","pay_list":["台灣 PAY"],"zone":"中彰投","user":"陳彩珍","pay_tool":["行動支付"]},{"index":15,"id":50100361,"category":["糕餅"],"city":"南投縣","area":"埔里鎮","market_name":["其他烘焙炊蒸食品製造","經營網路購物"],"market_address":"南投縣埔里鎮大湳里虎山路９－５號","shop":"承遠食品行","pay_list":["LINE Pay Money"],"zone":"中彰投","user":"哖郁峰","pay_tool":["行動支付"]},{"index":16,"id":50111295,"category":["糕餅","餐飲"],"city":"南投縣","area":"埔里鎮","market_name":["糕餅麵包製造","餐館、餐廳","咖啡館"],"market_address":"南投縣埔里鎮泰安里和平東路３１７號","shop":"雲山烘焙餐館","pay_list":["台灣 PAY"],"zone":"中彰投","user":"詹孟竹","pay_tool":["行動支付"]}]