[{"index":1,"id":20006813,"category":["糕餅"],"city":"彰化縣","area":"溪湖鎮","market_name":["麵食品零售","豆類、麥類及其他雜糧零售"],"market_address":"彰化縣溪湖鎮光華里９鄰環中街１５６號","shop":"五羊麵條","pay_list":["LINE Pay Money","街口支付"],"zone":"中彰投","user":"楊文彰","pay_tool":["行動支付"]},{"index":2,"id":20013087,"category":["糕餅"],"city":"彰化縣","area":"溪湖鎮","market_name":["其他烘焙炊蒸食品製造"],"market_address":"彰化縣溪湖鎮媽厝里海豐路３２號","shop":"聯安食品行","pay_list":["LINE Pay Money","街口支付"],"zone":"中彰投","user":"賴奕全","pay_tool":["行動支付"]},{"index":3,"id":20041044,"category":["糕餅"],"city":"彰化縣","area":"溪湖鎮","market_name":["罐頭食品零售","麵食品零售","未分類其他食品、飲料及菸草製品零售","豆類製品零售"],"market_address":"彰化縣溪湖鎮大竹里彰水路３段７２號","shop":"福元素料行","pay_list":["LINE Pay Money"],"zone":"中彰投","user":"楊宜婷","pay_tool":["行動支付"]},{"index":4,"id":50017934,"category":["糕餅"],"city":"彰化縣","area":"溪湖鎮","market_name":["西點麵包零售","經營網路購物"],"market_address":"彰化縣溪湖鎮西勢里彰水路一段１１３號","shop":"貝林有限公司","pay_list":["台灣 PAY"],"zone":"中彰投","user":"嚴永旭","pay_tool":["行動支付"]},{"index":5,"id":50019274,"category":["糕餅"],"city":"彰化縣","area":"溪湖鎮","market_name":["飲料零售","西點麵包批發"],"market_address":"彰化縣溪湖鎮平和里彰水路３段２７６號","shop":"豐盛食品有限公司","pay_list":["台灣 PAY"],"zone":"中彰投","user":"葉慶明","pay_tool":["行動支付"]},{"index":6,"id":50070998,"category":["糕餅"],"city":"彰化縣","area":"溪湖鎮","market_name":["西點麵包零售","咖啡零售"],"market_address":"彰化縣溪湖鎮大突里二溪路一段４５２號２樓","shop":"啡飲不可咖啡廳","pay_list":["台灣 PAY"],"zone":"中彰投","user":"胡芯惠","pay_tool":["行動支付"]},{"index":7,"id":50071089,"category":["糕餅"],"city":"彰化縣","area":"溪湖鎮","market_name":["餐盒零售","乳製品（奶粉除外）零售","西點麵包零售","糖果餅乾零售"],"market_address":"彰化縣溪湖鎮大竹里平和街１５０號１樓","shop":"德華記烘培工坊","pay_list":["台灣 PAY"],"zone":"中彰投","user":"徐至宏","pay_tool":["行動支付"]},{"index":8,"id":50111353,"category":["糕餅"],"city":"彰化縣","area":"溪湖鎮","market_name":["未分類其他食品、飲料及菸草製品零售","飲料零售","罐頭食品零售","糖果餅乾零售"],"market_address":"彰化縣溪湖鎮東寮里頂新一街１３號１樓","shop":"北島商行","pay_list":["台灣 PAY"],"zone":"中彰投","user":"劉于全","pay_tool":["行動支付"]},{"index":9,"id":50111501,"category":["糕餅"],"city":"彰化縣","area":"溪湖鎮","market_name":["飲料零售","西點麵包零售","水果零售","蔬菜零售"],"market_address":"彰化縣溪湖鎮大竹里彰水路二段７６３巷１６號","shop":"哈凱道商行","pay_list":["台灣 PAY"],"zone":"中彰投","user":"林升緯","pay_tool":["行動支付"]}]