[{"index":1,"id":50072301,"category":["糕餅"],"city":"南投縣","area":"水里鄉","market_name":["其他農作物栽培","糕餅麵包製造","糖果餅乾零售"],"market_address":"南投縣水里鄉永興村林朋巷１５０－８號","shop":"印象朱古力工坊","pay_list":["街口支付"],"zone":"中彰投","user":"張玉華","pay_tool":["行動支付"]},{"index":2,"id":50082524,"category":["糕餅"],"city":"南投縣","area":"水里鄉","market_name":["未分類其他食品、飲料及菸草製品零售","罐頭食品零售","麵食品零售"],"market_address":"南投縣水里鄉車埕村００５鄰民權巷１１０－１號（ＤＥ舖）","shop":"大目農田商號","pay_list":["台灣 PAY","街口支付"],"zone":"中彰投","user":"蔡雯伶","pay_tool":["行動支付"]},{"index":3,"id":50113525,"category":["糕餅"],"city":"南投縣","area":"水里鄉","market_name":["西點麵包零售","經營網路購物"],"market_address":"南投縣水里鄉頂崁村０１３鄰水信路一段６９２號１樓","shop":"斜坡上的咪甜點工作室","pay_list":["LINE Pay Money"],"zone":"中彰投","user":"黃淑慧","pay_tool":["行動支付"]}]