[{"index":1,"id":50006478,"category":["糕餅","餐飲"],"city":"嘉義縣","area":"竹崎鄉","market_name":["西點麵包零售","冰果店、冷（熱）飲店"],"market_address":"嘉義縣竹崎鄉和平村０１０鄰田寮６４號","shop":"祈丞商行","pay_list":["台灣 PAY","LINE Pay Money"],"zone":"雲嘉南","user":"江雅君","pay_tool":["行動支付"]},{"index":2,"id":50056119,"category":["糕餅"],"city":"嘉義縣","area":"竹崎鄉","market_name":["未分類其他食品、飲料及菸草製品零售","西點麵包零售"],"market_address":"嘉義縣竹崎鄉灣橋村０１６鄰灣橋１８５－７號１樓","shop":"迪蜜創意烘焙坊","pay_list":["LINE Pay Money"],"zone":"雲嘉南","user":"吳佳諭","pay_tool":["行動支付"]},{"index":3,"id":50079971,"category":["糕餅"],"city":"嘉義縣","area":"竹崎鄉","market_name":["糕餅麵包製造"],"market_address":"嘉義縣竹崎鄉中和村奮起湖１４２之１號","shop":"天美珍食品店","pay_list":["街口支付","LINE Pay Money"],"zone":"雲嘉南","user":"劉家榮","pay_tool":["行動支付"]}]