[{"index":1,"id":20041000,"category":["糕餅"],"city":"南投縣","area":"魚池鄉","market_name":["陶瓷器皿及餐具零售","茶葉零售","糖果餅乾零售"],"market_address":"南投縣魚池鄉大雁村大雁巷４２－２號","shop":"正美茶棧","pay_list":["LINE Pay Money","街口支付"],"zone":"中彰投","user":"陳秋坤","pay_tool":["行動支付"]},{"index":2,"id":50011466,"category":["糕餅","餐飲"],"city":"南投縣","area":"魚池鄉","market_name":["西點麵包零售","冰果店、冷（熱）飲店","糖果餅乾零售"],"market_address":"南投縣魚池鄉水社村名勝街３２號","shop":"歐根國際有限公司","pay_list":["台灣 PAY","LINE Pay Money"],"zone":"中彰投","user":"王延瑜","pay_tool":["行動支付"]},{"index":3,"id":50019512,"category":["糕餅"],"city":"南投縣","area":"魚池鄉","market_name":["未分類其他娛樂及休閒服務","茶葉零售","糖果餅乾零售"],"market_address":"南投縣魚池鄉新城村修正巷４―２號１號","shop":"上福裕有限公司","pay_list":["台灣 PAY","LINE Pay Money"],"zone":"中彰投","user":"陳榮坤","pay_tool":["行動支付"]},{"index":4,"id":50100358,"category":["糕餅"],"city":"南投縣","area":"魚池鄉","market_name":["其他烘焙炊蒸食品製造","糖果餅乾零售"],"market_address":"南投縣魚池鄉日月村文化街９８號","shop":"十字初戀伊達邵紅茶奶香酥","pay_list":["台灣 PAY","LINE Pay Money"],"zone":"中彰投","user":"陳修心","pay_tool":["行動支付"]},{"index":5,"id":50121136,"category":["糕餅"],"city":"南投縣","area":"魚池鄉","market_name":["糕餅麵包製造","經營網路購物"],"market_address":"南投縣魚池鄉新城村通文巷２號","shop":"甜趣烘焙工作室","pay_list":["台灣 PAY"],"zone":"中彰投","user":"柯圲禹","pay_tool":["行動支付"]}]