[{"index":1,"id":20008165,"category":["糕餅"],"city":"新北市","area":"新店區","market_name":["麵食品零售"],"market_address":"新北市新店區張北里德正街２９號１樓","shop":"胡俊卿","pay_list":["LINE Pay Money"],"zone":"北北基","user":"胡俊卿","pay_tool":["行動支付"]},{"index":2,"id":20044352,"category":["糕餅"],"city":"新北市","area":"新店區","market_name":["西點麵包零售"],"market_address":"新北市新店區安和里安民街３７３號","shop":"美香達西點麵包行","pay_list":["LINE Pay Money"],"zone":"北北基","user":"黃夜合","pay_tool":["行動支付"]},{"index":3,"id":50010578,"category":["糕餅"],"city":"新北市","area":"新店區","market_name":["西點麵包零售"],"market_address":"新北市新店區北新路３段６１號１樓","shop":"皇喜食品有限公司","pay_list":["LINE Pay Money"],"zone":"北北基","user":"陳偉豪","pay_tool":["行動支付"]},{"index":4,"id":50012833,"category":["糕餅"],"city":"新北市","area":"新店區","market_name":["其他商品批發經紀","電腦及電腦週邊設備批發","糖果餅乾零售"],"market_address":"新北市新店區新安里北新路２段１２８號","shop":"韋杰實業有限公司","pay_list":["台灣 PAY"],"zone":"北北基","user":"吳承儒","pay_tool":["行動支付"]},{"index":5,"id":50014243,"category":["糕餅","餐飲"],"city":"新北市","area":"新店區","market_name":["未分類其他食品、飲料及菸草製品零售","餐館、餐廳","經營電視購物、電台購物","糕餅麵包製造"],"market_address":"新北市新店區忠誠里北新路２段１５１號（１樓）","shop":"誠意食品有限公司","pay_list":["台灣 PAY","一卡通","LINE Pay Money","街口支付"],"zone":"北北基","user":"賴林廷","pay_tool":["電子票證","行動支付"]},{"index":6,"id":50015935,"category":["糕餅"],"city":"新北市","area":"新店區","market_name":["經營網路購物","糕餅麵包製造"],"market_address":"新北市新店區寶福里寶興路４５巷３號４樓","shop":"豐稷食品有限公司","pay_list":["LINE Pay Money"],"zone":"北北基","user":"邱采翎","pay_tool":["行動支付"]},{"index":7,"id":50016518,"category":["糕餅"],"city":"新北市","area":"新店區","market_name":["膳食及菜餚罐頭製造","其他烘焙炊蒸食品製造","糕餅麵包製造"],"market_address":"新北市新店區寶福里寶中路７８號４樓","shop":"蕃老爹有限公司","pay_list":["台灣 PAY"],"zone":"北北基","user":"楊承翰","pay_tool":["行動支付"]},{"index":8,"id":50017253,"category":["糕餅"],"city":"新北市","area":"新店區","market_name":["其他水產品批發","糖果餅乾批發","經營網路購物"],"market_address":"新北市新店區百福里福園街５巷２號地下層","shop":"永樂實業有限公司","pay_list":["LINE Pay Money"],"zone":"北北基","user":"蔡家樂","pay_tool":["行動支付"]},{"index":9,"id":50017255,"category":["糕餅"],"city":"新北市","area":"新店區","market_name":["西點麵包零售"],"market_address":"新北市新店區中正里中正路２１７號","shop":"大驤國際有限公司","pay_list":["街口支付","LINE Pay Money"],"zone":"北北基","user":"鍾昆翰","pay_tool":["行動支付"]},{"index":10,"id":50020641,"category":["糕餅","餐飲"],"city":"新北市","area":"新店區","market_name":["未分類其他食品、飲料及菸草製品零售","飲料零售","西點麵包零售","咖啡館"],"market_address":"新北市新店區復興里中正路５２５號","shop":"神田咖啡有限公司","pay_list":["街口支付","LINE Pay Money"],"zone":"北北基","user":"林宇濤","pay_tool":["行動支付"]},{"index":11,"id":50025419,"category":["糕餅"],"city":"新北市","area":"新店區","market_name":["未分類其他家用器具及用品零售","西點麵包零售","未分類其他綜合商品零售","未分類其他食品批發"],"market_address":"新北市新店區寶安里北新路３段１４４號１樓","shop":"馬可先生第九股份有限公司坪林門市部","pay_list":["台灣 PAY","一卡通","街口支付"],"zone":"北北基","user":"陳信融","pay_tool":["電子票證","行動支付"]},{"index":12,"id":50026793,"category":["糕餅","餐飲"],"city":"新北市","area":"新店區","market_name":["其他烘焙炊蒸食品製造","咖啡館"],"market_address":"新北市新店區寶福里寶橋路９２號","shop":"好膳企業股份有限公司新店寶橋店","pay_list":["台灣 PAY"],"zone":"北北基","user":"劉人銘","pay_tool":["行動支付"]},{"index":13,"id":50027027,"category":["糕餅"],"city":"新北市","area":"新店區","market_name":["西點麵包零售"],"market_address":"新北市新店區寶福里寶興路４５巷６弄１０號１樓","shop":"豆穌朋食品股份有限公司","pay_list":["街口支付"],"zone":"北北基","user":"唐彥青","pay_tool":["行動支付"]},{"index":14,"id":50027283,"category":["糕餅"],"city":"新北市","area":"新店區","market_name":["糕餅麵包製造"],"market_address":"新北市新店區民權路４８之３號２樓","shop":"得立食品股份有限公司","pay_list":["LINE Pay Money"],"zone":"北北基","user":"陳國雄","pay_tool":["行動支付"]},{"index":15,"id":50028083,"category":["糕餅"],"city":"新北市","area":"新店區","market_name":["其他糖果製造","糖果餅乾零售"],"market_address":"新北市新店區寶福里寶興路４５巷８弄３號５樓","shop":"宏亞食品股份有限公司","pay_list":["LINE Pay Money"],"zone":"北北基","user":"張云綺","pay_tool":["行動支付"]},{"index":16,"id":50029049,"category":["糕餅"],"city":"新北市","area":"新店區","market_name":["未分類其他食品、飲料及菸草製品零售","飲料零售","西點麵包零售","未分類其他食品批發"],"market_address":"新北市新店區新和里安和路３段１３０號（１樓）","shop":"歐連吉股份有限公司","pay_list":["LINE Pay Money"],"zone":"北北基","user":"陳麗琴","pay_tool":["行動支付"]},{"index":17,"id":50031906,"category":["糕餅"],"city":"新北市","area":"新店區","market_name":["糕餅麵包製造"],"market_address":"新北市新店區中正路５１８巷１１號１樓","shop":"明發食品廠","pay_list":["街口支付"],"zone":"北北基","user":"林利輝","pay_tool":["行動支付"]},{"index":18,"id":50041115,"category":["糕餅"],"city":"新北市","area":"新店區","market_name":["飲料零售","西點麵包零售","其他廣告服務","經營網路購物"],"market_address":"新北市新店區雙城里安康路３段１９３號","shop":"麥格專業烘焙坊","pay_list":["街口支付"],"zone":"北北基","user":"許里阡","pay_tool":["行動支付"]},{"index":19,"id":50041331,"category":["糕餅"],"city":"新北市","area":"新店區","market_name":["西點麵包零售","未分類其他食品批發"],"market_address":"新北市新店區青潭里北宜路１段２７２號２樓","shop":"聖巴黎食品坊","pay_list":["LINE Pay Money"],"zone":"北北基","user":"李金翰","pay_tool":["行動支付"]},{"index":20,"id":50041495,"category":["糕餅"],"city":"新北市","area":"新店區","market_name":["飲料零售","西點麵包零售"],"market_address":"新北市新店區忠誠里北新路２段１４１號１樓","shop":"翔浩食品行","pay_list":["台灣 PAY"],"zone":"北北基","user":"廖瑞展","pay_tool":["行動支付"]},{"index":21,"id":50046084,"category":["糕餅"],"city":"新北市","area":"新店區","market_name":["西點麵包零售"],"market_address":"新北市新店區仁愛里北新路２段５號１樓","shop":"源禧麵包坊羅宋之家","pay_list":["一卡通","LINE Pay Money","愛金卡"],"zone":"北北基","user":"胡瓊月","pay_tool":["電子票證","行動支付"]},{"index":22,"id":50048427,"category":["糕餅"],"city":"新北市","area":"新店區","market_name":["飲料零售","西點麵包零售","咖啡零售"],"market_address":"新北市新店區仁愛里中正路１５４巷１２號１樓","shop":"朵蔓咖啡商行","pay_list":["街口支付","LINE Pay Money"],"zone":"北北基","user":"許守漢","pay_tool":["行動支付"]},{"index":23,"id":50052735,"category":["糕餅"],"city":"新北市","area":"新店區","market_name":["西點麵包零售"],"market_address":"新北市新店區光明街７２號","shop":"源合興麵包店","pay_list":["街口支付"],"zone":"北北基","user":"王源發","pay_tool":["行動支付"]},{"index":24,"id":50067585,"category":["糕餅"],"city":"新北市","area":"新店區","market_name":["西點麵包零售","西點麵包批發"],"market_address":"新北市新店區公崙里安康路２段１４６號２樓","shop":"樂丘洛烘焙屋","pay_list":["台灣 PAY"],"zone":"北北基","user":"李佩佩","pay_tool":["行動支付"]},{"index":25,"id":50096957,"category":["糕餅"],"city":"新北市","area":"新店區","market_name":["飲料零售","麵食品零售"],"market_address":"新北市新店區江陵里民權路１５３號４樓","shop":"御桓水餃店","pay_list":["街口支付"],"zone":"北北基","user":"余秉桓","pay_tool":["行動支付"]},{"index":26,"id":50115043,"category":["糕餅"],"city":"新北市","area":"新店區","market_name":["飲料零售","西點麵包零售"],"market_address":"新北市新店區寶安里民權路１３號（１樓）","shop":"甜樹商行","pay_list":["LINE Pay Money"],"zone":"北北基","user":"林湧程","pay_tool":["行動支付"]},{"index":27,"id":50115087,"category":["糕餅"],"city":"新北市","area":"新店區","market_name":["其他烘焙炊蒸食品製造"],"market_address":"新北市新店區張北里北新路２段５４號（１樓）","shop":"有田川食事工坊","pay_list":["街口支付","LINE Pay Money"],"zone":"北北基","user":"林芷瑩","pay_tool":["行動支付"]},{"index":28,"id":50117594,"category":["糕餅"],"city":"新北市","area":"新店區","market_name":["西點麵包零售"],"market_address":"新北市新店區中正里中正路２６３之３號","shop":"塔塔烘焙坊","pay_list":["LINE Pay Money"],"zone":"北北基","user":"李鑫漪","pay_tool":["行動支付"]},{"index":29,"id":50122229,"category":["糕餅"],"city":"新北市","area":"新店區","market_name":["西點麵包零售","經營網路購物"],"market_address":"新北市新店區公崙里安和路１段２５之２號（１樓）","shop":"黃迺珍手作室","pay_list":["LINE Pay Money"],"zone":"北北基","user":"黃迺珍","pay_tool":["行動支付"]},{"index":30,"id":50125038,"category":["糕餅"],"city":"新北市","area":"新店區","market_name":["西點麵包零售"],"market_address":"新北市新店區安昌里安成街１５號","shop":"優客萊烘焙坊","pay_list":["LINE Pay Money"],"zone":"北北基","user":"程逸村","pay_tool":["行動支付"]}]