[{"index":1,"id":20030756,"category":["糕餅"],"city":"基隆市","area":"仁愛區","market_name":["西點麵包零售"],"market_address":"基隆市仁愛區兆連里獅球路３７巷７號","shop":"國田西點麵包坊","pay_list":["LINE Pay Money"],"zone":"北北基","user":"葉國田","pay_tool":["行動支付"]},{"index":2,"id":50001228,"category":["糕餅"],"city":"基隆市","area":"仁愛區","market_name":["其他糖果製造","其他烘焙炊蒸食品製造","視唱中心（ＫＴＶ）"],"market_address":"基隆市仁愛區和明里仁一路２９９號１樓","shop":"嘉穗創意食品股份有限公司基隆分公司","pay_list":["一卡通"],"zone":"北北基","user":"武榮財","pay_tool":["電子票證"]},{"index":3,"id":50007385,"category":["糕餅"],"city":"基隆市","area":"仁愛區","market_name":["未分類其他食品、飲料及菸草製品零售","飲料零售","西點麵包零售"],"market_address":"基隆市仁愛區玉田里仁二路２０８號１樓","shop":"朋廚食品行","pay_list":["台灣 PAY","LINE Pay Money","街口支付"],"zone":"北北基","user":"王兆豐","pay_tool":["行動支付"]},{"index":4,"id":50008584,"category":["糕餅"],"city":"基隆市","area":"仁愛區","market_name":["菸酒零售","飲料零售","咖啡零售","西點麵包零售"],"market_address":"基隆市仁愛區新店里忠三路２號１樓","shop":"品舜商行","pay_list":["台灣 PAY","LINE Pay Money","街口支付"],"zone":"北北基","user":"黃國良","pay_tool":["行動支付"]},{"index":5,"id":50016033,"category":["糕餅"],"city":"基隆市","area":"仁愛區","market_name":["西點麵包零售","其他烘焙炊蒸食品製造","糕餅麵包製造","未分類其他食品批發"],"market_address":"基隆市仁愛區和明里２鄰仁一路２６１號１樓","shop":"珍味香國際餅家有限公司","pay_list":["LINE Pay Money"],"zone":"北北基","user":"周子傑","pay_tool":["行動支付"]},{"index":6,"id":50022308,"category":["糕餅"],"city":"基隆市","area":"仁愛區","market_name":["西點麵包零售","其他烘焙炊蒸食品製造","經營網路購物","未分類其他食品批發"],"market_address":"基隆市仁愛區博愛里愛二路４２號","shop":"連珍食品有限公司","pay_list":["台灣 PAY","LINE Pay Money","街口支付"],"zone":"北北基","user":"鄭藝達","pay_tool":["行動支付"]},{"index":7,"id":50025708,"category":["糕餅"],"city":"基隆市","area":"仁愛區","market_name":["西點麵包零售","其他烘焙炊蒸食品製造","未分類其他食品批發"],"market_address":"基隆市仁愛區仁德里愛一路２８號","shop":"崗洋食品有限公司愛一門市","pay_list":["LINE Pay Money"],"zone":"北北基","user":"黃隆慶","pay_tool":["行動支付"]},{"index":8,"id":50029380,"category":["糕餅"],"city":"基隆市","area":"仁愛區","market_name":["未分類其他食品、飲料及菸草製品零售","其他水產品批發","其他烘焙炊蒸食品製造","未分類其他食品批發"],"market_address":"基隆市仁愛區明德里忠三路９９號１樓","shop":"嘉德堡股份有限公司","pay_list":["台灣 PAY"],"zone":"北北基","user":"邱炳輝","pay_tool":["行動支付"]},{"index":9,"id":50031282,"category":["糕餅"],"city":"基隆市","area":"仁愛區","market_name":["未分類其他家用器具及用品零售","糖果餅乾零售"],"market_address":"基隆市仁愛區仁德里仁三路９２號","shop":"連達百貨行","pay_list":["台灣 PAY"],"zone":"北北基","user":"黃信傑","pay_tool":["行動支付"]},{"index":10,"id":50034378,"category":["糕餅"],"city":"基隆市","area":"仁愛區","market_name":["西點麵包零售"],"market_address":"基隆市仁愛區博愛里愛二路１０號１樓","shop":"佳美點心專賣店","pay_list":["台灣 PAY"],"zone":"北北基","user":"邱善蕎","pay_tool":["行動支付"]},{"index":11,"id":50038802,"category":["糕餅"],"city":"基隆市","area":"仁愛區","market_name":["其他糖果製造","糖果餅乾零售"],"market_address":"基隆市仁愛區龍門里南榮路１３４巷５６號","shop":"嗎哪食品行","pay_list":["LINE Pay Money"],"zone":"北北基","user":"歐佳華","pay_tool":["行動支付"]},{"index":12,"id":50047674,"category":["糕餅"],"city":"基隆市","area":"仁愛區","market_name":["未分類其他食品、飲料及菸草製品零售","西點麵包零售"],"market_address":"基隆市仁愛區和明里仁二路１５３號１樓","shop":"雅比斯烘焙坊","pay_list":["台灣 PAY"],"zone":"北北基","user":"高慧雅","pay_tool":["行動支付"]},{"index":13,"id":50066711,"category":["糕餅"],"city":"基隆市","area":"仁愛區","market_name":["手機及手機週邊零配件零售","糖果餅乾零售"],"market_address":"基隆市仁愛區新店里孝二路１０９號","shop":"有田百貨行","pay_list":["LINE Pay Money"],"zone":"北北基","user":"顏正蘅","pay_tool":["行動支付"]}]