[{"index":1,"id":20020903,"category":["糕餅","餐飲"],"city":"新北市","area":"鶯歌區","market_name":["西點麵包零售","麵店、小吃店","飲料零售"],"market_address":"新北市鶯歌區南鶯里南雅路５７號","shop":"六木小吃店","pay_list":["LINE Pay Money"],"zone":"北北基","user":"雷毅倫","pay_tool":["行動支付"]},{"index":2,"id":50016351,"category":["糕餅"],"city":"新北市","area":"鶯歌區","market_name":["其他烘焙炊蒸食品製造","糕餅麵包製造","未分類其他食品批發"],"market_address":"新北市鶯歌區鳳祥里鶯桃路３１９號","shop":"順謚健康蛋糕有限公司","pay_list":["台灣 PAY"],"zone":"北北基","user":"馮媄惠","pay_tool":["行動支付"]},{"index":3,"id":50052772,"category":["糕餅"],"city":"新北市","area":"鶯歌區","market_name":["西點麵包零售"],"market_address":"新北市鶯歌區國慶街１６９－１號１樓","shop":"鶯歌餅店","pay_list":["台灣 PAY"],"zone":"北北基","user":"黃金隆","pay_tool":["行動支付"]}]