[{"index":1,"id":50010323,"category":["糕餅"],"city":"新北市","area":"樹林區","market_name":["糕餅麵包製造"],"market_address":"新北市樹林區坡內里大安路５０２號３樓之３","shop":"廣和蓁食品有限公司","pay_list":["台灣 PAY","LINE Pay Money"],"zone":"北北基","user":"周芳蕎","pay_tool":["行動支付"]},{"index":2,"id":50010460,"category":["糕餅"],"city":"新北市","area":"樹林區","market_name":["未分類其他食品、飲料及菸草製品零售","飲料零售","糕餅麵包製造","未分類其他食品批發"],"market_address":"新北市樹林區三福里忠信街８號４樓","shop":"康喜軒食品有限公司","pay_list":["LINE Pay Money"],"zone":"北北基","user":"曾裕林","pay_tool":["行動支付"]},{"index":3,"id":50013290,"category":["糕餅"],"city":"新北市","area":"樹林區","market_name":["非酒精飲料批發","其他烘焙炊蒸食品製造"],"market_address":"新北市樹林區圳生里俊興街２２９號","shop":"諸葛四九食品有限公司","pay_list":["LINE Pay Money"],"zone":"北北基","user":"張逸恆","pay_tool":["行動支付"]},{"index":4,"id":50014069,"category":["糕餅"],"city":"新北市","area":"樹林區","market_name":["其他化粧品批發","其他清潔用品批發","經營網路購物","西點麵包批發"],"market_address":"新北市樹林區東山里中山路二段１５１巷８弄３１號","shop":"誠海有限公司","pay_list":["街口支付"],"zone":"北北基","user":"許翼鴻","pay_tool":["行動支付"]},{"index":5,"id":50019848,"category":["糕餅"],"city":"新北市","area":"樹林區","market_name":["未分類其他食品、飲料及菸草製品零售","其他烘焙炊蒸食品製造"],"market_address":"新北市樹林區圳安里俊英街１２１巷２１號７樓","shop":"早自己朝食製作有限公司","pay_list":["台灣 PAY"],"zone":"北北基","user":"沈聿捷","pay_tool":["行動支付"]},{"index":6,"id":50020073,"category":["糕餅","餐飲"],"city":"新北市","area":"樹林區","market_name":["飲料零售","咖啡零售","餐館、餐廳","西點麵包零售"],"market_address":"新北市樹林區南園里大雅路２６８號（１樓）","shop":"虹瑩有限公司","pay_list":["街口支付","LINE Pay Money"],"zone":"北北基","user":"謝承諭","pay_tool":["行動支付"]},{"index":7,"id":50021752,"category":["糕餅"],"city":"新北市","area":"樹林區","market_name":["冰品批發","西點麵包零售"],"market_address":"新北市樹林區三龍街９７號","shop":"祥立食品有限公司","pay_list":["台灣 PAY"],"zone":"北北基","user":"蕭克仁","pay_tool":["行動支付"]},{"index":8,"id":50027185,"category":["糕餅"],"city":"新北市","area":"樹林區","market_name":["其他糖果製造","其他乳品製造","罐頭食品零售","其他烘焙炊蒸食品製造"],"market_address":"新北市樹林區大安路５０２號３樓之５","shop":"香樂食品股份有限公司","pay_list":["台灣 PAY"],"zone":"北北基","user":"周慧玲","pay_tool":["行動支付"]},{"index":9,"id":50037711,"category":["糕餅"],"city":"新北市","area":"樹林區","market_name":["糖果餅乾批發"],"market_address":"新北市樹林區東山里東興街２７號","shop":"盛宇行","pay_list":["台灣 PAY","LINE Pay Money"],"zone":"北北基","user":"王勁","pay_tool":["行動支付"]},{"index":10,"id":50065713,"category":["糕餅","餐飲"],"city":"新北市","area":"樹林區","market_name":["飲料零售","其他烘焙炊蒸食品製造","咖啡零售","餐館、餐廳"],"market_address":"新北市樹林區和平里中華路６８號、６８號２樓","shop":"成生美食屋","pay_list":["台灣 PAY","LINE Pay Money","街口支付"],"zone":"北北基","user":"林俊穎","pay_tool":["行動支付"]},{"index":11,"id":50103651,"category":["糕餅"],"city":"新北市","area":"樹林區","market_name":["未分類其他食品、飲料及菸草製品零售","其他烘焙炊蒸食品製造"],"market_address":"新北市樹林區樹德里復興路１１６號３樓","shop":"莉莉磨坊","pay_list":["LINE Pay Money"],"zone":"北北基","user":"李宜蓁","pay_tool":["行動支付"]},{"index":12,"id":50121606,"category":["糕餅"],"city":"新北市","area":"樹林區","market_name":["西點麵包零售"],"market_address":"新北市樹林區中華路８８號１樓","shop":"凱薩西點麵包店","pay_list":["LINE Pay Money"],"zone":"北北基","user":"王進祥","pay_tool":["行動支付"]}]