[{"index":1,"id":50072061,"category":["糕餅"],"city":"彰化縣","area":"芳苑鄉","market_name":["蛋類批發","食用油脂批發","糖果餅乾批發","保健食品批發"],"market_address":"彰化縣芳苑鄉文津村００７鄰芳草路４１－１號","shop":"御品園蛋品行","pay_list":["台灣 PAY","LINE Pay Money"],"zone":"中彰投","user":"陳郁雄","pay_tool":["行動支付"]},{"index":2,"id":50113319,"category":["糕餅"],"city":"彰化縣","area":"芳苑鄉","market_name":["經營網路購物","糖果餅乾零售"],"market_address":"彰化縣芳苑鄉文津村功湖路草湖段３５５巷６號１樓","shop":"沁祈商行","pay_list":["LINE Pay Money"],"zone":"中彰投","user":"陳瑜容","pay_tool":["行動支付"]}]