[{"index":1,"id":50010250,"category":["糕餅"],"city":"基隆市","area":"暖暖區","market_name":["飲料零售","西點麵包零售"],"market_address":"基隆市暖暖區暖暖街２８１巷６８號","shop":"亨達食品有限公司","pay_list":["台灣 PAY"],"zone":"北北基","user":"林盈朱","pay_tool":["行動支付"]},{"index":2,"id":50047642,"category":["糕餅"],"city":"基隆市","area":"暖暖區","market_name":["未分類其他食品、飲料及菸草製品零售","西點麵包零售","經營網路購物"],"market_address":"基隆市暖暖區暖暖里暖暖街２３３號","shop":"森徑三十七商行","pay_list":["台灣 PAY"],"zone":"北北基","user":"蔡天祥","pay_tool":["行動支付"]},{"index":3,"id":50056410,"category":["糕餅"],"city":"基隆市","area":"暖暖區","market_name":["西點麵包零售"],"market_address":"基隆市暖暖區暖同里東勢街１―２０號１樓","shop":"力麥食品行","pay_list":["台灣 PAY"],"zone":"北北基","user":"黃祈發","pay_tool":["行動支付"]},{"index":4,"id":50090247,"category":["糕餅"],"city":"基隆市","area":"暖暖區","market_name":["西點麵包零售"],"market_address":"基隆市暖暖區暖暖街１８２號１樓","shop":"珍味香食品行","pay_list":["LINE Pay Money"],"zone":"北北基","user":"周子棋","pay_tool":["行動支付"]},{"index":5,"id":50118225,"category":["糕餅"],"city":"基隆市","area":"暖暖區","market_name":["麵食品零售","水果零售","豆類製品零售","蔬菜零售"],"market_address":"基隆市暖暖區八堵里水源路１５號","shop":"白陽商行","pay_list":["台灣 PAY"],"zone":"北北基","user":"廖麗雪","pay_tool":["行動支付"]}]