[{"index":1,"id":50007829,"category":["糕餅"],"city":"屏東縣","area":"琉球鄉","market_name":["未分類其他食品、飲料及菸草製品零售","糕餅麵包製造","未分類其他食品批發"],"market_address":"屏東縣琉球鄉本福村民生路６３號","shop":"小琉球美食咖啡店","pay_list":["台灣 PAY","LINE Pay Money"],"zone":"高屏","user":"陳坤鴻","pay_tool":["行動支付"]},{"index":2,"id":50013364,"category":["糕餅"],"city":"屏東縣","area":"琉球鄉","market_name":["未分類其他食品、飲料及菸草製品零售","綜合商品拍賣（零售）","糖果餅乾批發"],"market_address":"屏東縣琉球鄉天福村０１４鄰中興路３號１樓","shop":"福味企業有限公司","pay_list":["台灣 PAY"],"zone":"高屏","user":"蔡林牡丹","pay_tool":["行動支付"]}]