[{"index":1,"id":50011444,"category":["糕餅"],"city":"屏東縣","area":"萬巒鄉","market_name":["未分類其他食品、飲料及菸草製品零售","脫水蔬菜、脫水果實製造","糕餅麵包製造"],"market_address":"屏東縣萬巒鄉萬金村０１３鄰萬興路７９―３號","shop":"鑫瀅有限公司","pay_list":["LINE Pay Money"],"zone":"高屏","user":"陳瀅菁","pay_tool":["行動支付"]},{"index":2,"id":50062946,"category":["糕餅"],"city":"屏東縣","area":"萬巒鄉","market_name":["西點麵包零售","糖果餅乾零售"],"market_address":"屏東縣萬巒鄉萬金村萬興路３０－１號","shop":"三零一手感烘培","pay_list":["台灣 PAY"],"zone":"高屏","user":"潘淑如","pay_tool":["行動支付"]}]