[{"index":1,"id":50004807,"category":["糕餅"],"city":"嘉義縣","area":"民雄鄉","market_name":["西點麵包零售"],"market_address":"嘉義縣民雄鄉東榮村１６鄰文化路２８號","shop":"麥田歐式烘焙屋","pay_list":["一卡通"],"zone":"雲嘉南","user":"李少甫","pay_tool":["電子票證"]},{"index":2,"id":50028393,"category":["糕餅"],"city":"嘉義縣","area":"民雄鄉","market_name":["其他調味品製造","豆類加工食品（豆腐、豆乾、豆皮、豆腐乳、豆豉、豆漿除外）製造","其他烘焙炊蒸食品製造","肉類罐頭製造"],"market_address":"嘉義縣民雄鄉北斗村０２６鄰新生街１０號","shop":"得益生物科技股份有限公司","pay_list":["LINE Pay Money"],"zone":"雲嘉南","user":"黃聖宏","pay_tool":["行動支付"]},{"index":3,"id":50028918,"category":["糕餅"],"city":"嘉義縣","area":"民雄鄉","market_name":["其他化粧品零售","未分類其他食品、飲料及菸草製品零售","其他烘焙炊蒸食品製造","未分類其他食品批發"],"market_address":"嘉義縣民雄鄉三興村１鄰陳厝寮１―３號","shop":"三合美食品股份有限公司","pay_list":["台灣 PAY","LINE Pay Money","街口支付"],"zone":"雲嘉南","user":"劉家發","pay_tool":["行動支付"]},{"index":4,"id":50039323,"category":["糕餅"],"city":"嘉義縣","area":"民雄鄉","market_name":["其他烘焙炊蒸食品製造","飲料零售","黃豆粉製造","蔬果汁飲料製造"],"market_address":"嘉義縣民雄鄉文隆村１４鄰鴨母坔９０－１１號","shop":"圓滿生機食品工廠","pay_list":["LINE Pay Money"],"zone":"雲嘉南","user":"蕭宏眞","pay_tool":["行動支付"]},{"index":5,"id":50053504,"category":["糕餅"],"city":"嘉義縣","area":"民雄鄉","market_name":["未分類其他綜合商品零售","糕餅麵包製造"],"market_address":"嘉義縣民雄鄉山中村１９鄰牛斗山２０９―２８號","shop":"一家五口烘培坊","pay_list":["一卡通","LINE Pay Money"],"zone":"雲嘉南","user":"劉清隆","pay_tool":["電子票證","行動支付"]},{"index":6,"id":50056142,"category":["糕餅"],"city":"嘉義縣","area":"民雄鄉","market_name":["糕餅麵包製造"],"market_address":"嘉義縣民雄鄉大崎村００５鄰大丘園１８３號１樓","shop":"食在鮮蛋糕房","pay_list":["LINE Pay Money"],"zone":"雲嘉南","user":"陳怡君","pay_tool":["行動支付"]},{"index":7,"id":50079975,"category":["糕餅"],"city":"嘉義縣","area":"民雄鄉","market_name":["未分類其他食品、飲料及菸草製品零售","醃漬蔬菜、醃漬果實製造","糖果餅乾零售"],"market_address":"嘉義縣民雄鄉三興村陳厝寮３８號","shop":"民雄金桔加工廠","pay_list":["台灣 PAY","LINE Pay Money"],"zone":"雲嘉南","user":"蔡錫安","pay_tool":["行動支付"]},{"index":8,"id":50093446,"category":["糕餅"],"city":"嘉義縣","area":"民雄鄉","market_name":["糕餅麵包製造"],"market_address":"嘉義縣民雄鄉興南村００１鄰建國路三段１４３號","shop":"米那烘焙坊","pay_list":["LINE Pay Money"],"zone":"雲嘉南","user":"賴美榕","pay_tool":["行動支付"]},{"index":9,"id":50110172,"category":["糕餅"],"city":"嘉義縣","area":"民雄鄉","market_name":["糕餅麵包製造"],"market_address":"嘉義縣民雄鄉大崎村１５鄰十四甲１３４號","shop":"品香手感烘焙坊","pay_list":["LINE Pay Money"],"zone":"雲嘉南","user":"蕭宇宏","pay_tool":["行動支付"]}]