[{"index":1,"id":20038507,"category":["糕餅"],"city":"新北市","area":"汐止區","market_name":["西點麵包零售"],"market_address":"新北市汐止區禮門里大同路二段３７８號２樓之２","shop":"汐止區觀光夜市第１２號攤位","pay_list":["LINE Pay Money"],"zone":"北北基","user":"張森益","pay_tool":["行動支付"]},{"index":2,"id":20047960,"category":["糕餅","餐飲"],"city":"新北市","area":"汐止區","market_name":["冰果店、冷（熱）飲店","西點麵包零售"],"market_address":"新北市汐止區新台五路一段２６０號之８","shop":"果知趣商行","pay_list":["LINE Pay Money"],"zone":"北北基","user":"陳姝靜","pay_tool":["行動支付"]},{"index":3,"id":50011238,"category":["糕餅"],"city":"新北市","area":"汐止區","market_name":["糕餅麵包製造","未分類其他食品批發"],"market_address":"新北市汐止區大同里大同路二段２３０號","shop":"辰湍食品有限公司","pay_list":["街口支付","LINE Pay Money"],"zone":"北北基","user":"黃俊賢","pay_tool":["行動支付"]},{"index":4,"id":50015455,"category":["糕餅"],"city":"新北市","area":"汐止區","market_name":["西點麵包零售","糕餅麵包製造"],"market_address":"新北市汐止區江北里汐萬路一段２１１巷２６號１、２、３、４、５樓","shop":"香帥蛋糕有限公司","pay_list":["台灣 PAY"],"zone":"北北基","user":"王志德","pay_tool":["行動支付"]},{"index":5,"id":50015591,"category":["糕餅"],"city":"新北市","area":"汐止區","market_name":["西點麵包零售"],"market_address":"新北市汐止區興福里福德一路１７７巷１５號（１樓）","shop":"夢想花園烘焙坊有限公司","pay_list":["LINE Pay Money"],"zone":"北北基","user":"江家宇","pay_tool":["行動支付"]},{"index":6,"id":50015937,"category":["糕餅"],"city":"新北市","area":"汐止區","market_name":["西點麵包零售"],"market_address":"新北市汐止區大同里大同路２段３１２巷９弄２號１樓","shop":"米娜食品有限公司","pay_list":["LINE Pay Money"],"zone":"北北基","user":"蘇宜穎","pay_tool":["行動支付"]},{"index":7,"id":50016745,"category":["糕餅"],"city":"新北市","area":"汐止區","market_name":["其他糖果製造","其他非酒精飲料製造","其他烘焙炊蒸食品製造","糖果餅乾零售"],"market_address":"新北市汐止區湖興里伯爵街９５巷１３號","shop":"原風禮坊有限公司","pay_list":["台灣 PAY"],"zone":"北北基","user":"胡馬燕萍","pay_tool":["行動支付"]},{"index":8,"id":50017090,"category":["糕餅"],"city":"新北市","area":"汐止區","market_name":["西點麵包零售","其他烘焙炊蒸食品製造"],"market_address":"新北市汐止區明峰街１６８號（１樓）","shop":"馥馨香有限公司","pay_list":["街口支付"],"zone":"北北基","user":"馬秀琴","pay_tool":["行動支付"]},{"index":9,"id":50019401,"category":["糕餅"],"city":"新北市","area":"汐止區","market_name":["罐頭批發","糖果餅乾批發","未分類其他食品批發"],"market_address":"新北市汐止區湖興里伯爵街３５巷１４號","shop":"廣榮國際有限公司","pay_list":["台灣 PAY"],"zone":"北北基","user":"林榮清","pay_tool":["行動支付"]},{"index":10,"id":50027197,"category":["糕餅"],"city":"新北市","area":"汐止區","market_name":["膳食及菜餚罐頭製造","動物飼品批發","其他烘焙炊蒸食品製造","未分類其他食品批發"],"market_address":"新北市汐止區新臺五路１段７５號１１樓之２","shop":"柏希菲克股份有限公司","pay_list":["街口支付"],"zone":"北北基","user":"何育冠","pay_tool":["行動支付"]},{"index":11,"id":50029058,"category":["糕餅","餐飲"],"city":"新北市","area":"汐止區","market_name":["其他烘焙炊蒸食品製造","冰果店、冷（熱）飲店","未分類其他食品批發"],"market_address":"新北市汐止區保安里大同路３段３６９巷２０號（３樓）","shop":"荃鴻股份有限公司","pay_list":["台灣 PAY","LINE Pay Money"],"zone":"北北基","user":"徐鴻鈞","pay_tool":["行動支付"]},{"index":12,"id":50029636,"category":["糕餅"],"city":"新北市","area":"汐止區","market_name":["其他烘焙炊蒸食品製造","經營網路購物"],"market_address":"新北市汐止區北山里康寧街１６９巷２７號２樓之３","shop":"東金巴黎食品股份有限公司","pay_list":["台灣 PAY"],"zone":"北北基","user":"陳國文","pay_tool":["行動支付"]},{"index":13,"id":50030654,"category":["糕餅"],"city":"新北市","area":"汐止區","market_name":["糖果餅乾批發","其他烘焙炊蒸食品製造","糕餅麵包製造","西點麵包批發"],"market_address":"新北市汐止區大同路１段３０２巷６號１樓","shop":"超比食品企業股份有限公司","pay_list":["台灣 PAY"],"zone":"北北基","user":"王振昌","pay_tool":["行動支付"]},{"index":14,"id":50039033,"category":["糕餅"],"city":"新北市","area":"汐止區","market_name":["一般麵條、粉條製造","麵食品零售"],"market_address":"新北市汐止區宜興里林森街９號","shop":"莊盛號","pay_list":["LINE Pay Money"],"zone":"北北基","user":"莊錫聰","pay_tool":["行動支付"]},{"index":15,"id":50041900,"category":["糕餅"],"city":"新北市","area":"汐止區","market_name":["西點麵包零售"],"market_address":"新北市汐止區北峯里康寧街３８４號１樓","shop":"喜多西點麵包店","pay_list":["台灣 PAY"],"zone":"北北基","user":"張健智","pay_tool":["行動支付"]},{"index":16,"id":50047531,"category":["糕餅","餐飲"],"city":"新北市","area":"汐止區","market_name":["西點麵包零售","冰果店、冷（熱）飲店"],"market_address":"新北市汐止區文化里新台五路１段９６號","shop":"橘先生食品行","pay_list":["台灣 PAY","一卡通","LINE Pay Money","街口支付"],"zone":"北北基","user":"張宏達","pay_tool":["電子票證","行動支付"]},{"index":17,"id":50065491,"category":["糕餅","餐飲"],"city":"新北市","area":"汐止區","market_name":["西點麵包零售","冰果店、冷（熱）飲店"],"market_address":"新北市汐止區復興里新台五路一段７５號地下一層","shop":"彩虹石頭咖啡廳","pay_list":["台灣 PAY","一卡通","LINE Pay Money"],"zone":"北北基","user":"吳淑芬","pay_tool":["電子票證","行動支付"]},{"index":18,"id":50084278,"category":["糕餅"],"city":"新北市","area":"汐止區","market_name":["未分類其他食品、飲料及菸草製品零售","其他烘焙炊蒸食品製造","經營網路購物"],"market_address":"新北市汐止區建成里建成路７８號１３樓之１","shop":"熊好點心坊","pay_list":["LINE Pay Money"],"zone":"北北基","user":"杜華善","pay_tool":["行動支付"]},{"index":19,"id":50118074,"category":["糕餅"],"city":"新北市","area":"汐止區","market_name":["糕餅麵包製造","西點麵包批發"],"market_address":"新北市汐止區長安里長安路１１號","shop":"諾亞方舟烘焙坊","pay_list":["街口支付"],"zone":"北北基","user":"施昭祥","pay_tool":["行動支付"]}]