[{"index":1,"id":20026373,"category":["糕餅"],"city":"彰化縣","area":"彰化市","market_name":["糖果餅乾零售"],"market_address":"彰化縣彰化市五權里自強南路２２巷９弄１９―２號","shop":"高總手作工坊","pay_list":["LINE Pay Money"],"zone":"中彰投","user":"高逸翔","pay_tool":["行動支付"]},{"index":2,"id":20045398,"category":["糕餅"],"city":"彰化縣","area":"彰化市","market_name":["糖果餅乾零售"],"market_address":"彰化縣彰化市民生里三民路２４３號","shop":"洪瑞珍商行","pay_list":["LINE Pay Money"],"zone":"中彰投","user":"洪灼華","pay_tool":["行動支付"]},{"index":3,"id":50005495,"category":["糕餅","餐飲"],"city":"彰化縣","area":"彰化市","market_name":["菸酒零售","西點麵包零售","冰果店、冷（熱）飲店","醫療耗材零售"],"market_address":"彰化縣彰化市復興里中山路３段２２０號１樓","shop":"育承坊","pay_list":["台灣 PAY","LINE Pay Money","街口支付"],"zone":"中彰投","user":"謝雅鳳","pay_tool":["行動支付"]},{"index":4,"id":50006140,"category":["糕餅"],"city":"彰化縣","area":"彰化市","market_name":["飲料零售","西點麵包零售"],"market_address":"彰化縣彰化市南瑤里中正路２段６７９號１樓","shop":"璽豐咖啡坊","pay_list":["台灣 PAY","LINE Pay Money"],"zone":"中彰投","user":"蕭美娟","pay_tool":["行動支付"]},{"index":5,"id":50007071,"category":["糕餅"],"city":"彰化縣","area":"彰化市","market_name":["西點麵包批發"],"market_address":"彰化縣彰化市茄南里永安街４７４號２樓","shop":"可佳烘焙坊","pay_list":["台灣 PAY"],"zone":"中彰投","user":"莊凱程","pay_tool":["行動支付"]},{"index":6,"id":50008182,"category":["糕餅"],"city":"彰化縣","area":"彰化市","market_name":["飲料零售","西點麵包零售"],"market_address":"彰化縣彰化市大竹里彰南路二段１９９號","shop":"君鴻商行","pay_list":["台灣 PAY","LINE Pay Money"],"zone":"中彰投","user":"許智浩","pay_tool":["行動支付"]},{"index":7,"id":50011932,"category":["糕餅"],"city":"彰化縣","area":"彰化市","market_name":["未分類其他食品、飲料及菸草製品零售","其他糖果製造","糖果餅乾批發","未分類其他食品批發"],"market_address":"彰化縣彰化市福山里山中街８１巷５４號之１","shop":"禾堉食品有限公司","pay_list":["台灣 PAY"],"zone":"中彰投","user":"洪淑靜","pay_tool":["行動支付"]},{"index":8,"id":50012135,"category":["糕餅"],"city":"彰化縣","area":"彰化市","market_name":["西點麵包零售","糕餅麵包製造","糖果餅乾零售"],"market_address":"彰化縣彰化市大竹里彰南路２段１６５號","shop":"寶珍香食品有限公司","pay_list":["台灣 PAY"],"zone":"中彰投","user":"王世忠","pay_tool":["行動支付"]},{"index":9,"id":50013790,"category":["糕餅"],"city":"彰化縣","area":"彰化市","market_name":["小件家用器皿零售","醫療耗材零售","調理包食品零售","糖果餅乾零售"],"market_address":"彰化縣彰化市南興里００５鄰中山路一段３７３號１樓","shop":"捷麗興業有限公司","pay_list":["台灣 PAY"],"zone":"中彰投","user":"馮莉貽","pay_tool":["行動支付"]},{"index":10,"id":50017770,"category":["糕餅"],"city":"彰化縣","area":"彰化市","market_name":["糕餅麵包製造"],"market_address":"彰化縣彰化市東興里南郭路一段４９號","shop":"長悅食品有限公司","pay_list":["台灣 PAY","LINE Pay Money"],"zone":"中彰投","user":"黃琮祐","pay_tool":["行動支付"]},{"index":11,"id":50017904,"category":["糕餅"],"city":"彰化縣","area":"彰化市","market_name":["糖果餅乾批發","經營網路購物","糖果餅乾零售"],"market_address":"彰化縣彰化市西勢里忠誠路１６號","shop":"沐晞食品有限公司","pay_list":["台灣 PAY","LINE Pay Money"],"zone":"中彰投","user":"陳致勇","pay_tool":["行動支付"]},{"index":12,"id":50020545,"category":["糕餅"],"city":"彰化縣","area":"彰化市","market_name":["西點麵包零售","咖啡零售","醫療耗材零售"],"market_address":"彰化縣彰化市延平里００３鄰大埔路４００號１樓","shop":"君珮有限公司","pay_list":["台灣 PAY","LINE Pay Money"],"zone":"中彰投","user":"陳佩儀","pay_tool":["行動支付"]},{"index":13,"id":50021386,"category":["糕餅"],"city":"彰化縣","area":"彰化市","market_name":["未分類其他食品、飲料及菸草製品零售","非酒精飲料批發","西點麵包批發"],"market_address":"彰化縣彰化市光南里０１０鄰旭光路３３１號","shop":"瑋鵬實業有限公司","pay_list":["台灣 PAY","LINE Pay Money"],"zone":"中彰投","user":"王韋彭","pay_tool":["行動支付"]},{"index":14,"id":50022312,"category":["糕餅"],"city":"彰化縣","area":"彰化市","market_name":["其他商品批發經紀","經營網路購物","糕餅麵包製造","糖果餅乾零售"],"market_address":"彰化縣彰化市大同里民生路１５２號","shop":"義華國際食品有限公司","pay_list":["台灣 PAY"],"zone":"中彰投","user":"楊志川","pay_tool":["行動支付"]},{"index":15,"id":50022643,"category":["糕餅"],"city":"彰化縣","area":"彰化市","market_name":["西點麵包零售","西點麵包批發"],"market_address":"彰化縣彰化市新興里１１鄰彰新路１段６９號１樓","shop":"瑋鵬食品有限公司","pay_list":["LINE Pay Money"],"zone":"中彰投","user":"王韋彭","pay_tool":["行動支付"]},{"index":16,"id":50024356,"category":["糕餅"],"city":"彰化縣","area":"彰化市","market_name":["飲料零售","西點麵包零售"],"market_address":"彰化縣彰化市成功里００８鄰中山路２段７３，７５號","shop":"馬可先生第三股份有限公司彰化門市部","pay_list":["台灣 PAY","一卡通","LINE Pay Money","街口支付"],"zone":"中彰投","user":"王麗珠","pay_tool":["電子票證","行動支付"]},{"index":17,"id":50028291,"category":["糕餅"],"city":"彰化縣","area":"彰化市","market_name":["冰品批發","綜合商品批發","糖果餅乾批發","經營網路購物"],"market_address":"彰化縣彰化市崙平里平和一街６６號１樓","shop":"合益食品股份有限公司","pay_list":["LINE Pay Money"],"zone":"中彰投","user":"柯登耀","pay_tool":["行動支付"]},{"index":18,"id":50030365,"category":["糕餅","餐飲"],"city":"彰化縣","area":"彰化市","market_name":["企業總管理機構","其他管理顧問服務","麵食品批發","餐館、餐廳"],"market_address":"彰化縣彰化市光南里旭光路２０９號１樓","shop":"日出川股份有限公司","pay_list":["LINE Pay Money"],"zone":"中彰投","user":"蔡佳燕","pay_tool":["行動支付"]},{"index":19,"id":50037142,"category":["糕餅"],"city":"彰化縣","area":"彰化市","market_name":["西點麵包零售"],"market_address":"彰化縣彰化市新華里彰美路１段９０號","shop":"皇品食品烘焙屋","pay_list":["台灣 PAY"],"zone":"中彰投","user":"黄連發","pay_tool":["行動支付"]},{"index":20,"id":50049004,"category":["糕餅"],"city":"彰化縣","area":"彰化市","market_name":["乳製品（奶粉除外）零售","麵食品零售"],"market_address":"彰化縣彰化市香山里彰興路２段２３８―５號１樓","shop":"健豪農產品商行","pay_list":["LINE Pay Money"],"zone":"中彰投","user":"楊仁豪","pay_tool":["行動支付"]},{"index":21,"id":50059413,"category":["糕餅"],"city":"彰化縣","area":"彰化市","market_name":["未分類其他食品、飲料及菸草製品零售","其他糖果製造","糕餅麵包製造"],"market_address":"彰化縣彰化市彰安里中正路２段４６１巷７號","shop":"淳手作甜點","pay_list":["LINE Pay Money"],"zone":"中彰投","user":"張淳皓","pay_tool":["行動支付"]},{"index":22,"id":50082205,"category":["糕餅"],"city":"彰化縣","area":"彰化市","market_name":["西點麵包零售"],"market_address":"彰化縣彰化市大竹里彰南路二段２３０號","shop":"藏蜜手作烘焙坊","pay_list":["台灣 PAY"],"zone":"中彰投","user":"陳秀雲","pay_tool":["行動支付"]},{"index":23,"id":50082881,"category":["糕餅"],"city":"彰化縣","area":"彰化市","market_name":["雨衣、雨鞋零售","糖果餅乾零售"],"market_address":"彰化縣彰化市西勢里自強南路３１９號１樓","shop":"雨強商行","pay_list":["台灣 PAY"],"zone":"中彰投","user":"吳紫嘉","pay_tool":["行動支付"]},{"index":24,"id":50099118,"category":["糕餅"],"city":"彰化縣","area":"彰化市","market_name":["西點麵包零售","糖果餅乾零售"],"market_address":"彰化縣彰化市南興里天祥路２１５巷２２號１樓","shop":"熊賀甲食品行","pay_list":["LINE Pay Money"],"zone":"中彰投","user":"黃柏瑋","pay_tool":["行動支付"]},{"index":25,"id":50099126,"category":["糕餅"],"city":"彰化縣","area":"彰化市","market_name":["飲料零售","糖果餅乾零售","手工藝品零售","其他未分類教育"],"market_address":"彰化縣彰化市南瑤里延平路５９６號１樓","shop":"桔出工作室","pay_list":["街口支付"],"zone":"中彰投","user":"黃智琳","pay_tool":["行動支付"]},{"index":26,"id":50099127,"category":["糕餅"],"city":"彰化縣","area":"彰化市","market_name":["未分類其他食品、飲料及菸草製品零售","糖果餅乾零售"],"market_address":"彰化縣彰化市南瑤里中正路２段６６６巷６７弄２６號１樓","shop":"至杉商行","pay_list":["台灣 PAY"],"zone":"中彰投","user":"謝菱芸","pay_tool":["行動支付"]},{"index":27,"id":50099139,"category":["糕餅"],"city":"彰化縣","area":"彰化市","market_name":["西點麵包零售","糖果餅乾零售"],"market_address":"彰化縣彰化市成功里０１９鄰民族路２１２號４樓","shop":"鑫點烘焙","pay_list":["台灣 PAY","LINE Pay Money"],"zone":"中彰投","user":"陳佩璇","pay_tool":["行動支付"]},{"index":28,"id":50111497,"category":["糕餅"],"city":"彰化縣","area":"彰化市","market_name":["其他烘焙炊蒸食品製造"],"market_address":"彰化縣彰化市下廍里自強路２２６號","shop":"新東京工作室","pay_list":["LINE Pay Money"],"zone":"中彰投","user":"李秀華","pay_tool":["行動支付"]},{"index":29,"id":50113325,"category":["糕餅","餐飲"],"city":"彰化縣","area":"彰化市","market_name":["西點麵包零售","冰果店、冷（熱）飲店"],"market_address":"彰化縣彰化市光南里旭光路２１７號","shop":"咪口小食手作","pay_list":["台灣 PAY","LINE Pay Money"],"zone":"中彰投","user":"陳慧兒","pay_tool":["行動支付"]}]