[{"index":1,"id":50002904,"category":["糕餅"],"city":"新竹市","area":"北區","market_name":["西點麵包零售"],"market_address":"新竹市北　區水田里北大路１５０號","shop":"艾立精緻蛋糕股份有限公司艾立公主分公司","pay_list":["台灣 PAY"],"zone":"桃竹苗","user":"鄭羽珊","pay_tool":["行動支付"]},{"index":2,"id":50004427,"category":["糕餅"],"city":"新竹市","area":"北區","market_name":["飲料零售","西點麵包零售"],"market_address":"新竹市北　區育英里四維路６０號１樓","shop":"提雅諾食品行","pay_list":["台灣 PAY"],"zone":"桃竹苗","user":"李致廷","pay_tool":["行動支付"]},{"index":3,"id":50004707,"category":["糕餅"],"city":"新竹市","area":"北區","market_name":["西點麵包零售","糖果餅乾零售"],"market_address":"新竹市北　區臺溪里中山路４５３號１樓","shop":"振富食品行","pay_list":["LINE Pay Money"],"zone":"桃竹苗","user":"蔡金燕","pay_tool":["行動支付"]},{"index":4,"id":50013023,"category":["糕餅"],"city":"新竹市","area":"北區","market_name":["其他烘焙炊蒸食品製造"],"market_address":"新竹市北　區西門里長安街３號１樓","shop":"西大發有限公司","pay_list":["台灣 PAY"],"zone":"桃竹苗","user":"邱朝維","pay_tool":["行動支付"]},{"index":5,"id":50014268,"category":["糕餅"],"city":"新竹市","area":"北區","market_name":["其他糖果製造","國產菸酒批發","罐頭批發","糕餅麵包製造"],"market_address":"新竹市北　區中山里１２鄰中山里北門街６號","shop":"新復珍商行有限公司","pay_list":["台灣 PAY","LINE Pay Money"],"zone":"桃竹苗","user":"吳紘一","pay_tool":["行動支付"]},{"index":6,"id":50056865,"category":["糕餅"],"city":"新竹市","area":"北區","market_name":["西點麵包零售"],"market_address":"新竹市北　區金華里光華一街６號１樓","shop":"馥田手感麵包房","pay_list":["一卡通","LINE Pay Money"],"zone":"桃竹苗","user":"戴聖哲","pay_tool":["電子票證","行動支付"]},{"index":7,"id":50066592,"category":["糕餅"],"city":"新竹市","area":"北區","market_name":["西點麵包零售"],"market_address":"新竹市北　區南勢里延平路一段４５３巷４號","shop":"睦凡工作室","pay_list":["台灣 PAY","街口支付"],"zone":"桃竹苗","user":"郝彭宏","pay_tool":["行動支付"]},{"index":8,"id":50077394,"category":["糕餅","餐飲"],"city":"新竹市","area":"北區","market_name":["西點麵包零售","冰果店、冷（熱）飲店"],"market_address":"新竹市北　區石坊里西門街９４號１樓","shop":"希福甜點咖啡店","pay_list":["台灣 PAY"],"zone":"桃竹苗","user":"黃堃智","pay_tool":["行動支付"]},{"index":9,"id":50104159,"category":["糕餅"],"city":"新竹市","area":"北區","market_name":["麵食品零售"],"market_address":"新竹市北　區金華里田美三街５１號１樓","shop":"錦華水餃店","pay_list":["街口支付"],"zone":"桃竹苗","user":"林建佑","pay_tool":["行動支付"]},{"index":10,"id":50104194,"category":["糕餅"],"city":"新竹市","area":"北區","market_name":["西點麵包零售"],"market_address":"新竹市北　區西雅里北新街１１３號","shop":"咕咕安鈷幸福烘焙坊","pay_list":["台灣 PAY","街口支付"],"zone":"桃竹苗","user":"周兼立","pay_tool":["行動支付"]},{"index":11,"id":50106500,"category":["糕餅","餐飲"],"city":"新竹市","area":"北區","market_name":["西點麵包零售","冰果店、冷（熱）飲店"],"market_address":"新竹市北　區潛園里和福街１８號一樓","shop":"義峯烘焙","pay_list":["台灣 PAY"],"zone":"桃竹苗","user":"鄭郁芬","pay_tool":["行動支付"]},{"index":12,"id":50116930,"category":["糕餅"],"city":"新竹市","area":"北區","market_name":["西點麵包零售"],"market_address":"新竹市北　區潛園里西大路４６７號一樓","shop":"那家企業社","pay_list":["街口支付","LINE Pay Money"],"zone":"桃竹苗","user":"莊孫綺","pay_tool":["行動支付"]}]