[{"index":1,"id":20059528,"category":["糕餅"],"city":"屏東縣","area":"潮州鎮","market_name":["飲料零售","糖果餅乾零售"],"market_address":"屏東縣潮州鎮永春里中洲路２６２號","shop":"信昌食品行","pay_list":["一卡通","LINE Pay Money"],"zone":"高屏","user":"黃秀鳳","pay_tool":["行動支付","電子票證"]},{"index":2,"id":50002462,"category":["糕餅"],"city":"屏東縣","area":"潮州鎮","market_name":["飲料零售","西點麵包零售","糖果餅乾零售"],"market_address":"屏東縣潮州鎮新生里中山路１３０號","shop":"歐維斯有限公司潮州分公司","pay_list":["一卡通"],"zone":"高屏","user":"任于祥","pay_tool":["電子票證"]},{"index":3,"id":50005141,"category":["糕餅","餐飲"],"city":"屏東縣","area":"潮州鎮","market_name":["西點麵包零售","冰果店、冷（熱）飲店","咖啡館"],"market_address":"屏東縣潮州鎮三和里延平路２０１號","shop":"蕾貝卡咖啡蛋糕店","pay_list":["LINE Pay Money"],"zone":"高屏","user":"黃秀惠","pay_tool":["行動支付"]},{"index":4,"id":50015649,"category":["糕餅"],"city":"屏東縣","area":"潮州鎮","market_name":["一般麵條、粉條製造","麵食品批發","麵食品零售"],"market_address":"屏東縣潮州鎮三星里三星路４５―２號","shop":"隆興製麵有限公司","pay_list":["台灣 PAY"],"zone":"高屏","user":"李貞瑩","pay_tool":["行動支付"]},{"index":5,"id":50109840,"category":["糕餅","餐飲"],"city":"屏東縣","area":"潮州鎮","market_name":["西點麵包零售","冰果店、冷（熱）飲店"],"market_address":"屏東縣潮州鎮新榮里中山路１５５號１樓","shop":"賀齋商行","pay_list":["台灣 PAY","LINE Pay Money"],"zone":"高屏","user":"郭肜肜","pay_tool":["行動支付"]},{"index":6,"id":50122884,"category":["糕餅"],"city":"屏東縣","area":"潮州鎮","market_name":["西點麵包零售","糖果餅乾零售"],"market_address":"屏東縣潮州鎮光華里中山路４４號","shop":"利昌食品行","pay_list":["LINE Pay Money"],"zone":"高屏","user":"許賢旭","pay_tool":["行動支付"]},{"index":7,"id":50124704,"category":["糕餅","餐飲"],"city":"屏東縣","area":"潮州鎮","market_name":["麵店、小吃店","茶葉零售","經營網路購物","糖果餅乾零售"],"market_address":"屏東縣潮州鎮新榮里育英路７０號","shop":"世紀商行","pay_list":["台灣 PAY"],"zone":"高屏","user":"紀建德","pay_tool":["行動支付"]}]