[{"index":1,"id":50000704,"category":["糕餅"],"city":"宜蘭縣","area":"蘇澳鎮","market_name":["西點麵包零售"],"market_address":"宜蘭縣蘇澳鎮隘丁里海山西路３６９號","shop":"宜蘭餅食品有限公司發明館營業所","pay_list":["台灣 PAY"],"zone":"宜蘭","user":"劉鐙徽","pay_tool":["行動支付"]},{"index":2,"id":50010295,"category":["糕餅"],"city":"宜蘭縣","area":"蘇澳鎮","market_name":["未分類其他食品、飲料及菸草製品零售","糕餅麵包製造"],"market_address":"宜蘭縣蘇澳鎮蘇北里中原路１０巷３５號","shop":"台灣鄉親食品有限公司","pay_list":["台灣 PAY"],"zone":"宜蘭","user":"張志偉","pay_tool":["行動支付"]},{"index":3,"id":50015925,"category":["糕餅"],"city":"宜蘭縣","area":"蘇澳鎮","market_name":["其他糖果製造","糕餅麵包製造","經營網路購物"],"market_address":"宜蘭縣蘇澳鎮隘丁里祥和路１９９號","shop":"悅旺食品有限公司","pay_list":["台灣 PAY"],"zone":"宜蘭","user":"吳永茂","pay_tool":["行動支付"]},{"index":4,"id":50123818,"category":["糕餅"],"city":"宜蘭縣","area":"蘇澳鎮","market_name":["珠寶零售","罐頭食品零售","糖果餅乾零售"],"market_address":"宜蘭縣蘇澳鎮漁港路９６號","shop":"德泰食品行","pay_list":["台灣 PAY"],"zone":"宜蘭","user":"張文賢","pay_tool":["行動支付"]}]