[{"index":1,"id":50005947,"category":["糕餅","餐飲"],"city":"新北市","area":"土城區","market_name":["未分類其他食品、飲料及菸草製品零售","飲料零售","西點麵包零售","冰果店、冷（熱）飲店"],"market_address":"新北市土城區員仁里中央路２段３８６號１樓","shop":"森沐商行","pay_list":["台灣 PAY","LINE Pay Money"],"zone":"北北基","user":"於靜慈","pay_tool":["行動支付"]},{"index":2,"id":50010417,"category":["糕餅"],"city":"新北市","area":"土城區","market_name":["糕餅麵包製造"],"market_address":"新北市土城區承天路８巷１９號","shop":"禮莊食品企業有限公司","pay_list":["台灣 PAY"],"zone":"北北基","user":"劉俊謙","pay_tool":["行動支付"]},{"index":3,"id":50018804,"category":["糕餅"],"city":"新北市","area":"土城區","market_name":["其他烘焙炊蒸食品製造"],"market_address":"新北市土城區安和里金城路三段８３號","shop":"成樂有限公司","pay_list":["LINE Pay Money"],"zone":"北北基","user":"姜筱涵","pay_tool":["行動支付"]},{"index":4,"id":50019197,"category":["糕餅"],"city":"新北市","area":"土城區","market_name":["其他烘焙炊蒸食品製造","麵食品批發"],"market_address":"新北市土城區承天路７１巷４弄３號及５號１樓","shop":"亞美食品有限公司","pay_list":["台灣 PAY"],"zone":"北北基","user":"陳瑞慶","pay_tool":["行動支付"]},{"index":5,"id":50021655,"category":["糕餅"],"city":"新北市","area":"土城區","market_name":["水泥及混凝土製品製造","未分類其他食品批發","經營網路購物","西點麵包批發"],"market_address":"新北市土城區永寧路３２巷１１號１樓","shop":"保景企業有限公司","pay_list":["LINE Pay Money"],"zone":"北北基","user":"鄧鈺翰","pay_tool":["行動支付"]},{"index":6,"id":50029833,"category":["糕餅"],"city":"新北市","area":"土城區","market_name":["其他糖果製造","糖果餅乾批發"],"market_address":"新北市土城區國際路５５號","shop":"三叔公食品股份有限公司","pay_list":["台灣 PAY","一卡通","LINE Pay Money"],"zone":"北北基","user":"陳美姚","pay_tool":["電子票證","行動支付"]},{"index":7,"id":50030262,"category":["糕餅","餐飲"],"city":"新北市","area":"土城區","market_name":["其他烘焙炊蒸食品製造","餐館、餐廳"],"market_address":"新北市土城區員仁里亞洲路２０號（２樓、３樓）","shop":"鮮鼎餐飲股份有限公司","pay_list":["街口支付","LINE Pay Money"],"zone":"北北基","user":"温耀輝","pay_tool":["行動支付"]},{"index":8,"id":50063780,"category":["糕餅"],"city":"新北市","area":"土城區","market_name":["西點麵包零售"],"market_address":"新北市土城區中正里裕民路１８５巷３２號１樓","shop":"京采蠻頭包子店","pay_list":["台灣 PAY"],"zone":"北北基","user":"徐郁宣","pay_tool":["行動支付"]},{"index":9,"id":50078129,"category":["糕餅"],"city":"新北市","area":"土城區","market_name":["飲料零售","西點麵包零售"],"market_address":"新北市土城區土城里慶安街４１號１樓","shop":"盈承圓實工作室","pay_list":["LINE Pay Money"],"zone":"北北基","user":"魏婉如","pay_tool":["行動支付"]},{"index":10,"id":50080169,"category":["糕餅"],"city":"新北市","area":"土城區","market_name":["未分類其他食品、飲料及菸草製品零售","西點麵包零售","糕餅麵包製造"],"market_address":"新北市土城區延吉街２３４號","shop":"格麥蛋糕麵包店","pay_list":["街口支付","LINE Pay Money"],"zone":"北北基","user":"張傳基","pay_tool":["行動支付"]},{"index":11,"id":50122083,"category":["糕餅"],"city":"新北市","area":"土城區","market_name":["稻米零售","糖果餅乾零售"],"market_address":"新北市土城區員福里福祥街７３號１樓","shop":"稻味本舖","pay_list":["台灣 PAY","一卡通","LINE Pay Money"],"zone":"北北基","user":"廖慧珠","pay_tool":["電子票證","行動支付"]}]