[{"index":1,"id":20033486,"category":["糕餅"],"city":"彰化縣","area":"北斗鎮","market_name":["西點麵包零售","其他烘焙炊蒸食品製造"],"market_address":"彰化縣北斗鎮西德里００４鄰四維路１３號","shop":"強哥坊","pay_list":["LINE Pay Money"],"zone":"中彰投","user":"陳靜柔","pay_tool":["行動支付"]},{"index":2,"id":20034437,"category":["糕餅"],"city":"彰化縣","area":"北斗鎮","market_name":["咖啡零售","糖果餅乾零售"],"market_address":"彰化縣北斗鎮光復里０１４鄰光復路３７８號","shop":"花田巷咖啡","pay_list":["LINE Pay Money"],"zone":"中彰投","user":"楊益昇","pay_tool":["行動支付"]},{"index":3,"id":50006191,"category":["糕餅"],"city":"彰化縣","area":"北斗鎮","market_name":["其他未分類食品製造","經營網路購物","其他烘焙炊蒸食品製造","糕餅麵包製造"],"market_address":"彰化縣北斗鎮西安里００８鄰斗苑路二段９８號","shop":"小熊菓子企業社","pay_list":["台灣 PAY"],"zone":"中彰投","user":"黃琮祐","pay_tool":["行動支付"]},{"index":4,"id":50013877,"category":["糕餅"],"city":"彰化縣","area":"北斗鎮","market_name":["麵食品零售","經營網路購物","糖果餅乾零售"],"market_address":"彰化縣北斗鎮中寮里０１４鄰斗苑路二段８１２號１樓","shop":"香菜先生有限公司","pay_list":["台灣 PAY"],"zone":"中彰投","user":"顏佑任","pay_tool":["行動支付"]},{"index":5,"id":50100567,"category":["糕餅"],"city":"彰化縣","area":"北斗鎮","market_name":["飲料零售","西點麵包零售","未分類其他全新商品零售"],"market_address":"彰化縣北斗鎮新政里００５鄰中華路１９３號一樓","shop":"榮瑩企業社","pay_list":["台灣 PAY","LINE Pay Money"],"zone":"中彰投","user":"薛金龍","pay_tool":["行動支付"]}]