[{"index":1,"id":50005486,"category":["糕餅"],"city":"南投縣","area":"鹿谷鄉","market_name":["飲料零售","西點麵包零售","糕餅麵包製造"],"market_address":"南投縣鹿谷鄉內湖村興產路２－３號","shop":"久保田烘焙坊","pay_list":["台灣 PAY","LINE Pay Money","街口支付"],"zone":"中彰投","user":"劉採霞","pay_tool":["行動支付"]},{"index":2,"id":50030352,"category":["糕餅","餐飲"],"city":"南投縣","area":"鹿谷鄉","market_name":["其他烘焙炊蒸食品製造","餐館、餐廳","糖果餅乾零售"],"market_address":"南投縣鹿谷鄉內湖村興產路２―２號","shop":"松林町股份有限公司","pay_list":["台灣 PAY","LINE Pay Money","街口支付"],"zone":"中彰投","user":"林淇園","pay_tool":["行動支付"]}]