[{"index":1,"id":50018692,"category":["糕餅"],"city":"新北市","area":"泰山區","market_name":["其他管理顧問服務","未分類其他個人服務","其他人力仲介","糖果餅乾零售"],"market_address":"新北市泰山區楓樹里明志路１段２４－３號２樓","shop":"激安總殿有限公司","pay_list":["台灣 PAY"],"zone":"北北基","user":"洪祝儀","pay_tool":["行動支付"]},{"index":2,"id":50114852,"category":["糕餅"],"city":"新北市","area":"泰山區","market_name":["未分類其他食品、飲料及菸草製品零售","西點麵包零售"],"market_address":"新北市泰山區山腳里明志路１段２８０號","shop":"雙鴻烘焙坊","pay_list":["台灣 PAY","LINE Pay Money","街口支付"],"zone":"北北基","user":"林哲謙","pay_tool":["行動支付"]}]