[{"index":1,"id":50005257,"category":["糕餅","餐飲"],"city":"嘉義縣","area":"朴子市","market_name":["西點麵包零售","冰果店、冷（熱）飲店","咖啡館"],"market_address":"嘉義縣朴子市竹圍里大同路１６９號１．２樓","shop":"立安商行","pay_list":["LINE Pay Money"],"zone":"雲嘉南","user":"陳政安","pay_tool":["行動支付"]},{"index":2,"id":50053509,"category":["糕餅"],"city":"嘉義縣","area":"朴子市","market_name":["香皂、沐浴乳、洗面皂零售","其他家飾品零售","咖啡零售","糖果餅乾零售"],"market_address":"嘉義縣朴子市大鄉里大槺榔９５６、９５８號","shop":"八野爺商行","pay_list":["LINE Pay Money"],"zone":"雲嘉南","user":"吳品諭","pay_tool":["行動支付"]},{"index":3,"id":50093499,"category":["糕餅"],"city":"嘉義縣","area":"朴子市","market_name":["西點麵包零售"],"market_address":"嘉義縣朴子市文化里海通路７０―１號","shop":"和久田烘焙坊","pay_list":["LINE Pay Money"],"zone":"雲嘉南","user":"李怡欣","pay_tool":["行動支付"]},{"index":4,"id":50095665,"category":["糕餅"],"city":"嘉義縣","area":"朴子市","market_name":["飲料零售","未分類其他個人服務","糖果餅乾零售"],"market_address":"嘉義縣朴子市安福里山通路１２號","shop":"動物好朋友工作坊","pay_list":["LINE Pay Money"],"zone":"雲嘉南","user":"劉彥均","pay_tool":["行動支付"]},{"index":5,"id":50110136,"category":["糕餅"],"city":"嘉義縣","area":"朴子市","market_name":["經營網路購物","糖果餅乾零售"],"market_address":"嘉義縣朴子市永和里０１４鄰應菜埔１０５號之１２","shop":"意特心手作烘焙","pay_list":["台灣 PAY"],"zone":"雲嘉南","user":"蔡仲偉","pay_tool":["行動支付"]}]