[{"index":1,"id":20045385,"category":["糕餅"],"city":"屏東縣","area":"屏東市","market_name":["食用油脂零售","糖果餅乾零售"],"market_address":"屏東縣屏東市興樂里１７鄰勝利路３號","shop":"吉興油行","pay_list":["LINE Pay Money"],"zone":"高屏","user":"黃淑慧","pay_tool":["行動支付"]},{"index":2,"id":20046647,"category":["糕餅"],"city":"屏東縣","area":"屏東市","market_name":["西點麵包零售","經營網路購物"],"market_address":"屏東縣屏東市瑞光里田中―橫巷３６號","shop":"夢想甜點工坊","pay_list":["歐付寶"],"zone":"高屏","user":"蔡一郎","pay_tool":["行動支付"]},{"index":3,"id":20052530,"category":["糕餅","餐飲"],"city":"屏東縣","area":"屏東市","market_name":["便當、自助餐店","麵食品零售"],"market_address":"屏東縣屏東市溝美里仁愛路７７―１４號","shop":"旭之坊","pay_list":["LINE Pay Money"],"zone":"高屏","user":"王忠倫","pay_tool":["行動支付"]},{"index":4,"id":20059486,"category":["糕餅"],"city":"屏東縣","area":"屏東市","market_name":["西點麵包零售"],"market_address":"屏東縣屏東市民權里忠孝路４６－１號","shop":"大宏味餅舖","pay_list":["街口支付"],"zone":"高屏","user":"陳怡任","pay_tool":["行動支付"]},{"index":5,"id":50005112,"category":["糕餅"],"city":"屏東縣","area":"屏東市","market_name":["西點麵包零售"],"market_address":"屏東縣屏東市平和里福建路１５－１號","shop":"多睿軒咖啡烘焙坊","pay_list":["LINE Pay Money"],"zone":"高屏","user":"簡湘怡","pay_tool":["行動支付"]},{"index":6,"id":50011090,"category":["糕餅","餐飲"],"city":"屏東縣","area":"屏東市","market_name":["西點麵包零售","冰果店、冷（熱）飲店","咖啡館"],"market_address":"屏東縣屏東市豐田里民學路１４８號１樓","shop":"瑪其朵餐飲有限公司","pay_list":["LINE Pay Money"],"zone":"高屏","user":"林明德","pay_tool":["行動支付"]},{"index":7,"id":50011404,"category":["糕餅","餐飲"],"city":"屏東縣","area":"屏東市","market_name":["咖啡館","西點麵包零售","餐館、餐廳","冰果店、冷（熱）飲店"],"market_address":"屏東縣屏東市豐榮里民享一路１６１號１樓","shop":"榮渼餐飲有限公司","pay_list":["台灣 PAY"],"zone":"高屏","user":"方文章","pay_tool":["行動支付"]},{"index":8,"id":50011431,"category":["糕餅","餐飲"],"city":"屏東縣","area":"屏東市","market_name":["飲料零售","西點麵包零售","餐館、餐廳","咖啡館"],"market_address":"屏東縣屏東市泰安里信義路１１２號","shop":"晉寬咖啡有限公司","pay_list":["台灣 PAY"],"zone":"高屏","user":"林啓光","pay_tool":["行動支付"]},{"index":9,"id":50015719,"category":["糕餅"],"city":"屏東縣","area":"屏東市","market_name":["其他烘焙炊蒸食品製造"],"market_address":"屏東縣屏東市仁愛里中正路３５８號","shop":"金弘軒有限公司","pay_list":["LINE Pay Money"],"zone":"高屏","user":"伍瑞興","pay_tool":["行動支付"]},{"index":10,"id":50015720,"category":["糕餅","餐飲"],"city":"屏東縣","area":"屏東市","market_name":["西點麵包零售","冰果店、冷（熱）飲店","咖啡館"],"market_address":"屏東縣屏東市仁愛里中正路３６０號","shop":"合泰豐有限公司","pay_list":["LINE Pay Money"],"zone":"高屏","user":"吳曉綺","pay_tool":["行動支付"]},{"index":11,"id":50017963,"category":["糕餅","餐飲"],"city":"屏東縣","area":"屏東市","market_name":["飲料零售","西點麵包零售","麵店、小吃店","咖啡零售"],"market_address":"屏東縣屏東市勝利里清營巷６號","shop":"比安提實業有限公司","pay_list":["台灣 PAY","一卡通","LINE Pay Money","街口支付"],"zone":"高屏","user":"陳韋中","pay_tool":["電子票證","行動支付"]},{"index":12,"id":50019496,"category":["糕餅"],"city":"屏東縣","area":"屏東市","market_name":["西點麵包零售","未分類其他食品批發"],"market_address":"屏東縣屏東市太平里中正路１８１―２號","shop":"馬可先生第十股份有限公司屏東門市部","pay_list":["台灣 PAY","一卡通","LINE Pay Money","街口支付"],"zone":"高屏","user":"陳明苓","pay_tool":["電子票證","行動支付"]},{"index":13,"id":50022360,"category":["糕餅"],"city":"屏東縣","area":"屏東市","market_name":["飲料零售","西點麵包零售","糕餅麵包製造"],"market_address":"屏東縣屏東市必信里民族路３６３號","shop":"歐維斯有限公司","pay_list":["一卡通","愛金卡"],"zone":"高屏","user":"任于祥","pay_tool":["電子票證"]},{"index":14,"id":50022914,"category":["糕餅"],"city":"屏東縣","area":"屏東市","market_name":["蔬菜零售","麵食品零售","經營網路購物"],"market_address":"屏東縣屏東市北興里廣東路７４４巷６８號一樓","shop":"勒米躍有限公司","pay_list":["LINE Pay Money"],"zone":"高屏","user":"林伊蘭","pay_tool":["行動支付"]},{"index":15,"id":50023199,"category":["糕餅"],"city":"屏東縣","area":"屏東市","market_name":["西點麵包零售","糕餅麵包製造"],"market_address":"屏東縣屏東市瑞光里民生東路１８號１樓","shop":"貫統食品有限公司","pay_list":["台灣 PAY"],"zone":"高屏","user":"陳麒永","pay_tool":["行動支付"]},{"index":16,"id":50027632,"category":["糕餅"],"city":"屏東縣","area":"屏東市","market_name":["未分類其他食品、飲料及菸草製品零售","西點麵包零售","糕餅麵包製造","冰品零售"],"market_address":"屏東縣屏東市橋南里工業二路１２號","shop":"大中華生技食品股份有限公司","pay_list":["台灣 PAY"],"zone":"高屏","user":"梁國城","pay_tool":["行動支付"]},{"index":17,"id":50032867,"category":["糕餅"],"city":"屏東縣","area":"屏東市","market_name":["糖果餅乾零售"],"market_address":"屏東縣屏東市橋南里民生路１６９號","shop":"新順成商號","pay_list":["台灣 PAY"],"zone":"高屏","user":"陳勃志","pay_tool":["行動支付"]},{"index":18,"id":50034972,"category":["糕餅","餐飲"],"city":"屏東縣","area":"屏東市","market_name":["西點麵包零售","冰果店、冷（熱）飲店","咖啡館"],"market_address":"屏東縣屏東市瑞光里９鄰民生路２－５７號","shop":"和芳企業行","pay_list":["台灣 PAY","LINE Pay Money","街口支付"],"zone":"高屏","user":"楊展明","pay_tool":["行動支付"]},{"index":19,"id":50036653,"category":["糕餅"],"city":"屏東縣","area":"屏東市","market_name":["糖果餅乾零售"],"market_address":"屏東縣屏東市崇蘭里崇明一街１５巷８號１樓","shop":"利辰企業社","pay_list":["台灣 PAY"],"zone":"高屏","user":"鄭瓊敏","pay_tool":["行動支付"]},{"index":20,"id":50037913,"category":["糕餅"],"city":"屏東縣","area":"屏東市","market_name":["未分類其他食品、飲料及菸草製品零售","飲料零售","未分類其他綜合商品零售","糖果餅乾零售"],"market_address":"屏東縣屏東市豐榮里林森路３８號","shop":"乘福齋","pay_list":["一卡通","LINE Pay Money"],"zone":"高屏","user":"李昭偉","pay_tool":["電子票證","行動支付"]},{"index":21,"id":50053619,"category":["糕餅"],"city":"屏東縣","area":"屏東市","market_name":["西點麵包零售","糖果餅乾零售"],"market_address":"屏東縣屏東市大武里永大路１０６號１樓","shop":"艾帕瓦美食烘焙坊","pay_list":["一卡通","LINE Pay Money"],"zone":"高屏","user":"鄭文政","pay_tool":["電子票證","行動支付"]},{"index":22,"id":50054050,"category":["糕餅"],"city":"屏東縣","area":"屏東市","market_name":["糖果餅乾零售"],"market_address":"屏東縣屏東市北勢里自由路４５８號１樓","shop":"匯勤食品行","pay_list":["台灣 PAY"],"zone":"高屏","user":"柯慧群","pay_tool":["行動支付"]},{"index":23,"id":50054780,"category":["糕餅"],"city":"屏東縣","area":"屏東市","market_name":["香皂、沐浴乳、洗面皂零售","洗髮精、潤髮精零售","糖果餅乾零售"],"market_address":"屏東縣屏東市北勢里中正路３８３―２號１樓","shop":"糖果假期鋪","pay_list":["LINE Pay Money"],"zone":"高屏","user":"魏銘寬","pay_tool":["行動支付"]},{"index":24,"id":50055550,"category":["糕餅"],"city":"屏東縣","area":"屏東市","market_name":["肉鬆、肉乾、火腿、臘味零售","餐盒零售","西點麵包零售","糖果餅乾零售"],"market_address":"屏東縣屏東市長春里民生路１２６號","shop":"江師傅食品舖子","pay_list":["台灣 PAY","LINE Pay Money"],"zone":"高屏","user":"江幸子","pay_tool":["行動支付"]},{"index":25,"id":50061859,"category":["糕餅"],"city":"屏東縣","area":"屏東市","market_name":["水果零售","糖果餅乾零售"],"market_address":"屏東縣屏東市民權里忠孝路７０號１樓","shop":"富昱企業社","pay_list":["LINE Pay Money"],"zone":"高屏","user":"范美貴","pay_tool":["行動支付"]},{"index":26,"id":50074784,"category":["糕餅","餐飲"],"city":"屏東縣","area":"屏東市","market_name":["西點麵包零售","餐館、餐廳","咖啡零售","冰品零售"],"market_address":"屏東縣屏東市大連里大連路１１巷３弄２０８號２樓","shop":"心邦國際企業","pay_list":["LINE Pay Money"],"zone":"高屏","user":"歸維邦","pay_tool":["行動支付"]},{"index":27,"id":50074884,"category":["糕餅","餐飲"],"city":"屏東縣","area":"屏東市","market_name":["餐食攤販","餐盒零售","豆類、麥類及其他雜糧零售","麵食品零售"],"market_address":"屏東縣屏東市必信里北極街３４號１樓","shop":"金蘭商行","pay_list":["街口支付"],"zone":"高屏","user":"黃榆庭","pay_tool":["行動支付"]},{"index":28,"id":50093567,"category":["糕餅"],"city":"屏東縣","area":"屏東市","market_name":["飲料零售","西點麵包零售"],"market_address":"屏東縣屏東市豐源里公園東路６２號","shop":"俐落美式餐飲","pay_list":["街口支付"],"zone":"高屏","user":"譚宇宸","pay_tool":["行動支付"]},{"index":29,"id":50093590,"category":["糕餅"],"city":"屏東縣","area":"屏東市","market_name":["西點麵包零售"],"market_address":"屏東縣屏東市豐榮里公園東路１１６―１號","shop":"宥菓手作烘焙坊","pay_list":["一卡通","LINE Pay Money"],"zone":"高屏","user":"陳偲怡","pay_tool":["電子票證","行動支付"]},{"index":30,"id":50095473,"category":["糕餅"],"city":"屏東縣","area":"屏東市","market_name":["調味料（辛、香料除外）批發","辛料、香料批發","麵食品批發","未分類其他食品批發"],"market_address":"屏東縣屏東市仁愛里自由路４０５巷２０號","shop":"八九八企業社","pay_list":["LINE Pay Money"],"zone":"高屏","user":"孔文賓","pay_tool":["行動支付"]},{"index":31,"id":50095491,"category":["糕餅"],"city":"屏東縣","area":"屏東市","market_name":["西點麵包零售"],"market_address":"屏東縣屏東市崇蘭里廣東路１４１６號","shop":"覓菓烘培","pay_list":["台灣 PAY"],"zone":"高屏","user":"任虹宜","pay_tool":["行動支付"]},{"index":32,"id":50095543,"category":["糕餅"],"city":"屏東縣","area":"屏東市","market_name":["西點麵包零售"],"market_address":"屏東縣屏東市大同里民族路４０號","shop":"民族蛋糕店","pay_list":["台灣 PAY"],"zone":"高屏","user":"施孟佐","pay_tool":["行動支付"]},{"index":33,"id":50095545,"category":["糕餅"],"city":"屏東縣","area":"屏東市","market_name":["飲料零售","不動產租賃","糖果餅乾零售"],"market_address":"屏東縣屏東市太平里新發巷８號１樓","shop":"慶瑜商行","pay_list":["街口支付"],"zone":"高屏","user":"柯盈瑜","pay_tool":["行動支付"]},{"index":34,"id":50109700,"category":["糕餅"],"city":"屏東縣","area":"屏東市","market_name":["西點麵包零售"],"market_address":"屏東縣屏東市民權里信義路７７―２號","shop":"豆比商行","pay_list":["LINE Pay Money"],"zone":"高屏","user":"許榮哲","pay_tool":["行動支付"]},{"index":35,"id":50111248,"category":["糕餅","餐飲"],"city":"屏東縣","area":"屏東市","market_name":["西點麵包零售","冰果店、冷（熱）飲店"],"market_address":"屏東縣屏東市崇蘭里崇朝路１８３號","shop":"日高手作烘培","pay_list":["LINE Pay Money"],"zone":"高屏","user":"洪敏發","pay_tool":["行動支付"]},{"index":36,"id":50121575,"category":["糕餅"],"city":"屏東縣","area":"屏東市","market_name":["其他運動用品及器材零售","糖果餅乾零售"],"market_address":"屏東縣屏東市斯文里忠孝路１４６―１號１樓","shop":"金氏體育用品社","pay_list":["LINE Pay Money"],"zone":"高屏","user":"金瑞奇","pay_tool":["行動支付"]},{"index":37,"id":50121580,"category":["糕餅"],"city":"屏東縣","area":"屏東市","market_name":["飲料零售","糕餅麵包製造","糖果餅乾零售"],"market_address":"屏東縣屏東市平和里中華路１０號","shop":"不二家西點麵包城","pay_list":["一卡通","愛金卡"],"zone":"高屏","user":"任于祥","pay_tool":["電子票證"]}]