[{"index":1,"id":20045488,"category":["糕餅"],"city":"新北市","area":"蘆洲區","market_name":["糖果餅乾零售"],"market_address":"新北市蘆洲區保和里三民路９６號","shop":"有限責任台北縣立三民國民中學員生消費合作社","pay_list":["LINE Pay Money"],"zone":"北北基","user":"許哲岳","pay_tool":["行動支付"]},{"index":2,"id":50011215,"category":["糕餅"],"city":"新北市","area":"蘆洲區","market_name":["其他糖果製造","西點麵包零售","其他烘焙炊蒸食品製造","未分類其他食品批發"],"market_address":"新北市蘆洲區中原里長興路５０巷４１號（１樓）","shop":"貝軒烘焙食品有限公司","pay_list":["台灣 PAY"],"zone":"北北基","user":"葉育廷","pay_tool":["行動支付"]},{"index":3,"id":50014290,"category":["糕餅"],"city":"新北市","area":"蘆洲區","market_name":["其他烘焙炊蒸食品製造"],"market_address":"新北市蘆洲區水河里０１７鄰仁愛街５２號３樓","shop":"御鮮食品有限公司","pay_list":["LINE Pay Money","愛金卡"],"zone":"北北基","user":"陳嘉宏","pay_tool":["電子票證","行動支付"]},{"index":4,"id":50015050,"category":["糕餅"],"city":"新北市","area":"蘆洲區","market_name":["西點麵包零售","經營網路購物"],"market_address":"新北市蘆洲區正義里中正路３５５號","shop":"淇慕芙有限公司","pay_list":["街口支付","LINE Pay Money"],"zone":"北北基","user":"劉偉凡","pay_tool":["行動支付"]},{"index":5,"id":50022217,"category":["糕餅"],"city":"新北市","area":"蘆洲區","market_name":["國產菸酒批發","糕餅麵包製造"],"market_address":"新北市蘆洲區中山二路１９４號１樓","shop":"中山龍鳳堂食品有限公司","pay_list":["台灣 PAY","LINE Pay Money","街口支付"],"zone":"北北基","user":"李順源","pay_tool":["行動支付"]},{"index":6,"id":50026115,"category":["糕餅"],"city":"新北市","area":"蘆洲區","market_name":["非酒精飲料批發","其他烘焙炊蒸食品製造"],"market_address":"新北市蘆洲區延平里長安街６９號","shop":"本家股份有限公司長安店","pay_list":["LINE Pay Money"],"zone":"北北基","user":"邱仕峯","pay_tool":["行動支付"]},{"index":7,"id":50026730,"category":["糕餅"],"city":"新北市","area":"蘆洲區","market_name":["未分類其他食品、飲料及菸草製品零售","西點麵包零售"],"market_address":"新北市蘆洲區正義里長榮路３８７號","shop":"馬可先生食品企業股份有限公司蘆洲門市部","pay_list":["台灣 PAY","LINE Pay Money","街口支付"],"zone":"北北基","user":"陳禹盛","pay_tool":["行動支付"]},{"index":8,"id":50026906,"category":["糕餅"],"city":"新北市","area":"蘆洲區","market_name":["未分類其他食品、飲料及菸草製品零售","其他烘焙炊蒸食品製造","未分類其他食品批發"],"market_address":"新北市蘆洲區得仁里國道路２段１巷５２號４樓","shop":"福潤食品股份有限公司","pay_list":["台灣 PAY","一卡通","LINE Pay Money"],"zone":"北北基","user":"張霄芸","pay_tool":["電子票證","行動支付"]},{"index":9,"id":50033149,"category":["糕餅"],"city":"新北市","area":"蘆洲區","market_name":["西點麵包零售"],"market_address":"新北市蘆洲區永德里長安街２４３號","shop":"順華誠西點麵包坊","pay_list":["台灣 PAY"],"zone":"北北基","user":"陳建麟","pay_tool":["行動支付"]},{"index":10,"id":50051894,"category":["糕餅","餐飲"],"city":"新北市","area":"蘆洲區","market_name":["飲料零售","西點麵包零售","麵店、小吃店","咖啡館"],"market_address":"新北市蘆洲區正義里長樂路１４６號","shop":"樂米咖啡屋","pay_list":["街口支付","LINE Pay Money"],"zone":"北北基","user":"簡湘羚","pay_tool":["行動支付"]},{"index":11,"id":50053669,"category":["糕餅"],"city":"新北市","area":"蘆洲區","market_name":["西點麵包零售","其他烘焙炊蒸食品製造"],"market_address":"新北市蘆洲區中正路４９號","shop":"龍鳳堂","pay_list":["台灣 PAY","LINE Pay Money"],"zone":"北北基","user":"李英傑","pay_tool":["行動支付"]},{"index":12,"id":50065674,"category":["糕餅"],"city":"新北市","area":"蘆洲區","market_name":["未分類其他食品、飲料及菸草製品零售","國產菸酒批發","綜合商品批發","糖果餅乾零售"],"market_address":"新北市蘆洲區正義里長興路１４０號","shop":"源君商行","pay_list":["台灣 PAY"],"zone":"北北基","user":"葉玫君","pay_tool":["行動支付"]},{"index":13,"id":50065749,"category":["糕餅"],"city":"新北市","area":"蘆洲區","market_name":["其他烘焙炊蒸食品製造","經營網路購物"],"market_address":"新北市蘆洲區得勝里中央路１０１號","shop":"名家一品店","pay_list":["一卡通","LINE Pay Money"],"zone":"北北基","user":"陳子渝","pay_tool":["電子票證","行動支付"]},{"index":14,"id":50105365,"category":["糕餅"],"city":"新北市","area":"蘆洲區","market_name":["西點麵包零售"],"market_address":"新北市蘆洲區正義里長樂路２０９號","shop":"幸福屋手作烘焙坊","pay_list":["台灣 PAY"],"zone":"北北基","user":"蔡仲威","pay_tool":["行動支付"]},{"index":15,"id":50105635,"category":["糕餅"],"city":"新北市","area":"蘆洲區","market_name":["未分類其他食品、飲料及菸草製品零售","西點麵包零售","其他烘焙炊蒸食品製造","未分類其他食品批發"],"market_address":"新北市蘆洲區仁復里中山二路４６巷１５號（１樓）","shop":"鑫鑫烘焙屋","pay_list":["LINE Pay Money"],"zone":"北北基","user":"丁韋傑","pay_tool":["行動支付"]},{"index":16,"id":50117084,"category":["糕餅"],"city":"新北市","area":"蘆洲區","market_name":["西點麵包零售"],"market_address":"新北市蘆洲區光華里光華路７０巷４號（１樓）","shop":"伴典烘焙食品行","pay_list":["街口支付"],"zone":"北北基","user":"陳明發","pay_tool":["行動支付"]},{"index":17,"id":50118059,"category":["糕餅"],"city":"新北市","area":"蘆洲區","market_name":["西點麵包零售"],"market_address":"新北市蘆洲區正義里長榮路４７２號","shop":"蒔秧小麥工作室","pay_list":["LINE Pay Money"],"zone":"北北基","user":"林廷聰","pay_tool":["行動支付"]}]