[{"index":1,"id":50085649,"category":["糕餅"],"city":"基隆市","area":"中山區","market_name":["西點麵包零售"],"market_address":"基隆市中山區西榮里西定路２１號","shop":"李爺爺食品行","pay_list":["台灣 PAY","街口支付"],"zone":"北北基","user":"李書豪","pay_tool":["行動支付"]},{"index":2,"id":50123860,"category":["糕餅"],"city":"基隆市","area":"中山區","market_name":["非酒精飲料批發","西點麵包批發"],"market_address":"基隆市中山區和慶里中和路１６８巷５弄３２號１樓","shop":"名商企業社","pay_list":["台灣 PAY"],"zone":"北北基","user":"余幸運","pay_tool":["行動支付"]}]