[{"index":1,"id":50015695,"category":["糕餅","餐飲"],"city":"新北市","area":"林口區","market_name":["其他烘焙炊蒸食品製造","餐館、餐廳"],"market_address":"新北市林口區仁愛里文化二路一段２３０巷２２弄６號及６號之１","shop":"宏羚食品有限公司","pay_list":["LINE Pay Money"],"zone":"北北基","user":"楊葒","pay_tool":["行動支付"]},{"index":2,"id":50016320,"category":["糕餅"],"city":"新北市","area":"林口區","market_name":["未分類其他食品、飲料及菸草製品零售","糕餅麵包製造","未分類其他食品批發"],"market_address":"新北市林口區湖南里信義路５３號","shop":"聚裕堂有限公司","pay_list":["台灣 PAY","街口支付"],"zone":"北北基","user":"陳麗穗","pay_tool":["行動支付"]},{"index":3,"id":50017082,"category":["糕餅","餐飲"],"city":"新北市","area":"林口區","market_name":["其他外燴及團膳承包","食用油脂批發","其他烘焙炊蒸食品製造","其他商品批發經紀"],"market_address":"新北市林口區湖南里四維路５６號","shop":"普蕾納精緻烘焙有限公司","pay_list":["台灣 PAY"],"zone":"北北基","user":"李庭萱","pay_tool":["行動支付"]},{"index":4,"id":50018833,"category":["糕餅"],"city":"新北市","area":"林口區","market_name":["未分類其他機械器具批發","糖果餅乾批發"],"market_address":"新北市林口區湖南里文化三路二段２７１號四樓","shop":"中裕實業有限公司","pay_list":["台灣 PAY"],"zone":"北北基","user":"沈佳樺","pay_tool":["行動支付"]},{"index":5,"id":50019089,"category":["糕餅"],"city":"新北市","area":"林口區","market_name":["保健食品批發","糖果餅乾批發"],"market_address":"新北市林口區南勢里民族路２０８號１樓","shop":"雪天嶺本舖有限公司","pay_list":["LINE Pay Money"],"zone":"北北基","user":"葉皓凱","pay_tool":["行動支付"]},{"index":6,"id":50026901,"category":["糕餅"],"city":"新北市","area":"林口區","market_name":["其他膳食及菜餚製造","魚類批發","其他烘焙炊蒸食品製造","農產品（家畜及家禽肉品）批發市場承銷"],"market_address":"新北市林口區粉寮路１段１０２號","shop":"西北食品工業股份有限公司","pay_list":["台灣 PAY"],"zone":"北北基","user":"陳麗檀","pay_tool":["行動支付"]},{"index":7,"id":50027983,"category":["糕餅"],"city":"新北市","area":"林口區","market_name":["膳食及菜餚罐頭製造","其他烘焙炊蒸食品製造"],"market_address":"新北市林口區東林里宏昌街８巷１號","shop":"晉欣食品股份有限公司","pay_list":["台灣 PAY"],"zone":"北北基","user":"謝朝鎮","pay_tool":["行動支付"]},{"index":8,"id":50029918,"category":["糕餅"],"city":"新北市","area":"林口區","market_name":["飲料零售","糖果餅乾批發","罐頭批發","其他商品批發經紀"],"market_address":"新北市林口區東林里粉寮路２段４５８之１２號","shop":"萬陽貿易股份有限公司","pay_list":["台灣 PAY"],"zone":"北北基","user":"黃渼茜","pay_tool":["行動支付"]},{"index":9,"id":50031898,"category":["糕餅"],"city":"新北市","area":"林口區","market_name":["西點麵包零售"],"market_address":"新北市林口區南勢里南勢街２３６號","shop":"米亞烘培坊","pay_list":["台灣 PAY"],"zone":"北北基","user":"陳志文","pay_tool":["行動支付"]},{"index":10,"id":50064089,"category":["糕餅","餐飲"],"city":"新北市","area":"林口區","market_name":["未分類其他食品、飲料及菸草製品零售","其他烘焙炊蒸食品製造","冰果店、冷（熱）飲店","醫療耗材零售"],"market_address":"新北市林口區西林里竹林路３５號","shop":"吉芳飲料店","pay_list":["台灣 PAY","LINE Pay Money","街口支付"],"zone":"北北基","user":"陳綉婷","pay_tool":["行動支付"]},{"index":11,"id":50105460,"category":["糕餅"],"city":"新北市","area":"林口區","market_name":["西點麵包零售"],"market_address":"新北市林口區湖南里四維路１３２之２號（１樓）","shop":"帕帕麵包坊","pay_list":["台灣 PAY"],"zone":"北北基","user":"邱苡晴","pay_tool":["行動支付"]}]